population,instance,n,dimension,rho_nominal,rho_measured,kurtosis,alpha,large_n
benchmark,TSP-line_noise-n10-g1000-1,10,2,,0.5958506443153637,2.733620020982739,1.8978619397668937,False
benchmark,TSP-line_noise-n10-g1000-2,10,2,,0.16348492112828622,2.032375678361105,1.8722026564506835,False
benchmark,TSP-line_noise-n10-g1000-3,10,2,,0.8562437802677133,1.6526682427965274,1.8358507802226016,False
benchmark,TSP-line_noise-n10-g1000-4,10,2,,0.6820146508226264,2.0322487862874397,1.8549266266272952,False
benchmark,TSP-line_noise-n10-g1000-5,10,2,,0.4948591686076527,1.8778558987424745,1.8809265416139875,False
benchmark,TSP-line_noise-n10-g10000-1,10,2,,0.18532309943396333,2.4333846505745735,1.9174825983892816,False
benchmark,TSP-line_noise-n10-g10000-2,10,2,,0.6186062317373761,1.8003990792203497,1.873216182489566,False
benchmark,TSP-line_noise-n10-g10000-3,10,2,,1.0226619582248768,1.8936092216793454,1.7567553008220498,False
benchmark,TSP-line_noise-n10-g10000-4,10,2,,0.5595372734571311,3.385231865103509,1.887091560074498,False
benchmark,TSP-line_noise-n10-g10000-5,10,2,,0.5674056224458925,1.4881154369004994,1.8912328301405072,False
benchmark,TSP-line_noise-n100-g1000-1,100,2,,7.451841542394293,2.0723762475449603,1.6561953428708225,False
benchmark,TSP-line_noise-n100-g1000-2,100,2,,9.38832888948867,2.279229165598432,1.725038477544474,False
benchmark,TSP-line_noise-n100-g1000-3,100,2,,3.6465785621982367,3.5151590581723915,1.4431406695730398,False
benchmark,TSP-line_noise-n100-g1000-4,100,2,,2.7623646927372913,3.284217023734479,1.5089913475453502,False
benchmark,TSP-line_noise-n100-g1000-5,100,2,,1.8948847968988882,3.7674690692896804,1.3124157001611396,False
benchmark,TSP-line_noise-n100-g10000-1,100,2,,7.5925360115747935,2.2408156330971467,1.643626508327859,False
benchmark,TSP-line_noise-n100-g10000-2,100,2,,4.861878952967957,2.250411407150756,1.6215966470757457,False
benchmark,TSP-line_noise-n100-g10000-3,100,2,,1.2631031314975865,2.8135056452310634,1.3770996007417733,False
benchmark,TSP-line_noise-n100-g10000-4,100,2,,6.171450597271589,2.317982469060721,1.619776165690615,False
benchmark,TSP-line_noise-n100-g10000-5,100,2,,8.215685136618543,2.6109065432696,1.7028183251740847,False
benchmark,TSP-line_noise-n1000-g1000-1,1000,2,,15.389255224574585,3.0042498016401975,1.1402625524329963,True
benchmark,TSP-line_noise-n1000-g1000-2,1000,2,,38.5717191823258,2.989191606441087,1.2229916392642934,True
benchmark,TSP-line_noise-n1000-g1000-3,1000,2,,70.56134394086912,1.8861679495316979,1.297736105903114,True
benchmark,TSP-line_noise-n1000-g1000-4,1000,2,,60.1184530583834,2.5536712992146673,1.2080898676756848,True
benchmark,TSP-line_noise-n1000-g1000-5,1000,2,,33.59525212371177,3.987788986633529,1.1807607465597882,True
benchmark,TSP-line_noise-n1000-g10000-1,1000,2,,65.83286334467408,1.8029520846918756,1.2967047362693338,True
benchmark,TSP-line_noise-n1000-g10000-2,1000,2,,85.30334030394438,2.1583886051159444,1.2921319115376635,True
benchmark,TSP-line_noise-n1000-g10000-3,1000,2,,96.41081500902871,1.8426902071234952,1.290273420975593,True
benchmark,TSP-line_noise-n1000-g10000-4,1000,2,,52.83798746410994,2.1175094221436046,1.2782015155609467,True
benchmark,TSP-line_noise-n1000-g10000-5,1000,2,,84.31698924525506,2.108077329897045,1.287501207738445,True
benchmark,TSP-line_noise-n20-g1000-1,20,2,,1.693913179834204,2.567928484758234,1.7870690181660334,False
benchmark,TSP-line_noise-n20-g1000-2,20,2,,1.3661127857870552,2.573247752437112,1.7498789716215537,False
benchmark,TSP-line_noise-n20-g1000-3,20,2,,1.651995123852566,1.6181916266137186,1.84971541929905,False
benchmark,TSP-line_noise-n20-g1000-4,20,2,,0.315318861571453,3.403651003068464,1.8122300694843645,False
benchmark,TSP-line_noise-n20-g1000-5,20,2,,1.209463004609114,2.885890279096985,1.811998198350337,False
benchmark,TSP-line_noise-n20-g10000-1,20,2,,1.225294570913787,2.3130464052025257,1.812605859571169,False
benchmark,TSP-line_noise-n20-g10000-2,20,2,,1.1625667287503396,1.8306269592471307,1.81171543481392,False
benchmark,TSP-line_noise-n20-g10000-3,20,2,,1.172967699051812,2.200904012446975,1.8246470432079205,False
benchmark,TSP-line_noise-n20-g10000-4,20,2,,1.3788465920542012,2.375709863349067,1.821315539220441,False
benchmark,TSP-line_noise-n20-g10000-5,20,2,,2.2791408605512125,1.915885801779728,1.7864813253834344,False
benchmark,TSP-line_noise-n200-g1000-1,200,2,,15.66909681170292,2.072126596811322,1.6393936676179135,True
benchmark,TSP-line_noise-n200-g1000-2,200,2,,4.86871878521204,3.926913867672961,1.2634713354658462,True
benchmark,TSP-line_noise-n200-g1000-3,200,2,,13.530512773926214,1.9813369974167347,1.5561670974243875,True
benchmark,TSP-line_noise-n200-g1000-4,200,2,,21.779047856761228,1.9355087210829645,1.621232513358957,True
benchmark,TSP-line_noise-n200-g1000-5,200,2,,14.124512912784082,2.1442006309308415,1.5258187409076092,True
benchmark,TSP-line_noise-n200-g10000-1,200,2,,16.913410482566597,2.2340753136021063,1.5080582326622594,True
benchmark,TSP-line_noise-n200-g10000-2,200,2,,3.947591707932806,3.050125272336013,1.216999568863608,True
benchmark,TSP-line_noise-n200-g10000-3,200,2,,9.6618666887704,2.6440180848289927,1.3899562936669714,True
benchmark,TSP-line_noise-n200-g10000-4,200,2,,13.667180428189548,2.0751815620288143,1.564849416423207,True
benchmark,TSP-line_noise-n200-g10000-5,200,2,,7.641263844460353,3.128209430797175,1.307120559602805,True
benchmark,TSP-line_noise-n30-g1000-1,30,2,,0.52030997212867,4.307955086341419,1.7549129961434131,False
benchmark,TSP-line_noise-n30-g1000-2,30,2,,1.9831610944926394,2.9436691783010795,1.753228519138648,False
benchmark,TSP-line_noise-n30-g1000-3,30,2,,1.2286395998955066,3.1355676288575314,1.7777378550865628,False
benchmark,TSP-line_noise-n30-g1000-4,30,2,,2.34847650144944,3.4805168980369428,1.7828688817304557,False
benchmark,TSP-line_noise-n30-g1000-5,30,2,,0.6066383145813299,2.5052603591214337,1.6774810176647734,False
benchmark,TSP-line_noise-n30-g10000-1,30,2,,2.4480363341428064,2.0948369451362354,1.8057526140049944,False
benchmark,TSP-line_noise-n30-g10000-2,30,2,,1.980947472679299,1.9486350062396764,1.796883203651264,False
benchmark,TSP-line_noise-n30-g10000-3,30,2,,2.2701484486934813,1.9218174031548867,1.838610031305031,False
benchmark,TSP-line_noise-n30-g10000-4,30,2,,1.2427245623497924,2.8129135509984358,1.7556349674449805,False
benchmark,TSP-line_noise-n30-g10000-5,30,2,,1.638159454300277,2.1557613514911544,1.8111376011638287,False
benchmark,TSP-line_noise-n300-g1000-1,300,2,,20.518465056969788,2.095976688209646,1.3414664389782591,True
benchmark,TSP-line_noise-n300-g1000-2,300,2,,11.9380967789439,2.643544763239607,1.294389790870803,True
benchmark,TSP-line_noise-n300-g1000-3,300,2,,21.814113789639045,1.8809584596158098,1.504386517372837,True
benchmark,TSP-line_noise-n300-g1000-4,300,2,,26.138624307691693,2.15243747596566,1.4476089912157228,True
benchmark,TSP-line_noise-n300-g1000-5,300,2,,27.807539630738273,2.064901818943319,1.5986998168459612,True
benchmark,TSP-line_noise-n300-g10000-1,300,2,,24.529109030128335,2.1827391290190716,1.5190192063861363,True
benchmark,TSP-line_noise-n300-g10000-2,300,2,,4.896934038273772,2.9660430184071926,1.2215336669993753,True
benchmark,TSP-line_noise-n300-g10000-3,300,2,,20.654585096968212,2.1375186565483837,1.4119945573644566,True
benchmark,TSP-line_noise-n300-g10000-4,300,2,,20.769047525684044,2.0607387984831553,1.5019194536144869,True
benchmark,TSP-line_noise-n300-g10000-5,300,2,,25.466274001042855,2.124318289328356,1.4691371458161235,True
benchmark,TSP-line_noise-n40-g1000-1,40,2,,2.6739992967883697,2.112115231049158,1.7564392143066323,False
benchmark,TSP-line_noise-n40-g1000-2,40,2,,3.2163927720624597,2.2362469589690437,1.728360168228198,False
benchmark,TSP-line_noise-n40-g1000-3,40,2,,0.8574071761155299,3.4472673348269267,1.555598518911779,False
benchmark,TSP-line_noise-n40-g1000-4,40,2,,3.110740675972898,1.8270161762263888,1.758601716629041,False
benchmark,TSP-line_noise-n40-g1000-5,40,2,,0.7320643106365534,2.7459031588056377,1.617790830055626,False
benchmark,TSP-line_noise-n40-g10000-1,40,2,,3.4408935139842263,2.200402374846812,1.7588325046815234,False
benchmark,TSP-line_noise-n40-g10000-2,40,2,,3.2190883929345295,2.0878455408255014,1.722535520149554,False
benchmark,TSP-line_noise-n40-g10000-3,40,2,,3.5465428390111247,2.33008741967142,1.762799989280553,False
benchmark,TSP-line_noise-n40-g10000-4,40,2,,2.7185852427012334,1.883027788810949,1.7313869569721505,False
benchmark,TSP-line_noise-n40-g10000-5,40,2,,1.8256561761112462,2.275315083008077,1.8180535732625411,False
benchmark,TSP-line_noise-n400-g1000-1,400,2,,34.20651050938221,2.11854516283738,1.4077496739330695,True
benchmark,TSP-line_noise-n400-g1000-2,400,2,,30.572349744897334,2.1570673479801026,1.4114779369854271,True
benchmark,TSP-line_noise-n400-g1000-3,400,2,,36.13694171802025,1.9756782305233724,1.382042421754634,True
benchmark,TSP-line_noise-n400-g1000-4,400,2,,32.843359281495985,2.198572174998448,1.34929929992247,True
benchmark,TSP-line_noise-n400-g1000-5,400,2,,25.059099987146567,2.036292532612029,1.3718531926548694,True
benchmark,TSP-line_noise-n400-g10000-1,400,2,,6.489312922185702,3.1273366974339893,1.1782060820885525,True
benchmark,TSP-line_noise-n400-g10000-2,400,2,,22.390847348824778,1.8737210138964857,1.3428603552085232,True
benchmark,TSP-line_noise-n400-g10000-3,400,2,,29.19140229713118,1.929218173743128,1.455286185913117,True
benchmark,TSP-line_noise-n400-g10000-4,400,2,,25.882035488658964,1.9512474791582828,1.315184483390769,True
benchmark,TSP-line_noise-n400-g10000-5,400,2,,24.006131238291918,2.0438461072640024,1.3915480653483785,True
benchmark,TSP-line_noise-n5-g1000-1,5,2,,0.048393790244465634,1.8399704847908638,1.995021042332085,False
benchmark,TSP-line_noise-n5-g1000-2,5,2,,0.17826529494788526,1.6655334465905793,1.9434781863262016,False
benchmark,TSP-line_noise-n5-g1000-3,5,2,,0.3964388923253689,2.2215855592453595,1.8762931559396432,False
benchmark,TSP-line_noise-n5-g1000-4,5,2,,0.2089595795774189,2.4062075229521547,1.9470642325285448,False
benchmark,TSP-line_noise-n5-g1000-5,5,2,,0.1653800853532912,1.5086263517359741,1.933760295377936,False
benchmark,TSP-line_noise-n5-g10000-1,5,2,,0.12705637196046304,2.368101942260932,1.9656387906983932,False
benchmark,TSP-line_noise-n5-g10000-2,5,2,,0.12075774512822322,2.4305803072074297,1.9845151164237385,False
benchmark,TSP-line_noise-n5-g10000-3,5,2,,0.3856828244968641,1.789143681161826,1.907316057982476,False
benchmark,TSP-line_noise-n5-g10000-4,5,2,,0.06564972275443881,1.739497599087486,1.9830633750765527,False
benchmark,TSP-line_noise-n5-g10000-5,5,2,,0.39304403771222274,2.296947178441995,1.870244781590872,False
benchmark,TSP-line_noise-n50-g1000-1,50,2,,4.628629605877478,1.7774462835448621,1.7672105582568798,False
benchmark,TSP-line_noise-n50-g1000-2,50,2,,3.7277077401799974,1.7497972169631733,1.7450355935682846,False
benchmark,TSP-line_noise-n50-g1000-3,50,2,,3.8749623682186507,2.039525080397931,1.7048847250049384,False
benchmark,TSP-line_noise-n50-g1000-4,50,2,,4.543577507916932,2.0401971361677864,1.7357520189154438,False
benchmark,TSP-line_noise-n50-g1000-5,50,2,,3.9001502741121534,2.7598759650318607,1.7372661903763376,False
benchmark,TSP-line_noise-n50-g10000-1,50,2,,4.05618422883294,3.2721159374064186,1.6786900173760864,False
benchmark,TSP-line_noise-n50-g10000-2,50,2,,0.9692381104326588,3.2570903346072146,1.5428328811809031,False
benchmark,TSP-line_noise-n50-g10000-3,50,2,,4.502980379742509,2.6492197133472244,1.7297706007740976,False
benchmark,TSP-line_noise-n50-g10000-4,50,2,,0.7033939473794933,2.2602882730739076,1.597525815003666,False
benchmark,TSP-line_noise-n50-g10000-5,50,2,,3.178363652457225,2.1074612831631403,1.6675127576966278,False
benchmark,TSP-line_noise-n500-g1000-1,500,2,,8.892741293605615,2.952179311115137,1.16806827755787,True
benchmark,TSP-line_noise-n500-g1000-2,500,2,,23.900543552179304,2.183893743006921,1.3028295221955168,True
benchmark,TSP-line_noise-n500-g1000-3,500,2,,45.42571236350743,2.1604961835805576,1.3943783055744592,True
benchmark,TSP-line_noise-n500-g1000-4,500,2,,31.866526064091037,2.4369422409746875,1.320654020338357,True
benchmark,TSP-line_noise-n500-g1000-5,500,2,,28.02297185114727,2.454276913842659,1.3253221519548224,True
benchmark,TSP-line_noise-n500-g10000-1,500,2,,33.73948229548373,2.2680777245593697,1.386857192379056,True
benchmark,TSP-line_noise-n500-g10000-2,500,2,,34.373652943791036,1.901102686028493,1.4311880117668572,True
benchmark,TSP-line_noise-n500-g10000-3,500,2,,20.09943484781997,2.770155707440595,1.2332549250472444,True
benchmark,TSP-line_noise-n500-g10000-4,500,2,,10.268066807618805,2.8956202863457774,1.2025970545384876,True
benchmark,TSP-line_noise-n500-g10000-5,500,2,,42.328762802352244,2.301665056190862,1.4601775435917634,True
benchmark,TSP-line_noise-n60-g1000-1,60,2,,2.8892881295542012,2.4732381088812287,1.6581953173784776,False
benchmark,TSP-line_noise-n60-g1000-2,60,2,,4.276913272008239,2.4333156841025545,1.7465606660152897,False
benchmark,TSP-line_noise-n60-g1000-3,60,2,,3.4630838733281175,3.408129240245726,1.6413656516150446,False
benchmark,TSP-line_noise-n60-g1000-4,60,2,,1.048498952837915,3.26758333723097,1.4217268500045577,False
benchmark,TSP-line_noise-n60-g1000-5,60,2,,3.819374517861983,1.955970940721625,1.6771872745922105,False
benchmark,TSP-line_noise-n60-g10000-1,60,2,,4.461962262859562,2.163249666728853,1.6985071866600956,False
benchmark,TSP-line_noise-n60-g10000-2,60,2,,3.616909674940558,2.009190705310554,1.7022751644855478,False
benchmark,TSP-line_noise-n60-g10000-3,60,2,,4.2658498806206655,2.0264696552283086,1.7231385272944886,False
benchmark,TSP-line_noise-n60-g10000-4,60,2,,1.3647362150565743,2.742995266659907,1.6700635084652753,False
benchmark,TSP-line_noise-n60-g10000-5,60,2,,1.3306237408306796,3.6908432417560406,1.3555913865071352,False
benchmark,TSP-line_noise-n600-g1000-1,600,2,,9.76177623385082,3.780135090630891,1.1795406970576687,True
benchmark,TSP-line_noise-n600-g1000-2,600,2,,25.371332251902114,2.4980563493191252,1.249326816806851,True
benchmark,TSP-line_noise-n600-g1000-3,600,2,,10.769268943713737,2.8358755174793875,1.1659873108141636,True
benchmark,TSP-line_noise-n600-g1000-4,600,2,,32.907189550323956,2.1266512931791173,1.298428412568763,True
benchmark,TSP-line_noise-n600-g1000-5,600,2,,26.0142421805467,2.6134928963073056,1.275151348210594,True
benchmark,TSP-line_noise-n600-g10000-1,600,2,,27.57710965464029,2.4498138783568546,1.2764126135722342,True
benchmark,TSP-line_noise-n600-g10000-2,600,2,,42.43607706621403,1.8597791694358432,1.3770132222499294,True
benchmark,TSP-line_noise-n600-g10000-3,600,2,,33.37175101959996,2.087695615982622,1.3252397098603017,True
benchmark,TSP-line_noise-n600-g10000-4,600,2,,12.48920431727362,2.8887901216706986,1.1975787407979173,True
benchmark,TSP-line_noise-n600-g10000-5,600,2,,48.00734315466542,2.254690703980594,1.314245285490929,True
benchmark,TSP-line_noise-n70-g1000-1,70,2,,6.1602718957022855,2.022949805627408,1.7062468215899218,False
benchmark,TSP-line_noise-n70-g1000-2,70,2,,4.8450162774450884,2.109053157329377,1.647231643606794,False
benchmark,TSP-line_noise-n70-g1000-3,70,2,,1.565866306693469,2.3914261348816908,1.3184642766402643,False
benchmark,TSP-line_noise-n70-g1000-4,70,2,,5.297858486752173,2.1850967994278707,1.7709778692074194,False
benchmark,TSP-line_noise-n70-g1000-5,70,2,,6.531365751541245,2.124224131981906,1.703886567399819,False
benchmark,TSP-line_noise-n70-g10000-1,70,2,,4.806089624800546,2.402150448010366,1.6961943952014902,False
benchmark,TSP-line_noise-n70-g10000-2,70,2,,2.312059630201758,2.488414025341827,1.55208425377698,False
benchmark,TSP-line_noise-n70-g10000-3,70,2,,1.123068111549781,2.4005704951301516,1.4064268183826532,False
benchmark,TSP-line_noise-n70-g10000-4,70,2,,6.994992725903072,2.063401478574121,1.7337684217339642,False
benchmark,TSP-line_noise-n70-g10000-5,70,2,,4.803766674316339,2.075377677920113,1.7473997409414483,False
benchmark,TSP-line_noise-n700-g1000-1,700,2,,53.34902850549865,2.443431498715933,1.3178037095095865,True
benchmark,TSP-line_noise-n700-g1000-2,700,2,,44.15303225762928,2.472645841629679,1.255238754423013,True
benchmark,TSP-line_noise-n700-g1000-3,700,2,,47.28892351504708,1.9967972234631757,1.318732183292019,True
benchmark,TSP-line_noise-n700-g1000-4,700,2,,14.792943719357487,3.751928028013644,1.1746266689267773,True
benchmark,TSP-line_noise-n700-g1000-5,700,2,,13.699917511378896,3.135220530655826,1.141660113380292,True
benchmark,TSP-line_noise-n700-g10000-1,700,2,,61.82627109398159,2.0561590780211447,1.3559296881342573,True
benchmark,TSP-line_noise-n700-g10000-2,700,2,,63.998732102928415,1.8804668444371064,1.3057872341031544,True
benchmark,TSP-line_noise-n700-g10000-3,700,2,,65.07205654364812,2.10567800594084,1.3236141180209346,True
benchmark,TSP-line_noise-n700-g10000-4,700,2,,52.71066665990358,1.8617285422476448,1.3832316477764914,True
benchmark,TSP-line_noise-n700-g10000-5,700,2,,48.81004166572042,2.2178530958538643,1.274365790474416,True
benchmark,TSP-line_noise-n8-g1000-1,8,2,,0.23019682997105134,1.80496970189423,1.9575646292617104,False
benchmark,TSP-line_noise-n8-g1000-2,8,2,,0.5723675733801582,2.699794274359272,1.8254007656510345,False
benchmark,TSP-line_noise-n8-g1000-3,8,2,,0.7740021574938216,3.376425065452151,1.8228436115824105,False
benchmark,TSP-line_noise-n8-g1000-4,8,2,,0.4270490732142836,1.4188954714473312,1.867434597359931,False
benchmark,TSP-line_noise-n8-g1000-5,8,2,,0.537114820827816,1.2356598229245495,1.8325377741529352,False
benchmark,TSP-line_noise-n8-g10000-1,8,2,,0.11660717320503718,1.4309509449338338,1.965810635334142,False
benchmark,TSP-line_noise-n8-g10000-2,8,2,,0.742848930225116,1.6423778561979379,1.9092571178167568,False
benchmark,TSP-line_noise-n8-g10000-3,8,2,,1.1066298334207356,1.69715212669284,1.803839959580432,False
benchmark,TSP-line_noise-n8-g10000-4,8,2,,0.3159977889034249,2.723132848502834,1.9445217966490675,False
benchmark,TSP-line_noise-n8-g10000-5,8,2,,0.32901348094129135,1.4676437546751961,1.8746609795089757,False
benchmark,TSP-line_noise-n80-g1000-1,80,2,,5.546905800595812,2.1574770943652966,1.745834461026659,False
benchmark,TSP-line_noise-n80-g1000-2,80,2,,5.8809452146578725,2.1926065231921013,1.63332757154177,False
benchmark,TSP-line_noise-n80-g1000-3,80,2,,5.883755551000696,2.2804012196998644,1.7418873814951492,False
benchmark,TSP-line_noise-n80-g1000-4,80,2,,7.689822735657506,2.2158983922884987,1.6571823868018416,False
benchmark,TSP-line_noise-n80-g1000-5,80,2,,2.925540128552015,2.6769799163547123,1.6443208230768218,False
benchmark,TSP-line_noise-n80-g10000-1,80,2,,1.3835049428561879,2.8922705579765027,1.356695624391315,False
benchmark,TSP-line_noise-n80-g10000-2,80,2,,4.33177460877442,2.3991154276242614,1.6367760062286314,False
benchmark,TSP-line_noise-n80-g10000-3,80,2,,6.538453777739337,1.6527897097835575,1.7019628142892844,False
benchmark,TSP-line_noise-n80-g10000-4,80,2,,5.684088214186456,1.8276346682688536,1.7550740651704506,False
benchmark,TSP-line_noise-n80-g10000-5,80,2,,1.1283932860447112,2.3540010659047303,1.41541435083251,False
benchmark,TSP-line_noise-n800-g1000-1,800,2,,11.312937645487652,2.909315400617952,1.1535067039839952,True
benchmark,TSP-line_noise-n800-g1000-2,800,2,,84.40594191485283,2.0041068372326856,1.3331948554970956,True
benchmark,TSP-line_noise-n800-g1000-3,800,2,,33.83591947223944,2.9190537782168526,1.2504469517926422,True
benchmark,TSP-line_noise-n800-g1000-4,800,2,,62.475960629190496,2.2711458829684106,1.337585258286,True
benchmark,TSP-line_noise-n800-g1000-5,800,2,,39.20369206364902,2.4054776644081857,1.2474729295835436,True
benchmark,TSP-line_noise-n800-g10000-1,800,2,,75.65819234293865,2.120339666465999,1.3169353851793748,True
benchmark,TSP-line_noise-n800-g10000-2,800,2,,12.775705854474001,2.991118882864368,1.161847335257305,True
benchmark,TSP-line_noise-n800-g10000-3,800,2,,57.49126889400294,2.156634542517898,1.3657858490711106,True
benchmark,TSP-line_noise-n800-g10000-4,800,2,,12.929556165735645,2.9995543715127075,1.1687832908904152,True
benchmark,TSP-line_noise-n800-g10000-5,800,2,,32.18599896143502,2.9780524135034967,1.2177526992294374,True
benchmark,TSP-line_noise-n90-g1000-1,90,2,,6.20050008751408,1.8598398666723504,1.6863725647923788,False
benchmark,TSP-line_noise-n90-g1000-2,90,2,,9.22084986339324,1.894482935111239,1.749939423663115,False
benchmark,TSP-line_noise-n90-g1000-3,90,2,,8.947002790481125,1.9799424107306771,1.7175569642778754,False
benchmark,TSP-line_noise-n90-g1000-4,90,2,,5.302483927833504,2.3153214718027395,1.5532383728022463,False
benchmark,TSP-line_noise-n90-g1000-5,90,2,,7.39315115195902,2.1225864626755597,1.6712555553919588,False
benchmark,TSP-line_noise-n90-g10000-1,90,2,,6.472252298447011,2.156583265596289,1.720381683011964,False
benchmark,TSP-line_noise-n90-g10000-2,90,2,,3.8673576248942987,2.9178585257447924,1.5694029508564908,False
benchmark,TSP-line_noise-n90-g10000-3,90,2,,5.02547123047439,1.9306989425424967,1.6655725108634596,False
benchmark,TSP-line_noise-n90-g10000-4,90,2,,5.8570741980996255,2.437755707835819,1.6787072143393422,False
benchmark,TSP-line_noise-n90-g10000-5,90,2,,6.627523279191619,2.1650212106104108,1.6830537506332075,False
benchmark,TSP-line_noise-n900-g1000-1,900,2,,17.45175210734407,3.1253109914694495,1.1601208133189729,True
benchmark,TSP-line_noise-n900-g1000-2,900,2,,55.96165339629999,2.2742067420254535,1.275673364859222,True
benchmark,TSP-line_noise-n900-g1000-3,900,2,,29.69570169471467,3.582553837495476,1.1879271995683789,True
benchmark,TSP-line_noise-n900-g1000-4,900,2,,59.98494294818794,2.6828674342666248,1.2577693467525253,True
benchmark,TSP-line_noise-n900-g1000-5,900,2,,26.079889572480734,3.0482025904385694,1.1834003986845147,True
benchmark,TSP-line_noise-n900-g10000-1,900,2,,74.43337706536569,2.033498889267156,1.3747429028709504,True
benchmark,TSP-line_noise-n900-g10000-2,900,2,,16.634862467301595,2.939844995169999,1.1528088568769244,True
benchmark,TSP-line_noise-n900-g10000-3,900,2,,56.58761686119908,1.9180543307636786,1.3083671181918182,True
benchmark,TSP-line_noise-n900-g10000-4,900,2,,63.528382700168564,2.3774952840932055,1.2761834435217785,True
benchmark,TSP-line_noise-n900-g10000-5,900,2,,59.24382758320831,2.226280530180674,1.2952766656589385,True
batch1,AUG_collinear-d3-n100-g1000-rho0p1-r0,100,3,0.1,0.09405008291082759,2.0748818310997,1.9670609490297,False
batch1,AUG_collinear-d10-n100-g1000-rho1-r0,100,10,1.0,1.0216805117653323,1.1947190354907686,1.409064491951274,False
batch1,AUG_collinear-d3-n200-g10000-rho0p03-r0,200,3,0.03,0.030863300462799344,1.9796241538694008,1.98799849419059,True
batch1,AUG_collinear-d20-n200-g100-rho0p3-r0,200,20,0.3,0.303514209123631,1.0989340887358787,1.8013707976407012,True
batch1,AUG_collinear-d2-n200-g100-rho0p1-r0,200,2,0.1,0.10405058085949817,2.670646689098947,1.9355826519500556,True
batch1,AUG_collinear-d10-n200-g1000-rho1-r0,200,10,1.0,1.0201694238125558,1.2373606796950731,1.405232774446426,True
batch1,AUG_collinear-d50-n200-g1000-rho0p03-r0,200,50,0.03,0.03044281109794868,1.0404761937592397,1.9925407591848614,True
batch1,AUG_collinear-d10-n100-g1000-rho0p03-r0,100,10,0.03,0.03149543056866093,1.2329181551271333,1.9944630717137326,False
batch1,AUG_collinear-d20-n50-g100-rho1-r0,50,20,1.0,0.9990728233530013,1.088434476056806,1.3766829217320526,False
batch1,AUG_collinear-d20-n200-g10000-rho1-r0,200,20,1.0,0.9960007541742466,1.0965927019834931,1.3918844160657506,True
batch1,AUG_collinear-d5-n200-g10000-rho0p3-r0,200,5,0.3,0.30806314489305114,1.4645045936425616,1.8052077715890997,True
batch1,AUG_collinear-d10-n200-g1000-rho0p03-r0,200,10,0.03,0.03010821836271457,1.1839655032021403,1.9918397567927515,True
batch1,AUG_collinear-d2-n400-g10000-rho1-r0,400,2,1.0,1.0174591666565458,3.004236821966091,1.4787345267183067,True
batch1,AUG_collinear-d5-n200-g10000-rho0p03-r0,200,5,0.03,0.03118232383345216,1.3895361172398466,1.9904324363715218,True
batch1,AUG_collinear-d50-n400-g1000-rho1-r0,400,50,1.0,0.995973490925959,1.0419873652607066,1.3818569538018035,True
batch1,AUG_collinear-d10-n400-g1000-rho0p1-r0,400,10,0.1,0.10013289656265989,1.2440941871662605,1.9531589461324332,True
batch1,AUG_collinear-d10-n700-g1000-rho1-r0,700,10,1.0,1.0055615687512545,1.206878336685418,1.391409201628492,True
batch1,AUG_collinear-d2-n400-g100-rho0p1-r0,400,2,0.1,0.0987466238934028,2.7171366088744784,1.9261748454672791,True
batch1,AUG_collinear-d20-n700-g1000-rho0p1-r0,700,20,0.1,0.10062442332680138,1.1043213505489593,1.9513739068943763,True
batch1,AUG_collinear-d50-n700-g100-rho0p3-r0,700,50,0.3,0.30073287479475025,1.044066724580463,1.7899566442255292,True
batch1,AUG_collinear-d2-n700-g100-rho0p1-r0,700,2,0.1,0.10286575848405728,3.011650152201433,1.9533866158287236,True
batch1,AUG_collinear-d50-n700-g100-rho0p1-r0,700,50,0.1,0.1000977028408007,1.0454620851793361,1.9509699929179856,True
batch1,AUG_collinear-d2-n200-g100-rho0p3-r0,200,2,0.3,0.3145656066391873,3.2956910470680674,1.8265808794794232,True
batch1,AUG_collinear-d10-n700-g100-rho0p1-r0,700,10,0.1,0.09971634808545038,1.212341357169645,1.946776326416649,True
batch1,AUG_collinear-d20-n700-g100-rho1-r0,700,20,1.0,1.005699850718041,1.110894182098615,1.3773431360750115,True
batch1,AUG_collinear-d5-n400-g1000-rho1-r0,400,5,1.0,1.0134942499110255,1.5380934519114142,1.4061340298740062,True
batch1,AUG_collinear-d50-n700-g1000-rho0p3-r0,700,50,0.3,0.2977694957769959,1.0397383816326633,1.800110089594191,True
batch1,AUG_collinear-d50-n700-g1000-rho0p1-r0,700,50,0.1,0.10050476679740557,1.043632340304741,1.955262423080261,True
batch1,AUG_collinear-d10-n200-g10000-rho0p3-r0,200,10,0.3,0.3035752204142673,1.2020526249061447,1.80599972932296,True
batch1,AUG_collinear-d10-n1000-g100-rho1-r0,1000,10,1.0,1.0010529665170058,1.220028945469533,1.3963000104970542,True
batch1,AUG_collinear-d2-n700-g1000-rho1-r0,700,2,1.0,1.0129837330299585,3.122692881645236,1.486647187220332,True
batch1,AUG_collinear-d50-n400-g1000-rho0p3-r0,400,50,0.3,0.30006688359176437,1.0400776002572794,1.7990982469257846,True
batch1,AUG_collinear-d10-n200-g100-rho1-r0,200,10,1.0,0.9945593127103135,1.2177013583199445,1.399213422563181,True
batch1,AUG_collinear-d20-n200-g1000-rho0p1-r0,200,20,0.1,0.09946981796828332,1.0881775143986046,1.9566517089549924,True
batch1,AUG_collinear-d3-n1000-g1000-rho0p1-r0,1000,3,0.1,0.09804591371009555,1.9711565216552196,1.9252203876843212,True
batch1,AUG_collinear-d50-n1000-g1000-rho1-r0,1000,50,1.0,1.004244953818312,1.0361291872918803,1.3758239626384547,True
batch1,AUG_collinear-d5-n700-g1000-rho0p1-r0,700,5,0.1,0.0982913010464629,1.5504465793665447,1.9518391199597829,True
batch1,AUG_collinear-d10-n400-g10000-rho0p1-r0,400,10,0.1,0.10078497835975747,1.2242161220451568,1.9503776368874082,True
batch1,AUG_collinear-d3-n700-g1000-rho0p03-r0,700,3,0.03,0.030008582502676365,1.9662361903598735,1.97025767249758,True
batch1,AUG_collinear-d5-n200-g1000-rho0p1-r0,200,5,0.1,0.09877349323760892,1.4115611234762258,1.9602002011145303,True
batch1,AUG_collinear-d3-n400-g1000-rho0p3-r0,400,3,0.3,0.301817978715043,2.0605531539798316,1.8067744439976865,True
batch1,AUG_collinear-d3-n200-g10000-rho1-r0,200,3,1.0,1.065709130993924,1.9610075276291792,1.4210797123441572,True
batch1,AUG_collinear-d20-n200-g1000-rho0p3-r0,200,20,0.3,0.299508353505716,1.1149706215525232,1.7999886329667147,True
batch1,AUG_collinear-d10-n400-g100-rho0p3-r0,400,10,0.3,0.29615498809367163,1.2208451571065893,1.7983447560051031,True
batch1,AUG_collinear-d20-n400-g1000-rho0p1-r0,400,20,0.1,0.1002331480929213,1.0966763184207564,1.9565550080367047,True
batch1,AUG_collinear-d3-n400-g10000-rho0p03-r0,400,3,0.03,0.030861483854060706,1.930652007061022,1.9863944628743904,True
batch1,AUG_collinear-d50-n1000-g100-rho0p1-r0,1000,50,0.1,0.10005918273621893,1.0399004726826118,1.9538437089813558,True
batch1,AUG_collinear-d20-n1000-g1000-rho0p1-r0,1000,20,0.1,0.10011128405050448,1.1043202667587313,1.9495278619355307,True
batch1,AUG_collinear-d50-n1000-g100-rho1-r0,1000,50,1.0,1.0015039915069912,1.045595613737521,1.3838027456305826,True
batch1,AUG_collinear-d2-n1000-g100-rho1-r0,1000,2,1.0,0.9760340239185991,2.8503607813544467,1.471253903305516,True
batch1,AUG_collinear-d3-n200-g100-rho0p03-r0,200,3,0.03,0.030671615761323785,2.0415908588814156,1.9898993355295496,True
batch1,AUG_collinear-d10-n100-g1000-rho0p1-r0,100,10,0.1,0.09651000588366425,1.2516356388925192,1.959472648231694,False
batch1,AUG_collinear-d3-n200-g1000-rho1-r0,200,3,1.0,1.0109712249421063,1.9478069751439573,1.433264422969371,True
batch1,AUG_collinear-d10-n1000-g1000-rho0p1-r0,1000,10,0.1,0.09966088331379379,1.2236564658411597,1.9492820259550356,True
batch1,AUG_collinear-d5-n1000-g1000-rho0p03-r0,1000,5,0.03,0.030432083700017733,1.4982020947723207,1.9768954732863444,True
batch1,AUG_collinear-d2-n400-g1000-rho0p03-r0,400,2,0.03,0.031241357668517763,3.0674308791211558,1.9777253979992364,True
batch1,AUG_collinear-d5-n400-g1000-rho0p3-r0,400,5,0.3,0.3068969193416397,1.5321263202303108,1.7969271512110931,True
batch1,AUG_collinear-d10-n1000-g10000-rho0p3-r0,1000,10,0.3,0.3036332183571773,1.2291302019098451,1.7980770823809866,True
batch1,AUG_collinear-d2-n700-g10000-rho1-r0,700,2,1.0,1.000855527198949,2.835725905035103,1.4645183433680233,True
batch1,AUG_collinear-d10-n700-g10000-rho1-r0,700,10,1.0,1.0140522699208232,1.2327063834395637,1.3894581020354215,True
batch1,AUG_collinear-d10-n700-g100-rho0p3-r0,700,10,0.3,0.2997704002989215,1.2067501748471627,1.7956447745323771,True
batch1,AUG_collinear-d3-n1000-g1000-rho0p3-r0,1000,3,0.3,0.3018781330287468,1.8914544285664892,1.797305722060169,True
batch1,AUG_collinear-d5-n1000-g10000-rho1-r0,1000,5,1.0,0.9907760897527633,1.5095380562122005,1.4097525695339623,True
batch1,AUG_collinear-d5-n1000-g100-rho1-r0,1000,5,1.0,0.9826520151144028,1.5002514537782077,1.4058979992764655,True
batch1,AUG_collinear-d2-n1000-g100-rho0p03-r0,1000,2,0.03,0.030389303922334156,3.03996646638349,1.950801743864769,True
batch1,AUG_collinear-d5-n1000-g1000-rho0p1-r0,1000,5,0.1,0.1008107719064619,1.4816797144685445,1.9322984716308411,True
batch1,AUG_collinear-d2-n100-g1000-rho0p3-r0,100,2,0.3,0.2638654425669173,2.689458586346437,1.902626866472585,False
batch1,AUG_collinear-d2-n100-g10000-rho0p3-r0,100,2,0.3,0.2939402493010762,2.0970780123106896,1.8319113629521777,False
batch1,AUG_collinear-d2-n200-g1000-rho0p3-r0,200,2,0.3,0.28708576557644777,3.161108866804929,1.8713044110165478,True
batch1,AUG_collinear-d5-n200-g10000-rho0p1-r0,200,5,0.1,0.10155679266647251,1.587993327265414,1.969754238548351,True
batch1,AUG_collinear-d20-n200-g10000-rho0p3-r0,200,20,0.3,0.3021614935948276,1.1237505081254684,1.807550939104026,True
batch1,AUG_collinear-d5-n100-g10000-rho1-r0,100,5,1.0,1.0139003956750496,1.3566528631936199,1.4035069994277598,False
batch1,AUG_collinear-d20-n400-g100-rho1-r0,400,20,1.0,1.0052340958781074,1.0996632337128938,1.3896679921441313,True
batch1,AUG_collinear-d5-n400-g100-rho0p1-r0,400,5,0.1,0.09742563997961312,1.5052402622621404,1.9694864692182517,True
batch1,AUG_collinear-d2-n100-g10000-rho1-r0,100,2,1.0,0.8876349497438064,2.6830256955788694,1.5292778144638486,False
batch1,AUG_collinear-d3-n400-g10000-rho1-r0,400,3,1.0,1.0209452756876842,1.9420953134419316,1.4405338401972414,True
batch1,AUG_collinear-d10-n400-g1000-rho0p3-r0,400,10,0.3,0.2975578692096465,1.2114721451003396,1.7909104064261927,True
batch1,AUG_collinear-d2-n200-g1000-rho0p1-r0,200,2,0.1,0.09491550998914638,3.16261670293947,1.9645613583506976,True
batch1,AUG_collinear-d5-n700-g10000-rho0p03-r0,700,5,0.03,0.030221437863190963,1.5721757400779253,1.9950066661919295,True
batch1,AUG_collinear-d5-n200-g100-rho0p3-r0,200,5,0.3,0.3064178524835201,1.474986371870078,1.789738340762028,True
batch1,AUG_collinear-d10-n50-g100-rho0p3-r0,50,10,0.3,0.28342593634304275,1.2810288611337168,1.819320665165801,False
batch1,AUG_collinear-d2-n700-g1000-rho0p3-r0,700,2,0.3,0.3040618473130327,3.018640083834179,1.799840899441426,True
batch1,AUG_collinear-d3-n400-g10000-rho0p1-r0,400,3,0.1,0.10032991006959482,2.1169344419875733,1.9468537755490132,True
batch1,AUG_collinear-d10-n200-g1000-rho0p3-r0,200,10,0.3,0.3018442718379852,1.2337869074039456,1.801547043529635,True
batch1,AUG_collinear-d10-n100-g10000-rho0p03-r0,100,10,0.03,0.02963073161522034,1.2707308348928308,1.9919601801386635,False
batch1,AUG_collinear-d3-n200-g10000-rho0p3-r0,200,3,0.3,0.28768249375064037,2.048313498098176,1.8317040672910685,True
batch1,AUG_collinear-d50-n700-g10000-rho0p1-r0,700,50,0.1,0.1003202368047291,1.0409533794699941,1.9690386966415176,True
batch1,AUG_collinear-d3-n700-g1000-rho0p3-r0,700,3,0.3,0.3015827148140884,1.9467950333239374,1.8620174196277637,True
batch1,AUG_collinear-d20-n200-g100-rho0p1-r0,200,20,0.1,0.09980158625837522,1.1020688891605774,1.9559036463870476,True
batch1,AUG_collinear-d2-n1000-g10000-rho0p3-r0,1000,2,0.3,0.2955660789674611,2.8455986224994345,1.8060949140246052,True
batch1,AUG_collinear-d5-n400-g100-rho1-r0,400,5,1.0,1.016339809461582,1.485186961748519,1.4067941856617632,True
batch1,AUG_collinear-d5-n700-g10000-rho0p1-r0,700,5,0.1,0.09986506729076432,1.4767056525343971,1.9374530640816925,True
batch1,AUG_collinear-d20-n700-g1000-rho0p3-r0,700,20,0.3,0.300745285263856,1.1106188187224235,1.7935269818249866,True
batch1,AUG_collinear-d5-n700-g100-rho0p3-r0,700,5,0.3,0.30421685457780684,1.5293261054952334,1.7951490948488513,True
batch1,AUG_collinear-d2-n100-g100-rho0p1-r0,100,2,0.1,0.10684726402306495,2.7382794087060205,1.9550249976055933,False
batch1,AUG_collinear-d20-n700-g10000-rho0p1-r0,700,20,0.1,0.10023675189966227,1.1005372001484013,1.9667256769611365,True
batch1,AUG_collinear-d50-n1000-g1000-rho0p3-r0,1000,50,0.3,0.3024429870489474,1.0404184025396317,1.795915700446755,True
batch1,AUG_collinear-d50-n400-g100-rho0p03-r0,400,50,0.03,0.029943639174211535,1.0367010755560515,1.9918645192029,True
batch1,AUG_collinear-d3-n700-g1000-rho0p1-r0,700,3,0.1,0.09722170822337022,2.1290737712044976,1.9486091220795476,True
batch1,AUG_collinear-d20-n400-g1000-rho0p03-r0,400,20,0.03,0.029826557393058284,1.097091338584431,1.9906105716135258,True
batch1,AUG_collinear-d5-n400-g10000-rho0p3-r0,400,5,0.3,0.29774530486714035,1.5156579960408971,1.804405757111989,True
batch1,AUG_collinear-d2-n700-g10000-rho0p03-r0,700,2,0.03,0.030230021058834128,3.0613550055841268,1.9928011887066028,True
batch1,AUG_collinear-d5-n400-g10000-rho0p03-r0,400,5,0.03,0.030773181176025254,1.4543595440143666,1.985371396290226,True
batch1,AUG_collinear-d20-n400-g1000-rho1-r0,400,20,1.0,1.0029112396579116,1.096218030051856,1.385699063318365,True
batch1,AUG_collinear-d10-n700-g10000-rho0p3-r0,700,10,0.3,0.295696569286336,1.2272196782657332,1.8000308197710457,True
batch1,AUG_collinear-d10-n1000-g100-rho0p03-r0,1000,10,0.03,0.029956113927443268,1.2282492434621202,1.9803784336986352,True
batch1,AUG_collinear-d2-n700-g100-rho0p3-r0,700,2,0.3,0.29597461790169133,2.952023071051737,1.8064957646832753,True
batch1,AUG_collinear-d2-n100-g10000-rho0p03-r0,100,2,0.03,0.02908041103320886,2.7887441134787734,1.9916532515053396,False
batch1,AUG_collinear-d2-n400-g100-rho0p3-r0,400,2,0.3,0.28667526122487813,3.244216209116669,1.8294364799349625,True
batch1,AUG_collinear-d50-n100-g100-rho1-r0,100,50,1.0,1.01509857028707,1.03754548580493,1.380133918609148,False
batch1,AUG_collinear-d5-n700-g1000-rho0p03-r0,700,5,0.03,0.02997789530693065,1.4843330557134347,1.9804697520564756,True
batch1,AUG_collinear-d20-n200-g1000-rho1-r0,200,20,1.0,1.0286374616348348,1.099995105617697,1.3796037249056228,True
batch1,AUG_collinear-d50-n700-g100-rho1-r0,700,50,1.0,1.0029750720461534,1.0442702334804084,1.3793640580408622,True
batch1,AUG_collinear-d10-n400-g100-rho0p03-r0,400,10,0.03,0.029722466064719604,1.201926753101342,1.9889647492121083,True
batch1,AUG_collinear-d3-n1000-g100-rho0p3-r0,1000,3,0.3,0.30071624166560246,1.914500343777726,1.7960202147512547,True
batch1,AUG_collinear-d2-n50-g1000-rho0p3-r0,50,2,0.3,0.22957132276242537,2.6627054777345656,1.8534564786258463,False
batch1,AUG_collinear-d3-n200-g100-rho0p3-r0,200,3,0.3,0.3172404883468263,1.7924221445397575,1.8055773681835834,True
batch1,AUG_collinear-d20-n1000-g10000-rho0p3-r0,1000,20,0.3,0.29947037370869567,1.1075043559665325,1.80313411801068,True
batch1,AUG_collinear-d2-n100-g1000-rho0p1-r0,100,2,0.1,0.10316657806546167,3.856815918895139,1.95923159814376,False
batch1,AUG_collinear-d5-n700-g100-rho1-r0,700,5,1.0,0.9913869819435536,1.5435607072755333,1.4299535272865895,True
batch1,AUG_collinear-d50-n1000-g10000-rho0p03-r0,1000,50,0.03,0.03014231853701025,1.0427344489547656,1.9951126106093484,True
batch1,AUG_collinear-d20-n200-g10000-rho0p03-r0,200,20,0.03,0.02948147144061643,1.1047452165209495,1.9933667234685413,True
batch1,AUG_collinear-d3-n100-g10000-rho1-r0,100,3,1.0,0.9776817820485316,1.7888535008103827,1.430473979467665,False
batch1,AUG_collinear-d3-n400-g10000-rho0p3-r0,400,3,0.3,0.29748112151666933,2.0014947880900893,1.8016868953384384,True
batch1,AUG_collinear-d3-n400-g1000-rho0p1-r0,400,3,0.1,0.0987975552151834,1.8824615916613725,1.9519538112605483,True
batch1,AUG_collinear-d2-n700-g100-rho1-r0,700,2,1.0,0.981862921825194,3.138470007392573,1.4842298796638131,True
batch1,AUG_collinear-d2-n700-g10000-rho0p1-r0,700,2,0.1,0.09792611462702186,3.0024881687755145,1.9506767312410214,True
batch1,AUG_collinear-d20-n700-g100-rho0p3-r0,700,20,0.3,0.29567780645923786,1.1076688700375557,1.8002491168681283,True
batch1,AUG_collinear-d50-n50-g100-rho0p1-r0,50,50,0.1,0.09742583916645715,1.051784156112448,1.9613306338261252,False
batch1,AUG_collinear-d3-n50-g100-rho1-r0,50,3,1.0,0.9453779175640382,2.0790205171239284,1.503837520077189,False
batch1,AUG_collinear-d2-n400-g100-rho0p03-r0,400,2,0.03,0.02927944229632429,3.6168433843871886,1.9782234168617363,True
batch1,AUG_collinear-d20-n100-g100-rho1-r0,100,20,1.0,1.0248651730204952,1.082288750316391,1.3750150555471528,False
batch1,AUG_collinear-d20-n200-g100-rho0p03-r0,200,20,0.03,0.03009677519865119,1.1052854126333092,1.992465686557125,True
batch1,AUG_collinear-d10-n200-g100-rho0p1-r0,200,10,0.1,0.09887772791604395,1.206805913044175,1.954392805689822,True
batch1,AUG_collinear-d3-n100-g1000-rho0p3-r0,100,3,0.3,0.29166169173277506,1.762974470586117,1.79483131236332,False
batch1,AUG_collinear-d50-n50-g10000-rho0p03-r0,50,50,0.03,0.030313711396856863,1.0309832875078264,1.9946450504331763,False
batch1,AUG_collinear-d2-n400-g10000-rho0p1-r0,400,2,0.1,0.10379013064334384,3.271739009461243,1.9561825021545607,True
batch1,AUG_collinear-d10-n200-g10000-rho1-r0,200,10,1.0,1.0248476864995537,1.2015172279599657,1.3760538643823963,True
batch1,AUG_collinear-d5-n1000-g10000-rho0p3-r0,1000,5,0.3,0.3017469939777321,1.4980686841507809,1.7958927057040643,True
batch1,AUG_collinear-d50-n700-g10000-rho1-r0,700,50,1.0,0.999882742480921,1.0442562469311376,1.3874993816406778,True
batch1,AUG_collinear-d20-n1000-g10000-rho0p1-r0,1000,20,0.1,0.10016413976925186,1.1032923074855432,1.9686318194486452,True
batch1,AUG_collinear-d50-n400-g10000-rho0p3-r0,400,50,0.3,0.2988501667819935,1.0424824446673568,1.801008858287011,True
batch1,AUG_collinear-d5-n700-g10000-rho1-r0,700,5,1.0,1.0003719021106907,1.463894491087889,1.4144839072641586,True
batch1,AUG_collinear-d2-n700-g1000-rho0p03-r0,700,2,0.03,0.030560314275708142,3.1070016801508293,1.9785408179192228,True
batch1,AUG_collinear-d5-n400-g10000-rho0p1-r0,400,5,0.1,0.10039899670626459,1.4788866311705535,1.9556145382575296,True
batch1,AUG_collinear-d5-n200-g1000-rho0p3-r0,200,5,0.3,0.3230408409615568,1.3374206110102733,1.7684289995449207,True
batch1,AUG_collinear-d20-n700-g1000-rho1-r0,700,20,1.0,0.983073398952452,1.0995919777336387,1.393040340117233,True
batch1,AUG_collinear-d5-n100-g1000-rho0p3-r0,100,5,0.3,0.28616214077958985,1.433529862787267,1.806802831590877,False
batch1,AUG_collinear-d50-n1000-g1000-rho0p03-r0,1000,50,0.03,0.029989776981865144,1.0427378992501688,1.9872951449132625,True
batch1,AUG_collinear-d10-n50-g100-rho0p1-r0,50,10,0.1,0.10086143630799875,1.1360607836873573,1.9546256477960926,False
batch1,AUG_collinear-d10-n400-g100-rho0p1-r0,400,10,0.1,0.09983274554206577,1.2328756280615836,1.955949003120339,True
batch1,AUG_collinear-d50-n700-g1000-rho0p03-r0,700,50,0.03,0.030083341495604096,1.038164564502996,1.9902171504160777,True
batch1,AUG_collinear-d50-n100-g10000-rho1-r0,100,50,1.0,0.9897425507775593,1.0390909673537387,1.3869500307825269,False
batch1,AUG_collinear-d2-n400-g1000-rho0p1-r0,400,2,0.1,0.10288770120330815,2.7207862340194513,1.9565039833216282,True
batch1,AUG_collinear-d3-n400-g100-rho0p1-r0,400,3,0.1,0.09951989263421535,2.0572727659738623,1.9121944894624143,True
batch1,AUG_collinear-d2-n1000-g10000-rho0p1-r0,1000,2,0.1,0.09975257927760336,2.91877756803548,1.9279816932918963,True
batch1,AUG_collinear-d50-n200-g10000-rho1-r0,200,50,1.0,1.0009993716409435,1.0460143597193807,1.3777061750222344,True
batch1,AUG_collinear-d10-n1000-g1000-rho1-r0,1000,10,1.0,1.0063333764170617,1.234371291127353,1.3867883161459342,True
batch1,AUG_collinear-d50-n200-g100-rho0p03-r0,200,50,0.03,0.029994668595376753,1.042919118533696,1.9923239029013387,True
batch1,AUG_collinear-d10-n100-g100-rho0p3-r0,100,10,0.3,0.30769613756668923,1.27891372841638,1.806675616020757,False
batch1,AUG_collinear-d5-n400-g100-rho0p3-r0,400,5,0.3,0.3097015573202423,1.6073086156617744,1.792596819870819,True
batch1,AUG_collinear-d10-n100-g100-rho0p1-r0,100,10,0.1,0.10267285180081025,1.2306203457712939,1.955245672649633,False
batch1,AUG_collinear-d20-n100-g100-rho0p1-r0,100,20,0.1,0.10161881018327723,1.1074855037277955,1.9647952560922317,False
batch1,AUG_collinear-d20-n100-g1000-rho1-r0,100,20,1.0,1.0011244988853,1.1073725384572641,1.3845364532659417,False
batch1,AUG_collinear-d20-n1000-g10000-rho1-r0,1000,20,1.0,1.0046881728674404,1.112199628480909,1.3864401735544412,True
batch1,AUG_collinear-d5-n400-g1000-rho0p03-r0,400,5,0.03,0.03068747981333317,1.5097818284211444,1.9878376505175288,True
batch1,AUG_collinear-d10-n700-g1000-rho0p3-r0,700,10,0.3,0.3012575387628138,1.226348455295196,1.7936317651680973,True
batch1,AUG_collinear-d2-n1000-g100-rho0p1-r0,1000,2,0.1,0.10171539862221066,2.8626584841776688,1.926686497893695,True
batch1,AUG_subspace-d50-n100-g1000-k1-rho0p1-r0,100,50,0.1,0.09902664076674567,1.0397993759921205,1.951030183512102,False
batch1,AUG_collinear-d10-n400-g100-rho1-r0,400,10,1.0,1.0175908908701652,1.2485309580982782,1.3802345539451628,True
batch1,AUG_subspace-d3-n100-g1000-k1-rho0p3-r0,100,3,0.3,0.6697745142540761,26.71240573207915,1.7713649390029753,False
batch1,AUG_collinear-d2-n1000-g1000-rho1-r0,1000,2,1.0,0.9892362682827334,2.9883679670398053,1.4789492069891428,True
batch1,AUG_subspace-d5-n200-g1000-k1-rho0p1-r0,200,5,0.1,0.5591884378452812,155.5805429738134,1.9360969511093564,True
batch1,AUG_subspace-d20-n200-g100-k1-rho0p3-r0,200,20,0.3,0.2988663392149277,1.0973686908306077,1.783393011424554,True
batch1,AUG_subspace-d10-n400-g1000-k1-rho0p1-r0,400,10,0.1,0.8805557003627581,230.4142959222796,1.931831439475517,True
batch1,AUG_subspace-d3-n100-g10000-k1-rho0p1-r0,100,3,0.1,0.3604504662398396,45.138534176951175,1.9438791930039163,False
batch1,AUG_collinear-d20-n1000-g10000-rho0p03-r0,1000,20,0.03,0.030252783352961,1.1064233011523115,1.9857796066912388,True
batch1,AUG_collinear-d3-n700-g100-rho0p03-r0,700,3,0.03,0.030250811087240304,1.9743667805745186,1.9804904416949802,True
batch1,AUG_subspace-d20-n100-g100-k1-rho0p3-r0,100,20,0.3,0.2979404786584423,1.0959213386188396,1.7892019312993659,False
batch1,AUG_subspace-d2-n400-g10000-k1-rho0p3-r0,400,2,0.3,0.5649742690413649,98.46593333361758,1.7942888911078667,True
batch1,AUG_collinear-d3-n1000-g10000-rho1-r0,1000,3,1.0,0.9995744053539003,2.0226009015643918,1.4271104221949682,True
batch1,AUG_subspace-d3-n50-g1000-k1-rho0p1-r0,50,3,0.1,0.07909753787316026,2.010855122470647,1.9727880868183492,False
batch1,AUG_subspace-d10-n200-g10000-k1-rho0p3-r0,200,10,0.3,0.30451987320002405,1.218713962161601,1.7773962318904934,True
batch1,AUG_subspace-d3-n400-g10000-k1-rho0p3-r0,400,3,0.3,0.3362847661844156,5.8269587797649764,1.795720421300658,True
batch1,AUG_collinear-d50-n1000-g100-rho0p03-r0,1000,50,0.03,0.03001719892557366,1.0405570669689694,1.9878993101342588,True
batch1,AUG_subspace-d5-n200-g100-k1-rho0p3-r0,200,5,0.3,0.29814766567440437,1.4623096676279959,1.7892698389516402,True
batch1,AUG_subspace-d2-n700-g10000-k1-rho0p3-r0,700,2,0.3,1.0797522869784844,113.50175424350503,1.789673074513862,True
batch1,AUG_subspace-d50-n200-g1000-k1-rho0p1-r0,200,50,0.1,0.09967048553174511,1.040162414502019,1.951312392721296,True
batch1,AUG_subspace-d3-n200-g10000-k1-rho0p3-r0,200,3,0.3,0.6812707080517356,30.347002735478362,1.7826561011693656,True
batch1,AUG_subspace-d2-n700-g1000-k1-rho0p3-r0,700,2,0.3,1.0814656833988443,152.97856876759587,1.8011997407925973,True
batch1,AUG_collinear-d3-n1000-g10000-rho0p3-r0,1000,3,0.3,0.2945986209376305,1.9065497597697554,1.786557570685442,True
batch1,AUG_subspace-d20-n200-g1000-k1-rho0p3-r0,200,20,0.3,0.2953258668625487,1.0978575904248418,1.7802439635238576,True
batch1,AUG_subspace-d50-n700-g1000-k1-rho0p3-r0,700,50,0.3,0.29967165138656987,1.0372502069766334,1.7701590264604592,True
batch1,AUG_subspace-d3-n100-g10000-k1-rho0p3-r0,100,3,0.3,0.33290844524358837,1.774628372311076,1.7520279308898152,False
batch1,AUG_collinear-d50-n1000-g10000-rho0p1-r0,1000,50,0.1,0.10047553301893332,1.0412751517352337,1.9523079844947813,True
batch1,AUG_subspace-d10-n400-g1000-k1-rho0p3-r0,400,10,0.3,0.3892398833823877,30.41146967973896,1.7779732625610982,True
batch1,AUG_collinear-d2-n1000-g1000-rho0p3-r0,1000,2,0.3,0.3023385787603037,3.0002321205002382,1.7984110969945337,True
batch1,AUG_subspace-d2-n200-g100-k1-rho0p1-r0,200,2,0.1,0.1957901905244264,53.73691196705222,1.9573341384726004,True
batch1,AUG_subspace-d50-n200-g1000-k1-rho0p3-r0,200,50,0.3,0.29915035485754776,1.0347465418240636,1.7586292067404197,True
batch1,AUG_subspace-d20-n400-g10000-k1-rho0p3-r0,400,20,0.3,0.2972927536551499,1.0921678117557052,1.775870313408297,True
batch1,AUG_subspace-d50-n700-g10000-k1-rho0p1-r0,700,50,0.1,0.10043147141569168,1.042772726153742,1.9384539368293576,True
batch1,AUG_subspace-d5-n100-g10000-k1-rho0p1-r0,100,5,0.1,0.10087671680384615,1.5867256208907892,1.9653336264670533,False
batch1,AUG_subspace-d2-n50-g1000-k1-rho0p1-r0,50,2,0.1,0.19069923838302075,10.180596529506971,1.9563065544737552,False
batch1,AUG_subspace-d50-n400-g1000-k1-rho0p1-r0,400,50,0.1,0.09852799416486446,1.0406020246146719,1.9451658310913518,True
batch1,AUG_subspace-d2-n400-g100-k1-rho0p1-r0,400,2,0.1,1.083209106943118,43.65785806782557,1.9388815956571543,True
batch1,AUG_subspace-d3-n400-g10000-k1-rho0p1-r0,400,3,0.1,0.10118833717347103,1.9749185983463025,1.9502919553773699,True
batch1,AUG_subspace-d50-n200-g100-k1-rho0p3-r0,200,50,0.3,0.2990636275377619,1.0452533564481528,1.7821160256230888,True
batch1,AUG_subspace-d10-n400-g100-k1-rho0p3-r0,400,10,0.3,0.2983970711260896,1.2209868724689912,1.7856035598391844,True
batch1,AUG_subspace-d10-n100-g1000-k1-rho0p3-r0,100,10,0.3,0.30095830281074837,1.1549285738973034,1.7840262416037165,False
batch1,AUG_subspace-d10-n200-g100-k1-rho0p1-r0,200,10,0.1,0.12915745144271387,33.18110851361444,1.9531078432206428,True
batch1,AUG_subspace-d3-n50-g100-k1-rho0p1-r0,50,3,0.1,0.10325335233924621,2.3103282196804344,1.9609354316788676,False
batch1,AUG_subspace-d2-n200-g1000-k1-rho0p1-r0,200,2,0.1,0.5774869859408779,46.08597965055635,1.944662652237718,True
batch1,AUG_subspace-d5-n400-g10000-k1-rho0p3-r0,400,5,0.3,1.2326166461206065,76.99144644096165,1.7635940973770714,True
batch1,AUG_subspace-d50-n50-g1000-k1-rho0p1-r0,50,50,0.1,0.09678766766827271,1.0400456289268565,1.9647423764675935,False
batch1,AUG_subspace-d2-n200-g10000-k1-rho0p1-r0,200,2,0.1,0.17734826590688105,17.142419426456037,1.9553533976854485,True
batch1,AUG_subspace-d5-n400-g1000-k1-rho0p3-r0,400,5,0.3,0.43847061392864894,98.00052848862725,1.778849563291286,True
batch1,AUG_subspace-d20-n1000-g10000-k1-rho0p3-r0,1000,20,0.3,0.3004903937331412,1.1041155278328736,1.7698002405616942,True
batch1,AUG_subspace-d20-n200-g100-k1-rho0p1-r0,200,20,0.1,0.09844189396595042,1.1051228815766045,1.9410777717874468,True
batch1,AUG_subspace-d20-n700-g100-k1-rho0p3-r0,700,20,0.3,0.29905439630871766,1.1030529248358136,1.771259389126065,True
batch1,AUG_subspace-d10-n100-g10000-k1-rho0p1-r0,100,10,0.1,0.10254430345147182,1.2397884062755173,1.9427520437136963,False
batch1,AUG_subspace-d5-n700-g1000-k1-rho0p1-r0,700,5,0.1,0.20026982536408536,385.33836489277024,1.945878076454084,True
batch1,AUG_subspace-d10-n400-g10000-k1-rho0p1-r0,400,10,0.1,0.16630339187831794,159.18321511105825,1.9443779417117149,True
batch1,AUG_subspace-d20-n1000-g1000-k1-rho0p1-r0,1000,20,0.1,0.8890438655767757,944.5779714750242,1.9330824061097511,True
batch1,AUG_collinear-d5-n1000-g10000-rho0p1-r0,1000,5,0.1,0.1003991205652356,1.4925600502675962,1.9428876578802392,True
batch1,AUG_subspace-d2-n700-g100-k1-rho0p1-r0,700,2,0.1,1.6429369825216442,64.09991949466988,1.921235328929341,True
batch1,AUG_subspace-d20-n50-g1000-k1-rho0p1-r0,50,20,0.1,0.0986315569002663,1.0860100358770668,1.9430441595949437,False
batch1,AUG_subspace-d3-n1000-g1000-k1-rho0p1-r0,1000,3,0.1,3.2283698452863367,105.8491522710598,1.9205095172307038,True
batch1,AUG_subspace-d5-n400-g1000-k1-rho0p1-r0,400,5,0.1,1.037382770228774,153.52306496066709,1.939222818163943,True
batch1,AUG_subspace-d10-n200-g1000-k1-rho0p3-r0,200,10,0.3,0.4341024984463401,40.60533717877866,1.7782529259105129,True
batch1,AUG_subspace-d5-n700-g1000-k1-rho0p3-r0,700,5,0.3,0.5155129678042766,132.34834594952827,1.7791106934602336,True
batch1,AUG_subspace-d50-n700-g100-k1-rho0p1-r0,700,50,0.1,0.10030605415176531,1.0386054922870755,1.937627056360533,True
batch1,AUG_subspace-d20-n100-g1000-k1-rho0p1-r0,100,20,0.1,0.0975019572559993,1.0966039894352515,1.952223757018487,False
batch1,AUG_subspace-d2-n700-g1000-k1-rho0p1-r0,700,2,0.1,1.2441816838130642,126.2177951689065,1.9300956415565365,True
batch1,AUG_subspace-d50-n700-g100-k1-rho0p3-r0,700,50,0.3,0.29912416661472957,1.0412154892147079,1.7663826049998321,True
batch1,AUG_subspace-d5-n1000-g10000-k1-rho0p1-r0,1000,5,0.1,0.09928415844669151,1.5169685460890592,1.946077554207327,True
batch1,AUG_subspace-d50-n100-g100-k1-rho0p1-r0,100,50,0.1,0.09699298503778317,1.0464692556874833,1.959116705973884,False
batch1,AUG_subspace-d50-n100-g10000-k1-rho0p1-r0,100,50,0.1,0.10207513405709683,1.0359262212086362,1.9424903219342564,False
batch1,AUG_subspace-d50-n700-g10000-k1-rho0p3-r0,700,50,0.3,0.2985945885581721,1.0398833570736488,1.7711357967017218,True
batch1,AUG_subspace-d5-n400-g10000-k1-rho0p1-r0,400,5,0.1,1.0694232730514237,197.06511564372923,1.925987602842828,True
batch1,AUG_subspace-d50-n400-g100-k1-rho0p1-r0,400,50,0.1,0.09910431349702038,1.0428874901298566,1.9451449768791225,True
batch1,AUG_subspace-d50-n400-g10000-k1-rho0p1-r0,400,50,0.1,0.0992676182128171,1.0445184085726167,1.9466831870303283,True
batch1,AUG_subspace-d50-n700-g1000-k1-rho0p1-r0,700,50,0.1,0.09940293118660577,1.040835663798444,1.939945476595536,True
batch1,AUG_subspace-d3-n1000-g10000-k1-rho0p3-r0,1000,3,0.3,3.068727602269044,65.51487325699716,1.751589815730782,True
batch1,AUG_subspace-d5-n700-g10000-k1-rho0p1-r0,700,5,0.1,1.786417939089757,259.7075185375068,1.9246665301815777,True
batch1,AUG_subspace-d20-n400-g1000-k1-rho0p3-r0,400,20,0.3,0.29676085609806074,1.0988181795872838,1.7794428970106784,True
batch1,AUG_subspace-d50-n400-g10000-k1-rho0p3-r0,400,50,0.3,0.2995234749968621,1.0418836166931025,1.7741517096120718,True
batch1,AUG_subspace-d3-n400-g1000-k1-rho0p1-r0,400,3,0.1,0.10203911333670353,2.0378221832784558,1.950502380000826,True
batch1,AUG_subspace-d3-n700-g10000-k1-rho0p3-r0,700,3,0.3,1.3082758460981232,190.81153876204183,1.7769820168823551,True
batch1,AUG_subspace-d10-n700-g10000-k1-rho0p1-r0,700,10,0.1,1.8012818203106242,353.10417872971874,1.9277509643850363,True
batch1,AUG_subspace-d10-n1000-g1000-k1-rho0p1-r0,1000,10,0.1,0.2182387824054266,611.6249766038779,1.9386959452315307,True
batch1,AUG_subspace-d3-n700-g100-k1-rho0p1-r0,700,3,0.1,0.6142986914307055,645.2443218927488,1.9433280570869402,True
batch1,AUG_subspace-d2-n1000-g100-k1-rho0p1-r0,1000,2,0.1,0.1402334462537261,243.27571315593508,1.9490919363910792,True
batch1,AUG_subspace-d20-n1000-g100-k1-rho0p1-r0,1000,20,0.1,0.10026962627153732,1.0957049992041843,1.9379588008664272,True
batch1,AUG_subspace-d5-n1000-g1000-k1-rho0p1-r0,1000,5,0.1,1.198508713253681,282.7913510555321,1.9329497925095256,True
batch1,AUG_subspace-d5-n1000-g100-k1-rho0p3-r0,1000,5,0.3,3.9410068956390685,76.82585323136091,1.7374612083571792,True
batch1,AUG_subspace-d2-n1000-g1000-k1-rho0p3-r0,1000,2,0.3,0.37228226104625833,12.500722079334297,1.8127039492896682,True
batch1,AUG_subspace-d20-n1000-g100-k1-rho0p3-r0,1000,20,0.3,1.5904683921126632,575.2690534676343,1.7612738267975836,True
batch1,AUG_subspace-d10-n1000-g10000-k1-rho0p3-r0,1000,10,0.3,0.30196704098439003,1.3882101398574322,1.7688818272709976,True
batch1,AUG_subspace-d3-n1000-g100-k1-rho0p1-r0,1000,3,0.1,3.236472392234907,107.15552393564892,1.9130469869864641,True
batch1,AUG_collinear-d20-n1000-g1000-rho1-r0,1000,20,1.0,1.002246460557028,1.1048144153414996,1.4163569330524923,True
batch1,AUG_collinear-d50-n1000-g10000-rho1-r0,1000,50,1.0,1.0035734422423799,1.0403871773844895,1.3751921431251422,True
batch1,AUG_curve-d2-n50-g10000-rho0p3-shapearc-r0,50,2,0.3,5.436911350411101,1.8340333794462895,1.7066476950076177,False
batch1,AUG_subspace-d5-n50-g1000-k1-rho0p1-r0,50,5,0.1,0.16826506538675795,3.9799731350204484,1.9474868015997198,False
batch1,AUG_curve-d5-n200-g1000-rho0p3-shapearc-r0,200,5,0.3,53.136224758383214,1.6968145539555097,1.3231403582740555,True
batch1,AUG_subspace-d10-n200-g10000-k1-rho0p1-r0,200,10,0.1,0.7246977008731833,122.8919227204512,1.9484828287472704,True
batch1,AUG_subspace-d2-n100-g100-k1-rho0p1-r0,100,2,0.1,0.46021738896626846,43.92000607583748,1.9488466480419706,False
batch1,AUG_curve-d2-n200-g100-rho0p3-shapearc-r0,200,2,0.3,15.744262203454348,2.1992026347380027,1.764511611720542,True
batch1,AUG_subspace-d2-n200-g1000-k1-rho0p3-r0,200,2,0.3,0.5843203381348971,16.51425105757026,1.8735857332931003,True
batch1,AUG_curve-d50-n200-g1000-rho0p3-shapearc-r0,200,50,0.3,59.38535041062651,1.6270222027951633,1.2281864067066923,True
batch1,AUG_curve-d3-n400-g100-rho0p3-shapearc-r0,400,3,0.3,79.5377450616003,1.85405079800785,1.4675362900317197,True
batch1,AUG_curve-d2-n700-g1000-rho0p1-shapearc-r0,700,2,0.1,202.38481296211418,1.6907704908925845,1.2502652116366015,True
batch1,AUG_subspace-d5-n700-g100-k1-rho0p1-r0,700,5,0.1,1.8810141450531,62.72725830491846,1.9473069347328815,True
batch1,AUG_curve-d10-n200-g1000-rho0p3-shapearc-r0,200,10,0.3,17.331530860444115,1.9842630919885254,1.737538511197025,True
batch1,AUG_curve-d10-n700-g10000-rho0p1-shapearc-r0,700,10,0.1,58.71229421515038,1.9618909144618302,1.819002614058771,True
batch1,AUG_curve-d20-n700-g100-rho0p3-shapearc-r0,700,20,0.3,72.35827606251355,2.145863933915996,1.6745177233178206,True
batch1,AUG_curve-d3-n200-g10000-rho0p1-shapearc-r0,200,3,0.1,29.98481571456206,1.8143738952605122,1.6464693054474207,True
batch1,AUG_subspace-d2-n100-g10000-k1-rho0p1-r0,100,2,0.1,0.09826305876514255,3.840320282142069,1.9568074632008676,False
batch1,AUG_curve-d2-n400-g100-rho0p1-shapearc-r0,400,2,0.1,102.15784804131137,1.7452885835838223,1.3645760821782857,True
batch1,AUG_curve-d10-n1000-g10000-rho0p1-shapearc-r0,1000,10,0.1,202.0657102846591,1.8302539472716768,1.5086429659712646,True
batch1,AUG_curve-d2-n200-g10000-rho0p1-shapearc-r0,200,2,0.1,44.41378526705216,1.8523228130570641,1.4395484353082049,True
batch1,AUG_curve-d3-n200-g1000-rho0p3-shapearc-r0,200,3,0.3,40.02374773513372,2.16029159617743,1.4462848478110193,True
batch1,AUG_curve-d3-n100-g1000-rho0p3-shapearc-r0,100,3,0.3,9.000981323285696,2.3008834427183276,1.7341551114771034,False
batch1,AUG_curve-d5-n200-g100-rho0p3-shapearc-r0,200,5,0.3,45.12961798715519,1.580607144361107,1.4336571707830312,True
batch1,AUG_curve-d2-n200-g10000-rho0p3-shapearc-r0,200,2,0.3,28.367229362173468,2.0129880318685096,1.623984539677715,True
batch1,AUG_curve-d10-n400-g100-rho0p3-shapearc-r0,400,10,0.3,72.5096562226997,1.9465976109569436,1.4901303020553884,True
batch1,AUG_curve-d5-n400-g100-rho0p3-shapearc-r0,400,5,0.3,57.48026793674008,1.7961942708432947,1.5869238573861242,True
batch1,AUG_curve-d10-n200-g1000-rho0p1-shapearc-r0,200,10,0.1,54.53962573218649,1.8219249634242314,1.2798909292828844,True
batch1,AUG_curve-d2-n700-g100-rho0p3-shapearc-r0,700,2,0.3,184.42018930941478,1.8265732594565156,1.2968147742605167,True
batch1,AUG_subspace-d3-n200-g1000-k1-rho0p1-r0,200,3,0.1,0.09948620041380614,1.8513163258963816,1.9619427355149306,True
batch1,AUG_curve-d50-n50-g1000-rho0p3-shapearc-r0,50,50,0.3,12.509390801288133,2.2828981087276006,1.3410744068614977,False
batch1,AUG_curve-d10-n200-g10000-rho0p1-shapearc-r0,200,10,0.1,29.867160697067195,1.916417752158303,1.6387659135788828,True
batch1,AUG_curve-d2-n100-g100-rho0p1-shapearc-r0,100,2,0.1,24.973422563791154,1.8292025081065195,1.404424005858505,False
batch1,AUG_curve-d2-n400-g1000-rho0p1-shapearc-r0,400,2,0.1,103.70302752312739,1.64237542350307,1.3548462526396592,True
batch1,AUG_curve-d50-n400-g10000-rho0p1-shapearc-r0,400,50,0.1,101.23737129443467,1.6654536717206347,1.3643631277983546,True
batch1,AUG_curve-d20-n700-g1000-rho0p3-shapearc-r0,700,20,0.3,114.95952225488477,1.7890881040427151,1.5421404531108236,True
batch1,AUG_curve-d50-n700-g10000-rho0p3-shapearc-r0,700,50,0.3,145.18785054371486,1.8621793242834983,1.4404262403011407,True
batch1,AUG_curve-d10-n50-g1000-rho0p3-shapearc-r0,50,10,0.3,5.927393056278975,1.9279561879251534,1.6552426593544969,False
batch1,AUG_curve-d20-n100-g10000-rho0p3-shapearc-r0,100,20,0.3,18.815926648784682,1.7866127600994457,1.5280977359739023,False
batch1,AUG_curve-d2-n700-g10000-rho0p3-shapearc-r0,700,2,0.3,133.86439950204968,1.6895417213924182,1.5032967285566925,True
batch1,AUG_curve-d50-n100-g1000-rho0p1-shapearc-r0,100,50,0.1,22.726458756223924,1.8858268698890372,1.4517360162312178,False
batch1,AUG_curve-d3-n700-g1000-rho0p1-shapearc-r0,700,3,0.1,85.51689526354426,1.9998194090467343,1.6972541665023027,True
batch1,AUG_curve-d5-n400-g1000-rho0p1-shapearc-r0,400,5,0.1,94.42955808631895,1.8258547702065109,1.4009432194545537,True
batch1,AUG_curve-d50-n200-g100-rho0p3-shapearc-r0,200,50,0.3,16.31930998394207,2.019294821679618,1.7391899112527713,True
batch1,AUG_curve-d20-n1000-g10000-rho0p3-shapearc-r0,1000,20,0.3,246.36672491685454,1.753102184768947,1.3396886391451395,True
batch1,AUG_curve-d10-n700-g100-rho0p1-shapearc-r0,700,10,0.1,72.88230036189303,2.065203247520856,1.7560757957712643,True
batch1,AUG_curve-d10-n400-g1000-rho0p1-shapearc-r0,400,10,0.1,86.1539109903778,1.9587709547362653,1.442565376737635,True
batch1,AUG_curve-d50-n1000-g100-rho0p1-shapearc-r0,1000,50,0.1,259.4544449262896,1.6952886767185118,1.354299210517299,True
batch1,AUG_curve-d3-n700-g100-rho0p3-shapearc-r0,700,3,0.3,58.109674543512,2.0668309895608963,1.7467983297306482,True
batch1,AUG_curve-d20-n1000-g1000-rho0p3-shapearc-r0,1000,20,0.3,251.91069583034175,1.6939026488309727,1.3340765159668058,True
batch1,AUG_curve-d5-n1000-g100-rho0p1-shapearc-r0,1000,5,0.1,202.74079316199956,1.7732025248905294,1.515923304014778,True
batch1,AUG_curve-d10-n1000-g1000-rho0p1-shapearc-r0,1000,10,0.1,176.61013281243862,1.958724276688343,1.5597464403949541,True
batch1,AUG_curve-d5-n100-g10000-rho0p1-shapearc-r0,100,5,0.1,20.502419354102432,1.817420223743558,1.482138284111287,False
batch1,AUG_curve-d3-n1000-g100-rho0p1-shapearc-r0,1000,3,0.1,213.9317475448576,1.7341782994214205,1.479389961748458,True
batch1,AUG_curve-d5-n200-g1000-rho0p1-shapearc-r0,200,5,0.1,17.84007402434746,1.6900331495298058,1.810563998405899,True
batch1,AUG_curve-d20-n400-g1000-rho0p1-shapearc-r0,400,20,0.1,41.318845477108034,1.8795561976620048,1.7654831090042948,True
batch1,AUG_curve-d5-n700-g100-rho0p1-shapearc-r0,700,5,0.1,118.41847686331944,1.9049984823303603,1.5853921614423443,True
batch1,AUG_curve-d10-n400-g100-rho0p1-shapearc-r0,400,10,0.1,49.862637458171484,1.954138998311326,1.695754511149971,True
batch1,AUG_curve-d3-n1000-g1000-rho0p3-shapearc-r0,1000,3,0.3,133.14114960033274,2.0295920469369495,1.619789555250165,True
batch1,AUG_curve-d3-n700-g10000-rho0p1-shapearc-r0,700,3,0.1,97.22014033920084,1.9223218414964918,1.67024691247889,True
batch1,AUG_curve-d10-n700-g100-rho0p3-shapearc-r0,700,10,0.3,114.15723429168345,1.9029975445290017,1.539657194890888,True
batch1,AUG_curve-d50-n700-g10000-rho0p1-shapearc-r0,700,50,0.1,94.98023585483159,1.9683455864585362,1.6676151832620127,True
batch1,AUG_curve-d10-n1000-g10000-rho0p3-shapearc-r0,1000,10,0.3,95.24730914182865,2.00847099512358,1.7013612297102585,True
batch1,AUG_subspace-d20-n400-g100-k1-rho0p1-r0,400,20,0.1,0.0996992501640766,1.1105484579012461,1.9487318931264137,True
batch1,AUG_curve-d2-n700-g1000-rho0p3-shapearc-r0,700,2,0.3,73.76729256390587,2.076275504581885,1.6907853773241734,True
batch1,AUG_subspace-d10-n1000-g100-k1-rho0p1-r0,1000,10,0.1,2.4340098479754992,205.6890388021466,1.9377972967948665,True
batch1,AUG_curve-d5-n1000-g100-rho0p3-shapearc-r0,1000,5,0.3,149.6807348850217,1.8991727791920043,1.5717884846761219,True
batch1,AUG_curve-d5-n1000-g1000-rho0p1-shapearc-r0,1000,5,0.1,85.17015577031876,2.0884468140210157,1.8185616892796874,True
batch1,AUG_curve-d20-n1000-g100-rho0p3-shapearc-r0,1000,20,0.3,87.22621405207853,2.016052782596172,1.7213854286701968,True
batch1,AUG_curve-d20-n1000-g1000-rho0p1-shapearc-r0,1000,20,0.1,99.54638941470874,2.0661692359772017,1.7685703371683703,True
batch1,AUG_curve-d2-n1000-g1000-rho0p3-shapearc-r0,1000,2,0.3,143.4084948542895,1.9501199381476813,1.605415454372091,True
batch1,AUG_filament-d2-n200-g10000-n_fil2-rho0p1-sep_rho10-r0,200,2,0.1,9.888281558618129,1.1312392686417654,1.049353239717547,True
batch1,AUG_filament-d3-n400-g10000-n_fil2-rho0p1-sep_rho3-r0,400,3,0.1,2.992439384095629,1.0333154216257416,1.0677815139427675,True
batch1,AUG_filament-d3-n50-g100-n_fil3-rho0p1-sep_rho10-r0,50,3,0.1,9.932955331511206,2.2986687551463216,1.3058237682290332,False
batch1,AUG_filament-d2-n700-g1000-n_fil2-rho0p1-sep_rho10-r0,700,2,0.1,10.01417483378746,1.0066963121848622,1.0177953358639709,True
batch1,AUG_filament-d10-n100-g1000-n_fil3-rho0p1-sep_rho10-r0,100,10,0.1,21.774468401219483,1.758603590397887,1.2642862938642923,False
batch1,AUG_filament-d3-n200-g100-n_fil2-rho0p1-sep_rho3-r0,200,3,0.1,3.0069162038445953,1.0061439147094458,1.0922941875207641,True
batch1,AUG_filament-d50-n200-g1000-n_fil2-rho0p1-sep_rho3-r0,200,50,0.1,3.019783872057432,1.0067754285388264,1.0459954968503882,True
batch1,AUG_filament-d5-n400-g100-n_fil2-rho0p1-sep_rho3-r0,400,5,0.1,2.9840183004843426,1.1563069661513832,1.0515105004884457,True
batch1,AUG_filament-d5-n700-g1000-n_fil2-rho0p1-sep_rho3-r0,700,5,0.1,3.0179692866812258,1.0026232762930964,1.0458716663675596,True
batch1,AUG_filament-d2-n200-g100-n_fil2-rho0p1-sep_rho3-r0,200,2,0.1,3.0592525366137244,1.016845775240593,1.0815775212795848,True
batch1,AUG_filament-d2-n100-g1000-n_fil2-rho0p1-sep_rho10-r0,100,2,0.1,10.04520717133767,1.019766696719008,1.0958186551816071,False
batch1,AUG_filament-d50-n400-g100-n_fil2-rho0p1-sep_rho10-r0,400,50,0.1,9.974388625344718,1.0446385333003905,1.0251546489427548,True
batch1,AUG_filament-d5-n400-g10000-n_fil3-rho0p1-sep_rho3-r0,400,5,0.1,7.176429821710785,1.5950359417608502,1.0843582859421217,True
batch1,AUG_filament-d20-n400-g1000-n_fil3-rho0p1-sep_rho3-r0,400,20,0.1,7.2862995869910945,1.540911992364023,1.0876230030196525,True
batch1,AUG_filament-d10-n200-g1000-n_fil3-rho0p1-sep_rho3-r0,200,10,0.1,7.07375125980819,1.6529083998102578,1.095278670865428,True
batch1,AUG_filament-d5-n200-g100-n_fil2-rho0p1-sep_rho3-r0,200,5,0.1,3.0433256575786993,1.0025731680676615,1.056316113788252,True
batch1,AUG_filament-d20-n200-g100-n_fil3-rho0p1-sep_rho3-r0,200,20,0.1,7.522075805512791,1.4546882650410815,1.1314689802427509,True
batch1,AUG_filament-d2-n100-g1000-n_fil3-rho0p1-sep_rho3-r0,100,2,0.1,7.392760290865149,1.5860976130091222,1.0956688886274388,False
batch1,AUG_filament-d2-n100-g1000-n_fil2-rho0p1-sep_rho3-r0,100,2,0.1,3.023895333273715,1.0714583084267422,1.0552523137266479,False
batch1,AUG_filament-d10-n400-g1000-n_fil3-rho0p1-sep_rho3-r0,400,10,0.1,7.344937090710426,1.517728845756219,1.0959826485727442,True
batch1,AUG_filament-d2-n400-g10000-n_fil2-rho0p1-sep_rho10-r0,400,2,0.1,10.032002018913554,1.030048737707659,1.0268506394712205,True
batch1,AUG_filament-d2-n400-g1000-n_fil2-rho0p1-sep_rho10-r0,400,2,0.1,10.023068613318893,1.0231514248388394,1.025165849806359,True
batch1,AUG_subspace-d5-n700-g10000-k2-rho0p3-r0,700,5,0.3,133.52220957275193,2.5256575104760173,1.1138695318370784,True
batch1,AUG_subspace-d10-n1000-g100-k3-rho0p1-r0,1000,10,0.1,247.33706679415366,1.7042035708898473,1.1147099715330422,True
batch1,AUG_subspace-d5-n50-g100-k3-rho0p3-r0,50,5,0.3,13.565581221661393,1.4988892653425676,1.1421571780329032,False
batch1,AUG_subspace-d20-n400-g10000-k2-rho0p3-r0,400,20,0.3,65.3902923919607,2.499743760416312,1.1164999875403563,True
batch1,AUG_subspace-d10-n200-g100-k2-rho0p1-r0,200,10,0.1,38.32489150992803,2.6065428341658685,1.1835779146316086,True
batch1,AUG_subspace-d20-n1000-g10000-k3-rho0p1-r0,1000,20,0.1,214.04910764727543,1.910681487262713,1.1162823832126296,True
batch1,AUG_subspace-d20-n200-g1000-k2-rho0p1-r0,200,20,0.1,35.64139371863944,2.6992654350090755,1.1797389219705106,True
batch1,AUG_subspace-d50-n200-g10000-k3-rho0p3-r0,200,50,0.3,43.62366652302606,1.6717655646598149,1.0931604946338553,True
batch1,AUG_subspace-d20-n400-g1000-k3-rho0p1-r0,400,20,0.1,82.82502909717482,1.886261524506799,1.1469128941804392,True
batch1,AUG_subspace-d50-n200-g1000-k2-rho0p1-r0,200,50,0.1,32.96246784498889,3.1359082233122173,1.145104312444083,True
batch1,AUG_subspace-d10-n700-g1000-k3-rho0p3-r0,700,10,0.3,175.42241946816716,1.7860788439092747,1.1032935017914036,True
batch1,AUG_subspace-d5-n700-g10000-k3-rho0p1-r0,700,5,0.1,181.54063314218982,1.745837945540046,1.1071761377965001,True
batch1,AUG_filament-d20-n700-g1000-n_fil3-rho0p1-sep_rho3-r0,700,20,0.1,7.3084772942332235,1.5357040315436181,1.0865017017404637,True
batch1,AUG_subspace-d5-n700-g100-k3-rho0p1-r0,700,5,0.1,177.73530702445288,1.6243771302521481,1.1086901735191803,True
batch1,AUG_subspace-d3-n400-g1000-k2-rho0p1-r0,400,3,0.1,82.49921082801815,2.08707104165266,1.12822656846645,True
batch1,AUG_subspace-d5-n400-g10000-k2-rho0p3-r0,400,5,0.3,76.3317768582397,2.8116923392563105,1.1232177038248485,True
batch1,AUG_filament-d5-n700-g100-n_fil3-rho0p1-sep_rho3-r0,700,5,0.1,7.575292886295045,1.4295907500388534,1.086983243249454,True
batch1,AUG_subspace-d10-n400-g1000-k2-rho0p3-r0,400,10,0.3,70.18417460421568,2.4672678542134268,1.1135731314558592,True
batch1,AUG_subspace-d3-n1000-g10000-k2-rho0p3-r0,1000,3,0.3,228.45225821324738,2.271624974259162,1.0986719283526412,True
batch1,AUG_curve-d3-n100-g1000-rho0p3-shapespiral-r0,100,3,0.3,19.34679119240139,3.6078318692842632,1.097249343678193,False
batch1,AUG_curve-d20-n100-g1000-rho0p1-shapesinusoid-r0,100,20,0.1,17.31969941316002,1.5176314329095344,1.1561411660768293,False
batch1,AUG_filament-d10-n200-g100-n_fil3-rho0p1-sep_rho10-r0,200,10,0.1,24.51365189979939,1.5304206728058838,1.2360357837476585,True
batch1,AUG_curve-d10-n400-g100-rho0p3-shapespiral-r0,400,10,0.3,89.81432055782919,2.6216835018177074,1.09819476503189,True
batch1,AUG_curve-d10-n700-g100-rho0p1-shapesinusoid-r0,700,10,0.1,125.70110903915057,1.5856843732072603,1.1935620316146427,True
batch1,AUG_curve-d3-n1000-g100-rho0p1-shapespiral-r0,1000,3,0.1,221.09712765271092,2.5381961631137626,1.136668736917167,True
batch1,AUG_curve-d2-n1000-g10000-rho0p1-shapesinusoid-r0,1000,2,0.1,177.7577889450811,1.5174042588594008,1.1731316125246702,True
batch1,AUG_curve-d10-n400-g100-rho0p3-shapesinusoid-r0,400,10,0.3,65.35599833572522,1.7646260494462642,1.1348664797663728,True
batch1,AUG_filament-d10-n200-g10000-n_fil3-rho0p1-sep_rho10-r0,200,10,0.1,24.452230625713256,1.510336796706152,1.2493603697832794,True
batch1,AUG_curve-d50-n1000-g1000-rho0p1-shapesinusoid-r0,1000,50,0.1,173.20136818627344,1.6304014757270613,1.1173279366814193,True
batch1,AUG_curve-d20-n1000-g1000-rho0p3-shapespiral-r0,1000,20,0.3,214.9036382563139,2.639868192548699,1.0719066237403152,True
batch1,AUG_curve-d10-n200-g100-rho0p1-shapespiral-r0,200,10,0.1,42.18447362428613,2.6470900722655752,1.0625714197257492,True
batch1,AUG_curve-d3-n1000-g100-rho0p3-shapespiral-r0,1000,3,0.3,217.55646722765417,2.6673021499384126,1.1166531727659843,True
batch1,AUG_curve-d10-n400-g100-rho0p1-shapesinusoid-r0,400,10,0.1,69.90122941246743,1.5505890081183127,1.126563726999353,True
batch1,AUG_filament-d20-n700-g100-n_fil3-rho0p1-sep_rho3-r0,700,20,0.1,7.315030447771747,1.534689413607693,1.087222868954161,True
batch1,AUG_curve-d50-n1000-g100-rho0p3-shapespiral-r0,1000,50,0.3,217.4824797943394,2.584651770247172,1.072736926087996,True
batch1,AUG_subspace-d3-n1000-g100-k2-rho0p3-r0,1000,3,0.3,212.63426291315912,2.205977802188077,1.1138990086453764,True
batch1,AUG_curve-d10-n200-g1000-rho0p1-shapesinusoid-r0,200,10,0.1,33.50169684834729,1.8786522323659374,1.1143006472297874,True
batch1,AUG_subspace-d10-n700-g1000-k2-rho0p3-r0,700,10,0.3,122.93664355082315,2.6463776435341853,1.1062782568698566,True
batch1,AUG_filament-d10-n1000-g10000-n_fil3-rho0p1-sep_rho3-r0,1000,10,0.1,7.200819353360448,1.5698137826282486,1.0925172139959278,True
batch1,AUG_subspace-d3-n700-g100-k2-rho0p1-r0,700,3,0.1,165.43230351483794,2.082751121997357,1.1090596646712645,True
batch1,AUG_filament-d50-n700-g100-n_fil3-rho0p1-sep_rho10-r0,700,50,0.1,24.692844557197155,1.4881476018823527,1.2974182680454887,True
batch1,AUG_curve-d50-n100-g100-rho0p3-shapespiral-r0,100,50,0.3,17.573159440075816,3.339745348779177,1.1555361466567384,False
batch1,AUG_curve-d2-n100-g1000-rho0p3-shapespiral-r0,100,2,0.3,21.147590941164466,2.82438048487555,1.114142868879094,False
batch1,AUG_curve-d50-n100-g1000-rho0p1-shapespiral-r0,100,50,0.1,20.844272456923008,2.642058660192961,1.1624188721485467,False
batch1,AUG_curve-d2-n400-g10000-rho0p3-shapesinusoid-r0,400,2,0.3,68.07506282733357,2.003801350130178,1.3960793497334598,True
batch1,AUG_curve-d2-n400-g100-rho0p3-shapesinusoid-r0,400,2,0.3,72.85532073114557,1.551769758247113,1.3372025875580633,True
batch1,AUG_curve-d50-n200-g10000-rho0p1-shapespiral-r0,200,50,0.1,42.22938199687949,2.6120490128153317,1.1251298461840678,True
batch1,AUG_curve-d50-n100-g10000-rho0p3-shapesinusoid-r0,100,50,0.3,17.18832136641202,1.7738222481293986,1.2504207472865017,False
batch1,AUG_curve-d2-n400-g10000-rho0p1-shapesinusoid-r0,400,2,0.1,70.08971246303655,1.5498419448645633,1.1672921830184444,True
batch1,AUG_filament-d50-n700-g1000-n_fil3-rho0p1-sep_rho10-r0,700,50,0.1,24.73668245411425,1.4857976602510488,1.292102089292984,True
batch1,AUG_curve-d5-n100-g100-rho0p1-shapesinusoid-r0,100,5,0.1,16.939041943189846,2.195251969138491,1.162578324393427,False
batch1,AUG_curve-d3-n200-g100-rho0p1-shapespiral-r0,200,3,0.1,40.27752201702696,2.763800888278851,1.085418976118931,True
batch1,AUG_curve-d20-n700-g10000-rho0p1-shapesinusoid-r0,700,20,0.1,122.69716870410501,1.5910122436991272,1.346831787325214,True
batch1,AUG_curve-d2-n100-g1000-rho0p3-shapesinusoid-r0,100,2,0.3,17.649451520531258,1.5494254849349438,1.176454370288722,False
batch1,AUG_curve-d10-n1000-g100-rho0p1-shapespiral-r0,1000,10,0.1,207.63931163982525,2.7056332288796217,1.07744741120346,True
batch1,AUG_curve-d3-n1000-g10000-rho0p1-shapespiral-r0,1000,3,0.1,226.90282422440967,2.4962741864070943,1.1283219860742526,True
batch1,AUG_curve-d50-n1000-g10000-rho0p3-shapespiral-r0,1000,50,0.3,227.26165582803802,2.3409699349506523,1.1556436431121455,True
batch1,AUG_curve-d5-n1000-g1000-rho0p3-shapespiral-r0,1000,5,0.3,224.1798945682698,2.6300136357404784,1.0804679816258358,True
batch1,AUG_curve-d10-n400-g10000-rho0p3-shapespiral-r0,400,10,0.3,90.48728653540935,2.4342191787787533,1.1210043084321133,True
batch1,AUG_curve-d50-n400-g1000-rho0p3-shapespiral-r0,400,50,0.3,90.1752530299822,2.4996169024849224,1.0515903349077727,True
batch1,AUG_curve-d2-n1000-g1000-rho0p3-shapespiral-r0,1000,2,0.3,220.67986615354056,2.5500691866009992,1.1103148113397348,True
batch1,AUG_curve-d3-n100-g100-rho0p3-shapesinusoid-r0,100,3,0.3,17.990024083335502,1.873444457918198,1.1787438898778817,False
batch1,AUG_curve-d50-n1000-g1000-rho0p3-shapesinusoid-r0,1000,50,0.3,165.74877410251003,1.7832197308927238,1.295014616970323,True
batch1,AUG_curve-d10-n1000-g10000-rho0p3-shapesinusoid-r0,1000,10,0.3,178.59882987302234,1.7181444944841062,1.2592986526407455,True
batch1,AUG_curve-d3-n200-g100-rho0p3-shapespiral-r0,200,3,0.3,50.085002269774265,2.939419616520962,1.0932056852104357,True
batch1,AUG_curve-d20-n200-g10000-rho0p3-shapespiral-r0,200,20,0.3,42.614281202342355,2.589920664171971,1.0877286950540543,True
batch1,AUG_curve-d10-n50-g100-rho0p1-shapesinusoid-r0,50,10,0.1,8.940148018039125,1.5438012700304298,1.2095540254616581,False
batch1,AUG_curve-d10-n1000-g100-rho0p3-shapespiral-r0,1000,10,0.3,229.282737866717,2.403147899102528,1.1519341940641739,True
batch1,AUG_curve-d20-n100-g10000-rho0p1-shapespiral-r0,100,20,0.1,20.687978229088163,2.825001218148151,1.0960895081612234,False
batch1,AUG_curve-d5-n100-g100-rho0p1-shapespiral-r0,100,5,0.1,20.712654338695323,2.662125521628185,1.104626997346339,False
batch1,AUG_curve-d20-n200-g10000-rho0p1-shapesinusoid-r0,200,20,0.1,36.29390824470294,1.8210359231230382,1.1853144881607722,True
batch1,AUG_curve-d50-n400-g10000-rho0p3-shapesinusoid-r0,400,50,0.3,71.02738183313876,1.8276613705425944,1.2255959098697833,True
batch1,AUG_curve-d50-n200-g1000-rho0p1-shapespiral-r0,200,50,0.1,42.60872660293996,2.8307068555484065,1.057742735570232,True
batch1,AUG_curve-d3-n400-g1000-rho0p3-shapespiral-r0,400,3,0.3,88.42624741087147,2.5243098811729743,1.0768858932732923,True
batch1,AUG_curve-d50-n400-g10000-rho0p1-shapesinusoid-r0,400,50,0.1,68.38763106751553,1.8443879205487252,1.109840521659373,True
batch1,AUG_curve-d50-n700-g100-rho0p3-shapespiral-r0,700,50,0.3,156.64918208274105,2.453876162095666,1.1078466422795243,True
batch1,AUG_curve-d2-n700-g100-rho0p3-shapesinusoid-r0,700,2,0.3,120.76591650388954,1.7548766944124934,1.1953925658269833,True
batch1,AUG_curve-d50-n1000-g1000-rho0p3-shapespiral-r0,1000,50,0.3,223.0779107079624,2.5163718008219322,1.1144741842793895,True
batch1,AUG_curve-d5-n700-g100-rho0p3-shapesinusoid-r0,700,5,0.3,125.95366774133466,1.544923597020159,1.129825806554822,True
batch1,AUG_curve-d10-n700-g1000-rho0p1-shapesinusoid-r0,700,10,0.1,123.05623368753984,1.7207584815050427,1.1979332634537916,True
batch1,AUG_curve-d2-n1000-g100-rho0p3-shapespiral-r0,1000,2,0.3,220.1312411300904,2.516703610766924,1.1370213273518917,True
batch1,AUG_curve-d50-n1000-g1000-rho0p1-shapespiral-r0,1000,50,0.1,223.18475005501625,2.5571006766549074,1.0908789847747338,True
batch1,AUG_curve-d5-n700-g10000-rho0p3-shapesinusoid-r0,700,5,0.3,119.21396805616915,1.6972240499064457,1.157758855627673,True
batch1,AUG_curve-d3-n1000-g1000-rho0p3-shapesinusoid-r0,1000,3,0.3,177.96241160977561,1.576725535238041,1.1873990565901922,True
batch1,AUG_curve-d20-n1000-g100-rho0p1-shapesinusoid-r0,1000,20,0.1,173.2836219203579,1.5543120763404727,1.1808797806039288,True
batch1,AUG_curve-d10-n1000-g100-rho0p3-shapesinusoid-r0,1000,10,0.3,176.0841780736165,1.528370390357881,1.174022403279613,True
batch1,AUG_curve-d20-n1000-g10000-rho0p3-shapesinusoid-r0,1000,20,0.3,176.75806286120417,1.5490474923159052,1.1546059850146775,True
batch1,AUG_curve-d10-n200-g1000-rho0p3-shapespiral-r0,200,10,0.3,42.537172297456365,2.50943249513759,1.0976008990332213,True
batch1,AUG_curve-d50-n100-g1000-rho0p3-shapespiral-r0,100,50,0.3,22.40298009242234,2.7136005868275808,1.0813309231338692,False
batch1,AUG_curve-d5-n200-g1000-rho0p1-shapespiral-r0,200,5,0.1,47.25526548723665,2.2559553921721878,1.1360711500997094,True
batch1,AUG_curve-d3-n400-g1000-rho0p3-shapesinusoid-r0,400,3,0.3,70.45280690102004,1.7951293257523355,1.2488680141109672,True
batch1,AUG_curve-d10-n400-g10000-rho0p3-shapesinusoid-r0,400,10,0.3,69.18689635273296,1.571097701547254,1.2166084919169518,True
batch1,AUG_curve-d2-n400-g1000-rho0p1-shapesinusoid-r0,400,2,0.1,69.1883809252296,1.5727220533071515,1.180709987018743,True
batch1,AUG_curve-d20-n700-g1000-rho0p1-shapespiral-r0,700,20,0.1,166.3272117906418,2.2779191442636653,1.1712044452217696,True
batch1,AUG_curve-d50-n700-g100-rho0p3-shapesinusoid-r0,700,50,0.3,121.2647530820752,1.5688628510175198,1.2138039249936303,True
batch1,AUG_curve-d20-n700-g1000-rho0p1-shapesinusoid-r0,700,20,0.1,123.3961949591312,1.6625885757663479,1.2104235511113,True
batch1,AUG_curve-d2-n1000-g10000-rho0p3-shapespiral-r0,1000,2,0.3,219.61564420192198,2.5236894954657987,1.154789171753923,True
batch1,AUG_curve-d10-n1000-g1000-rho0p1-shapespiral-r0,1000,10,0.1,214.89762014355352,2.628566505246061,1.0912895452896934,True
batch2,AUG_collinear-d10-n100-g1000-rho4-r0,100,10,4.0,4.048065608478304,1.2155973509710365,1.1291930989957493,False
batch2,AUG_collinear-d5-n200-g1000-rho8-r0,200,5,8.0,7.726678546131886,1.4928558616579577,1.1301179207856362,True
batch2,AUG_collinear-d20-n100-g100-rho64-r0,100,20,64.0,47.74600044560828,1.0995186741662506,1.0884428841964569,False
batch2,AUG_collinear-d2-n200-g10000-rho16-r0,200,2,16.0,12.930605886382002,2.8548795639186,1.1648565292753417,True
batch2,AUG_collinear-d50-n200-g10000-rho8-r0,200,50,8.0,8.094207389772965,1.043067530970817,1.0523337670060642,True
batch2,AUG_collinear-d10-n400-g10000-rho4-r0,400,10,4.0,4.0274301926871,1.1868058536384505,1.1084827630186693,True
batch2,AUG_collinear-d20-n400-g10000-rho2-r0,400,20,2.0,1.9828334498533866,1.1090392073047408,1.18944398030111,True
batch2,AUG_collinear-d2-n400-g1000-rho8-r0,400,2,8.0,7.360087814242443,2.9395435413526116,1.194994749391247,True
batch2,AUG_collinear-d3-n700-g1000-rho100-r0,700,3,100.0,71.97332028815585,2.0291406169427666,1.1403454527194146,True
batch2,AUG_collinear-d2-n400-g10000-rho4-r0,400,2,4.0,4.003867685725772,2.8782686163554083,1.2120165745856353,True
batch2,AUG_collinear-d10-n200-g1000-rho8-r0,200,10,8.0,7.6489449091383435,1.236475737119184,1.100860610385389,True
batch2,AUG_collinear-d3-n700-g10000-rho100-r0,700,3,100.0,79.49878236117185,2.1537002140647274,1.1368969182167121,True
batch2,AUG_collinear-d50-n200-g10000-rho64-r0,200,50,64.0,58.61294973965376,1.0383649643359207,1.0490124750180128,True
batch2,AUG_collinear-d2-n1000-g1000-rho2-r0,1000,2,2.0,1.9906330611488972,3.0239597314584894,1.2917651467849611,True
batch2,AUG_collinear-d2-n1000-g10000-rho4-r0,1000,2,4.0,4.047638020484909,2.8617390356812744,1.2081215778751633,True
batch2,AUG_collinear-d50-n400-g1000-rho64-r0,400,50,64.0,59.57997778988657,1.0384683085508546,1.050764268329144,True
batch2,AUG_collinear-d2-n100-g10000-rho100-r0,100,2,100.0,25.818955442510966,2.3672484267555967,1.1613421538229793,False
batch2,AUG_collinear-d20-n1000-g100-rho4-r0,1000,20,4.0,4.002085417388196,1.1090303700966841,1.0903011127390994,True
batch2,AUG_collinear-d50-n1000-g10000-rho8-r0,1000,50,8.0,8.019114859738904,1.0406413753072934,1.0476032697488402,True
batch2,AUG_collinear-d10-n400-g100-rho4-r0,400,10,4.0,4.090500513778344,1.2001330574238271,1.0986940828773493,True
batch2,AUG_collinear-d2-n400-g100-rho64-r0,400,2,64.0,42.46464543722405,2.858860874101367,1.1425277547531256,True
batch2,AUG_collinear-d50-n700-g100-rho4-r0,700,50,4.0,3.98431410269745,1.040731846234056,1.0721442334531697,True
batch2,AUG_collinear-d5-n100-g1000-rho100-r0,100,5,100.0,38.11947240188079,1.3736567088333393,1.1199766051527307,False
batch2,AUG_collinear-d20-n700-g1000-rho16-r0,700,20,16.0,15.76651398014833,1.0946085147527689,1.0661973215599307,True
batch2,AUG_collinear-d20-n400-g1000-rho4-r0,400,20,4.0,4.042011532350761,1.0932967166031873,1.0895962576881708,True
batch2,AUG_collinear-d10-n1000-g1000-rho16-r0,1000,10,16.0,15.818034318365218,1.2211496867797305,1.0933711733652693,True
batch2,AUG_collinear-d50-n200-g10000-rho2-r0,200,50,2.0,2.0010810670310843,1.03526844111517,1.1643121507688963,True
batch2,AUG_collinear-d3-n400-g1000-rho32-r0,400,3,32.0,25.45621153245035,2.0393717163937652,1.1577511123718027,True
batch2,AUG_collinear-d5-n200-g10000-rho100-r0,200,5,100.0,50.953735522550325,1.4253225967709902,1.1341486480446927,True
batch2,AUG_collinear-d5-n1000-g10000-rho2-r0,1000,5,2.0,1.9679442376455405,1.4635340535992771,1.2258751648498405,True
batch2,AUG_collinear-d2-n700-g1000-rho100-r0,700,2,100.0,62.656969620788736,2.832942265449546,1.1491441541560161,True
batch2,AUG_collinear-d5-n200-g1000-rho32-r0,200,5,32.0,25.3927372521792,1.569324768012753,1.1389359399626444,True
batch2,AUG_collinear-d10-n700-g10000-rho64-r0,700,10,64.0,58.34300779525135,1.2204050489755358,1.0956642338464406,True
batch2,AUG_collinear-d3-n400-g1000-rho8-r0,400,3,8.0,7.6637821658939425,1.9687838167120153,1.1621714875539852,True
batch2,AUG_collinear-d3-n200-g10000-rho8-r0,200,3,8.0,7.850370444368448,1.8543885540122433,1.174841947357061,True
batch2,AUG_collinear-d3-n700-g10000-rho64-r0,700,3,64.0,53.44971399975921,2.11506105593802,1.144104416488108,True
batch2,AUG_collinear-d3-n700-g1000-rho32-r0,700,3,32.0,28.33994127957246,1.9977547004168819,1.135764427485255,True
batch2,AUG_collinear-d5-n700-g1000-rho16-r0,700,5,16.0,15.598849051591804,1.489685410031727,1.12456660423805,True
batch2,AUG_collinear-d10-n700-g1000-rho32-r0,700,10,32.0,31.332490986192585,1.1997421328468962,1.095089384819972,True
batch2,AUG_collinear-d50-n200-g10000-rho32-r0,200,50,32.0,30.97532229777936,1.040896135613428,1.053591497213045,True
batch2,AUG_collinear-d50-n200-g100-rho100-r0,200,50,100.0,80.0338886690473,1.036993525936792,1.0556613776195884,True
batch2,AUG_collinear-d10-n1000-g10000-rho100-r0,1000,10,100.0,88.52635472337863,1.2228553184648177,1.1003306375138366,True
batch2,AUG_collinear-d20-n100-g10000-rho64-r0,100,20,64.0,43.372673479430276,1.101419185538461,1.072346632142539,False
batch2,AUG_collinear-d2-n700-g1000-rho16-r0,700,2,16.0,14.875798706025806,2.9934365316316094,1.1718749900528307,True
batch2,AUG_collinear-d5-n400-g10000-rho8-r0,400,5,8.0,8.094653165380095,1.4797858764332505,1.1278324363416303,True
batch2,AUG_collinear-d5-n200-g100-rho32-r0,200,5,32.0,23.338670376771212,1.4964748146970264,1.140026050106156,True
batch2,AUG_collinear-d10-n400-g1000-rho32-r0,400,10,32.0,30.328023053130877,1.2193014437357554,1.0969244573644112,True
batch2,AUG_collinear-d2-n1000-g10000-rho8-r0,1000,2,8.0,7.792008272144138,2.826094658156857,1.1667155742081026,True
batch2,AUG_collinear-d50-n200-g1000-rho100-r0,200,50,100.0,88.58444860175065,1.0377732880377188,1.047788850765991,True
batch2,AUG_collinear-d5-n400-g10000-rho32-r0,400,5,32.0,28.927857554059234,1.451782535231741,1.1271587542385697,True
batch2,AUG_collinear-d2-n200-g100-rho64-r0,200,2,64.0,37.36967719159765,3.3403243860635823,1.1486382234065575,True
batch2,AUG_collinear-d2-n200-g1000-rho8-r0,200,2,8.0,6.8872704713002575,3.1796709782913513,1.2119976681843696,True
batch2,AUG_collinear-d2-n1000-g10000-rho64-r0,1000,2,64.0,49.326426586687965,2.72138286750221,1.1485196678789742,True
batch2,AUG_collinear-d3-n200-g100-rho4-r0,200,3,4.0,4.062675497811616,2.141432260790048,1.173410385152342,True
batch2,AUG_collinear-d2-n400-g1000-rho2-r0,400,2,2.0,1.8410035246427028,3.079018464252952,1.3133214784513352,True
batch2,AUG_collinear-d3-n700-g10000-rho2-r0,700,3,2.0,1.9854375162427609,2.0836940686465106,1.2662245921946882,True
batch2,AUG_collinear-d10-n100-g10000-rho4-r0,100,10,4.0,4.1007766374508146,1.242161837975198,1.1273422140459397,False
batch2,AUG_collinear-d5-n200-g100-rho4-r0,200,5,4.0,3.993282041184468,1.5104741944250295,1.1466426017293168,True
batch2,AUG_collinear-d5-n100-g10000-rho2-r0,100,5,2.0,1.898270297103473,1.52523075882649,1.2593205834781431,False
batch2,AUG_collinear-d20-n100-g10000-rho2-r0,100,20,2.0,1.9945177404990433,1.1091481160792973,1.1869945408269322,False
batch2,AUG_collinear-d3-n200-g1000-rho4-r0,200,3,4.0,4.063520487213745,2.3670156809843186,1.2103758248726093,True
batch2,AUG_collinear-d3-n400-g100-rho4-r0,400,3,4.0,3.9896314325843254,2.054949764956542,1.1690581264561184,True
batch2,AUG_collinear-d10-n200-g1000-rho32-r0,200,10,32.0,29.99900002782119,1.2444390927736653,1.101695481826371,True
batch2,AUG_collinear-d2-n1000-g100-rho4-r0,1000,2,4.0,3.8706549727300237,3.099810858969103,1.2169574061759985,True
batch2,AUG_collinear-d10-n1000-g10000-rho8-r0,1000,10,8.0,7.821880332510951,1.2108734233788603,1.092281811959942,True
batch2,AUG_collinear-d20-n400-g1000-rho100-r0,400,20,100.0,84.753617736018,1.1039643223770808,1.0760277250637529,True
batch2,AUG_collinear-d5-n200-g10000-rho8-r0,200,5,8.0,7.948948714781046,1.464839814389108,1.1383134644749777,True
batch2,AUG_collinear-d5-n200-g100-rho8-r0,200,5,8.0,8.21010088634542,1.4294000369264594,1.1322375872122907,True
batch2,AUG_collinear-d3-n100-g100-rho64-r0,100,3,64.0,24.678932986260858,1.5318120661348915,1.1357855660731073,False
batch2,AUG_collinear-d20-n200-g10000-rho8-r0,200,20,8.0,7.858456324997508,1.1092403459784363,1.0714066842904908,True
batch2,AUG_collinear-d10-n200-g100-rho4-r0,200,10,4.0,3.9964383619104344,1.21941916252226,1.1041150266283506,True
batch2,AUG_collinear-d5-n400-g100-rho8-r0,400,5,8.0,7.871231607792446,1.4689266966963577,1.1235466130392835,True
batch2,AUG_collinear-d2-n700-g1000-rho32-r0,700,2,32.0,27.865889058372762,2.8635991614783114,1.1638913998201608,True
batch2,AUG_collinear-d20-n1000-g1000-rho64-r0,1000,20,64.0,62.64439761565614,1.1113931085411077,1.07652848148654,True
batch2,AUG_collinear-d50-n200-g1000-rho4-r0,200,50,4.0,3.9826529083321214,1.0449857427290972,1.0735080526687293,True
batch2,AUG_collinear-d2-n700-g10000-rho2-r0,700,2,2.0,1.999876715165197,2.6335633267795466,1.2835122154529854,True
batch2,AUG_collinear-d20-n100-g1000-rho32-r0,100,20,32.0,26.77041495335458,1.0892760910847301,1.0793017233229942,False
batch2,AUG_collinear-d2-n700-g1000-rho4-r0,700,2,4.0,4.035319460677582,3.2931377611022694,1.2135348527530458,True
batch2,AUG_collinear-d50-n400-g10000-rho2-r0,400,50,2.0,2.016011452928642,1.041536344695558,1.1709930433179494,True
batch2,AUG_collinear-d20-n700-g1000-rho32-r0,700,20,32.0,31.610726209404124,1.107525192748008,1.073014574402709,True
batch2,AUG_collinear-d3-n400-g100-rho8-r0,400,3,8.0,7.945254566441499,1.9380199739590331,1.1515478758831157,True
batch2,AUG_collinear-d10-n700-g100-rho64-r0,700,10,64.0,59.78875298923336,1.2317438072541493,1.101329065162866,True
batch2,AUG_collinear-d5-n1000-g1000-rho16-r0,1000,5,16.0,15.981138365224215,1.5335287457978877,1.1261476964220332,True
batch2,AUG_collinear-d50-n1000-g100-rho100-r0,1000,50,100.0,95.22672343303383,1.0454228366398917,1.0532823909637672,True
batch2,AUG_collinear-d20-n1000-g1000-rho32-r0,1000,20,32.0,31.89842798702609,1.1018551012399207,1.0744726277660057,True
batch2,AUG_collinear-d50-n700-g10000-rho16-r0,700,50,16.0,16.015230892680087,1.0411079747443837,1.046430675663199,True
batch2,AUG_collinear-d3-n1000-g1000-rho64-r0,1000,3,64.0,57.6485476413243,1.9784366830042617,1.134006675151321,True
batch2,AUG_collinear-d50-n400-g10000-rho64-r0,400,50,64.0,60.30764314826843,1.0413122946163318,1.0509980273161885,True
batch2,AUG_collinear-d3-n700-g100-rho100-r0,700,3,100.0,77.11391710593884,2.1363420063651724,1.1427478938717028,True
batch2,AUG_collinear-d5-n700-g10000-rho100-r0,700,5,100.0,79.27763631760878,1.5507180146640036,1.1274527488931418,True
batch2,AUG_collinear-d20-n200-g100-rho2-r0,200,20,2.0,1.9436094897813785,1.1048746610404787,1.195327592438976,True
batch2,AUG_collinear-d3-n700-g100-rho16-r0,700,3,16.0,14.986680789957385,1.9587006004132739,1.1382534799172181,True
batch2,AUG_collinear-d10-n700-g100-rho100-r0,700,10,100.0,89.5732455522557,1.2345681602918028,1.097108295700162,True
batch2,AUG_collinear-d2-n1000-g100-rho8-r0,1000,2,8.0,7.6768723097576315,2.9963020210547704,1.168544328213191,True
batch2,AUG_collinear-d3-n200-g10000-rho100-r0,200,3,100.0,50.634680440983345,1.7413300635394162,1.1362934438180516,True
batch2,AUG_collinear-d5-n1000-g1000-rho8-r0,1000,5,8.0,7.8667059925807825,1.5410007853425416,1.128654320339961,True
batch2,AUG_collinear-d50-n400-g1000-rho4-r0,400,50,4.0,3.9890977118866613,1.0474903227058243,1.073422886117559,True
batch2,AUG_collinear-d20-n400-g1000-rho16-r0,400,20,16.0,15.993761226252202,1.1037723810421147,1.0731885962740175,True
batch2,AUG_collinear-d10-n400-g1000-rho4-r0,400,10,4.0,3.989049630676225,1.1996026745658455,1.105380379148351,True
batch2,AUG_collinear-d10-n700-g10000-rho8-r0,700,10,8.0,7.893720809117185,1.21435980784525,1.094284659276293,True
batch2,AUG_collinear-d2-n700-g10000-rho4-r0,700,2,4.0,3.9653193564449114,2.8734237024549447,1.2076608755680494,True
batch2,AUG_collinear-d50-n200-g1000-rho64-r0,200,50,64.0,54.57728257205984,1.038288078218198,1.0487717964260006,True
batch2,AUG_collinear-d5-n700-g100-rho4-r0,700,5,4.0,3.9812870706825176,1.517579077421693,1.143502697256585,True
batch2,AUG_collinear-d10-n400-g100-rho2-r0,400,10,2.0,1.9643794613355108,1.2386627289424617,1.1919418855899389,True
batch2,AUG_collinear-d50-n400-g10000-rho16-r0,400,50,16.0,15.855329664560307,1.041095407368539,1.0484315112782134,True
batch2,AUG_collinear-d2-n700-g100-rho16-r0,700,2,16.0,15.00594649442922,2.886556237757867,1.1607233718089103,True
batch2,AUG_collinear-d2-n400-g100-rho8-r0,400,2,8.0,8.019506789194534,2.822808059074239,1.1864212772961895,True
batch2,AUG_collinear-d5-n200-g100-rho100-r0,200,5,100.0,52.530394579809744,1.510166061507948,1.1160418381461943,True
batch2,AUG_collinear-d5-n700-g100-rho16-r0,700,5,16.0,15.76488721549238,1.4671507228261993,1.1231422078010467,True
batch2,AUG_collinear-d5-n1000-g1000-rho64-r0,1000,5,64.0,57.09964370020935,1.5123127874873696,1.1240914672844777,True
batch2,AUG_collinear-d10-n1000-g10000-rho4-r0,1000,10,4.0,3.9895119002498123,1.223027851581156,1.1117549309804824,True
batch2,AUG_collinear-d2-n700-g10000-rho32-r0,700,2,32.0,27.974319379812215,2.601240577543753,1.1630142778249073,True
batch2,AUG_collinear-d3-n1000-g10000-rho64-r0,1000,3,64.0,55.06953145233733,1.9874307069372446,1.135858775300592,True
batch2,AUG_collinear-d5-n1000-g10000-rho100-r0,1000,5,100.0,81.08953716666915,1.459921740317403,1.1144685371627634,True
batch2,AUG_collinear-d2-n1000-g100-rho100-r0,1000,2,100.0,69.70942419369108,2.7578788496607345,1.1439939192841362,True
batch2,AUG_collinear-d50-n1000-g1000-rho100-r0,1000,50,100.0,95.58201621024598,1.040701745356918,1.0517357234871954,True
batch2,AUG_collinear-d2-n1000-g100-rho32-r0,1000,2,32.0,28.9638870507057,3.0265039532542564,1.1551181537252944,True
batch2,AUG_collinear-d3-n1000-g100-rho16-r0,1000,3,16.0,15.900076563646596,1.9126318537084017,1.1483799758410134,True
batch2,AUG_collinear-d50-n1000-g100-rho4-r0,1000,50,4.0,4.000532167300002,1.039018535103057,1.0699070644257265,True
batch2,AUG_collinear-d10-n1000-g10000-rho32-r0,1000,10,32.0,31.17909321709346,1.2070355980032725,1.098603622319661,True
batch2,AUG_collinear-d50-n700-g1000-rho32-r0,700,50,32.0,31.576486751429332,1.0403550149602117,1.0486375900388254,True
batch2,AUG_collinear-d50-n700-g100-rho32-r0,700,50,32.0,31.873865644393838,1.0391191083888842,1.049214979388171,True
batch2,AUG_collinear-d5-n100-g1000-rho32-r0,100,5,32.0,25.126354370087782,1.4922386241105918,1.1591393143690736,False
batch2,AUG_collinear-d2-n100-g100-rho16-r0,100,2,16.0,10.781568387032314,3.0804668056291407,1.2028027201394944,False
batch2,AUG_collinear-d50-n100-g100-rho4-r0,100,50,4.0,4.048408531643883,1.0435481194744682,1.0790400187205442,False
batch2,AUG_collinear-d10-n200-g100-rho100-r0,200,10,100.0,67.40905527531226,1.194835156337412,1.0943000304732162,True
batch2,AUG_collinear-d10-n400-g100-rho100-r0,400,10,100.0,72.98365807861855,1.2101610871232453,1.0951837689353734,True
batch2,AUG_collinear-d2-n200-g100-rho4-r0,200,2,4.0,3.68949976320181,2.7528792448146513,1.2223099836499063,True
batch2,AUG_collinear-d3-n400-g1000-rho64-r0,400,3,64.0,48.44007593239301,1.8866419335906581,1.139088808749443,True
batch2,AUG_collinear-d20-n200-g1000-rho32-r0,200,20,32.0,28.508040965427625,1.1121997364105316,1.077493343580358,True
batch2,AUG_collinear-d20-n700-g10000-rho32-r0,700,20,32.0,30.551130586965886,1.110346205513965,1.0755828695350358,True
batch2,AUG_subspace-d20-n200-g1000-k1-rho4-r0,200,20,4.0,3.9700391192985838,1.095696483112679,1.1292962766311476,True
batch2,AUG_subspace-d5-n400-g10000-k1-rho16-r0,400,5,16.0,16.94448026200865,1.4985821390391405,1.123839298212869,True
batch2,AUG_collinear-d20-n700-g10000-rho100-r0,700,20,100.0,92.10153945617752,1.1073720908551852,1.0725030051331854,True
batch2,AUG_subspace-d50-n400-g10000-k1-rho32-r0,400,50,32.0,31.320190552031967,1.0422842695746752,1.0534275392395533,True
batch2,AUG_subspace-d3-n200-g100-k1-rho4-r0,200,3,4.0,4.40759114777721,2.084709357795672,1.1597990331511843,True
batch2,AUG_collinear-d20-n700-g10000-rho16-r0,700,20,16.0,16.11055291597203,1.0963041728861125,1.0703912156947397,True
batch2,AUG_collinear-d10-n1000-g10000-rho64-r0,1000,10,64.0,59.46887245892437,1.230800851053379,1.097953545395736,True
batch2,AUG_subspace-d10-n100-g10000-k1-rho4-r0,100,10,4.0,4.157913833726412,1.2222760859369808,1.1250818476247522,False
batch2,AUG_subspace-d3-n400-g10000-k1-rho64-r0,400,3,64.0,62.50408380651902,1.9710294015259329,1.14410439719913,True
batch2,AUG_subspace-d20-n400-g100-k1-rho4-r0,400,20,4.0,3.976582607694409,1.1006598832453343,1.1103656573732381,True
batch2,AUG_subspace-d2-n200-g1000-k1-rho16-r0,200,2,16.0,16.715191202415344,2.9757217583705438,1.1722789852580235,True
batch2,AUG_subspace-d20-n1000-g10000-k1-rho4-r0,1000,20,4.0,4.018676570621152,1.102979445244401,1.1310144336037584,True
batch2,AUG_subspace-d20-n700-g10000-k1-rho64-r0,700,20,64.0,59.903638015720624,1.104458540844943,1.072712544826428,True
batch2,AUG_subspace-d5-n200-g1000-k1-rho64-r0,200,5,64.0,56.10264574091815,1.4006697208126195,1.1123842641683064,True
batch2,AUG_collinear-d2-n1000-g10000-rho16-r0,1000,2,16.0,14.976735253265309,3.1617672311796103,1.1715096639337084,True
batch2,AUG_subspace-d20-n100-g10000-k1-rho100-r0,100,20,100.0,51.77347540226955,1.0562515235154253,1.0744366920191926,False
batch2,AUG_subspace-d10-n1000-g1000-k1-rho100-r0,1000,10,100.0,101.19524153513083,1.2182383324034654,1.0951079291231651,True
batch2,AUG_subspace-d3-n1000-g10000-k1-rho4-r0,1000,3,4.0,4.137655528045784,2.1681492919849488,1.1755511456960943,True
batch2,AUG_subspace-d3-n100-g10000-k1-rho100-r0,100,3,100.0,36.530239781904086,1.3467483765592954,1.1199692607339,False
batch2,AUG_subspace-d3-n700-g10000-k1-rho2-r0,700,3,2.0,1.9917811639238328,2.062272629758817,1.2948506590506266,True
batch2,AUG_collinear-d5-n1000-g100-rho100-r0,1000,5,100.0,83.14690717576273,1.5327283029656844,1.124909569203778,True
batch2,AUG_subspace-d5-n400-g100-k1-rho8-r0,400,5,8.0,8.368650269533175,1.5475304553800235,1.1486375717146633,True
batch2,AUG_subspace-d2-n200-g10000-k1-rho8-r0,200,2,8.0,8.189399682752681,2.620140880281673,1.1676154604859468,True
batch2,AUG_subspace-d5-n400-g1000-k1-rho16-r0,400,5,16.0,15.47989914625486,1.493318098983903,1.1333747641199632,True
batch2,AUG_subspace-d20-n100-g100-k1-rho16-r0,100,20,16.0,16.385806026141122,1.0834701764020929,1.0728200651355582,False
batch2,AUG_subspace-d3-n700-g100-k1-rho100-r0,700,3,100.0,100.13948726452942,1.8840081255567325,1.1180676482577527,True
batch2,AUG_collinear-d3-n700-g1000-rho8-r0,700,3,8.0,7.688576240953684,1.9313999390905798,1.1574722253475618,True
batch2,AUG_subspace-d3-n200-g1000-k1-rho100-r0,200,3,100.0,55.746900872779655,1.6330170921543787,1.0927081591694179,True
batch2,AUG_subspace-d2-n1000-g100-k1-rho2-r0,1000,2,2.0,3.4283288655489823,28.667615365646625,1.3057443227700505,True
batch2,AUG_subspace-d5-n700-g10000-k1-rho32-r0,700,5,32.0,31.12464309837341,1.469150254480433,1.122664268348001,True
batch2,AUG_subspace-d20-n700-g1000-k1-rho32-r0,700,20,32.0,31.898304217679456,1.1099000687254676,1.0824032763189593,True
batch2,AUG_subspace-d2-n700-g1000-k1-rho4-r0,700,2,4.0,4.478116192199551,3.3130764216307447,1.2044721589172815,True
batch2,AUG_subspace-d50-n100-g10000-k1-rho64-r0,100,50,64.0,53.47450177351753,1.0463504439775768,1.069174162031443,False
batch2,AUG_collinear-d50-n700-g100-rho2-r0,700,50,2.0,2.0043364003243,1.045473319806671,1.177342516988667,True
batch2,AUG_subspace-d3-n400-g1000-k1-rho2-r0,400,3,2.0,2.110535908530842,2.112432214311417,1.2850455269273533,True
batch2,AUG_subspace-d10-n200-g1000-k1-rho16-r0,200,10,16.0,16.532415795249698,1.20921374468937,1.0934788025896578,True
batch2,AUG_subspace-d3-n1000-g10000-k1-rho64-r0,1000,3,64.0,69.17985644725935,1.9444823766035808,1.130516703091195,True
batch2,AUG_subspace-d2-n700-g1000-k1-rho16-r0,700,2,16.0,17.97518228542235,3.1348311971903144,1.1735945420565324,True
batch2,AUG_subspace-d2-n400-g100-k1-rho64-r0,400,2,64.0,63.28957140223484,2.667363028227735,1.131557967809145,True
batch2,AUG_subspace-d5-n100-g100-k1-rho100-r0,100,5,100.0,38.603887534861634,1.2087618706856516,1.1008652762614393,False
batch2,AUG_subspace-d5-n200-g10000-k1-rho4-r0,200,5,4.0,3.949209474194497,1.4780636883993785,1.1596939856805895,True
batch2,AUG_subspace-d50-n400-g100-k1-rho2-r0,400,50,2.0,2.0129659069370263,1.0396976987101116,1.198045150880817,True
batch2,AUG_subspace-d5-n700-g100-k1-rho16-r0,700,5,16.0,16.398308471453507,1.5580394626978218,1.126140940169893,True
batch2,AUG_subspace-d50-n200-g1000-k1-rho64-r0,200,50,64.0,60.262404832079866,1.0414653759102384,1.0616222141593112,True
batch2,AUG_subspace-d10-n700-g1000-k1-rho64-r0,700,10,64.0,65.1076119883597,1.2142092505186413,1.0969245410534736,True
batch2,AUG_collinear-d2-n1000-g1000-rho16-r0,1000,2,16.0,15.257537072085439,3.124636805705802,1.1676358725847595,True
batch2,AUG_subspace-d10-n700-g1000-k1-rho8-r0,700,10,8.0,7.958497952006168,1.212266250343063,1.1080196809156948,True
batch2,AUG_subspace-d3-n1000-g1000-k1-rho16-r0,1000,3,16.0,16.324836061646604,1.948419854101539,1.1452810665542972,True
batch2,AUG_subspace-d50-n200-g10000-k1-rho100-r0,200,50,100.0,89.11244138696644,1.0373043580392727,1.0584253792063911,True
batch2,AUG_subspace-d50-n1000-g100-k1-rho2-r0,1000,50,2.0,1.9968944843990017,1.0377542082939897,1.2034408895393711,True
batch2,AUG_subspace-d3-n400-g1000-k1-rho100-r0,400,3,100.0,82.62925933670802,1.8776328762970427,1.106140989977655,True
batch2,AUG_subspace-d50-n200-g100-k1-rho32-r0,200,50,32.0,31.973432984234297,1.0391042596663838,1.0540060312647612,True
batch2,AUG_subspace-d50-n700-g100-k1-rho64-r0,700,50,64.0,64.04291526519067,1.0410153319008948,1.0518943458875158,True
batch2,AUG_subspace-d10-n700-g1000-k1-rho100-r0,700,10,100.0,98.34590644708567,1.225287069862944,1.1020876544417009,True
batch2,AUG_subspace-d3-n200-g1000-k1-rho8-r0,200,3,8.0,9.129299990068294,1.9630437806089895,1.1539114902628547,True
batch2,AUG_subspace-d10-n400-g10000-k1-rho2-r0,400,10,2.0,1.9893035777967014,1.2374089069538305,1.2412027790190845,True
batch2,AUG_subspace-d20-n1000-g10000-k1-rho16-r0,1000,20,16.0,16.102208446546253,1.1079517653484123,1.0792148504130852,True
batch2,AUG_subspace-d10-n1000-g10000-k1-rho32-r0,1000,10,32.0,32.14000202566606,1.2133214656280742,1.1027949348806134,True
batch2,AUG_subspace-d10-n400-g1000-k1-rho64-r0,400,10,64.0,59.81984482594985,1.226973588468172,1.1038542543523797,True
batch2,AUG_subspace-d2-n1000-g10000-k1-rho2-r0,1000,2,2.0,2.67774626619924,8.576945677161323,1.2983597139483234,True
batch2,AUG_subspace-d5-n1000-g1000-k1-rho2-r0,1000,5,2.0,3.4485165275211247,101.64237142221329,1.2457545757893402,True
batch2,AUG_subspace-d3-n1000-g1000-k1-rho2-r0,1000,3,2.0,2.9051029166082145,12.132954770004304,1.2419396793746844,True
batch2,AUG_subspace-d20-n200-g10000-k1-rho64-r0,200,20,64.0,65.88871200316741,1.0971370410676853,1.075292201552954,True
batch2,AUG_subspace-d20-n200-g100-k1-rho4-r0,200,20,4.0,3.8676485192836987,1.0988305109842238,1.1150468207551771,True
batch2,AUG_subspace-d10-n1000-g100-k1-rho4-r0,1000,10,4.0,3.98849084551346,1.2268198954009613,1.1558101053021343,True
batch2,AUG_subspace-d20-n1000-g10000-k1-rho32-r0,1000,20,32.0,32.300702310414486,1.107507353655991,1.0758570767600484,True
batch2,AUG_subspace-d2-n700-g100-k1-rho32-r0,700,2,32.0,35.12137201920806,3.1864404464611513,1.1635485943111872,True
batch2,AUG_subspace-d5-n700-g10000-k1-rho64-r0,700,5,64.0,63.00688696990609,1.537801382862799,1.1222651680771563,True
batch2,AUG_curve-d3-n200-g100-rho2-shapearc-r0,200,3,2.0,25.604694045298956,2.0464463215992064,1.23537889965253,True
batch2,AUG_subspace-d20-n1000-g1000-k1-rho64-r0,1000,20,64.0,64.55230535228186,1.1008169204116272,1.0758514278744242,True
batch2,AUG_subspace-d50-n700-g10000-k1-rho2-r0,700,50,2.0,1.9903407038376335,1.042470471908059,1.2185811190551066,True
batch2,AUG_curve-d50-n400-g1000-rho32-shapearc-r0,400,50,32.0,117.49679887873211,1.322390932026102,1.048230356409734,True
batch2,AUG_subspace-d5-n1000-g100-k1-rho4-r0,1000,5,4.0,4.114929270372842,1.6386756147882184,1.1793553871951836,True
batch2,AUG_curve-d10-n100-g10000-rho8-shapearc-r0,100,10,8.0,17.72527175744809,1.375873002446855,1.1168793724825101,False
batch2,AUG_curve-d3-n400-g1000-rho100-shapearc-r0,400,3,100.0,130.36804407049368,1.6029422971783667,1.1098759407580019,True
batch2,AUG_curve-d2-n100-g1000-rho4-shapearc-r0,100,2,4.0,17.31995018795135,1.9177320213319504,1.2233904054595164,False
batch2,AUG_curve-d5-n400-g1000-rho4-shapearc-r0,400,5,4.0,46.86929440891532,2.1137139248718886,1.1529467265796514,True
batch2,AUG_curve-d20-n200-g100-rho2-shapearc-r0,200,20,2.0,18.702493507742606,2.044209243908067,1.1720325893819072,True
batch2,AUG_curve-d50-n100-g10000-rho16-shapearc-r0,100,50,16.0,26.51639108748548,1.1067753479080245,1.0588493670998562,False
batch2,AUG_curve-d20-n200-g1000-rho100-shapearc-r0,200,20,100.0,80.89614355703893,1.10525427808901,1.088561424399885,True
batch2,AUG_curve-d5-n1000-g1000-rho8-shapearc-r0,1000,5,8.0,260.5758914069181,1.7471934262657751,1.1246695933125281,True
batch2,AUG_subspace-d2-n700-g10000-k1-rho100-r0,700,2,100.0,91.6219849952859,3.1335563957604307,1.1288765816453112,True
batch2,AUG_curve-d20-n400-g10000-rho16-shapearc-r0,400,20,16.0,67.2896469075926,1.7036693262537954,1.0696679559472293,True
batch2,AUG_subspace-d10-n1000-g10000-k1-rho16-r0,1000,10,16.0,15.894201333378021,1.2193798703842158,1.102232792327504,True
batch2,AUG_curve-d3-n200-g10000-rho32-shapearc-r0,200,3,32.0,34.620435458978754,1.9626815755625229,1.1376151456386068,True
batch2,AUG_curve-d3-n1000-g10000-rho16-shapearc-r0,1000,3,16.0,159.11036197389743,1.9256098629656933,1.1448692331804065,True
batch2,AUG_curve-d50-n400-g100-rho8-shapearc-r0,400,50,8.0,115.80268445595274,1.6484908984180515,1.0472204960258948,True
batch2,AUG_curve-d10-n1000-g100-rho2-shapearc-r0,1000,10,2.0,239.3853648254218,1.7392394342027406,1.1993177368740997,True
batch2,AUG_curve-d2-n700-g10000-rho4-shapearc-r0,700,2,4.0,143.25330048091337,1.791733098599536,1.2040220787548692,True
batch2,AUG_curve-d10-n400-g1000-rho16-shapearc-r0,400,10,16.0,63.59988915488796,1.7198403447506523,1.099236307793624,True
batch2,AUG_subspace-d10-n700-g100-k1-rho32-r0,700,10,32.0,32.80783319928323,1.207716403292327,1.0902296143710455,True
batch2,AUG_curve-d5-n700-g10000-rho2-shapearc-r0,700,5,2.0,171.743145071273,1.7990939936662262,1.198041989544642,True
batch2,AUG_subspace-d10-n1000-g100-k1-rho8-r0,1000,10,8.0,7.940201727158252,1.2202247323649305,1.113998765623232,True
batch2,AUG_curve-d10-n400-g1000-rho8-shapearc-r0,400,10,8.0,56.65585901672857,1.8545818294281167,1.0832325904007074,True
batch2,AUG_curve-d20-n400-g1000-rho2-shapearc-r0,400,20,2.0,79.13585825485525,1.9303366566505638,1.1809131768598917,True
batch2,AUG_curve-d2-n400-g10000-rho2-shapearc-r0,400,2,2.0,68.87431489607742,1.9179804589133094,1.3085493608834096,True
batch2,AUG_curve-d3-n400-g10000-rho4-shapearc-r0,400,3,4.0,47.43840744400346,2.072257867109549,1.1700863127860799,True
batch2,AUG_curve-d5-n400-g100-rho16-shapearc-r0,400,5,16.0,69.57917785023363,1.9929117998547354,1.1327728510996564,True
batch2,AUG_curve-d2-n200-g1000-rho2-shapearc-r0,200,2,2.0,53.43575765519699,1.5916282625059206,1.2714840686161426,True
batch2,AUG_curve-d50-n1000-g100-rho32-shapearc-r0,1000,50,32.0,162.16346340896536,1.7792313974115297,1.0479955057178314,True
batch2,AUG_curve-d2-n400-g100-rho4-shapearc-r0,400,2,4.0,38.71511578246021,1.9941206222932362,1.201666970277326,True
batch2,AUG_curve-d3-n200-g10000-rho16-shapearc-r0,200,3,16.0,30.477468293103733,2.033321883279275,1.13467688942364,True
batch2,AUG_curve-d10-n700-g100-rho64-shapearc-r0,700,10,64.0,93.88234527520146,1.3912714028428566,1.0978096277559661,True
batch2,AUG_curve-d5-n700-g10000-rho4-shapearc-r0,700,5,4.0,97.81543677628625,2.0285661335025518,1.1516650329963674,True
batch2,AUG_curve-d20-n400-g10000-rho2-shapearc-r0,400,20,2.0,92.78218899034319,1.6659341626185729,1.180040990186215,True
batch2,AUG_curve-d50-n200-g100-rho32-shapearc-r0,200,50,32.0,73.84755414983593,1.1386854734901721,1.0522060150951666,True
batch2,AUG_curve-d3-n400-g10000-rho32-shapearc-r0,400,3,32.0,69.33648514860612,1.6923575226238938,1.1441725714882416,True
batch2,AUG_curve-d2-n400-g10000-rho16-shapearc-r0,400,2,16.0,102.79039276786409,1.9081736255744615,1.1485758128851167,True
batch2,AUG_subspace-d50-n1000-g100-k1-rho100-r0,1000,50,100.0,100.56189884423766,1.0426348497700308,1.0567333674193262,True
batch2,AUG_curve-d50-n1000-g10000-rho2-shapearc-r0,1000,50,2.0,241.17299583123162,1.7818687762744758,1.148073369997139,True
batch2,AUG_curve-d3-n200-g1000-rho8-shapearc-r0,200,3,8.0,38.68740247321196,1.8778183779786055,1.1331175600212788,True
batch2,AUG_curve-d10-n200-g1000-rho2-shapearc-r0,200,10,2.0,43.0008774996757,1.715951877986066,1.2108626671353648,True
batch2,AUG_curve-d2-n100-g10000-rho100-shapearc-r0,100,2,100.0,27.718605335611613,2.5427044269298613,1.1659993827145088,False
batch2,AUG_subspace-d2-n1000-g1000-k1-rho100-r0,1000,2,100.0,97.2239165221057,2.933675877789518,1.1318174671170096,True
batch2,AUG_curve-d10-n400-g100-rho64-shapearc-r0,400,10,64.0,84.4534584328431,1.2688621048953537,1.0950279784807961,True
batch2,AUG_collinear-d3-n1000-g10000-rho2-r0,1000,3,2.0,1.9704908935672198,1.9980353992979043,1.2679927420371435,True
batch2,AUG_curve-d3-n1000-g1000-rho64-shapearc-r0,1000,3,64.0,248.81722503954137,1.7129453309459726,1.124977376537395,True
batch2,AUG_curve-d2-n1000-g100-rho8-shapearc-r0,1000,2,8.0,114.40877286467193,1.963037473343071,1.1769492419020229,True
batch2,AUG_curve-d10-n400-g10000-rho32-shapearc-r0,400,10,32.0,54.69981874516724,1.384320349188508,1.0887770309860079,True
batch2,AUG_curve-d10-n700-g1000-rho100-shapearc-r0,700,10,100.0,195.11999093007972,1.3129621061840975,1.0968890338166142,True
batch2,AUG_curve-d3-n700-g100-rho100-shapearc-r0,700,3,100.0,144.6003980910362,1.8230660335801245,1.103559565812902,True
batch2,AUG_curve-d50-n1000-g1000-rho64-shapearc-r0,1000,50,64.0,169.94350884474036,1.4367270458561596,1.0496384188961332,True
batch2,AUG_curve-d50-n1000-g10000-rho4-shapearc-r0,1000,50,4.0,190.45972951593924,1.9040566899930713,1.0740546426417275,True
batch2,AUG_curve-d20-n700-g1000-rho100-shapearc-r0,700,20,100.0,154.44549781641152,1.2064961223042117,1.0753148947157,True
batch2,AUG_curve-d50-n400-g1000-rho4-shapearc-r0,400,50,4.0,44.26020375273992,1.988303275178138,1.0713627471445093,True
batch2,AUG_curve-d20-n200-g10000-rho2-shapearc-r0,200,20,2.0,32.304618423300326,2.0881295299226355,1.1853231660432675,True
batch2,AUG_curve-d5-n400-g100-rho32-shapearc-r0,400,5,32.0,71.38085526132326,1.7144288476453704,1.1260959613795625,True
batch2,AUG_curve-d3-n200-g10000-rho64-shapearc-r0,200,3,64.0,42.75202879214605,2.0297373223351953,1.1278569260034317,True
batch2,AUG_curve-d5-n1000-g10000-rho16-shapearc-r0,1000,5,16.0,96.64957899829228,2.011995491007139,1.1307834729702815,True
batch2,AUG_curve-d2-n1000-g10000-rho100-shapearc-r0,1000,2,100.0,97.03158123471269,2.7027748090777357,1.1296414822550707,True
batch2,AUG_curve-d50-n200-g10000-rho2-shapearc-r0,200,50,2.0,21.515809913239828,2.067387636234993,1.1756761612440285,True
batch2,AUG_curve-d5-n100-g10000-rho4-shapearc-r0,100,5,4.0,24.683475459562516,1.8371137900097572,1.145740728306649,False
batch2,AUG_subspace-d2-n1000-g1000-k1-rho64-r0,1000,2,64.0,65.86154638592426,2.8326922346187904,1.145384608409375,True
batch2,AUG_curve-d50-n1000-g1000-rho2-shapearc-r0,1000,50,2.0,232.4415306926587,1.8893346450847472,1.1550323875981172,True
batch2,AUG_curve-d3-n200-g1000-rho100-shapearc-r0,200,3,100.0,65.56563462523198,1.6272757155909892,1.0903034452351934,True
batch2,AUG_curve-d2-n400-g10000-rho100-shapearc-r0,400,2,100.0,92.18729711380944,2.725521683493422,1.1214270052562145,True
batch2,AUG_curve-d5-n700-g100-rho4-shapearc-r0,700,5,4.0,137.59765428273943,1.9603397237636395,1.1478581665763674,True
batch2,AUG_curve-d10-n200-g1000-rho16-shapearc-r0,200,10,16.0,37.61890642861955,1.510467325204968,1.1015727631422543,True
batch2,AUG_curve-d5-n1000-g100-rho4-shapearc-r0,1000,5,4.0,128.13555628004084,1.9233807974391808,1.1425639394048954,True
batch2,AUG_curve-d20-n700-g10000-rho64-shapearc-r0,700,20,64.0,125.54293381518097,1.3402906509314445,1.0785746978554158,True
batch2,AUG_curve-d50-n700-g100-rho32-shapearc-r0,700,50,32.0,184.52268002304444,1.5462316936767844,1.0478829068354805,True
batch2,AUG_curve-d10-n1000-g1000-rho4-shapearc-r0,1000,10,4.0,221.21446849478235,1.9766227859621173,1.1112143229425588,True
batch2,AUG_curve-d10-n1000-g1000-rho2-shapearc-r0,1000,10,2.0,191.73632969670606,1.8439926271170117,1.2019670560102969,True
batch2,AUG_curve-d20-n700-g1000-rho16-shapearc-r0,700,20,16.0,71.90083231477877,1.9362400408628302,1.0721125919546188,True
