relative_path,sha256,size_bytes,chunk
TSP-boundary-n10-g1000-1.sol.json,6c8cd1723f6770fa2a64f2dee2c6087fcdb54a46e694dbb4a8f2bb2b09f23729,941,part_0001.zip
TSP-boundary-n10-g1000-2.sol.json,3870e5a8984ad0cfb8320f4e571f542331d5720fd4576ceaead8516cb08f8d29,940,part_0001.zip
TSP-boundary-n10-g1000-3.sol.json,d829f82369440f2f8626367aa7148aa89454a46e175c3dcb146ed92a269fdab0,941,part_0001.zip
TSP-boundary-n10-g1000-4.sol.json,d2aad5e9f7ea273885ea9dc0a58f5d16625fc131d5d4a93de6bdf47125e58740,941,part_0001.zip
TSP-boundary-n10-g1000-5.sol.json,84730ac5b1894d9fdb314bada4fb6cb0ba5a9b042f5d3babae171a4ea5ca1ade,940,part_0001.zip
TSP-boundary-n10-g10000-1.sol.json,cbd7b80301f32d0b78b9b1bf5cd24a41b71e66b59248c7cf4a3e0035d7870385,946,part_0001.zip
TSP-boundary-n10-g10000-2.sol.json,f5fd3e33744ff0a030dd5dd28c0409e58a160dacb02f396401f5c667e49fe4f4,947,part_0001.zip
TSP-boundary-n10-g10000-3.sol.json,2e777bbb7d40a2842db128d72f71d04a5795aedcdfe715a93d0fbf33354ff745,946,part_0001.zip
TSP-boundary-n10-g10000-4.sol.json,ec08969ec142b75e3e7bae14cc2e5ebf6565d420b072fec3c563be3d7d1621cd,948,part_0001.zip
TSP-boundary-n10-g10000-5.sol.json,607e7ce45f861865027ab7dfc8b6f087243f81299768e17d7341b2a82b2eeb46,948,part_0001.zip
TSP-boundary-n100-g1000-1.sol.json,7cdac10d036fca9a1a8f4cda5626b74cd8c968c7f275c81b33792098a7390b97,4457,part_0001.zip
TSP-boundary-n100-g1000-2.sol.json,d8f6ad84c0201387ecd550be099703923afc70a28c3a0d944e9511c8a67b7d21,4457,part_0001.zip
TSP-boundary-n100-g1000-3.sol.json,b11e7c8679b99e467158002275057c1712b11faac842bfb0e3c452762f3a906a,4456,part_0001.zip
TSP-boundary-n100-g1000-4.sol.json,6693603c780b94bc79323782e891eb5fcab4b1c001516065d3998a97e3cbab63,4455,part_0001.zip
TSP-boundary-n100-g1000-5.sol.json,3107331ccaf293360ce1b505d674f59f02a730972bc3a1e50da5a9800423a046,4457,part_0001.zip
TSP-boundary-n100-g10000-1.sol.json,a7bda47143af8992f3029485ce44f4ee4a6d5e59092871a97882c3eb12145c71,4462,part_0001.zip
TSP-boundary-n100-g10000-2.sol.json,0cd700ea06b77ba6b1545668231547259833cb745e5f0965f6f3d6d1ebf55d0f,4461,part_0001.zip
TSP-boundary-n100-g10000-3.sol.json,1f1ba16449c0666df47630476ea66889cc3b6b4bcc358c33167822f0fd33ea63,4461,part_0001.zip
TSP-boundary-n100-g10000-4.sol.json,f99cf14cff21b8b2f24513374cf57aced7df698107d245f59d47957762ee4bb8,4461,part_0001.zip
TSP-boundary-n100-g10000-5.sol.json,55e25a3098704fb49f7f562b894d37f4a61d3aa63b8ac152f9d2bbd1f4200bfd,4481,part_0001.zip
TSP-boundary-n1000-g1000-1.sol.json,f105d993208665b9bd912cd5c553917b2f386e4eda4001828f308f674b1b4220,42265,part_0001.zip
TSP-boundary-n1000-g1000-2.sol.json,7ecbb67361dce0b59ff524c224a502b5571dea99ff3e0f4e360cfcdf2eda2e4f,42263,part_0001.zip
TSP-boundary-n1000-g1000-3.sol.json,5bd0333c74e27f0b4f89822c92adce13ff790d21486e03be98d9918515dbe639,42265,part_0001.zip
TSP-boundary-n1000-g1000-4.sol.json,be56423480033f3ce313f6a74e4eb83f70ab9f3a109710bf9da513aefe755201,42264,part_0001.zip
TSP-boundary-n1000-g1000-5.sol.json,7e2ff394d6f56c82b63d446d16da3980e51beb71ae15fb38108600c6bb1bd3a6,42265,part_0001.zip
TSP-boundary-n1000-g10000-1.sol.json,907743214e8a4f4853e78d6321966bca2368dbb1539144d2aba3e31596097790,42293,part_0001.zip
TSP-boundary-n1000-g10000-2.sol.json,e765245e0463d77582b36d077c9769ae03f8d4c693600ffc80774e65e49f577f,42269,part_0001.zip
TSP-boundary-n1000-g10000-3.sol.json,d00425c0fdb43b4f85ca1f903c4003d8e230875ace629435e747f0ca8ab34250,42271,part_0001.zip
TSP-boundary-n1000-g10000-4.sol.json,8017f3eb05b32e5cdb0ee4738b634aa220a4d04700665198ea78152de56b42af,42270,part_0001.zip
TSP-boundary-n1000-g10000-5.sol.json,0442d7eedad767c2ec598449a2eefe15299965a36ca824f82766d385f0b4d23a,42270,part_0001.zip
TSP-boundary-n20-g1000-1.sol.json,661dcdc96c57a5d89879a0458d1b4e888b17d37fffae1043cbf570be93818e33,1332,part_0001.zip
TSP-boundary-n20-g1000-2.sol.json,ab3232ce385d12fedb93f28312413889d826ca3ea7c612bfe37854a70f1e89c0,1330,part_0001.zip
TSP-boundary-n20-g1000-3.sol.json,e847b7294416c159742d393cf8a39a4158fbc088468b21214951486477764dde,1330,part_0001.zip
TSP-boundary-n20-g1000-4.sol.json,1b58ba5f2af39524306025132b925b258c3e5f6c4c152d86745766c7a00f5c4e,1330,part_0001.zip
TSP-boundary-n20-g1000-5.sol.json,2a396531f26441bd7836173832f0d49f46755bac2e5878adacfd8f5a53691be0,1331,part_0001.zip
TSP-boundary-n20-g10000-1.sol.json,f609dacf4e56a14502ceac7b9d10a37991129ce9ec9e80870124e2eaa6d97922,1337,part_0001.zip
TSP-boundary-n20-g10000-2.sol.json,2cdbb8b30519c2439ebeee61443b5a0bced3bdcbdec18e079a82c5649a830d89,1337,part_0001.zip
TSP-boundary-n20-g10000-3.sol.json,748c7b829df03e6a4c4a7cded739e040051576788fd4d5b16a26ba269fddba49,1338,part_0001.zip
TSP-boundary-n20-g10000-4.sol.json,b7d5a8c307a3606ba8baefbdcfaad2948aeb58c8e79752c30fce7c458a81b16d,1337,part_0001.zip
TSP-boundary-n20-g10000-5.sol.json,a39b88b3b67c1eb5f2b2253a329ad3aebb8b203731ef79b9eedc84c0fdcd06f9,1337,part_0001.zip
TSP-boundary-n200-g1000-1.sol.json,362c61d1b5461212ec0ecbb430b01aaee54215274609c6209a325b5e7d7dd593,8656,part_0001.zip
TSP-boundary-n200-g1000-2.sol.json,9af6ac8a6d7d217a08bbb428e9919b60b8b4f8573592ae90770d55dc30cad463,8654,part_0001.zip
TSP-boundary-n200-g1000-3.sol.json,c81fb64267552dc7cd7d7d574ac782b1fb690412fd990cf9f1b104c28c85eb17,8656,part_0001.zip
TSP-boundary-n200-g1000-4.sol.json,b430d5a13aff458cfdfd783895ec563a65dfd0e537abdd12da995fa2dee424c0,8656,part_0001.zip
TSP-boundary-n200-g1000-5.sol.json,efbed4f7373a566f825e0a987dbdaada0e406bf75cce62df10d72556cad25cf4,8655,part_0001.zip
TSP-boundary-n200-g10000-1.sol.json,86d0a9b773aa31e80e8b54f7103b4c9c8c5646692c506a5a7937930f95da1994,8662,part_0001.zip
TSP-boundary-n200-g10000-2.sol.json,4f167d33bf0dbe29a0e729a793e29426bd6de32d780d0fa89676212f435af841,8661,part_0001.zip
TSP-boundary-n200-g10000-3.sol.json,eee9659c24306a055dcb99a62bdc9ac93dd4ca85cc16d3364e8f4e495ca58b3f,8660,part_0001.zip
TSP-boundary-n200-g10000-4.sol.json,870b12b4ff430b129f54f07a219a88588d0864d44e7b9a822afc9c0240fef35f,8661,part_0001.zip
TSP-boundary-n200-g10000-5.sol.json,b80dfe189cef5af205c682fc4534fe0fb57b1216be8a51f7e535e30e6a6f0183,8664,part_0001.zip
TSP-boundary-n30-g1000-1.sol.json,fbf5ad26f2dfa0870c655dc873db72670185d931c05dd6953622684d73830f7c,1721,part_0001.zip
TSP-boundary-n30-g1000-2.sol.json,baf523a281aeaaa343dac7d7a9b271c66c110f48d8dea1d6568d4d4f7b21e70b,1722,part_0001.zip
TSP-boundary-n30-g1000-3.sol.json,659e783430cbbcf752d86ca35881dade45d53ccd2b4d7b71d541301c48efa827,1722,part_0001.zip
TSP-boundary-n30-g1000-4.sol.json,05f3510aa4962be1e346a1665401758166d92a731225bf5ac5c3f28eca2cd694,1722,part_0001.zip
TSP-boundary-n30-g1000-5.sol.json,5d652158f8b6764c3f4f7b4d5ce8acd6405c86893f3381d7a82066e78890904a,1721,part_0001.zip
TSP-boundary-n30-g10000-1.sol.json,57d62cc04021d20a8397ef022ab2f565496b50ec6c31ff499e46d2899884b464,1727,part_0001.zip
TSP-boundary-n30-g10000-2.sol.json,eea9607f1a30894b07897e88ce4bcd280062a93148461a18cbe5461592e2d947,1728,part_0001.zip
TSP-boundary-n30-g10000-3.sol.json,c3b9cf381a02601108871a8fe1ffb9c6508ee52445eb17fe9b80c41755955b92,1726,part_0001.zip
TSP-boundary-n30-g10000-4.sol.json,9e0254d1ea68d6f10ad52254117fe817aeaf2414b746fe491dafd3d9b1406a41,1726,part_0001.zip
TSP-boundary-n30-g10000-5.sol.json,e878c39082563501064e3f2dd6eb283a87771733b22bacbc16b7146c531baf65,1727,part_0001.zip
TSP-boundary-n300-g1000-1.sol.json,2dfc03a5782833b1d73ba6a0bb0d1a9241108dc1b983e3e10cb61c14cda1c3b6,12857,part_0001.zip
TSP-boundary-n300-g1000-2.sol.json,e6c9eb6817f6a7f13de98eb2430a8c7b3098cc61d5543e36169089bee3c12973,12857,part_0001.zip
TSP-boundary-n300-g1000-3.sol.json,f41e2a98f3c3de3bed3af296b2963a93d6d89186fbef3cdd92250f52a9ceb8a6,12857,part_0001.zip
TSP-boundary-n300-g1000-4.sol.json,1a61f71abcf9f8ce929700451d687328c81f856653e38502bfdb924974d626e8,12857,part_0001.zip
TSP-boundary-n300-g1000-5.sol.json,3e8e8e38c00e3404cdafd7f35930cd9220859d081d1aa34b5c685a9b082e7739,12859,part_0001.zip
TSP-boundary-n300-g10000-1.sol.json,f0eece94b9931a4c771ae8f02c6114b987f11746578a705cc5a2c54fdfd724db,12887,part_0001.zip
TSP-boundary-n300-g10000-2.sol.json,c7e40b36c8c500b70937de8a4dc8b1ea66bdcc67d19606f51c89dda8a768ee07,12863,part_0001.zip
TSP-boundary-n300-g10000-3.sol.json,2bd19945ad446cd7b127847099d3f8f827023ae899a68813af89c3f11e84236b,12865,part_0001.zip
TSP-boundary-n300-g10000-4.sol.json,2dec85dc0cab8e449fbad6c382d46c0d85370cc99c97a742befec8b59c5715ba,12863,part_0001.zip
TSP-boundary-n300-g10000-5.sol.json,21e94a680ba0fc688ef4b3169a966d7968f437e94693abc4fd02852853a978cc,12863,part_0001.zip
TSP-boundary-n40-g1000-1.sol.json,ed45aa24e0d6c8ecfd784668eedc45651b04060272c658710e26f653eb97fed4,2111,part_0001.zip
TSP-boundary-n40-g1000-2.sol.json,fb83bd0554d6262d3b986d8fb5e9d2d4a0e500b176bf236d2d2ba913d2d00dc0,2111,part_0001.zip
TSP-boundary-n40-g1000-3.sol.json,44a4710b337493514314f71c169f2f0db888a76f2cb127fa737231d1978469a0,2110,part_0001.zip
TSP-boundary-n40-g1000-4.sol.json,ad6c8d85d2fa126f1e04babbbc83e5a1e612b57cdc476598ac533e76d7d44b8c,2111,part_0001.zip
TSP-boundary-n40-g1000-5.sol.json,a85c8d71717f090e65bd55ab1e2ec04bdad52934abfb131d1d29568068ec8a8e,2112,part_0001.zip
TSP-boundary-n40-g10000-1.sol.json,eb52aee37f9bb5e1fa94acc4a0d30f7ac4dcde3e2cb9f4a2158be35293d8969d,2116,part_0001.zip
TSP-boundary-n40-g10000-2.sol.json,d032f912f87dab975fc0495e51305cdf7c0e5c111eaff6aeddc3d53d1ae123e4,2117,part_0001.zip
TSP-boundary-n40-g10000-3.sol.json,b64ae666665389a1ab055703eceb36de6347828b175d10f950bb2d53ef3baede,2116,part_0001.zip
TSP-boundary-n40-g10000-4.sol.json,e717b7e1c4a8ae68aaf9cad86199c494d3fef1d9916f073350b353ae5262e0aa,2117,part_0001.zip
TSP-boundary-n40-g10000-5.sol.json,e09bdfdeb56b7b35b6884631d3a0c9ab00da3aeee30b60904a0bd50154486934,2117,part_0001.zip
TSP-boundary-n400-g1000-1.sol.json,0a4236af0c80dac9e87649d42109e4bf92dd85a4ebdc67ee901a3e18e5e1e9f2,17059,part_0001.zip
TSP-boundary-n400-g1000-2.sol.json,d207b898172ac5fdc33b7e396be3c4e160561cce976833377c3ee39082db2210,17057,part_0001.zip
TSP-boundary-n400-g1000-3.sol.json,800152e2f37e6597401a772c1f4579bc74ca8e171db239a9eff8fcc7668d9b04,17057,part_0001.zip
TSP-boundary-n400-g1000-4.sol.json,1efdaf2b2d94a96b33064f9d57aad06165e9ec2afc3215ccd96acc1bed3d510a,17058,part_0001.zip
TSP-boundary-n400-g1000-5.sol.json,9fc54e1f9203d1ab78a7f035d62bc53a897d89d5bd85d96f6e5ec68bdca92232,17058,part_0001.zip
TSP-boundary-n400-g10000-1.sol.json,b514a7bbf4fb63ff2f72bf151458d9963b1ed4a99072c6fcda03fd08bd0432e8,17085,part_0001.zip
TSP-boundary-n400-g10000-2.sol.json,8fff4495841948dd65db9d46a9991b69c0e6b435f40e29930496556512a857af,17065,part_0001.zip
TSP-boundary-n400-g10000-3.sol.json,2ad45f8a146363aa962a68369cc7328c230dd2ed0d97da8a0074bba5d062bab8,17063,part_0001.zip
TSP-boundary-n400-g10000-4.sol.json,6a88802d9cd31e1c7f15c948b9107999a052f0be0184412aa6812fb3cf2dbac3,17064,part_0001.zip
TSP-boundary-n400-g10000-5.sol.json,54306982562abe469e709c4fdbd7d94b9fca37a15675f1505e668b00dc2dbae6,17063,part_0001.zip
TSP-boundary-n5-g1000-1.sol.json,944724a76058cd312b830c3fe29e07eb08d50851930d536c9409bf37f6d6a9b9,756,part_0001.zip
TSP-boundary-n5-g1000-2.sol.json,7fa03267e9a5f6e24e75d01e2ae6896f7b08e5ea2202fc7b073c044f757aceda,756,part_0001.zip
TSP-boundary-n5-g1000-3.sol.json,8756a84c8f004e0015d12adad8b7bcf34d8607fbe6bb956b24b46eb07a410c2f,756,part_0001.zip
TSP-boundary-n5-g1000-4.sol.json,c8cf991d8b73f97d2b7f5c997ca341675a655be28782ef86bc9146cc5b670e4f,755,part_0001.zip
TSP-boundary-n5-g1000-5.sol.json,f4f44a6943176fb3a08aa85727bcbc363b9df190209f23ebfae85518ccce6b32,755,part_0001.zip
TSP-boundary-n5-g10000-1.sol.json,9cf70a8e24b8bc76deaaaaef83e41ca8c7b17ed5e6c15513002c5da29d400541,762,part_0001.zip
TSP-boundary-n5-g10000-2.sol.json,0924c138d87afeacd950eaec4c1ed0b6b2bf5663c0b74214ee2f9b36a99ebdbc,762,part_0001.zip
TSP-boundary-n5-g10000-3.sol.json,2ec22cc8b4070aeca23e90a2968ed9577251994153d1a7e5c5b20e845c869110,762,part_0001.zip
TSP-boundary-n5-g10000-4.sol.json,42098fea03314d9570a36e48e425ca5ad7287a427d24d5b416d8a1e981547a6a,760,part_0001.zip
TSP-boundary-n5-g10000-5.sol.json,3f2b9cef5f4bc44e31aa3195401dad694d4f769d27d4100917fbd0d82a49dab5,761,part_0001.zip
TSP-boundary-n50-g1000-1.sol.json,e5f9e09656bcb786c6c0bc7a28d400ffa3a4adcc46d33baf9927d0eef2bc5449,2502,part_0001.zip
TSP-boundary-n50-g1000-2.sol.json,2693e06fa5092469dfc1d26968881d385cc0d1db48c0ed2e736d1c94faee2735,2501,part_0001.zip
TSP-boundary-n50-g1000-3.sol.json,9bff227621df921dee62486644eb29b49f392c0734c11133a627a1918fd66a68,2500,part_0001.zip
TSP-boundary-n50-g1000-4.sol.json,5863db838423c43ae57d85db8c7ee72a5d103ea44796edf6d7583fd64aaa054e,2501,part_0001.zip
TSP-boundary-n50-g1000-5.sol.json,c16b3d91fc6aa6a3f1f3dbc09ab7e919163db61d60db83d8e16276d0eef29b20,2501,part_0001.zip
TSP-boundary-n50-g10000-1.sol.json,3e4976903029f6f2cfea219c2e36fde1c560fc03eeb9d8efcbb68e31e011e094,2505,part_0001.zip
TSP-boundary-n50-g10000-2.sol.json,eee149ee1bcdffabf046d10c71b199d2a67be11cef93c1d3e9e3e7d6909c04f8,2507,part_0001.zip
TSP-boundary-n50-g10000-3.sol.json,402799a3b7345e1bd65e6155469f7734b8920fecd0ef34d677c1619978e0f9a9,2507,part_0001.zip
TSP-boundary-n50-g10000-4.sol.json,2077c4688e693e1e32f19f3e11aa3682264a204ee1a4401a60ec78697c3b12d4,2505,part_0001.zip
TSP-boundary-n50-g10000-5.sol.json,487e7b0e81e361ec728e48a27f453587b34469f1b8601d291b358e7272840300,2507,part_0001.zip
TSP-boundary-n500-g1000-1.sol.json,99bb21ca1818088e49852d43bc16f0a8ccc815bdd5ef6cd98c287b9c4f2a9c2a,21259,part_0001.zip
TSP-boundary-n500-g1000-2.sol.json,dfc700e356e85c55c4c0a2bb725b70005e31f021c32c2e1926338acdc647cd00,21279,part_0001.zip
TSP-boundary-n500-g1000-3.sol.json,164f504728b1b98d568933ef46ffb167a57c9140d1a1dac5eac71c6dd2c4f11d,21259,part_0001.zip
TSP-boundary-n500-g1000-4.sol.json,fb6b34908d45dfbad518b228a7a39d66ee20ba2fea36a2060c7d58f7a05175ff,21259,part_0001.zip
TSP-boundary-n500-g1000-5.sol.json,5b900e472c27efc54a63dd075250ef2a41be48d3fbeab803ec645c24e9f36505,21258,part_0001.zip
TSP-boundary-n500-g10000-1.sol.json,144906540c3ce4cc8e072017ffc872378b5d3047372aa8cb67a4fa572cf1df52,21262,part_0001.zip
TSP-boundary-n500-g10000-2.sol.json,80d1f8cb8eaeb7ce6809e4bccbea98898ebdefc28ca9cc8e8e2b9833e2c0d64c,21264,part_0001.zip
TSP-boundary-n500-g10000-3.sol.json,24bb07eed5f8f9e489c607add85a23d503cafdcbf8296fc001a69928a3fbf7ae,21264,part_0001.zip
TSP-boundary-n500-g10000-4.sol.json,3d3497b8422e596a6d97fe0ca9efafb0357732b1a1b34daf0b95084a395d84c3,21263,part_0001.zip
TSP-boundary-n500-g10000-5.sol.json,b3cee4f0b657efebf287fcbfa6867a0a578f40d3919c01acf529bf2b6caf179d,21263,part_0001.zip
TSP-boundary-n60-g1000-1.sol.json,76965cac7427db7df07d53da2cbbb28845ccec970d7c851d466de646341ccc23,2891,part_0001.zip
TSP-boundary-n60-g1000-2.sol.json,5cd1af0a6aa674d2b842f2a6875befa61bdc50077a7cd017e212803cadb265c2,2890,part_0001.zip
TSP-boundary-n60-g1000-3.sol.json,44a6efcaa7ec281d83bbf8b4afa2cd5a1fa05b17dab9059e0a16481228e6bf0d,2891,part_0001.zip
TSP-boundary-n60-g1000-4.sol.json,f3e9789865c0229f81672f516431690ec6b780f6faaa31b832e35fc6a326af09,2891,part_0001.zip
TSP-boundary-n60-g1000-5.sol.json,0b4a28421b8d17df007e5b125de3d072ee47b6de950f976856a13d6f75775cf9,2890,part_0001.zip
TSP-boundary-n60-g10000-1.sol.json,67282344e96b42b4e645f51d66f3a5b0133e30320bffd53549122286713a5250,2895,part_0001.zip
TSP-boundary-n60-g10000-2.sol.json,4385dffa5b0ab6b852c41fd1f04b8a1363f534a5a6713c6006d8ed442f0c6ed9,2897,part_0001.zip
TSP-boundary-n60-g10000-3.sol.json,ea0ff600ec140a842a752e9aaceec18b342394d39e0a434e2a87651d85ce62b4,2896,part_0001.zip
TSP-boundary-n60-g10000-4.sol.json,19a7500ef81f534227c38344d8aa315b0760b545e619e15f12c524fadd52903e,2896,part_0001.zip
TSP-boundary-n60-g10000-5.sol.json,d655189bacc8ef04e1e24ae14021027474edbf71a71b3a86db0197863f722c02,2897,part_0001.zip
TSP-boundary-n600-g1000-1.sol.json,8506088f6b8a02dd90d3ecf0799149c35c6fd668d7a4645e164248a86efb7eb8,25457,part_0001.zip
TSP-boundary-n600-g1000-2.sol.json,7816e079597efa25eb97d9193816d95d232118f22608aa1051ac7ccb06f0157c,25481,part_0001.zip
TSP-boundary-n600-g1000-3.sol.json,5b98ac1199bec95187a8701518359969cf95e873989a0f1497a3552960d8229a,25458,part_0001.zip
TSP-boundary-n600-g1000-4.sol.json,d07ab88cbe80e1602c244314e87ba08668f0e62f84293307e14c753f066d6260,25457,part_0001.zip
TSP-boundary-n600-g1000-5.sol.json,2c6924e2a68d6683d3d27b09a42b8539dcb42d6084a58ec18d10bd0b24da5933,25457,part_0001.zip
TSP-boundary-n600-g10000-1.sol.json,16a4d5555723df3090bae2d1f01d0f30da3c0b44dbce6d87af561100fddb70cb,25463,part_0001.zip
TSP-boundary-n600-g10000-2.sol.json,4c39807bcda49a2f79ea38f857c1260611769dbc63e754fa295e3bb44e8678ca,25462,part_0001.zip
TSP-boundary-n600-g10000-3.sol.json,f205bdd4f6870346ddd4d2f6f65f9893fbe5df5a84c31c2c4a0b9e792eb73f2a,25463,part_0001.zip
TSP-boundary-n600-g10000-4.sol.json,d32644a14fd439a218323ebb633d405f472c9fe191b22a5249f00cb1b3450145,25464,part_0001.zip
TSP-boundary-n600-g10000-5.sol.json,d02de9abd745c401143255366fcadf3894f9c6c6fbf41eaf87052ab4675f4707,25464,part_0001.zip
TSP-boundary-n70-g1000-1.sol.json,6d7a31baaf42b8ae3c3f6008b765712b6d19db2c0babb4216a0f3e9602efd907,3281,part_0001.zip
TSP-boundary-n70-g1000-2.sol.json,e9d6c9629c1e0aa933c60448cc03a64cfdfb2725d6bdde086a4c005af3229b39,3280,part_0001.zip
TSP-boundary-n70-g1000-3.sol.json,1f19664192d5ea562a9f638e033d78be9eecee466d263ab82b9b076e5562896a,3279,part_0001.zip
TSP-boundary-n70-g1000-4.sol.json,5cc4ddf1e4c9df503101f4e98b9840c36fc316e1a306c5a53559dfc1222f8c3c,3281,part_0001.zip
TSP-boundary-n70-g1000-5.sol.json,eedc7664551b91a8f124c372cae67d1ac31b6db53a2644708b870cab7d395338,3281,part_0001.zip
TSP-boundary-n70-g10000-1.sol.json,2796c3514cf54c169e405ae5d5a7a9b5170367173b821bb6e2572f5e35cdab9c,3287,part_0001.zip
TSP-boundary-n70-g10000-2.sol.json,cf8f7be4a472efffb7c1e9dec3f64a74f9798a3eeb963256970a63fadb070b80,3286,part_0001.zip
TSP-boundary-n70-g10000-3.sol.json,acf7bab7f2ec58322ab095137f174a421d2f5f45c4e84c20b763f66a683df98c,3287,part_0001.zip
TSP-boundary-n70-g10000-4.sol.json,2c4481f49b26f8ddaab4eb259dd76cb62a152ea042feb0b267f05b27f69c996f,3286,part_0001.zip
TSP-boundary-n70-g10000-5.sol.json,43b451efa883f2d2c42c4c70478d706c89c8ff0aa0a3b5967b282d4a5b3c7da9,3285,part_0001.zip
TSP-boundary-n700-g1000-1.sol.json,3c76fc5f6e446d6e94e9eb9a5f742244974bed2367f6da6debb3f5a26f5cd0c0,29658,part_0001.zip
TSP-boundary-n700-g1000-2.sol.json,c0b9d97060d75265ea7427df2b447d615de4778f3a45e7604cb78686e8e195ca,29656,part_0001.zip
TSP-boundary-n700-g1000-3.sol.json,4d7e775dd2df5ebb4c373115af493690b3c037c8e7055d622b4bef44e4ec10f2,29657,part_0001.zip
TSP-boundary-n700-g1000-4.sol.json,7ec7f522841d05f74974dc17c032aa9e7b932c2b3c89969594ed4d0afab04673,29657,part_0001.zip
TSP-boundary-n700-g1000-5.sol.json,d0d5dbeff164f8c257b4419cd6424a2fcf887e8e48d622d0f124a48dfe653db3,29659,part_0001.zip
TSP-boundary-n700-g10000-1.sol.json,4ac48467e4c651fea53e43dac33f08b3ff22380bd337137a40b86c2882baabd3,29665,part_0001.zip
TSP-boundary-n700-g10000-2.sol.json,4c1d8f696a9f28f71b5f0e45326e098a308bc961ffc392801ad7c4fa92437696,29663,part_0001.zip
TSP-boundary-n700-g10000-3.sol.json,7819edd09846f2cf5c60c1767cf13400a4719dfccbb42f6854f7da0219b19c8a,29663,part_0001.zip
TSP-boundary-n700-g10000-4.sol.json,d707125e00de51770fd4206a986c3ddb5016ab2d504510dbfc55ac74b3e95cbb,29664,part_0001.zip
TSP-boundary-n700-g10000-5.sol.json,2e7dd0fd0cf44a6db7e6e89b46ba41a69d1ceaf03cd9a28b5ee2d6f6da70df06,29665,part_0001.zip
TSP-boundary-n8-g1000-1.sol.json,5141b34c91dd908260d38d5ab80a3be9c908d0c67066635d65750c221619d348,864,part_0001.zip
TSP-boundary-n8-g1000-2.sol.json,af92f6b112a900f289e0efaf54c0ca567a59eb7aae17c90b0aeecc73df9edccc,864,part_0001.zip
TSP-boundary-n8-g1000-3.sol.json,2c829254ff28a2c5d58ae0a4d8a4a3e04d3096c8800e16015a5c41e59251d8eb,863,part_0001.zip
TSP-boundary-n8-g1000-4.sol.json,9a13ee0ce8eda0c9b4f722d7e79c8023a1590218872580530127f2a4545e26d6,863,part_0001.zip
TSP-boundary-n8-g1000-5.sol.json,787f970b2b08cc2128ba78fb7c6317718bb189103b10decb61f829b00ffe16f6,863,part_0001.zip
TSP-boundary-n8-g10000-1.sol.json,33027b68f8ca7c409db1a15dbfb61987f9f32dea66ed9e44b4976eac5e04293b,868,part_0001.zip
TSP-boundary-n8-g10000-2.sol.json,c0f9b78392ccd472dedbe3b1da3d4a71d05db170b7d9aaf5e3ae74f93e9f66ca,869,part_0001.zip
TSP-boundary-n8-g10000-3.sol.json,99cae53bfe9b3f5ce676bb98d089eb6e0a3a29bca4df9ef2a27747b386f28a54,868,part_0001.zip
TSP-boundary-n8-g10000-4.sol.json,132a77b3b266b6a6895237fe1321f2588b2eeec5f02cfd51e02967f30fc7f2f3,870,part_0001.zip
TSP-boundary-n8-g10000-5.sol.json,26d8a9a3154b738a75fd8c6181965ee0ef17a0614ea6303dc3fd29a018e20f89,869,part_0001.zip
TSP-boundary-n80-g1000-1.sol.json,b443fc601f695aca9ae1389e9189afa6dbfc79f47b183f73f0a77b1342f22205,3670,part_0001.zip
TSP-boundary-n80-g1000-2.sol.json,82ffe67b2c327770f9b9be229ec388b547467c2758390e5764424b97f50b059f,3671,part_0001.zip
TSP-boundary-n80-g1000-3.sol.json,a1c0e11ae90f9b973a62be681aeefd1d896d16a46ecb75ebd75dd6524b731b3f,3671,part_0001.zip
TSP-boundary-n80-g1000-4.sol.json,dd648f5aaae755cd9b9226a656a55ea51711fe3535cf023141ea658cf7fb1885,3671,part_0001.zip
TSP-boundary-n80-g1000-5.sol.json,7228f266858190b0b710d88e4fd0a85c6a939bcad820e1b120146f402a7b5633,3669,part_0001.zip
TSP-boundary-n80-g10000-1.sol.json,829ebae8f08fefb8625823c521c39222f9c3a46609835a4c9288493441b6fc80,3676,part_0001.zip
TSP-boundary-n80-g10000-2.sol.json,cca1b1f7a072826699d170bd0caa896a9e0200437af34ecaf956cfefb28c7979,3676,part_0001.zip
TSP-boundary-n80-g10000-3.sol.json,636f5ef0ae20c21aa812aa37d753d6183fed8a5d7a2d95f514f10da825cd3dec,3676,part_0001.zip
TSP-boundary-n80-g10000-4.sol.json,6a22c7ce5977fd40f947b35e36fb30511e779d72e075d3587e7550150d91ed97,3676,part_0001.zip
TSP-boundary-n80-g10000-5.sol.json,99b149700cef6f0ad847701a9da56e14148a1b19f00f5ab1c2792c87ebb4c8b5,3676,part_0001.zip
TSP-boundary-n800-g1000-1.sol.json,c8f083eab0bf57295b5892e81a063407d85b802641333406378629463602582b,33879,part_0001.zip
TSP-boundary-n800-g1000-2.sol.json,c726afdd180f53fb3130b1d5a92ad2b0c111aaa29f890e0ba207d1a8fd74b428,33858,part_0001.zip
TSP-boundary-n800-g1000-3.sol.json,95c1471fd11b706ec7b1e8be2d8de2204bb6c5d8c9116675f35362d3790dcc17,33857,part_0001.zip
TSP-boundary-n800-g1000-4.sol.json,40cf8b97f0bfba35436456238aa9ee815a36fbbcbb4f3ec02c625a63d497095c,33879,part_0001.zip
TSP-boundary-n800-g1000-5.sol.json,2c65f84c2723eec72e820a727243c69b081b9a0062272a395975b00c811c6e61,33857,part_0001.zip
TSP-boundary-n800-g10000-1.sol.json,09ecb57f5509889d498dfb67d713f1649deab67925074e1f4221750934fb8d21,33863,part_0001.zip
TSP-boundary-n800-g10000-2.sol.json,8b669aa411c2c439c63d8053102c3ecfb5b61d52e1e85bfbd04faa8d2f13257b,33885,part_0001.zip
TSP-boundary-n800-g10000-3.sol.json,c3a769b4e9d4bd5117419bbad22be4fcf4f453b7b6d181de78e5c204815b2b52,33863,part_0001.zip
TSP-boundary-n800-g10000-4.sol.json,e4d80ce6e2bbf7c28293870e9c4093211beb8a1185de0ff10c34a7271a850c9d,33864,part_0001.zip
TSP-boundary-n800-g10000-5.sol.json,f534f291c848bb6fdcea8cd5995a2c7a14ee708f8b0fc911cb56497865274333,33865,part_0001.zip
TSP-boundary-n90-g1000-1.sol.json,04d1a5b26c05bc99882bffee4babc5920641d69fded15d11192bdfd9c5a2243c,4061,part_0001.zip
TSP-boundary-n90-g1000-2.sol.json,0dba39bbb5a1f1d934d4f35874cbea75c92ecb76c84992f3cdc766bd3466615e,4059,part_0001.zip
TSP-boundary-n90-g1000-3.sol.json,48beb82816f20c824e56957653eafa9ae01292c9a0d03130ddcfb3e4628d66cd,4060,part_0001.zip
TSP-boundary-n90-g1000-4.sol.json,f37b292649bfb661c77c6917748fa06b51043876c5aaa135e5b753bf72e28789,4061,part_0001.zip
TSP-boundary-n90-g1000-5.sol.json,ee19350f4e00f397a7662911b346eda0a4041fd75808c41137de1978cd3090f0,4061,part_0001.zip
TSP-boundary-n90-g10000-1.sol.json,26037b8e107662ec85e4a511e704c22c1f26a00170d83b6ec014d7f2fe425292,4067,part_0001.zip
TSP-boundary-n90-g10000-2.sol.json,f58c961b853a5b8cc8c6bc00a31e2e46c83c67e9697a6c438ea9bbfe3c49afca,4067,part_0001.zip
TSP-boundary-n90-g10000-3.sol.json,c293b95b1487c03d2f335c4fa8332481f4c1056c327e3af5ecc81ac8fc7f5518,4066,part_0001.zip
TSP-boundary-n90-g10000-4.sol.json,67ddae72826a0d47c43f320c481d9e6ce0bb380d5aec827d26fe45c55c4481cd,4067,part_0001.zip
TSP-boundary-n90-g10000-5.sol.json,c95f5bd8e6daa7bf2bd1a7439c817a2e04ec8f061bbf2d547dbcf35bbc827cc4,4065,part_0001.zip
TSP-boundary-n900-g1000-1.sol.json,6b58ee13449e9a455620228c8827e92ba5234e30557726939c5d3f0a114341d3,38057,part_0001.zip
TSP-boundary-n900-g1000-2.sol.json,03aa1f4238dcc3b2e6e58f546ce296da66737ff49a4c09fd0177d150fcd4ac32,38057,part_0001.zip
TSP-boundary-n900-g1000-3.sol.json,10008204dda291ffa8f0d5b8407ae16f22195053556735cc1911540f7255d9ea,38081,part_0001.zip
TSP-boundary-n900-g1000-4.sol.json,ffe28092ac94e684dfb0cd387a44e403b9b79e28a46d4dbdab9518bbe9a16ab1,38057,part_0001.zip
TSP-boundary-n900-g1000-5.sol.json,51a0d1b08adca0af88873cc3d583dc99ccfddbc0098ffe29ca1dcbd5275131ab,38058,part_0001.zip
TSP-boundary-n900-g10000-1.sol.json,a4195c44b52f8011fcfcc7098d2e81c731c0189c5c5f68486c63f9e9c21ff3c6,38064,part_0001.zip
TSP-boundary-n900-g10000-2.sol.json,8b8534d8a06d00c031853202c50375b36a85b4e2c524e5a7eb2eff8ab0be4ee0,38087,part_0001.zip
TSP-boundary-n900-g10000-3.sol.json,b1049046cc3244b491c417f865a94e7bb290f8d255935c428ab79a95ec19c576,38064,part_0001.zip
TSP-boundary-n900-g10000-4.sol.json,58500ebe1e11109a7b168de12295505f5340f7c5ca20a12ea90022884b2c2b77,38062,part_0001.zip
TSP-boundary-n900-g10000-5.sol.json,806d3b692ed9618022b582ae1e2995511910ae1698d0eceae56ce393bf068fef,38065,part_0001.zip
TSP-clustered-n100-g1000-c10-r10-1.sol.json,67dabec21b26e2ea4573981eb2d066bda38457823b9783e762e4f1b9b4d4b2c9,4473,part_0001.zip
TSP-clustered-n100-g1000-c10-r10-2.sol.json,7fa645038866c279b46b8f9d664d28b5d8305e6ad20c02316117da4d95b08280,4474,part_0001.zip
TSP-clustered-n100-g1000-c10-r10-3.sol.json,d2077eb4f1b0f0a7844d1ad1a7ab8d8e8127f15b5346af601c996ed5de106bd1,4474,part_0001.zip
TSP-clustered-n100-g1000-c10-r10-4.sol.json,d4ff2f2b06dd33f141d16c1759e8dc26351f7c2e34bd215f5898e1dd88e858ab,4474,part_0001.zip
TSP-clustered-n100-g1000-c10-r10-5.sol.json,c575cae6d8c52cea2a6475763caea3c7a9fbe262ba21bed7a07adece57661104,4474,part_0001.zip
TSP-clustered-n100-g1000-c10-r5-1.sol.json,3c5de42194830a45252db31225cfbfc1ad5b074715ae0f03d648cb82af1deb49,4472,part_0001.zip
TSP-clustered-n100-g1000-c10-r5-2.sol.json,c13efa5157ce0519c982c18e2eb2df8935370a16b1845361819c2d7b35ddfee6,4470,part_0001.zip
TSP-clustered-n100-g1000-c10-r5-3.sol.json,680c915617544c228aaa26d5359b7f1cc904d9b2314629660795558b47847d61,4472,part_0001.zip
TSP-clustered-n100-g1000-c10-r5-4.sol.json,632a8153b9a93be0e1f647fbc27ad6e17fe73ad16fa86823563cde6b04ba83ed,4472,part_0001.zip
TSP-clustered-n100-g1000-c10-r5-5.sol.json,3ce62b02442c1d25da38015fe18e8525ca75b8cafbde3f8c8113c3973251d9af,4472,part_0001.zip
TSP-clustered-n100-g1000-c5-r5-1.sol.json,b89fe945ee527cb718415dbe628baad30bb3dea1e70b20773727926f449e9678,4469,part_0001.zip
TSP-clustered-n100-g1000-c5-r5-2.sol.json,6099deadde2e4166c6b470de4bcb6ef9eb98e88d803686831b4f8f80ed724d59,4470,part_0001.zip
TSP-clustered-n100-g1000-c5-r5-3.sol.json,9556c56269674d6e2c907fb10b12c73d7b68bc6f7ac597a89676d8cb7222a7f3,4469,part_0001.zip
TSP-clustered-n100-g1000-c5-r5-4.sol.json,1677e3a4887924f38c241d8a4789fb1c7013a0a6bb8f64c07c3350a832b70c9a,4470,part_0001.zip
TSP-clustered-n100-g1000-c5-r5-5.sol.json,98a58b687c4b5c2da148480d41f8d63107e333dc4bda687d7cf5a6839c148ed4,4469,part_0001.zip
TSP-clustered-n100-g10000-c10-r10-1.sol.json,e180338d694cfd4239b4403bbbb662a80475ff9c97b69c8677754f3870fd316b,4481,part_0001.zip
TSP-clustered-n100-g10000-c10-r10-2.sol.json,dbfe4f75737af2846e1f0273942606c61fc9ba159da5459863b0d4c449f195ab,4481,part_0001.zip
TSP-clustered-n100-g10000-c10-r10-3.sol.json,ef604ebf75bfaa480e006bee0827d643a62c2a97f4578a285e1652e023adfd9b,4480,part_0001.zip
TSP-clustered-n100-g10000-c10-r10-4.sol.json,fbe164709ad53ab973dd8fabfb23cae983b927b98a50e26a7d769a9e889e8055,4480,part_0001.zip
TSP-clustered-n100-g10000-c10-r10-5.sol.json,0ac8ade270f74cba57c37f7387528f5332d941408ef1f69bd5d70107f0411052,4479,part_0001.zip
TSP-clustered-n100-g10000-c10-r5-1.sol.json,a4701ac2ed9df0bcdb14a62cfb1de0e6e52508f13ca2667b62affbc731fc43c9,4479,part_0001.zip
TSP-clustered-n100-g10000-c10-r5-2.sol.json,173ad330d55312a629056ef05d2fede15c81696a4692508aba49976e03b02e77,4477,part_0001.zip
TSP-clustered-n100-g10000-c10-r5-3.sol.json,a458a661a4f6b523168a37b0e9821a1733d44423e87a163071bf209acb85bf5b,4477,part_0001.zip
TSP-clustered-n100-g10000-c10-r5-4.sol.json,7f18b2abceea61241b9d9b028892d7ac895a4571b6c4795263580901ec8ed446,4478,part_0001.zip
TSP-clustered-n100-g10000-c10-r5-5.sol.json,d6b877268f9cd5cb99b07976c3923c41ff8e551010ed159425d411782f6fa36c,4478,part_0001.zip
TSP-clustered-n100-g10000-c5-r5-1.sol.json,1f28d56e73a44bc54fda48d0bbffc59d2d91d79773b707bd150894bc9aafbdda,4476,part_0001.zip
TSP-clustered-n100-g10000-c5-r5-2.sol.json,8dcf38e5fc43db4663232f7f25335f298504047957f8a6c0dd04a74fe62c3f13,4474,part_0001.zip
TSP-clustered-n100-g10000-c5-r5-3.sol.json,8a3abccca8dd3dbd5a867a41f56d2b3b0998243dcbdd363ddacb55afa6f9abfd,4476,part_0001.zip
TSP-clustered-n100-g10000-c5-r5-4.sol.json,7f8a0eb9e35e15ac180642650ced3245f9133c224ba98f25c09a9a039d1b68f7,4475,part_0001.zip
TSP-clustered-n100-g10000-c5-r5-5.sol.json,b24d2a47258dbf8163bbd3e7e8e7a44ae62c3eb9108fb107d4d78d32bbf43c08,4475,part_0001.zip
TSP-clustered-n1000-g1000-c20-r10-1.sol.json,1dcb1567279bdb38952400203a5f4a5720cfea83f4808ecd311c7b540c035cbb,42303,part_0001.zip
TSP-clustered-n1000-g1000-c20-r10-2.sol.json,1d73e65f4e921cdf7209a436482c50b1ee2aba2aa663055b89e0906e979ac574,42281,part_0001.zip
TSP-clustered-n1000-g1000-c20-r10-3.sol.json,17f0bf6fa0622ffd99af9e77c38ca63b5363706ba63abf6f51a7fcc65b63c00e,42281,part_0001.zip
TSP-clustered-n1000-g1000-c20-r10-4.sol.json,5dc6cfef4009ddb0725dc975d2d3c1522848c80239a20cb566abf76271a7ad15,42282,part_0001.zip
TSP-clustered-n1000-g1000-c20-r10-5.sol.json,a57f9810da004c05dfdc307bcd8550b64806a7db46a9ee6b6e81358c97268fd1,42282,part_0001.zip
TSP-clustered-n1000-g10000-c20-r10-1.sol.json,87822b0d1b911dc378ef3f12820acc151e71885b404bcb9c6b24268f801b60f2,42286,part_0001.zip
TSP-clustered-n1000-g10000-c20-r10-2.sol.json,28593ed72430d020ab7db445a1faf8f5dba96042f23925f9a9b7a873ac7d089e,42310,part_0001.zip
TSP-clustered-n1000-g10000-c20-r10-3.sol.json,9cc200a8f30c2d35206ab4bf0fd46a50b5026ecd08ea4aff30cefd0481fd67d3,42310,part_0001.zip
TSP-clustered-n1000-g10000-c20-r10-4.sol.json,8b781bc416636de17726ac7f6a065f06cfc3e318794ad19e8d819200ea7ad7eb,42289,part_0001.zip
TSP-clustered-n1000-g10000-c20-r10-5.sol.json,709dda768d5ad3492c7d17b5da8305405a16b064f44239de9788f1349053a8b1,42311,part_0001.zip
TSP-clustered-n500-g1000-c10-r5-1.sol.json,983f71bd14a31ea19bd3c7ebad51357a7625c10c41500b00951c30a5709cf92b,21269,part_0001.zip
TSP-clustered-n500-g1000-c10-r5-2.sol.json,b2f5ed6f191cb0319ea346a8f3ebfa6f47e0e25a84705f83cc996d90a7b27e95,21270,part_0001.zip
TSP-clustered-n500-g1000-c10-r5-3.sol.json,966577ae2c739cd1982f3f9c578affbeb841d08db5b369d0ee3d013e7236ec80,21270,part_0001.zip
TSP-clustered-n500-g1000-c10-r5-4.sol.json,ea82ec60836f54bff64d99d3ea54a61381464016e5faf33916e252765d635b36,21272,part_0001.zip
TSP-clustered-n500-g1000-c10-r5-5.sol.json,7e8fabe7d1d0421c85c215d1fc97a53823237d09d259b6bc3b4d3e4904b36daf,21270,part_0001.zip
TSP-clustered-n500-g1000-c20-r10-1.sol.json,f635dc98c3ea10121fcc0ded3d73587ed86e80f218b703331eea802a076c39b0,21276,part_0001.zip
TSP-clustered-n500-g1000-c20-r10-2.sol.json,797b9e49a7c0a4fb4820c0039ef979aac056930120b8127f8767466a051aefcd,21275,part_0001.zip
TSP-clustered-n500-g1000-c20-r10-3.sol.json,1f661810ce1396fd5f22d727e8b4229a21486c46b80f786c3bab37635d5f78cc,21276,part_0001.zip
TSP-clustered-n500-g1000-c20-r10-4.sol.json,5c490aa12024b5f136164e0d2cdf6d246361329908c63a65af61d1b46561afd0,21274,part_0001.zip
TSP-clustered-n500-g1000-c20-r10-5.sol.json,cb730f5bfeeb16140505ff370a07ef2cbdb3ba2092fc2d3a7ada9f35e80dc07d,21277,part_0001.zip
TSP-clustered-n500-g10000-c10-r5-1.sol.json,e67d601405c2d59712dcd1826541cf03c0d465b1bc3dec798b602f463a003279,21276,part_0001.zip
TSP-clustered-n500-g10000-c10-r5-2.sol.json,cd3812d60b34d1143a38782101f4775d385b292513294a4e9f488c22a9805a82,21277,part_0001.zip
TSP-clustered-n500-g10000-c10-r5-3.sol.json,220d42c3210d773e7aecde694c0bebf39a9ce83acff22ba12ab46345c5f549ea,21299,part_0001.zip
TSP-clustered-n500-g10000-c10-r5-4.sol.json,ac2002fa9f796b91df780fa83f1e406b2d718ff8c079e8782110201f482f25ac,21277,part_0001.zip
TSP-clustered-n500-g10000-c10-r5-5.sol.json,97324318d349c749e6e8303f0759218a1256eb57e58b530fdffc93f879117b3c,21276,part_0001.zip
TSP-clustered-n500-g10000-c20-r10-1.sol.json,78413613b623fc92e5b2c0efab5d18a75b32eacd6281dceef42efa3de3a923f5,21281,part_0001.zip
TSP-clustered-n500-g10000-c20-r10-2.sol.json,9c3d6bdbc370123d2e86a46f7af0c4e8557c4aaa7d063a086dc5e93d889093e7,21281,part_0001.zip
TSP-clustered-n500-g10000-c20-r10-3.sol.json,fc506ec6029058891e3cfab7ed19661c3bf8390ca796f9935baa3524f0786e49,21282,part_0001.zip
TSP-clustered-n500-g10000-c20-r10-4.sol.json,c7c2cdaf606ba13f17badcf89a1d1312dc52c5c2cbbf9610eb1de4adfaad611d,21281,part_0001.zip
TSP-clustered-n500-g10000-c20-r10-5.sol.json,2f7fff4a463d267a8c3efec2ac88f5ea45942fd1e59dc6fc1568fe4880dd056b,21282,part_0001.zip
TSP-correlated-n10-g1000-1.sol.json,b87d355c29ca263ef98aa009d1a56e15bcd4120a4dd8f20c7aebc4b3f928e5b5,945,part_0001.zip
TSP-correlated-n10-g1000-2.sol.json,8b22e0f7181b33086f878e992f55d4cd6b513a57145615f123fff696333cfb50,947,part_0001.zip
TSP-correlated-n10-g1000-3.sol.json,c28e8f902987ebd9c5a7a72fa8b1cb4cfcb86c3a6c2e13127da40b707ad8da25,943,part_0001.zip
TSP-correlated-n10-g1000-4.sol.json,b39bfbed536a0a7a57b59b4eec445b3b01e0186e8d2cc447f1c50c684c4f601b,943,part_0001.zip
TSP-correlated-n10-g1000-5.sol.json,c06c6b4693b2ae83f6e8d0779a8125261fdfa560a23444a563ed21ccd6e3e096,946,part_0001.zip
TSP-correlated-n10-g10000-1.sol.json,c64f189d4196608d2add6f2f696839b2b493bd5b95ba2bf402d884d236ca6679,951,part_0001.zip
TSP-correlated-n10-g10000-2.sol.json,581336f36cc16d91523f541b49529130ae729d380d649289a29be3090c8d548b,952,part_0001.zip
TSP-correlated-n10-g10000-3.sol.json,546c53d5d52a8885029e278e688ad51b6cbdfdf232bc217c1e25cfec7e24baae,952,part_0001.zip
TSP-correlated-n10-g10000-4.sol.json,a999a7eff5963857a2e59f4883434bd5e60f24c3862f8cd8d53dc935336412f4,952,part_0001.zip
TSP-correlated-n10-g10000-5.sol.json,190a9492baed2ea54e1574f12a439244c6594ebf74981996e20bb19bbcd4b2dc,951,part_0001.zip
TSP-correlated-n100-g1000-1.sol.json,936e913ff6e361b6b04a1710b96a21f89a3250c3d5c74b5efd02e46374b661c6,4460,part_0001.zip
TSP-correlated-n100-g1000-2.sol.json,906136ab054965b8cfedbc7117e7b8714a7acbf24295572c60affa3562d8b189,4459,part_0001.zip
TSP-correlated-n100-g1000-3.sol.json,bc63930083edb880f7b1a4f1eb557c42b8566f5f18d75c6a1a73240d85ffebc9,4459,part_0001.zip
TSP-correlated-n100-g1000-4.sol.json,6d40c28b61888f0326b9788f91f7681ad5761fc09d1cc0437998acffdee11bdb,4460,part_0001.zip
TSP-correlated-n100-g1000-5.sol.json,c62f1542a80ece73c6ecc1640ea2ae7a9b2d7c06848084f0689a5fb3692242d1,4460,part_0001.zip
TSP-correlated-n100-g10000-1.sol.json,8dc943b99ae433ad1f8818f4d4216d034c3a05390a86b0662ecfbb0f0f47919a,4465,part_0001.zip
TSP-correlated-n100-g10000-2.sol.json,f165e1814046a38bb7ca0a50f938ca3f93202dc08168b8b051aefa34a87f48a5,4466,part_0001.zip
TSP-correlated-n100-g10000-3.sol.json,4532de1df8f50bd9882bad48352d472d0052d9e6437228722aa718aff517f16a,4465,part_0001.zip
TSP-correlated-n100-g10000-4.sol.json,de95d40274c42158170e5283cfdc47523d38baff1b65ff05f65ebf162728d943,4465,part_0001.zip
TSP-correlated-n100-g10000-5.sol.json,503b4c7da9cc8a5602b937ef9b127893cdc6d04add07b6201d667eb8ed264bd2,4465,part_0001.zip
TSP-correlated-n1000-g1000-1.sol.json,4a80ffaa5f501d2d7082a55bdab229f8aef4b7a4f8609379fb68af066825b614,42267,part_0001.zip
TSP-correlated-n1000-g1000-2.sol.json,65967acc626ab787085fa38ef999a14538980fae780137641790eddefa23bc15,42268,part_0001.zip
TSP-correlated-n1000-g1000-3.sol.json,15bf26e575a3dbb5888169feb97cb067a96b3ff07da18483f84c79e38953f4ac,42269,part_0001.zip
TSP-correlated-n1000-g1000-4.sol.json,bb13f39461731013ffd0296d8635c4ce7650da2874d3c72f9041d5f690c9cea2,42267,part_0001.zip
TSP-correlated-n1000-g1000-5.sol.json,b136311b768d910bebfbdcc76da1a903bb9b16e71a04497f57831762ffb9571f,42291,part_0001.zip
TSP-correlated-n1000-g10000-1.sol.json,cedbdaacec6795fb7333a3936caf5e3de0ff706df7f06abd452a535c7c1101cd,42273,part_0001.zip
TSP-correlated-n1000-g10000-2.sol.json,f390f019d945a0d553ba093732b780ee3803b9e1bc06befd1b0a2dec73aec672,42295,part_0001.zip
TSP-correlated-n1000-g10000-3.sol.json,0fb9890ea9aa40bb99febcd3e0a74068fd4c41e735645bab92c2590aa982c4d1,42274,part_0001.zip
TSP-correlated-n1000-g10000-4.sol.json,e3332ad73bbafb0b9f815068573438491a793f8664f1492a12fa57be9d58e95f,42297,part_0001.zip
TSP-correlated-n1000-g10000-5.sol.json,18947f573fd4a32763c2e9c188b19eddc4f5eb717ef36ec079442bfe33aa0292,42273,part_0001.zip
TSP-correlated-n20-g1000-1.sol.json,0ae8a6c90426a2ca271f387b8617bf19bc5cd9d988963aff8f289c1b91ed60dc,1335,part_0001.zip
TSP-correlated-n20-g1000-2.sol.json,aa67a13455a21be5dd67500e40c7b4cb4077f33f9830c4f2af38a4a41ace771a,1335,part_0001.zip
TSP-correlated-n20-g1000-3.sol.json,6a7b0483751f390099a0796f08186d9a59ff00e5a0a864d78fa28a1f3ce86521,1335,part_0001.zip
TSP-correlated-n20-g1000-4.sol.json,d42224b83f1efc840569cf7d67422f6afe874e094ae9cc3f3d82da4a604589f0,1335,part_0001.zip
TSP-correlated-n20-g1000-5.sol.json,622f6c7ea3ffdadd38e6da5ab5a27e69e4d277b16d45421172c2cc33c7c1f5cd,1335,part_0001.zip
TSP-correlated-n20-g10000-1.sol.json,6b7b507a5f30e836e9ca7b6e6c00d17c9c5733b9db154afa650d88720bc4a8d8,1341,part_0001.zip
TSP-correlated-n20-g10000-2.sol.json,8f1ab766448f53ac7c9d5fb1ad4c65eb197c567c04108ad74e78a8f7787824b3,1341,part_0001.zip
TSP-correlated-n20-g10000-3.sol.json,9a33169dddbdd8c6ef15da2e204f2a8d6c5565b375eede4a4e980252c8731662,1341,part_0001.zip
TSP-correlated-n20-g10000-4.sol.json,49a6a0779036fbb78de04bd73a30a81159cb0e8dc37240afa95caa9c46b20d38,1342,part_0001.zip
TSP-correlated-n20-g10000-5.sol.json,36835d0474c422948561cf081a5ef905573ea1998e58e3d34d00768a116cf3b4,1339,part_0001.zip
TSP-correlated-n200-g1000-1.sol.json,b387de2ab571de64976ba04c0b0b59708e3620083e367ee63870096b39877089,8660,part_0001.zip
TSP-correlated-n200-g1000-2.sol.json,9963d15297d383533c478cad86563b8d22d9058af5a1e841264a46b278304281,8660,part_0001.zip
TSP-correlated-n200-g1000-3.sol.json,e2d9429c3c4d557a5b02b0d7cc25794844c9cbb4a96ab7c5dfa8a4e1f99121a7,8658,part_0001.zip
TSP-correlated-n200-g1000-4.sol.json,489c7f83be2ae3496059cc1b1d874abb59aa6bb249aef88840741be76b675476,8660,part_0001.zip
TSP-correlated-n200-g1000-5.sol.json,0bc8d7d100c7e59614ca05b62d2196e4558b0be8257202c5c27ead831362aa05,8660,part_0001.zip
TSP-correlated-n200-g10000-1.sol.json,36f42fa37adde18e212eaf05f0e19d6cbfa7cd7274fa2def0ae9a1d7918093a9,8665,part_0001.zip
TSP-correlated-n200-g10000-2.sol.json,c8af6b6240106f3c28735e56ca57ca2f524e4990e9fda64e90f7ddf2be496424,8666,part_0001.zip
TSP-correlated-n200-g10000-3.sol.json,1806f5219fa9d52307b467709a2c6a611477e3c6b1d96425120133147211f698,8666,part_0001.zip
TSP-correlated-n200-g10000-4.sol.json,21741fdad041fb44df5bf7546f3b308f3af42ed936423962eca0cbc616c2e27b,8666,part_0001.zip
TSP-correlated-n200-g10000-5.sol.json,fa700eb76b6764a1cc4ab326db0a17d11a422bcb7babdf7fd7de1a1fcca9c6dd,8664,part_0001.zip
TSP-correlated-n30-g1000-1.sol.json,51cda5dd2036ddddc7a05b40443510e726311e590999d90cc54fd4de4d905f89,1726,part_0001.zip
TSP-correlated-n30-g1000-2.sol.json,c389e1852fc5f496ac52b5af0a30956b05af6eb1cdcf191a3b16f42c77505588,1725,part_0001.zip
TSP-correlated-n30-g1000-3.sol.json,9fcf6a04768f9f3ed967edd722a4e0bc416715615ae59c9efa75fe14bebb6a65,1724,part_0001.zip
TSP-correlated-n30-g1000-4.sol.json,204789525a5b776019a24f345093a4c856e958833b97626d2309433bfa8315e2,1725,part_0001.zip
TSP-correlated-n30-g1000-5.sol.json,f5676392ff713c2641b4b00ca41c92a68c4b89d4ff1932f1af0bdb0a0933bd21,1725,part_0001.zip
TSP-correlated-n30-g10000-1.sol.json,585d0731260034ed9a313991fa8e246865230f0dba327a7a1ebf3d7381108d7e,1732,part_0001.zip
TSP-correlated-n30-g10000-2.sol.json,10478164d072a75f07eeabcbeed6746cfff47486ced332644a9e2c7ba7933504,1731,part_0001.zip
TSP-correlated-n30-g10000-3.sol.json,583c1cfa082451c8aa504f8c385baa1ca479a155c8ba39c6eff344f043d2b7da,1730,part_0001.zip
TSP-correlated-n30-g10000-4.sol.json,ea70482c2c644cb76a2b9c54079a9c95a4511641630f82d5ef4d241bed42fa0f,1730,part_0001.zip
TSP-correlated-n30-g10000-5.sol.json,d93bbe8c3beb1a51b870bb53e0a12dbb951d81eb1d78bfe68b0ef29b0de40b7d,1731,part_0001.zip
TSP-correlated-n300-g1000-1.sol.json,df1088c3213d44f2118bad6e0481481abd4e89debbaacb55bc32e062eb4e9cd4,12858,part_0001.zip
TSP-correlated-n300-g1000-2.sol.json,5286c019aae456da109cfbaf8856b14e2451adbe123e4890a2bf940bd0271a55,12859,part_0001.zip
TSP-correlated-n300-g1000-3.sol.json,63fa4947cdd8d7d7551adb1958eddb94e70218b72d2c44c1d69ba45873f90d00,12859,part_0001.zip
TSP-correlated-n300-g1000-4.sol.json,f84764a287055aa3a73fd8f288163417cfef9152187a23c7a84521f64fd8b7f4,12859,part_0001.zip
TSP-correlated-n300-g1000-5.sol.json,91acb531f97cc54028ae64ed4ff4797c01928804e4226bd1e04c1b0788738de9,12860,part_0001.zip
TSP-correlated-n300-g10000-1.sol.json,5c925ab1f69efce923a340fecf2dc511b0c7626ba1f03932707b8dc55e926346,12866,part_0001.zip
TSP-correlated-n300-g10000-2.sol.json,aab0a3244d41b4deb5413a8fc5ea5b19060ae375ed43d195cca7521c781009ae,12864,part_0001.zip
TSP-correlated-n300-g10000-3.sol.json,cff3ae49b4b4e63e1903be4f009056de37637bf0afa03111b1b9f643aeb98fed,12865,part_0001.zip
TSP-correlated-n300-g10000-4.sol.json,861cdd2f9b84f6c46a2822785afff646a46b6420911d78077bd675ed66b3bbb5,12864,part_0001.zip
TSP-correlated-n300-g10000-5.sol.json,3cce7264d118162c2fc8d554e307631e61692775901bda4b503b8e0635dc83ea,12865,part_0001.zip
TSP-correlated-n40-g1000-1.sol.json,2889d9982024c58573db446379724b96c648a73ac06fad1f753e461407ff3ef5,2115,part_0001.zip
TSP-correlated-n40-g1000-2.sol.json,c6533fabe6c7649be1d500d8352b6069a15b2672dc5ac2c6a6ee3cb4a84ac37e,2116,part_0001.zip
TSP-correlated-n40-g1000-3.sol.json,4afc4f0cc372bfc986fe2aad3d20b38107d061a718a076a4cba9ddb7b66e49df,2115,part_0001.zip
TSP-correlated-n40-g1000-4.sol.json,ee534de0c152ade9b1155b3f20cb416a26919e918f00ce54a8efe7fb4b6a1953,2114,part_0001.zip
TSP-correlated-n40-g1000-5.sol.json,e7103230b3af0579b9fe786e4c937eab8c10203a4b75dca82df0199f3be419cc,2115,part_0001.zip
TSP-correlated-n40-g10000-1.sol.json,67dfcbd8da13714ac67062a5adfda04fb1c68daa2df65536f424e234c7b99057,2121,part_0001.zip
TSP-correlated-n40-g10000-2.sol.json,7f0aa027207ff7466adb6c485da17b8793046323a80fa11939a1497d4bd9d024,2120,part_0001.zip
TSP-correlated-n40-g10000-3.sol.json,eb83f42a158d0d7cfdd844abb91b90acf923d34b0a7c8efb235179b8e4e292fb,2121,part_0001.zip
TSP-correlated-n40-g10000-4.sol.json,f9d27871289284b1c03ed1c521966cbce8fdd0664e4ecd588952a927806adf79,2121,part_0001.zip
TSP-correlated-n40-g10000-5.sol.json,15de23678f433c20de720a7738cded3357a6fd5f41edac8fb12760e33fb6f80a,2121,part_0001.zip
TSP-correlated-n400-g1000-1.sol.json,b5e3b9844391e0ae0066b33eba4f543544c33af90debc5705d55dbd4a0e5a28d,17060,part_0001.zip
TSP-correlated-n400-g1000-2.sol.json,083a171a70ad39f2fa3e4c8d5ed5560b6a2ec9104ea4fb8748d33a899f580c03,17060,part_0001.zip
TSP-correlated-n400-g1000-3.sol.json,501641af070ff50827b17c385dc1e2f47a12fc4be4138b1672af4f7125ff7371,17059,part_0001.zip
TSP-correlated-n400-g1000-4.sol.json,3a845a022f020eb65b3c1fc3c7807be0bbb1bff8ef3818ef01e94e3dbe65ccb8,17058,part_0001.zip
TSP-correlated-n400-g1000-5.sol.json,fe143104bbd35d275945a5493cf2daf8fa796c30e835239e508e90cae1ce5c7b,17060,part_0001.zip
TSP-correlated-n400-g10000-1.sol.json,a045055c244ef01bf40b340044721c1fdaadab279311fccd3df4da1df8b47df7,17066,part_0001.zip
TSP-correlated-n400-g10000-2.sol.json,92972536183f169a4b230a5848f629a08c9c3ab4e2b2aa1b7972550001050ccd,17087,part_0001.zip
TSP-correlated-n400-g10000-3.sol.json,42ce4369ad5fa4af28ccfad57533583acf59c136cc4e5ea946a3915e8517d19d,17065,part_0001.zip
TSP-correlated-n400-g10000-4.sol.json,dde40f20461ec3bbc84867815a7727d7ba80348084844d46dfb4a28afc5d4567,17065,part_0001.zip
TSP-correlated-n400-g10000-5.sol.json,f73bcdd91e40d7f2e771aac8f0dcdc913e48d51ae218d51705ef3fa6dc5effd7,17065,part_0001.zip
TSP-correlated-n5-g1000-1.sol.json,da5a101149e2f22d5a5a35e05b87118c03bb3b2c14bfb5d9f4f187118ac0e6a0,761,part_0001.zip
TSP-correlated-n5-g1000-2.sol.json,7c34204f3e0b2fc5a33b9ec974272626e09740d580eba67d1a571dd91f184d4f,761,part_0001.zip
TSP-correlated-n5-g1000-3.sol.json,e640c15838d8bf146ce35532a5a76e09910551e33ab812b55df5a27ad5b190e8,760,part_0001.zip
TSP-correlated-n5-g1000-4.sol.json,490f95ec04f163ea5884ab594010c906fd8480ce7fc793ea16e86f49bf66aac0,759,part_0001.zip
TSP-correlated-n5-g1000-5.sol.json,9a884f8666a1763107d634dc1a2d3b8c005c5bbc3a6f1e855ec138ff81afd0d8,759,part_0001.zip
TSP-correlated-n5-g10000-1.sol.json,e3f340c7a05d2f2c10adeff00f889211f04a7504193284cd6e5225986ba937fb,765,part_0001.zip
TSP-correlated-n5-g10000-2.sol.json,8590786754155c452ed046228d909c8a4b19c97de9d06bb37c366ea6b6d36b6e,764,part_0001.zip
TSP-correlated-n5-g10000-3.sol.json,287f04a31026ab9ce32d22d6bfc0294db14f63056b79d562665cc185bc94807c,767,part_0001.zip
TSP-correlated-n5-g10000-4.sol.json,9bf0fb3773eb842f52187d4628b0046a411c624901452a81f78d5f93bb339141,766,part_0001.zip
TSP-correlated-n5-g10000-5.sol.json,2909700aea1088cd13817b01c0c8000debad6d3684ebade9e9f3f3bcd150b8b4,766,part_0001.zip
TSP-correlated-n50-g1000-1.sol.json,2d08e1c2522f19ae56808775fcb3608a95dee1fd4e2ce56503e0996d42d4085e,2505,part_0001.zip
TSP-correlated-n50-g1000-2.sol.json,716e4f72ef5bb7803dd74884af2c6790be1ac28a3d8ef07fd57e27af19fb69b0,2505,part_0001.zip
TSP-correlated-n50-g1000-3.sol.json,44221a988b48f0fd6215ecd15335abcf89f0880bbc13e04f311c28fef9ec8670,2505,part_0001.zip
TSP-correlated-n50-g1000-4.sol.json,3b621d3990587e6e39f7255a2ac9187108a85f4d23c61d3226b4f32b599ad0b9,2504,part_0001.zip
TSP-correlated-n50-g1000-5.sol.json,4fc556124bdd2d3d594d032737c328637d31095f9d9243eab1b88c202559fd3a,2505,part_0001.zip
TSP-correlated-n50-g10000-1.sol.json,4ad444b8229c40a981590bf6768c61c76afb02627f9614854e51be0bf23a5a3d,2509,part_0001.zip
TSP-correlated-n50-g10000-2.sol.json,765e21e77fd931697e966b4961e8a61e89be94ccaf6510e01bb22bc3ad0a124b,2512,part_0001.zip
TSP-correlated-n50-g10000-3.sol.json,6fcbd43f29a9b66d6c58bf48e551653aab3ea18ec01dea56d976397f34abdc26,2511,part_0001.zip
TSP-correlated-n50-g10000-4.sol.json,fdd5af1984237925bf730cb276ecb63d660122666616ac5eaee85e392e413449,2510,part_0001.zip
TSP-correlated-n50-g10000-5.sol.json,16649abd1df269245bf7fa564e90f97579564a243c95dfa6568db57ab098d588,2510,part_0001.zip
TSP-correlated-n500-g1000-1.sol.json,a600b5e665e02c6209261ef0e5effceb3fe345ee1c188bb52ed04d7552136d19,21260,part_0001.zip
TSP-correlated-n500-g1000-2.sol.json,6fb1ef71e32dcc1a48f7dff870c77a3b5fff244f004e74c84f7dc3356443e9ef,21261,part_0001.zip
TSP-correlated-n500-g1000-3.sol.json,1effdda5e8aac467a49dddcb0ef6f8ef3265a512a4cae99571956441850225f3,21261,part_0001.zip
TSP-correlated-n500-g1000-4.sol.json,90e7a799b652ff25677f8f1587189484891c5c0b74fbe6046e27d4f4c10f8cd7,21261,part_0001.zip
TSP-correlated-n500-g1000-5.sol.json,98ce3915cd4bc7b7c572b2137f6a66e1bd1f4e896d0f2e70263418310adfc179,21262,part_0001.zip
TSP-correlated-n500-g10000-1.sol.json,a99b8d42d012e960b9d09e5cd92bb1bee6190eb35dfdfc85e80599e3fecb4e6c,21268,part_0001.zip
TSP-correlated-n500-g10000-2.sol.json,fcaa84c3b373d2c8ec143109abe1a4e478b80640d855e2d7d9631b9f754e741d,21269,part_0001.zip
TSP-correlated-n500-g10000-3.sol.json,e92e5384c0d8118696ab210329f5fff837281fdb14b5da1187475b07c9fd2b99,21267,part_0001.zip
TSP-correlated-n500-g10000-4.sol.json,b7c0c3efa46b0062712892a55cb739ce77a08563e4e6692dc0ec4f95b4384b6a,21267,part_0001.zip
TSP-correlated-n500-g10000-5.sol.json,4e779c3a11dbbdde57563cf1380cf6aacef21aa90f482225cac599357eb45242,21268,part_0001.zip
TSP-correlated-n60-g1000-1.sol.json,a5659276888a9182c9ec6ccb9bb1f96d3638c14103eef5dfeeaa64e08e50afc3,2893,part_0001.zip
TSP-correlated-n60-g1000-2.sol.json,e521faf20ffe1a1520f626085e733343bb87396a716313c3884ed494ea86e23c,2895,part_0001.zip
TSP-correlated-n60-g1000-3.sol.json,c5229a0b0d6c17eeaa0c291410a7f8ea20deebe507d7412d7fa039d4ec9f941f,2894,part_0001.zip
TSP-correlated-n60-g1000-4.sol.json,a9c496815775246e85c925ff855bc68791b27d59cae47f84592932a544ee0579,2895,part_0001.zip
TSP-correlated-n60-g1000-5.sol.json,6586aaee6872bad7e0398446649569588d7a9b35b41624d89c7549106ba5bbc7,2893,part_0001.zip
TSP-correlated-n60-g10000-1.sol.json,c4d36c0cf398c74f13c6f22839c2a38027471822fc2aaacb20716dc7b2be725d,2899,part_0001.zip
TSP-correlated-n60-g10000-2.sol.json,e607fcd464148449d1bf8332a07e6aa651c48aca1749e13afeaadcc3b8df4cf3,2901,part_0001.zip
TSP-correlated-n60-g10000-3.sol.json,b86fea6ffbdfff81e9cfe9b51db09a80497bbd58e20370bf22cb04a12ea0470e,2900,part_0001.zip
TSP-correlated-n60-g10000-4.sol.json,721d0f0b411cc2f9b0b9e4e3cfc08e77894ca9e9f657c5757908e8d2d3462064,2902,part_0001.zip
TSP-correlated-n60-g10000-5.sol.json,e18d32f18872d6bc428637a1a469645b12407bd15daa6ccc8205d2bba45fa5e2,2900,part_0001.zip
TSP-correlated-n600-g1000-1.sol.json,9b6fcdc7649fda5319ee4d846c066925b70a95c498eb862915174ab5352b80df,25462,part_0001.zip
TSP-correlated-n600-g1000-2.sol.json,f1acee6ec5b89578cc25857764c1d234547c5d0a3c386a7b250e523e61b69940,25462,part_0001.zip
TSP-correlated-n600-g1000-3.sol.json,660accce9ec9cc5f6f6e2cfc6be9c518769bd192683e3b3d68384a749ddc7648,25462,part_0001.zip
TSP-correlated-n600-g1000-4.sol.json,fd4e3c2fb853ac2753e49bfc02fdd2ef6fe9bda479b202ad1649db6febe7a2ab,25462,part_0001.zip
TSP-correlated-n600-g1000-5.sol.json,8232908f24ff66d19069f1d14bad029fe97710aa9df2090f3b9a21ea9ce69ffa,25462,part_0001.zip
TSP-correlated-n600-g10000-1.sol.json,fcdd86da8845732ee65da5975d0e6a0cd6bb0314cd91b1e063192325183cc1dc,25467,part_0001.zip
TSP-correlated-n600-g10000-2.sol.json,0e6ed0749375bbcfe96d5392d481cbc9f65f18ef0802fe2a3b5b48f6cdbe7334,25468,part_0001.zip
TSP-correlated-n600-g10000-3.sol.json,61d3604c3c215beb471dc0f5582e6c0417110409b31f8a132638f5e6006622e2,25467,part_0001.zip
TSP-correlated-n600-g10000-4.sol.json,511a33e75eb689642abb1ebc707d1dc2374e511370ed40e93f1a51bb31dfcbdb,25468,part_0001.zip
TSP-correlated-n600-g10000-5.sol.json,70662b5b79a6dfc1eda0cad212996fae9d796094bbb96aa4f1270d99c3237af4,25489,part_0001.zip
TSP-correlated-n70-g1000-1.sol.json,b11e2f6fc6deb4f9bc7ec411a4c7878269349d1df8a4a3e8219fd31ffda788a4,3285,part_0001.zip
TSP-correlated-n70-g1000-2.sol.json,16f7f33e645d8e234a347146999a7d43f2052603bd5aa4cc7354088883b7f517,3284,part_0001.zip
TSP-correlated-n70-g1000-3.sol.json,cf2addf31eccf2fe0311ca8c5f4cf2cdbd58e0ad78c39cc8ecf7330f13833a15,3285,part_0001.zip
TSP-correlated-n70-g1000-4.sol.json,8f2a5016a0aa76daef2cba93d6176d022a723ccf7c90626bd5c6323aca72b20a,3285,part_0001.zip
TSP-correlated-n70-g1000-5.sol.json,cfc8765a0666a8f51019bf79a303af1118f1608d0f3f63f932f23fc0c91f9e78,3285,part_0001.zip
TSP-correlated-n70-g10000-1.sol.json,7439eb158e6e3326256d0110cb5452c2b90c877b858237334a90bfd3360ba718,3291,part_0001.zip
TSP-correlated-n70-g10000-2.sol.json,09b786c56cafa6dd4eaa22017e265ae07ff4751b925a5f31dd591642404281ec,3290,part_0001.zip
TSP-correlated-n70-g10000-3.sol.json,21907dcc7be8e1b68c757eb74509f12e97a82b76a0fda01e7a947af180aad03c,3290,part_0001.zip
TSP-correlated-n70-g10000-4.sol.json,a12d0696fbfcb70509b8642dcf99d7e337a3dee0195d21ecae0b5bc5a1a92efd,3291,part_0001.zip
TSP-correlated-n70-g10000-5.sol.json,3d28ec898497e5176d2e5a183aa9ebb527ff25781bb6c4fca39f10325eb4e062,3291,part_0001.zip
TSP-correlated-n700-g1000-1.sol.json,7f1b8a3e05bc713249977b019a587dc65cdb4a081e19079d1f212e5f6a4e8f28,29662,part_0001.zip
TSP-correlated-n700-g1000-2.sol.json,2273f16ac08233dd7cbb7b316c5c2aefa3b755ef9a9a007474d39a1695b08366,29661,part_0001.zip
TSP-correlated-n700-g1000-3.sol.json,7c58becec30aa47ece9993d10a57b327065f3ab294ed1f7951d71185cff179f1,29661,part_0001.zip
TSP-correlated-n700-g1000-4.sol.json,6db7b5b38a76af4bab73b744e66ca02c74352cecf3920f985b9ffd720691cf17,29663,part_0001.zip
TSP-correlated-n700-g1000-5.sol.json,48790c170c27c6b934385f266ac5f7264760b353d485c7c04f97631262b9b4de,29684,part_0001.zip
TSP-correlated-n700-g10000-1.sol.json,31372db503fbbb8d226600a288ef86691914eaa210de4f6b094d71d98b267327,29668,part_0001.zip
TSP-correlated-n700-g10000-2.sol.json,0c85c3d4e90dbcfa601538bb8cf1312a7eb94f946d7504b80fab4f467ae440e1,29669,part_0001.zip
TSP-correlated-n700-g10000-3.sol.json,e36e9c435c54592e44bb0e23ec4df650f6d2fee4bb7c57915f52acf21292f41b,29667,part_0001.zip
TSP-correlated-n700-g10000-4.sol.json,f42d80857d6d47914d260b8314fdc08124090e16fe9026c21543ef62ebdc1bcc,29668,part_0001.zip
TSP-correlated-n700-g10000-5.sol.json,d4af73580e061397187b33aabfb9f898c02ba50e0186c1998c79a6ffc1ad79eb,29668,part_0001.zip
TSP-correlated-n8-g1000-1.sol.json,08abc9e8b590f82a6d367c9d40edcca0c2e4e734712e3721bd99083918d42a5e,868,part_0001.zip
TSP-correlated-n8-g1000-2.sol.json,5abea517e5ab1784dbecd63736f29a34ec0968d1c1dc4413be5046b13b273414,868,part_0001.zip
TSP-correlated-n8-g1000-3.sol.json,a21d90be7dc5e87a26484e0e66171c27d7001c3eed38c6e89b80d4f4837f3522,868,part_0001.zip
TSP-correlated-n8-g1000-4.sol.json,030c8aa8d2253f5a1e3a5309cfbe932a198fcce9454d8ceff3141537facf2452,866,part_0001.zip
TSP-correlated-n8-g1000-5.sol.json,b5e216fca6ac5aae8bbe3d0a4e917b08a7915bbadeed1d6c9fc9b5bfc56ee3be,867,part_0001.zip
TSP-correlated-n8-g10000-1.sol.json,9d3294056ea9f699b8e24d7e5244709f99c93dccb880c8d7521facd887bf195b,873,part_0001.zip
TSP-correlated-n8-g10000-2.sol.json,de2fe4b7c5881b91398743ebede9e68fbc0be9f111621eb057620fe715950b95,873,part_0001.zip
TSP-correlated-n8-g10000-3.sol.json,8b2c4d8e8db096489e30a1729a9581eb7933e43e50eb090a5e8e805ba2a74f13,874,part_0001.zip
TSP-correlated-n8-g10000-4.sol.json,e96ffa330b06cae7161401837c0d88790b6b17482223833e81ff0dbd5b060c22,875,part_0001.zip
TSP-correlated-n8-g10000-5.sol.json,e0109400ebcccd8efee377eaa40ecf2375897799189c8890a6b86e1cccf3c71b,874,part_0001.zip
TSP-correlated-n80-g1000-1.sol.json,9fd03a3a5faca820ccefc4b3f46ca8401ad17ef993176edd53d943b4e22202de,3674,part_0001.zip
TSP-correlated-n80-g1000-2.sol.json,2c611cd27a94931088c41a43bd23c67ca5473786a73ab11a71fb2468c7a72bc2,3673,part_0001.zip
TSP-correlated-n80-g1000-3.sol.json,23d22c85d4b10be5e551b195c78e7edff554bb088965dc9bb9546110d4a92610,3673,part_0001.zip
TSP-correlated-n80-g1000-4.sol.json,00974f80ecc9eddc30084f607c3fe8e08c8481e938bbc621fa69309ea831c36a,3674,part_0001.zip
TSP-correlated-n80-g1000-5.sol.json,3451b09afe946948c5910c95b790ba424b7a5722b486b3d6a667a4a83b4cd9e5,3674,part_0001.zip
TSP-correlated-n80-g10000-1.sol.json,e87d5b551391ca12d4d15db937058f439542489d8dfa36aae8facf32f029a32b,3679,part_0001.zip
TSP-correlated-n80-g10000-2.sol.json,40321d325419b4c1a48a5dd9d49eea175223406e51f70a5d2470668da913e78a,3681,part_0001.zip
TSP-correlated-n80-g10000-3.sol.json,680e04ce0b8e6f7e829f70c5600b5a4bf133f0ee0e4c1420d55f72ae383d8df0,3681,part_0001.zip
TSP-correlated-n80-g10000-4.sol.json,f94ff0c48774f7a28626c54327f6ee4217ac1f5c2c76dbe4366ae1cf73ab924d,3680,part_0001.zip
TSP-correlated-n80-g10000-5.sol.json,aeb92867593cc1e26e6c4112b4c47efc51bf55c73d07ecc81a1295af42a6304c,3681,part_0001.zip
TSP-correlated-n800-g1000-1.sol.json,241ae0b7ee6a15a91611cf3c89f44bc0bb94bdd935234df8fd1acf14dfb562db,33862,part_0001.zip
TSP-correlated-n800-g1000-2.sol.json,a1f1bd69baa7d9782a309394cb09d6f4b442fd786f21d0d3e826c4a7f658b441,33862,part_0001.zip
TSP-correlated-n800-g1000-3.sol.json,ba6cff47e83a3db8d90b0190e6db47065e6b3c84d9632aae25830d9ad16fa397,33863,part_0001.zip
TSP-correlated-n800-g1000-4.sol.json,82dbf489bd9e4dfee6ac87dbf858fcd1f7df2da5f93a14057a6c2ec82891f7fd,33860,part_0001.zip
TSP-correlated-n800-g1000-5.sol.json,2a4c16305d0c469288defd46ea7d9e909a05cc0c6f3a374bd2059a2abdcc034e,33883,part_0001.zip
TSP-correlated-n800-g10000-1.sol.json,5aaa1d9136dad9920f4e7d2e812ec7188ed4aabfc5e803f5efc02da5046f22b3,33867,part_0001.zip
TSP-correlated-n800-g10000-2.sol.json,9934cf737d23aea28829ce19acb79ba928e0b0f1ab1c90bdfc503398c7410f19,33868,part_0001.zip
TSP-correlated-n800-g10000-3.sol.json,5629aef81c30e344b2c84b69ad45bb3c7dee7694cf1e486213bc8e6e06bd2d5f,33869,part_0001.zip
TSP-correlated-n800-g10000-4.sol.json,779ecb80416db4b33cc5cf0b4bcb4a6876efea82aed218b1ffdee0f7750cbe76,33868,part_0001.zip
TSP-correlated-n800-g10000-5.sol.json,6d56ee258fb3faa48cfbecbe8db479ba01c8f0c176b22fbfff202403e45be5c1,33867,part_0001.zip
TSP-correlated-n90-g1000-1.sol.json,f48978ad8227390b665b1195507860635065d2128577ad263a0a0958724f4a5b,4065,part_0001.zip
TSP-correlated-n90-g1000-2.sol.json,256a6c24d0227c697bf1c9f02bce0f0eaa452bff0c5d1f04b9abae8fe475b016,4065,part_0001.zip
TSP-correlated-n90-g1000-3.sol.json,d0e78941fdfff6e102750cbb3147e71c1ee7d9c0c6b41a47ba27496a73237445,4064,part_0001.zip
TSP-correlated-n90-g1000-4.sol.json,88e113b45dbcc881692e39eb94cf16ffffcc56cc0287cec8dccaa4cd5b9bd26b,4065,part_0001.zip
TSP-correlated-n90-g1000-5.sol.json,a68905bfc7f986adabdaf979e917dc36d31d171477ddc9974b47fc364c58fb53,4065,part_0001.zip
TSP-correlated-n90-g10000-1.sol.json,5fdca71cce6ae4c65efeca6487ae9b14aae91bd23fd7a5a18ec92aa5dd92e8fd,4069,part_0001.zip
TSP-correlated-n90-g10000-2.sol.json,0704e467d61d3a5cc1e74fb0d34df8cbecc687768763c0c5a34c1eb62fa11949,4069,part_0001.zip
TSP-correlated-n90-g10000-3.sol.json,1d165fdb4cd87e9fd07fbc62b1cef42514c798b102d079dc0278718073d5baac,4069,part_0001.zip
TSP-correlated-n90-g10000-4.sol.json,8328850f4a6261f8228112be917b4a5a1df6178ff60221968cf4a42602bca3c8,4071,part_0001.zip
TSP-correlated-n90-g10000-5.sol.json,12dd8ba488bf887b10c3dbc49638059b1df02fc49d9124de3bd245cc35c34c55,4070,part_0001.zip
TSP-correlated-n900-g1000-1.sol.json,ea072456b7d45ed4b72083709bc88749a5f2151bbf5c614a3f0320489225e713,38060,part_0001.zip
TSP-correlated-n900-g1000-2.sol.json,1c27055da15b9d8612fc9415272050a7fb6f81a087ed82ada62d741163cee891,38061,part_0001.zip
TSP-correlated-n900-g1000-3.sol.json,df0509b939db3700fbb058b21cc7473adff25948e16923b77a85ac1d4af6452c,38084,part_0001.zip
TSP-correlated-n900-g1000-4.sol.json,fc586c00a83d970b37080a516a55efeeb9922d4a48feb36fec3c3cd9b248194a,38062,part_0001.zip
TSP-correlated-n900-g1000-5.sol.json,4a6b7e9513bfc7b168b0404e53f991135d01a767e2349fece1ea36994246722d,38062,part_0001.zip
TSP-correlated-n900-g10000-1.sol.json,44f1a81b485e752c8cb134841e223b5d8ccb962603a59b16ba90153649d9ceb5,38068,part_0001.zip
TSP-correlated-n900-g10000-2.sol.json,a02a82140c29044c80738868bc96eb15bcbadaee37fa9a272b596f9f2434fed8,38069,part_0001.zip
TSP-correlated-n900-g10000-3.sol.json,8d0ff21fe6d0a24af0422d5a30e5283e8894eabafcaaa4c14f9c434be5faf121,38069,part_0001.zip
TSP-correlated-n900-g10000-4.sol.json,916f10e7fb9b3c2fec1608dbb594817118093ccf0e6b54271bfbdda84e0eaa0c,38069,part_0001.zip
TSP-correlated-n900-g10000-5.sol.json,cf2d3217a8211e275f980adfd6c6cae60567c368fd63cf8a7e5e08fe3466593b,38068,part_0001.zip
TSP-grid-n10-g1000-1.sol.json,498446d5ecb7054d0b32f5c21228cdb83b5276d17c40eb51244e343de53361e4,933,part_0001.zip
TSP-grid-n10-g1000-2.sol.json,ce41ba9224fdfe71775323f96cd7929b86d33d6d8a861925f08e0126d63e2a50,934,part_0001.zip
TSP-grid-n10-g1000-3.sol.json,3ea642f9e37c931b20a4caba1eff00508628c80fe5bcec839f5a1ed357023278,932,part_0001.zip
TSP-grid-n10-g1000-4.sol.json,cfedeed6d494ed1c19068876f74c145d7fed44f8615c16f49ce3d2c281b0fa03,933,part_0001.zip
TSP-grid-n10-g1000-5.sol.json,ac73a4474ed5d5ef151278938fd40b7bfad092b434eb0fc83ae50837fe47b1b9,934,part_0001.zip
TSP-grid-n10-g10000-1.sol.json,48a9cb4aabd33b4351f7618ad95d0283515ffc55b0c85829947104c12b184f62,939,part_0001.zip
TSP-grid-n10-g10000-2.sol.json,2fbf3f34ca3eff7645290685da8a216690a438f983af4ef88a506bcc5d7b6786,939,part_0001.zip
TSP-grid-n10-g10000-3.sol.json,1ea79bd4a19ce4a2c5a35109ef78f06d2ce74711b55e05779b452e54f457ea4b,939,part_0001.zip
TSP-grid-n10-g10000-4.sol.json,2e37023f94dbd6cdd77d90113f98a0192301badb4bd7cc0f7827471a9d9afaf5,940,part_0001.zip
TSP-grid-n10-g10000-5.sol.json,1edeb7a92221432b3bd5a9f4ddfac85b2fd0b0a5047443793f064e7fe3a9ec71,939,part_0001.zip
TSP-grid-n100-g1000-1.sol.json,7f46d93d2c0534a8d992325a733aa819725320fd9746550886067bf5b238c247,4449,part_0001.zip
TSP-grid-n100-g1000-2.sol.json,fc93f7d4bcfee7768f75b07eb20aed927d41e07635b1618775e0eb3524e62962,4448,part_0001.zip
TSP-grid-n100-g1000-3.sol.json,1a741e8088e77a9518574eb5a58053c6d2a44f78214411dadf8832f37337d671,4449,part_0001.zip
TSP-grid-n100-g1000-4.sol.json,04182d1d1f78de5b73d77c9d20e2f248b129df8c484715afd2352f16a0127a7b,4448,part_0001.zip
TSP-grid-n100-g1000-5.sol.json,d0c3d42d7ca66e0a9e6efb548a32f14c88ce43e9c8c60a75fcdfcd5dd3cfc56c,4449,part_0001.zip
TSP-grid-n100-g10000-1.sol.json,6696e262b30bcac8de49cd10fa43c4e090ebee7be2ff95970cd783fee38ae5a7,4454,part_0001.zip
TSP-grid-n100-g10000-2.sol.json,81fe3e4c143f725d00b82aa1a030391ac3893c942e8fd68cd4663ae696d4a3bd,4454,part_0001.zip
TSP-grid-n100-g10000-3.sol.json,baa8d2220ee38285c2db1ef789a38b4e4a84d6feab98ddbc3c7d05ac7bf4c415,4454,part_0001.zip
TSP-grid-n100-g10000-4.sol.json,ef801d1b6d45944e73cb7d425f7bb982f3fbe4854a8d15c54ed7a983cc7c50df,4455,part_0001.zip
TSP-grid-n100-g10000-5.sol.json,b7e0cf3af2f3c0e3bc710be50e35ed1bc563648bfa1f4ec43af5392f4760fa06,4453,part_0001.zip
TSP-grid-n1000-g1000-1.sol.json,f5df2377ac6b657ef079184d2ad6ba8835854ed8e5a514f344a04f4166e3fbfd,42255,part_0001.zip
TSP-grid-n1000-g1000-2.sol.json,fc03e93f14f54138d3e0150e87512346743046fc62e780bd1d3f5d692a705e6f,42256,part_0001.zip
TSP-grid-n1000-g1000-3.sol.json,1555eb5dfa3d64741e3be2cf6bfcdc1e17b38c515b83b2079c28d434fcc01e7e,42256,part_0001.zip
TSP-grid-n1000-g1000-4.sol.json,d02463f51207039246772b498a473bffeaac04d38566ba8d1a07da88748dccbf,42256,part_0001.zip
TSP-grid-n1000-g1000-5.sol.json,385db01236fcd40f8c5e80d9b202e16ed16ea49bfada25e0c2413bce6d040bfa,42255,part_0001.zip
TSP-grid-n1000-g10000-1.sol.json,ce1cb18420cace8e88c656b4663897077f32562f999df85a4fa786c40e749f1a,42259,part_0001.zip
TSP-grid-n1000-g10000-2.sol.json,f6d18d6b2da6542a65ba8ee2f45d22d1e3a2ade4daeccd17e176c0f08d4049fa,42262,part_0001.zip
TSP-grid-n1000-g10000-3.sol.json,937dca49483342522f832db26fecea396b4ce6d0d05b427a328b5c3da00f5536,42261,part_0001.zip
TSP-grid-n1000-g10000-4.sol.json,2338152dac0324c4004a94100dcdfe8f1dff2e15de099efa6d6714c2e2dfed22,42262,part_0001.zip
TSP-grid-n1000-g10000-5.sol.json,79eab7e2ae438637dbb7f7cace89720b5584a581c096404270ee0d15922ab6a1,42259,part_0001.zip
TSP-grid-n20-g1000-1.sol.json,80afc9cc453086d19c960b01b3e07b5e3129db94e68a74843f8b23bcc1d0c856,1323,part_0001.zip
TSP-grid-n20-g1000-2.sol.json,19793bd5728aa8bbee616d2f4064963fba570e1fad548d15c77f7151cae92625,1323,part_0001.zip
TSP-grid-n20-g1000-3.sol.json,050fc73f476bf218d208c911bb718baaf202df47d3400019aa9ed5f090f219e8,1323,part_0001.zip
TSP-grid-n20-g1000-4.sol.json,a2506705a519787d76a79af936e298b14b41e87c55360c3c0cd176ce9c139d78,1324,part_0001.zip
TSP-grid-n20-g1000-5.sol.json,db2c65e1378690461569503efb1b2483c3c2c34a73277fb0047d65647c182256,1323,part_0001.zip
TSP-grid-n20-g10000-1.sol.json,0e48483fbb62538cfd2964b7f105e8f777012a3c24f0ae2aeee808902ce75133,1329,part_0001.zip
TSP-grid-n20-g10000-2.sol.json,e2324cb8c9f30ab1287449a543feeb3ec48a4159643377d0568a273093995247,1329,part_0001.zip
TSP-grid-n20-g10000-3.sol.json,e358848ec98bcb1edc5545bb8b537ffa45cf72fa91a575ef1cfb779f1a549d12,1328,part_0001.zip
TSP-grid-n20-g10000-4.sol.json,f393ed6b27bc2ed115aea3ff48b9ad0208a5a5a64bb8ed8a25a829598c404cb6,1329,part_0001.zip
TSP-grid-n20-g10000-5.sol.json,6bc5439b5dd248c51642274bc7cde5f52c28f6a4cd2badbf5953df6335d63f88,1330,part_0001.zip
TSP-grid-n200-g1000-1.sol.json,26b5d194fca975fa144e169353338b71efb5bf0ee1155219c1bd48c9f8b19e3f,8651,part_0001.zip
TSP-grid-n200-g1000-2.sol.json,e06266b41dd7b6408c463ef723537b94796baba936527e04e281d336a34a2048,8650,part_0001.zip
TSP-grid-n200-g1000-3.sol.json,7b4717b48f5f8f94b0db296a9c9a8c4bb0f5f6555338c5e9e04c1f44b91f828a,8651,part_0001.zip
TSP-grid-n200-g1000-4.sol.json,d20756dd31a1477f7007be30e368d54594358dc9109ed72b3f527ca3192c365b,8651,part_0001.zip
TSP-grid-n200-g1000-5.sol.json,633acb2a9a7bdc7afe526571654337e83b3c967b78017315f397923c4680b995,8651,part_0001.zip
TSP-grid-n200-g10000-1.sol.json,947fe81521eb2cdf5ef3f5527e2b3d66c983a16f54d38367812233565803e2b2,8658,part_0001.zip
TSP-grid-n200-g10000-2.sol.json,e2bcfcd65392f19e82ab4c70bcb85b62ecf107eb01f289ebfa61509450371eb9,8656,part_0001.zip
TSP-grid-n200-g10000-3.sol.json,1705106e36cebbb6f470690f4f9c50e544cafbf78da0db068a3c9a889e85f839,8655,part_0001.zip
TSP-grid-n200-g10000-4.sol.json,a938f39daef16f60c39cc69bc89569729172dbcad8cfe3af3ae5d5e7518a30c0,8655,part_0001.zip
TSP-grid-n200-g10000-5.sol.json,b70e574db3897121d91046566653d4cdb0f3c19abb693a507d3dc73b820501a6,8657,part_0001.zip
TSP-grid-n30-g1000-1.sol.json,08f2836fa0b4e96827aab80323d0476898900de7cde4831d364379110d98bf11,1713,part_0001.zip
TSP-grid-n30-g1000-2.sol.json,f0c6662bceafce086417c64c90e66aba9e03f1cc652259b9f8947aa93bd5da5d,1713,part_0001.zip
TSP-grid-n30-g1000-3.sol.json,31ab54e69f08f3865a40d472c49ffb96569531fd5c4470bf417b0b47e3c83c89,1713,part_0001.zip
TSP-grid-n30-g1000-4.sol.json,e7fda30ddf04d97a6fa8ff8e9d1cabe28bebfd96682bb974d86021d6047f5d19,1713,part_0001.zip
TSP-grid-n30-g1000-5.sol.json,fd27f09fc2ca082fe8c134c15c8dc3daea11170a8d417ed4c45f0e416eff46f1,1713,part_0001.zip
TSP-grid-n30-g10000-1.sol.json,2a8f3dfbf277397e65157048fe2b12ade40ba5ea7a31dc0a305cde9f68d48103,1718,part_0001.zip
TSP-grid-n30-g10000-2.sol.json,3c1648d19d4df89a968b53e1297be3f6c559628e2b69f8d26c0d41211cfcf839,1719,part_0001.zip
TSP-grid-n30-g10000-3.sol.json,7a0875c9304af01afb1ebcf75ec2e4b97bba591bd467c768c257d0e6a2098dca,1719,part_0001.zip
TSP-grid-n30-g10000-4.sol.json,fd3e5d89c1a405448a546b1a8514ed02c6d3f88f951d38f9bae6f163bebae5d5,1719,part_0001.zip
TSP-grid-n30-g10000-5.sol.json,4030b8145821dbd284804a161dab257f5b267417b78f4511f7c0658a7865cdd2,1719,part_0001.zip
TSP-grid-n300-g1000-1.sol.json,45ed58ce5202926a92153f1b27755d04514850773b27b1d2e70ee6e0ba314e07,12851,part_0001.zip
TSP-grid-n300-g1000-2.sol.json,d9c4da1e14cdf88062aacc3b1445071734ed0b2c8fd2140e48a308f1ac07e118,12851,part_0001.zip
TSP-grid-n300-g1000-3.sol.json,3bfa0d3a8ea687af904041db14d354530bc29b4c66f096a2d692fa477c06533f,12851,part_0001.zip
TSP-grid-n300-g1000-4.sol.json,1c049391c2d0cb469a8cc9e61057ae3d230c73dc1e2426e28650ce26bcf47152,12850,part_0001.zip
TSP-grid-n300-g1000-5.sol.json,00838547f8c94aa8316b66876155540d6481e1f8f2f04eeb5127415333deed4b,12851,part_0001.zip
TSP-grid-n300-g10000-1.sol.json,23af7eeafa2c45d7fe987c49697d9f809fcb0ad8f3df44b6160e2f3f914fc34d,12856,part_0001.zip
TSP-grid-n300-g10000-2.sol.json,54ba39afe0156560352a98c52a7b47bfd8c6030b14ff824c6001d080ed313dff,12857,part_0001.zip
TSP-grid-n300-g10000-3.sol.json,95d94506b026662db2811d76fafec6cd59704dbe3d6da0a4246510ec875fd9f6,12857,part_0001.zip
TSP-grid-n300-g10000-4.sol.json,e25847bf4e2b23e8336c407f769c2770bfd9d848aca0089f4d6e6fdd6a22fc04,12856,part_0001.zip
TSP-grid-n300-g10000-5.sol.json,51a9314de9473d7eed2a6a59b3362e8a22942c7e186ddd7f10558c6b17da579a,12856,part_0001.zip
TSP-grid-n40-g1000-1.sol.json,37897faaa92c2177d6de35bd5e3b550d86cb9e15cdb47f5e81d748f26f8b6f20,2103,part_0001.zip
TSP-grid-n40-g1000-2.sol.json,4dfc6c8a7c6f95f2434a188b1639d56a028f555ae8558bacdce36b493eefe029,2103,part_0001.zip
TSP-grid-n40-g1000-3.sol.json,176da9f2a7bb07b5efc023efc2281992f0b073cc34af0039d9a688ee907a41d8,2103,part_0001.zip
TSP-grid-n40-g1000-4.sol.json,3b17daedac667e67630ca6f7f5409cec3d9844a3b399ac94f8bc1a5500ca65e8,2103,part_0001.zip
TSP-grid-n40-g1000-5.sol.json,1fa93db1d917302a782ad64790495a6ea860966924851dc5ed9e1d1ed19a0ad2,2103,part_0001.zip
TSP-grid-n40-g10000-1.sol.json,0679b1a74f93ab095c1def13c36d78af7e4a2e67a24f40f4e0ace12c5ab81dd2,2109,part_0001.zip
TSP-grid-n40-g10000-2.sol.json,9e140d000f4037759c174a643dd4c9810c88352e3fcc1e70bec35de562197a15,2109,part_0001.zip
TSP-grid-n40-g10000-3.sol.json,2ce70bf9a765c842966c629d2c00e721597ef68949439510dde85f792b7e25b2,2109,part_0001.zip
TSP-grid-n40-g10000-4.sol.json,54859e68e5326a4dd6041e147cf524b7ffd6a7a16c0a9370085fdf93dd7ffa7e,2108,part_0001.zip
TSP-grid-n40-g10000-5.sol.json,88c0f673a2efefa96a33800d2a1f18bb07d6f324e51fdd97db7f0a560756843b,2108,part_0001.zip
TSP-grid-n400-g1000-1.sol.json,681d707e21d8a1ea34025bede17d64439576eb9419d3f074c08874e65af6f043,17051,part_0001.zip
TSP-grid-n400-g1000-2.sol.json,0b78b1fa4618d7d5e78da6923cb8aed35219eb20c48ffd54899bf1a1b786dbf3,17049,part_0001.zip
TSP-grid-n400-g1000-3.sol.json,aae4010e1183a1273b5e8820ddcf3b712e16d9bec46f221e4c1ef47f37e0544f,17050,part_0001.zip
TSP-grid-n400-g1000-4.sol.json,6175a2cab00226c8342c75f0566e26181c6dd316439266f24adb396735a347e2,17050,part_0001.zip
TSP-grid-n400-g1000-5.sol.json,8906c2f819495987aa35dd28d2601e2e606889a9503d4522c9e15a87f7a25c0d,17050,part_0001.zip
TSP-grid-n400-g10000-1.sol.json,3cb5791c3dff15d6e3036f3d9407fbf4bf10d138220b6ed3f902a3d15e9919f9,17056,part_0001.zip
TSP-grid-n400-g10000-2.sol.json,05d65d32121243c71bfeb22621dfd3fc61109cf828c5ff5132a95029b6fe351f,17057,part_0001.zip
TSP-grid-n400-g10000-3.sol.json,b89ecdaa80368ae76f3643515028514ceb937f345f9591ef568892b99465cecd,17054,part_0001.zip
TSP-grid-n400-g10000-4.sol.json,7e95382754f6177785605d8d47b973120b5c7f6b5d970fc32afae1df8db6e3bd,17057,part_0001.zip
TSP-grid-n400-g10000-5.sol.json,f213d6f0ed177199a334f14979779f982c19d653f3c4018084f06b70c6185570,17055,part_0001.zip
TSP-grid-n5-g1000-1.sol.json,4f1c98ddd80983665e56c307df64dd678356c83962e69d85f7181ca905510051,749,part_0001.zip
TSP-grid-n5-g1000-2.sol.json,ea497e71f3520f9d922730fe9172e489d85c4ef57aae0c388e3bf74763fc88c6,746,part_0001.zip
TSP-grid-n5-g1000-3.sol.json,3416d3f0d6d7eb7fa511b020745844e41ec34c3eb115566a274bacb8013a0a00,749,part_0001.zip
TSP-grid-n5-g1000-4.sol.json,1de13d0207b424ea0e442b62fd90f9a671c864ef68994cfbc21c6f25bc0282ec,748,part_0001.zip
TSP-grid-n5-g1000-5.sol.json,25dd0f7b88c39139a952991a6eeb9275270aae37e1da0f0fc252d090ff0d369c,748,part_0001.zip
TSP-grid-n5-g10000-1.sol.json,84ebf383b49920d99c1f2ff2a0b6d687fa212d73660fb87d6b5b2e8a6db24b0c,754,part_0001.zip
TSP-grid-n5-g10000-2.sol.json,150a1db7385d3146ea3003cff24702e1907601acc3142d3f9889858d1b709ec5,755,part_0001.zip
TSP-grid-n5-g10000-3.sol.json,b78a0bf96c63dccf7724496a083f4c81c5e5721a0d2ca248ad19b4ef923efb77,753,part_0001.zip
TSP-grid-n5-g10000-4.sol.json,8a97b63e156c4da65979cab4fa18a15a9d7e1fd3e15dad46b6a1be8f5920243c,753,part_0001.zip
TSP-grid-n5-g10000-5.sol.json,2dc723f0e0e8c17158e2fabff92f13da4d30688fdb2f762b92814f8b059d1a30,753,part_0001.zip
TSP-grid-n50-g1000-1.sol.json,b40f19c5f101ac447a69cb0d68f6ae92abcca27db016409d85d21f4ee11dad1f,2491,part_0001.zip
TSP-grid-n50-g1000-2.sol.json,92a3068caf07053ea513df170f78cba1b09761a2547e936f787ad779436e9672,2493,part_0001.zip
TSP-grid-n50-g1000-3.sol.json,ad9d2580df9b3642016b402141f936b9e5edf444a82788e61843024ee09da880,2491,part_0001.zip
TSP-grid-n50-g1000-4.sol.json,9817b8fd92588a31c39456ee201182f7bd7903640fd1ab003f7759a8f8afd36b,2493,part_0001.zip
TSP-grid-n50-g1000-5.sol.json,890e2b76d62c9180e00dbf44d958afac29b65762c62cde381e5237efa1e596fb,2491,part_0001.zip
TSP-grid-n50-g10000-1.sol.json,5851266625d37c6d71c8a065343311f997c22c815b2818e867a9ac85ddbd955c,2498,part_0001.zip
TSP-grid-n50-g10000-2.sol.json,3fdf5c76ffb6feb3c3688ea8b15b775b1f4c8627f344dcbed2c7a136e9fbbbc3,2498,part_0001.zip
TSP-grid-n50-g10000-3.sol.json,1002e2ba5a7ccbaeb23eb6936cc7631792cacaa62e0f880c01dd36768d768e9a,2499,part_0001.zip
TSP-grid-n50-g10000-4.sol.json,90e2d41538597b983fe90d73524f86d4c4077e0ec5b33dd89b01c74bf64ab632,2497,part_0001.zip
TSP-grid-n50-g10000-5.sol.json,182295e3d00485ba463797f5980eb6d1fb32e43b2b13efe6cc741b30cc9b0bc9,2499,part_0001.zip
TSP-grid-n500-g1000-1.sol.json,c2a57aafe415e37d54ce38d61162caf4dc8ef2d9d1da8c999d0977f0b14bd9c7,21249,part_0001.zip
TSP-grid-n500-g1000-2.sol.json,77180755345eba7d7d67e67123889cb3306bffa76197c4f3fc9b6cedebe9ad99,21249,part_0001.zip
TSP-grid-n500-g1000-3.sol.json,2d1e205de3f56945c3b177e0971faae6eb195164e1c8dc29c0e9233a9c2c3f7a,21249,part_0001.zip
TSP-grid-n500-g1000-4.sol.json,81200993fe35266946a4313e8b9eb6b82a2639057dfe6b9e40683f6b9c71f329,21250,part_0001.zip
TSP-grid-n500-g1000-5.sol.json,33509175df3fff9c67b949910d53a36a5817ddf9bcc06839b71337abaaa2354f,21250,part_0001.zip
TSP-grid-n500-g10000-1.sol.json,437d8be9537ac0103c177dc618fc0d63c52ef1ae88877a524e087ebfc205213e,21255,part_0001.zip
TSP-grid-n500-g10000-2.sol.json,102cb0360038ccb0d5a1f849322cea337658aaa3933b2fa06267985a4fa1fc2c,21257,part_0001.zip
TSP-grid-n500-g10000-3.sol.json,bd4867af9a8a469872773455fc2913b46c1af4d43af15cc2a12defc6b65511f1,21255,part_0001.zip
TSP-grid-n500-g10000-4.sol.json,b07ff888eb1549d6421b92f3b2864503c1d5b60376b34c5bd99c79fff9d1f181,21279,part_0001.zip
TSP-grid-n500-g10000-5.sol.json,c6cdf52d46d673ec4805de39d7ea66abd612cd8fd26f753cb55c03bdf170d961,21254,part_0001.zip
TSP-grid-n60-g1000-1.sol.json,cf4009caef8caa79f188d1f94b7f0423f64d0869bc41f4010adb534a0db5d6da,2882,part_0001.zip
TSP-grid-n60-g1000-2.sol.json,86a2cb39a6be439ac63e9587aab92bd12b500dd3aa43d226ea5e9225ca1a7eb3,2883,part_0001.zip
TSP-grid-n60-g1000-3.sol.json,0d745145e0784a941a4c5a6566fa341722bbbcf930b26126f3e629f31afbc110,2883,part_0001.zip
TSP-grid-n60-g1000-4.sol.json,ce565d133b56e63a79bd18b5b26e2f41fcbc785c58dd6a0031b047705c1c569d,2883,part_0001.zip
TSP-grid-n60-g1000-5.sol.json,ebd41ac398c4e250ae86d7068858592a0ab7b6583ef49dc52108dae26c031e80,2883,part_0001.zip
TSP-grid-n60-g10000-1.sol.json,b90ae4eeca9f613bb6ea435759ac7b19fce77652b5a479f195824ba58e033169,2890,part_0001.zip
TSP-grid-n60-g10000-2.sol.json,1aad614a961e8e1739393b48900515cf08aae136605734921cb2c47bf6c89b4f,2889,part_0001.zip
TSP-grid-n60-g10000-3.sol.json,313e3059a91bbc05a4b94db6b9ee38590b655c35ecc75e9206133c340e0f9d74,2889,part_0001.zip
TSP-grid-n60-g10000-4.sol.json,9bef8e3b38d44ebbbb940aa117c2825b326b20033049ce10a7da987fa5f0270a,2888,part_0001.zip
TSP-grid-n60-g10000-5.sol.json,64657e09bc761e3f37a3b71924fe4d4d15b43edb9d00523e8af5529b1ed6fd07,2889,part_0001.zip
TSP-grid-n600-g1000-1.sol.json,e64b120c520992fdcb7b9e8022f2f8a0d889226fa2e6d57288ec8ad262e9ae9b,25449,part_0001.zip
TSP-grid-n600-g1000-2.sol.json,3f77c34b3ad3610ee0991e6a302b7437748bcddd8dc7a4d8583d8c579a0a58cc,25449,part_0001.zip
TSP-grid-n600-g1000-3.sol.json,5eb441e23d26539cdadc7b2ef517fa67dd7ebcabe14ee9dcbfab42195acf1ab3,25449,part_0001.zip
TSP-grid-n600-g1000-4.sol.json,e54f220a44ea54820524a85b00112771b048354a86340a2bff5701bc94a18a8e,25449,part_0001.zip
TSP-grid-n600-g1000-5.sol.json,69a0a3ce46e4c29228b162b7f618c6661f74c25dbfbaccf455eba2e3fb713b97,25450,part_0001.zip
TSP-grid-n600-g10000-1.sol.json,e5f0d0edd831ba30064d51e24cca073e9a7c2aed66baa004976321880110df10,25456,part_0001.zip
TSP-grid-n600-g10000-2.sol.json,bf107c281941f57087b5001addbba0f1644da56e54e42f0f9ec059ef8c4871c0,25455,part_0001.zip
TSP-grid-n600-g10000-3.sol.json,549d4cf7c9be5418808067df503906f192f9c5fec839acd2392a31e020e235ba,25456,part_0001.zip
TSP-grid-n600-g10000-4.sol.json,737f8f8525dc1006589301903020bfa03939bc2b60d7ecd4912ddc77c34a8e10,25456,part_0001.zip
TSP-grid-n600-g10000-5.sol.json,a8e99293eb77848e0e91e1dc35bc50704fc11d24147a9f0d048e4f3a2729dfe6,25457,part_0001.zip
TSP-grid-n70-g1000-1.sol.json,59c5ba61a04bdf4697752a6192a3b0f754cbcac97469f77415635dd7601e1b8f,3272,part_0001.zip
TSP-grid-n70-g1000-2.sol.json,fefeea1c9fbc8444a28e708fed1afc0f2884cf2bbdd1d4fa3f4cdba4358126e5,3272,part_0001.zip
TSP-grid-n70-g1000-3.sol.json,0815365780dd597b193f3519a7531b76d918167b3a018af7645574beb59d7c10,3273,part_0001.zip
TSP-grid-n70-g1000-4.sol.json,a79879f0ba4651ad72d67d651fde0390b817d18d2e947c8acd4c7d03973ef43b,3273,part_0001.zip
TSP-grid-n70-g1000-5.sol.json,0585b0b9f5bd333a8b4488b6b158fcb4e6e51b848850004cd0b36dab349511ce,3272,part_0001.zip
TSP-grid-n70-g10000-1.sol.json,9c52c5f9e73be6092a3031d482db3c229463d31f37d1d7926d5da377b07511d8,3279,part_0001.zip
TSP-grid-n70-g10000-2.sol.json,04a9a3e5a0daa5b784da8377497e2fb081908c45d806b450f3c9228107c120b3,3279,part_0001.zip
TSP-grid-n70-g10000-3.sol.json,496501c7a334ef64cb4b13736aaa20b770f37d8ac84925e1e5df85f1af546010,3279,part_0001.zip
TSP-grid-n70-g10000-4.sol.json,5f7da0e15db761d6e0620662a9dffcc681a07c67fa2d79d534939e77b5a31585,3279,part_0001.zip
TSP-grid-n70-g10000-5.sol.json,6284e80b32becc1a1fe9ed2cbadc422e4307fb3946d3d434d5ab233ec7180215,3279,part_0001.zip
TSP-grid-n700-g1000-1.sol.json,8bedffe82825ffa53c13675b3dfd146ff7194503d59fda3f10b3d4b807ed14dd,29651,part_0001.zip
TSP-grid-n700-g1000-2.sol.json,a95c4443326504cfc0ac797c08773cc8595b28cb76e9433b40e434898383dda3,29649,part_0001.zip
TSP-grid-n700-g1000-3.sol.json,68f434eee88187feff032452a358c9f3ca5ac53bdb2345bd888927151975fb72,29649,part_0001.zip
TSP-grid-n700-g1000-4.sol.json,314fbb656a4067514fbafd4a1be35fe20d652b44c69843c4d0aa0bd25e94b64f,29650,part_0001.zip
TSP-grid-n700-g1000-5.sol.json,72dac45ffce0116cfc52bc29aff8518aec9fadd9e336a828688e73c2a8a79481,29648,part_0001.zip
TSP-grid-n700-g10000-1.sol.json,d81fd7d872579b6e80cac15d5f1e116bafe3b7e33af4b554880ec9e7787ad28a,29656,part_0001.zip
TSP-grid-n700-g10000-2.sol.json,977bd1df3cd3092650718685c52327d59246e2f17f66b60f151137eb3faf6410,29656,part_0001.zip
TSP-grid-n700-g10000-3.sol.json,057980232a833c5017c9b152e0b16f25f149b24420e8942c5c51f012d2147c4c,29656,part_0001.zip
TSP-grid-n700-g10000-4.sol.json,45433e202426f057d1bdfd161759633425d1ad8f7de4a831f5b1700901a0adf0,29656,part_0001.zip
TSP-grid-n700-g10000-5.sol.json,58007e0802ba5bafc142c0e17670e10dfb89759d8a00a8eab653de236d227a3e,29657,part_0001.zip
TSP-grid-n8-g1000-1.sol.json,edb5bb5728751d5c7c0c7af30c5553119efba67af58bc8c962706bf40f77e047,856,part_0001.zip
TSP-grid-n8-g1000-2.sol.json,a31d92c9a8618535fd84e74797af8a5cdeec2c3b7710c6d801dd335a1cdd3597,855,part_0001.zip
TSP-grid-n8-g1000-3.sol.json,a1cdbcdd4786ca62272054b229ae369c7faad96df4d1bb8cd1755076fdb9ce64,855,part_0001.zip
TSP-grid-n8-g1000-4.sol.json,235cbfba050896f2f710e966ba563a5a0b4caca295a4db97a59524cd12b14587,855,part_0001.zip
TSP-grid-n8-g1000-5.sol.json,9dd752f001ce4c291aaa2de8237d8618efb7a89a13c23189848cbd938648b89f,855,part_0001.zip
TSP-grid-n8-g10000-1.sol.json,3be5aa54b4abaa45d57c93b348059c6f9b7c52db54d7e5ccbe740deba29d01a3,860,part_0001.zip
TSP-grid-n8-g10000-2.sol.json,335fd4ea57939f7a1af657550107070759d80be6fbeeff1621619d4f1dc190e0,861,part_0001.zip
TSP-grid-n8-g10000-3.sol.json,6a83f2ec6d55fc5b3b7a11cfb8b72fef3a0d7c3255f72e81259ee0e5606ccfcf,862,part_0001.zip
TSP-grid-n8-g10000-4.sol.json,2df42db74ae4d08d73e1edf6f5cd95ec36de31c8ea54f1f2d110f1a48e80457f,861,part_0001.zip
TSP-grid-n8-g10000-5.sol.json,907ff24e187933c3caf94f775644bbacda4cab7332017fab69882fde8eea7550,861,part_0001.zip
TSP-grid-n80-g1000-1.sol.json,317043bc7274fd358443bfd4026a9b668142ca7584e2e9d47343d1902c8c7c03,3661,part_0001.zip
TSP-grid-n80-g1000-2.sol.json,4b557852575afa7d78e3cea41df3c7981f6e7d582d90e7003b2ba2561a7bdca3,3663,part_0001.zip
TSP-grid-n80-g1000-3.sol.json,38f40413558cdbf0d28f1c53e9c67f918ad3736320afa4024130c3c0eaa47189,3663,part_0001.zip
TSP-grid-n80-g1000-4.sol.json,ee59559a5b4449d76717ac15e176bc0ad6a6ee908a1696ce48bbcb6543767377,3663,part_0001.zip
TSP-grid-n80-g1000-5.sol.json,eaa525420b0f57915087e0a2b85194dd88fde55612c54c47efbfe2131d5fdbc1,3663,part_0001.zip
TSP-grid-n80-g10000-1.sol.json,9fe999e64f123893f61bf14a91ce1afbf4e164480bed9b7a11dcd12ef6a5532f,3669,part_0001.zip
TSP-grid-n80-g10000-2.sol.json,cea1288683416172c6c0ce1f64aec5a6d7e6db368fbbd37fb6c14645692ac790,3669,part_0001.zip
TSP-grid-n80-g10000-3.sol.json,de443fe9a92f3442e0ecf966768cbc35116eb548a3e901d6ae4847c6c3943b8a,3668,part_0001.zip
TSP-grid-n80-g10000-4.sol.json,ddb116699557062fe8b6f5bcf06bc760becd08bc4d02621dec98bc5d6985e6a3,3669,part_0001.zip
TSP-grid-n80-g10000-5.sol.json,5ee81564640f830e8dd40a5226badbba453e4b3600f0fc4442ca2a302f2bdc05,3668,part_0001.zip
TSP-grid-n800-g1000-1.sol.json,4df20d651108ec7ba6a9587098e5102e15ff8145e523571deb6ffe92b78815dc,33849,part_0001.zip
TSP-grid-n800-g1000-2.sol.json,878a39ef6b3dc5409e4467c7d9bb844bdb22e93775ba93d706e3df235eb611c9,33849,part_0001.zip
TSP-grid-n800-g1000-3.sol.json,953262e7e694a7f1ee01dde9f4b0304230b90b1e8ea1429d86ef01ec9ff48ec2,33849,part_0001.zip
TSP-grid-n800-g1000-4.sol.json,bf6946be07fc161f9a4df4d3a30acb39f8b85e04a60845ef2331de0628f57aa2,33849,part_0001.zip
TSP-grid-n800-g1000-5.sol.json,2c8e6b5d41af530ad7c1d6086cc1fe7d3938076b5c9926e79a1e9beec1b5d8b9,33850,part_0001.zip
TSP-grid-n800-g10000-1.sol.json,eeca3ba90146e70f8e2289465093dc89572c1ccd2645cbf1a1c168f1469f5548,33856,part_0001.zip
TSP-grid-n800-g10000-2.sol.json,2adee27ffc3df55d7963dcecad8e3372afba27b7b1e3285950a8d6c08752d75b,33856,part_0001.zip
TSP-grid-n800-g10000-3.sol.json,b04dd68ec9a24825920b0f0aa8dcdb168f33698e85d1c8c70f78860f074e094d,33856,part_0001.zip
TSP-grid-n800-g10000-4.sol.json,b09b0c98b919a1a4ca08770552cc43eb6c1e940a4dd0c3f3883ca631b5b2152b,33878,part_0001.zip
TSP-grid-n800-g10000-5.sol.json,74be833d222a21d7086dd579ef0b864da7a24880aea28679506f68c2af1a7245,33856,part_0001.zip
TSP-grid-n90-g1000-1.sol.json,4de8bf8d47f418748a7a9952d0e8225289187cdc9c4365a94e43bcb7134b4bc0,4052,part_0001.zip
TSP-grid-n90-g1000-2.sol.json,dadd406fe02ff203746098edccdacb110dfec32021446d50af3e1bca093e0cb0,4054,part_0001.zip
TSP-grid-n90-g1000-3.sol.json,b56b8e331bae7f9edfcf7ae75c35cb5894289c6f7708b5dae86ab31bd501137e,4053,part_0001.zip
TSP-grid-n90-g1000-4.sol.json,84871de1c97f2a14cbaf0ed21c2f0981d28486ab81a90eb9074907088329893f,4054,part_0001.zip
TSP-grid-n90-g1000-5.sol.json,1f53999a39275498f125c74075ae4384d504a3bb54c8148428ce84cb48925fa6,4052,part_0001.zip
TSP-grid-n90-g10000-1.sol.json,a95b89180bff0cf39aacc081bd7a42883984cb0de333aa59e9a4200ac3861b16,4057,part_0001.zip
TSP-grid-n90-g10000-2.sol.json,d7090caf9c83e5f79b068905185956faaca4bf17dd79b9d7e4341b74b1e8363c,4059,part_0001.zip
TSP-grid-n90-g10000-3.sol.json,ab81baf3b9a80a3c23c9ccb2de03dc406bcf672f85794e8c74b9fa2b39bc517c,4059,part_0001.zip
TSP-grid-n90-g10000-4.sol.json,51a2a233a44fceb108472dcfa87203057790e06fe7fe52200237af543013ca96,4058,part_0001.zip
TSP-grid-n90-g10000-5.sol.json,eba90e50bd1a7e213306eba088a618a484ee64bceb8e86ec32e251b2a51090a2,4059,part_0001.zip
TSP-grid-n900-g1000-1.sol.json,fe6c832faaa477993c78915383224559d6fd58268c50cf4dbd09d4613a20707c,38048,part_0001.zip
TSP-grid-n900-g1000-2.sol.json,323f2c3bc675ba36fc5fa32c57fa07bd515d29428f17e0ef93636ec5e9ab0ef7,38049,part_0001.zip
TSP-grid-n900-g1000-3.sol.json,d0708ce2fad1759b8dbdcf108b62ac0dbfb9dc433bafb806205549989cff5575,38051,part_0001.zip
TSP-grid-n900-g1000-4.sol.json,322d6cc39f4666dbe3555493e4a484ccf785b095a19fee3508b7a11886bb4605,38050,part_0001.zip
TSP-grid-n900-g1000-5.sol.json,167cfce4f198ee802b7d7b33d48b12a71b551e0ab7e9f4aac6a5c26fa0e8217e,38048,part_0001.zip
TSP-grid-n900-g10000-1.sol.json,2872153d19c1796eff6c32a45b049bbe20d0a38aaafefbccfc4a258eb8cf5b30,38056,part_0001.zip
TSP-grid-n900-g10000-2.sol.json,92944a9fed60240f0dcd8a56b5dae7f21fe5b385957a3c9aefe17fc41eec5918,38078,part_0001.zip
TSP-grid-n900-g10000-3.sol.json,cdc7469d1c16841ae4881e4e1283f6f8c5283372f65bfb36c61ed08e2529a361,38055,part_0001.zip
TSP-grid-n900-g10000-4.sol.json,b1c7d39daa94fb0065d445b1383bd4bfde52997f87338add41be77a166d18bab,38080,part_0001.zip
TSP-grid-n900-g10000-5.sol.json,c95ff37a4825dca48a934b190764b8a003d0e5d8999bd01030e5b1ba7248c2af,38057,part_0001.zip
TSP-line_noise-n10-g1000-1.sol.json,f900b297c067b0d6b0b6fba9ef8415cbcdee5eaa1a9bfad4ab72445d657230b4,944,part_0001.zip
TSP-line_noise-n10-g1000-2.sol.json,9de074d3f21d25f3187fa3836d8c19c6b59dbe5700502bc2068bdf493892eb51,945,part_0001.zip
TSP-line_noise-n10-g1000-3.sol.json,7f9ce1a1a3e5ddb1b223d6421e9709594840fb8a3b107cbb076c341a32d533fa,945,part_0001.zip
TSP-line_noise-n10-g1000-4.sol.json,15309052620210971880972e01414dac16c55b303485425557db4adf8cdbfb71,945,part_0001.zip
TSP-line_noise-n10-g1000-5.sol.json,35a61fbee69c2c7d52b02e545d5140547611c8cf7eb0a674e6ffd8c9817c00bc,945,part_0001.zip
TSP-line_noise-n10-g10000-1.sol.json,0b1b2161f0d401d01fdb778859ab882a638523f57387c5e7190e93e8c82ff1f0,950,part_0001.zip
TSP-line_noise-n10-g10000-2.sol.json,bc47d804afcf9d54270a4eadd64da97fe826afc91227b298bee060e674482380,950,part_0001.zip
TSP-line_noise-n10-g10000-3.sol.json,d7f9cacc8867642a5efafce96e73cd33af45705aaf78763f4b33940ea5fd86dc,950,part_0001.zip
TSP-line_noise-n10-g10000-4.sol.json,a9a154ba024597b6fe62641597a19d97fd5a2927e1d2bcd6600604e0e5c2bea4,950,part_0001.zip
TSP-line_noise-n10-g10000-5.sol.json,feef08e1377b811c6fac427c90dfae1d1106effc0ac011e50a6cef2def7347b4,949,part_0001.zip
TSP-line_noise-n100-g1000-1.sol.json,a541e63562d5efd520e3d45eeeef8d9ed711402db59071ea9c024b24a16b3b77,4481,part_0001.zip
TSP-line_noise-n100-g1000-2.sol.json,4c8667f2f52f5230e92dd9e30db1af282cb0adf676a6111a9381ff614b8cf36b,4480,part_0001.zip
TSP-line_noise-n100-g1000-3.sol.json,0bd38bd387269cee55cfbd031c6547b6752b7eb4e6370614371165b592c0fe8a,4460,part_0001.zip
TSP-line_noise-n100-g1000-4.sol.json,9e0b744d4c51b034f6ae337501c6858cd40794ddc51d1923b7c769aa277dbc15,4461,part_0001.zip
TSP-line_noise-n100-g1000-5.sol.json,7146206edafc1dd4e0f6ff827947510fce41e1706a975d0da4b80e8ac02a5158,4460,part_0001.zip
TSP-line_noise-n100-g10000-1.sol.json,66b1003b771fa709ae8ac9e767c18a62f1102c9fa45384d231779d1125a6906e,4465,part_0001.zip
TSP-line_noise-n100-g10000-2.sol.json,2d782ad2181238f76cfffe1587071168e801198ec36ee0d031ad6b71db52c35b,4487,part_0001.zip
TSP-line_noise-n100-g10000-3.sol.json,2ad399d1a27eee46f49468d2c3554ff6f77d542a100aea4526fae5a04da6d9e6,4465,part_0001.zip
TSP-line_noise-n100-g10000-4.sol.json,678f743ebb90e13ff7b62b57e641bcb8b202ea2187a1efb0592e5cd54db660fc,4465,part_0001.zip
TSP-line_noise-n100-g10000-5.sol.json,2ed59a9fabfd82d41b795e1320fad004a5c2f9d3140e4977f7e83d49dfa66d8f,4485,part_0001.zip
TSP-line_noise-n1000-g1000-1.sol.json,70d45f5f6aa310221915412283a11f3247552d7d33970670b2a5947d91f0d619,42266,part_0001.zip
TSP-line_noise-n1000-g1000-2.sol.json,bfedec2363359b791ee15b14b3002fc5a8ff0a6130e4d31891e0de48b909279a,42285,part_0001.zip
TSP-line_noise-n1000-g1000-3.sol.json,bad3c5b9e9fb58ce8e088d702b42cb6dc6f2ade8e051035c5764f626a3e4f79f,42263,part_0001.zip
TSP-line_noise-n1000-g1000-4.sol.json,4ada573ad9bd7c1eb09ef4b2b830b9e7b8886663d28c7274762217c11006fbe2,42265,part_0001.zip
TSP-line_noise-n1000-g1000-5.sol.json,8385bda9ed4b2881cc0aef324253ec9511576698181b2a724aa06db98c23a5a1,42266,part_0001.zip
TSP-line_noise-n1000-g10000-1.sol.json,a3ff45f8173e00241194cc31cb23af861f77cb253a71a2535b420c1125906c95,42270,part_0001.zip
TSP-line_noise-n1000-g10000-2.sol.json,79df94df62928659decc6ba9b0e1d3eaa1b0b71d649426e3bc9abc8d9554119f,42270,part_0001.zip
TSP-line_noise-n1000-g10000-3.sol.json,316294871ed8b15b7737f4ec81bef508b89634c1976f3fb070aa62ffa2daf490,42270,part_0001.zip
TSP-line_noise-n1000-g10000-4.sol.json,803680490375b22835a6210d4baadfad74b06bd630a6314017f72bb0a1642e56,42290,part_0001.zip
TSP-line_noise-n1000-g10000-5.sol.json,361b72dc6d36d3c53ef5c035e7845985f6d483dc84410c96951ba7182067e055,42291,part_0001.zip
TSP-line_noise-n20-g1000-1.sol.json,55d56abf028f79c7ddf45eb5a3eefdcbde5eacfd76370360b560c30e8934109c,1335,part_0001.zip
TSP-line_noise-n20-g1000-2.sol.json,86b04ff1fad32d1742737f8a0fa77a3ad047c1956c75118b5a11d5515a0b6a21,1334,part_0001.zip
TSP-line_noise-n20-g1000-3.sol.json,c61fefc223fbad9197b3a1a3e3cf69feb51a5ccf36b48851d41a0451d83cabae,1335,part_0001.zip
TSP-line_noise-n20-g1000-4.sol.json,dd6b6ddac295f973cd6fd125c816803bea38cee326a8369e43fd86294258ad6c,1335,part_0001.zip
TSP-line_noise-n20-g1000-5.sol.json,5f55989d9a5d444e100294479d39f98f4a43edc8970caf3aaf710e4fef22cc6f,1335,part_0001.zip
TSP-line_noise-n20-g10000-1.sol.json,21e385a0eccfad92a10a6ca2cb49a1eec6d7ea69ca7b59c0552226e2b0022cb8,1340,part_0001.zip
TSP-line_noise-n20-g10000-2.sol.json,9e6b404811eba4d28bda55ba4146f8932f9a5f4a0b7dbef265a4d4a03089f1f3,1340,part_0001.zip
TSP-line_noise-n20-g10000-3.sol.json,6036de2c1357680810037a12a776738674031c085243c6f3088cef7c4ecd29ec,1339,part_0001.zip
TSP-line_noise-n20-g10000-4.sol.json,10df4e4323eccbcf17a96472dd1374dc9897aa99fc586d3bfe2c3910b9814c8e,1342,part_0001.zip
TSP-line_noise-n20-g10000-5.sol.json,104a1d887a99eb0448601dbce9e8ff0b7120b8eebee111cc91fb44dce3c45ace,1340,part_0001.zip
TSP-line_noise-n200-g1000-1.sol.json,50857a0c72f2135a98d561598e0bacf6d14a23112c30bf20ae83b3af3bf04354,8680,part_0001.zip
TSP-line_noise-n200-g1000-2.sol.json,32b1942885483a240b61b22a676ba4e3890dbb61b97c4de54a6308301d5563c1,8680,part_0001.zip
TSP-line_noise-n200-g1000-3.sol.json,0af5551623338592e7679fc275de701d2d0ead5de2f0a7c63ed0f3459c8f1683,8681,part_0001.zip
TSP-line_noise-n200-g1000-4.sol.json,024cf84917cf6bbd55614e872562f77bd4f55e944818254f6d59773d63bdf9f8,8680,part_0001.zip
TSP-line_noise-n200-g1000-5.sol.json,1ce45daabd91426c73845ce4cf2db90e4dd5c977bf91d58fa3cfaa8636482e55,8680,part_0001.zip
TSP-line_noise-n200-g10000-1.sol.json,89931ee23da867e27e2e601301b7ec517ef8ebe733354bb7b340e32b4699d680,8685,part_0001.zip
TSP-line_noise-n200-g10000-2.sol.json,2d132061d259f3e81aefba68f971f34faf49fe07ddd280f39b055a885f422356,8664,part_0001.zip
TSP-line_noise-n200-g10000-3.sol.json,382ce753763b57fbb559b63b28ff0ec7550f58bfe05a08c8a68e91c0510561b9,8684,part_0001.zip
TSP-line_noise-n200-g10000-4.sol.json,ac276ab3df83a7e1cacf87f18f826dfb3e149daa3d391a3a3e15becb18fbb735,8686,part_0001.zip
TSP-line_noise-n200-g10000-5.sol.json,87b6313335f6d0c1d6905865c7da38f1b013c5fec1ffc3660236c483a9c83ffb,8685,part_0001.zip
TSP-line_noise-n30-g1000-1.sol.json,df6a0d335eae5a3593719b9651a021a6a3a6dfc5b2cba03a42a36e66a8e8598b,1724,part_0001.zip
TSP-line_noise-n30-g1000-2.sol.json,65395ff83a907dbde5a0c604ab111d00f1178b0ae2a213083941bf862226aa81,1725,part_0001.zip
TSP-line_noise-n30-g1000-3.sol.json,80e5f9d8fb8a855d949f88f4ea85d612efd3b3dd5d62d3477b89b110c09078ff,1724,part_0001.zip
TSP-line_noise-n30-g1000-4.sol.json,eca0616d05c8756a2feba46b2e540b04fc40d73c97e03a75a0c35ffd1003967e,1724,part_0001.zip
TSP-line_noise-n30-g1000-5.sol.json,8e56ba27e5177557fefa1dfaa8f277877d257b39500153f28545fb6b3dac0d6c,1724,part_0001.zip
TSP-line_noise-n30-g10000-1.sol.json,8e2bc8c4614304f688c4dae5466a86915dc6fd96fa07724ab1c8ffe1c0eeccc7,1731,part_0001.zip
TSP-line_noise-n30-g10000-2.sol.json,e5a538d7210e7f780019a249090859381f7b8843ddce8e0f4db2c7f9b58840c1,1730,part_0001.zip
TSP-line_noise-n30-g10000-3.sol.json,cc9c1063b7664026f0dea59cb7295747c4c816163a4dea9f9039f0825bef4c14,1730,part_0001.zip
TSP-line_noise-n30-g10000-4.sol.json,0ca70435ebed693cac3751098e14bd41604addd7a2176a7bb68c001e9b1799fd,1729,part_0001.zip
TSP-line_noise-n30-g10000-5.sol.json,239df5921b8db2d85925de6049091724f3675cac3328c103dc1e263d94818212,1730,part_0001.zip
TSP-line_noise-n300-g1000-1.sol.json,cd70f05a5e27b3247742b674bc9f1b83d7eb331e73e5e80ba0d5b3fa43640812,12880,part_0001.zip
TSP-line_noise-n300-g1000-2.sol.json,b27fb9e2375f8dcca3a9d5354e29ae067b59f9edf380d4bd8d9cfccf92b72920,12879,part_0001.zip
TSP-line_noise-n300-g1000-3.sol.json,c85a1c58f6a7111b9173bd96fba00b99db0bb3fbd7b9967a735e151d8e1c7724,12860,part_0001.zip
TSP-line_noise-n300-g1000-4.sol.json,ce58ccde7aa3b4d8f1c5c84b958613568f41c953b6628894bdea5dfa449060cb,12878,part_0001.zip
TSP-line_noise-n300-g1000-5.sol.json,7b76538afeab9183ff4b8ba0f9c3c75bb8e38df325f65bf967556eda7f897917,12879,part_0001.zip
TSP-line_noise-n300-g10000-1.sol.json,a589fdad0986a047fc8c5b9070f5b50afa37ca2dd0f1c56e19e879fff20b0ad8,12883,part_0001.zip
TSP-line_noise-n300-g10000-2.sol.json,5c1396702adc3425c481e1474840578ec4b36ce503ab7b8cb5552073d939a6cf,12865,part_0001.zip
TSP-line_noise-n300-g10000-3.sol.json,8198017ebce1202ec268f6a5f3c03b5ce828727dfe9df9cc3d48f1156c80eeb5,12884,part_0001.zip
TSP-line_noise-n300-g10000-4.sol.json,ca9aebea4fa4d66b8f8fd6a80ebfdc900d4086aee67a9ca7a433b2103dce58bc,12885,part_0001.zip
TSP-line_noise-n300-g10000-5.sol.json,9b85043fe1ecc3ac29f2ae0af4df48250a16a7c2cccc5865bccce9f103282d15,12885,part_0001.zip
TSP-line_noise-n40-g1000-1.sol.json,92243752adf7385f6af3e7c927baa367c63f016248e6d71347c9eb2d12f9eb57,2115,part_0001.zip
TSP-line_noise-n40-g1000-2.sol.json,5bc8400dcd44bde522eac3be89b11528ada1645bca28afb142d7b7d17cfd2778,2115,part_0001.zip
TSP-line_noise-n40-g1000-3.sol.json,9ffc343f8c0fbb4bd96568dff0c4237e2f018fabc277e59abab8465114c83e73,2114,part_0001.zip
TSP-line_noise-n40-g1000-4.sol.json,c99a1e394d9edfd8a940753bdc763a3caf00435b3df191e1b0562c7ed6345d2e,2115,part_0001.zip
TSP-line_noise-n40-g1000-5.sol.json,42ad8cb94b7fb7489af0e1b1b3e2bc56ee3d891780fec1947c73e9316b01371e,2115,part_0001.zip
TSP-line_noise-n40-g10000-1.sol.json,5b549c7303facb778d3142a6ccfd28fac7ed5a7f6e69d768eba8de153fa7a798,2119,part_0001.zip
TSP-line_noise-n40-g10000-2.sol.json,c83b7fd8e4caea38e15278bec468da3ed415c5aa0ad5958fe5414fa589621d9d,2121,part_0001.zip
TSP-line_noise-n40-g10000-3.sol.json,73b8e7fa30054c9b332a1e4775a80cae69d68063f2f121c4144988477ee7e4d7,2120,part_0001.zip
TSP-line_noise-n40-g10000-4.sol.json,ad85fd16f29e39b68e53a9c1b2f926165dfd98a88b84ad17eec1f04b8c67bfcb,2120,part_0001.zip
TSP-line_noise-n40-g10000-5.sol.json,83e21229f6f823c9d13470fd66319d3df2117bb1fdda2660954840fa2a0b7658,2120,part_0001.zip
TSP-line_noise-n400-g1000-1.sol.json,58b81931215e40e5f3fb7d16e355688d6a537aed44ba1071b71c9fa451f3067d,17078,part_0001.zip
TSP-line_noise-n400-g1000-2.sol.json,2e65f558576e057fc38cf54495a5318e00a89f21fbb973755ece3b8bc592015d,17077,part_0001.zip
TSP-line_noise-n400-g1000-3.sol.json,1b5f39fabd3110e4078847f825823a0b93954d57dfc680a7b6fc71c9211f8c3a,17080,part_0001.zip
TSP-line_noise-n400-g1000-4.sol.json,3cc730cbc555d09a2067016d7d4a3eed9ad1634683bc7b1632da587e659042df,17058,part_0001.zip
TSP-line_noise-n400-g1000-5.sol.json,6d5e104cbb4db7367ff30022ba7ba5ee9e266a1baa2ba4a9eedda01fb65fd9a4,17079,part_0001.zip
TSP-line_noise-n400-g10000-1.sol.json,07e6fa9237c1434477f2db7ee6a705b8b163495100335d0a2ca5cf175ae4fa28,17065,part_0001.zip
TSP-line_noise-n400-g10000-2.sol.json,398d13dd5f3c9d510172c5b254e7bfa08a91a0c1a306207840090f969b77fc57,17084,part_0001.zip
TSP-line_noise-n400-g10000-3.sol.json,b9038aa46ff9e975fdac612b55f371881d306e796a3d5c67f7966d30b6abce91,17083,part_0001.zip
TSP-line_noise-n400-g10000-4.sol.json,f0dab8e042c57ceea3c70c98fe64fbc4e8fa01a0a35079fb20c3beb1ccc6c0f4,17064,part_0001.zip
TSP-line_noise-n400-g10000-5.sol.json,cee9d58cd7fd9a763eda955760727648f6901dba098fe7892d8bd701821c4b5b,17064,part_0001.zip
TSP-line_noise-n5-g1000-1.sol.json,d132b1184d66350cf94db1102b0d8db6cfcd14988be65d621fe8abd837cce2f2,759,part_0001.zip
TSP-line_noise-n5-g1000-2.sol.json,cf523a41e798a4a1bb146e9b0057cb24536a038164623689d68a6576aff18265,759,part_0001.zip
TSP-line_noise-n5-g1000-3.sol.json,d672b697f8f79a4cbc321ce896e7417c3a08b5e438cc23029c4b80ee8f71f363,759,part_0001.zip
TSP-line_noise-n5-g1000-4.sol.json,3d353f0162ec273ad30603e5f7cf23a7dea63a6934bb70853d70fa179ce807fb,759,part_0001.zip
TSP-line_noise-n5-g1000-5.sol.json,83e0bd594c7b92c1fcd5a0746bc3d2811f600abf06ec4f5a3ff254b775a78cb4,758,part_0001.zip
TSP-line_noise-n5-g10000-1.sol.json,1a5541032bbddded044329b091f8936fb3b50fe2bf9859b6d8013fc04b0abe36,763,part_0001.zip
TSP-line_noise-n5-g10000-2.sol.json,40e58b9b495daca2635fe69cfe6be04b5b3480b085968af3032ab9e5cf97aae2,764,part_0001.zip
TSP-line_noise-n5-g10000-3.sol.json,bc4518b32543b91a25bca0246c43310dbf355c29c93b56877e0f6e3afc7f0c89,763,part_0001.zip
TSP-line_noise-n5-g10000-4.sol.json,1849b66ba5f7dafe590c68484dd381cd8eec5650ec49a36e1625c387863b43ab,764,part_0001.zip
TSP-line_noise-n5-g10000-5.sol.json,f514a0f0cc87b1205722142cdb6c32e0a9d77e500729e08e5e0a74c4b64bea7c,762,part_0001.zip
TSP-line_noise-n50-g1000-1.sol.json,6cf204445555ad17b44f6230b5f17937b14e237f7df8f867acce510d4786c01b,2505,part_0001.zip
TSP-line_noise-n50-g1000-2.sol.json,ac08e33a86cc1fb563b782d443ac985608f80c61cc224149efc0b692defce787,2503,part_0001.zip
TSP-line_noise-n50-g1000-3.sol.json,c010625f3e70b4e6d3e4c3d26aa47682356f383868c622db0880c064f940a72b,2504,part_0001.zip
TSP-line_noise-n50-g1000-4.sol.json,921835f448650deba15eb0c6e0237ca02d093119f10f542b9d1b173b53a3e352,2504,part_0001.zip
TSP-line_noise-n50-g1000-5.sol.json,083848553458d636fc9d68c03eb25e56042dcaf95632c74b9e4cacf81dcccb9c,2504,part_0001.zip
TSP-line_noise-n50-g10000-1.sol.json,611de40c83149fa7b3316ac7aecef11db8823c556c597b47351b0cc06dfed2cc,2510,part_0001.zip
TSP-line_noise-n50-g10000-2.sol.json,80c7bf5fdc023088dcfd8ef4baacd63aee466ad9965fe09c7685831418e32acf,2510,part_0001.zip
TSP-line_noise-n50-g10000-3.sol.json,1bc8f6e1f580c1197d8888bef67d8ccbc38107cd0daa80d3422c3441afcdbefa,2510,part_0001.zip
TSP-line_noise-n50-g10000-4.sol.json,8d5f52aa6f3750671eb756fbb829321a2476db272939736e744afee3493dd2cc,2511,part_0001.zip
TSP-line_noise-n50-g10000-5.sol.json,8bbfac170ac451512e95332e013069288d4c46bd7d8706c7197cce224d652694,2511,part_0001.zip
TSP-line_noise-n500-g1000-1.sol.json,e8ef6b98e43a237361da9ffe9993ac45586bc8c5c11c0e991396adf29117c411,21258,part_0001.zip
TSP-line_noise-n500-g1000-2.sol.json,f73553d07b8fb943a92a90bc84eb321056e99bbf37f4f9ba509be4138c8b3035,21258,part_0001.zip
TSP-line_noise-n500-g1000-3.sol.json,58e1f8e7064bd8f842b4c407eda3d00df365b1a2d122803c8ad9e56a2f864601,21257,part_0001.zip
TSP-line_noise-n500-g1000-4.sol.json,db52233b383125ed65133d0ef60501c5aec7cdb4797c38a7ebb5c61630c97d11,21258,part_0001.zip
TSP-line_noise-n500-g1000-5.sol.json,e6057ddc6892c376bc6ee51a3d16260f84f123103c215c91cd9711b9a9e8199a,21279,part_0001.zip
TSP-line_noise-n500-g10000-1.sol.json,132b0ce2b5a027526fea716d6e6975ca05ecaeb6d82e19ad30c37739a376f71e,21285,part_0001.zip
TSP-line_noise-n500-g10000-2.sol.json,c3bdc2ce25aeedc151e1b25d29b1aa92421994924fdb8c47358d369d71fe4c31,21284,part_0001.zip
TSP-line_noise-n500-g10000-3.sol.json,b69368c7c07b2fff82eef205dfe79a21616259dce59cbf20eae3a3fca574e53b,21286,part_0001.zip
TSP-line_noise-n500-g10000-4.sol.json,9e3e801364eefd5aaac395f8daccb336408a9ec13d0b3d87b9d5d32b0afefad1,21285,part_0001.zip
TSP-line_noise-n500-g10000-5.sol.json,aa00b00ffc04e6064aacfa30c10f807d09557f0a7f6f53f759a21f7092434404,21284,part_0001.zip
TSP-line_noise-n60-g1000-1.sol.json,38a7a6f7d3e5ee137a52a7c81d96ee4c22256c48e56a8d49394d25edcd7d2d08,2893,part_0001.zip
TSP-line_noise-n60-g1000-2.sol.json,a3105b43a36d3f009083dcbf5a030b0720901be9f829ffce49588e12a7193413,2915,part_0001.zip
TSP-line_noise-n60-g1000-3.sol.json,1603fba935e04b7fbcf987030f008c2ee566c71d816e76a5d1cb4ddda9ea4b5c,2915,part_0001.zip
TSP-line_noise-n60-g1000-4.sol.json,1a3852f54a994b9b9e8d175e65c0b63485484fe0627031d52c374e8092212448,2895,part_0001.zip
TSP-line_noise-n60-g1000-5.sol.json,8423a46cd4c671aadd83642f011f03e9ffaf48b546151e5dddfccbaf94cac39c,2895,part_0001.zip
TSP-line_noise-n60-g10000-1.sol.json,879343a9524c8adfc5e6cb1567e44e5d604ec1dee1d32f5bf8f4ec5b0b8d0096,2919,part_0001.zip
TSP-line_noise-n60-g10000-2.sol.json,584026094d1d582e2ceb01d18ee9ce45218c8738942606688e8f1a163d9f2340,2920,part_0001.zip
TSP-line_noise-n60-g10000-3.sol.json,8ad689bc1fb82a106b1b6c7067f1ce5967605017cbe991e7da588796db94b9fb,2901,part_0001.zip
TSP-line_noise-n60-g10000-4.sol.json,9f27a65d920d548363aefa23b099bbd6849d8bf4341b1ea418fbe3a316bcbc73,2900,part_0001.zip
TSP-line_noise-n60-g10000-5.sol.json,ba18f929e4cba6dd6f9f98e4ad0c113ee99bdda2e5483d1fdf67bda12997f42e,2900,part_0001.zip
TSP-line_noise-n600-g1000-1.sol.json,8a6107b05988ceb4d7fe0ceaa2b6e561b92e86f2908f8229339a3eb08a95ecfa,25459,part_0001.zip
TSP-line_noise-n600-g1000-2.sol.json,55e3fc5aeb7db663e84d61ee39265d4c7c1623413bddab924d44fa4e31ed38b7,25456,part_0001.zip
TSP-line_noise-n600-g1000-3.sol.json,4a129ca196224f2436b8f9937fbf2de2b02de74b1796dfa7070e752d7b3d60ae,25459,part_0001.zip
TSP-line_noise-n600-g1000-4.sol.json,51424eabdf4739597a5c296ea86f0ce2f5f13b1069d43de72864aceda4c9c7e6,25458,part_0001.zip
TSP-line_noise-n600-g1000-5.sol.json,cb760daa84d9ec44fe8a1b92003e4f3b155f1d6d15c0062230444da910064392,25457,part_0001.zip
TSP-line_noise-n600-g10000-1.sol.json,38dd51a950998edda35987cfbded98734c6b0ab55567cd8974e6953230c16234,25484,part_0001.zip
TSP-line_noise-n600-g10000-2.sol.json,1e779e388d20d147672d68dd9e9ff4fcab83b8019c65eee37d03127053e84a3f,25484,part_0001.zip
TSP-line_noise-n600-g10000-3.sol.json,6be473b0dfd31919f59abefca2e6932bea5d20ab6db699e1bc90e56510faa2ea,25463,part_0001.zip
TSP-line_noise-n600-g10000-4.sol.json,fe6c8aaad0e9f2e18ae16bb41649ad7f41e8052b059749c8c468ab1c58ab13b4,25464,part_0001.zip
TSP-line_noise-n600-g10000-5.sol.json,6ac2128673536073dcad82fb015b0ad281a1b214e24b5a631201c14f4350f861,25486,part_0001.zip
TSP-line_noise-n70-g1000-1.sol.json,0537771ae3df3cadec668f0dc60104bc04a64a22a9d316f1dd95af2ab7c3bcf2,3306,part_0001.zip
TSP-line_noise-n70-g1000-2.sol.json,199fe6fbb5ff171aa98ebcffa26f9297e0c6282c09f6f113440bae63dff67644,3304,part_0001.zip
TSP-line_noise-n70-g1000-3.sol.json,d87923ffed25dbf6473bf7b6d183a5746b704abbd53045115ef76c887ef8f5ca,3282,part_0001.zip
TSP-line_noise-n70-g1000-4.sol.json,4394dbd783f356f8d15ee4b7af9155241f86e91984265943540436a3291fb872,3283,part_0001.zip
TSP-line_noise-n70-g1000-5.sol.json,d4f103e31ceb2d5f895b0db0c98f0054bc8f55879b68edd4778d01f7af477e35,3284,part_0001.zip
TSP-line_noise-n70-g10000-1.sol.json,7eea2be09523007636427b3018d20a05e990f8e680e0e20ebc5001de6702dfaa,3310,part_0001.zip
TSP-line_noise-n70-g10000-2.sol.json,2c3490d47ab21d7cfda3c836d4996c5f766dced584ffd864f60a26fe55bd079c,3289,part_0001.zip
TSP-line_noise-n70-g10000-3.sol.json,f0f05e13dec4ce474b15f0876443705b4e8d61f3243376128517f9055b6f1724,3290,part_0001.zip
TSP-line_noise-n70-g10000-4.sol.json,9cbaabeeab38ed22ca67d7996110d1b41c84925ab0921db1b4c1f883e4c7b099,3291,part_0001.zip
TSP-line_noise-n70-g10000-5.sol.json,9ad9d60e1d66c7816339fdc1cb7c13dd5875bd53f02f958d97e1ec7d0ced9a5a,3290,part_0001.zip
TSP-line_noise-n700-g1000-1.sol.json,66edb90957d5943f00f4f3bda63a06033d785f642387fb2ad38c75741cad2390,29679,part_0001.zip
TSP-line_noise-n700-g1000-2.sol.json,441aca9505f746673ea094b3029525017e05711b7d9d0efc3663687bb42cb795,29656,part_0001.zip
TSP-line_noise-n700-g1000-3.sol.json,ffff1267d6e9820bf87a8ee60c92ac7e039a0db4827429ac40cbdf0c224185ad,29679,part_0001.zip
TSP-line_noise-n700-g1000-4.sol.json,7dd323a8097015e22d276364301ef4c6671d9529e5a090dbe946b5d71a1f1369,29658,part_0001.zip
TSP-line_noise-n700-g1000-5.sol.json,264fa1c6bf947a896cbb903c3c50392996321aa333af8d127d242355898aadc1,29658,part_0001.zip
TSP-line_noise-n700-g10000-1.sol.json,4aab5db5bb8fa1139397f281f7459f0a517c0131dce516a68d5863d67d634c3c,29665,part_0001.zip
TSP-line_noise-n700-g10000-2.sol.json,c9713f310674135fc8289d5a614a570c90d1eab75761b41616a75d5c4498150c,29686,part_0001.zip
TSP-line_noise-n700-g10000-3.sol.json,df369eee04f2067195556f094e6f3f6cfda209c2a05d673fec9816899aba01f7,29685,part_0001.zip
TSP-line_noise-n700-g10000-4.sol.json,87de8c3c0a523646504064004fec79c5255b81c5a5d410ea0d6d0b99830091b1,29685,part_0001.zip
TSP-line_noise-n700-g10000-5.sol.json,2e0b605a08639c640854efc47f5f05758c71875719f9ce7b8ce533a3fc39d7e0,29685,part_0001.zip
TSP-line_noise-n8-g1000-1.sol.json,4af1717ec4664b792b632add8745a4e7721ee405635d5238e0a0b421d9eb7196,867,part_0001.zip
TSP-line_noise-n8-g1000-2.sol.json,a7d51ed5d34307d53a71add7bc707d859b932b6f64eaaa1d7e9b620b9d3b2470,866,part_0001.zip
TSP-line_noise-n8-g1000-3.sol.json,649c3e8f2304001d6f2469d0538e940fd996ccbdc99c12e6825c2796f3ae5b0b,867,part_0001.zip
TSP-line_noise-n8-g1000-4.sol.json,cb976049060dd0953780e2d36f5332d20847be98e64e91ea50e38c35069f8efc,866,part_0001.zip
TSP-line_noise-n8-g1000-5.sol.json,a590fdd04b738e85b6be0febf27bc8f44f032934d99a33284af1e2adf9d35e83,865,part_0001.zip
TSP-line_noise-n8-g10000-1.sol.json,1d46d5ab0db5302a828ef3db857be3521ac4ed6e02cfaf4b7e8fe2905dea4358,869,part_0001.zip
TSP-line_noise-n8-g10000-2.sol.json,0f8b96226e84edfd6d4a6c500523faeafa204d3d64b01f0cdb230965775fb724,872,part_0001.zip
TSP-line_noise-n8-g10000-3.sol.json,a00ce1356062f71bdf4e6c8adc0502b5e37156b3a80ce43ae30c6260d617da4b,872,part_0001.zip
TSP-line_noise-n8-g10000-4.sol.json,8fef293efd9a9b3cd87f1aae071d4831d24bfefa9e9019ade3df562797418927,871,part_0001.zip
TSP-line_noise-n8-g10000-5.sol.json,c0cef625bb14fbeee895dacd980e43347e36df87144098825465f2fa58735130,872,part_0001.zip
TSP-line_noise-n80-g1000-1.sol.json,5a681b04b323a0201b56e65b34ff4f1b92e45388fbc5758cabcab0cbd3025734,3674,part_0001.zip
TSP-line_noise-n80-g1000-2.sol.json,9f6de99621a4a3b653f6923dd6611472622caebd77cdcefb5c0117db78088174,3674,part_0001.zip
TSP-line_noise-n80-g1000-3.sol.json,d8d06d8ead04201becbfd870b54fecdd4820657030bc50e258199dbff0803c04,3675,part_0001.zip
TSP-line_noise-n80-g1000-4.sol.json,6cb5bab6c25584e52e2acadbbfb38f545700f64db37f010d8adb2eeab32ec2e8,3693,part_0001.zip
TSP-line_noise-n80-g1000-5.sol.json,b0c66a1f1155f0a3af9afec2952723119ec279bc31dd580590299d6295f8cfe4,3674,part_0001.zip
TSP-line_noise-n80-g10000-1.sol.json,8b7eeba681b52e28aa4e009642ad379d3d7371d074c4ce9a95f3bcc863f6f49d,3679,part_0001.zip
TSP-line_noise-n80-g10000-2.sol.json,c1f523727bae4d8abf58d91d2f327d2ec81645cf29e1ea1a0f9f6182627dd9ec,3698,part_0001.zip
TSP-line_noise-n80-g10000-3.sol.json,c80aebef03b70acb3dd050b4e84fe3de7596aae21003e8570439918f00ef6a32,3680,part_0001.zip
TSP-line_noise-n80-g10000-4.sol.json,671a4dbf02777b172c49cffa110f5d629bb533c5e9410d5dedf7a18de4b74cd2,3679,part_0001.zip
TSP-line_noise-n80-g10000-5.sol.json,cc45399bd6b65267834db7d7629e0afd0d01c6979f3a466b034f064bb80e880e,3699,part_0001.zip
TSP-line_noise-n800-g1000-1.sol.json,1996290e2aabba8bf376b72b4877734a4437a7636ab7a98f5fd69210976b4a53,33859,part_0001.zip
TSP-line_noise-n800-g1000-2.sol.json,54b4653f805ce680475ac678c2e6024dced56ef1b266459b20e824b047d5b498,33878,part_0001.zip
TSP-line_noise-n800-g1000-3.sol.json,7c2e7a664a85113cfb961b74e5919e89267e6633dd7802055af5e3335a1b1cbb,33880,part_0001.zip
TSP-line_noise-n800-g1000-4.sol.json,ceecbe08db187db81494345fe5be551d4d45ffa748229c7eabfd497c1aac30ad,33880,part_0001.zip
TSP-line_noise-n800-g1000-5.sol.json,3f686806d852c9399515412c1f60758889cecfb0f0aff3f6109d1c79a07926bc,33860,part_0001.zip
TSP-line_noise-n800-g10000-1.sol.json,30f8e55672b6010d70e9ccd8abc190e20bafbcfe8ca246b773fc8dee18f512f4,33885,part_0001.zip
TSP-line_noise-n800-g10000-2.sol.json,a6afc966367d66757f7a905f4666d76c5d3a1919b289ebc97727aa176c4c4819,33864,part_0001.zip
TSP-line_noise-n800-g10000-3.sol.json,b6d22728a40e95ea966bd1308be91555c5487059823142fac188789a16e4a32e,33885,part_0001.zip
TSP-line_noise-n800-g10000-4.sol.json,0efc5bc1766eb10d964fa799410e6c3f04c3db47fb355914623835b2b480cacf,33864,part_0001.zip
TSP-line_noise-n800-g10000-5.sol.json,138bf237a5a222793075b21edbdadfcf02ab3734a33b9a00bcb157cc29fa0d2c,33866,part_0001.zip
TSP-line_noise-n90-g1000-1.sol.json,cf0490551b5c0efe3f16851f30f745e41ce499198b9e06894ed7446df36581bd,4084,part_0001.zip
TSP-line_noise-n90-g1000-2.sol.json,e07a4c8108f6a490cdcae4bc31af680c8d20998747abfe141a9e995a1af437e4,4064,part_0001.zip
TSP-line_noise-n90-g1000-3.sol.json,291c2692e15057ed5657eacb06c3a29e5e99337228bda878ecc0434afab78388,4065,part_0001.zip
TSP-line_noise-n90-g1000-4.sol.json,764616ae5779dfd86bd78517a295b0b1793e8f1ee48986b1dff2c4c4429c1c2c,4064,part_0001.zip
TSP-line_noise-n90-g1000-5.sol.json,22a661b5dab5b4c9b5e6ae8f9994db39cd25357952abad3a79c27a9f8c3b7629,4064,part_0001.zip
TSP-line_noise-n90-g10000-1.sol.json,f31378b1cf7010f3ca5e695d6868c5d5b1799eebd290fa53bbe920110c007c1f,4070,part_0001.zip
TSP-line_noise-n90-g10000-2.sol.json,afaef572ca3969027d2a7cf27cca4a14699ccbac47e612100a0593a5d2f5599c,4089,part_0001.zip
TSP-line_noise-n90-g10000-3.sol.json,03af9918ec7eebfb68af887dc6b971df336e0a5e8204ba827795cfb5d83475bf,4089,part_0001.zip
TSP-line_noise-n90-g10000-4.sol.json,6da9d0d6b334a3a209e956de31c15fe26c8294a2fe4dc1546cf8c8908f22520b,4070,part_0001.zip
TSP-line_noise-n90-g10000-5.sol.json,20fdb1c5d484b82013aed080cde25ad6e77f27a5aa5274f27a0f427ace8bca88,4069,part_0001.zip
TSP-line_noise-n900-g1000-1.sol.json,a0a44942505b789798ee7bb2f2478cc5baaccc638fc6d590942dff2d74e7184e,38081,part_0001.zip
TSP-line_noise-n900-g1000-2.sol.json,663feafdc2a4e88140abcb2c6dde7e252bec6dd0e55105bd1feae41f69c89f49,38059,part_0001.zip
TSP-line_noise-n900-g1000-3.sol.json,0d1f233d526f56a99750be4572bfd9f0019f563bf81cc7507e5492039fb231c9,38058,part_0001.zip
TSP-line_noise-n900-g1000-4.sol.json,19415d1132f27087120b19d983a395d614d5e4f8e6700aa961a5b34262f9db78,38059,part_0001.zip
TSP-line_noise-n900-g1000-5.sol.json,089b55920ccd880e6590546e3d87d1cb9c606b609f28f5779b83ac762c2dd0c2,38080,part_0001.zip
TSP-line_noise-n900-g10000-1.sol.json,216045586ebb5583afc1b6e8252b7819480af4287000a9de5f0bb133121fcb64,38085,part_0001.zip
TSP-line_noise-n900-g10000-2.sol.json,38c76e4f2dda7881d09aabac1bed87b0f039cb4e0f6ab39214353f0150ebade3,38065,part_0001.zip
TSP-line_noise-n900-g10000-3.sol.json,dc8e63b5cca4e6fc73872309f1f356bb2ecea6506d78627f9a7be390a8f24871,38085,part_0001.zip
TSP-line_noise-n900-g10000-4.sol.json,14ec1eec615cf84e2f3ab19eb228a8732b83994ed31cd0ef70824f40b832e3e4,38064,part_0001.zip
TSP-line_noise-n900-g10000-5.sol.json,041ecb21e10041f4c4b816da2c99376270743a97ee9de5a3e541d1b1206c809e,38065,part_0001.zip
TSP-normal-n10-g1000-1.sol.json,e1be57212d3e60597a2a9709758a228abc4085970d6e2dacfb17dd0f88551cd5,937,part_0001.zip
TSP-normal-n10-g1000-2.sol.json,4d0da73239827eeddd91b0f7dc20da3ecf78bf531d5f36955bc52c35f762e8e2,937,part_0001.zip
TSP-normal-n10-g1000-3.sol.json,f7d91927fc720a89076816d54f8f96d113580ad6217ab8687396d9840ee926e8,936,part_0001.zip
TSP-normal-n10-g1000-4.sol.json,aed0fe382fb8e2ac1ac106c88cd0e9d300052ced386bfb361c3586b1ce445d9c,935,part_0001.zip
TSP-normal-n10-g1000-5.sol.json,bcc17acbc095e165f627801eb3e0eb13f5dd9d870fa0ed8fc9adf8519226e4c9,936,part_0001.zip
TSP-normal-n10-g10000-1.sol.json,6544bdec3572090a6160050bb3e125276a304bbf91cac25bf38f34a78013ccc9,943,part_0001.zip
TSP-normal-n10-g10000-2.sol.json,9d548af9df4bf2d7161be026b2c6e5833534894b6c51ecb821daf23c2c96591b,943,part_0001.zip
TSP-normal-n10-g10000-3.sol.json,74a09e6dd1535581cb31bdc64782e0dacf94751855bec22f245b2832f4ebf5d6,944,part_0001.zip
TSP-normal-n10-g10000-4.sol.json,4a81f2694a3f75b15020cba50b3530bb54f1c539329bba05aa7c3176c35a7185,942,part_0001.zip
TSP-normal-n10-g10000-5.sol.json,7cc4b4d8aeedf0c4be24107baabb0bf5feb5c67c5163424965969aac504b58e0,944,part_0001.zip
TSP-normal-n100-g1000-1.sol.json,9f552735098f3bc4789fce84995cb010e7d0d1d8697cefe52d145a0983cd2a71,4451,part_0001.zip
TSP-normal-n100-g1000-2.sol.json,eed6f20e3dcdc123c4356cebf8c9b47c54857b81725e183ff4de0432609cbaa6,4451,part_0001.zip
TSP-normal-n100-g1000-3.sol.json,96dbdab0fc0f1bbf31de80d5d766a76e44a4f251253b4a821c9d5cfc2f383d08,4452,part_0001.zip
TSP-normal-n100-g1000-4.sol.json,0e986c36283ad4d1b0f08a42e95e13f4706c3c9d02d9bad23521af83d5af190f,4452,part_0001.zip
TSP-normal-n100-g1000-5.sol.json,8d96c9c071e4600a22c18bd5a80fcc92951ed8a7b97fc01e7f8ffef33b52a855,4453,part_0001.zip
TSP-normal-n100-g10000-1.sol.json,931da60c4423d3bdf7c4e51aff187d9ef829daa3e73999994c475e98c7007ed3,4458,part_0001.zip
TSP-normal-n100-g10000-2.sol.json,41128d722c3aee743493a5e52c1731f806163a620008298bd34b44d2c20954bc,4458,part_0001.zip
TSP-normal-n100-g10000-3.sol.json,3ba3e38a582845ea03f483213b4813e459232e3c2ad4c845a5c7acd04804ba13,4457,part_0001.zip
TSP-normal-n100-g10000-4.sol.json,2181f40b21b0044c80ced24893aba78196ce8e8bf10ce3a909e984faabb5afbc,4458,part_0001.zip
TSP-normal-n100-g10000-5.sol.json,577c76a097d8af0e38e4bf3d6cd13a764e23bb28cb80cbf90ceaaf3ae489dd02,4457,part_0001.zip
TSP-normal-n1000-g1000-1.sol.json,b922e52a9805e09947eff3ffd5bb0934b169906a5c7e70a672690b423a697d8e,42260,part_0001.zip
TSP-normal-n1000-g1000-2.sol.json,8b309fc4ee8f12c02fdacdea2d1ac6e9d82cc561ec7035900269dc55d925a003,42283,part_0001.zip
TSP-normal-n1000-g1000-3.sol.json,44a62833eb2c59e626820c646507224f8d7f6c5ebcb208c92d584e7366450583,42261,part_0001.zip
TSP-normal-n1000-g1000-4.sol.json,65b2cb3444f886cfbb4f2f354a52fd31cbc43eb76ffa8781b4a6619484271130,42260,part_0001.zip
TSP-normal-n1000-g1000-5.sol.json,a3d7108fd5616ab80e0ef80efb753232c424f8257fae0972d7b9b8795096c8bb,42258,part_0001.zip
TSP-normal-n1000-g10000-1.sol.json,86c485503183badd3e1aacae53b456b3b7761ba5bc11ad7ae4e080a51657b238,42267,part_0001.zip
TSP-normal-n1000-g10000-2.sol.json,459eba5680a05bd47d854633b8c9a4da229e73cfa9ac6d6d685c807248035402,42290,part_0001.zip
TSP-normal-n1000-g10000-3.sol.json,0c4b875667912aa3feeb5fe2cfbd58af3de50394fe0e9f07c312324250f70260,42264,part_0001.zip
TSP-normal-n1000-g10000-4.sol.json,f68b2778a975c680655abcf0bc6d97d9931eaf068c0e2227f871bb71f1dbda56,42288,part_0001.zip
TSP-normal-n1000-g10000-5.sol.json,1aaf5b04e6be6645eb810ef85a01a99327e21f2594d92b62202814611856cfe3,42267,part_0001.zip
TSP-normal-n20-g1000-1.sol.json,77c11ccb33ba0e8b53775b139b340c5fa57840f54f783046cf5359546fee0c9b,1325,part_0001.zip
TSP-normal-n20-g1000-2.sol.json,efb59564284a37d5fcca960a90fc4063496f7447d88bc556d4744d04e8d5bf28,1327,part_0001.zip
TSP-normal-n20-g1000-3.sol.json,34f399a9c4785a333ea05ad86cba55fe1ad69595954ef0b645660ec3a928bd3a,1327,part_0001.zip
TSP-normal-n20-g1000-4.sol.json,0d2919bff4e5d25e07b1efe8aa7766d46cbdd7d416f9cdd5a50a4d02ac6f9769,1328,part_0001.zip
TSP-normal-n20-g1000-5.sol.json,23e2821ede8879fda7120bf354b00f45ed464d645c56a8bdf060da6dbb3cb5ed,1325,part_0001.zip
TSP-normal-n20-g10000-1.sol.json,dfc00b2e4bc425b0707fa2604e0ba58b1c3f4f24aa0cac8912a2acca3e800f71,1332,part_0001.zip
TSP-normal-n20-g10000-2.sol.json,51e353e5db739261afa177b40cec6d07316d8467dd7f4e59a2ba67b8fff8603d,1333,part_0001.zip
TSP-normal-n20-g10000-3.sol.json,07a575fa5db6fb8c2e341b047d1ff10657306e7a78daa5a49ecc14cdf6551cfa,1332,part_0001.zip
TSP-normal-n20-g10000-4.sol.json,52525480f649a8661480712b3f8c37a0bf142318c5252d24853adddc7e1671b3,1333,part_0001.zip
TSP-normal-n20-g10000-5.sol.json,f66383f46ce6dd506dd219105d87de0b36e3f014fffb6b7f829c941e3177a163,1332,part_0001.zip
TSP-normal-n200-g1000-1.sol.json,2c4d55b81e59b094f72cdf43f7090281d88ff402dd492951666d5fb8bb645f0b,8651,part_0001.zip
TSP-normal-n200-g1000-2.sol.json,53ec4e628ab564933319e365a897e2e4fcf5a12f92f7f194af72a48dac34e6ff,8651,part_0001.zip
TSP-normal-n200-g1000-3.sol.json,eb210e03bc8dc8408c6bcc1fb4d6309c469ff596352a1844faa99940484506dd,8651,part_0001.zip
TSP-normal-n200-g1000-4.sol.json,1eab3176960af7953fdce84be943b91032528c990e920ed648bc5f20866cc94e,8649,part_0001.zip
TSP-normal-n200-g1000-5.sol.json,bb2e97b8a16341f18e9680eb7b3291cddfc76a18b7c12642988d158a6b9d6f56,8652,part_0001.zip
TSP-normal-n200-g10000-1.sol.json,795ee16bb11ef90734b55ca9e5c80b6f8eb6a0fff9f2986ffd289c11dd9d5b65,8657,part_0001.zip
TSP-normal-n200-g10000-2.sol.json,2c8af0e8816e22f4e38c97831e4969a4ca961e028aa78975a6e07a8961733173,8657,part_0001.zip
TSP-normal-n200-g10000-3.sol.json,e9c53739bdd73a5ed2bd0b796c1d21258f3df58952643050a4bf811137ea883e,8658,part_0001.zip
TSP-normal-n200-g10000-4.sol.json,40a4aac18da75304ea87c1736b9c712b769190d139265b31882f0b8f26bbcc93,8655,part_0001.zip
TSP-normal-n200-g10000-5.sol.json,230c1a79e34bef48771bdcb7181007f639d24678171b9111c66ce53a18478465,8657,part_0001.zip
TSP-normal-n30-g1000-1.sol.json,83cd57b0ea26aece437a2ee09bae72d36bd04fcbe3f5478b9d0122adbe2ba184,1717,part_0001.zip
TSP-normal-n30-g1000-2.sol.json,2284adf73470811b677a61f1eb2350bfc12c823ac4648f46f9aee721551cf89b,1716,part_0001.zip
TSP-normal-n30-g1000-3.sol.json,d86ac3b0071b1f9834675bc47f4b0bc05a3b291ca8623d5482e43ba2e7da3e33,1717,part_0001.zip
TSP-normal-n30-g1000-4.sol.json,f3168edc56c85691fd70801e94abc9fb659e2dc8b99627502c13d201ae7e677b,1717,part_0001.zip
TSP-normal-n30-g1000-5.sol.json,b5c537d84f75bb6f5d35a9db4a9abeb09c8f873e51e3b1fdfb10f5e8785ffcc7,1717,part_0001.zip
TSP-normal-n30-g10000-1.sol.json,53702fa03c7b2f04bf6c44aab0261234feca7a757013fb3992cf8690a83f6d7c,1722,part_0001.zip
TSP-normal-n30-g10000-2.sol.json,26cbfbb3e1edc7820146a321a2d9ada55befb634fd8bfbde8cebf1bb92d2a336,1723,part_0001.zip
TSP-normal-n30-g10000-3.sol.json,8a0cac6fefbc4d1963285df8a1e7162a7b32464c6db5b16683b60980ad48f365,1723,part_0001.zip
TSP-normal-n30-g10000-4.sol.json,dc5462cceeba0f62f383d7cef6377f8e32dc2f2d8439fe5f165b4215f7341eac,1723,part_0001.zip
TSP-normal-n30-g10000-5.sol.json,934966a9f81d360e48d043cfa2721a0820ea87188bad110e891a310c61f6a33d,1723,part_0001.zip
TSP-normal-n300-g1000-1.sol.json,fbbb06259310b3be2136b0a5abba5d83682971751a06323549b9d410c98e0972,12851,part_0001.zip
TSP-normal-n300-g1000-2.sol.json,66093daccb1835af209bfa143122e66d149863bf47e826ffda825ffe2b71a34d,12851,part_0001.zip
TSP-normal-n300-g1000-3.sol.json,f974b282c4861e757c38a4a2143c500c0f2978f21d12f8fbd57a2eaf7680d2bd,12851,part_0001.zip
TSP-normal-n300-g1000-4.sol.json,cc97995edd933f608f84c558521f236f610b8575e92bdd0bec9c5faba766a1cd,12855,part_0001.zip
TSP-normal-n300-g1000-5.sol.json,59a4ebcdfb0ce301d216bb229666c46c1aa95986b0c83415e23dab9f61c5d710,12853,part_0001.zip
TSP-normal-n300-g10000-1.sol.json,bd61e778b7af7e01dcad8029dae5dc113cb5f0c28783c585c6ec2f49bb557efd,12857,part_0001.zip
TSP-normal-n300-g10000-2.sol.json,78c06e23a074deb0a6b199fc3281b498ca7e94e409f644461a2cea888e191a5d,12859,part_0001.zip
TSP-normal-n300-g10000-3.sol.json,b7f7b29c18ec7b16a15525773af3cbd0a73df434fa542c61a07a22dcb29569d4,12860,part_0001.zip
TSP-normal-n300-g10000-4.sol.json,c896d218a5c562c4b7dab7214cc0714c0c3102e04572e02a4909ff2e0320d818,12857,part_0001.zip
TSP-normal-n300-g10000-5.sol.json,88728b2c937462cfdfcc20a489ab37bc15a24650f32162b33dd8ac8c488a8812,12860,part_0001.zip
TSP-normal-n40-g1000-1.sol.json,fab81d19af33eff9771bb809bce03eff83584fe8e07ce8c7827ce2bb73e23753,2107,part_0001.zip
TSP-normal-n40-g1000-2.sol.json,aac3a9c8c29e706730b5b7a67ff979b3e575276e47b52195287a382e6aef4a54,2107,part_0001.zip
TSP-normal-n40-g1000-3.sol.json,e427b0d91b9d556f49b3b1359247d5fdaaec4f80471380ad3c42824e8a96352c,2106,part_0001.zip
TSP-normal-n40-g1000-4.sol.json,87137eca431a4619abd52b37d357658d363e1289a73f68595fcdeda14813c28a,2106,part_0001.zip
TSP-normal-n40-g1000-5.sol.json,2a9bba37cc743c2a26695a19947953ddb4c55eb838d0e8960fdf48a0bce5cf02,2107,part_0001.zip
TSP-normal-n40-g10000-1.sol.json,05f2cfd81da0556ed5de23d570d885b80016b5d683b617bacd2653b3609d1b62,2113,part_0001.zip
TSP-normal-n40-g10000-2.sol.json,074ec2179fd521c1243113602b6f454d160b1c22c344cb5134f8334d851048d8,2111,part_0001.zip
TSP-normal-n40-g10000-3.sol.json,e02e44969d0309a0283eea6a64af36b0bcc0267354a537933c35fc99f3ceaf82,2113,part_0001.zip
TSP-normal-n40-g10000-4.sol.json,5200f9569627dade34a0db669964d1b56b9b594a1ee16882e8ff1a66a1b3a1cb,2113,part_0001.zip
TSP-normal-n40-g10000-5.sol.json,92dd884d1fb6947b2a082f81463e9bb7f534668a9dd19259c0bca0f48cfbea1b,2113,part_0001.zip
TSP-normal-n400-g1000-1.sol.json,39714bac8936d35cd5a57f9fdd69912ee498abda344e29a3f55de961873328d6,17054,part_0001.zip
TSP-normal-n400-g1000-2.sol.json,e026fc3f85f2e8f6316d3810c139a6ede447b4fcb704bf276fb816fc57b93163,17053,part_0001.zip
TSP-normal-n400-g1000-3.sol.json,7372bb0c12ac890a7dc44af8046c36cda10cb22c1e121c24c517474a3433018b,17053,part_0001.zip
TSP-normal-n400-g1000-4.sol.json,c1f984ea6e53a00e6347d3dbf883fcede5ec6bb27967f0905ce59652d5089ebf,17052,part_0001.zip
TSP-normal-n400-g1000-5.sol.json,415a7f7170aa3f8cddfc7c3c00c55e5d50e00a0b0c1db8f0ab2f65beb5eccf0f,17054,part_0001.zip
TSP-normal-n400-g10000-1.sol.json,924807739598c79d29ceea99dc41184411b4bb781296d2b9eda5fae4e1b378b5,17059,part_0001.zip
TSP-normal-n400-g10000-2.sol.json,6dbd761fdb0122ce292304610237437e93d3c64ffadd71cfcde562319715f069,17059,part_0001.zip
TSP-normal-n400-g10000-3.sol.json,bc4b1eaf3bf75948d6ef084dd51a7cc641fd6f62a0c36584423355c0d0c10963,17060,part_0001.zip
TSP-normal-n400-g10000-4.sol.json,31a41923f0566163258d7c31a637c56587652fc6e6c929db0e2f245396fe6de0,17059,part_0001.zip
TSP-normal-n400-g10000-5.sol.json,a8716e2d6d5b8e91eb51d854251a61ef77cbfc46e6e0e6141a4698d2fe68d989,17060,part_0001.zip
TSP-normal-n5-g1000-1.sol.json,f958280f112a95465c6b650b3e8b9b1eb281ad1ee7de23e9a071fe81ec490609,752,part_0001.zip
TSP-normal-n5-g1000-2.sol.json,28d3e2bf1cac8d90d004d4be608ff210c8c6e1a1c2328e0fdcb18a4fec683d6e,751,part_0001.zip
TSP-normal-n5-g1000-3.sol.json,3ca6950bf7e997ab824b206196477be27c016423ee353a03fe464227af06fa26,750,part_0001.zip
TSP-normal-n5-g1000-4.sol.json,8091f95fd1e774b03aaced5f3b0245492fb6b9e69abc2deea3597b99ea05e417,751,part_0001.zip
TSP-normal-n5-g1000-5.sol.json,c17f028d180a6d40140574c549a1e14d08dc622ae6051aaa04f7dd3b23144865,749,part_0001.zip
TSP-normal-n5-g10000-1.sol.json,cc0707d82377d208a5fa8c6ca138d295f0fc36c2973ebe843df7b8e573a5d50c,754,part_0001.zip
TSP-normal-n5-g10000-2.sol.json,2b64c7b5971cec2748600ca2e154cba5e432e6da9fc430cd140bfde9ae5aac34,756,part_0001.zip
TSP-normal-n5-g10000-3.sol.json,7bee162876df682c6686ed44afc0302cdb803efaefd3ada12db0accdb35cab6a,754,part_0001.zip
TSP-normal-n5-g10000-4.sol.json,bd6be837544700b84254b6ec9776659f214cb93fa6c9d61901cecece46fa7cdd,755,part_0001.zip
TSP-normal-n5-g10000-5.sol.json,81cd64eee79a0d9709f4ac457f5a01f2871d36f5a368f9d5635b02b38dc88c00,757,part_0001.zip
TSP-normal-n50-g1000-1.sol.json,270c83cc27972c65c168e57987ec7cb193153663e6635602732ef9775f36daa2,2497,part_0001.zip
TSP-normal-n50-g1000-2.sol.json,63e9fe82ff21d2494571e810b8b642bf76f30391fa54793dcae8741c87cbe065,2497,part_0001.zip
TSP-normal-n50-g1000-3.sol.json,49409ecc555d55ec8322256b082f4c1476ec8f8487737744979581e4afd82ee7,2492,part_0001.zip
TSP-normal-n50-g1000-4.sol.json,0743f0d455dd23fb450862e1865e0340adb5700cf1af91b2f79cb933708479fb,2497,part_0001.zip
TSP-normal-n50-g1000-5.sol.json,f03ae3a4895bc50a7fb09dd49621a9f601d36f593f7ba1c4ec54fa6a19b33acc,2497,part_0001.zip
TSP-normal-n50-g10000-1.sol.json,153bc373b0ff76515713490bb152c37fa947ad71bf78eeb7d6deaaca0de2f097,2502,part_0001.zip
TSP-normal-n50-g10000-2.sol.json,ba3471324ab4614653e9a2b773af5c6d3ab5a3f479ce041ca032ce12428d3293,2503,part_0001.zip
TSP-normal-n50-g10000-3.sol.json,59e8b4e1ebf35d95d76a46417ae1a17cb455c03ed6a057c9c04d66066d723f20,2502,part_0001.zip
TSP-normal-n50-g10000-4.sol.json,8ae5b68bea963ede8a2c4ec4d3d986fb3b122b6c0c23ba706eb3ef340df895f0,2502,part_0001.zip
TSP-normal-n50-g10000-5.sol.json,3c1ecc66d4b9cf1d8c490e04d7cc6d680035ab284fd8601b9ebf6ba3235e7a49,2502,part_0001.zip
TSP-normal-n500-g1000-1.sol.json,fcd2842186e4e0e26db1fa6574cfd21a493fd58c504f7e8abeafdd4184fa6587,21274,part_0001.zip
TSP-normal-n500-g1000-2.sol.json,833e80f962dd17e0517f0b4723180110c9e2b76408d4faa786c4f36cee1ff845,21255,part_0001.zip
TSP-normal-n500-g1000-3.sol.json,46b2e4aaef93c02c8e7e80d5dd09ecc0cff750dae1d6ce1d50164b882a0ce3d4,21254,part_0001.zip
TSP-normal-n500-g1000-4.sol.json,ba4c9adf8242ceca2dc3cbf92edf3c0780ff445f8ea0c11648378cc4e48c5eb2,21254,part_0001.zip
TSP-normal-n500-g1000-5.sol.json,64a72da2e18b12af16ab1d7100ea7ec971db846f3f77dd2029ee8b002009891f,21255,part_0001.zip
TSP-normal-n500-g10000-1.sol.json,2fc0f5e4feb73c8f4d4a42494d136e11d430f5abd2060742136c164603b8c3d3,21259,part_0001.zip
TSP-normal-n500-g10000-2.sol.json,4d08fc2c21378bd8bd967fc9777c9e81c5d324640eb78af2fe1a6ef7fce75daf,21259,part_0001.zip
TSP-normal-n500-g10000-3.sol.json,158a32e6e7e01ab3381ebe660c99b39a7b6534ce9c08796d8415a71c916106c9,21260,part_0001.zip
TSP-normal-n500-g10000-4.sol.json,19f81427abfcd3db29b329b39c512585dee954dbda40672c416966b0f84a4d2d,21259,part_0001.zip
TSP-normal-n500-g10000-5.sol.json,ebd88ce0ca207dd9ca0a53da6d5cca7912b00920c8e8ebf572149b521251d1f7,21259,part_0001.zip
TSP-normal-n60-g1000-1.sol.json,2621ccfe3d854590274a675d45d560a98d1939b96d1627748c0984fc2641ca98,2887,part_0001.zip
TSP-normal-n60-g1000-2.sol.json,9b7bc148c9d7cd0ea4a1a1abdbdd1c532d64ae3e4b4f46a0569ea5df3f95ce58,2887,part_0001.zip
TSP-normal-n60-g1000-3.sol.json,e01c1358328e9d79b5b97ec9a2a550ad986531161822c03040b44120599de82c,2886,part_0001.zip
TSP-normal-n60-g1000-4.sol.json,44049b67d62e19a6990ace4b0bbf71a614ef42d81247d56febbd6793e6101f07,2886,part_0001.zip
TSP-normal-n60-g1000-5.sol.json,16682f0cd9ae9488677c05f099d0fb27ad9b894a309bcac5f9ed21bc7dbf40a9,2886,part_0001.zip
TSP-normal-n60-g10000-1.sol.json,ed5b897651006436ffc25efa1ea84b08d1c472e16db4515ff87541ad1fba57ba,2892,part_0001.zip
TSP-normal-n60-g10000-2.sol.json,e9d84b4c5da65cbc5405faf71dd07ae13e90d1feedcdd3a918042279a148a53c,2892,part_0001.zip
TSP-normal-n60-g10000-3.sol.json,49bc149972d78e4449d516d2225823b7451aa9761c8b7c6cc89f4731ed3e943f,2891,part_0001.zip
TSP-normal-n60-g10000-4.sol.json,5b35b3c7b8fc906bed9e55cbb62272ab402c9d7cb0446abc497b29acc003011e,2892,part_0001.zip
TSP-normal-n60-g10000-5.sol.json,09f2fb95fcec9a134381f33bb01d7314681ae78fab716028f394d719dd2c67e2,2892,part_0001.zip
TSP-normal-n600-g1000-1.sol.json,6baba03134dceed74caf17aa7c3bfac5d5aece931adb2bd9a267633a67e00e33,25454,part_0001.zip
TSP-normal-n600-g1000-2.sol.json,06b65beb186ef598ccbbff615a20a4ee93acc23528d6e7e0707ceb1225c227e3,25454,part_0001.zip
TSP-normal-n600-g1000-3.sol.json,67b77811515a21de50a008530e04f3d3b0f6cfa18bdbc850bcb2ddf44ed0ee86,25453,part_0001.zip
TSP-normal-n600-g1000-4.sol.json,db4421dedb848f4d5d5b71761b861f7d04bdcd81f4b6580f388fdcf471be12b2,25455,part_0001.zip
TSP-normal-n600-g1000-5.sol.json,8641ce21123550af92d5a03eb2b92e56da0bde9f1a93d28ca0b5472b66f98825,25453,part_0001.zip
TSP-normal-n600-g10000-1.sol.json,b86e50ce0418ff14d5c452aba221e59ace72ffa08dd17383e81d29630fda9beb,25460,part_0001.zip
TSP-normal-n600-g10000-2.sol.json,917ab6d7875c9fde8a03dcd3380e934614f103c46d9531499882952859f2fa88,25460,part_0001.zip
TSP-normal-n600-g10000-3.sol.json,f7be476eb7e2d9c97ca2f8c917adbf27d5a787fa1018a4fdd5bcaba3f3ed9c22,25457,part_0001.zip
TSP-normal-n600-g10000-4.sol.json,026e80081744dfa49414e5b99ed9b5392bf6b7d63ea8f020547d4dcc3bb2d219,25460,part_0001.zip
TSP-normal-n600-g10000-5.sol.json,622564bdd828125765897664eeb523ec72f333ece3d5cf5ce7429700557080b7,25482,part_0001.zip
TSP-normal-n70-g1000-1.sol.json,c158d39c1c3afbd4c9820de091498b84556d303acb2786736408a77dffe14fff,3277,part_0001.zip
TSP-normal-n70-g1000-2.sol.json,10197b2b95d65459959c38addaaf818f9ed6b2be9ab71bced29ff12e6c0eb849,3277,part_0001.zip
TSP-normal-n70-g1000-3.sol.json,9ad77ca0fa04a58bd000c096d8bcaca4984f759ace6843ac994d7786db16dc93,3277,part_0001.zip
TSP-normal-n70-g1000-4.sol.json,f74d213b75495506df54cc2344ed933a3a265a904f84b7a99a5b7d18c621e360,3276,part_0001.zip
TSP-normal-n70-g1000-5.sol.json,43b7a33ba7dd0a3618f19f80a26b5bbaecd39a661bcaee8b05659e474a71520b,3277,part_0001.zip
TSP-normal-n70-g10000-1.sol.json,75d8559de9c402c29c88f99d0e8b8758583801cc348ffe1b943919164c607f87,3282,part_0001.zip
TSP-normal-n70-g10000-2.sol.json,993b6740edb2a5f75f3e37ba75c10993df815a54da5aa43beff00e387c34b5b4,3282,part_0001.zip
TSP-normal-n70-g10000-3.sol.json,297fc966a55790610daafd30536138e300b6173c2d3c0abc363248acdfcd45c7,3282,part_0001.zip
TSP-normal-n70-g10000-4.sol.json,44a5cc580f7485b2ec2bc9f63109faff3f80490c847411025e840ad3840fbf27,3282,part_0001.zip
TSP-normal-n70-g10000-5.sol.json,51400154e6df02a964501380c910cae8ee234f9fac9c53d474d97b27c36bc0dd,3282,part_0001.zip
TSP-normal-n700-g1000-1.sol.json,6b43b102ed183e334336804cc4175969cb9fdff9bb8b4ac6ef25ada155baa9b2,29654,part_0001.zip
TSP-normal-n700-g1000-2.sol.json,2b7caf60275c380cd93b00570a9028f760a9f0a3a03a63d4b92151d02b81c152,29653,part_0001.zip
TSP-normal-n700-g1000-3.sol.json,72c8e685751f8443e4d66822a4315a08c5162575fd2e4cee1a51dc90c63429bc,29654,part_0001.zip
TSP-normal-n700-g1000-4.sol.json,39bf94504f98ce0d539c6427afd1877103299a022094347527ebfb93f189c34d,29650,part_0001.zip
TSP-normal-n700-g1000-5.sol.json,77d9fc0d3fa2915a89507ec714e0128b137ffa4d1e7ba2bb2ebcabedca04a153,29653,part_0001.zip
TSP-normal-n700-g10000-1.sol.json,f672c2174a96fd4f82656b59056730cb5d933da1db0321b5dcddd86d4863e85d,29660,part_0001.zip
TSP-normal-n700-g10000-2.sol.json,56aecc2f427a8b75cfe0d21c350c709a12a9e3dc589dd25af5cd61a0b9f99c97,29659,part_0001.zip
TSP-normal-n700-g10000-3.sol.json,a0db524da4e3951ab382d53d0637f0a39cd4ae47a29fe6d99e78f44009f6847a,29660,part_0001.zip
TSP-normal-n700-g10000-4.sol.json,782296b97ff7faa2a50747ee96f2a0de86dd522dc09fe0cf1ba1e2f4ffbc37b2,29682,part_0001.zip
TSP-normal-n700-g10000-5.sol.json,54f92879b6f3b0ccfd9a28256a5bd1124909bb4af895291298383c08da354b33,29661,part_0001.zip
TSP-normal-n8-g1000-1.sol.json,b9350cd863c291fee8108663cb3975026f7cb0417cf792dee1f26232db7e43c2,860,part_0001.zip
TSP-normal-n8-g1000-2.sol.json,e318d3330ede519bba9d9d7b4a32832216eb361e027c95621a09c95706a96ae9,860,part_0001.zip
TSP-normal-n8-g1000-3.sol.json,0ac0bf179415b04accad654c8eb3952883a4d557d1f928c5b46291890a21950d,861,part_0001.zip
TSP-normal-n8-g1000-4.sol.json,083789fb5955b6a881e2ce5914a0c1be0cdd888190ea553efd745d72f0d2fcac,859,part_0001.zip
TSP-normal-n8-g1000-5.sol.json,dda27ce252da29ab941fc70a4f402c42c5e7ee83de0d9a5d79b2bf7ee4c14b80,860,part_0001.zip
TSP-normal-n8-g10000-1.sol.json,36defb01d467420ec14190b3744f98c0391687a09c9df7c3c6057d99ced0bf85,860,part_0001.zip
TSP-normal-n8-g10000-2.sol.json,a3ae5e6da9618e215d8461b37a231ac4c8a6d5cf6917f695d9c85d88bafd6ebd,866,part_0001.zip
TSP-normal-n8-g10000-3.sol.json,e52b3bb4c38950831bb4da12030a30a4d002fc22f00992ab3c02bf571fcb16cb,865,part_0001.zip
TSP-normal-n8-g10000-4.sol.json,14fd45d8cb5d9a436ee623327ea1469f61f0eefc048da1fc9e083e03914a2810,866,part_0001.zip
TSP-normal-n8-g10000-5.sol.json,f4f495b180d8728bf66ad23c2f8076e1f50d4dce1c82997df47d553081799652,865,part_0001.zip
TSP-normal-n80-g1000-1.sol.json,f3d37c8de74fee918305ea9a93b1f84c208589efe4d3c639b8954e0d3fc1364a,3666,part_0001.zip
TSP-normal-n80-g1000-2.sol.json,0c3cea26213a075ccc8c4ddf90700e8abc64a7f990f562ea1bd0c0323ea99aa0,3667,part_0001.zip
TSP-normal-n80-g1000-3.sol.json,33630e30852a78473951963607bbc8445553a23eec4c9370e22afe84a5a6caa4,3665,part_0001.zip
TSP-normal-n80-g1000-4.sol.json,91ae2a27d4458181baec76909c21b1ee6046aef85ca697711b149ae4735f4eb8,3667,part_0001.zip
TSP-normal-n80-g1000-5.sol.json,84bdff8a9b76c5ae014be1e5f224b0dd61288fdbb02dd0adbc6fd7431c068ceb,3666,part_0001.zip
TSP-normal-n80-g10000-1.sol.json,8116e7a5e16db6c675d0d9d2c0b8ea039faecbd6dcaaf081ba193581f2efcad2,3672,part_0001.zip
TSP-normal-n80-g10000-2.sol.json,bc6c4686f337a9edd3038eac079e86b91fa922c629ec02765d27d7767ad8bb91,3671,part_0001.zip
TSP-normal-n80-g10000-3.sol.json,0512c5948bb0abafdc8208e91502fa23a555b8a94444842ba0e1ad173d19c88d,3672,part_0001.zip
TSP-normal-n80-g10000-4.sol.json,a20a9165d6a152ca5fcd8f13c4803d8f0fb5ab9b350d5b228141e60ade4645ad,3673,part_0001.zip
TSP-normal-n80-g10000-5.sol.json,fdac9cd552118b7bc9963a68853993079f92c45703d410eeec2d22b4f8b25337,3672,part_0001.zip
TSP-normal-n800-g1000-1.sol.json,9f05e7cb3e2a613b31d0f15535b5566290c1a409057b59f54058a693743d12cf,33852,part_0001.zip
TSP-normal-n800-g1000-2.sol.json,47dcab71dda911dcf84f044acdb1c087ff8069b6b7641ec9c1037905d0b81f37,33854,part_0001.zip
TSP-normal-n800-g1000-3.sol.json,fb955671231388fab9d942c143053e19f67763738de6574a8c252d9c6d11982f,33853,part_0001.zip
TSP-normal-n800-g1000-4.sol.json,aea94de175a5236141c5970f299247aee1927bd4d9ad9705a3686036e2430d36,33853,part_0001.zip
TSP-normal-n800-g1000-5.sol.json,6e7d18e932c8e3ee840434b3f7320286d022ef5cd4a161c561c7741cf3e3b6f1,33854,part_0001.zip
TSP-normal-n800-g10000-1.sol.json,5244d6d3f0f4f513600116b4ecc1f8387f0f139f5ddb34dceaf9577938865112,33860,part_0001.zip
TSP-normal-n800-g10000-2.sol.json,d8eaa48f70caac80a2077e6c45039ae4caf4c522f0166286410aff726ec30357,33879,part_0001.zip
TSP-normal-n800-g10000-3.sol.json,b4519c9744cda5c47841695fa0f2661a112982f74cb598d47ff282ebbc3bebbb,33880,part_0001.zip
TSP-normal-n800-g10000-4.sol.json,9587c4ff1193548637a6494e4db8d3e9e555431410a61a0835a2c6f7a96b1be1,33860,part_0001.zip
TSP-normal-n800-g10000-5.sol.json,d328cb3398019fca3dae19cc91a81e88613c9838cf83fbd823c46450330da1d8,33860,part_0001.zip
TSP-normal-n90-g1000-1.sol.json,1dfa2b5485cd6f3c77236f583a4426b8c133a0ccfa2b9b718f2e28395c6d3080,4057,part_0001.zip
TSP-normal-n90-g1000-2.sol.json,913a0c5d8e89a0ab22e0525934d504e180c8961648dd4aecbcf6d9b04efcd06d,4056,part_0001.zip
TSP-normal-n90-g1000-3.sol.json,9f2480ab92b61bb4bbddfdd3d47d1846b6b573267603f6eac67045b63eedd05b,4057,part_0001.zip
TSP-normal-n90-g1000-4.sol.json,c148e84cd27c33d234a43c6e9bc118b894bf2722c54940d24bba33ba55b4cb3a,4056,part_0001.zip
TSP-normal-n90-g1000-5.sol.json,fe4e55c6643cc0ad4b494aec9476a2cd05d8285df383934dfedd0dda821bb17b,4057,part_0001.zip
TSP-normal-n90-g10000-1.sol.json,33cd8bc59e2c9b3700c5fedb24fca8d8388b5e503e7c3690fe564d0395398ac0,4060,part_0001.zip
TSP-normal-n90-g10000-2.sol.json,61ee3471ee120c1ded4f1630e7636159c54d6aeecc8a061fe3bb5331f92afc91,4063,part_0001.zip
TSP-normal-n90-g10000-3.sol.json,b79b92836cd270673a32c94ee6078f96b986097fd628eaa64ca6d8f3f9192f1f,4061,part_0001.zip
TSP-normal-n90-g10000-4.sol.json,ea79d19e95c8f2343cbc9c034f0b1ce7728d30728f3648847ac7ddcc475a97f1,4061,part_0001.zip
TSP-normal-n90-g10000-5.sol.json,401817ff9e22233231291ae55ccb76705e0bc3fa3f8e8f1ae16fdd90a5ebf392,4061,part_0001.zip
TSP-normal-n900-g1000-1.sol.json,c8d87b795ef7096ccb61226789b2435d4d7d2834cdb007cc710e95712fa7136e,38053,part_0001.zip
TSP-normal-n900-g1000-2.sol.json,f67ae1f0bea8cbd91181541bfc0a42090ee70a71decd1594a50c2632ad153fc4,38054,part_0001.zip
TSP-normal-n900-g1000-3.sol.json,c7b43553f3636c9be72f4487257a63bea7c1a4d0662f1ae911dc50e74def1c61,38054,part_0001.zip
TSP-normal-n900-g1000-4.sol.json,9cdb3297c3232606253ddce22f0b02fe2462ecba4f07f9f4026014666401056e,38054,part_0001.zip
TSP-normal-n900-g1000-5.sol.json,963c31636788ef890ac332151212b530ae59a29544195aaa24994293a4fd96e3,38053,part_0001.zip
TSP-normal-n900-g10000-1.sol.json,cc434a68639ad76437c2a923aef28907f78aa87001667cf586800c8bc0414f8f,38061,part_0001.zip
TSP-normal-n900-g10000-2.sol.json,5f6dfe5d976044a6f9826709debf2c30191719b9dd542a085150c6092da18795,38061,part_0001.zip
TSP-normal-n900-g10000-3.sol.json,5e7a08cf1414d9e2f99c7ea5fbd353d043ceeea3f69ed8d0558dc40ae3970b03,38059,part_0001.zip
TSP-normal-n900-g10000-4.sol.json,870b6300f32282060befea368b96b8e4f76c7abf99540451d023b3cc2809028b,38082,part_0001.zip
TSP-normal-n900-g10000-5.sol.json,2a6cd4aa77c585b65d2b51943d6812445927b97a39675d400429ae77519b37a5,38061,part_0001.zip
TSP-random-n10-g1000-1.sol.json,aad62bd0ab39a2ae67f3a566cbb50a45db028de33e1d4d50f6ab6aa77ea7e036,937,part_0001.zip
TSP-random-n10-g1000-2.sol.json,58a158acce2618fd288397e14891b4a86906d2a9df3c23ba6eb37fec0e97296b,937,part_0001.zip
TSP-random-n10-g1000-3.sol.json,52ccd220d375e15f9badc4bbfbc51aeb92e94182193e107a7c77131f322738b1,936,part_0001.zip
TSP-random-n10-g1000-4.sol.json,ad410b0ef7101c0cbe2db20912a94cfc45d5e6ab7acbb17f312bab45d8af0cf2,938,part_0001.zip
TSP-random-n10-g1000-5.sol.json,feb438c9cf280c8953bd4cb3c046ccffd9de3b9e4e48d822d0ed22193714303d,938,part_0001.zip
TSP-random-n10-g10000-1.sol.json,c05c36b11b339b2d1f8d56fc35676e581a28e0b20bf1d61c8359fed8014ba7ee,943,part_0001.zip
TSP-random-n10-g10000-2.sol.json,e243967f41ff7e1d56543b6721e068bd556612590abeeae7dbd39bde1deab97a,944,part_0001.zip
TSP-random-n10-g10000-3.sol.json,c033aa7fc84496c428c615f358dc1ebf0011c2be790387b9710ced7379019fe1,944,part_0001.zip
TSP-random-n10-g10000-4.sol.json,d637b0bd09937f2658d7d4cd245378fdb6621db9cf5d79d0f5aa91f05857b146,943,part_0001.zip
TSP-random-n10-g10000-5.sol.json,52cd36fe33697c6488e53085b9fe2fec9ee31caf1e2bc270dcd95c80e9ebf2e4,943,part_0001.zip
TSP-random-n100-g1000-1.sol.json,359543fe11d1565f15d085c15f1583a8dc4029ab66c4add40aa31bb84fb66ab9,4452,part_0001.zip
TSP-random-n100-g1000-2.sol.json,78eee0e28a7a38b0a1f9373a340cb9ab376b2493f92ecd146fe6487bda0711da,4451,part_0001.zip
TSP-random-n100-g1000-3.sol.json,8178d7393a4df0420c5b1bb6d40f37c2cda1aac6b37672d437b13c752b101268,4450,part_0001.zip
TSP-random-n100-g1000-4.sol.json,fdf963e24b303311f1771123b3b9c9a9d7b50573f923da77ea8ea235f71352c8,4453,part_0001.zip
TSP-random-n100-g1000-5.sol.json,4d53ee8be4e5718bbd125d6d444ead685c64545823138db5336c0799e476b7bf,4452,part_0001.zip
TSP-random-n100-g10000-1.sol.json,4c138bba0f9d6ac2adc5b2f3dcc6ef021d6e8270d5d6b27daf303c3316fdd1f1,4458,part_0001.zip
TSP-random-n100-g10000-2.sol.json,8d7ac5463fd1f758659792f3e616c6818fc8fdc6b9ea41112d4a54db49277377,4458,part_0001.zip
TSP-random-n100-g10000-3.sol.json,5fa6b5cc37d94259f069360cb4667334700180c9b380de90adfeb4551c9adf3f,4458,part_0001.zip
TSP-random-n100-g10000-4.sol.json,b92dc186a1d10f44219211ccaaa1a181869b97e7da1c00ef49abc546266f9237,4456,part_0001.zip
TSP-random-n100-g10000-5.sol.json,f3c81938a7b2e46bb2d154232fad9de982ccee1b2826d406dfdde2728e47bf5d,4458,part_0001.zip
TSP-random-n1000-g1000-1.sol.json,d17e868d2149081bbde762d7c6d18c90e5a0da307a856f4a073a3c2560e036bc,42260,part_0001.zip
TSP-random-n1000-g1000-2.sol.json,d339d9e6546b1610cc699e41ea896bd2816516598221c4163117aab2394c19f7,42283,part_0001.zip
TSP-random-n1000-g1000-3.sol.json,d2385adc321b7c9d73c753fc199778e78c92320dbed63c0fa26b5480446ce592,42259,part_0001.zip
TSP-random-n1000-g1000-4.sol.json,e4813a439254a44d3ea9e9bf3472ab513bbb50b5f5a82b96ff3cfcd3da50e686,42260,part_0001.zip
TSP-random-n1000-g1000-5.sol.json,93f93238721188cdbcc840f23499e5786a0526ed03ffea4673193cce30508075,42260,part_0001.zip
TSP-random-n1000-g10000-1.sol.json,670a86f6142bb3b73883533534f25848d01eac0fb71b3e8e76879e243cbc4d2d,42286,part_0001.zip
TSP-random-n1000-g10000-2.sol.json,963c2ddf746be3420f10fc6677059362e01469e4b5d783d9be5eace291aacc91,42267,part_0001.zip
TSP-random-n1000-g10000-3.sol.json,f8a34ae3cbbf1e562bcf294cbdd36f0112075aaa8e559425028dda0cdf813b6e,42265,part_0001.zip
TSP-random-n1000-g10000-4.sol.json,a8f8fb1fca6acec0ab2ffb0d4cf04151fc7f5211e8dede16d58cef280bde8374,42265,part_0001.zip
TSP-random-n1000-g10000-5.sol.json,a6deba8de57369501624176d3c4d967727f6305c3d6e3c8940928eb0269c6454,42266,part_0001.zip
TSP-random-n20-g1000-1.sol.json,93f9bf49996d819b42971f24bb5b4a44abeefa5576f3c652383ca416cdbaf36c,1327,part_0001.zip
TSP-random-n20-g1000-2.sol.json,0ca35c4c0946236fa15468cbdec72c1b80821923b28a10e1ffa3d8d02f92a51d,1327,part_0001.zip
TSP-random-n20-g1000-3.sol.json,56dc54bfadfc0cf6995d8266b9fee09e53ee29bb08fc0ec0d2d0624b6fbf0e86,1325,part_0001.zip
TSP-random-n20-g1000-4.sol.json,dbff77e39bfc7353bc0dc45ecaeae4e9b2db405f0e438eaf53c0ab08ac0ca623,1327,part_0001.zip
TSP-random-n20-g1000-5.sol.json,4035c875032bb2e41fd74e5abb18222f649586d51288b6a761b9be8485fc192a,1327,part_0001.zip
TSP-random-n20-g10000-1.sol.json,2392c8d6016a21b5fd1db273d213f184b322022668c3d9ac76fa5775c4dc84b8,1333,part_0001.zip
TSP-random-n20-g10000-2.sol.json,e84acd1fa258f0c00f6116c5ed11a43bf2ce8dc6c660d99fe82b737f1f01046a,1333,part_0001.zip
TSP-random-n20-g10000-3.sol.json,6b60fa26c7c9e48ee9f7790d3bac875d5886c4dc1ff57b86bb3b508844d48f4c,1333,part_0001.zip
TSP-random-n20-g10000-4.sol.json,9c275d95cbb427149395f7326988d102caf21e9f88520b62dceb8519dd64505f,1334,part_0001.zip
TSP-random-n20-g10000-5.sol.json,4b08a1fa30ab30c2b2268b0efa8f6a928e42ec596a1f423df75682909f082286,1333,part_0001.zip
TSP-random-n200-g1000-1.sol.json,8f8fb489854678469ce6053c335d3067cd3acd6d4979626af19df8519af950e4,8655,part_0001.zip
TSP-random-n200-g1000-2.sol.json,1bfe51c877d885ab71e4e4c5b8e99fc9c4c87cde9c7cf329778ad13f1e7b0eb4,8677,part_0001.zip
TSP-random-n200-g1000-3.sol.json,174eab012bac279141b354daaf3dafaca637dc49167c947e119e9d83e8d183e1,8655,part_0001.zip
TSP-random-n200-g1000-4.sol.json,31c05cb70b6eb6db035c000d8c19e171310a2c9189331e2517ed816528e38d35,8655,part_0001.zip
TSP-random-n200-g1000-5.sol.json,32f0a0164c256c94b44a8152442c69c8600fed835e7e886bf28317f7f6ba0c5f,8654,part_0001.zip
TSP-random-n200-g10000-1.sol.json,c47234f031d9d104e1cebd9d3e6c319839af1acee05f8331e8fb30dbf429b535,8659,part_0001.zip
TSP-random-n200-g10000-2.sol.json,4cc71d4501fd15e25b1a69502f18d62571ca01998de5e656b41fb6d370a02909,8659,part_0001.zip
TSP-random-n200-g10000-3.sol.json,2efe22948138326e34b0f384afe08f0681e5b9d6f7ef82d2667adc6d76cca497,8661,part_0001.zip
TSP-random-n200-g10000-4.sol.json,a70c0f70b61aa18811f28965c70a97f66f18062881d94096eb0e547244e53cdc,8681,part_0001.zip
TSP-random-n200-g10000-5.sol.json,4b8de661c8c827af8da56db525e363aa1ff02af041117de09c3780fe5b9be431,8660,part_0001.zip
TSP-random-n30-g1000-1.sol.json,cbd0069fd01931af0279a9da2504169b8051300eec66e94c185089b6fa9cd5e4,1717,part_0001.zip
TSP-random-n30-g1000-2.sol.json,abff74c4c8e0afffc97b96de5f37c69898e4c50293412642b0f25c9ba89b63b0,1717,part_0001.zip
TSP-random-n30-g1000-3.sol.json,e5e49614f2f9795759fe383d6e7cbd2823aff76f8ee22f2581187f45a2d85153,1718,part_0001.zip
TSP-random-n30-g1000-4.sol.json,769663402d78567ea6bb2f343cfe29026e4537ea49aec74e66965742cbd3c273,1716,part_0001.zip
TSP-random-n30-g1000-5.sol.json,369957f769aa676de86758c4bacc138ac4922076f2519d7295d5e71c8222bc8a,1717,part_0001.zip
TSP-random-n30-g10000-1.sol.json,241d2d35f98bf0087d7a9bdd56dffd96066b5715f0a028ada2fa884ee2ee30a9,1722,part_0001.zip
TSP-random-n30-g10000-2.sol.json,0164399c55f1d80278f501e2170768035621672f9e7fc67397dca5370da33521,1723,part_0001.zip
TSP-random-n30-g10000-3.sol.json,13661b955d32586ef78e86db6e7e606d02a4031c9a446e483e41a773db483335,1722,part_0001.zip
TSP-random-n30-g10000-4.sol.json,cfaa342512c6074b22bdc59336b1b97970562bf7ecd2e7641af97c8b4e35f86f,1723,part_0001.zip
TSP-random-n30-g10000-5.sol.json,9a278effb30098b7ec99dd4b7997d5b756b187d12f5565e47ade3c862668eaf3,1723,part_0001.zip
TSP-random-n300-g1000-1.sol.json,a81d59e191f16672beb96e7673461a7f95e90461911fbc32f73f540e3e5033c5,12855,part_0001.zip
TSP-random-n300-g1000-2.sol.json,e03b33da354d160413940e0aa6948b6a1e622b4d38f33acbba93b1363c120205,12854,part_0001.zip
TSP-random-n300-g1000-3.sol.json,e7aa9648df3535e719a680f7f4e4a1c7c61a5c70a46b0291debe5aa40c5f1d5d,12854,part_0001.zip
TSP-random-n300-g1000-4.sol.json,ad22fca54fc28341936d524a00bf76dc3e246514d65f22548d57cda4e16b6cb3,12852,part_0001.zip
TSP-random-n300-g1000-5.sol.json,f21313b79446331dfd0693a16a2819eee0fb835ec53b47b8f29fc22eaeb27132,12853,part_0001.zip
TSP-random-n300-g10000-1.sol.json,7b1e2eaedc7445ddb9025cba59ae395b615039139113ae468df49c355e331976,12860,part_0001.zip
TSP-random-n300-g10000-2.sol.json,ff35c39d789c27806e152911855ed122ccc9b9c720d340d9bbed688b9b2d015d,12860,part_0001.zip
TSP-random-n300-g10000-3.sol.json,36ff3aa211b2a689508e10e608eed216efbfa653da8e0f1a9baf14c9a91582ca,12860,part_0001.zip
TSP-random-n300-g10000-4.sol.json,7cb7873c95901b0e61529b6b4d8e439908be5a4f7c957b57c56ea778104a8c3a,12860,part_0001.zip
TSP-random-n300-g10000-5.sol.json,5f21880670ff58dc6850ee3bb7b91a02a1e3a78373e7e8d0ee3bcc492c946719,12859,part_0001.zip
TSP-random-n40-g1000-1.sol.json,c7dec8283654c3f344669d2ea940bd445127e8f5ebed27fb16091d52b1fbda2f,2107,part_0001.zip
TSP-random-n40-g1000-2.sol.json,aa14c3cf9c2fe84d81dc0334acd310f3c848b89be5a5c2883f457e192791b910,2105,part_0001.zip
TSP-random-n40-g1000-3.sol.json,8852b567466440a385549fe505fe5e8d247c058c8a44fa7156239bc3d3cbc8b4,2106,part_0001.zip
TSP-random-n40-g1000-4.sol.json,01cc2e8a3a3ff32b77bf3dbccae58ad8c05c68de8f12c9e128a9ab1b13b3a438,2107,part_0001.zip
TSP-random-n40-g1000-5.sol.json,d1162e6017f9a84eb1b5974896f2479c3f247682978a6b632ed6e9463d20c5f2,2107,part_0001.zip
TSP-random-n40-g10000-1.sol.json,7d85e67496f494b899efe1dfe259abc3f2f55abc678d633ad688182f461bdc4c,2113,part_0001.zip
TSP-random-n40-g10000-2.sol.json,293f14d43839eab821efc27036d3193b23fa9690acb001dff760a6f3bc544dc3,2112,part_0001.zip
TSP-random-n40-g10000-3.sol.json,360cf8904c278d22096eb0be84e7a22e7b14a2c54102faffd628bc7aba9663cb,2110,part_0001.zip
TSP-random-n40-g10000-4.sol.json,4f949b5d4dbb0c5bdcf821a65cf7a69d6fb5bbd1e44cab8d7a15b831b88cfbf5,2113,part_0001.zip
TSP-random-n40-g10000-5.sol.json,d0fb123c57077bbd9b9dce7ea74d96593b0d06e200cf22c5c514f884806bbd3e,2111,part_0001.zip
TSP-random-n400-g1000-1.sol.json,fc83b9cae5b2233c6e0d0d48b93847697f1626c263d6f79892114ce794d74cbf,17055,part_0001.zip
TSP-random-n400-g1000-2.sol.json,4074d8fbc3ccbce8fcea4479af0a6a6a44611d8a09016f960982bf94832e151f,17054,part_0001.zip
TSP-random-n400-g1000-3.sol.json,1e813df90f2f195d20319e881e70b13fad29cc742c63a2b0c8a9bf3f28bd9da1,17053,part_0001.zip
TSP-random-n400-g1000-4.sol.json,f3c875b821f79cc1273ba6b04a06326167685e6bdf5915559bdb5fd7b1780bd8,17053,part_0001.zip
TSP-random-n400-g1000-5.sol.json,1652109b16204514e2c2911c9f01f63dbf9a36a07e25e5f5228189ad4fbfb542,17053,part_0001.zip
TSP-random-n400-g10000-1.sol.json,5408741a0a82e323c20c28da7c947f75c9132da036eff41df9067062cdad4a69,17059,part_0001.zip
TSP-random-n400-g10000-2.sol.json,72a591fe84b1b2b2290ead55cd96d748428bc829002f8091dccfe62311ccc7af,17059,part_0001.zip
TSP-random-n400-g10000-3.sol.json,e5c0f4c5ece6a040833eb10e8d0d4d20436835104296bb091b9d1ec4408486de,17059,part_0001.zip
TSP-random-n400-g10000-4.sol.json,da17fafbfd31e8d6b78db5cacc26b6dee532355a7fb9c0fabf26864bc3d428a4,17061,part_0001.zip
TSP-random-n400-g10000-5.sol.json,b8250c6c481efac800867b6c9dac46cf973556578b867a5fa95a8f06c270ae9c,17058,part_0001.zip
TSP-random-n5-g1000-1.sol.json,8c18df71a22693bcea00ecdf7b24df049545a303073208eed263d15e228ed257,751,part_0001.zip
TSP-random-n5-g1000-2.sol.json,039d83502f20ed2ea1ae4231ff3795d102f42ec37bbfa170b996d11ff51c7e24,751,part_0001.zip
TSP-random-n5-g1000-3.sol.json,4254bb11df67178ab454d82f660f6943746acbfc67bf82c2452b757c66f49273,752,part_0001.zip
TSP-random-n5-g1000-4.sol.json,a24e6a1e01614d9edbb4cbb6e26f0af13e606d856d8d305a0b050c2d193cb5d0,751,part_0001.zip
TSP-random-n5-g1000-5.sol.json,0e25c4aeef601e8d6a6a7a44ffbf93782498bd0b52f633108f75d2ce3aa44b62,752,part_0001.zip
TSP-random-n5-g10000-1.sol.json,207a528b73ca3ab765b14500be7002caf516022ccf1eced5f10e051ccab09f45,756,part_0001.zip
TSP-random-n5-g10000-2.sol.json,2ef1cab26d1d92d9fc30fec8a44169a47edf5267952470369f16b20b95fa15b2,758,part_0001.zip
TSP-random-n5-g10000-3.sol.json,89c25f5486732f319bcf89a7bd28e9e1aed2559f1160458a354f1f02415502a3,756,part_0001.zip
TSP-random-n5-g10000-4.sol.json,8532879b375b99c91d243d64c2fbc32d0535c4f50a52e21ffb3b266b20b57731,757,part_0001.zip
TSP-random-n5-g10000-5.sol.json,834204da33e6b18ef7351a0563ebab35ed623eb4b1c1095a52de8a417f09d560,758,part_0001.zip
TSP-random-n50-g1000-1.sol.json,eec15bb7c95b1b29d196df6865e7797744b2ffebde50b27739dad80e65f3fc35,2495,part_0001.zip
TSP-random-n50-g1000-2.sol.json,2f0da513e367402f566163d108d1776f66f963490f233d05a82f1227cc235986,2496,part_0001.zip
TSP-random-n50-g1000-3.sol.json,43e72d1eaef23e1043f88fc94a1cfddfce35d2fa539f6c3b7b8e573f882c3098,2497,part_0001.zip
TSP-random-n50-g1000-4.sol.json,508313625a76daa6fbe84090ab7a76e19b63338fb70a090c676f5890890f503c,2497,part_0001.zip
TSP-random-n50-g1000-5.sol.json,22ae1e964c31738cbb93a5e866a504dcc6e0a28ca7a01759965d9535135e028f,2496,part_0001.zip
TSP-random-n50-g10000-1.sol.json,a7f0f43b302cb24b2e8fbdf61beafb2eec9428b1fe73012da81339e484c5c7ed,2502,part_0001.zip
TSP-random-n50-g10000-2.sol.json,3e622c65d4436868407433d7a979e9a94fbabc1a01c7f0cecb3d4111023c0328,2503,part_0001.zip
TSP-random-n50-g10000-3.sol.json,2746c0e2364b5396cdd35342749d92393616682091ff30cff9fc08584d65fd5a,2503,part_0001.zip
TSP-random-n50-g10000-4.sol.json,9d17ee9cb6ad7cc672795a10456f9c66b1692687360da4d92fcc4246b8fe6c1f,2502,part_0001.zip
TSP-random-n50-g10000-5.sol.json,b67e8fef20d55aebed067757795b0566d9283bb6b40450662ca0e0a8797845f0,2503,part_0001.zip
TSP-random-n500-g1000-1.sol.json,35c321c996faed98dcfaff26a869fdb4cfe2f7866a76bf1d78eda49655b242d7,21275,part_0001.zip
TSP-random-n500-g1000-2.sol.json,797f31f7597db5f7d06bdb567bd6c7c055e340f4f8ea4773471b6ee91b8fc340,21254,part_0001.zip
TSP-random-n500-g1000-3.sol.json,ea4a4aabf160a539e6b64f6cffbd3642e4838725b112ed1deb8b27ab2cd1db27,21254,part_0001.zip
TSP-random-n500-g1000-4.sol.json,923707740e08b5790c534ff1289141a89d9c3b93dd0f273abf3c3490e3bb7806,21253,part_0001.zip
TSP-random-n500-g1000-5.sol.json,f5f53ff139424f793947bda60dcf38556155280781fddfd0aef49f4234f4a13e,21254,part_0001.zip
TSP-random-n500-g10000-1.sol.json,3dfc8e18abab1029b8d864689288f9289a199531a7d12a324a068718372500bf,21259,part_0001.zip
TSP-random-n500-g10000-2.sol.json,97fd893145af2d99538b8188ea4077b610a5f19c839136c917b72235a278c0de,21258,part_0001.zip
TSP-random-n500-g10000-3.sol.json,6cc6df7e5a20993429713a6c63c9858e7a72c58717d2f0a237407457ab624a06,21260,part_0001.zip
TSP-random-n500-g10000-4.sol.json,a745777fb371d4caa41ad3b8c7f2f9dba274b58f6ae24e8120c80cf436120da4,21282,part_0001.zip
TSP-random-n500-g10000-5.sol.json,7ea29f7c9c2fdda8a66d6a066fca823a58b11f1d7e9295ae402b1eaf9e2aa55a,21258,part_0001.zip
TSP-random-n60-g1000-1.sol.json,4e5335a45901988325f5e3965d93c902a409289104b62ed988af65199aa81f30,2887,part_0001.zip
TSP-random-n60-g1000-2.sol.json,34c38c108e6ce1f1539a0638a1ac85b52e89c582c2c17e762fab92ecc4b63add,2887,part_0001.zip
TSP-random-n60-g1000-3.sol.json,afe01f2c3d723e33da859e10b7ff36acef301df34ba3f4af6d9b35513ae60102,2886,part_0001.zip
TSP-random-n60-g1000-4.sol.json,7921d76e844f5bd2b11719292c8fea4274c0dab561112d0922f3bd7214c7035a,2886,part_0001.zip
TSP-random-n60-g1000-5.sol.json,13f4a16c01a533f7a721fafe00edb75c2e845a5aab92937d4e19a4c96f990601,2886,part_0001.zip
TSP-random-n60-g10000-1.sol.json,e1ada5c7fc99e7b34a376cbd4c62ceefbe233d6588ba6eb2c403c5f2a9f717ca,2893,part_0001.zip
TSP-random-n60-g10000-2.sol.json,f0f276f5de97c8972e9b13097ebfefd559809defc1f78a7fbc7f39b31c8f1e8f,2893,part_0001.zip
TSP-random-n60-g10000-3.sol.json,f6dd291343a4326b15c4f3e93e4bd90196e68f2214e48333005d95ba0ea5b186,2891,part_0001.zip
TSP-random-n60-g10000-4.sol.json,b8468e3e6d0ae70f7db7b7e6c269cf22ce69811c9c6a5c547fc07fe61f4816e4,2891,part_0001.zip
TSP-random-n60-g10000-5.sol.json,a1af82e8bf7d4fe18b780842538f6d21f8ca8d3134ca1738e7ab049acbc6ae0b,2892,part_0001.zip
TSP-random-n600-g1000-1.sol.json,d0e10620fa60f104d8b91d79f901c7979282bf2a103f1f67f726b4553734f3ae,25475,part_0001.zip
TSP-random-n600-g1000-2.sol.json,b705fb35f5b9b349cdc653681674b6ca5c0978031648c5ccfdbe3ca88aa78c00,25454,part_0001.zip
TSP-random-n600-g1000-3.sol.json,d06e1f8b81a51d14a4e67d17b4048e850d51b36c89281415ea4e0a3da24fd6ae,25453,part_0001.zip
TSP-random-n600-g1000-4.sol.json,8aa34fb09d9c4ac8fdd65d912b9733db3f9ac4d100c89e239f885c417425f0ce,25455,part_0001.zip
TSP-random-n600-g1000-5.sol.json,f6b164265d681d00c74fddcb2b139bdb76e50090f0f895712be5eb2a0981bf7b,25453,part_0001.zip
TSP-random-n600-g10000-1.sol.json,797662eaf999440045112bac6cdc403c1e8fab88fd190b0f1290c9db8419e6bf,25459,part_0001.zip
TSP-random-n600-g10000-2.sol.json,d374bc68e7554a6b058b1d5a4749f7d1f4803d20750f30355291ea523b3796f2,25482,part_0001.zip
TSP-random-n600-g10000-3.sol.json,d7004b391543607cfda6195c8c53be3847095ca56ea4e25e4837d736ca4e7cd8,25460,part_0001.zip
TSP-random-n600-g10000-4.sol.json,241d635a16ded1921d3c47a42ce2a5b18a8c86022b36b6664d85b65373f8f0c1,25460,part_0001.zip
TSP-random-n600-g10000-5.sol.json,1c29de1f0fb5b8913012232eecad3f7799661f84a8d745f0968095c89224442f,25460,part_0001.zip
TSP-random-n70-g1000-1.sol.json,4b8d0b929777abfb2b48c815e5b71d3741adbbac99507e36d3e5148446632ac5,3277,part_0001.zip
TSP-random-n70-g1000-2.sol.json,2b6496cce162384e031c8ad64fa0077b8f8b8ddd454dbe2d9f8a29455a0d520f,3277,part_0001.zip
TSP-random-n70-g1000-3.sol.json,8d290472fc23309b6654c6c0474118d1e451b033bace321bba5eb799cedd77ad,3276,part_0001.zip
TSP-random-n70-g1000-4.sol.json,da8e1f85bf775c9bcaf56a814373f5bec81eeb72e344c9c733316e0bb5b19c8b,3276,part_0001.zip
TSP-random-n70-g1000-5.sol.json,ff71a8128080f775a1f307e495e4dc75c84a3697ff631d411ee366dc998fdebc,3277,part_0001.zip
TSP-random-n70-g10000-1.sol.json,60f0f1d4a4ff7909f5a3c5744442c713f252de9a99e146bd81427c4b93326531,3283,part_0001.zip
TSP-random-n70-g10000-2.sol.json,52b7645f09504af224d13fee5bd42387e1e5992ac1794a6adc8f30c5a27c6a94,3282,part_0001.zip
TSP-random-n70-g10000-3.sol.json,7992a54f71a0443d298455c52f840a00e51a91b86ae785901c1ad3d2ed098bd9,3283,part_0001.zip
TSP-random-n70-g10000-4.sol.json,f9817abcd38aa09036bea3f274e079ee12f19aa811aa2762f286eed0c34d71a2,3282,part_0001.zip
TSP-random-n70-g10000-5.sol.json,f36489f69fdb144e4577e90afa2d5fd503f12232760f6d5d49fa1b471b06e8d9,3282,part_0001.zip
TSP-random-n700-g1000-1.sol.json,a5274a0222c686572fd0b04e931fa4d1c25dc6c3359758ddc41a1bd41cb717ec,29675,part_0001.zip
TSP-random-n700-g1000-2.sol.json,d4087c774400c4144ba35d118e5c7dcc27ac5445cdc03774360f08d7097342ba,29653,part_0001.zip
TSP-random-n700-g1000-3.sol.json,653e744f15c08b6294d88c298ffd1d89eca42ec98228995461a0002ecb9c97f3,29654,part_0001.zip
TSP-random-n700-g1000-4.sol.json,f6b1022d3e5159bf1d851ccb70a58d38e4df1159055a1dfecffb08a79e14f18f,29675,part_0001.zip
TSP-random-n700-g1000-5.sol.json,2cc28f5628f16f0202c374cc4e43122ce4b9ae517f2fdc6950ca2b1ed15ba271,29651,part_0001.zip
TSP-random-n700-g10000-1.sol.json,506b96acc13983c3a593204d6890503ebee7e7db8445b2a0d29ef21bfd20151f,29659,part_0001.zip
TSP-random-n700-g10000-2.sol.json,4951f280e90b2a80f66ed71546299a71bbbcba5968d34cc53009d6047c4a719f,29661,part_0001.zip
TSP-random-n700-g10000-3.sol.json,3179059e5fa526ec0d4c0f3ae1e97fcfa53ff0619384740c5c0ea189704b63c8,29659,part_0001.zip
TSP-random-n700-g10000-4.sol.json,786ac382e9dfdabfac9f044da39c6acbb6052f417968b4ee3da49cd20d0bdb78,29661,part_0001.zip
TSP-random-n700-g10000-5.sol.json,84544582a87db9a854947d6fe0c679bc9a13ba32e9518207bfd16f8f0a4e0198,29659,part_0001.zip
TSP-random-n8-g1000-1.sol.json,71c0c70166f95ab780b13a50296ce01b45bc31bdac23bcbe85216660a1ee26a5,858,part_0001.zip
TSP-random-n8-g1000-2.sol.json,201a8f60daba35e0a6e6b3a7242404bf33547c1abd7fe64db7040df2959d2251,859,part_0001.zip
TSP-random-n8-g1000-3.sol.json,8dd3b28d943106996e410aa82d31d5c21622555bb4d28b5a81104101d1b895fd,857,part_0001.zip
TSP-random-n8-g1000-4.sol.json,1553f0ecd4771b18e6ebd5bf250393c7eb429fc89abb21908e2848b08e545069,860,part_0001.zip
TSP-random-n8-g1000-5.sol.json,350c7ca221a6c0f92fc7285fbbeac49f90caabb8db03de409eb4673b8d6967ca,859,part_0001.zip
TSP-random-n8-g10000-1.sol.json,6c1e0ff2e73fbe81348c25a1fe16892131928b379cee8ede78722597e3e37548,866,part_0001.zip
TSP-random-n8-g10000-2.sol.json,b348566ac0df9c10797e6da504a4a2225d08ef4b7e62e7278dcd25f2e4b16fbf,865,part_0001.zip
TSP-random-n8-g10000-3.sol.json,d61bd2217261b724e869c68f4420c19bade2868f273bb6bac880445cedbc2472,865,part_0001.zip
TSP-random-n8-g10000-4.sol.json,6acb02b3091baeb329f37d8245183e9fd6bb54ad3a07e3dd3bd8b4e755e8a269,865,part_0001.zip
TSP-random-n8-g10000-5.sol.json,ec50408b56f805319b33dbc20ccb28fbe00516660bb2699635bc9f85b8dac370,866,part_0001.zip
TSP-random-n80-g1000-1.sol.json,93c0ffa6a922dd192250c6559ee58bc7a9a56bc8360ba6e13ec4bac0b787d707,3664,part_0001.zip
TSP-random-n80-g1000-2.sol.json,740b2bc0287b9e1b91954bca840267118ac8d3ab65bcc96319d680d93c012cb2,3666,part_0001.zip
TSP-random-n80-g1000-3.sol.json,4996fb7e56ce0c8eda848fba5181f3c7d615f3a6db6383963fb46c3f5314d854,3666,part_0001.zip
TSP-random-n80-g1000-4.sol.json,873fa7d6bb9599e0bb27d899eebf1235097ca783c73004cc8d97aa6072557578,3665,part_0001.zip
TSP-random-n80-g1000-5.sol.json,e5e8bdfda892c35912eaa1a4b1f933e548ec2ad4fc2601a41a4ff4b2b0bb893f,3667,part_0001.zip
TSP-random-n80-g10000-1.sol.json,cee7a3437b3272675471bb41645e2b61811efbd697343e3ad482ed65e978571d,3671,part_0001.zip
TSP-random-n80-g10000-2.sol.json,6375041f3c555d88047fa57273a82f816c63c2e0aaee3e807fd5e8dac3887f08,3673,part_0001.zip
TSP-random-n80-g10000-3.sol.json,ebd9bf032c0a300280e1f5eb1d673704c67eb71da7c7a48fd6fed24249516a71,3672,part_0001.zip
TSP-random-n80-g10000-4.sol.json,0e1249472d15c43a52ab0ddf4b1ca8bdeaae143c0450312531911225f3d01033,3671,part_0001.zip
TSP-random-n80-g10000-5.sol.json,b4909f5913d8e8d940a52c6c822c4380125ad629f3a4fe6d4d181e363d46bd1f,3671,part_0001.zip
TSP-random-n800-g1000-1.sol.json,33ad46711a7d747cd023205e518bc17693d5eb41463f9c24cba77abcfc38dfa8,33853,part_0001.zip
TSP-random-n800-g1000-2.sol.json,edde7538830d39316d3e9b5d75a7d774948585c92191b2c0228dd23cc11c3e32,33853,part_0001.zip
TSP-random-n800-g1000-3.sol.json,c2d50618042f3db2bdc7c4a7f204fd1c86e22b7a2e0fef9193c7e386fd1c1867,33853,part_0001.zip
TSP-random-n800-g1000-4.sol.json,5300194620fe8a106b4ea3aa038a8defad96a97012894ccbb169e5d8dc1c0a13,33854,part_0001.zip
TSP-random-n800-g1000-5.sol.json,3e1163fba2938c1fa1d94bc939195d9884392449757f9529d692458a45631797,33853,part_0001.zip
TSP-random-n800-g10000-1.sol.json,a4b90b70fefdacbe9b1fbea298be3591bd79f830a0dad6dfa1bb6f5798d2b055,33883,part_0001.zip
TSP-random-n800-g10000-2.sol.json,b6ee042bf7f619987bbf24df4dc076383acd5f04190ce63a073c1ebfb396fd88,33859,part_0001.zip
TSP-random-n800-g10000-3.sol.json,9f61b657404f6785dc4a9341775d5d6f26399d56237fe505fecca9bd30034133,33883,part_0001.zip
TSP-random-n800-g10000-4.sol.json,bf34e4d2ca65bc3764e69839c067ffe5fd1b3b98751605d8e3925a12b0116a8f,33859,part_0001.zip
TSP-random-n800-g10000-5.sol.json,8a44e76c3bef7818e18b77424cad37f0def5563de0044f46724c772c44ed1cc5,33860,part_0001.zip
TSP-random-n90-g1000-1.sol.json,92dc8e7e9066f41d6e45568a1c6801bf36a5fa1f9bec5fd2d7e56d3da899597b,4057,part_0001.zip
TSP-random-n90-g1000-2.sol.json,5fc62903c2805c754806e6621343b2c0363368957fc152c17152f5b0c9d7b715,4057,part_0001.zip
TSP-random-n90-g1000-3.sol.json,a5f5d543b3b1c2794f7c89244f8989f0cc98407feee4087232c98f954548ad64,4057,part_0001.zip
TSP-random-n90-g1000-4.sol.json,196aa9694309381b323f2ee0f7e61dcd1b509d5d30aed10d3fa785607a315433,4057,part_0001.zip
TSP-random-n90-g1000-5.sol.json,66126821bc9e4a028e0ffde870af443e6dc244e568720421579f0a3da7863d3d,4056,part_0001.zip
TSP-random-n90-g10000-1.sol.json,d2e7b27b191824fd57e7a052eeca62f2ace926d780c7e9972dac00df36a51980,4062,part_0001.zip
TSP-random-n90-g10000-2.sol.json,8cf6be76db3b6c11327467a8cd8f0d5c04d9e640b0b55e6b26e45e25f385ad2e,4061,part_0001.zip
TSP-random-n90-g10000-3.sol.json,f1a18b40e78bb4e742f162a364775636fe333e9689e29f2c517d83861a7f49e5,4061,part_0001.zip
TSP-random-n90-g10000-4.sol.json,9b3ff0729397403e50f011f70afb8a16e986cb32b89f121510e13a943afa3566,4061,part_0001.zip
TSP-random-n90-g10000-5.sol.json,ce64433a19191ffa9047de58e9e7b8089f443e455f844edeec1ddff4b35b6ccc,4061,part_0001.zip
TSP-random-n900-g1000-1.sol.json,35171d713918c02072dda700d3ed7ef5e9a1d490df5f75b796c9856dcd4dbd1a,38053,part_0001.zip
TSP-random-n900-g1000-2.sol.json,12bce228cfaf16ee9e6be44d177263f4b29f3a3a8bdf5e68818e106d13e52fdb,38054,part_0001.zip
TSP-random-n900-g1000-3.sol.json,13461863cc80b45e5b0c220e067a08386bc5184039c025d6845da87fdc8401d7,38053,part_0001.zip
TSP-random-n900-g1000-4.sol.json,d23a08b742b3daee6b950c4a79191f9f4388c2e877f74d74a8ce5fe1346fda92,38055,part_0001.zip
TSP-random-n900-g1000-5.sol.json,1feb7b6ba44e3027dc287e6b88d1c5a7551d7a66301832d3d61554f8bfcabd67,38054,part_0001.zip
TSP-random-n900-g10000-1.sol.json,ddabe40afca50f8c0c75d227c520e8d8e593d4d7320e7fd604da12226575ebfa,38081,part_0001.zip
TSP-random-n900-g10000-2.sol.json,21e8b1e6ef059225a78cf7277e9b18d984983d90196dbdafa66a7b9728e944b5,38061,part_0001.zip
TSP-random-n900-g10000-3.sol.json,ee32242844738f50f365c2d60250a3e7641732eeb034c7df030a6cb5f3d19ea2,38082,part_0001.zip
TSP-random-n900-g10000-4.sol.json,afe8b1806f4f5a97e4e3827b7b14b411a7a15a432a7258feed1ee4587745ad59,38059,part_0001.zip
TSP-random-n900-g10000-5.sol.json,6f9d4a41d3ee9811702aab289b5cfc3a52c95dd57d0ea5ea4e8863b8ce9f177b,38060,part_0001.zip
TSP-squeezed_uniform-n10-g1000-1.sol.json,c913bd44cf3bc5036b04271bf4e28cfaacd5be19feeda01a1a7e0c694f4c1d11,957,part_0001.zip
TSP-squeezed_uniform-n10-g1000-2.sol.json,a24add4cee5b0a2422fff70cd4b7bb0dd2dab79158126cb9b54359abd4e419f4,957,part_0001.zip
TSP-squeezed_uniform-n10-g1000-3.sol.json,69c2d78175010a6316b5d69fc51f147684d6b5f1a468b424e6aaf19d79df0817,957,part_0001.zip
TSP-squeezed_uniform-n10-g1000-4.sol.json,7b1610d303e737a70199562c2a76e1c79c842ac40e49cb6b6b959bbd7f3382c1,956,part_0001.zip
TSP-squeezed_uniform-n10-g1000-5.sol.json,56b554b145b35c4a7eeb720df6e09f526484ca9ff34071d6f474566078d75578,958,part_0001.zip
TSP-squeezed_uniform-n10-g10000-1.sol.json,c9d3700a689ee0f11291321a1edbf6f62f9bcb92916aa7b2cdd9c3f748bfdd16,963,part_0001.zip
TSP-squeezed_uniform-n10-g10000-2.sol.json,2f9a10311674de9c08a187a7c41a5018e7f537e2ca6c83629bc61a517876b54c,963,part_0001.zip
TSP-squeezed_uniform-n10-g10000-3.sol.json,07ae3d6f3eafe905c9e6f66e92d233cf685a511f8ad841bd55d8d2fe064f7aa3,963,part_0001.zip
TSP-squeezed_uniform-n10-g10000-4.sol.json,4bd70a015a9465c425bb48c974efa6a24a6685772957493141c1e173501fc8f3,964,part_0001.zip
TSP-squeezed_uniform-n10-g10000-5.sol.json,adf2289ff661e82c921c95d6fee062cdbda35ef1861dbdf22b5ab14021ffaac8,963,part_0001.zip
TSP-squeezed_uniform-n100-g1000-1.sol.json,f1efccf85d82b2fb4c4acf295a8f72e36c82fc01fa2105a1e39235a438b27419,4473,part_0001.zip
TSP-squeezed_uniform-n100-g1000-2.sol.json,d10780e452960012adfce1e920d61499de6fdb6bb015f833556d377a2bde00a6,4472,part_0001.zip
TSP-squeezed_uniform-n100-g1000-3.sol.json,66b58db30532009e2978fa47de70f38c7d3e18fbdbbc93845dedb4cf8b45db47,4473,part_0001.zip
TSP-squeezed_uniform-n100-g1000-4.sol.json,31c371869facdd0d267606ef74bf3959fc4e7f07081e13542522763353e0fdf2,4473,part_0001.zip
TSP-squeezed_uniform-n100-g1000-5.sol.json,8d02951ffabe98c57aabfe392cef2641cc4bdb4ef2646d96cfc59d58c6472080,4472,part_0001.zip
TSP-squeezed_uniform-n100-g10000-1.sol.json,5e7ef80c5ec585815db8cabc5b1d9efdee18431a1be63bb89fc9f30a50c6bcae,4479,part_0001.zip
TSP-squeezed_uniform-n100-g10000-2.sol.json,f88fff8772d065224e3031ad68ecc54ef938621f33b57e015eb27404c9b03b94,4477,part_0001.zip
TSP-squeezed_uniform-n100-g10000-3.sol.json,5150d99f88c395e30a0dddbcb084a81c9cc956e4a1139a2a21a1215865b150a8,4477,part_0001.zip
TSP-squeezed_uniform-n100-g10000-4.sol.json,33fc75fdffa143750f21db234e59ca22b7b9fff900dddea767e4ee405c4c161a,4478,part_0001.zip
TSP-squeezed_uniform-n100-g10000-5.sol.json,0a0bbc27e1259d76918d578805e0bd7a5340181ebd50ca0e37327436326c3838,4478,part_0001.zip
TSP-squeezed_uniform-n1000-g1000-1.sol.json,78bc5bd9a14185bf52abb6fb873e2a7c2fa27428cc00ad79d5af9d16fd315e3c,42281,part_0001.zip
TSP-squeezed_uniform-n1000-g1000-2.sol.json,6b6602f9c9a526097390e8dec04e0bcd5e5497068a7b300962f7af2284e93f55,42300,part_0001.zip
TSP-squeezed_uniform-n1000-g1000-3.sol.json,aa5ec1641a2d81455d2268523179e6a51a6e63b00d8d1bf9ccb4c5d21f9f00ca,42280,part_0001.zip
TSP-squeezed_uniform-n1000-g1000-4.sol.json,2342c48307bb16383ea249ebbc896efd393ac469ab40351541bf3fede1a830ae,42280,part_0001.zip
TSP-squeezed_uniform-n1000-g1000-5.sol.json,239a915e10f0e80393f9fd78bb550c6ebc4d83d3a84d223a4c29aa6defb63eda,42279,part_0001.zip
TSP-squeezed_uniform-n1000-g10000-1.sol.json,923ab9b9251bd649461ca8732f6fa9feba2a0bab9412f5372bb554a224846740,42286,part_0001.zip
TSP-squeezed_uniform-n1000-g10000-2.sol.json,023c81cc6b04408a12b0c39f14131fb60bb26897eb05277880c80e59840da5f5,42286,part_0001.zip
TSP-squeezed_uniform-n1000-g10000-3.sol.json,83bc0f91e8ecffcba9eebb6036214bc953c8af2b43b45b34af8561fe17d47811,42286,part_0001.zip
TSP-squeezed_uniform-n1000-g10000-4.sol.json,93b75839732d06f7630b6fb8034864a374b74b073d17a8be966ee4caf599b58c,42286,part_0001.zip
TSP-squeezed_uniform-n1000-g10000-5.sol.json,2d259723319309c6d073839595abf517508c82ce83ef15f791f1cf789fc40762,42286,part_0001.zip
TSP-squeezed_uniform-n20-g1000-1.sol.json,fd2ef64e6afa031f56f3070bd8ad5b022dea27515bf340faf53df173ff983fbf,1347,part_0001.zip
TSP-squeezed_uniform-n20-g1000-2.sol.json,c20ba15bdebc6220218d5519071881e71ed59f839c1f0521f8f223178ae87a3b,1347,part_0001.zip
TSP-squeezed_uniform-n20-g1000-3.sol.json,8e41a95b560ae88daca28ccfbe8faaadba9626977c7874fd117cfd77582f0cc2,1347,part_0001.zip
TSP-squeezed_uniform-n20-g1000-4.sol.json,c9d912d048f7437a86c733725082334e722557fc21d5c9754e41c034794cda0f,1347,part_0001.zip
TSP-squeezed_uniform-n20-g1000-5.sol.json,d25e16dc8ae4d9e7e52eadfa39ce2d2a5188260cb374396ef5f4c50c122161e3,1346,part_0001.zip
TSP-squeezed_uniform-n20-g10000-1.sol.json,b1cf887594e5f446debb0e02aef25371d280eb62920ce6bbff345070c471d877,1353,part_0001.zip
TSP-squeezed_uniform-n20-g10000-2.sol.json,d3e75fd2185bc06b4583187b51a7fe3fe7f81fed5c79c10ccdcde3c5efa1529f,1353,part_0001.zip
TSP-squeezed_uniform-n20-g10000-3.sol.json,fb9845ce959582065bd96d3de59436165511da23f4a0cda48b284025026ba18e,1353,part_0001.zip
TSP-squeezed_uniform-n20-g10000-4.sol.json,5e4558410e088b64be0464e031f8c0589e94da4f8ccfa31a6b1e1ecb6056755b,1352,part_0001.zip
TSP-squeezed_uniform-n20-g10000-5.sol.json,f06d2c1e7538ded7b8e98b82cd0f1b89c91740758dc510c61dfcaba3aa75b1af,1353,part_0001.zip
TSP-squeezed_uniform-n200-g1000-1.sol.json,a999ba452c445d2de9a957b5e43c9f9345cf82640e214c4814df6edea6cb7848,8672,part_0001.zip
TSP-squeezed_uniform-n200-g1000-2.sol.json,0e5a04cc89fa37421bed8e4f2d61d532c8370278a54a938714124b72114e4867,8671,part_0001.zip
TSP-squeezed_uniform-n200-g1000-3.sol.json,ea9062b7b9c5c08634b877a2ca3909db952eff097746a4d35b3585de666d4c56,8671,part_0001.zip
TSP-squeezed_uniform-n200-g1000-4.sol.json,8e8d1a616fde849b2eb42677d5d3606b57e32e0a1296615b46003201b7f08f20,8672,part_0001.zip
TSP-squeezed_uniform-n200-g1000-5.sol.json,39280ec3ec0f525d763ed9f59cacc439c9939df8faee6daa7be7212c330ab52e,8672,part_0001.zip
TSP-squeezed_uniform-n200-g10000-1.sol.json,323b5350eee64cc5570020080c369aed19eea7589e2c359ee2cc3b6d66ca406d,8677,part_0001.zip
TSP-squeezed_uniform-n200-g10000-2.sol.json,70f4f94d5e95b942ba5e3ddcc9fd3501e5b67122aaf784c93e2729d89dfc82b6,8676,part_0001.zip
TSP-squeezed_uniform-n200-g10000-3.sol.json,1a94320bba12582cce7d6123efe19da726b63ccdffc85ab1f89b2f9360406321,8677,part_0001.zip
TSP-squeezed_uniform-n200-g10000-4.sol.json,39031c9e3afd48842278cd5f3eda9cc850935f592ed7cbf1c4d0e32e3f4d75ee,8677,part_0001.zip
TSP-squeezed_uniform-n200-g10000-5.sol.json,2ae858d4e14d6515a68ee928fda2fe9d0ffa55b5a258c533e83afea5399a48c2,8677,part_0001.zip
TSP-squeezed_uniform-n30-g1000-1.sol.json,3c6e1dd9e2890c3e61ae3c2b529c9f52d43347f6684c37a6d0ba0dd1c0dd6a66,1737,part_0001.zip
TSP-squeezed_uniform-n30-g1000-2.sol.json,20d31a97b5764de048ff5fb708db87f1351238c1273d5018c909a32fb928a25a,1737,part_0001.zip
TSP-squeezed_uniform-n30-g1000-3.sol.json,768a9cfc3c27db5da5b93c41ac4b2f18b2e5d905fce45a8188fec270f931ffb1,1737,part_0001.zip
TSP-squeezed_uniform-n30-g1000-4.sol.json,68d6791087d3da17361817df97be0376b8361a643c018ae2607475ceb4b2c7f3,1737,part_0001.zip
TSP-squeezed_uniform-n30-g1000-5.sol.json,4ace134d9b18d76631d50919a193e7bc406cd87f0aa3b00588947ba9912f2928,1737,part_0001.zip
TSP-squeezed_uniform-n30-g10000-1.sol.json,b4fb1cf81807241728ffd233e06de45c9da58a41ad76f4e912d764fea6f254bb,1743,part_0001.zip
TSP-squeezed_uniform-n30-g10000-2.sol.json,25d1a49e289fab2d41410fad721c943a1b07e3968eedd362c9cc2259d30f066b,1742,part_0001.zip
TSP-squeezed_uniform-n30-g10000-3.sol.json,5a7666257c86627993569936d151a0f00a4494a78246192d83d7abb50636d9ad,1743,part_0001.zip
TSP-squeezed_uniform-n30-g10000-4.sol.json,6d808fffb8071cbdc407fa5dc15350993540e56ba6def810c468a9b4ec40b9d0,1743,part_0001.zip
TSP-squeezed_uniform-n30-g10000-5.sol.json,4e04740713a7127bea2fcd420231a836692f4eda03eee21003c458b83423b07a,1743,part_0001.zip
TSP-squeezed_uniform-n300-g1000-1.sol.json,fa649c6ac7ad198ae5fa983023b8203429bcac721692f96c711cd3885cb90ddd,12874,part_0001.zip
TSP-squeezed_uniform-n300-g1000-2.sol.json,648ce0246054dc48b33491140bd063a93517162327d8f61c7d0828295943b5e5,12875,part_0001.zip
TSP-squeezed_uniform-n300-g1000-3.sol.json,cf48cf181f7e584189244d12419166fb9a9ca73ad97bc3aafac17c6831882a19,12874,part_0001.zip
TSP-squeezed_uniform-n300-g1000-4.sol.json,fa79c6ca25f6171212c6e4b2684166f4c78459072abee3cdcb138578906ec498,12872,part_0001.zip
TSP-squeezed_uniform-n300-g1000-5.sol.json,4dcea8ace11a1b77351c627504d9b6759636d39222f72d182983b7e32a50123a,12873,part_0001.zip
TSP-squeezed_uniform-n300-g10000-1.sol.json,d0d6a4ee07229483fdb3766c2c93498e79c92b8c8227fb84c9787e39d1d50ec2,12879,part_0001.zip
TSP-squeezed_uniform-n300-g10000-2.sol.json,a84273835ebf0943a4c72ba85dc0c00c8738821b4b0217ba4507c61634df0003,12879,part_0001.zip
TSP-squeezed_uniform-n300-g10000-3.sol.json,a9185f5c8def8c095ec285758f79d00c9e96433bb64cfe29abd45db222e1878f,12901,part_0001.zip
TSP-squeezed_uniform-n300-g10000-4.sol.json,73dcb51e67b5e31d26735882a50805215eeb4660d745870e41df2f945c36768c,12879,part_0001.zip
TSP-squeezed_uniform-n300-g10000-5.sol.json,d2c6061fd4648add19a82f07b1e5cec8227d9a3705642b467c758190ecb5dc60,12879,part_0001.zip
TSP-squeezed_uniform-n40-g1000-1.sol.json,671c8497160fa1cc638b1edc75cf58e8ae649d697acdbc410f8f5009a4e7ca0e,2127,part_0001.zip
TSP-squeezed_uniform-n40-g1000-2.sol.json,6aae7391aeca48fadf18bd9d9b712b6b2302c1fe4f9cb95f901bd3ace2337a18,2127,part_0001.zip
TSP-squeezed_uniform-n40-g1000-3.sol.json,ac680ab65e2123c8b4879759d5275c87ec11389ce13a9bbd541ee6223d94fb28,2126,part_0001.zip
TSP-squeezed_uniform-n40-g1000-4.sol.json,2d82c9e49530b7d6380718ae3de549488bf9527c2ceb249ea9e52338e597f6f2,2127,part_0001.zip
TSP-squeezed_uniform-n40-g1000-5.sol.json,81dfadf317246c62a83b02cb5ad38cef73f3f8a9292fe2f8e7199d32a2b85f42,2125,part_0001.zip
TSP-squeezed_uniform-n40-g10000-1.sol.json,1e97eabecd748fd6f769eeec76d6b0e8e0aee6dab61eb090228ad9144a78c37f,2132,part_0001.zip
TSP-squeezed_uniform-n40-g10000-2.sol.json,d66978aa71029b86d2ba89d49ca48e4af30b69e3a477ceaca24a0e27de043858,2133,part_0001.zip
TSP-squeezed_uniform-n40-g10000-3.sol.json,76b0df6c6685e042772924826387f24a4cdfa14d70acd949cea3f6b4f56ff4fa,2132,part_0001.zip
TSP-squeezed_uniform-n40-g10000-4.sol.json,39e4d29b960c2ebd6dfd367c2e1153ef94e55a0bbbbcdc13bc6c01dfe3238962,2133,part_0001.zip
TSP-squeezed_uniform-n40-g10000-5.sol.json,cffa1e5c5f066ef08c7a526de352a484f13a21987b8880d2e73d99b181f4b89f,2133,part_0001.zip
TSP-squeezed_uniform-n400-g1000-1.sol.json,4ea1b7d5c001874db5da8150ccb05fe664269d9f2c106a1c8286ba8e6a3c4f11,17075,part_0001.zip
TSP-squeezed_uniform-n400-g1000-2.sol.json,c14778f22db5d615346044b6656710dded3ae7477e53a839269f0583164bc91c,17073,part_0001.zip
TSP-squeezed_uniform-n400-g1000-3.sol.json,4dd34d370d93c396ee65e40f6e9d94781f675abe446c514723dcf56b81634cf2,17073,part_0001.zip
TSP-squeezed_uniform-n400-g1000-4.sol.json,21dfaa224eb0d0abe27ffef2842a5379d5a89c9ed367b1452b0d02310c20e090,17073,part_0001.zip
TSP-squeezed_uniform-n400-g1000-5.sol.json,75e4237f565fed4f381301a2a023b086c351a11488afb10ae9c8b8eb46469ed8,17072,part_0001.zip
TSP-squeezed_uniform-n400-g10000-1.sol.json,864c4f8a1abf6946c8ce96b24ac1d5d8cc881396c7670b839c967cbdcf88dd08,17079,part_0001.zip
TSP-squeezed_uniform-n400-g10000-2.sol.json,8dfc2ac6f431a2dd8c0ac7980d1c9eda037c4bef9ced5323c8289111b82fb392,17099,part_0001.zip
TSP-squeezed_uniform-n400-g10000-3.sol.json,eb6d7af1bb173e6756015f5536639a02c8e06675f5e6fecc8de7fc753cccd317,17080,part_0001.zip
TSP-squeezed_uniform-n400-g10000-4.sol.json,f4adcce57c8db57d01e6acfc5a15a02811613159d7eabf026f2f224875797ec4,17079,part_0001.zip
TSP-squeezed_uniform-n400-g10000-5.sol.json,9e05e7b6968887d328722cfe72f30ecd73f2d9ca10ae4c7e769246d27069f219,17079,part_0001.zip
TSP-squeezed_uniform-n5-g1000-1.sol.json,7fbda2069270f518f3d401ab008dc318537fb8fa92486a9df12d76f991553516,772,part_0001.zip
TSP-squeezed_uniform-n5-g1000-2.sol.json,4b4e333110f68fb0d2e7ae54491863ab7654c03d9cea3629dbdf8759543b4d32,771,part_0001.zip
TSP-squeezed_uniform-n5-g1000-3.sol.json,17029bfdccc7dd793de0dcfbbe0371ef95f75735bc10bb3e2774a63f7a75439a,770,part_0001.zip
TSP-squeezed_uniform-n5-g1000-4.sol.json,8303aba6eb106dbe14022683253573a5bd8c3ed29a1bdeafc3c4bc51143b8cbf,770,part_0001.zip
TSP-squeezed_uniform-n5-g1000-5.sol.json,07293793dc6f5d432e0e51ad1fba20dab99cc3455557d31af961cad79e1b4fec,770,part_0001.zip
TSP-squeezed_uniform-n5-g10000-1.sol.json,68a5e97c6300d50b8283fae21ef658015cc9728ce30f654ad26122167c8f3112,778,part_0001.zip
TSP-squeezed_uniform-n5-g10000-2.sol.json,e476a7fb6ee576cbb01d6297e57ea936716d690a83a12f23833a28391f05d5ed,777,part_0001.zip
TSP-squeezed_uniform-n5-g10000-3.sol.json,cba610f1ae4d3427fcc4911eedf6655833e86d2adaa4727c970d694fd47911aa,777,part_0001.zip
TSP-squeezed_uniform-n5-g10000-4.sol.json,671b9d4c26b4456d86a190d547ee084cad12ff7fd43ada93fc3c48ca4249f15c,777,part_0001.zip
TSP-squeezed_uniform-n5-g10000-5.sol.json,b88367aef712d4a1f82f06fdfa8bd6472e4293f754fda2bf1ad8d176e299132c,777,part_0001.zip
TSP-squeezed_uniform-n50-g1000-1.sol.json,f0cf94c03cc35bb548aeda36be0460ae2fbfb725c45fe3105cd5e463db72881c,2517,part_0001.zip
TSP-squeezed_uniform-n50-g1000-2.sol.json,1dd84be5340928bc424a1fee659ae60937be422547b28be2fed3b8b4764586f1,2517,part_0001.zip
TSP-squeezed_uniform-n50-g1000-3.sol.json,856fc9a50303e08a73e51f6a85a6e42537d7ca0c9a023c5ccb6ec0ca9e1db1d8,2517,part_0001.zip
TSP-squeezed_uniform-n50-g1000-4.sol.json,2e4bf154e7ed43d6a326450b946250f369fc4846d50be886344ebd1f02566440,2516,part_0001.zip
TSP-squeezed_uniform-n50-g1000-5.sol.json,5ca4baa50b45c1cb006a9c163ab65a207bc6b14f5119a830caa26277c20c6d5e,2516,part_0001.zip
TSP-squeezed_uniform-n50-g10000-1.sol.json,62f8a2ebc1b92cb502ce10f1313be39b62ff2c9833189268ca505094dfb9d5f8,2524,part_0001.zip
TSP-squeezed_uniform-n50-g10000-2.sol.json,d1a9f6880c1bdafbfc60161b816afbdd408d69e93027708ab1e46d2cb6a21796,2522,part_0001.zip
TSP-squeezed_uniform-n50-g10000-3.sol.json,fc6cc6657d34379b6c49ab99e8a7e45be381d93ab35505e7dc259325eb88818f,2523,part_0001.zip
TSP-squeezed_uniform-n50-g10000-4.sol.json,a25ae32800ab45992c3b93c91b612c5fa24207d11e906ec3aabd47ac2b27272d,2523,part_0001.zip
TSP-squeezed_uniform-n50-g10000-5.sol.json,b54c32a5ec7e30bb562d98edb8920ea60e5fb155f6aca8e4e94bde0ca531e975,2523,part_0001.zip
TSP-squeezed_uniform-n500-g1000-1.sol.json,e6ef5341a7b49cb2504ce29c3d52b51b5f86750a282f886f87f327fdaf200ce0,21273,part_0001.zip
TSP-squeezed_uniform-n500-g1000-2.sol.json,dead98dc4d11a2127ca78be79c3322f46174cd17613d62d971f08b3105d604a9,21275,part_0001.zip
TSP-squeezed_uniform-n500-g1000-3.sol.json,b72a56cf3314fe1ae40a6680e3011725e3a7ccade76a2daedbffd3257384d8dc,21275,part_0001.zip
TSP-squeezed_uniform-n500-g1000-4.sol.json,02d99a674db589b11bef690842570c38dd6bda8116d472c000b4949cb6f43142,21273,part_0001.zip
TSP-squeezed_uniform-n500-g1000-5.sol.json,e1e74a7ef99c86b9736a83affd6612e67f8fdf69be13c10d1031afa2836a47e6,21275,part_0001.zip
TSP-squeezed_uniform-n500-g10000-1.sol.json,4bd095a3da7e6fcdbe1f8a72e9e7f14f2e860b7bc1baf388fea312a1f512ea5d,21280,part_0001.zip
TSP-squeezed_uniform-n500-g10000-2.sol.json,4b611739285a8112b5c14f10e356bc87f324b66cf8274a21fc61097aa976082d,21301,part_0001.zip
TSP-squeezed_uniform-n500-g10000-3.sol.json,2676c3921c0d3c705fed78e4798cd06d0a9a0b29e1467cd761325dd74ef278c7,21280,part_0001.zip
TSP-squeezed_uniform-n500-g10000-4.sol.json,ade214ad5a8fc89ccf4554c15e791914eacc3f1e7bd1b671885079bea14123e5,21280,part_0001.zip
TSP-squeezed_uniform-n500-g10000-5.sol.json,87dc1b61373932a9f781e03fe90883524502a99c92ecfc5fb1d8abb66d908a25,21280,part_0001.zip
TSP-squeezed_uniform-n60-g1000-1.sol.json,9a58b7821e93f9c51d19ab32f679f0ab5e1818e38fde3225ae81f1d0822c0f24,2907,part_0001.zip
TSP-squeezed_uniform-n60-g1000-2.sol.json,420d021bd71f5a53ed30df5c76556f54173d2a71daf0de1b9c7af4e60b732369,2906,part_0001.zip
TSP-squeezed_uniform-n60-g1000-3.sol.json,06eeed6cafa6014269cca62607ee636ce1ca29a07a650a9019ee50254eafe3d8,2906,part_0001.zip
TSP-squeezed_uniform-n60-g1000-4.sol.json,29ebaf4ea25dd085dc50b3232afc859a65e96f1b5a99effadc379bf0590bc8cf,2906,part_0001.zip
TSP-squeezed_uniform-n60-g1000-5.sol.json,a8c4144edd8db40a3b032cf17a1abab1eea704f4f5007c8479f539710b92cfe0,2907,part_0001.zip
TSP-squeezed_uniform-n60-g10000-1.sol.json,29917cc35f14df7ce5e3bbd2b9a9e564d3d6ca24d39456997a9cd36ca7465ca2,2912,part_0001.zip
TSP-squeezed_uniform-n60-g10000-2.sol.json,2803e5e1e0f4cc90824a61d021be0030d2874422461575295d0dc02de2baa8fe,2912,part_0001.zip
TSP-squeezed_uniform-n60-g10000-3.sol.json,981f526630cb5fb818fb30642c310b02488455f2979f4c9024007734c86ccfd6,2912,part_0001.zip
TSP-squeezed_uniform-n60-g10000-4.sol.json,a9c227ae6a6431b69e550a8ec3b4c09e392657759b44d3d416138ccb5e47093a,2908,part_0001.zip
TSP-squeezed_uniform-n60-g10000-5.sol.json,3d76a76f66d95e647c66db0a9487c23c58546a4bdb74559ff2ad4500ab0a2925,2913,part_0001.zip
TSP-squeezed_uniform-n600-g1000-1.sol.json,ecf982fc7aab448882e68adb18963b1d5acb6faee797335111d5538bb9384e33,25475,part_0001.zip
TSP-squeezed_uniform-n600-g1000-2.sol.json,de0f562623acca02b932e8aba43f19d9febe1d736bdabb6abd47c6b1b34b32d8,25474,part_0001.zip
TSP-squeezed_uniform-n600-g1000-3.sol.json,fb27fe62f2b54f86664effff6a95a1a72755226278e3bf29f4eaec6d56b676fb,25475,part_0001.zip
TSP-squeezed_uniform-n600-g1000-4.sol.json,d37011b575e3eb1d58d14c3520d6e603c1fc08255f0cc8fe33604891691213bf,25472,part_0001.zip
TSP-squeezed_uniform-n600-g1000-5.sol.json,ab319dca27b196ad2402dc2459a7c764764d383b4dbfb2e141c9a1c6e0443ff0,25474,part_0001.zip
TSP-squeezed_uniform-n600-g10000-1.sol.json,75463db9bec47e8d7865b66815e214aa4c4cb31df91ad782952853b22907e010,25479,part_0001.zip
TSP-squeezed_uniform-n600-g10000-2.sol.json,46c78efa3418609cc03d5fde3a2722b66763be5ccd73388a8a827f93cd0ba1cd,25501,part_0001.zip
TSP-squeezed_uniform-n600-g10000-3.sol.json,ebe0162bd5ba6573364b9f8c935f1e10a09fdfac8ee23679a3d1516e0210562e,25481,part_0001.zip
TSP-squeezed_uniform-n600-g10000-4.sol.json,b56c457fdea3524c865e94bd7b7ab6ea942816e4f824a08fbfb077f571483d64,25479,part_0001.zip
TSP-squeezed_uniform-n600-g10000-5.sol.json,a815b9373380f4b0230d34d81af89dcaa5834bf6603432bdb60dc033aed8057b,25479,part_0001.zip
TSP-squeezed_uniform-n70-g1000-1.sol.json,2503cfe719ea53943910bd225069fb2c8ac4cb6db933eb7e6967d91d6ced9669,3296,part_0001.zip
TSP-squeezed_uniform-n70-g1000-2.sol.json,10e2e47b9ba140d67bf1997a29316c22e2652b4900253a66bed5cbe651297564,3297,part_0001.zip
TSP-squeezed_uniform-n70-g1000-3.sol.json,8684cfa23d888fc6666cd391cb083a0a59ec9cc7d659af60b5c2d4f01f2c3c77,3296,part_0001.zip
TSP-squeezed_uniform-n70-g1000-4.sol.json,e34fef0a726a33e1c50cf3932a522ac6d1db707e3dfd252678aaffd9395ce28f,3297,part_0001.zip
TSP-squeezed_uniform-n70-g1000-5.sol.json,d54efc41c90b6c973a27dab6ca0b802558bad72dbeb8a3df4696e28b96c6587a,3296,part_0001.zip
TSP-squeezed_uniform-n70-g10000-1.sol.json,c69e58fed8ed35e87728952057f62c5e7d440bf278a4e75a52d1bdfc20e6b74a,3303,part_0001.zip
TSP-squeezed_uniform-n70-g10000-2.sol.json,c47be2e1643df6ed0fe5a497cd29fabe649d7d03f021905025d6b473da55a88a,3303,part_0001.zip
TSP-squeezed_uniform-n70-g10000-3.sol.json,f27b2696bb4e5551c4e421225f4fa6f133d9c789559b07652281d659a841954a,3302,part_0001.zip
TSP-squeezed_uniform-n70-g10000-4.sol.json,68eaca9405c0d6b2a7c97cea47c6a0b6c4804f63163d0d4cacec39c522a37711,3299,part_0001.zip
TSP-squeezed_uniform-n70-g10000-5.sol.json,eb9397b9ba3e18821b723ae196b8ac63d19d3559aa54e79906cd494097b0d6db,3301,part_0001.zip
TSP-squeezed_uniform-n700-g1000-1.sol.json,cdefc54baa0949b94ab8ac0d130f7a3b55359063ea143ee5d2f97eeb35293d7e,29675,part_0001.zip
TSP-squeezed_uniform-n700-g1000-2.sol.json,39f8927afa98583afed0d3d9d24e5616e3fd3d7395673cea8b7f7b67dd62c5e1,29674,part_0001.zip
TSP-squeezed_uniform-n700-g1000-3.sol.json,99ab880dc7f53e1641bc4eeae7dec2ff118acbdbdcce330407a8953c4401a550,29673,part_0001.zip
TSP-squeezed_uniform-n700-g1000-4.sol.json,279d60fe6c531082cb33676ef5293f382936788e63058f1d5451d3bd4b5029c2,29674,part_0001.zip
TSP-squeezed_uniform-n700-g1000-5.sol.json,a9884a386461b98d9418c494344ba7e902e56a907b33632436bdeb1a4c30c0f0,29673,part_0001.zip
TSP-squeezed_uniform-n700-g10000-1.sol.json,1eede0b704525210e149ce53ae64bdcca8005ed876d9c9c48e9cb6ecef05761e,29703,part_0001.zip
TSP-squeezed_uniform-n700-g10000-2.sol.json,ee65a7b6917c77dc79fe78439fb7fb41ac5bcfc9357c1a2e034105302b4a8a6b,29679,part_0001.zip
TSP-squeezed_uniform-n700-g10000-3.sol.json,549eb29705bc78492d67605d2f0b7620ebaf82b36a839029b90cd49107ec8696,29680,part_0001.zip
TSP-squeezed_uniform-n700-g10000-4.sol.json,aacff279a36d34b53e02d2ab307e58136fd7861c63d8be88c653b07ef0045be8,29679,part_0001.zip
TSP-squeezed_uniform-n700-g10000-5.sol.json,192983c820284cd0fa56519a90525c56a80a32c1115465fb9c567bdecb3b24c7,29679,part_0001.zip
TSP-squeezed_uniform-n8-g1000-1.sol.json,9a55dbf51ff6673d4e23988f88a9316806d808cb988a84c9837381ff7309e10a,880,part_0001.zip
TSP-squeezed_uniform-n8-g1000-2.sol.json,2fbbfb30c8997583d77b2156aaecbdd88ad283fcb838b6a5a8d1f4521c558bfc,879,part_0001.zip
TSP-squeezed_uniform-n8-g1000-3.sol.json,b7518dc950544fc8548b7cc2b4efead734e13a6367fbe8c0c1ddbe2a79e02c47,880,part_0001.zip
TSP-squeezed_uniform-n8-g1000-4.sol.json,a515e30f64c14d3afe476457674acf00363a7c7b45ff2d4ceb7f25e042dbebfb,880,part_0001.zip
TSP-squeezed_uniform-n8-g1000-5.sol.json,08a061063532ce178629fd14cc7a6e39d4af2eb7e9158c21e0a8f0c0bfeb0600,879,part_0001.zip
TSP-squeezed_uniform-n8-g10000-1.sol.json,3a5661a4f218ab8e0858286bb4c536ef32c4e061336b75402ca48701accb60bb,884,part_0001.zip
TSP-squeezed_uniform-n8-g10000-2.sol.json,6ea8db4ab7f6c5c3433089ea9346fe867aeb89c3d4c803091c23aff03b07c2ae,885,part_0001.zip
TSP-squeezed_uniform-n8-g10000-3.sol.json,307e60bc92ba4c175be3a2cb1a12c90c7becbc6d596803ad44306166bb9bec18,884,part_0001.zip
TSP-squeezed_uniform-n8-g10000-4.sol.json,be9c8674befc121412d92467dfc31b1d0cc93a06d97075b8fc30d5af677ad26f,885,part_0001.zip
TSP-squeezed_uniform-n8-g10000-5.sol.json,58970c02a5b5a0c35027e8cce236131c7d958538176fc821c9ccee6e6114406c,885,part_0001.zip
TSP-squeezed_uniform-n80-g1000-1.sol.json,65112e696cecc2a60739636c06447d9b7a9a894f70684e7364291e8a7e76e23e,3686,part_0001.zip
TSP-squeezed_uniform-n80-g1000-2.sol.json,3df85014fa282e86d02b29e6e9a682f919eb0b979c610352d69499156d8f87c9,3687,part_0001.zip
TSP-squeezed_uniform-n80-g1000-3.sol.json,e77cef4a016ef71eac33cfa7f4e491b9992d038cebdf60c858099aeada74a6ed,3686,part_0001.zip
TSP-squeezed_uniform-n80-g1000-4.sol.json,88165f19f36ead9ed8b01081d6635e4095f268aca38187a26e61c7a094336fcf,3686,part_0001.zip
TSP-squeezed_uniform-n80-g1000-5.sol.json,6efbbfb66eb4b88d50b9643587b69699eebfedaee78c51d80eac67306adbfae2,3686,part_0001.zip
TSP-squeezed_uniform-n80-g10000-1.sol.json,56e33017cdf33cb33401ef79403e35833e0d896ad19361f2dd45922a5a2e189d,3691,part_0001.zip
TSP-squeezed_uniform-n80-g10000-2.sol.json,6da8ee40758cd4302c4e6e295b7d11f2e50bf6b23d8fec4c9d0f188f9381d9aa,3691,part_0001.zip
TSP-squeezed_uniform-n80-g10000-3.sol.json,26aad6cbf105cb6ffcb18de1a018ed599da61586503030d7f33d7fb22a16a6f3,3693,part_0001.zip
TSP-squeezed_uniform-n80-g10000-4.sol.json,1267f88a9cd139b629317fe3c7bb5e78aa6082d5493278686c3d694c51c41871,3693,part_0001.zip
TSP-squeezed_uniform-n80-g10000-5.sol.json,04522f5fb32146ca1157a7a2eb28a49c200b4f5b82e5f3bc4c294cc84c76fe06,3692,part_0001.zip
TSP-squeezed_uniform-n800-g1000-1.sol.json,2d9ead9f6018572371e0e26e0c1ed92884c2751526075f9174926007f5959cd8,33874,part_0001.zip
TSP-squeezed_uniform-n800-g1000-2.sol.json,9b4b0e089465cbccd9948f1bed01f9f10667401c6ad3f21557dafb1d6335b5de,33873,part_0001.zip
TSP-squeezed_uniform-n800-g1000-3.sol.json,f5ae6786a4ec031c53871d8a8ff649844ab51b54fdc4408e308f3992a8d59c37,33873,part_0001.zip
TSP-squeezed_uniform-n800-g1000-4.sol.json,2320cca091848a88d7af327844c345723d84693c5725d69455ccdffdc9358d04,33874,part_0001.zip
TSP-squeezed_uniform-n800-g1000-5.sol.json,34f85e2cd3dcb64fc39066b56e7fcbe5eceff5626daab451fc5e291bdd30973c,33874,part_0001.zip
TSP-squeezed_uniform-n800-g10000-1.sol.json,94094f3cc1436a1f18be5f1d331a3f4345203bf9dee17c5c06063a16a7b4930c,33880,part_0001.zip
TSP-squeezed_uniform-n800-g10000-2.sol.json,a08dfc563204f6df795f8a3f184aa10d1d1f0e476b51e6ebf034cf211d6adedc,33880,part_0001.zip
TSP-squeezed_uniform-n800-g10000-3.sol.json,ef69b0b744cebf57fa126650027b43c7361c540d25e0d3c39253cf159b1ae940,33880,part_0001.zip
TSP-squeezed_uniform-n800-g10000-4.sol.json,63b74ecc2646a8a188029bd984fcf2447ec3c07f96bf45bfae05bf6c1569cf96,33879,part_0001.zip
TSP-squeezed_uniform-n800-g10000-5.sol.json,00a56dbd4bfcd66c5968fe9ff27378456bce1e7874746077b2dd2db05179e569,33902,part_0001.zip
TSP-squeezed_uniform-n90-g1000-1.sol.json,f4ebc37b47c9dc887e22990b3b7ddedb6f5e0b2147b3b70abbf66e7673d3055e,4077,part_0001.zip
TSP-squeezed_uniform-n90-g1000-2.sol.json,d4a97fdc6fc9b5b04b2cef9abb38d89a8552077c4dbb8d1fc2cf71f1385ad80a,4076,part_0001.zip
TSP-squeezed_uniform-n90-g1000-3.sol.json,caf13f1036d01e90356ecbbfa45c54eb94265568aeeecb6dc264b9e9ebac23b2,4077,part_0001.zip
TSP-squeezed_uniform-n90-g1000-4.sol.json,3bf192725cf3e9d44af29086e3a858eb127b1cebca30ac2c1bbfb5b2fd770f74,4076,part_0001.zip
TSP-squeezed_uniform-n90-g1000-5.sol.json,287666eb01a60d76446127eaf1395786f24db6600c422a66ec54a4b77af120ac,4076,part_0001.zip
TSP-squeezed_uniform-n90-g10000-1.sol.json,c4c3522cce323a944530b7f53bee79a14350123ebb8957275d1de1a858271ca7,4082,part_0001.zip
TSP-squeezed_uniform-n90-g10000-2.sol.json,66e2560cb4553d3c473ba04eca05981c2822f42480632690c4a1ca42992a2117,4082,part_0001.zip
TSP-squeezed_uniform-n90-g10000-3.sol.json,dc8f5dbbf9a6e2e70b886635256334bbe41cda4a24e2c55c1403c5eec339f03e,4082,part_0001.zip
TSP-squeezed_uniform-n90-g10000-4.sol.json,d7393cac32292a85343f2feaed13c8f2644f952bfb9f522d95034a1bce7f892c,4080,part_0001.zip
TSP-squeezed_uniform-n90-g10000-5.sol.json,532035e143f088ff540e5626df4d5cc4b34fccc97860157d50c753ae5d531901,4083,part_0001.zip
TSP-squeezed_uniform-n900-g1000-1.sol.json,74f40cfae6abe3aff3dc20eac7b8f79ef52fa5b8e48f79a3a5b5611ef994393b,38073,part_0001.zip
TSP-squeezed_uniform-n900-g1000-2.sol.json,9d2561f2709fb77c65c653f1c68174b7f6d505219436e7d1ac62745eb05e25e1,38074,part_0001.zip
TSP-squeezed_uniform-n900-g1000-3.sol.json,e3070372d18653bfac63f52ab49dc1675707cd41c7ed63316fa2680e7ca291d8,38074,part_0001.zip
TSP-squeezed_uniform-n900-g1000-4.sol.json,023d3a90af4315b873fa050a4d840da3ec203bce8823df9aa1b497eee50201b6,38075,part_0001.zip
TSP-squeezed_uniform-n900-g1000-5.sol.json,70cf553dd664fbf05f0f1ed3f412167ca938085d486e4878ec94723d4f56a92d,38072,part_0001.zip
TSP-squeezed_uniform-n900-g10000-1.sol.json,ba6fa1c728544212e4bf807441131291fc9283892b79f239c01a0c74370e2e9d,38078,part_0001.zip
TSP-squeezed_uniform-n900-g10000-2.sol.json,03cf2c1e3ce5c833851e9b8960cf5183a9a900ce7a18be2f2106171e5d5c18d2,38080,part_0001.zip
TSP-squeezed_uniform-n900-g10000-3.sol.json,2301d486a94e143cb8187644e124fd75ffc414267d5bbeb17cc70b9e28cdeb32,38101,part_0001.zip
TSP-squeezed_uniform-n900-g10000-4.sol.json,58a99f90609ab3f6e45b192e2bf1d30cc29723b3d1c475365dd6d45fa79a6cba,38081,part_0001.zip
TSP-squeezed_uniform-n900-g10000-5.sol.json,852bdb32bb1b046b3b02d31246b8d4c2e0f60d09dea53a480ae21148075632c6,38081,part_0001.zip
TSP-triangular-n10-g1000-1.sol.json,c464ed71dc7b67b63ab5ba51fd743953449953b40eb77ba92662e8b62ac0e829,945,part_0001.zip
TSP-triangular-n10-g1000-2.sol.json,55778f1979f629ed639a068d75201f608ce9342e8cf73d84cbd97f4d45e69fc1,944,part_0001.zip
TSP-triangular-n10-g1000-3.sol.json,ae3284d1f261c6db6dfa0fa9722a700b7d06e04d93f5731400250f60e9196680,945,part_0001.zip
TSP-triangular-n10-g1000-4.sol.json,6e843284f20ef7c312ab06df1ba67063beadd315b9c35add3e12271a35a313e5,945,part_0001.zip
TSP-triangular-n10-g1000-5.sol.json,ee2be028c4c12e5478b4e9e95d1af7629ee98feb8a1883b2efc536f99ce57cbb,946,part_0001.zip
TSP-triangular-n10-g10000-1.sol.json,68283cab9f7560c8f81a786b8b88267115aaf08247e7e06fa78e6f79b471d12e,951,part_0001.zip
TSP-triangular-n10-g10000-2.sol.json,40f953dcf00ca1105bdb50fb619b589d6bdbe72ee592f819ac7a554ea445c97e,951,part_0001.zip
TSP-triangular-n10-g10000-3.sol.json,9a9fb88172b311f26e2fa3e800080057a8f8b09d163f1e03c73bf7088b12d605,952,part_0001.zip
TSP-triangular-n10-g10000-4.sol.json,6301a34e43624c95afe2608291508961ac7264bba13923eb914e3f9003ed7a48,952,part_0001.zip
TSP-triangular-n10-g10000-5.sol.json,248b6691d163e94d89fc9964f4e328159589346b55daced8d7ea34441873336c,952,part_0001.zip
TSP-triangular-n100-g1000-1.sol.json,be95da1453ac041c2c7a84f78a72e9105fc112e5077739e73bb968318d6aa265,4460,part_0001.zip
TSP-triangular-n100-g1000-2.sol.json,4a596186a5d43dca042932e9668689e4496f072ef7dc04fa05a774723c498052,4460,part_0001.zip
TSP-triangular-n100-g1000-3.sol.json,f23065027ff1733b0d209c76cb32af4479149ea789fd1f2518310ca65a86e19e,4460,part_0001.zip
TSP-triangular-n100-g1000-4.sol.json,2771cd254736452d16355336d7fca358ede67d7bb996a20a061f9df784522ba2,4461,part_0001.zip
TSP-triangular-n100-g1000-5.sol.json,6def29c56444d4d12720e5ca16b897b9dfa09c9374a7c8e108ea298c08cd455f,4460,part_0001.zip
TSP-triangular-n100-g10000-1.sol.json,309be58d2e45572488000c9780bd8209848c00677c49d15f727be0104e9599f5,4466,part_0001.zip
TSP-triangular-n100-g10000-2.sol.json,d5e744550d2abeb6c85c5751481817fc5d2f8f8cfecb6b606d5123606d2f077b,4466,part_0001.zip
TSP-triangular-n100-g10000-3.sol.json,b780650a0d1a188debae4fe6cc3c73b8c5606c8ba5986f9fb7b07782333bc174,4488,part_0001.zip
TSP-triangular-n100-g10000-4.sol.json,8b0abff21d97f72bf81d421770912a9f848e69a1bce45238307995188237f401,4465,part_0001.zip
TSP-triangular-n100-g10000-5.sol.json,a71296b48e841b04d73a33c2bab87ed7a95dba38d29346affebfa59b91fac647,4465,part_0001.zip
TSP-triangular-n1000-g1000-1.sol.json,6b9033bfe5d94264b48114cd7ea1995b55c5cbbdd78dfbca81bbed6b246aee14,42269,part_0001.zip
TSP-triangular-n1000-g1000-2.sol.json,e8f6c29ac9ff3e9569519fb3b59951dcf299308a4274940361e2ec857b5bdf0b,42268,part_0001.zip
TSP-triangular-n1000-g1000-3.sol.json,4e4c456551457ab7b47bcc54c7f50096a03815a0fd2a074d2e49dccbe4ec91e6,42267,part_0001.zip
TSP-triangular-n1000-g1000-4.sol.json,e07f0a649383cebe47c60f9914f9d04c25f53b0f574d75c5167bb520e07c71d2,42266,part_0001.zip
TSP-triangular-n1000-g1000-5.sol.json,996d17f8c05070801ad33e0cc8f4aec20924821980e1bf54212afc4f6ba9d4f9,42267,part_0001.zip
TSP-triangular-n1000-g10000-1.sol.json,07e165ec604ec1dc972146f47b1dd9166ba9fd356832715e586177abe54dd14f,42296,part_0001.zip
TSP-triangular-n1000-g10000-2.sol.json,99d9e9c560c1c3c7ddc5ee969151c2bd310107371e90ebcc7b7c0ba658347dde,42273,part_0001.zip
TSP-triangular-n1000-g10000-3.sol.json,0bfa40f0d8533b041378a3aabc5c51e0ee86e6d0a5687e31aec0616cac79cb5b,42274,part_0001.zip
TSP-triangular-n1000-g10000-4.sol.json,84e358a1275e9a726845769a6671b9fbde828cf3a7f6f25f69502ae20b602da4,42275,part_0001.zip
TSP-triangular-n1000-g10000-5.sol.json,25bb88cc9cd828a1254bc0d74a5586af0b3570991e0f91fcfd3fdc7ebe9f8e3b,42273,part_0001.zip
TSP-triangular-n20-g1000-1.sol.json,348f6f8d03ecd03ebc10645bb466732bbd1302ab7ff22ca0ff39ccd171ad9398,1334,part_0001.zip
TSP-triangular-n20-g1000-2.sol.json,04fb541cfa9cb7af86c4321804ad83b6b1b2b32cb624ba00d2543de78ad8df90,1335,part_0001.zip
TSP-triangular-n20-g1000-3.sol.json,9616dc93bdb2011e59ab06055da2fa5b2480fd1eb1e29174bc9f2e89381fbbd3,1335,part_0001.zip
TSP-triangular-n20-g1000-4.sol.json,acda4a2be1e167269477bb15a733b2d1b41a85f8a3dedbe07fc80d69b38073c3,1333,part_0001.zip
TSP-triangular-n20-g1000-5.sol.json,071b68adf34819c00da88b319371c08cb0601ff1dee8a490aeb5ebb9b3f602b3,1334,part_0001.zip
TSP-triangular-n20-g10000-1.sol.json,adfdb1e65ef3ef5423db4481e2075ad9a1cb57edd8a9936d662757b37c981806,1341,part_0001.zip
TSP-triangular-n20-g10000-2.sol.json,aaaf10b29ebdcd6f62f483fa21b05bf401148ace000fb94845e3d56cc218ca36,1341,part_0001.zip
TSP-triangular-n20-g10000-3.sol.json,4b6dfbaa1356451ed49007f2467a43928c9a0c51f8e6fac6ce01718dba5a2d4e,1339,part_0001.zip
TSP-triangular-n20-g10000-4.sol.json,208c8ac8f0b4437281b1956c4b960f63325409f3f5b3d005555ea30d45a1cee0,1341,part_0001.zip
TSP-triangular-n20-g10000-5.sol.json,640507447a53e818704059a313a697339beefea2452010f3c403861dfefc91f2,1342,part_0001.zip
TSP-triangular-n200-g1000-1.sol.json,0d7a925a98c357e01f48cc99ce237fc1ab3f81b6789bc48fb2ea423227d589c8,8660,part_0001.zip
TSP-triangular-n200-g1000-2.sol.json,d7163f1c8b15919b9054ee8d525f59e7d3aba834ee1995bbffec04c4dd5d5cc7,8658,part_0001.zip
TSP-triangular-n200-g1000-3.sol.json,66b6e138dbef3562fd213f9e8b833301a5a65f8580716260b1deb59886582328,8659,part_0001.zip
TSP-triangular-n200-g1000-4.sol.json,ad8c1c636f29bbb29e905fd764f8a18c3f944671f857f6e4466fdb2177d7f3a0,8661,part_0001.zip
TSP-triangular-n200-g1000-5.sol.json,eab864200a7c4f8a522443d97cd1d635cabeff4b62f322bfb169e410fe153730,8658,part_0001.zip
TSP-triangular-n200-g10000-1.sol.json,b68193db918bec30ecf0cb738f5fd6648d7e2c50cc9ce44ca341d40c7fd131eb,8666,part_0001.zip
TSP-triangular-n200-g10000-2.sol.json,8f1f0666abdd7539d8b1d00bc5749f2a16c6b1b0a9f703280c1daaa7d0087df8,8665,part_0001.zip
TSP-triangular-n200-g10000-3.sol.json,fe966830260b9f4ca563790ce5222fd469ae307855bf930f875219f4a892daf2,8665,part_0001.zip
TSP-triangular-n200-g10000-4.sol.json,293e3450746d96ff9e4355a8d64598700c1ac99bfe1f5dd7950a0d43727d53bb,8664,part_0001.zip
TSP-triangular-n200-g10000-5.sol.json,67831a3591d34c4ca123cf69d2cbb9f3479e52e4ec823015343266f2224f6245,8666,part_0001.zip
TSP-triangular-n30-g1000-1.sol.json,4fc72a7660884c4af085d79ccc973f96ee939853bc34b7685bd0a8ed3ac23be3,1725,part_0001.zip
TSP-triangular-n30-g1000-2.sol.json,63b268b72bd81bfcd970cb32b08e55c94b01b1bd2cecfae1cfe2763f1d6fe180,1724,part_0001.zip
TSP-triangular-n30-g1000-3.sol.json,7f518a78c0f06c5e8b0262aeb5b286457812f966aa178353a4d610c017d82c48,1725,part_0001.zip
TSP-triangular-n30-g1000-4.sol.json,eaec7baf382c978c86bea1f805b7cdbaf8edf30f35719470d789aee605d6ad16,1725,part_0001.zip
TSP-triangular-n30-g1000-5.sol.json,2926f0a894d08939a6771daf5f2eff2611ec4b4bf3b0ebcee1e4d75a2df4f526,1725,part_0001.zip
TSP-triangular-n30-g10000-1.sol.json,4683c5249de3011fccdc85e40dfdcf256afbd63ef111cee402376d6bfa619fa3,1731,part_0001.zip
TSP-triangular-n30-g10000-2.sol.json,d7021f5c7b67c583e2c7c153c7c35ad8d727d84a7949173d0d63c3936e600d8e,1732,part_0001.zip
TSP-triangular-n30-g10000-3.sol.json,302f24274f942a928c78ddddba17e795e6a45050f0ab8f3d9d7724e8cdb2e74f,1732,part_0001.zip
TSP-triangular-n30-g10000-4.sol.json,05d98335974e7520a77d463efa6a779f07de56d94d812db5f0c1f4fe524d7f28,1731,part_0001.zip
TSP-triangular-n30-g10000-5.sol.json,13287becdd9b12976e606dc59bb30de9958b104fddbe9cc075a106f42eec8b8a,1731,part_0001.zip
TSP-triangular-n300-g1000-1.sol.json,4e467865dc1905beeb1d22f108172888f0d5b9a92ee55b04c59408f1c2873b6e,12861,part_0001.zip
TSP-triangular-n300-g1000-2.sol.json,32ad9635635c754692e737807835e1642c8701d045ae42b6fa3ae3e7b758b88a,12861,part_0001.zip
TSP-triangular-n300-g1000-3.sol.json,face45041745b98096bc50f47a1c6e1e13383747a41bc18738c350b5c1b1ded2,12862,part_0001.zip
TSP-triangular-n300-g1000-4.sol.json,efd8169bf3d5879b1d787da00f641d9cacbfeadda0b3e0fb2255cc3c3acf2b68,12861,part_0001.zip
TSP-triangular-n300-g1000-5.sol.json,c1ddc4c3ef243f19a76dd36884680214653020c8d493857e3107283d16333d2e,12862,part_0001.zip
TSP-triangular-n300-g10000-1.sol.json,7b3d7cf225ff9487a191f7438c2b16ed03ddf09368395613cdc78cc81be11104,12888,part_0001.zip
TSP-triangular-n300-g10000-2.sol.json,980ca9ac995e8cdd8e52e06b253698ee03393fac7c663fdbc34132dd3eb54f45,12868,part_0001.zip
TSP-triangular-n300-g10000-3.sol.json,4e21eb2a6276562688046154b8def7461fcf0b6dd26c68b4c33cce98c5e92cf4,12869,part_0001.zip
TSP-triangular-n300-g10000-4.sol.json,aeac9989acf7025e69f61746a5a8171120c94cd81cd4086e3af423bc4e06fadb,12866,part_0001.zip
TSP-triangular-n300-g10000-5.sol.json,dfd4ad426d87f05ce5820b59644898b60c4cb11d35725c359dab8e0dc896b2dd,12868,part_0001.zip
TSP-triangular-n40-g1000-1.sol.json,3f512193ab7b2d0ae464dd41352ea00703e1622746ffc14cecd4e08f911e6025,2116,part_0001.zip
TSP-triangular-n40-g1000-2.sol.json,9de74981905c767dd03d49484d5a11cc913c75ff8d3c1af5e4c90d08563c625a,2115,part_0001.zip
TSP-triangular-n40-g1000-3.sol.json,ab67c28ac5aa5f1dc04305ec99df689fd3c2f8e6cde1e32e7373e96273583ec4,2115,part_0001.zip
TSP-triangular-n40-g1000-4.sol.json,9497fb9af429b931f152f6fa551cc2d4a11d98921255c600534139ea3d9f49ca,2115,part_0001.zip
TSP-triangular-n40-g1000-5.sol.json,962ee632e2f128f1d02614a14a3b2bce1491b708102f4305a471fab654b6430e,2115,part_0001.zip
TSP-triangular-n40-g10000-1.sol.json,9fb5b4a99972e258c0471cd6e0fcfd144252c8f4451c567111793712596778c0,2121,part_0001.zip
TSP-triangular-n40-g10000-2.sol.json,f21f0038b7d9a031989f472532c8f767e101c6da09cf9198f3d5e2e8d2d6ccb9,2121,part_0001.zip
TSP-triangular-n40-g10000-3.sol.json,e2f211d8d7b9486870d2b4b8f25e5707b294e93e8a58d8ea66f4f0951bbd10bc,2120,part_0001.zip
TSP-triangular-n40-g10000-4.sol.json,5ab173362af41c18d226653a720a5f9f589f933dd7466e76da84acdc830a1906,2120,part_0001.zip
TSP-triangular-n40-g10000-5.sol.json,f552c07d816cba2390282e9f104ef56b2b13a649a06429a491ed6fbd02176e73,2121,part_0001.zip
TSP-triangular-n400-g1000-1.sol.json,9ee2ecdfb1e77053305ecbdc36123e9a2fbe124303746bc68eadd1b458df78c3,17063,part_0001.zip
TSP-triangular-n400-g1000-2.sol.json,f105de92874e4e8f50f161efcf6b17888f6f6007dad64b03563925fd8944c4d8,17061,part_0001.zip
TSP-triangular-n400-g1000-3.sol.json,14620f753e1bcb12e49c57be7bb7e0ee3102243fed5103f060a3cfe6d659e90a,17060,part_0001.zip
TSP-triangular-n400-g1000-4.sol.json,59e5d82b53914f105b3c910e72eaee83926d43f02f5a94752bfbeff7f6e96380,17063,part_0001.zip
TSP-triangular-n400-g1000-5.sol.json,078c5d302503505e3b785e7a68a3f3949ec5885d64ad713fe1d5826ad18dbfcb,17062,part_0001.zip
TSP-triangular-n400-g10000-1.sol.json,fa9e3125658aa8d96c02ab42c783615d94505ef45bff311dded6d4a35b74a79e,17068,part_0001.zip
TSP-triangular-n400-g10000-2.sol.json,4d53f0c7cc3d03630ebd24e4bacce9352c22a4a5f7942898496d306155a839e8,17068,part_0001.zip
TSP-triangular-n400-g10000-3.sol.json,7d2b33c701411961a8191b531cc6d9ee58a2dc71d814ae83eae357bcabf82c01,17067,part_0001.zip
TSP-triangular-n400-g10000-4.sol.json,abb1fef68479c45b5f497fc684f337aee2f0b0af2a3f930197621faf5826560a,17069,part_0001.zip
TSP-triangular-n400-g10000-5.sol.json,c399d5dbd92eae571c72fbaeefd0a4152ebc2e637e7c5ac076219cd1bc48c0e0,17068,part_0001.zip
TSP-triangular-n5-g1000-1.sol.json,7449337e9ca8fbd6ce6813f0809092f42b39be7c1e0702a18f75396a03f46f29,759,part_0001.zip
TSP-triangular-n5-g1000-2.sol.json,b2b39f3090cabe344720606fc564c633bd7201797c2024c8abff1f305e37c051,759,part_0001.zip
TSP-triangular-n5-g1000-3.sol.json,53f73ad7d380c0075696d9d7d3275d4daf7c2582980150edd90b908b348469c4,760,part_0001.zip
TSP-triangular-n5-g1000-4.sol.json,c7356dc25a4c6a4826dd551c490d5dad8cc4ffc4ce6080e9f9e29f3e7758ed88,760,part_0001.zip
TSP-triangular-n5-g1000-5.sol.json,5e707e76edd1a36f8365d4d6c5903fa826ad8befca02c34ffa3d943fc30e1fa8,760,part_0001.zip
TSP-triangular-n5-g10000-1.sol.json,ebf4865210f685748e613ee8a7182497891abb2fbf21da4f2931312265562769,765,part_0001.zip
TSP-triangular-n5-g10000-2.sol.json,9e252d70017563c8bdf9207de7ad9f1ee3785ab5b0d8dfa0909f1e793a6332cc,766,part_0001.zip
TSP-triangular-n5-g10000-3.sol.json,a8aa2771afa07067a88d1d1adabe06eea9793e7d4055c05cf4efd5b9a208e5e5,764,part_0001.zip
TSP-triangular-n5-g10000-4.sol.json,45754838202dd2d401afdb7fddf3a54e048f316f39e4de0da2371e2415cd7086,766,part_0001.zip
TSP-triangular-n5-g10000-5.sol.json,314704491b54a6e937208e3bd0c5e9f3f2581c4b8db61ce7647cdbd78c49fb13,764,part_0001.zip
TSP-triangular-n50-g1000-1.sol.json,e8b5e1008e53334b44b1d4d149fce4ac782b0482cb14d8618856689de0e2edb4,2505,part_0001.zip
TSP-triangular-n50-g1000-2.sol.json,2a666d6d404af4095f93dd7109283e093243a2cacc00e35ad4dfe6417a305748,2502,part_0001.zip
TSP-triangular-n50-g1000-3.sol.json,c83aee113a9f33867451d5c3d5e4d4da5eb42ac6c050dd3d2ff505d58369bf05,2504,part_0001.zip
TSP-triangular-n50-g1000-4.sol.json,10bcfb5701b6751e076d449d7a52609ef8b831d04fc6646faee395cc286c3639,2505,part_0001.zip
TSP-triangular-n50-g1000-5.sol.json,26bfea33bcd4fc3d878382eb308fc07f6239ea52d93990efa856a2d845ad24a0,2503,part_0001.zip
TSP-triangular-n50-g10000-1.sol.json,ba107f2d31e0fe6512748810c1bd4516e4a7fdf885a038908cfd1b20dfc0ee8a,2512,part_0001.zip
TSP-triangular-n50-g10000-2.sol.json,b562ee29661ec88344353960057e62473f5387057ecf64902eda130526c93757,2510,part_0001.zip
TSP-triangular-n50-g10000-3.sol.json,08b426814aa4f219c7b3ef469564f1b4ebd3f11663bdfbc093d620292fc300e2,2510,part_0001.zip
TSP-triangular-n50-g10000-4.sol.json,b4bf1725b96868345fd8ace2c5264e06871eabe25605328ddfa47885e5a31935,2511,part_0001.zip
TSP-triangular-n50-g10000-5.sol.json,c2cf6dc83b35b6c1a1dcfd4e08dd763019e452ef2a5b62f9951e1b1b67894eab,2511,part_0001.zip
TSP-triangular-n500-g1000-1.sol.json,e1a8b92a517a42c6c2e5b8a6a11cf8b0bf8dff598b4acca38d7845da1cbf94ad,21260,part_0001.zip
TSP-triangular-n500-g1000-2.sol.json,43bc654227656c9b4094c251a64e585712633bf3abedcaa2d2116044f83a1e97,21263,part_0001.zip
TSP-triangular-n500-g1000-3.sol.json,d083a79b3ab49ddd46ef54849ef933d949b33b833c9dd08dc35f46f129920132,21263,part_0001.zip
TSP-triangular-n500-g1000-4.sol.json,7c55f9ad79155b818e708389cf05337f2b3f5709c04b52e962824bc5621fd059,21263,part_0001.zip
TSP-triangular-n500-g1000-5.sol.json,2665e673b82efc76d7d575291bbcb77f7882528cef7952a2be2dbfadeb06f079,21261,part_0001.zip
TSP-triangular-n500-g10000-1.sol.json,7aa139bdca3c260d1cf8bb4a5d4c86063956acebe74567499ed05d4a67f87824,21268,part_0001.zip
TSP-triangular-n500-g10000-2.sol.json,e70182aa77fe548ebaaa126fb2565e01685421b1f93657e8db2d19c1f715fb6d,21268,part_0001.zip
TSP-triangular-n500-g10000-3.sol.json,64f2ba9cf04753f011399c21be84a9bb96e2a313d12436af53b261a258814c22,21269,part_0001.zip
TSP-triangular-n500-g10000-4.sol.json,bbf236f8afcfb590044a3d438b6f92078ada34ad6135bd0fbe022089c4f6891c,21266,part_0001.zip
TSP-triangular-n500-g10000-5.sol.json,f50506439e892c53d92b749443d4349d5649d74a0c148fd680b81d7b2b8d28fa,21269,part_0001.zip
TSP-triangular-n60-g1000-1.sol.json,9438ce34cc3d595f1889051aada0fd18d49dc4cb827c0f63881b0670c6497c55,2894,part_0001.zip
TSP-triangular-n60-g1000-2.sol.json,a2a872d41c4c6058d5b779dfcad71db8f39e29d6f579271ff90a92dac1eea662,2895,part_0001.zip
TSP-triangular-n60-g1000-3.sol.json,5de3905ba1f91bd0082e7d701bcfb431c892cf678997daeabdbca5f516ce0eb0,2894,part_0001.zip
TSP-triangular-n60-g1000-4.sol.json,d1bae70afbb2c8a3d0bd77e05f07fdbea4a8600fa34eb661a9d97de33a8719cf,2894,part_0001.zip
TSP-triangular-n60-g1000-5.sol.json,dcf2437069c7ff255454b579add13cfb4e98129c90bb9ba6dec90269c587411b,2895,part_0001.zip
TSP-triangular-n60-g10000-1.sol.json,de9f1257fa18b9024c84c0d2a88cbe291b62811f56932f66330e8dac9cfb740e,2901,part_0001.zip
TSP-triangular-n60-g10000-2.sol.json,1cf4bddc2528ebc99e93e924837ff95acefa54e906839322b2de6c0e74b0e621,2899,part_0001.zip
TSP-triangular-n60-g10000-3.sol.json,9b8538e7883f4b63ae52c6137ef7ef56cac327fc1639166774e30839c37fbe04,2900,part_0001.zip
TSP-triangular-n60-g10000-4.sol.json,dd8da6133f72460fa14d952a01121b7984d495e1181cfcbfb4fd06617043ec95,2901,part_0001.zip
TSP-triangular-n60-g10000-5.sol.json,d2c4e06ff259c58826fd4befd389be392a0c3fc640d93c8a629f18addb5b0a9b,2901,part_0001.zip
TSP-triangular-n600-g1000-1.sol.json,74d258636e37a1cbb5e7d89527f4878e5040c3d476f63a511972e65004699d90,25483,part_0001.zip
TSP-triangular-n600-g1000-2.sol.json,15551d770577427f510c57686d1bd41065ab6b8b8c85111afdced9a9c2f3887e,25460,part_0001.zip
TSP-triangular-n600-g1000-3.sol.json,c2b2151b78f9102cc94038d139f97ff3f9092bfca5bb0f65f50463463ca6364e,25460,part_0001.zip
TSP-triangular-n600-g1000-4.sol.json,6871d168723ba36bbea22e26a0835dde87295eab469734dddb37e1927801a072,25462,part_0001.zip
TSP-triangular-n600-g1000-5.sol.json,663d4787397588b96f98100e4f78680f4139389e404a4be5f939bd5d9e958561,25462,part_0001.zip
TSP-triangular-n600-g10000-1.sol.json,bd498380f71b3149ed5a77078ca25569d2b2e15a86d0cc0f357d0ec461ad29c1,25469,part_0001.zip
TSP-triangular-n600-g10000-2.sol.json,ddaa27998abdd1a46453aa4947328ad5f8323a9d25113964fc713c8e896260f9,25488,part_0001.zip
TSP-triangular-n600-g10000-3.sol.json,aa436e266f1a2b4ed207e04e989bd9aef9046c4f488b7bed3f5162fb15869089,25469,part_0001.zip
TSP-triangular-n600-g10000-4.sol.json,090354747c78bea115f3b827ef69b0a0604f68ef3553238dbbfe356d3d814068,25467,part_0001.zip
TSP-triangular-n600-g10000-5.sol.json,a86d9aaf3ea5676505fd9701d593ec27a054dfa3c9521a63a71441bdf1125f4d,25468,part_0001.zip
TSP-triangular-n70-g1000-1.sol.json,9e149c48ab612f453aa0025fa68a58c6568ecdfd4a30bddaad6f3611b9ecf71b,3284,part_0001.zip
TSP-triangular-n70-g1000-2.sol.json,2f94b5a8447f7e087d9e59c85a6218138fc3d197beeb36706038215e38039a84,3284,part_0001.zip
TSP-triangular-n70-g1000-3.sol.json,0bb59c5ee5051e908e95e6fd41d5c7b4c01605a88abd5299e31ab912bd25b6a6,3285,part_0001.zip
TSP-triangular-n70-g1000-4.sol.json,ae89e01441064ad010e2bcb6b0c6b37d1d71c0556842701a5d8d6b27d24ac859,3284,part_0001.zip
TSP-triangular-n70-g1000-5.sol.json,ee1eec757077bb144a8dd4714184866b7eccc16d546610b2eac0f3bb5fadc4eb,3285,part_0001.zip
TSP-triangular-n70-g10000-1.sol.json,4a08874e83e843631d21d9d9166dac8128cd0309059a211c125bd05a1eb39396,3291,part_0001.zip
TSP-triangular-n70-g10000-2.sol.json,773a9b345b857a16849cea14309312d7444768048ced423fc0f2e2cb22d622fb,3291,part_0001.zip
TSP-triangular-n70-g10000-3.sol.json,397d572e8b6fa3a4e156556d3f9e6ec2b859202bcf30d653913ec2a1c48cdf02,3290,part_0001.zip
TSP-triangular-n70-g10000-4.sol.json,924bc5da0e09471daf873d749d4c4bca19b80e962a7c6f100b8cf06342ba3a1e,3291,part_0001.zip
TSP-triangular-n70-g10000-5.sol.json,98f2a58d84e50873292fdde10756ef46f1064e0ea088360200aa48919e19202f,3290,part_0001.zip
TSP-triangular-n700-g1000-1.sol.json,141f792d57c39cbc1a21286818c0f444bc1f10d4a555c061a6449af0d519f2a6,29661,part_0001.zip
TSP-triangular-n700-g1000-2.sol.json,9696155b0be7c42d2fe717473a6bdc276f26af14fa17ecb595df9215e6c48a0c,29662,part_0001.zip
TSP-triangular-n700-g1000-3.sol.json,4d4348fd426abfeefec6d40e4cbee9529150a41c9617f1098dbc247b7269dde7,29661,part_0001.zip
TSP-triangular-n700-g1000-4.sol.json,13147ee109aec91f7b667483d8ae4cb1e187e5d78d6eb0bd9627c246d1eafd80,29662,part_0001.zip
TSP-triangular-n700-g1000-5.sol.json,d66d7758c4e0c37814b30a56835a452259d6f5547c5d8f3007790dd46fb4bf2c,29660,part_0001.zip
TSP-triangular-n700-g10000-1.sol.json,aa8323e48e91a6f4ddad6c3f3faa79d71fe43179c896f11e92e9ddec95d9195d,29669,part_0001.zip
TSP-triangular-n700-g10000-2.sol.json,5bfcaed87eeb628c6c3b9ff87e30de9bd5f7b96ae79a987d696343cf0ff15b3f,29669,part_0001.zip
TSP-triangular-n700-g10000-3.sol.json,5310b09f875822e4021cc6eb796c6d0e03522af565039a0e4e2f186244001c13,29667,part_0001.zip
TSP-triangular-n700-g10000-4.sol.json,3897c7853bdfcd0cadf1fd4f2f29503cfb161970f0dbb347a67a8f71ee3e63fe,29667,part_0001.zip
TSP-triangular-n700-g10000-5.sol.json,20bea7a70576389bf7d7c234f57f35240e6e5dcbd87f493b17b8497eecc1ae71,29668,part_0001.zip
TSP-triangular-n8-g1000-1.sol.json,1b3a5c09be12b7d1837a31266247c0e4c214c29e25c27b9ad97e3016b41c1fad,865,part_0001.zip
TSP-triangular-n8-g1000-2.sol.json,4175c2666765e37667ee26ee699c0a02e39feddc3ebfb097307627726ec64472,867,part_0001.zip
TSP-triangular-n8-g1000-3.sol.json,2c9f7514e14e11640337cfb12ba4f7b68b0e90c0c82216edbdd5a4e707fb64b7,867,part_0001.zip
TSP-triangular-n8-g1000-4.sol.json,52b4d6d9df6b70b228ad925d32d59954fe40492e19c64ccfbd4d46c5aee4210b,867,part_0001.zip
TSP-triangular-n8-g1000-5.sol.json,05a02ec0bb15c98eb46964214405325ae6c82627add3d88e561a818e26b04ad2,867,part_0001.zip
TSP-triangular-n8-g10000-1.sol.json,859f55a2f277cabd48b3deeb150f9b3b2ef52cf30132cce3d84cfd9021f048b1,873,part_0001.zip
TSP-triangular-n8-g10000-2.sol.json,c4ed64de1c3c48a239861fe9939fea03e9129cf85dbf771a746833c7012e0df8,874,part_0001.zip
TSP-triangular-n8-g10000-3.sol.json,11047fb136236ca5d735e80a12b8a8ead1919ea5f183c70e6d504d53a85e32b3,873,part_0001.zip
TSP-triangular-n8-g10000-4.sol.json,97665762cf141106075a533a7b29c0b1ee273ee4e4736c92c2ff8ca056af1711,874,part_0001.zip
TSP-triangular-n8-g10000-5.sol.json,0e286b1b758aa2af07a0a6dbe0e2e2f9a2304403ac4e0d08c666f7fc56cd379e,873,part_0001.zip
TSP-triangular-n80-g1000-1.sol.json,512ab5a9d4ca7b9a1b8048e09f09cd0ad758c6058359955861de3a41cb24f0d8,3675,part_0001.zip
TSP-triangular-n80-g1000-2.sol.json,ddce8b56e0ce04e8f75871104320170850cae7918723efd96ee4dda599e6bebc,3675,part_0001.zip
TSP-triangular-n80-g1000-3.sol.json,7f60d0f845fb99ec970be50981a85705118bf890f88b740c82cc2ff5309c2972,3675,part_0001.zip
TSP-triangular-n80-g1000-4.sol.json,38e59758328237139f6133bad78cd2b543f5560da1e1c8ac08530822e0aff8b1,3673,part_0001.zip
TSP-triangular-n80-g1000-5.sol.json,f2803c1bf0bfd38dac50479c65a3eede11118456b3fea5379338439ceb571f8e,3674,part_0001.zip
TSP-triangular-n80-g10000-1.sol.json,53a332358cbeb5f60a5632ef809022a9672ecc9e785b15cd79fa29389d04a91c,3679,part_0001.zip
TSP-triangular-n80-g10000-2.sol.json,f02e276d08c920166258745b026cbb73944a6f5fff1daeb37698ddb0e5db754b,3680,part_0001.zip
TSP-triangular-n80-g10000-3.sol.json,dcd18e22be75baf73b3328049a339d279c778d163dc0c0b5dbc4b7b1baf0c0dc,3681,part_0001.zip
TSP-triangular-n80-g10000-4.sol.json,795d47b07493b924c505297983589e78e0262773708904e3ab9da394026a535d,3679,part_0001.zip
TSP-triangular-n80-g10000-5.sol.json,7ce7eeec57e27d9a3d0a21fb031c5fa5d41fe9dcb964e9fbd919c8f8e599a9fa,3679,part_0001.zip
TSP-triangular-n800-g1000-1.sol.json,45f7068d5fa47f6a250d2ce09f7ae5cd739be94e43f3fbb4734384126c013100,33862,part_0001.zip
TSP-triangular-n800-g1000-2.sol.json,8ed0138fb3925220d13e768ce77e1842bc85b1ae048d0b328b989a8275d58599,33861,part_0001.zip
TSP-triangular-n800-g1000-3.sol.json,a57c3dd28639c4485707d901a2cb66f9a8b142613665c9b9a44792bc25c1c010,33861,part_0001.zip
TSP-triangular-n800-g1000-4.sol.json,e238fff73a1ac480d9ff87de3a9e0e1e79c890b883563d7499d85ab09cb2d2fd,33861,part_0001.zip
TSP-triangular-n800-g1000-5.sol.json,d1ba675b89a323cbdf62ef91c51ce5ddf071b08665f098340adbb7a8049d48fb,33863,part_0001.zip
TSP-triangular-n800-g10000-1.sol.json,51e20e58318c7a7c98cf2e837481e0393f9b8f52b50968e862d489c13fd6b58a,33866,part_0001.zip
TSP-triangular-n800-g10000-2.sol.json,a9356abe9300ca3c49d25c43ea74470402a0529d2832245124adc719d410cee4,33890,part_0001.zip
TSP-triangular-n800-g10000-3.sol.json,bacfcbdccca76aeaee44fa9b965423293054b1a83115c740e2fc6147dc9cfba8,33869,part_0001.zip
TSP-triangular-n800-g10000-4.sol.json,f2a81d2f423816bd6ab9d83ddc5c06c67f8cf4f60abc1cf6e9e4e6669918fad4,33868,part_0001.zip
TSP-triangular-n800-g10000-5.sol.json,2535680c47b3e292324036223949c84eeafed3789be75e61fe83383a3f8385d4,33890,part_0001.zip
TSP-triangular-n90-g1000-1.sol.json,9bb6b5836c97495df35f86743bed4ddfc6d170983ca86b5743788ce07e12a6db,4064,part_0001.zip
TSP-triangular-n90-g1000-2.sol.json,aa99e21cc3cfa61d9481b0ad777912ccf57f6553fa1ddfab98f524622877b791,4065,part_0001.zip
TSP-triangular-n90-g1000-3.sol.json,edcbdf14bd0ed00ad61f95dd3415b89aa85c1c5574a840a1ad2c92a8e4ffc79f,4064,part_0001.zip
TSP-triangular-n90-g1000-4.sol.json,205a75473df216f75d08d26d65ee9016ff348571bd9d987751727419fcedab9b,4065,part_0001.zip
TSP-triangular-n90-g1000-5.sol.json,8e2fd04c14776b6e2823474141be911c435e2a3eb178733b50c6027ea6483551,4064,part_0001.zip
TSP-triangular-n90-g10000-1.sol.json,91490d3541b83d5847584ad3fe44f1f26c5ae182ff681bdd70282ff4dd9547bd,4070,part_0001.zip
TSP-triangular-n90-g10000-2.sol.json,6adedf5a41e630b562b3ae503704859f685db7296ee4f00c4abb635c7876e07c,4070,part_0001.zip
TSP-triangular-n90-g10000-3.sol.json,c0e1d1403c8dc7cad48b3f00a8d37caffd00ca539672f6246d9659b41eac35b8,4071,part_0001.zip
TSP-triangular-n90-g10000-4.sol.json,165b2570eed1dfed6b5042ac19602a43ebebcdcf16e330a31f1b9aebaaf11d57,4071,part_0001.zip
TSP-triangular-n90-g10000-5.sol.json,09fab6f55e37d21a4d65caeb4e6a7a51a5e66d789a45a7d13185bd63d4b891c8,4068,part_0001.zip
TSP-triangular-n900-g1000-1.sol.json,cfc1bcc87fc811cc7a349d5d37f1a494eab359ca5587e33dcd47e25fcc630b97,38061,part_0001.zip
TSP-triangular-n900-g1000-2.sol.json,49dbbba492b7ee562f4f00927835f0ca960e3916fd2af770761869b5caab6b87,38084,part_0001.zip
TSP-triangular-n900-g1000-3.sol.json,3103c92ab779e8428b2f3abcd879c047b17da2a630974b6a021a5cc6bd136673,38060,part_0001.zip
TSP-triangular-n900-g1000-4.sol.json,b28975b5a50ee3594ed779be268a31cb128c24545b72269f01f91f27e51292e3,38061,part_0001.zip
TSP-triangular-n900-g1000-5.sol.json,5b56ec124a0156f534503d1de51215f3f792d85614e599d991cd4e2e7ad4c5d5,38061,part_0001.zip
TSP-triangular-n900-g10000-1.sol.json,8660fc7d0806f7f0896757a95dbd57a222d1c10ea5c403f47ebaa2e77c5644f9,38067,part_0001.zip
TSP-triangular-n900-g10000-2.sol.json,2fa66f7d14767cc08c2f4af8d1aee395308063978aa66333ffef454eae73e599,38089,part_0001.zip
TSP-triangular-n900-g10000-3.sol.json,75b2ec70daf3ac5c74ea35edd0fff915f6ac49dd2eb1777594682b8050142f1f,38067,part_0001.zip
TSP-triangular-n900-g10000-4.sol.json,1cdaefe79b3ee620f75206ba43a3267cd5fb7fe7a21202f0bbcf3b245adbe890,38069,part_0001.zip
TSP-triangular-n900-g10000-5.sol.json,9174779de8877471f34553b4095643e16ffaf16f8a5d547ce64c28cc18f4dc0b,38089,part_0001.zip
TSP-triangular_squeezed-n10-g1000-1.sol.json,9ffb57c692ecfbdaf6acef9a718b951f92fa082eea38efb1f5c7611e31ffdf01,964,part_0001.zip
TSP-triangular_squeezed-n10-g1000-2.sol.json,ea19c217a3d9521f93964dea6c0106b71d13a11774c032588214387852bb4e48,964,part_0001.zip
TSP-triangular_squeezed-n10-g1000-3.sol.json,22f1c6e4e940dffde67be9611ba14b8b4c59e40b9c36fae5e122f3d50e947c4f,961,part_0001.zip
TSP-triangular_squeezed-n10-g1000-4.sol.json,fc45537128e0ddb8cad89b3e349861de4c5e73e6c3f1945a05f4288892c3d5b3,963,part_0001.zip
TSP-triangular_squeezed-n10-g1000-5.sol.json,32ee5962c6e0bc38da15049493ea32f8ff854dde7a1a6c220ab74dc10091ed49,963,part_0001.zip
TSP-triangular_squeezed-n10-g10000-1.sol.json,4bd7675687913b49ec248f18b9006d3040986908555b46918c5dfb8cc52f447b,969,part_0001.zip
TSP-triangular_squeezed-n10-g10000-2.sol.json,ad4c4f4b9b982fbeed1fb7b7a069fa2fcd5307eb7214593500c9eb353dacc50b,969,part_0001.zip
TSP-triangular_squeezed-n10-g10000-3.sol.json,a1ad9157cf5342d048b549922e78b5e67183ab6b52d8f6314f73101be5b18de5,969,part_0001.zip
TSP-triangular_squeezed-n10-g10000-4.sol.json,6204cf4f6c48338ca6831c92a7a1a55587a34179a13efc5bcbd750271d63a6a8,969,part_0001.zip
TSP-triangular_squeezed-n10-g10000-5.sol.json,65774acb87e719bb23b21119af21539a8662041edb64249c283f768fd5c6a754,969,part_0001.zip
TSP-triangular_squeezed-n100-g1000-1.sol.json,66cd0186bc354a16f301f6d48bf0f5cad868ccf92626e62f9babf7b3f6db6701,4478,part_0001.zip
TSP-triangular_squeezed-n100-g1000-2.sol.json,b9412723dd19caeed9e32cd60a0475167a077072c7c870db71cb33514128a196,4477,part_0001.zip
TSP-triangular_squeezed-n100-g1000-3.sol.json,d785887cbbb80ffac41cc15ba6f11f07e4bc22cbf775c52ba009efe3b2cc20d7,4478,part_0001.zip
TSP-triangular_squeezed-n100-g1000-4.sol.json,7ed37fe989c6c15aeceec3aa877195c3adca973017f23359bf0ddcf53a1a20ec,4477,part_0001.zip
TSP-triangular_squeezed-n100-g1000-5.sol.json,13d4cd83aadd3deb2e63046877df6684eee3178e236e7b62cded75e32debeb4f,4477,part_0001.zip
TSP-triangular_squeezed-n100-g10000-1.sol.json,2351992e5aa82df283f983bf96ff07c8e50b22057e99eb15bdc7057792436a60,4485,part_0001.zip
TSP-triangular_squeezed-n100-g10000-2.sol.json,26dcbfab8e6b21e854214b02cd67e1125464435d308998690004b41579101f21,4483,part_0001.zip
TSP-triangular_squeezed-n100-g10000-3.sol.json,2e9e03e2bd9e91172ada897b8774c525f9de4530db26a97ee31a76a655ecf853,4484,part_0001.zip
TSP-triangular_squeezed-n100-g10000-4.sol.json,5b6a8b94d68217e27c6e1cf66277cf5625b16188fdf42d458a5f9c5a86b05f45,4483,part_0001.zip
TSP-triangular_squeezed-n100-g10000-5.sol.json,0be3ad55bf6ac1337a4a5cefc41a32f34a01095ec08992f70f8d023d337b5d3e,4483,part_0001.zip
TSP-triangular_squeezed-n1000-g1000-1.sol.json,d527812b230f6e77e24d52588444101fdd8232fcc109b7952d7dec9aad843e07,42286,part_0001.zip
TSP-triangular_squeezed-n1000-g1000-2.sol.json,e8e0536831177874d78e17fbaf28171efe806e1c661de54daf3d69c7f1b936f9,42286,part_0001.zip
TSP-triangular_squeezed-n1000-g1000-3.sol.json,eea3d12ca6714b76dda6ba8c1b9d89085bd8c297ef3d65a6fa5597db0c980595,42286,part_0001.zip
TSP-triangular_squeezed-n1000-g1000-4.sol.json,dc314655002854a91175ea9287dce13c138b78dfc539efa4f45a231e9ba6cf61,42286,part_0001.zip
TSP-triangular_squeezed-n1000-g1000-5.sol.json,eb9ee74341442122ca2a202f6c12be1273c4af45ac1869834bbb20ecfe04a89b,42287,part_0001.zip
TSP-triangular_squeezed-n1000-g10000-1.sol.json,cf41d310dd4cbd9fed13120e88682c35bdc01ed9f1f2911efff5131e0bd15bc2,42315,part_0001.zip
TSP-triangular_squeezed-n1000-g10000-2.sol.json,ad72e655260848dad3076f78c047635542fc8876cd4366f0af4d036f71435ab4,42291,part_0001.zip
TSP-triangular_squeezed-n1000-g10000-3.sol.json,48627cd6215a88a20d1d35028aeb78b249b6ca3265387f362379f5ec82537656,42313,part_0001.zip
TSP-triangular_squeezed-n1000-g10000-4.sol.json,1ac1b532773a0c4df4534ccff0ef5643083206bf65deb4a7e9460081daacf932,42291,part_0001.zip
TSP-triangular_squeezed-n1000-g10000-5.sol.json,5bdff84d1ecd1a0f836ca06463ea396ab0b806747940d330ee2e5eaeba11da3c,42293,part_0001.zip
TSP-triangular_squeezed-n20-g1000-1.sol.json,578a45e6d9c728593719f9ce561fe5f418f1a7d2c8fb4e06df9cacbf55b369ea,1353,part_0001.zip
TSP-triangular_squeezed-n20-g1000-2.sol.json,7343349e8f4a2c7971a722d384c0ba5a89b67e3b087ccf41397019ba2da46cd9,1353,part_0001.zip
TSP-triangular_squeezed-n20-g1000-3.sol.json,ffb2e66e8256553d7143c656a4dc2972ab437902600ba4411def82f1ed951d91,1353,part_0001.zip
TSP-triangular_squeezed-n20-g1000-4.sol.json,e39ee1fb5aaa6836d16aa86f27aebf9955a0a7f3869e73f900b5a2bbbebaaf12,1353,part_0001.zip
TSP-triangular_squeezed-n20-g1000-5.sol.json,593a0bb1f44fb12dc9474fa483b2f83a22325f2c5452952b5e3554c115086fc7,1354,part_0001.zip
TSP-triangular_squeezed-n20-g10000-1.sol.json,5c8adc9bd87449013185239433f976cc8bb92faea8aafa2451cdd09e76deaae4,1360,part_0001.zip
TSP-triangular_squeezed-n20-g10000-2.sol.json,5b32857c08c0fe69eaada43521965e91fdb99ef70834f40475701a237ec9761b,1359,part_0001.zip
TSP-triangular_squeezed-n20-g10000-3.sol.json,88c08bed07e3fc095ce298a839976746622bd6ae43c339da2cce6e7643ef8d59,1359,part_0001.zip
TSP-triangular_squeezed-n20-g10000-4.sol.json,59a3af849c3acec98004d112cee3f8f5fa1d547699e7905b40699ba3db76f3d3,1360,part_0001.zip
TSP-triangular_squeezed-n20-g10000-5.sol.json,4f2900a174f34ec104ee0f5e13922ef37ab4c240f098757356e274b30693475d,1359,part_0001.zip
TSP-triangular_squeezed-n200-g1000-1.sol.json,5fe21495c126a2f2e8de028f6640cdef20ce5c51b4705dd74b9bf3bfd1600594,8676,part_0001.zip
TSP-triangular_squeezed-n200-g1000-2.sol.json,625063dc256396128d8ef3a0b3ac80e38960e2757b887a51c9672053948d5958,8678,part_0001.zip
TSP-triangular_squeezed-n200-g1000-3.sol.json,64d6f648abb875f5c5b0d1acb9c0df50fde7d2139720d36009aa4a9db9fcdf80,8678,part_0001.zip
TSP-triangular_squeezed-n200-g1000-4.sol.json,c8588d903ec5a1f9ae33b2527b5d3524f3e514ac34a987d33d6ecc7088118741,8676,part_0001.zip
TSP-triangular_squeezed-n200-g1000-5.sol.json,5472b666b191885114148ddc2cf19998a014e80258f0357a5bc4f2d596573f65,8677,part_0001.zip
TSP-triangular_squeezed-n200-g10000-1.sol.json,f1e4e3b766205d233be782ee06d823481d17bb2e3916e8be9592e43bfa0e814b,8684,part_0001.zip
TSP-triangular_squeezed-n200-g10000-2.sol.json,6b1496448418c609f2aa9d9b9bd7e1c6a05a0bb153eac2b21f91ac85bcfad99c,8683,part_0001.zip
TSP-triangular_squeezed-n200-g10000-3.sol.json,c90f83279a686c7923877fee2c2d4b6e04c54ef3b22d9ac7aa9a52d5e6ce9a42,8683,part_0001.zip
TSP-triangular_squeezed-n200-g10000-4.sol.json,632aa3647ca49b44e3ada81a038e04960d821f5d433e3d0b0aa9db964452629e,8683,part_0001.zip
TSP-triangular_squeezed-n200-g10000-5.sol.json,d08ceff944428f6af0ea9044c3f9cbf8996d3dd62ef9cdf833f6d29f07a1facb,8683,part_0001.zip
TSP-triangular_squeezed-n30-g1000-1.sol.json,63f176c3bec0b7a338bfb3f0e7ce28c01be06bc9527b018d431dc6b5da91f7e6,1743,part_0001.zip
TSP-triangular_squeezed-n30-g1000-2.sol.json,23dba93a3e08cedad69b801961f739d50922d75ca20919fbd3fcfbce7ba02a38,1743,part_0001.zip
TSP-triangular_squeezed-n30-g1000-3.sol.json,1d5c3f406a5872ac25e14d6918e73ca6217698b3f503a2a2d1b3e10fe2ef5c96,1743,part_0001.zip
TSP-triangular_squeezed-n30-g1000-4.sol.json,0e01fb0547fea57e514b810284ed1584592fa6aa91e8018d293fa0c5057741bc,1743,part_0001.zip
TSP-triangular_squeezed-n30-g1000-5.sol.json,2b60c788e330010726560a6e5a89f9b6f2fa020845601651e91191dbcc49695d,1743,part_0001.zip
TSP-triangular_squeezed-n30-g10000-1.sol.json,98bee156e938500714a00c3ffc2ff25e14e79bfc7030168297850f63092aa0b0,1749,part_0001.zip
TSP-triangular_squeezed-n30-g10000-2.sol.json,c29cc16b61a630afa4e50832be3a5e9dc5c7df65bb55c05c48cd04c2d17c665e,1748,part_0001.zip
TSP-triangular_squeezed-n30-g10000-3.sol.json,3cfdc3073f00db20ddd434fe28dbd75f1e50191741c8c627c68a35e353fb592a,1748,part_0001.zip
TSP-triangular_squeezed-n30-g10000-4.sol.json,496d9bb91f101be455c08cd1c1b715c749b2bc4512f78b90b1f72ac9fa5e4d98,1747,part_0001.zip
TSP-triangular_squeezed-n30-g10000-5.sol.json,c62347907512d2df490d0267ccc8659da27dd0d98fadde93df294733c124e66f,1749,part_0001.zip
TSP-triangular_squeezed-n300-g1000-1.sol.json,a8d8ead4c27b9a90e9a4783e50ffd2d81557011603787fd0e88008af6cf8aed7,12879,part_0001.zip
TSP-triangular_squeezed-n300-g1000-2.sol.json,543403c33519e64a61c7e4abcad717db76d117151ba0f44d9f24f54dc4308f04,12877,part_0001.zip
TSP-triangular_squeezed-n300-g1000-3.sol.json,1f685e0b56241e735d2293f4e141156b86d8856fb0c312f24159786ce1918e67,12881,part_0001.zip
TSP-triangular_squeezed-n300-g1000-4.sol.json,6fc1cd89ccaaee0192f61f324bf8f698c4b591ef307e115ca21c3fdcbc0d77bc,12880,part_0001.zip
TSP-triangular_squeezed-n300-g1000-5.sol.json,cadf71fcaa228207dcde1accb2c9f85a34a3325535eac77689923115c15654ab,12880,part_0001.zip
TSP-triangular_squeezed-n300-g10000-1.sol.json,3bbe390f13ec158d20da44c61d76d2b31b482a9b62cca3e11574b832d660655b,12885,part_0001.zip
TSP-triangular_squeezed-n300-g10000-2.sol.json,17906c9db83625d05849b3cada3bace19b9c7d52be32e0f13fb02bf92b957488,12884,part_0001.zip
TSP-triangular_squeezed-n300-g10000-3.sol.json,e11b35c350e679ca64305114beae79f3739815a10dd0b18c32d67041f9e25e9e,12886,part_0001.zip
TSP-triangular_squeezed-n300-g10000-4.sol.json,9a6e957ef49581e311a8ecaa32f8ee1e32f58ba7b42061ab97744ccda05b6b1c,12886,part_0001.zip
TSP-triangular_squeezed-n300-g10000-5.sol.json,f41e6121e5d900a4f2efbf7ddcb54f3b0c8725bc7194b33fdc4801568368b0a1,12885,part_0001.zip
TSP-triangular_squeezed-n40-g1000-1.sol.json,7be250e16752c34e41adf7ee93bf2894057c4cbbbdf3a272b04f0b5933d20612,2133,part_0001.zip
TSP-triangular_squeezed-n40-g1000-2.sol.json,cf7c8023f81a34d5f98d493447647292f124cdfdf391c880b7a88adeb53d5fb0,2132,part_0001.zip
TSP-triangular_squeezed-n40-g1000-3.sol.json,024eb1d48b660f52a06555e31b6a0aeb164c08e1ef478b0f558407d0c1525b21,2133,part_0001.zip
TSP-triangular_squeezed-n40-g1000-4.sol.json,9ba16a79c009d4c8a91b0785af95225e4d83ba5a276c993d3986f23943f85d73,2134,part_0001.zip
TSP-triangular_squeezed-n40-g1000-5.sol.json,e063f3b834a7ff77ab7774e8d3a122cc87a3fc81f7a5c703ef53407a78a28c85,2133,part_0001.zip
TSP-triangular_squeezed-n40-g10000-1.sol.json,4967dd5b74e18834e7f4c7a5319684dea7890e5e302c73582e2f6f50f8e2f328,2137,part_0001.zip
TSP-triangular_squeezed-n40-g10000-2.sol.json,41db51984487cdf18681c074b0a9a76f587c7a92f766f1adeb230b109cdda1e2,2139,part_0001.zip
TSP-triangular_squeezed-n40-g10000-3.sol.json,a95fc1cb439518d0ea625c2adcfe74b2365f2a010d01241ed1a35f4702f9f458,2139,part_0001.zip
TSP-triangular_squeezed-n40-g10000-4.sol.json,cbdf09febffef59eb6a5b22a5dcb92d5d2f7e5b2ee6989d1767533e161da45ea,2139,part_0001.zip
TSP-triangular_squeezed-n40-g10000-5.sol.json,237ecebf74507da9267b4368ff1e743682630006d011ddab8ebfb0700e2f0bf2,2139,part_0001.zip
TSP-triangular_squeezed-n400-g1000-1.sol.json,00264d9671d82afa632bd4b8fbc53c9db49bbaa9c62873f1ebd772b7f5b7b099,17080,part_0001.zip
TSP-triangular_squeezed-n400-g1000-2.sol.json,71a184c42e48e49f0c11c95114b10be4c2f7ca5cf25df65bb8d8474aa04539b7,17080,part_0001.zip
TSP-triangular_squeezed-n400-g1000-3.sol.json,14f8c8ed17cbaae1a7acb146133044bb939853c510124f67b691414619ef9f29,17081,part_0001.zip
TSP-triangular_squeezed-n400-g1000-4.sol.json,a6126112e411646a1f5a283948238d6d0bf7e7919382ab01a39b709c4dfe8ba8,17079,part_0001.zip
TSP-triangular_squeezed-n400-g1000-5.sol.json,025461247d0c8ac9b3ae6451e86734aebcd0c35dcd8ab0aa48b527d9f66928ad,17102,part_0001.zip
TSP-triangular_squeezed-n400-g10000-1.sol.json,4eb4851392022290fa2cd290af522ee3d2873aa9edea40eef04baa9024cbc7c0,17087,part_0001.zip
TSP-triangular_squeezed-n400-g10000-2.sol.json,b97f522c72e161574811540a52d2e5605ed1e687a58859cd331a4f72ce40c859,17086,part_0001.zip
TSP-triangular_squeezed-n400-g10000-3.sol.json,aa11e77aed303066448f7ac67b57016f59140d70cfa673131849a08ebcd0428b,17085,part_0001.zip
TSP-triangular_squeezed-n400-g10000-4.sol.json,31f5556e49909f11d595bdd5f7d527031f6b406552fbeb98ec99329a67f363e5,17086,part_0001.zip
TSP-triangular_squeezed-n400-g10000-5.sol.json,d24c4cb1e61cb157f910e07f2d36fc77e4b15848ec53095502932f2d69d38209,17085,part_0001.zip
TSP-triangular_squeezed-n5-g1000-1.sol.json,55967f1b4a77b0ff4e54092efd495f9858eae1dcfe61f82226fbd230357dcbf3,776,part_0001.zip
TSP-triangular_squeezed-n5-g1000-2.sol.json,053ba1702b4cbc2bf14e844f9be9b08b809a4688a2ee2e8d5f48a0f6c7b3398b,779,part_0001.zip
TSP-triangular_squeezed-n5-g1000-3.sol.json,cc5564decba49b7c88fd183d317f93181770483ce08c96ea6ddb37ef5ab851b8,778,part_0001.zip
TSP-triangular_squeezed-n5-g1000-4.sol.json,e155b4b777b04e92c21a2e77affbb595219cacf2bba143afc402fa49d52d1523,777,part_0001.zip
TSP-triangular_squeezed-n5-g1000-5.sol.json,f7e437603261a24af1f6f90bb1240263e9ef192a748eb234240925c8279ee38e,777,part_0001.zip
TSP-triangular_squeezed-n5-g10000-1.sol.json,137025869e1d193d24d802a00e7c1cfdc58eb8524eb3cf65293943e02e22c9ed,782,part_0001.zip
TSP-triangular_squeezed-n5-g10000-2.sol.json,78f1387b91dce5f7f8a54748875137671703f35cc07b80bcfbb40d52edf025fd,783,part_0001.zip
TSP-triangular_squeezed-n5-g10000-3.sol.json,ac0695bc41efe43e6c24cd9a8e1cfd9917e2e34d7d7cddad9379a696f108ca48,782,part_0001.zip
TSP-triangular_squeezed-n5-g10000-4.sol.json,4cac437b125a8c62daefdcd8d2e15859caa000f5ff4e1eb75932ec9064eaae55,782,part_0001.zip
TSP-triangular_squeezed-n5-g10000-5.sol.json,84d86a1395582f2d7b6b86627dba8715e1029a65bbc60b504d30f6e441bf6d38,782,part_0001.zip
TSP-triangular_squeezed-n50-g1000-1.sol.json,4d114c054d08f8328b4f8ba18a479829a445291758b0690b34e788f3596ff18d,2523,part_0001.zip
TSP-triangular_squeezed-n50-g1000-2.sol.json,d50e31baf23e050a4f1b8decb5e752029b691fb6e4aa318a54d59881b3562467,2523,part_0001.zip
TSP-triangular_squeezed-n50-g1000-3.sol.json,ca2e32b2599bb55b2233ee98d3af23d8db2d7b74a1694b4cdbe0f4ada7c9c716,2522,part_0001.zip
TSP-triangular_squeezed-n50-g1000-4.sol.json,f43d3453758924d0592dc42e114ce1dd232d9b6e708df36eae58e5786fe58cf0,2522,part_0001.zip
TSP-triangular_squeezed-n50-g1000-5.sol.json,f0e16b3d9adb85a61b91d05d9afceef336b97b43f8faa4bba9a3e4eb3be491f8,2524,part_0001.zip
TSP-triangular_squeezed-n50-g10000-1.sol.json,16d9e16d68d332b9f34042e08feeb80b163ab3b33146e77e99940bb73d32ff4f,2528,part_0001.zip
TSP-triangular_squeezed-n50-g10000-2.sol.json,94f546cc3c387f6d58b6a3538c728fe1ca697ea4c5f870c0d3817b6c4a18cf7d,2529,part_0001.zip
TSP-triangular_squeezed-n50-g10000-3.sol.json,8e116e836ae475cbe5eb83c7acff9d5c5d6b5fd72d26ca2e150a0365122c9670,2529,part_0001.zip
TSP-triangular_squeezed-n50-g10000-4.sol.json,3269bf46ebf0acce3b50c0639ef72f483cca5d06e9faab931b6074dc9cd40fe3,2529,part_0001.zip
TSP-triangular_squeezed-n50-g10000-5.sol.json,f826cd82d21c32da49f770d2984f925b82d2b1b4df339b12e47867aa24e3891c,2528,part_0001.zip
TSP-triangular_squeezed-n500-g1000-1.sol.json,5d00a7e7d633ffba1c0d5ae7a51fe88c68ddbb25072a60dbd22620ef22e331c7,21279,part_0001.zip
TSP-triangular_squeezed-n500-g1000-2.sol.json,968c59fb18922052fc73ead800835ca53cf96529a86799c5740494e660ccd669,21280,part_0001.zip
TSP-triangular_squeezed-n500-g1000-3.sol.json,24e2637face7e59ca193f3c479b48527e30e9b542675a344f4b525ec728faacd,21280,part_0001.zip
TSP-triangular_squeezed-n500-g1000-4.sol.json,dbf2af1154ef79bd182c4e3a80a9c43b2dd94ab2e434bdc725a3b709fd0fc2d0,21280,part_0001.zip
TSP-triangular_squeezed-n500-g1000-5.sol.json,3f4f892eba153ce2417a969923e1bc06ca44a73e218bd0f0dcda12338c75c14b,21280,part_0001.zip
TSP-triangular_squeezed-n500-g10000-1.sol.json,a05209483ac61b8ffa3eaf65e3b119f4ca836bfc906e0c28582c8039439a0e9e,21286,part_0001.zip
TSP-triangular_squeezed-n500-g10000-2.sol.json,7e622bccb9c6415feda9abc22189f8dd02bc8869159187093ca4c127040b700d,21286,part_0001.zip
TSP-triangular_squeezed-n500-g10000-3.sol.json,48f3d19f811b669cc3133172f93d89bac1f15f27bafe58ed3c4aefcb72122309,21284,part_0001.zip
TSP-triangular_squeezed-n500-g10000-4.sol.json,267b431b61dca5efd741a1a3aace9813291a9b4b2e7344beec61caa8b10fbedb,21285,part_0001.zip
TSP-triangular_squeezed-n500-g10000-5.sol.json,3accef75cdcc18d5031868a6a5125ad3782c14afe9b3f87079bf797507740f13,21286,part_0001.zip
TSP-triangular_squeezed-n60-g1000-1.sol.json,8c1617a7fc87e73943bc0f36b6725a31e1b9154f4abed33951a571ec64da0719,2913,part_0001.zip
TSP-triangular_squeezed-n60-g1000-2.sol.json,ddb3d1365a522de222073b9399adfa1b1040b1fb6430401672425fddb089ef93,2912,part_0001.zip
TSP-triangular_squeezed-n60-g1000-3.sol.json,1825007c177465f541fbca15fe156551b2f21640dfc880b5893a7d3ccf1deeba,2913,part_0001.zip
TSP-triangular_squeezed-n60-g1000-4.sol.json,a81118c17d05e13879b054adf03af27136fbd64c9f31122d9b80a4811811baab,2913,part_0001.zip
TSP-triangular_squeezed-n60-g1000-5.sol.json,ceca162e0a3c812252043999d83b0cbae7755591efcc43c7e7afbe1d21e74689,2912,part_0001.zip
TSP-triangular_squeezed-n60-g10000-1.sol.json,1fa13509f9adc48385856d2f555406f4918a348446680e85740fb2ee5ed6959f,2917,part_0001.zip
TSP-triangular_squeezed-n60-g10000-2.sol.json,472ff1e89bfc2530509826a7a768502bba9826941563c0988b79d336cf8afc51,2918,part_0001.zip
TSP-triangular_squeezed-n60-g10000-3.sol.json,31d50692e9f86f0847b40742e2824b1af5ddf41e475d879716e4061fd4056139,2918,part_0001.zip
TSP-triangular_squeezed-n60-g10000-4.sol.json,96c59d25de6fc5299a2efa90dc8495e915378cf854e02b1953b8bbe0d66bf9b0,2918,part_0001.zip
TSP-triangular_squeezed-n60-g10000-5.sol.json,7eba0d8050698d0c2269fafa053f6c62f39545939a6f012d1afe94cbc62e52cd,2916,part_0001.zip
TSP-triangular_squeezed-n600-g1000-1.sol.json,b4eb0576bf011e1f299beb75312c685f90ec4bebd87070760acaad2fdb078e1b,25480,part_0001.zip
TSP-triangular_squeezed-n600-g1000-2.sol.json,251daa0085597a500dc52b32a7c811e1424a409e179dfd60a7f9f5c11780b61e,25479,part_0001.zip
TSP-triangular_squeezed-n600-g1000-3.sol.json,5d88a5d06b4f9abdff5b0de5c3b80bfe08a75e9af929abe6fe42131f0a0a1ba6,25480,part_0001.zip
TSP-triangular_squeezed-n600-g1000-4.sol.json,d95c3e7655430a4da8280e528600b5882f4077bce12e2fe210814f49bec1207b,25479,part_0001.zip
TSP-triangular_squeezed-n600-g1000-5.sol.json,e3b6b5ef81a7f653f0b2ec40034413f1f5efcc0fd2b7d5848b6def11e9dfd636,25480,part_0001.zip
TSP-triangular_squeezed-n600-g10000-1.sol.json,bc53b0c28a9f7da0f99eb6b0554acb54c5511c81fd62b5e18ae75461735cc511,25485,part_0001.zip
TSP-triangular_squeezed-n600-g10000-2.sol.json,834c75d166bf1018a6311de72d568426b49d3adb487a4865ed0c1e087727e13c,25486,part_0001.zip
TSP-triangular_squeezed-n600-g10000-3.sol.json,416999abc993826e5c1e7b10498f11e7c1fff1c9bc4a07fe53986e988f9cc4e5,25486,part_0001.zip
TSP-triangular_squeezed-n600-g10000-4.sol.json,dc3b0f89910b8885829763b524e0e5a694c4924920d2ff46c09fefa08f53c471,25486,part_0001.zip
TSP-triangular_squeezed-n600-g10000-5.sol.json,7fae4c2f9e161e75e203ed21605316d4c1ffa435e7ac795d246144c54f13bccb,25486,part_0001.zip
TSP-triangular_squeezed-n70-g1000-1.sol.json,fcddb66bf929d38485eb8a6a223a76bcfdc3dae9e24f75ab2c5fe89e71ba3844,3303,part_0001.zip
TSP-triangular_squeezed-n70-g1000-2.sol.json,1c77b8f1fca99f4daa2d9e20b8caf40bd321b771c6eee80a338738b809e3ebff,3302,part_0001.zip
TSP-triangular_squeezed-n70-g1000-3.sol.json,ce53d3d8d688e1d6e37510f8293fa27bc4f7dcb131a513ea30f8157e66bad4ce,3302,part_0001.zip
TSP-triangular_squeezed-n70-g1000-4.sol.json,b26ca2939f639ce69899b927917335ec22d6a501821876bd6d11b918880b33e4,3302,part_0001.zip
TSP-triangular_squeezed-n70-g1000-5.sol.json,1e1e68611f7c5c126abb1e48b2c292bd2801657e2792e1550cc1a93d1e73f1e1,3303,part_0001.zip
TSP-triangular_squeezed-n70-g10000-1.sol.json,6236f332224ee2e5d62a340a9fea7a0e3781301198d88ad6a5451f1535f25802,3307,part_0001.zip
TSP-triangular_squeezed-n70-g10000-2.sol.json,600e8dec0593304e9ee666b443473ab4700e07c3e7f2711a06c97a15ad26a0b6,3308,part_0001.zip
TSP-triangular_squeezed-n70-g10000-3.sol.json,e45a939477bf2fc33de780a8a225811a3efa88df6c745feeb816ce5bc8ed8baf,3309,part_0001.zip
TSP-triangular_squeezed-n70-g10000-4.sol.json,b80036de20e252877024e2eae4c557b2c94bedcbcd3de547b15ebc72426dfbc8,3307,part_0001.zip
TSP-triangular_squeezed-n70-g10000-5.sol.json,1aa1f12c843d9a7624d7203156649ffe0e8cd7180f2cc15244840fc84960e748,3307,part_0001.zip
TSP-triangular_squeezed-n700-g1000-1.sol.json,9d4b16185c86bf38f0de917f101720795283b6ceb5edb6ce2be340bfa076a3c5,29679,part_0001.zip
TSP-triangular_squeezed-n700-g1000-2.sol.json,a0ef64cc160c881bd46fa942d1ab78cb9c97db402538d8c2dc11c8fed5047372,29680,part_0001.zip
TSP-triangular_squeezed-n700-g1000-3.sol.json,fccbb338c0f838a50fdabc806cfa73e550376c6a65a73ce8bfc6601d5273fe11,29672,part_0001.zip
TSP-triangular_squeezed-n700-g1000-4.sol.json,32aef78d3b402da16b4ce639e0511f6e27ab78229875998a0c0cc8d5f633d787,29681,part_0001.zip
TSP-triangular_squeezed-n700-g1000-5.sol.json,736c71ab4a3a1c7c07a5657e452b5c1261b5e486a1b3f06666ba24e5ddbc391f,29701,part_0001.zip
TSP-triangular_squeezed-n700-g10000-1.sol.json,5cc23c5b74bbca1d09a9eff856f927af998a761056ab0e3cd0a6b35d2f245a8a,29685,part_0001.zip
TSP-triangular_squeezed-n700-g10000-2.sol.json,33d38ea7ef3373b1e2f986e104d1cfe8622d65f506d124c6db39b78edbdf9d29,29708,part_0001.zip
TSP-triangular_squeezed-n700-g10000-3.sol.json,7b251a0a7372a02b326552473ba1b459407437be61cd955e65cf0afefb5e103d,29685,part_0001.zip
TSP-triangular_squeezed-n700-g10000-4.sol.json,c1835e6ff16d31c67a9fa598c11c75ffe1b70a6dcf714775979d540e5d37030a,29684,part_0001.zip
TSP-triangular_squeezed-n700-g10000-5.sol.json,fded7141aa88865784a80b15e00eaf0f2df5f466016e7d7e6f9b55bd54c92ec4,29685,part_0001.zip
TSP-triangular_squeezed-n8-g1000-1.sol.json,4fb16ad6c64c1d242d951dfc64020f3c21f05d8bbceb1eb3f28880363ee7a24c,885,part_0001.zip
TSP-triangular_squeezed-n8-g1000-2.sol.json,fdb5590eb9aacb6ac5ba03cf3c4dba5beaad840b6e7547f19595705d7744b479,885,part_0001.zip
TSP-triangular_squeezed-n8-g1000-3.sol.json,4f8142a6b15a292d01f0285a510d5efcb25927eee62cdc95012b85316ffbec16,884,part_0001.zip
TSP-triangular_squeezed-n8-g1000-4.sol.json,7eb15f3d95801001a2ff3296b1fdac86758119b8eb816b628c23e700f30dd3e0,885,part_0001.zip
TSP-triangular_squeezed-n8-g1000-5.sol.json,6e710ce476421286cce70b03a489e924cccac3e4ac5b2a0d6fa224feae324d76,886,part_0001.zip
TSP-triangular_squeezed-n8-g10000-1.sol.json,c0795a733c7ffe1a4403df8c9a1e4c31b49324d2d8a2bbd2f917fca475e85db4,890,part_0001.zip
TSP-triangular_squeezed-n8-g10000-2.sol.json,a87807c53cf2fafa4cdeaa56677bb97365eb5c51f45dee70f03457ab682b7282,890,part_0001.zip
TSP-triangular_squeezed-n8-g10000-3.sol.json,0e0bb234ff6e6dfbb3b00105e4910df9d17078e78041a537e2f5b639283cad8e,891,part_0001.zip
TSP-triangular_squeezed-n8-g10000-4.sol.json,bb01b32eaa75ff1743adb0bd5b08287333ae361371865842e51d2530f77e221b,891,part_0001.zip
TSP-triangular_squeezed-n8-g10000-5.sol.json,566a0b83aeb8297dbb38299f7c5c6c7760e7bfa13ef4419789adedf448372bc5,889,part_0001.zip
TSP-triangular_squeezed-n80-g1000-1.sol.json,d52a7331b5f7b37d643393a7805d5abafee946663928fa63f72b747098573790,3693,part_0001.zip
TSP-triangular_squeezed-n80-g1000-2.sol.json,24aa02b476a257b42f49332303c1addd9bb95c5305c0d17f5f2ea55f29906586,3693,part_0001.zip
TSP-triangular_squeezed-n80-g1000-3.sol.json,7585d1a5e90a4dcfc99052f5f360a00d0a8ca4284c766e4dd6b7e3458411092f,3693,part_0001.zip
TSP-triangular_squeezed-n80-g1000-4.sol.json,981da9177edce75a28611393fccd05ec82aaf5778064acc501bb1168b3e0a4ed,3691,part_0001.zip
TSP-triangular_squeezed-n80-g1000-5.sol.json,a2849802e5c805933a3244293e597008f26a85c837568d001f2eb50a05faf220,3692,part_0001.zip
TSP-triangular_squeezed-n80-g10000-1.sol.json,a7cdc45c9746dbd9c9d9e3ab2b9142d7501b28d4867ca3ca9fc27528e569f144,3696,part_0001.zip
TSP-triangular_squeezed-n80-g10000-2.sol.json,ce1fd9cda71c407629352b3019a34a89a7ebd3766f90ffe7abd5105bf2928dcf,3698,part_0001.zip
TSP-triangular_squeezed-n80-g10000-3.sol.json,f1d38dc29f972a2be113d1072cb3e3dd6f39933790c3c89b053ebb5978028cc7,3697,part_0001.zip
TSP-triangular_squeezed-n80-g10000-4.sol.json,1ce349ab33a492c09a908259fd61af55216d442818ecca0389e379b308815db6,3695,part_0001.zip
TSP-triangular_squeezed-n80-g10000-5.sol.json,bcb083f13506a8423a10ec2a7ccd2add115e9c5de0f92218b74c4363239725f0,3697,part_0001.zip
TSP-triangular_squeezed-n800-g1000-1.sol.json,5a45090c86f77edffe3b57a18025b606f9bea6d32d68455be773c7034f3e10c5,33879,part_0001.zip
TSP-triangular_squeezed-n800-g1000-2.sol.json,3bb7807de931f19fa1ace8b57a98b646571d834e2123c86b1078fa314c5e7b6b,33879,part_0001.zip
TSP-triangular_squeezed-n800-g1000-3.sol.json,7271ee102cc6ed51c99210f46f9f75387b06351ef1939eaeea7d822323feed7a,33879,part_0001.zip
TSP-triangular_squeezed-n800-g1000-4.sol.json,4b1923b858ed42f15d1e388a95015d2c5c8a4e3ab5973bd051ed7c3b4dead78a,33900,part_0001.zip
TSP-triangular_squeezed-n800-g1000-5.sol.json,b55732cab8b59a1c84890c4c2e157f8e8ef657e7aaaffb786afcc156e3fdfec1,33880,part_0001.zip
TSP-triangular_squeezed-n800-g10000-1.sol.json,4374d358a0c8f2108583f2d7389882ac0496be7f7308973499c3966bdbd373c4,33885,part_0001.zip
TSP-triangular_squeezed-n800-g10000-2.sol.json,be54062d734af979a3ee3ec6f59ce092644cca090b509da6935bbd499b5e5a66,33886,part_0001.zip
TSP-triangular_squeezed-n800-g10000-3.sol.json,f5585bee3c1a324a7085e09f097b1bcc5d291018bb19c5eab29fa9bd102b84b7,33885,part_0001.zip
TSP-triangular_squeezed-n800-g10000-4.sol.json,4133fd8df333e95ed55998594d7398ba8a30583d31cbd12e5778575b88b7d099,33907,part_0001.zip
TSP-triangular_squeezed-n800-g10000-5.sol.json,988fa512df846d85cdfc8ace8190bf7ac8f7549273f2a3d0d0e23b7d0da05d63,33884,part_0001.zip
TSP-triangular_squeezed-n90-g1000-1.sol.json,3b9f4669ae67f62cce84ca896e04924524b7064130830f8d53101ac2bf5081d2,4082,part_0001.zip
TSP-triangular_squeezed-n90-g1000-2.sol.json,9755dc5469cf17b4bea2a834f6befa3376afa91f05e6982e74ea1140244f2d91,4082,part_0001.zip
TSP-triangular_squeezed-n90-g1000-3.sol.json,b5fc208082ba70ec8fd273b55f258f9441a87289ddfe8fcb0d44638babfae7b6,4083,part_0001.zip
TSP-triangular_squeezed-n90-g1000-4.sol.json,5b9bc9a3cd5adfd026f807dbf352aa8637d320ed8ed10d010b390692e22b2bc5,4082,part_0001.zip
TSP-triangular_squeezed-n90-g1000-5.sol.json,4005a8cd01f23c08476eba05a312411934e802383bab84e4173a4a1e35d2dfff,4083,part_0001.zip
TSP-triangular_squeezed-n90-g10000-1.sol.json,1e3e6da4cab4418e0490fa0ee092377d8ad9311978078a30410d7725d81ab64d,4087,part_0001.zip
TSP-triangular_squeezed-n90-g10000-2.sol.json,4d880f71d912c994aa54a559dfd0f97794a81d8a677e34ce3862c922c1298a5d,4087,part_0001.zip
TSP-triangular_squeezed-n90-g10000-3.sol.json,47184488f8df43a2c9a6b1f0b020b431646500125a4887b82d37bb5bee5a7eab,4088,part_0001.zip
TSP-triangular_squeezed-n90-g10000-4.sol.json,3963ae4513f76c79ec3d2c0fc499cfcaaec4d68f5ea32180382c5df9988f4dff,4088,part_0001.zip
TSP-triangular_squeezed-n90-g10000-5.sol.json,bc20b4f257954251964985dd307280adcb5efa425bc6eb1300f1b1e222eb389d,4088,part_0001.zip
TSP-triangular_squeezed-n900-g1000-1.sol.json,07d55d47f2c8bfff4c980663ed7e2c0d95ee4beeb68d8fc49b718d9695b7621b,38080,part_0001.zip
TSP-triangular_squeezed-n900-g1000-2.sol.json,ae6cdec765393af9ea8518e636e23a351f033ce5acae853aa498bda1b7cb748f,38079,part_0001.zip
TSP-triangular_squeezed-n900-g1000-3.sol.json,f2c13d9b00ac875187418b258d2a07dd40ecd370c4301fd4fa412954ddbcc672,38080,part_0001.zip
TSP-triangular_squeezed-n900-g1000-4.sol.json,a75e6322db70f8f5faa47406d238f4ab67ae10c7a31999fa6d333da5c148bf02,38080,part_0001.zip
TSP-triangular_squeezed-n900-g1000-5.sol.json,145009bea37e503c27331a967c437a40c116ebd9383cc2a19476d37e658168fa,38081,part_0001.zip
TSP-triangular_squeezed-n900-g10000-1.sol.json,fa2e241661d2504543f9ce0d554239cb062b9fbf1485026bb3fc51dcc1413b63,38106,part_0001.zip
TSP-triangular_squeezed-n900-g10000-2.sol.json,9258ee69b9431e2bc9f1c955ae8f68ae69b8d4947746878bc2c2046faaca1550,38085,part_0001.zip
TSP-triangular_squeezed-n900-g10000-3.sol.json,f9c71874a26f21097be4727344d187286d7fb4cea15c29620d37b08dc00388c2,38106,part_0001.zip
TSP-triangular_squeezed-n900-g10000-4.sol.json,1856eb2432f9491c2325ba399765e816cef6ff125f4d38be026162642f2d9a1d,38086,part_0001.zip
TSP-triangular_squeezed-n900-g10000-5.sol.json,23bb0c71a152920ddb9b811723a0b8eabd72645a23acf1e3a7cdd7ce1fff5a78,38087,part_0001.zip
TSP-truncated_exponential-n10-g1000-1.sol.json,78d3ce04f0d4ed8614f1f66032f73394eb23dbd109c297e4e54c22b377cc0194,967,part_0001.zip
TSP-truncated_exponential-n10-g1000-2.sol.json,21006f4f3253b7f4fc336e20d3c4c5ff8f762e9123422be34a5178527e640890,967,part_0001.zip
TSP-truncated_exponential-n10-g1000-3.sol.json,9348c3a582f84f036b745a34dbfcb47062bbc8f7279b7aa909da8e3867f69d80,968,part_0001.zip
TSP-truncated_exponential-n10-g1000-4.sol.json,5da09d172ed9728c240163d86a3867907dac023a16749dc0bac7d3386b39ef7a,967,part_0001.zip
TSP-truncated_exponential-n10-g1000-5.sol.json,f1b760f99756474b864f7c691fecdda40a86af83a8707a887fa8e8f9edf602d6,966,part_0001.zip
TSP-truncated_exponential-n10-g10000-1.sol.json,66edaec3da65572add96eec22629c53bb6c8a21435d969966bd25bb509bcda7a,974,part_0001.zip
TSP-truncated_exponential-n10-g10000-2.sol.json,9ad71ba3a20fd7ba21cd01acca84338a56efdee52c5675ac688549fc823db38c,972,part_0001.zip
TSP-truncated_exponential-n10-g10000-3.sol.json,984b8a6470f7ab82bddd0b701f35d9781c6b7edab95335f31c1f6e3b24499b2f,974,part_0001.zip
TSP-truncated_exponential-n10-g10000-4.sol.json,1d1505e604651a694e2c0b89afd76bdbb68f1f5e4a2c2549acc323a9da9998f4,973,part_0001.zip
TSP-truncated_exponential-n10-g10000-5.sol.json,5a95d58aa3e4c8edb79b64fa3de765200212ac64d2d2ff5e669c8eda6629d613,973,part_0001.zip
TSP-truncated_exponential-n100-g1000-1.sol.json,608f4269edb9971de2226f791474bdecd1d32dc20235de5cbeb8811d52be7b98,4480,part_0001.zip
TSP-truncated_exponential-n100-g1000-2.sol.json,78e04b6f5d28826977b11cc5bc716edfa3555a1e964a74ff00ccc0241087f827,4483,part_0001.zip
TSP-truncated_exponential-n100-g1000-3.sol.json,98fd90ed559fc1339cba53f4f758043df071020d20e82ff254b424779f94a4ea,4480,part_0001.zip
TSP-truncated_exponential-n100-g1000-4.sol.json,52179245f4ef4888dcdb68f7e326ab048f13a10187fff90326c9531d44f3b903,4481,part_0001.zip
TSP-truncated_exponential-n100-g1000-5.sol.json,1447f297711008572abd3f7326d85e7cf12381034b23a152cc437a95c6acedb5,4480,part_0001.zip
TSP-truncated_exponential-n100-g10000-1.sol.json,44c8fcd27cd1f29202a1855e6bacb6480967afaf260bfac992c3613b5cb6c896,4488,part_0001.zip
TSP-truncated_exponential-n100-g10000-2.sol.json,a427ae50cc95b4991c93d851858e90d91c70c1fe5efb16cc45240b647a661cea,4487,part_0001.zip
TSP-truncated_exponential-n100-g10000-3.sol.json,5f5e4ea681a1f4b06d70ae3639df126850ef30103a92277f5484a67101a5dc21,4488,part_0001.zip
TSP-truncated_exponential-n100-g10000-4.sol.json,10631f2e705a13ee7acd636c3fa8e33165061cac59bf0f061cafc77f341818d2,4487,part_0001.zip
TSP-truncated_exponential-n100-g10000-5.sol.json,863c8be132d2c1f8b53913bbf98d62c4af678d49d2da9d3a74043cdfcbfc7864,4488,part_0001.zip
TSP-truncated_exponential-n1000-g1000-1.sol.json,5ef9b289b04abf26ba74d777e3e7c55bf9f933828cb504cfc1011b5b20dbf7be,42312,part_0001.zip
TSP-truncated_exponential-n1000-g1000-2.sol.json,16a194834ce60da1560c7a9a16728f74f0cac429c97c86c7fff97354b8b22553,42290,part_0001.zip
TSP-truncated_exponential-n1000-g1000-3.sol.json,c81b488c4a00a5304ca5f34e8ce48b012b1ed5b2f604ddcc9aeaea2f0b16d67a,42290,part_0001.zip
TSP-truncated_exponential-n1000-g1000-4.sol.json,db1267ac842fb8f9498b9a6f883793099a10f112ed6d2ad2d5c5530a6cd60f1a,42290,part_0001.zip
TSP-truncated_exponential-n1000-g1000-5.sol.json,8cad9d2c1a6788c7bab8864d9c8b63e77f92cb553b8f94eed2478d49c18d8923,42290,part_0001.zip
TSP-truncated_exponential-n1000-g10000-1.sol.json,2b3e60c88650dcfa7fc8aa6db648aa60c109435c907bf914a1520fe59aaed1f6,42320,part_0001.zip
TSP-truncated_exponential-n1000-g10000-2.sol.json,d14590e48e99c788f11f624f843c9e10097ff10c67c07e5a824e0180ec47e1ca,42315,part_0001.zip
TSP-truncated_exponential-n1000-g10000-3.sol.json,4508b631aecc1913309209264a301678492c99ddc882dd8478c0d57ae94543fb,42318,part_0001.zip
TSP-truncated_exponential-n1000-g10000-4.sol.json,5aae6cf1fbae7733b863fc9c5f7476f95b8a99d4d939dc76f7fb52856c3d4586,42318,part_0001.zip
TSP-truncated_exponential-n1000-g10000-5.sol.json,cc7b447883ba904cc4b621f3ec977c7f5e827530be18330991e44129600bdecc,42296,part_0001.zip
TSP-truncated_exponential-n20-g1000-1.sol.json,31f9dbcfae224b878a9bf835d74a08edfc38750ae954617421a73a59b063545e,1357,part_0001.zip
TSP-truncated_exponential-n20-g1000-2.sol.json,3cd87094d15840f6e1367bcf6c9947c7d5cd176316f6642271a250436a5cb4c8,1357,part_0001.zip
TSP-truncated_exponential-n20-g1000-3.sol.json,ead8b078cc91f59f1160b6dd07706ba07d896817329a6cd7a092defa4db8c1b9,1357,part_0001.zip
TSP-truncated_exponential-n20-g1000-4.sol.json,35705f466f818fbb2731232df4478a3198c5ec94dc4c81c2a6680963c51fef7d,1357,part_0001.zip
TSP-truncated_exponential-n20-g1000-5.sol.json,63f0e3be4bea9f84c329aa5e53c8ed8cc76dbd1bbd57db6b067c7a4809855932,1355,part_0001.zip
TSP-truncated_exponential-n20-g10000-1.sol.json,8221878661f9d0e1e190e49adc116e9ef4aa93812bd4fbbe7561dbb4a41363c2,1364,part_0001.zip
TSP-truncated_exponential-n20-g10000-2.sol.json,b760bb2888b2b59898d108bb13b64c3b4ba0ce69bade7eccb6ea296bcdf407e6,1365,part_0001.zip
TSP-truncated_exponential-n20-g10000-3.sol.json,ea227126a98ba7875a4459b77e69df2819d80d3e5f02639a4f11193d14604cac,1362,part_0001.zip
TSP-truncated_exponential-n20-g10000-4.sol.json,3419244b266a8f4dda0d884597989c3248cc9f7de2109206c00f9f938fb087cf,1363,part_0001.zip
TSP-truncated_exponential-n20-g10000-5.sol.json,9c842d150e80f7876ba1b5876e2bf4f44405e7419dbff474b7a601f9dd49431a,1364,part_0001.zip
TSP-truncated_exponential-n200-g1000-1.sol.json,d8d513c56a670e11f3909eb16b84f2477b882b523347e6b508755ab16f1c05ce,8684,part_0001.zip
TSP-truncated_exponential-n200-g1000-2.sol.json,d3cb6e4898bba6ba99ba901b72ca283bcf0558cefea7a2cbd942d792f78011bd,8685,part_0001.zip
TSP-truncated_exponential-n200-g1000-3.sol.json,6ec6dddc499eace40511230e0032b5280e9dfe7b36d2843109116dfdfb8e1f0c,8685,part_0001.zip
TSP-truncated_exponential-n200-g1000-4.sol.json,b026035b6b005c540c321d8eaeb27e636d143ebc0e933693dac939d59c4c7d8b,8685,part_0001.zip
TSP-truncated_exponential-n200-g1000-5.sol.json,985d1d48b0626c0c915b3b901ec8f2c63043c217d89ddfff17989645e1cb1a7f,8683,part_0001.zip
TSP-truncated_exponential-n200-g10000-1.sol.json,a98faaf8be08960a66e6241a7f65160536e8e54acff77c00f92477c5960562ce,8689,part_0001.zip
TSP-truncated_exponential-n200-g10000-2.sol.json,f49536bed39c9ebe05c6129b21755e5f2f8502f388b17b23175a3cb83a8d1d0c,8690,part_0001.zip
TSP-truncated_exponential-n200-g10000-3.sol.json,6ca68a15a3d45846d936a4b02e6e48d3f797fac8f77d1fde2ae36f97351d428e,8689,part_0001.zip
TSP-truncated_exponential-n200-g10000-4.sol.json,c459af8150ed528e30fe5bfd8b6d08ddb3a9402d2211d69a9d1202f5d046b9d1,8690,part_0001.zip
TSP-truncated_exponential-n200-g10000-5.sol.json,e93e5a050c9b37b6fe9d051b797d0022d10d0829c93665fbc05447d360473538,8690,part_0001.zip
TSP-truncated_exponential-n30-g1000-1.sol.json,9e43a741964180bb25d226f8149fcd1d4d436aa2ea0680fa158e19c6556fc3d4,1747,part_0001.zip
TSP-truncated_exponential-n30-g1000-2.sol.json,c92d52934bc452e0087d628469fc83ff9ad53927a4bc2028d2fbbf4383d92d3c,1747,part_0001.zip
TSP-truncated_exponential-n30-g1000-3.sol.json,3a424421df42190e98d87176a5fcff13f51b4d67210c52d899087fbd3a2151e8,1748,part_0001.zip
TSP-truncated_exponential-n30-g1000-4.sol.json,b6e567192f0fd4a1234a01a561b683051ef72d52e17fec993cf01788f3ec3107,1747,part_0001.zip
TSP-truncated_exponential-n30-g1000-5.sol.json,0bb3d15996e24f3e6c67b811bacfeefda3963826eb429c46b9d45ff58aab1573,1747,part_0001.zip
TSP-truncated_exponential-n30-g10000-1.sol.json,943297f6cab085c411af60228d58a83ad313ef21fa43c83ae5e30b43ba5f89f2,1752,part_0001.zip
TSP-truncated_exponential-n30-g10000-2.sol.json,bfc8f412721149746524c06943c88d6a9868d742f1e3b942a8931c297b1f4fcb,1753,part_0001.zip
TSP-truncated_exponential-n30-g10000-3.sol.json,c9ed317fa431e11c0c1823a199f41063895c688f31831a7d4aac37e419ea9c53,1753,part_0001.zip
TSP-truncated_exponential-n30-g10000-4.sol.json,17cd51a341f8f89c66e2fb5cc766fe1b0ac3760dd0f7791c4480d8144472286e,1753,part_0001.zip
TSP-truncated_exponential-n30-g10000-5.sol.json,ca0b1dc70eaa2048e451c6d45db3b771424b3fee00d341f6544eec2ce13bc057,1752,part_0001.zip
TSP-truncated_exponential-n300-g1000-1.sol.json,4ff701ad2fcafb318ad6094c53fc2cfbb63d5dccdc3ed58e54c0ce2378c38887,12883,part_0001.zip
TSP-truncated_exponential-n300-g1000-2.sol.json,0f73ec3affa0844f72d863d694d1c3c1cd29619fbf1db97511bfa4f800aaaed2,12884,part_0001.zip
TSP-truncated_exponential-n300-g1000-3.sol.json,fed2eab799da0a462032ff1c436f5b545739efcba61990bdac643532275f5294,12883,part_0001.zip
TSP-truncated_exponential-n300-g1000-4.sol.json,4c1384e105c1064678dc017cc8b3e323ae4dc1753cd1cc8af71c0c7ad6904c21,12883,part_0001.zip
TSP-truncated_exponential-n300-g1000-5.sol.json,fc1a02451eb7baad55ea2c99366d696671c040994ddda514873bcda5b9bae721,12885,part_0001.zip
TSP-truncated_exponential-n300-g10000-1.sol.json,adef31b94a1f90b4829d220dd1263dec208376e1eaf4cb833ca87f08ff8c62a2,12890,part_0001.zip
TSP-truncated_exponential-n300-g10000-2.sol.json,767dc416f6ef3c40d0e5ac514b96db66e4ac500bbb457c03e60aac71e43b6012,12891,part_0001.zip
TSP-truncated_exponential-n300-g10000-3.sol.json,078595472a4e16301f0ca45c45d64227e204b1c89c3c33c6ccc761d468128dae,12890,part_0001.zip
TSP-truncated_exponential-n300-g10000-4.sol.json,08991f8cb0a03da3191110c64352936dd785df336ac00307da4c97354493f509,12888,part_0001.zip
TSP-truncated_exponential-n300-g10000-5.sol.json,c158bd3761daf00cf62339fc99edb1a249504a9d69119652cd10f566a203a336,12891,part_0001.zip
TSP-truncated_exponential-n40-g1000-1.sol.json,ea01822333e58ee4ed519af66ffc0bb1b301a79e037138a8c0ae2b54ac7917a8,2137,part_0001.zip
TSP-truncated_exponential-n40-g1000-2.sol.json,0016ba59405911c3a4e55f1de11dcd27493a4572163bb3914bd59367aa704ea3,2137,part_0001.zip
TSP-truncated_exponential-n40-g1000-3.sol.json,0984723d691e8f9799d8662f0cdeae5edca89e777dfcac7597c93a6e14cdaec9,2137,part_0001.zip
TSP-truncated_exponential-n40-g1000-4.sol.json,acda1037729f2d8eade8f89eb2258b2ff957e09ce163e2ff54017df50641fba7,2137,part_0001.zip
TSP-truncated_exponential-n40-g1000-5.sol.json,a0b0e13c9d142baa340e05b01fbcd6b24798ae9f6bdf6b40978be1f71c41f6f4,2137,part_0001.zip
TSP-truncated_exponential-n40-g10000-1.sol.json,e4ad9cc35271deec5836517c878964480a4b960cb60173973b195093cb882fb0,2144,part_0001.zip
TSP-truncated_exponential-n40-g10000-2.sol.json,bc173778fc1bc13e7cd45184aaa000a35102a02e6c79cb4e0a5945f8d713869b,2143,part_0001.zip
TSP-truncated_exponential-n40-g10000-3.sol.json,78fb04baa3139580f3db16ff4ad78669f934ad7a3a9d81fef7dd82fc6817ef0b,2143,part_0001.zip
TSP-truncated_exponential-n40-g10000-4.sol.json,64de9e8dc7ec05e70efd1218b04d7f242a627dd354c92e4f174b9abc7124e6b4,2143,part_0001.zip
TSP-truncated_exponential-n40-g10000-5.sol.json,b652e81e120612f09be1db2408aec9ecfcaf1a3baf950c9d17b6245b376569c5,2143,part_0001.zip
TSP-truncated_exponential-n400-g1000-1.sol.json,0bb6cc43c78e40c0844869eb25f0ac6aec7aea1c0274901bb3efb184ecfdf587,17083,part_0001.zip
TSP-truncated_exponential-n400-g1000-2.sol.json,8b8e5de6067a098254b142d34766fee36e15e5b9b8d3debea21f1007002e711f,17083,part_0001.zip
TSP-truncated_exponential-n400-g1000-3.sol.json,4adb274a929f24de141f2b466d7f8b4a261b9d61ec749d909413ed65e8cc1a5a,17106,part_0001.zip
TSP-truncated_exponential-n400-g1000-4.sol.json,afeeff3b5b4072ac2721a10fc9ed90324e4983cc6e66a1de9e304bbe1e3c8ea9,17084,part_0001.zip
TSP-truncated_exponential-n400-g1000-5.sol.json,dc923102c04f8cd699ee5214c054a4e49a0056482bf6de0638ee5818ea1686b8,17084,part_0001.zip
TSP-truncated_exponential-n400-g10000-1.sol.json,4d7619d2316776f887c0e581d1991c56dd0ec8dcea92dfffbbc71908ebf59d10,17090,part_0001.zip
TSP-truncated_exponential-n400-g10000-2.sol.json,b1d7cf3e63c6da1b3c5b08def7dffb65ad5c12943b1c42db964694fc6b0a393b,17089,part_0001.zip
TSP-truncated_exponential-n400-g10000-3.sol.json,243722c66d8941add0b23e9b19e52b78d9809f89bd9849b626e8707bebe257d4,17089,part_0001.zip
TSP-truncated_exponential-n400-g10000-4.sol.json,3390001a7e4589d12f2a4d4659850c88046237076734c2732d56aa5fb0d27b1a,17089,part_0001.zip
TSP-truncated_exponential-n400-g10000-5.sol.json,b33876408b8a7f260505ca918f6cff3b0b4fa0bf578c5283feb84fead51b09aa,17088,part_0001.zip
TSP-truncated_exponential-n5-g1000-1.sol.json,f6cbd5aec1b475eac5a42859f60f503f3cef8c5f7995b9f336929e8e6e91614b,781,part_0001.zip
TSP-truncated_exponential-n5-g1000-2.sol.json,945c44177349ff46288861241e0a93c8b1989a3ef3194394a29771c66f514738,781,part_0001.zip
TSP-truncated_exponential-n5-g1000-3.sol.json,658954a56e4a6edb5f8e543704239505354065bb007e86cfb6ef24731179279d,781,part_0001.zip
TSP-truncated_exponential-n5-g1000-4.sol.json,0ed7d55597b1c5d62e81025ee0ba6322600552823f5a3c9951aa3c1109e5b221,782,part_0001.zip
TSP-truncated_exponential-n5-g1000-5.sol.json,0439b07ad675c951e0c4c08457f0c4575c7064f295da6f8284dc7a92fcbefeff,782,part_0001.zip
TSP-truncated_exponential-n5-g10000-1.sol.json,0c342b8fd16a5ff32114f40a19d1028c2004278cc34bf7170559bd06a771ce10,788,part_0001.zip
TSP-truncated_exponential-n5-g10000-2.sol.json,c0b99b0dbf7eeb7017a121a2b22c6dc706a85fe641e8b03ba84103e75e5bbf98,788,part_0001.zip
TSP-truncated_exponential-n5-g10000-3.sol.json,ca5b1d791a4b0b85ba87e1c2e7fc8304dd65ce1fa455a34b1b2ee65a39034fb3,789,part_0001.zip
TSP-truncated_exponential-n5-g10000-4.sol.json,8b7956f36308cc2e506f077983b44c6faac480441d3a3dae5b257d72c3e669bb,788,part_0001.zip
TSP-truncated_exponential-n5-g10000-5.sol.json,b372d8ce0ea32d6ad006441235960feec19a2f3aeece33c1d591954641faf7e2,788,part_0001.zip
TSP-truncated_exponential-n50-g1000-1.sol.json,ce738e9cccc8989966bdaed474f47f4c3718d16ea345f0439ea49ade23e6575f,2527,part_0001.zip
TSP-truncated_exponential-n50-g1000-2.sol.json,af499d3c3c1449f2f25064ac4c50bd8437e65c2aa6f0faa7a38294dff6efb0de,2527,part_0001.zip
TSP-truncated_exponential-n50-g1000-3.sol.json,64e276a946fc3ac99d05d8abf92735af2c5cfe2027d9e3c8e77d412c1eafa2f1,2526,part_0001.zip
TSP-truncated_exponential-n50-g1000-4.sol.json,61f5f346075cd0671b26a6bed12e4f3ca55a0e4a9ac61bae2577d1ff1d71f061,2526,part_0001.zip
TSP-truncated_exponential-n50-g1000-5.sol.json,5f65b09cf111efc05993573825bed959e3c001a21cfa748bc0913c35e167657e,2528,part_0001.zip
TSP-truncated_exponential-n50-g10000-1.sol.json,9cd544cd8742f5e8d2127a9990aeba6b804eec2e6a6ce53563e657aa08ac6d6f,2533,part_0001.zip
TSP-truncated_exponential-n50-g10000-2.sol.json,22597be6303a15043cb13fbc03d901ad33204d596e1612614a868391ab1e994a,2532,part_0001.zip
TSP-truncated_exponential-n50-g10000-3.sol.json,5197b18e0e02b7daed9e394ae71b2b5cab95ac2a6a0a48dcdc22bf5d9721c132,2533,part_0001.zip
TSP-truncated_exponential-n50-g10000-4.sol.json,09e7183f7e277a3d85ed5a437ea679f08801015f5e7328f7efdf25e0ff6566cd,2533,part_0001.zip
TSP-truncated_exponential-n50-g10000-5.sol.json,92e9f442f06a3dea99639f86c8cb828f8f2978d45e1988a76f817474757cb7de,2533,part_0001.zip
TSP-truncated_exponential-n500-g1000-1.sol.json,82380b890896174f410f8154dd126df7d66111b2f1060780f1185998425a0717,21284,part_0001.zip
TSP-truncated_exponential-n500-g1000-2.sol.json,f60590c3ff86d07f5fa549bc1d8ba206628f3269f2350b2698bc13bb00f46af3,21285,part_0001.zip
TSP-truncated_exponential-n500-g1000-3.sol.json,a7c0d88b78727409f8f95338161f67ad2e7fe40c021cc53bc4ac30960b65683c,21285,part_0001.zip
TSP-truncated_exponential-n500-g1000-4.sol.json,76359f1cd1d0211a0c2918fb47c96cfaf34ad21b72352919859319b57e3422cc,21285,part_0001.zip
TSP-truncated_exponential-n500-g1000-5.sol.json,cbf1eae6eaf97e1b629773e0687d6fc53f7ed6bb5b2afbaf794f73033a918188,21284,part_0001.zip
TSP-truncated_exponential-n500-g10000-1.sol.json,4bda6a0e23581f051d38de820664bd6640c2b2167d07e597082503b6b67387a1,21291,part_0001.zip
TSP-truncated_exponential-n500-g10000-2.sol.json,93bc8db4ba903aecec282340a148c82e84ee26acb2a1f845a2a1c93f0b69424a,21288,part_0001.zip
TSP-truncated_exponential-n500-g10000-3.sol.json,c886ef83b8f0ca619e33eb1d638d303488b6b1eeec841e2c05089900aadce292,21286,part_0001.zip
TSP-truncated_exponential-n500-g10000-4.sol.json,86ec39ae492d38d7cf2940354c897c6dbd7508111f4ec60c8e6c2414f5f53473,21290,part_0001.zip
TSP-truncated_exponential-n500-g10000-5.sol.json,58b29b38fe4966221ea5b4adae0c4c82f018faa6308cdb0c2f1f738d764fb8ea,21289,part_0001.zip
TSP-truncated_exponential-n60-g1000-1.sol.json,d16ac924558a2dff3b0dd70469193a659d7966ba115879c6e4804fbb156b21f7,2917,part_0001.zip
TSP-truncated_exponential-n60-g1000-2.sol.json,ff651b66b39a3d2e87341bd44366863d2359eae1c4bd952ee90afc71c8548c74,2916,part_0001.zip
TSP-truncated_exponential-n60-g1000-3.sol.json,8ed592de829f04d95c4d4c2d2f937a548713a29bb4c379956293e16db5f88653,2917,part_0001.zip
TSP-truncated_exponential-n60-g1000-4.sol.json,fe2e4264a9283e59beed579fcd3400b1b5acafce69f3236bae3d7ab5bd7d4c62,2917,part_0001.zip
TSP-truncated_exponential-n60-g1000-5.sol.json,58e850bab91aed157af5ca8df6da79d61f3ec87700a13e2fa09be1bc1993afff,2917,part_0001.zip
TSP-truncated_exponential-n60-g10000-1.sol.json,30dceeafc3bb6776678aba06f0a4b4543d1547e4e001a336ad2813c98897d314,2922,part_0001.zip
TSP-truncated_exponential-n60-g10000-2.sol.json,a27a4a195311be4d6d212a5a2de8399b564ff33b0197c8929d5d4b3e44ac3ec0,2923,part_0001.zip
TSP-truncated_exponential-n60-g10000-3.sol.json,55e9074cdbff48baabe532c4bc5b0a8854cde7d46d30e6aa54cdb64d85e671ae,2922,part_0001.zip
TSP-truncated_exponential-n60-g10000-4.sol.json,57d5b5314b1ceded117dad10707c2332e8d5f82b9456db8f917039c74cbcd1a6,2922,part_0001.zip
TSP-truncated_exponential-n60-g10000-5.sol.json,7e5aa3141c9ff24e92c6a7d1714cc0327b3e4c61ccf8962a77fc70ad86b8f346,2921,part_0001.zip
TSP-truncated_exponential-n600-g1000-1.sol.json,4c5bb4804f3e82bbd617d93445aae5674b50d4c94710b259883a2105a01cfd71,25485,part_0001.zip
TSP-truncated_exponential-n600-g1000-2.sol.json,91c8ef12c9335d4b87521a84ee4d3295a79ffa32eef5d64b38de4bfe1d919131,25484,part_0001.zip
TSP-truncated_exponential-n600-g1000-3.sol.json,c776edc7ea7d6799a13abcb7816bd07224d449f2d75400f33837b3b03c828504,25484,part_0001.zip
TSP-truncated_exponential-n600-g1000-4.sol.json,ad404dd245a57e3ea2bb5ba08717704202ed27ba186bb28d6d5a23e7f33b7a73,25504,part_0001.zip
TSP-truncated_exponential-n600-g1000-5.sol.json,ec3c9c142aed343c7e329322bde09536ed2f00be616726436b9f81021c200ebe,25485,part_0001.zip
TSP-truncated_exponential-n600-g10000-1.sol.json,b24b5f8092fc439789a868c2213b0a587cf05f2e6606e89938b83ecd6ec7512e,25489,part_0001.zip
TSP-truncated_exponential-n600-g10000-2.sol.json,58d0c58df0c2341d3708af8a484369043063602d6d68aa30ba43e98b5aa62895,25490,part_0001.zip
TSP-truncated_exponential-n600-g10000-3.sol.json,fbfafea8cc8571febcb5249e60f2701e79f13a5cddee898e624ad3a9e90c9dd2,25491,part_0001.zip
TSP-truncated_exponential-n600-g10000-4.sol.json,8bff819978e80bee6edc4d9143f305d2f8f8aa6e15c5812362a193d6755a2f79,25491,part_0001.zip
TSP-truncated_exponential-n600-g10000-5.sol.json,690e88ee63f234ca126339e3522e90c86ced04f7bb6d85d1efce6b9f3dd0a385,25490,part_0001.zip
TSP-truncated_exponential-n70-g1000-1.sol.json,9a3cec21f635b60cec3b8f096ee29b7793501964915e61852be53ef935aaff13,3307,part_0001.zip
TSP-truncated_exponential-n70-g1000-2.sol.json,3e08a6411a1cd875f54ca4102b4e7b1d8797fa5c9309917627f43a55c243a8cd,3307,part_0001.zip
TSP-truncated_exponential-n70-g1000-3.sol.json,412489d7f727f2244882add02a638c97f3ddf16f0e3410a0e47e6a1d9d7edeaf,3308,part_0001.zip
TSP-truncated_exponential-n70-g1000-4.sol.json,a8b89340dfdab913fc02c79f33bbda3634555a829000b660b29117bbb3917459,3307,part_0001.zip
TSP-truncated_exponential-n70-g1000-5.sol.json,156d6119325c2f26ce19fc7a0dbdb61f5796b473a0808de8877ddb7792ef75e8,3306,part_0001.zip
TSP-truncated_exponential-n70-g10000-1.sol.json,dba9141980cd879ca8df646090fd07fb069c4e65545dd1e88b21a386fa3bcbef,3313,part_0001.zip
TSP-truncated_exponential-n70-g10000-2.sol.json,661bf092dfe1c80b3d8bb665d8702b1792af01ca58b4cb4f859bec0b32fa981e,3311,part_0001.zip
TSP-truncated_exponential-n70-g10000-3.sol.json,48423f5fec60a6e7cc9290e50f36e2483bf7edccac168066acec10ff19edb291,3313,part_0001.zip
TSP-truncated_exponential-n70-g10000-4.sol.json,777a634eda7fd74906a9fa5bae48eb3cb574ae2fb86d0997ce5463ffe2f774e9,3310,part_0001.zip
TSP-truncated_exponential-n70-g10000-5.sol.json,4f1cebfce6137134deba463e4c744ba42fc9acca5c65fd996dda24d09cb58bde,3312,part_0001.zip
TSP-truncated_exponential-n700-g1000-1.sol.json,aa588198a47987c13a7913602c3edaa55a7b743b750bfd98cfac5de67efdd65a,29683,part_0001.zip
TSP-truncated_exponential-n700-g1000-2.sol.json,ab21c6ac787c82ae3e7cdbddb7e3e341da72bca2b68d23280193d3cf1e044ff1,29684,part_0001.zip
TSP-truncated_exponential-n700-g1000-3.sol.json,da65e70e71820a759f924d3d2f25b361f8fbefa56a9ee6c33104be443f021371,29684,part_0001.zip
TSP-truncated_exponential-n700-g1000-4.sol.json,214665e0a9a37b049e8a2a936e190b0661a09c76ea58c8e4084d4451bebe41bb,29684,part_0001.zip
TSP-truncated_exponential-n700-g1000-5.sol.json,e91dc6cd493f4a2ed8e41be38a7d771590f76bdf69d17c57f1de79131baaca22,29685,part_0001.zip
TSP-truncated_exponential-n700-g10000-1.sol.json,7c9c634ac78a80cf136ea87c10a32815c623c6f7e9198a6aab7c8c49c0e3ecef,29712,part_0001.zip
TSP-truncated_exponential-n700-g10000-2.sol.json,2ff13279b2fd1496b76ae8cdd9b78dda13c9418c5d9f232a88bb15bc8f650ebf,29691,part_0001.zip
TSP-truncated_exponential-n700-g10000-3.sol.json,53585309532ff300b02934f9cd66ca22cb5869c75e49894e8b7563d7b4150f79,29689,part_0001.zip
TSP-truncated_exponential-n700-g10000-4.sol.json,59f5e7f3ae7d9a1b9b6cd688bc07c61e5bdebaee1aeac102c7cfad8e69fb97ad,29690,part_0001.zip
TSP-truncated_exponential-n700-g10000-5.sol.json,ebfc147852e6097d277b5c58ca7f3922e6387018efc3583c78027b6cc6f2aea6,29690,part_0001.zip
TSP-truncated_exponential-n8-g1000-1.sol.json,e48ca8bb356f60e112ffc549358effc385e375c09b7727e89c649d9e612375d1,889,part_0001.zip
TSP-truncated_exponential-n8-g1000-2.sol.json,6f7168e993191f8e8ce6276da509566fa94406b0a1cca20a01357661bd66c19f,889,part_0001.zip
TSP-truncated_exponential-n8-g1000-3.sol.json,deb63b54d3d72cc5a0fe534f447965dc47dd4cc35be599e190d56cbdd2a278b0,889,part_0001.zip
TSP-truncated_exponential-n8-g1000-4.sol.json,082fc3e2d0bf42b823dfdb71eb1475546ae4da7e51265551a14f9bfee3b929b4,888,part_0001.zip
TSP-truncated_exponential-n8-g1000-5.sol.json,b9130a1da2e1fb3ed143b6fb1312a2c41895dc77ce955ad61436fb369f2ee288,889,part_0001.zip
TSP-truncated_exponential-n8-g10000-1.sol.json,f96e14efc2e0f4f3170299af9ba929ed8f506c4976456ab30307c21b77020331,894,part_0001.zip
TSP-truncated_exponential-n8-g10000-2.sol.json,de4d6c751eb94cdcd67530f482c55beab6a1232c43d338adf100c2206291758d,896,part_0001.zip
TSP-truncated_exponential-n8-g10000-3.sol.json,98831a437194d3928ade3e2e0c5577c8e4c294d60da337bb9d30f58d68c42de6,895,part_0001.zip
TSP-truncated_exponential-n8-g10000-4.sol.json,12701257ba847b6c28c4e291a6cbaf85b22556b29f375b917b69e8ea8b988b31,896,part_0001.zip
TSP-truncated_exponential-n8-g10000-5.sol.json,56f2f037f6504c405707233a6f96a7b1ae0276b6ab93bdb4ff55d20537349036,895,part_0001.zip
TSP-truncated_exponential-n80-g1000-1.sol.json,483c6d4883f414524106b09a19a01e8962ffba8fc02763991d91ef348320907a,3696,part_0001.zip
TSP-truncated_exponential-n80-g1000-2.sol.json,c4f5b84717522b98d70529d667952e4e2f0b65df9f24e92a0200d66b947c80d9,3696,part_0001.zip
TSP-truncated_exponential-n80-g1000-3.sol.json,11edd3e8538611f0e7a00e866d999b3e4e4a5ec9b01b16dc8f435eb1f4c63abc,3696,part_0001.zip
TSP-truncated_exponential-n80-g1000-4.sol.json,2775e57b67e11b04b602d9e87c4218104be970bb861a706d98f64cc038b3aaf2,3696,part_0001.zip
TSP-truncated_exponential-n80-g1000-5.sol.json,e270f15f4fbb25d9aae2a8649e51ec68551d07a16156eb07da20a14f70a44478,3696,part_0001.zip
TSP-truncated_exponential-n80-g10000-1.sol.json,8d08512eed732221ae5e64afa81fae7c411cdba14f440feebb436c65809a89fc,3702,part_0001.zip
TSP-truncated_exponential-n80-g10000-2.sol.json,c44042dcf46b01a62309d10ec8b48b25ffab8887b26caf3097a809ce8e286ff1,3703,part_0001.zip
TSP-truncated_exponential-n80-g10000-3.sol.json,5c28433872408d2251beca3e1a870bf2ae7057545561b204ddc6b7acf3696c6b,3701,part_0001.zip
TSP-truncated_exponential-n80-g10000-4.sol.json,67a3b45576ee0939d1900e9fb23a9625dfbb406d06c305bc0bea96868597e65b,3702,part_0001.zip
TSP-truncated_exponential-n80-g10000-5.sol.json,4c9e456297266ed06ec15ce43036a0f1b4f1ff28abbc0ee75fdedc024d99b466,3701,part_0001.zip
TSP-truncated_exponential-n800-g1000-1.sol.json,60ff9a06b4ae1e36d35f9f123011930d5d87e03deca249fcfa9ea78a66bdf71a,33885,part_0001.zip
TSP-truncated_exponential-n800-g1000-2.sol.json,cf902eecc6af46d14afb15e76e7776951c6f05d5073f18af47298686ee2aadc2,33884,part_0001.zip
TSP-truncated_exponential-n800-g1000-3.sol.json,1426ac5d9e08ec9fe65b02d0eaba302af102bbaa0fecfa935ce89b8240fd2500,33884,part_0001.zip
TSP-truncated_exponential-n800-g1000-4.sol.json,148a6c07466e8a312e657e96c781fca03fc10dad2f8980fd23084ab625f956ff,33905,part_0001.zip
TSP-truncated_exponential-n800-g1000-5.sol.json,a524335fe2293e39bd347c660c91ca51b8c4658b88707d64e7a437d67845c089,33905,part_0001.zip
TSP-truncated_exponential-n800-g10000-1.sol.json,3472bb04a8acc9a8b03a5ecdde6b4b04b8577adb5bfbd1584c9ee4067b461daa,33889,part_0001.zip
TSP-truncated_exponential-n800-g10000-2.sol.json,708a907a9b2e8ce7fd876c0197b791452e69a57e9fa693ab98ac1c0ad5020e7c,33889,part_0001.zip
TSP-truncated_exponential-n800-g10000-3.sol.json,43d5090230a8d01b6207228fc7a3505b5f294671c361927da51805c90f56f7a0,33889,part_0001.zip
TSP-truncated_exponential-n800-g10000-4.sol.json,c6f058b481b7eca123fe4e93deb7511820a8670f5609042c03423fa52dfa58c0,33890,part_0001.zip
TSP-truncated_exponential-n800-g10000-5.sol.json,cf32e160bc3d151e81f756e5ec35cf25104725d26b13b00f04711fd70f9d9b7f,33890,part_0001.zip
TSP-truncated_exponential-n90-g1000-1.sol.json,b5d5e2e611046954e50e3992ffeb2d6bc9f73965b4b84724b34d26e9bf60d85f,4087,part_0001.zip
TSP-truncated_exponential-n90-g1000-2.sol.json,ad58a3c05ad41dd4c8dada34e57cff3b16673164958c0d0f893569816f43efcd,4087,part_0001.zip
TSP-truncated_exponential-n90-g1000-3.sol.json,874a5639a47a58725c52165aa200455f04b99b6dbb72059df6568886f4897d34,4086,part_0001.zip
TSP-truncated_exponential-n90-g1000-4.sol.json,86871cffb3f2f1233279914ae0efd4403ed1330ff11e2374e2fcb5692b105186,4086,part_0001.zip
TSP-truncated_exponential-n90-g1000-5.sol.json,ab4f5dd457cf76204f9ca831814634cd14c5b05736e1cba19871c6fa329bdfae,4086,part_0001.zip
TSP-truncated_exponential-n90-g10000-1.sol.json,9c598c9693cd31bd1a19716fbbb20da2a743db5873506ea570dee09747b3c09b,4092,part_0001.zip
TSP-truncated_exponential-n90-g10000-2.sol.json,ffabc3c8c727c70cbc29e2f1e1b3ee2b0e57bcd196868faef5d45886000751b0,4093,part_0001.zip
TSP-truncated_exponential-n90-g10000-3.sol.json,7dece867c923ff4ec4e82538431c6a6a48fb0c5a5dae40bcea1a4f42528b9578,4091,part_0001.zip
TSP-truncated_exponential-n90-g10000-4.sol.json,a5855d3bfe2d5d8fc216842a1100fcce1ec541e2c0117aaaa95fd8d3dd9105aa,4092,part_0001.zip
TSP-truncated_exponential-n90-g10000-5.sol.json,27eeeba95c50d93c97ef8962746c82a16a3f67e19352ad641f6e01e561382a53,4091,part_0001.zip
TSP-truncated_exponential-n900-g1000-1.sol.json,e8f25eeedb414b512d6a68b2f972ff84578eaa8a446bfec7d770afb1f968fddd,38085,part_0001.zip
TSP-truncated_exponential-n900-g1000-2.sol.json,36307dc3725dc654c6e710b85e751d0b0995b78867d5c0ee7f5997c634d37db4,38107,part_0001.zip
TSP-truncated_exponential-n900-g1000-3.sol.json,dc2563cc6c3e021c1ae0b5e90e84be69767bb322394d9c4c5abe31c63a1e1d4b,38084,part_0001.zip
TSP-truncated_exponential-n900-g1000-4.sol.json,8a897599922650e85dcc6c06379855679342238de9bb92c4b4afdf376f86d33d,38105,part_0001.zip
TSP-truncated_exponential-n900-g1000-5.sol.json,3efbe6304e4c7167f02e8a1152fc4af3d8d9462d6e7d5487577ffb434470794d,38084,part_0001.zip
TSP-truncated_exponential-n900-g10000-1.sol.json,c69484c3687e4f82595707a9d6638ba52c4035af3d3ac774f2b86ce43676f860,38090,part_0001.zip
TSP-truncated_exponential-n900-g10000-2.sol.json,2cc18748f690109823f956f008ae2f025bd9e996698a4c2abf1bf45c89130d6c,38091,part_0001.zip
TSP-truncated_exponential-n900-g10000-3.sol.json,6a97f9c03826c02816ebe3b8f9d3591646217e4bdfa1fd14e09d849c1bb46b76,38091,part_0001.zip
TSP-truncated_exponential-n900-g10000-4.sol.json,225249460b13b2bdac3d73b5b383f057db2e82e5bec10e0d7f6565cdb879da9c,38090,part_0001.zip
TSP-truncated_exponential-n900-g10000-5.sol.json,6603e6fb40392339c4f6dcccd6c4099b0cb72fa0e15cd18eb946e83da111f739,38091,part_0001.zip
TSP-uniform_triangular-n10-g1000-1.sol.json,8463bdb79f0dd7b1301fd762e7279c0c7c54a7953aedbf0f84361bb374888780,962,part_0001.zip
TSP-uniform_triangular-n10-g1000-2.sol.json,733820b9f3a055c0e9cc382b665d620561fca9640a338ac54f055130b9370dd8,961,part_0001.zip
TSP-uniform_triangular-n10-g1000-3.sol.json,4b460b3c33a1a9a4c1f8ed4a4906ead464c72b21b4e46d846056f2f0c4fc7cbd,961,part_0001.zip
TSP-uniform_triangular-n10-g1000-4.sol.json,3ec6f1859ca85ce65f799dc00e9da53a5048e85872a7e9ce0e3b7fd0efbcce5b,961,part_0001.zip
TSP-uniform_triangular-n10-g1000-5.sol.json,492f26177b64395c985e8248b00d78157f2d60449edeacca1ac35de82cbba1b0,961,part_0001.zip
TSP-uniform_triangular-n10-g10000-1.sol.json,c2ad17b9b454c8dd5d2c1e15b0fe50a070b0eba6f69ec90a5ecca817d1f04b53,968,part_0001.zip
TSP-uniform_triangular-n10-g10000-2.sol.json,5aa0c2c88ff794ddab55f1075563fb3ba19026aa5b6b89aa6f5cafc8872ff119,967,part_0001.zip
TSP-uniform_triangular-n10-g10000-3.sol.json,31a8f26a15aa148abe77ec2e28314b7193390906ad8d9fa03f823d1673d7107b,966,part_0001.zip
TSP-uniform_triangular-n10-g10000-4.sol.json,1a8fa7e6d5ff27e837c01ce600dbb89e09e2f1c5ec17f089e848f58a83ade8c2,966,part_0001.zip
TSP-uniform_triangular-n10-g10000-5.sol.json,99f2503d386134284470f73ed377984efded5ea1915a3254d10271ea682ab886,968,part_0001.zip
TSP-uniform_triangular-n100-g1000-1.sol.json,9258bd08e441f1a1f24d68c8573746fe6502a223d1e7c4999c65872570b0d483,4477,part_0001.zip
TSP-uniform_triangular-n100-g1000-2.sol.json,784095ba37e700f48c26828ac593f47678b0cca7b41f5222bb7b5f9dc2da7840,4477,part_0001.zip
TSP-uniform_triangular-n100-g1000-3.sol.json,7750d49f4cff3f00477e1ebd79f58875ee08106d4cc82f8f1617b17f63158619,4475,part_0001.zip
TSP-uniform_triangular-n100-g1000-4.sol.json,4c54d56a5842f3abd8301835a58382cd880fd6a1e56d5409e989ed6a5487b341,4475,part_0001.zip
TSP-uniform_triangular-n100-g1000-5.sol.json,aea1bca888c87bb1c00144ba14fa1360086f0427e51c29cb300260c9ed144a18,4476,part_0001.zip
TSP-uniform_triangular-n100-g10000-1.sol.json,7cdb9f8119d5393bd314b2a0b102f515be3d6adefcea84ab98c37fc35ad82f48,4483,part_0001.zip
TSP-uniform_triangular-n100-g10000-2.sol.json,29ed2a9eb157a2c42529d8b9b8c34c00708135c93e6e75d38e55353b6220d497,4482,part_0001.zip
TSP-uniform_triangular-n100-g10000-3.sol.json,53b0b7796297bf665aad1f7bd9c3bde4265791b6956a350849f09bb47b9cefcf,4483,part_0001.zip
TSP-uniform_triangular-n100-g10000-4.sol.json,88d57706a46ba77923c04e274f92af280d821d1cb90ab112f2c80b28e184c90e,4481,part_0001.zip
TSP-uniform_triangular-n100-g10000-5.sol.json,c327f77eadbe770e0098456457ddddb3b53902c0b2c9e6701ae9062ed57b46da,4481,part_0001.zip
TSP-uniform_triangular-n1000-g1000-1.sol.json,8a26b8cb5e067eb2c67f54bae376ca18632db4d2f83c5de134a8d3f3591af37f,42284,part_0001.zip
TSP-uniform_triangular-n1000-g1000-2.sol.json,92debfb783a6341379aa51adb2cecf1d126842b5d3c8a52274cda161a66d8a40,42306,part_0001.zip
TSP-uniform_triangular-n1000-g1000-3.sol.json,0b4d45bc02ac0a33b6aa98b1c0f9697fd2ad23a49ae8f8b9dae6ab7bda7b212c,42282,part_0001.zip
TSP-uniform_triangular-n1000-g1000-4.sol.json,689c0f0ce8d4b6617bfaed25ff3f854bcc7e444e87695318cf80be31380b2fb0,42305,part_0001.zip
TSP-uniform_triangular-n1000-g1000-5.sol.json,8e584accd959b0bd875e9a1f9be6bdf0ee9fbe944b6388cc1e0a352a20e85fd9,42305,part_0001.zip
TSP-uniform_triangular-n1000-g10000-1.sol.json,bd2b1d0de083ceb398eb46d4452efb14ab4d7268cae3810f29a58fef9c475c93,42290,part_0001.zip
TSP-uniform_triangular-n1000-g10000-2.sol.json,65ca2939441e154ccef55e5c4fd301eae94a6338f05b39c9b9188d1ca2bfd8c7,42289,part_0001.zip
TSP-uniform_triangular-n1000-g10000-3.sol.json,d6478ec0f71b46533ca242739b958ab61fe2813ba535c362e0724890a0a9bc8d,42291,part_0001.zip
TSP-uniform_triangular-n1000-g10000-4.sol.json,e064f5774c55a0c80c9d50323df045ee6f65a5dadbbbc2d152ba96db54ce1913,42291,part_0001.zip
TSP-uniform_triangular-n1000-g10000-5.sol.json,450ef811c3ca2e1af2a4538eaac9edaaa322506a2a66ef1f38b9cb5ce9cedbf8,42291,part_0001.zip
TSP-uniform_triangular-n20-g1000-1.sol.json,597eae1f2c624c6a12c5eb213e7f433a8d15ee1775b80f47a34eb1176d5c2745,1351,part_0001.zip
TSP-uniform_triangular-n20-g1000-2.sol.json,58df9a52a01f71b66f54159d8d44b0e46c4630ba6653800089d435042da09caa,1352,part_0001.zip
TSP-uniform_triangular-n20-g1000-3.sol.json,a7386525ac58f7cfdb9ddef6550245d96ba1b7263574e7834c774067d6e48a01,1352,part_0001.zip
TSP-uniform_triangular-n20-g1000-4.sol.json,6d641f8120f53785a58d36db6b917208a53196fefa2dd24dba74e4957ca73e7f,1351,part_0001.zip
TSP-uniform_triangular-n20-g1000-5.sol.json,8e4a642f6833e8eaf40b61cae175fdbc12f82853de3713d88493f608d5de7f4d,1351,part_0001.zip
TSP-uniform_triangular-n20-g10000-1.sol.json,9fc4042f3273e028d68adccca83acd217d73b3337ae652150c67e7ac1ecc3738,1358,part_0001.zip
TSP-uniform_triangular-n20-g10000-2.sol.json,87c4a8544dc3b0851ffe77f78ef5605816b08e826da0e156ff045215913b9642,1357,part_0001.zip
TSP-uniform_triangular-n20-g10000-3.sol.json,57a22c2dc19be96be2674f1e0761f4fa51d0396fbc883a6ad50e5a77da70457f,1357,part_0001.zip
TSP-uniform_triangular-n20-g10000-4.sol.json,13791e90c63e160a1243c60ae547630105cd3b4fc1ed9ef5a4f1982759a9e8ea,1357,part_0001.zip
TSP-uniform_triangular-n20-g10000-5.sol.json,9818e6c5246334fea97b59c1b82d2ef61c8c443f125d32f8b27e3b52c4e9acf2,1357,part_0001.zip
TSP-uniform_triangular-n200-g1000-1.sol.json,1e57eafecae8bc337957d388ee20e1336f02c6b4ffad5ea3454e03398bc88dff,8676,part_0001.zip
TSP-uniform_triangular-n200-g1000-2.sol.json,e769cd639fa944d0b4f59a82b8c9df5e2ee0a93f5a58601f9bc668bf170287d0,8676,part_0001.zip
TSP-uniform_triangular-n200-g1000-3.sol.json,811973ad898402400dfef2b8fdac1837dd007e2b2e74af8ba2b37d7b5ab5c639,8674,part_0001.zip
TSP-uniform_triangular-n200-g1000-4.sol.json,8d9eb6712e6b20bd47b033a756d253609c32bb32ad32806852549670bb802bce,8675,part_0001.zip
TSP-uniform_triangular-n200-g1000-5.sol.json,2a1cababdbfa71a6a79a44f4a68ed0822c0f59578e2044878f903140d4e1412b,8675,part_0001.zip
TSP-uniform_triangular-n200-g10000-1.sol.json,37a206fcaca0e2f37a1af10b78b6df9072108aa7dcace1cf5a505b1ccfe78cc6,8679,part_0001.zip
TSP-uniform_triangular-n200-g10000-2.sol.json,e97bd385c601074382b00f2b6e7219672e219be87e917b6c33ef4299343ef0ad,8684,part_0001.zip
TSP-uniform_triangular-n200-g10000-3.sol.json,8364e84b70fbf4b91c29f2835f1ee3cf15c5ee8abf0fe5f7f5c90e2c47efe2ad,8680,part_0001.zip
TSP-uniform_triangular-n200-g10000-4.sol.json,3d70651984066795693477d915f946917faedf31341fe893c81deea09f3c863d,8682,part_0001.zip
TSP-uniform_triangular-n200-g10000-5.sol.json,b51fa9316c9c3f49e8987b1e352e3c607ce61c060b6be2d01204464a16aa62ab,8681,part_0001.zip
TSP-uniform_triangular-n30-g1000-1.sol.json,1af629610b1656c77a2d816857c86e661cfc3da730e2a38104e79aa3b6f922e9,1742,part_0001.zip
TSP-uniform_triangular-n30-g1000-2.sol.json,ef278e3a028a14d2a40c0504c0b22c52e37830d6bba151f91c019b3d5d8be39e,1739,part_0001.zip
TSP-uniform_triangular-n30-g1000-3.sol.json,bf40dee509413d4619906f646fce7270779d2008ebfdbb6c6bd840de77eb8bdd,1740,part_0001.zip
TSP-uniform_triangular-n30-g1000-4.sol.json,da17fde0aea3fcb3851716fb39e26597d70442882f7fd929fd789d0bdd5ad87e,1741,part_0001.zip
TSP-uniform_triangular-n30-g1000-5.sol.json,14deb5ed7f9b2c40716d0f7420347d000198e51799f02b112062f76ffd3361eb,1741,part_0001.zip
TSP-uniform_triangular-n30-g10000-1.sol.json,43670c0577a8742a5985553668565a646410bc9e9e0dab8182b4f374921e9fb8,1747,part_0001.zip
TSP-uniform_triangular-n30-g10000-2.sol.json,c6e6ecae38419cbfa3b607d7d5eb30ac0df07e684ddcb7bb6fdb9acd7cf2de62,1746,part_0001.zip
TSP-uniform_triangular-n30-g10000-3.sol.json,7dd02119a1bf08ca8da5573e395b5480b2195030295b34568ddc37f1b35ea2d3,1748,part_0001.zip
TSP-uniform_triangular-n30-g10000-4.sol.json,e6bdf05678c17d186aecad29821f63fff02dcc4af18eb20631c51ef18b71c7ff,1747,part_0001.zip
TSP-uniform_triangular-n30-g10000-5.sol.json,ceb1c83c82aa268a2dd6867e5f7b3856a47b2ffcf632ef125441cf39b60c7e7c,1747,part_0001.zip
TSP-uniform_triangular-n300-g1000-1.sol.json,c5fcc0418bbd621bea4f6d47e1646e8b2b35784e9e1655cfed7aa8951aec90e8,12877,part_0001.zip
TSP-uniform_triangular-n300-g1000-2.sol.json,bb12415583c56ff9451787c5de31a0a3545cc624ffe80d0b2142995d8b50e8a3,12879,part_0001.zip
TSP-uniform_triangular-n300-g1000-3.sol.json,cf8f872fa70b1406b1f6ad6e6ca7ccadf1cdc36fd798c839d9bf49773613da34,12878,part_0001.zip
TSP-uniform_triangular-n300-g1000-4.sol.json,b5dd4bc66a4e1f68e73e78220f430494241d9c25978620a1f0b9a16f4ffa0f74,12879,part_0001.zip
TSP-uniform_triangular-n300-g1000-5.sol.json,820d24a598ab4857118b627a0fb86abb1b37b256a18882ef517c16970c3b382f,12878,part_0001.zip
TSP-uniform_triangular-n300-g10000-1.sol.json,3aecbd4336056fdc539a990c33d9ae6b91ded459842344695e37d297c325c1ba,12883,part_0001.zip
TSP-uniform_triangular-n300-g10000-2.sol.json,bff0a4393001666f90178157bdc7bb624d99ce2beb0577914e65376aeb64fe65,12884,part_0001.zip
TSP-uniform_triangular-n300-g10000-3.sol.json,6f0d8ad90d7aaec2e6722d75c8c132ef09166169ad5d868683d377f1bcd5b453,12885,part_0001.zip
TSP-uniform_triangular-n300-g10000-4.sol.json,f73aaa6a5f9dcf697afbac1d1a9150580bec6fd01abe24715b030e6d6176732d,12884,part_0001.zip
TSP-uniform_triangular-n300-g10000-5.sol.json,ccd53c8a3c9095295f93c1eda8dba619bd2cb4f48ab440797033267c1d3a3caf,12883,part_0001.zip
TSP-uniform_triangular-n40-g1000-1.sol.json,90b70b9eb47545ec1cdb575524ab7afecc3c0398c4062b721ef48cdeccd9faf6,2131,part_0001.zip
TSP-uniform_triangular-n40-g1000-2.sol.json,fe65b34652d62c4b8a560859088e1cc87496ef2958385b97ea75159b5bf51d25,2130,part_0001.zip
TSP-uniform_triangular-n40-g1000-3.sol.json,8c239571ee4ba486fe9641ff8ebf6eddc29caf2e7e8acd37b9d52534a297f46d,2130,part_0001.zip
TSP-uniform_triangular-n40-g1000-4.sol.json,a33d73dd255aa2237c51d00391188c90f07e91447b9791a29bbd8d4d48d28578,2131,part_0001.zip
TSP-uniform_triangular-n40-g1000-5.sol.json,d4b0e00b81afdf754772f19ad347b71f738a9be422f9f48189b582958348a5c8,2131,part_0001.zip
TSP-uniform_triangular-n40-g10000-1.sol.json,630202e21aeb98f98065b23978e8633a754d138f45ee8e8137bed02ce3cd3e86,2137,part_0001.zip
TSP-uniform_triangular-n40-g10000-2.sol.json,be36b1173501dc4fc7639217040b29f49e9914b581bfe468e60ce2b3876b3fa4,2137,part_0001.zip
TSP-uniform_triangular-n40-g10000-3.sol.json,b62f4cf2eff1efdaa50e639ec80225efb12c011faf1e6d5090c1fed5f8172f7e,2137,part_0001.zip
TSP-uniform_triangular-n40-g10000-4.sol.json,dae74786c3a3dd2fc055733c2a637fb0c8725f072bfd93b9862ed7deab5efab6,2137,part_0001.zip
TSP-uniform_triangular-n40-g10000-5.sol.json,6983e12b5b9b0b787e3365638945a335c8113fec8ba1a225fafbe72ab47493f2,2137,part_0001.zip
TSP-uniform_triangular-n400-g1000-1.sol.json,1312635a24e71f22f3ee86c43d00de3b3de77a0dccd8a5c328546348d71831d4,17077,part_0001.zip
TSP-uniform_triangular-n400-g1000-2.sol.json,f52def29d796cb6af0c65e492bb37ddb67b5ae31ece9e7311145da8dedbbb85e,17079,part_0001.zip
TSP-uniform_triangular-n400-g1000-3.sol.json,4fad5870edde8965661d939c02d7e48a7d662c60994c9d0fe0cbf2ccc8edcb64,17100,part_0001.zip
TSP-uniform_triangular-n400-g1000-4.sol.json,60d1b68cde6aba1b067b3996d35fa69c157651221b5a05d242d60495af7a6cf6,17077,part_0001.zip
TSP-uniform_triangular-n400-g1000-5.sol.json,64eb4136acac0dcb09a5f22bde52487fa8a32726eaa217369f906a7a2c18cccc,17077,part_0001.zip
TSP-uniform_triangular-n400-g10000-1.sol.json,daf25062d1f830169e84747869c25f279d98317de4d5b9b4951be3fe76d5f5a7,17084,part_0001.zip
TSP-uniform_triangular-n400-g10000-2.sol.json,cb4589a81f0db6789f98674bedf24ebddc453eeeb3b16174ffb0a5f92153a085,17083,part_0001.zip
TSP-uniform_triangular-n400-g10000-3.sol.json,cadbf8cdf55521fe329f8ca41b90e59ee45901899f5f01f8a7b2fd3ff0f5dd3e,17083,part_0001.zip
TSP-uniform_triangular-n400-g10000-4.sol.json,b323b2eea8b75cad5f647fbad4391cdb05bc618a061125915cbd811b17a8c33e,17085,part_0001.zip
TSP-uniform_triangular-n400-g10000-5.sol.json,857c83af0f94e681f9d8182274c1e4f72ec25ecb859a1449785f9e086c259084,17084,part_0001.zip
TSP-uniform_triangular-n5-g1000-1.sol.json,ff7be2a40ada37a8985f5785aeac485a0813052511a0b7aa2f7be4ace5bc81f8,774,part_0001.zip
TSP-uniform_triangular-n5-g1000-2.sol.json,ff7f69e7de8f44ac40e76d80f7747940ccbbb7d77b4ba9fc60ce09e9afa99427,775,part_0001.zip
TSP-uniform_triangular-n5-g1000-3.sol.json,7debb0f9811008d8579d06740bb9aa7f9f8f5598d671cf38453f6efd24c675da,774,part_0001.zip
TSP-uniform_triangular-n5-g1000-4.sol.json,edb415909d03a752f75335870bbf42a43119417d7c92a6ca61564a053b3be903,774,part_0001.zip
TSP-uniform_triangular-n5-g1000-5.sol.json,1bbc672762f20b3594fd5b3e27c7729f49ab40faf637209b925cb419cec371ec,775,part_0001.zip
TSP-uniform_triangular-n5-g10000-1.sol.json,44854f0f35c7757b3fa4a09a516fca7464b944a303fa195683334a9e2b5831e6,781,part_0001.zip
TSP-uniform_triangular-n5-g10000-2.sol.json,91f988c2657bb60f8d9a2d9d5f58810b0b2de4d663a63c3dabdbf3b26e135395,781,part_0001.zip
TSP-uniform_triangular-n5-g10000-3.sol.json,0cf1ec5a2bce53d1e27ccc845fd95a269632df43a5d59619a3231339cd80cc37,781,part_0001.zip
TSP-uniform_triangular-n5-g10000-4.sol.json,00d54ec401bcfb54837d31cb20cba4d94c610e97408d0f542bc69053cff08471,779,part_0001.zip
TSP-uniform_triangular-n5-g10000-5.sol.json,cd9c8b1bb2f7f55eb761b25795539d9a43c35b73131a405619a0d0443dd9f323,780,part_0001.zip
TSP-uniform_triangular-n50-g1000-1.sol.json,8a64e7925d1efd00daa1abc0b17fbe43a9b6bfe445ceacfba4f0105761c51dbb,2521,part_0001.zip
TSP-uniform_triangular-n50-g1000-2.sol.json,8cebafebd6c73d6f972742fbc128be219b072bfd53422f231e13e5cc5204206a,2521,part_0001.zip
TSP-uniform_triangular-n50-g1000-3.sol.json,7887d66c93ff55ed5003e56bcb0a91597bd7338364f5c06c1fac166f219661b2,2521,part_0001.zip
TSP-uniform_triangular-n50-g1000-4.sol.json,2de15e277c1b88961ad21c6c5860e3d73aaa5f3d5ef0cb7b96e25c877c54b97f,2521,part_0001.zip
TSP-uniform_triangular-n50-g1000-5.sol.json,a9eab30d7afef6ce90acc7bd76dea089534af53001faad40ef40136c95a6a786,2521,part_0001.zip
TSP-uniform_triangular-n50-g10000-1.sol.json,184f6c51e43647cd733ed518f8f7b8cbbf8eda3280f294de1c0885253ce4f8a2,2527,part_0001.zip
TSP-uniform_triangular-n50-g10000-2.sol.json,8bf728d7e0e205b687dfdb92ba5759ed0f4d198908dcc7b8386706d0625baeb1,2526,part_0001.zip
TSP-uniform_triangular-n50-g10000-3.sol.json,00b07ca3284b0e04115fbd1ce788c6ce5e6e2528221c41c4de73b501aae7a560,2526,part_0001.zip
TSP-uniform_triangular-n50-g10000-4.sol.json,9b5930af974303aa3d1cce1d04b08254d31f7e54911a0b44d8410e557d619ff3,2526,part_0001.zip
TSP-uniform_triangular-n50-g10000-5.sol.json,64f3030ff5173f9db389713e052337eaaea413a75640a4d024a7bb55dbf52301,2526,part_0001.zip
TSP-uniform_triangular-n500-g1000-1.sol.json,3a378a6df2cd35f6f95f395edd352ebd396650b6880ccef64c8b7517055ee0d8,21277,part_0001.zip
TSP-uniform_triangular-n500-g1000-2.sol.json,901456e1cd191ff3da6112067e9f7483cd24553e872402fd09329790b1ad1851,21278,part_0001.zip
TSP-uniform_triangular-n500-g1000-3.sol.json,4c1ba07bdd2ecffce23393a0912de2b9102d0444f665fd58e7b94fdb2a0e8d0d,21277,part_0001.zip
TSP-uniform_triangular-n500-g1000-4.sol.json,8edd658a4326951184e1f6c709a6541eb0e65c59e1fc79c3106be77f220781dd,21278,part_0001.zip
TSP-uniform_triangular-n500-g1000-5.sol.json,ffd0112e8b479836e4303152580f54b5d44fbb39fb9dd0bd3ab75ccd7f2f13e8,21276,part_0001.zip
TSP-uniform_triangular-n500-g10000-1.sol.json,7f17f7a99c022b898908b4d88d0e975fe9e4e4c758eb69f21f0c418fc3597dc1,21284,part_0001.zip
TSP-uniform_triangular-n500-g10000-2.sol.json,691375d848bba7832c7bf085bb0725ec76f74918b32136975f7f983b10804386,21285,part_0001.zip
TSP-uniform_triangular-n500-g10000-3.sol.json,76c6d64508774cfd6f10d90b4b7ffc4d5fb817514be929f796e92f52cd12c29f,21283,part_0001.zip
TSP-uniform_triangular-n500-g10000-4.sol.json,769a069fa6941b891fd765fab98304601c9d8f3b0bdd95ddd4ec0b9588820488,21284,part_0001.zip
TSP-uniform_triangular-n500-g10000-5.sol.json,117c0405a6e6863da4b6aed3b2ccb4e7e909ad0a990f003a2f153d087c343c64,21283,part_0001.zip
TSP-uniform_triangular-n60-g1000-1.sol.json,da687a23e5f9b1e7c469410a46d3d1bd1f1e11cd2a8379c953e90ad0dc60247d,2909,part_0001.zip
TSP-uniform_triangular-n60-g1000-2.sol.json,46ccff83b64df34f270cc3a58812fcf4ba53e82f759ae42fa24aa801ab543a90,2911,part_0001.zip
TSP-uniform_triangular-n60-g1000-3.sol.json,33a9d2eb606fde00ae2792068b1c19745c8321a7fff1bf69c9c87d3f0e335cb9,2911,part_0001.zip
TSP-uniform_triangular-n60-g1000-4.sol.json,16d44c5d92b63fc445fef71fecb48e806c354b4f2d8e0ee0a8a7a0b0590a8de4,2911,part_0001.zip
TSP-uniform_triangular-n60-g1000-5.sol.json,2b471ac1d4537005aa9ec4ce626ac1100bade9193fcd091a715348a663e64645,2911,part_0001.zip
TSP-uniform_triangular-n60-g10000-1.sol.json,8c0ab993290a0e224f2a07f59baeb353ae27d35bf774af806850a1049720cad6,2917,part_0001.zip
TSP-uniform_triangular-n60-g10000-2.sol.json,be79fec5bcee2c659e4ff66986da44fcb56103444fcd7ec327594c97c10ed3e1,2915,part_0001.zip
TSP-uniform_triangular-n60-g10000-3.sol.json,d3c7837e53281932a55ca919304f7cd95f1db63ba44357890681b22d0c509bbd,2917,part_0001.zip
TSP-uniform_triangular-n60-g10000-4.sol.json,7f041f64a7dde59c9ed463d98b184cc7874f9f39f2b57cb6829f4735634bc52d,2915,part_0001.zip
TSP-uniform_triangular-n60-g10000-5.sol.json,f86545d7f120384ef72057ca6a20935c3c733f9da5ecaca473fe71fba4a6d5e2,2916,part_0001.zip
TSP-uniform_triangular-n600-g1000-1.sol.json,7863bbc95355c2595d8432a3a5dc4743adf77d1006d705c675825cd56081e827,25477,part_0001.zip
TSP-uniform_triangular-n600-g1000-2.sol.json,5d2b7966e46dab7ebc5cc11c9284280ebade256a5a3debb1048bc7ad756d516d,25478,part_0001.zip
TSP-uniform_triangular-n600-g1000-3.sol.json,43008451392cea9a26c2de23631655070b2795d2929b5c674e4401924c3e5a2b,25477,part_0001.zip
TSP-uniform_triangular-n600-g1000-4.sol.json,c3869ea0610949d17ef1bdc83bfaba3a75cccf26683d4b60fd81bb34fe58d0d2,25478,part_0001.zip
TSP-uniform_triangular-n600-g1000-5.sol.json,9c232fc09f65bc999b13b420825c22eee7646708505e2560dbb4939dc262fd93,25477,part_0001.zip
TSP-uniform_triangular-n600-g10000-1.sol.json,4f0c134c8cf37f2f01be836cf43e7d3239c0f16165ef22b8e2bc0ca75aeb8761,25483,part_0001.zip
TSP-uniform_triangular-n600-g10000-2.sol.json,a33c238c8b202d59824f49dc894d166fdf698cca7f04739545549163ebc6112c,25484,part_0001.zip
TSP-uniform_triangular-n600-g10000-3.sol.json,c4d0d30f79379019535ac0127b6a7cacb1ff0ed4fd7c2c41de838928f0e0d4a6,25483,part_0001.zip
TSP-uniform_triangular-n600-g10000-4.sol.json,4c5937381d5bc24192c387b7040d03cce2eac334b0be77f493838ab4fbb7f931,25485,part_0001.zip
TSP-uniform_triangular-n600-g10000-5.sol.json,02eaf185cfbcfef8188bf93e8f5dcae2fcc63a70c8d0f12a033a6a29ae470603,25484,part_0001.zip
TSP-uniform_triangular-n70-g1000-1.sol.json,f6549c2fa8ef3f3c5ff72b495bf584e8b2dfeb0742ae198145f40e005f09930c,3300,part_0001.zip
TSP-uniform_triangular-n70-g1000-2.sol.json,d56fdefa88befcf39360710ea90c310c68424cefeff123dd92923d97a36293fc,3301,part_0001.zip
TSP-uniform_triangular-n70-g1000-3.sol.json,13565c9f1054db566adf7c88553e54de6efceb1f4e6e42983523c4a4542ed289,3321,part_0001.zip
TSP-uniform_triangular-n70-g1000-4.sol.json,db1075c203e2586d801bb29bd697c3dbf9b195bc1c23c525f294f2ccd57b8004,3299,part_0001.zip
TSP-uniform_triangular-n70-g1000-5.sol.json,15ea7a23ebf692a79f9d52a45cdf6fbfc8f32cad1a3fcc05717212784a0912a4,3301,part_0001.zip
TSP-uniform_triangular-n70-g10000-1.sol.json,74872d4fdb7acdbd8a5c140b7017cfdcf19d0476ce0d3d2b5c337c1b7f5f6b21,3306,part_0001.zip
TSP-uniform_triangular-n70-g10000-2.sol.json,ceebba590fe2436dcbf5dc2ac731a859dacd79967f951c1999ed7a3ce949b1d4,3306,part_0001.zip
TSP-uniform_triangular-n70-g10000-3.sol.json,8792cdf8e36f9bb6a24176486abf9a233f62b0d9a46f3dc07ac2214b9fea3b83,3306,part_0001.zip
TSP-uniform_triangular-n70-g10000-4.sol.json,e845d30ba89eaea133b56acff341822fbe6e194a4ec519289a2be146c31cbd13,3307,part_0001.zip
TSP-uniform_triangular-n70-g10000-5.sol.json,80860f8759f30e19ed99b66aeb8b38c8469d95358ddd1cd0b4ca12ba6284756a,3307,part_0001.zip
TSP-uniform_triangular-n700-g1000-1.sol.json,3e0d332fad0b30a643b961fe29da7a8a4c1fa87fb5abd9a4d66dfa6dc4a3db0b,29677,part_0001.zip
TSP-uniform_triangular-n700-g1000-2.sol.json,21cf6bd772b22f9ab549a9d754e733f1d17d7dcba50c9e7a9e127ec0a2b1aa45,29678,part_0001.zip
TSP-uniform_triangular-n700-g1000-3.sol.json,5c7718c9f88010f8e0341d0916ae13db556e93960ac8e367f4030c4b60a2070a,29675,part_0001.zip
TSP-uniform_triangular-n700-g1000-4.sol.json,82dcdbecef989f79ece2cfe421daeced7d42e2c7e3f936872e4d0d9775ecc991,29677,part_0001.zip
TSP-uniform_triangular-n700-g1000-5.sol.json,0150fc0b2581d4b23ef1ec3b311e09461a52cc8bca74ca07017938b6c6325939,29700,part_0001.zip
TSP-uniform_triangular-n700-g10000-1.sol.json,98a19566788bc0fce38a6cb3370d0dd4bc696475145c00822d12dce0631d4179,29683,part_0001.zip
TSP-uniform_triangular-n700-g10000-2.sol.json,4c68fcc9233c5dee8573f29d8d3affa63962980f2bd1055b76a99da7667dd82e,29685,part_0001.zip
TSP-uniform_triangular-n700-g10000-3.sol.json,e5eea60d938231c4db6ede049686848d2e871efc38c6b5f4cc84f473f38391c7,29682,part_0001.zip
TSP-uniform_triangular-n700-g10000-4.sol.json,498989b8cb98faee1887e20092fa7545dde7c1493bd3201348c408c07b448c27,29684,part_0001.zip
TSP-uniform_triangular-n700-g10000-5.sol.json,128568baaf38251ba9881602852fd8f59c85b7089cc90c47cc1ffd0d1b69316d,29683,part_0001.zip
TSP-uniform_triangular-n8-g1000-1.sol.json,1aa7d4e5215fd7319ca6c969d3decc1ce0d2e23deee31f09188ccaa93dc8c16f,884,part_0001.zip
TSP-uniform_triangular-n8-g1000-2.sol.json,33820646b10f9976444611525d9d57bce271322bd8d1705cc4e92d7124b38433,883,part_0001.zip
TSP-uniform_triangular-n8-g1000-3.sol.json,f36d96d52fd31c16219d2c2b57f53c92f48f5074097b0c0df98d50888e150b1f,883,part_0001.zip
TSP-uniform_triangular-n8-g1000-4.sol.json,6ea6342f20fb8b3eb2e233ac4816aa995f86f1c51fd679236cf0c866026b732e,883,part_0001.zip
TSP-uniform_triangular-n8-g1000-5.sol.json,13cdcd4155b6a24c56c14c408ea965aa420a1976d26e55eb99edee7b923010e9,883,part_0001.zip
TSP-uniform_triangular-n8-g10000-1.sol.json,a8f17f4cd440ba2f14262b1fbb76c6e05f00484789d015ad10085fb16880953e,889,part_0001.zip
TSP-uniform_triangular-n8-g10000-2.sol.json,09a1975c61d48801c872b21a3dd25cafd7827c10b00f5ef91ead3f99722d5625,890,part_0001.zip
TSP-uniform_triangular-n8-g10000-3.sol.json,7a1b2d0af6d97efeab4be64f061626b5f153488a4e421f1531d8f60fa421ef47,888,part_0001.zip
TSP-uniform_triangular-n8-g10000-4.sol.json,0a5a6d72b5b9b6edade787ebb3d614ae04e6eafe9f1afce1d7794ba78fd95e7f,888,part_0001.zip
TSP-uniform_triangular-n8-g10000-5.sol.json,c124fa9c48c17fe9364d92db807254a32a45ef2d824205b1302d6c5680c4e4e9,889,part_0001.zip
TSP-uniform_triangular-n80-g1000-1.sol.json,061aea9d88958f0f77983e79125dde05a46feb75300925b90675f06757a61620,3691,part_0001.zip
TSP-uniform_triangular-n80-g1000-2.sol.json,791c1975867f392a702ebb610339798b4217349286400fa92ec7ef9f280c05c1,3691,part_0001.zip
TSP-uniform_triangular-n80-g1000-3.sol.json,61a3ef08448c9578f418b510983fde67a574e79900ac6622dcc9696150c5a01f,3690,part_0001.zip
TSP-uniform_triangular-n80-g1000-4.sol.json,bd0b414aed6fb1277d8331e3f77b30ae45938986c33082f68d87e1e763a1ee49,3690,part_0001.zip
TSP-uniform_triangular-n80-g1000-5.sol.json,2247a5c0daddd26109b70970b3a933e9b56eb19b2bb48a51189a3bc208ae1b05,3691,part_0001.zip
TSP-uniform_triangular-n80-g10000-1.sol.json,d5cf73aa0a41f98469c028eee70c2034edcc84052c5765a041fd3d8e2aa7081a,3696,part_0001.zip
TSP-uniform_triangular-n80-g10000-2.sol.json,0f4ea050725479e7a277588c3ed0bd58d2ff67005b77ec224a149d813d7eeb68,3695,part_0001.zip
TSP-uniform_triangular-n80-g10000-3.sol.json,63ac0f9c585ee093ba813d691e1b0f8244b651cd35d2034051816df81bca5226,3696,part_0001.zip
TSP-uniform_triangular-n80-g10000-4.sol.json,1447d3e5e439749e96fe83e284d8b0b862216cc575663bc46d5d1731af6252ba,3696,part_0001.zip
TSP-uniform_triangular-n80-g10000-5.sol.json,2de5b0e119cf62eb37a7b7f2d2fa036d44ad5104b5357cf199f62c3bfbdd233f,3696,part_0001.zip
TSP-uniform_triangular-n800-g1000-1.sol.json,cd2c8d922443d9df97ddc12134d166176a512798f6946269a5360bea8a386fee,33878,part_0001.zip
TSP-uniform_triangular-n800-g1000-2.sol.json,e38669f2f3a6c456b7a8517fa92994cdd8cc52e56f423f90fb3c8255b642a052,33878,part_0001.zip
TSP-uniform_triangular-n800-g1000-3.sol.json,73440a4187e375a1ca84eb58a38968a3eadb441c06f20d85adf505c8d9c28082,33878,part_0001.zip
TSP-uniform_triangular-n800-g1000-4.sol.json,bc0f03808d8d703272ed1f3ea4c5a2fe3622c8370f91e905e6936b888db895cd,33877,part_0001.zip
TSP-uniform_triangular-n800-g1000-5.sol.json,3837c9c2ecb32850ae742153ad90b24a60d65c63ec4526217c28390e90edb80d,33879,part_0001.zip
TSP-uniform_triangular-n800-g10000-1.sol.json,4cd39c8b8f00271938e573d246f759c3946feefa6ef55ded5785a3503518f3ff,33881,part_0001.zip
TSP-uniform_triangular-n800-g10000-2.sol.json,d77a97c44b2ac7f78c0f7056490db9dceb90f8277b08c2a5eed701dff8f3ff1b,33884,part_0001.zip
TSP-uniform_triangular-n800-g10000-3.sol.json,de9c2178e81189465dbd670cb814bfa7424340e95fb04283ed4d5b34ece15366,33906,part_0001.zip
TSP-uniform_triangular-n800-g10000-4.sol.json,ce39e2e94298c9ae54cf17b63ab637ea5a2b5845d56a4a0e98817faf512c08ad,33884,part_0001.zip
TSP-uniform_triangular-n800-g10000-5.sol.json,9ff5032221009f3c933462a9e5a41377483c587f1d8a0213b8856bbac3956790,33883,part_0001.zip
TSP-uniform_triangular-n90-g1000-1.sol.json,198e1662627c14a0fe7c0c24c4a0a7d48dc21cecc9438128fa840c859090e72a,4079,part_0001.zip
TSP-uniform_triangular-n90-g1000-2.sol.json,ce56e3744115d3fb3738a620626675f041c39a12fbe56955e970758251336b0a,4081,part_0001.zip
TSP-uniform_triangular-n90-g1000-3.sol.json,67f68995d2d4965e608b150f9250b838f0f7a3bd58e73fdb2cba599c5a742857,4079,part_0001.zip
TSP-uniform_triangular-n90-g1000-4.sol.json,54a5993df1beb2b419f46d0db01161c46c519b2864db0c58d131ddfd902e3228,4079,part_0001.zip
TSP-uniform_triangular-n90-g1000-5.sol.json,b873ebc11ae62fd818cac5a8b1af69cccc34afa788e6e6eb6ece57504e5b92bd,4080,part_0001.zip
TSP-uniform_triangular-n90-g10000-1.sol.json,2efd09585ca6fb2bb0af8f0799fc3fb5a90f6dd8105c8eb9e64097c3e79f5247,4086,part_0001.zip
TSP-uniform_triangular-n90-g10000-2.sol.json,75299125738a94ca517e49e183dec582cf3f846704b838f65b337e924b0f5ae5,4084,part_0001.zip
TSP-uniform_triangular-n90-g10000-3.sol.json,d78448a8bef0c1eb35667672f936e84aa40606d150390616fb7580c8b01d5084,4085,part_0001.zip
TSP-uniform_triangular-n90-g10000-4.sol.json,d320747de9e46c71e6fe91df3c960343e53b53ef17b234216632f5b222717548,4087,part_0001.zip
TSP-uniform_triangular-n90-g10000-5.sol.json,2c7c7f5f7654aa6bec2d6234681ea9d3eecd2b0af297bb88651c6b0f13ab1300,4084,part_0001.zip
TSP-uniform_triangular-n900-g1000-1.sol.json,1ff9f30493bf6c481b9ecd73e609f25b6533a68628d248703da49e656a27fd88,38078,part_0001.zip
TSP-uniform_triangular-n900-g1000-2.sol.json,c327566f0d2cd181df6847e3680fa75d8e5c24535e685f0f96304bb995cfea3e,38077,part_0001.zip
TSP-uniform_triangular-n900-g1000-3.sol.json,d4680a631f67e6b91a77b6dc3cd48b6400cd5147b3afba3aa41ea4f9c1325413,38101,part_0001.zip
TSP-uniform_triangular-n900-g1000-4.sol.json,529dabcd91f07fbb06a0660018ec8e2e0a0db423db2d60fa79f9dbfa90d696aa,38078,part_0001.zip
TSP-uniform_triangular-n900-g1000-5.sol.json,17469b6b457435a39c94ee33c4a2864b76b6e4bf5e87523ad477d12506fc7e54,38098,part_0001.zip
TSP-uniform_triangular-n900-g10000-1.sol.json,38b35015b5f2e61e8968650cedb4a6918c99064d39e8d2871cbe4fff4aa57808,38084,part_0001.zip
TSP-uniform_triangular-n900-g10000-2.sol.json,dfb91fe425b27e3a45838cd58f39bd34132b35e7b141d8f4ccf942b27866280b,38083,part_0001.zip
TSP-uniform_triangular-n900-g10000-3.sol.json,a2f9405c34ee42aaadc3d46aa1bed08918a904e14d37fd8c6f81c15ee859bf4c,38084,part_0001.zip
TSP-uniform_triangular-n900-g10000-4.sol.json,b31cca5e2d8de8496274637f7dcde0e99768700e4e7fc3178e9849a53a829c7b,38084,part_0001.zip
TSP-uniform_triangular-n900-g10000-5.sol.json,40df95ff3cb7ea42ad8e9b72e610ecfe4e2b4feb08c53e40e963c93d10797af3,38085,part_0001.zip
TSP-x_central-n10-g1000-1.sol.json,7f2b468fdf1ad779754fa66c3f1b14b113d071605765c908a14f0af40132b09e,943,part_0001.zip
TSP-x_central-n10-g1000-2.sol.json,519a146d82e520f1d3955925beb9d9a047e687ed446646ffa9f546b03d49b4c5,943,part_0001.zip
TSP-x_central-n10-g1000-3.sol.json,a7061e8f33962f11261fc8c654c0c6b7986cf0d3aede5bc20f00aa7bca0d7468,942,part_0001.zip
TSP-x_central-n10-g1000-4.sol.json,6059e06a2372b110aaf7f7eee194a5d6d96763a86de476f00d0ed016ab3e5c3c,943,part_0001.zip
TSP-x_central-n10-g1000-5.sol.json,9173dbf2eb7158afe94ea9136b2f1868a8fee8035cc0feb7a3991c45e8a1783d,941,part_0001.zip
TSP-x_central-n10-g10000-1.sol.json,84e757a5e9871f396fd5442c4485499b45abc8a8c7b4b401e02eeced9ac185bc,949,part_0001.zip
TSP-x_central-n10-g10000-2.sol.json,62bafbb9f633c6e5bc3041cef46d820220daab44b91c9c3a796a5d46b4f498af,950,part_0001.zip
TSP-x_central-n10-g10000-3.sol.json,0b47a517fcfb70c56f12552a58624590aa531208900427b85b92c89fdb996c20,949,part_0001.zip
TSP-x_central-n10-g10000-4.sol.json,ac26b4b04bc1994544ec6ea30a941f4385ce89a4b078fdd6cc92a75e7f99c384,950,part_0001.zip
TSP-x_central-n10-g10000-5.sol.json,7eb0ae7896e06f5355849c4ebbf760f9a3a126755899286e4b56be5fdd931e9f,949,part_0001.zip
TSP-x_central-n100-g1000-1.sol.json,1a5f22aaa36c2437f7d4837b4363b363be561755128d65f59c0371f92b6e8ec4,4459,part_0001.zip
TSP-x_central-n100-g1000-2.sol.json,8fe9b871ffcf04a745fb0a19cbc39b59e7c987bf203b7938170e51299f93eae9,4458,part_0001.zip
TSP-x_central-n100-g1000-3.sol.json,a4d60e1f93b847f0047ba17d0774efde01ecf921e638de1c1ec7f69c68777388,4459,part_0001.zip
TSP-x_central-n100-g1000-4.sol.json,74b988cf1b27722017473b74c55bd34ea75c2ec76da61ee3b98ba0dc2cb81746,4456,part_0001.zip
TSP-x_central-n100-g1000-5.sol.json,6db641e0559a45a1f2150ae13470b262d86797ebbd9f4d5c1fa31e0db7cf68eb,4459,part_0001.zip
TSP-x_central-n100-g10000-1.sol.json,487428036b4d0a4174c27d79f6b6d8646b04644e2d8cca10dd6ebeeabe3a2e3a,4464,part_0001.zip
TSP-x_central-n100-g10000-2.sol.json,d22a57f4828b3f48c93405172316093f7a20b07d69e01c1563d72607f4f11f4e,4463,part_0001.zip
TSP-x_central-n100-g10000-3.sol.json,ea39d253c75e4c7f3faee44d560355fbdd697d0a7888030c8d8de8731a9d380c,4463,part_0001.zip
TSP-x_central-n100-g10000-4.sol.json,62da961accdd1cb32deb57af27ee960a9e769cad4db36897123671756ab23559,4463,part_0001.zip
TSP-x_central-n100-g10000-5.sol.json,25d15daa442f8b2b57d03f2bc1c96dbdcab155069f01345c461d6b9080e70dc4,4465,part_0001.zip
TSP-x_central-n1000-g1000-1.sol.json,5aba0a922d7b207a775bd78624f6f6a30952aff0c17aef9c65a3d0f826cce4f9,42266,part_0001.zip
TSP-x_central-n1000-g1000-2.sol.json,348ae95ab72916abba6a0349f083eb6241ae80305b773c8a44c91a408fba8ce0,42265,part_0001.zip
TSP-x_central-n1000-g1000-3.sol.json,68a7560ce03475b3b84034f90ac2bf18b43268019082313533640948abaa53ed,42266,part_0001.zip
TSP-x_central-n1000-g1000-4.sol.json,6c841b92e05ce6d49cdcce59c94ee32d30fa372671a76268e311089b8e736824,42267,part_0001.zip
TSP-x_central-n1000-g1000-5.sol.json,8c438671036c082267837a412da307d0f46c07b1f414f81ed5f33b9037a60e9a,42266,part_0001.zip
TSP-x_central-n1000-g10000-1.sol.json,623631879aa76d74502ad74bcba3be019570d92fa7f51a987bd6f4a673cb5ed5,42273,part_0001.zip
TSP-x_central-n1000-g10000-2.sol.json,2c267ea7346392ce94317f4564341273adbee02157590ea90e668a1792b4d9f8,42272,part_0001.zip
TSP-x_central-n1000-g10000-3.sol.json,a8bc9fdc35e07ce135aaae98694c1a7ec7fc8c7462d1ee60d59507b4ee5839b5,42272,part_0001.zip
TSP-x_central-n1000-g10000-4.sol.json,9925a83826aaced43a851ce610a60402511bb95c7de41b059da7456f8f0d1b24,42272,part_0001.zip
TSP-x_central-n1000-g10000-5.sol.json,8eac6b8d5bbd4ea74db88b500da05cef5b55f64138da9623b3b36bd3e14fbabf,42271,part_0001.zip
TSP-x_central-n20-g1000-1.sol.json,41e34e90bee8c2b5bf71db8d764f507ae619d0bafb617858a2e73bc08b50e59f,1331,part_0001.zip
TSP-x_central-n20-g1000-2.sol.json,4f094dfe55d78c8ca5d102f7c8d1093bab1073cdd84c5b383d8d3d63cb7a01ba,1331,part_0001.zip
TSP-x_central-n20-g1000-3.sol.json,ff59d60020bf7dfa68071138e33d0428b8fcf30e327c81423dbcc5a6f12e9321,1333,part_0001.zip
TSP-x_central-n20-g1000-4.sol.json,d10b1bbe69133f080c9920f335ac89f6e427b5a8d1177c51115c9ecc997968ca,1333,part_0001.zip
TSP-x_central-n20-g1000-5.sol.json,6f55a573bbf12932694b3ab1b733367e5ace5209115dc0f64f21e782028e43d2,1333,part_0001.zip
TSP-x_central-n20-g10000-1.sol.json,baf46131ac5804e0e15b4f7fd89cd2b01e48eef735f916273b5e743cb6456f45,1339,part_0001.zip
TSP-x_central-n20-g10000-2.sol.json,5c3fe8835601748b9c267f0b555203e59bfb658dd6c6dc94098d69967c755b5b,1339,part_0001.zip
TSP-x_central-n20-g10000-3.sol.json,7c8ddde8100d9ab146d138704255c7bcbfe777e247a89e6d999113e27d1fd798,1338,part_0001.zip
TSP-x_central-n20-g10000-4.sol.json,49909d886bb3c79d9de0130a7c255932bea13ed36ad6494f09dbf69aed9b9391,1338,part_0001.zip
TSP-x_central-n20-g10000-5.sol.json,d3c4a8fa28a148f71786bf7e757386cc62bd2c7fa7dc7633435726dc29868ebb,1340,part_0001.zip
TSP-x_central-n200-g1000-1.sol.json,b6152163f7f592dfec5ef7058df513c94dbeff50e443e34bc7289633e7522955,8679,part_0001.zip
TSP-x_central-n200-g1000-2.sol.json,3cee1b87c2945dcf781f98d96e120cad82df7ab65d5d8983078afc62f6efa303,8658,part_0001.zip
TSP-x_central-n200-g1000-3.sol.json,b909d67bb8ed02242efd0b0bf3491259dceca7cb3330a0ac89a65c4c62948506,8658,part_0001.zip
TSP-x_central-n200-g1000-4.sol.json,b9b51637e2adc0a65f9b92431a0d846d6f20fb9361ae96b340c6c3e43b256b0e,8658,part_0001.zip
TSP-x_central-n200-g1000-5.sol.json,dc57e52313f972f9a4e887a305c6a2d45c62de12159dca8360763cc0842bbf4f,8657,part_0001.zip
TSP-x_central-n200-g10000-1.sol.json,7736bfe73c8d436c7771da7ac4bae40ce67d91248656782605b53f6bcdfc7fef,8662,part_0001.zip
TSP-x_central-n200-g10000-2.sol.json,93e364381b350d814140d74c33bf2662de1e2b1af5a413db4bfac19598ea430b,8664,part_0001.zip
TSP-x_central-n200-g10000-3.sol.json,64f3ee4fb71517ea6891aa53e74f843989b1e119ab0a51f4051eda6d479cdc74,8663,part_0001.zip
TSP-x_central-n200-g10000-4.sol.json,890f5dd887d18e842a03ac802bd57e27e27448137f0e77a2882869274ad5848d,8663,part_0001.zip
TSP-x_central-n200-g10000-5.sol.json,d84e47c316f923038e6fb7fa1f264855e755bba27576b4d2adf1752454258da0,8662,part_0001.zip
TSP-x_central-n30-g1000-1.sol.json,5470576a5985a279a5dff43c4da97f4da59b6cfce37c55286e2dd5fa7bdb7bca,1723,part_0001.zip
TSP-x_central-n30-g1000-2.sol.json,0a512ffc5b043255173c9549fd63da6b4574f2a06e9395312cfca466fdff1509,1722,part_0001.zip
TSP-x_central-n30-g1000-3.sol.json,f0d55ea554eb7ccf22d92cab871ae42183a920202f72f368327b8bef6d9f6c69,1723,part_0001.zip
TSP-x_central-n30-g1000-4.sol.json,d393697cd6c164c2ac7556afac3a22ae760c028136b1529283fe068aea6035ab,1723,part_0001.zip
TSP-x_central-n30-g1000-5.sol.json,6ed284097f7c262d42369aa05b0317c93982d542066cc916d631015120bc243f,1722,part_0001.zip
TSP-x_central-n30-g10000-1.sol.json,2c3581079e3ab62feebf228fd9470c1d5a9e1f08681ba4638ee847d7f0d297e9,1729,part_0001.zip
TSP-x_central-n30-g10000-2.sol.json,8bab316bc50340cd0e26fb9b80301abde1fb02666f9686a14d9e70db506f4ec4,1729,part_0001.zip
TSP-x_central-n30-g10000-3.sol.json,d9d851467fdff69e14d38c45d00b0cf0ee49798ed5f34e9baf5e72ab006fc0cb,1729,part_0001.zip
TSP-x_central-n30-g10000-4.sol.json,07df499638c3657468764d876db36f9584c562a175ad09bad7e89a7b674b7bdd,1729,part_0001.zip
TSP-x_central-n30-g10000-5.sol.json,e4c980f351ae1aca243aa2b3a4c1c7057e7cdf2a496b54943d52cdff814f57ee,1728,part_0001.zip
TSP-x_central-n300-g1000-1.sol.json,8b74eaa6c73f0401fc2f995a19a458df76629aecf2c15fafa0af2cd1492af5fd,12860,part_0001.zip
TSP-x_central-n300-g1000-2.sol.json,790838b0295634d4efe7cac6d3edd95e4eafb0256faf6c8b925dc01d10d0f8f1,12860,part_0001.zip
TSP-x_central-n300-g1000-3.sol.json,9f9c65d9e6c6a1a092ba270405e46cb4a55c168252674a33f27967e7c1ab3179,12859,part_0001.zip
TSP-x_central-n300-g1000-4.sol.json,96001c92be368e6d9feec0a085116a66f4a95cc0120642cb862346006e482b75,12859,part_0001.zip
TSP-x_central-n300-g1000-5.sol.json,6fbc2cca75b5836d31481b06833dbe0d7675c6d62139b71f0c92792947830eb7,12859,part_0001.zip
TSP-x_central-n300-g10000-1.sol.json,928aa86e49844da4c02bb447913fdbfe61b761e23fe2004b27c1a37d031e880f,12866,part_0001.zip
TSP-x_central-n300-g10000-2.sol.json,b087fb57671f8dc170f304affa608df126eeb53b10f89fcf6b33232e56c2f5e3,12865,part_0001.zip
TSP-x_central-n300-g10000-3.sol.json,a0f7c5c6d152cb5002c265ed641b2866dc13b137e4a391bac9cbc17ed81d6c20,12865,part_0001.zip
TSP-x_central-n300-g10000-4.sol.json,70cde18633d4ecf48651640b809c7b2b05403fb1267a8f28b2c6eadb0eda25c2,12865,part_0001.zip
TSP-x_central-n300-g10000-5.sol.json,6f6365566565ac800f76b1934fc371a6377f6dcf7dc50e802989489e4dba2dbc,12866,part_0001.zip
TSP-x_central-n40-g1000-1.sol.json,0a12e48803644386c079599df58b9f4b4d6c7b987f7095ef25ced51f1d5ba12c,2113,part_0001.zip
TSP-x_central-n40-g1000-2.sol.json,8942e96e150169a8de8df47ac0412467ee021a18cd81bc34e6350e55dcac3f58,2113,part_0001.zip
TSP-x_central-n40-g1000-3.sol.json,36aa138332260feae936ed964199f3a4116c71f389c396641aa07fa05e45412e,2112,part_0001.zip
TSP-x_central-n40-g1000-4.sol.json,3135bf98db81bb4282678b0e196f26dfc7ca06db75c18259f4bd8bd4d795e523,2112,part_0001.zip
TSP-x_central-n40-g1000-5.sol.json,e6a335f3c2dd10491396575b8a80ad3efaa677c9bd6b7f9e950f7ee3af86b6ca,2113,part_0001.zip
TSP-x_central-n40-g10000-1.sol.json,a17848e87b97e647abe56b81b9c33e3baac9de57385c94cdbdc30cf59f6cd2d3,2119,part_0001.zip
TSP-x_central-n40-g10000-2.sol.json,a2bf35dacd4f894e48b059f5dd39388a2b96bbf88ad54b8a10432469c8fce425,2117,part_0001.zip
TSP-x_central-n40-g10000-3.sol.json,d796c7087b2489853b05a139fbffc441f75351b37db491107191973e18db9537,2119,part_0001.zip
TSP-x_central-n40-g10000-4.sol.json,0754707950166a8fb40f27d4c3c046b4408cc038e00eac84d6413f2aa668e7e5,2119,part_0001.zip
TSP-x_central-n40-g10000-5.sol.json,d0406d74b0d91156eb778def6eae5c5bb00eef804fcadeb2cc3ed95c4e122f66,2118,part_0001.zip
TSP-x_central-n400-g1000-1.sol.json,54c50b99621b6ffafa289c5b3608f05b9f50a19cd994ed819c688a1fdb1ee22e,17061,part_0001.zip
TSP-x_central-n400-g1000-2.sol.json,b8a7305157ad7433f3d771aba273d2c2b83ed092afe5eb1cf84d9c4293c0f2a5,17059,part_0001.zip
TSP-x_central-n400-g1000-3.sol.json,14d8c55b3f8529f0782b03a5c30b91ea3d2d44fef25e3851c555e0fb9e9b3efd,17061,part_0001.zip
TSP-x_central-n400-g1000-4.sol.json,e16883e62d6d4cb257f2cb9c47c3ed6fd816509da8caff0076862c90d769cf02,17061,part_0001.zip
TSP-x_central-n400-g1000-5.sol.json,422543ae252ec1ad6784ee2b6cbfc392fc25136d29e659a9c3f241e9e4a76b62,17060,part_0001.zip
TSP-x_central-n400-g10000-1.sol.json,0a9fa515ed04f79c9e84f60b605a81bd2e7124cb610b72a546d731407cd9a687,17066,part_0001.zip
TSP-x_central-n400-g10000-2.sol.json,700d275f0aabbb5eaca4c1e644e1d466c73afed7efbca39ff50374a216140f45,17064,part_0001.zip
TSP-x_central-n400-g10000-3.sol.json,f4c605309c1534ed0e0a20d3b872cc6aa991bea4658db39bdca5aa61c9d27336,17065,part_0001.zip
TSP-x_central-n400-g10000-4.sol.json,71cd1d1f3bfb5f716847d5f7a56fa24b1a3aa3a7e107a411525008fef7195b54,17065,part_0001.zip
TSP-x_central-n400-g10000-5.sol.json,6bd0b2e910ac0685762b2d197ca5f3636a8d934981421df74f3cdebbf85131c2,17067,part_0001.zip
TSP-x_central-n5-g1000-1.sol.json,c27dee222bbb8beba4e33629949695f649be9b0bc2fe6186518692b6aac93821,758,part_0001.zip
TSP-x_central-n5-g1000-2.sol.json,002a70901875dbbf4b3b6bf0b8d008da08bc1a4b83dcb0eb9c22dd67d7e11e45,757,part_0001.zip
TSP-x_central-n5-g1000-3.sol.json,dbc6c7bd723f8b582325f27bc293d7ee2227a3c74f4084576c56654a75654229,757,part_0001.zip
TSP-x_central-n5-g1000-4.sol.json,be10304a695065fd11e88f034393b9903e71055b4a486f6bd9d05c941460d4bf,756,part_0001.zip
TSP-x_central-n5-g1000-5.sol.json,f501bae821e1137ad20ee379d8dbb08536b9136cbaa60df4d6e4592046eae446,756,part_0001.zip
TSP-x_central-n5-g10000-1.sol.json,af514d822e1e8cebc93f01bea17142f2373eb7a9c9ca1c81ea78f4173195f77b,763,part_0001.zip
TSP-x_central-n5-g10000-2.sol.json,a3353e97c066de39ed2a15222c9f50c180c36c45ba99cd535a772f0fb978f39f,763,part_0001.zip
TSP-x_central-n5-g10000-3.sol.json,14ad113dfb38bf71efa03dab12d017d128b06f71b04733786839195b7a892749,764,part_0001.zip
TSP-x_central-n5-g10000-4.sol.json,6f4622c6c0c3b0fc2d4308aaecfb20930ebba9ad1e7c358ed02117f56646388c,764,part_0001.zip
TSP-x_central-n5-g10000-5.sol.json,f1855f87b025352bd20a159b557a4ec82b44f449885114c3edcec6db691c0db8,764,part_0001.zip
TSP-x_central-n50-g1000-1.sol.json,5c4dfaadf47058938ffa318914205d6e0e827d2e88ab3c0af84e3412e24d39c7,2503,part_0001.zip
TSP-x_central-n50-g1000-2.sol.json,d5d1fcde5b4dbf05d4d3a527ddf545e91ae3db8f6832c39272854ebdb6406b12,2503,part_0001.zip
TSP-x_central-n50-g1000-3.sol.json,1a8f956e453ae244fda902a610eda393390e7d9ff1bbad68d29b2527ef0087b0,2502,part_0001.zip
TSP-x_central-n50-g1000-4.sol.json,30713db2029aaaabefbd42cca3e5eac5fa55c125a6a334919ac53ee3ef5a7860,2503,part_0001.zip
TSP-x_central-n50-g1000-5.sol.json,7ba2f72697c31340b4236e160de94dd56252bb800a475e889501c7ea94b2eac9,2503,part_0001.zip
TSP-x_central-n50-g10000-1.sol.json,638fe955dbf4ceea1eaeb8ae2e35cb04b19f4fa7252b819b0dd52dfb88e1a0f6,2509,part_0001.zip
TSP-x_central-n50-g10000-2.sol.json,4da3519f0757c10ea990129b42c6febc6dca5e352fc52506348409c754c10ca0,2509,part_0001.zip
TSP-x_central-n50-g10000-3.sol.json,32f0d4c3e044df4ee25087e54e80f48a0abd39736572240377f462db2eb4aa4f,2507,part_0001.zip
TSP-x_central-n50-g10000-4.sol.json,97360be9eececcca59dc85970cd3f9fa532fbac7d8127f240ac91fceef8f64e8,2508,part_0001.zip
TSP-x_central-n50-g10000-5.sol.json,01ef11bdfdbdfd9f81724454aa3688ba80cb268d0953285ceb95666133a0afac,2508,part_0001.zip
TSP-x_central-n500-g1000-1.sol.json,fd81f8ea732616922dd0f3a0484e5b375edef7abcba0b5d94a75b33b2362a815,21280,part_0001.zip
TSP-x_central-n500-g1000-2.sol.json,d3fca285cc46f5590fa1d4e09cf943af5a5e709a9cc263ac67443ab09eb93f9a,21259,part_0001.zip
TSP-x_central-n500-g1000-3.sol.json,631f18b8d98887705d3ae870c57f0549e8f8a4b42c83ff37620be8007aa66672,21260,part_0001.zip
TSP-x_central-n500-g1000-4.sol.json,22602a23c753de765c3d0b28d0e70680123462f4a05acc181b2ba7c71d4d35c5,21260,part_0001.zip
TSP-x_central-n500-g1000-5.sol.json,a8b9aaa5af4feb7ec8a5e403e343da9669aa445a26d572542f47833568e72f5e,21260,part_0001.zip
TSP-x_central-n500-g10000-1.sol.json,5d0460cb92a92b8ee96d6573b264fcadac8ac9fe8b84baf87ba818d93c18589d,21266,part_0001.zip
TSP-x_central-n500-g10000-2.sol.json,708a272c385f38d0b36da315bc6f1d2e531f9c2b561c4a8dfde3d095aaa03b8a,21264,part_0001.zip
TSP-x_central-n500-g10000-3.sol.json,4043e1edcc69356d4ca5a6d837298085833031bd1394b55979d2cce67a2900c4,21265,part_0001.zip
TSP-x_central-n500-g10000-4.sol.json,69efe690233ab9139369bdd952ac1ec24ae2be91c73d7a4a9d9d121dc9d72781,21266,part_0001.zip
TSP-x_central-n500-g10000-5.sol.json,be1f2e5506ac666b0ff03e9f677c6572fded7153609883e0deb5389d3786575e,21266,part_0001.zip
TSP-x_central-n60-g1000-1.sol.json,d0283448894c1126a960755c2506fe9592a501edf5f4d64e52c6d8fc0af874ef,2891,part_0001.zip
TSP-x_central-n60-g1000-2.sol.json,d7e0043f88188564d7d0f68e6fa420257229e7e2c21be2687963d7ef8da51021,2893,part_0001.zip
TSP-x_central-n60-g1000-3.sol.json,ae7af18f09f6d65e4622ed200145385f49739f847a9ede82349f76175531fbea,2893,part_0001.zip
TSP-x_central-n60-g1000-4.sol.json,d14d31df156ac9bb144ab170bf389737b57ea4737c3d7390c96b0e1a6ccbdc1a,2892,part_0001.zip
TSP-x_central-n60-g1000-5.sol.json,9b83e3605555290644a607d97aaf198abf596a2f842a11e2c0c41c577d6009c7,2891,part_0001.zip
TSP-x_central-n60-g10000-1.sol.json,ac664318f299eae8b9b70161052e7b73a5a28671ce9bbfdb8bb7c9a76ab2b777,2897,part_0001.zip
TSP-x_central-n60-g10000-2.sol.json,488fc03be625f4b424f33d5fbcccfe11eae7b3b04b28e3129a8853b2f3f63c25,2898,part_0001.zip
TSP-x_central-n60-g10000-3.sol.json,282bf5e57c408839de574eb0ee2a0455acab0b41d7e2e04a789cf9732a26c7eb,2897,part_0001.zip
TSP-x_central-n60-g10000-4.sol.json,44c5034977cd566708efd0142ac025b20316f5176ea97699b05f0941cbfcad84,2899,part_0001.zip
TSP-x_central-n60-g10000-5.sol.json,cc0368bee4371ae1f8e78d18f2e355f8ac65beebb007d98a7519927a86094b9b,2897,part_0001.zip
TSP-x_central-n600-g1000-1.sol.json,cc5f6205eb6da2aabc897aed7f87f82a9314a9ae4dee11441222e468b1cb998b,25480,part_0001.zip
TSP-x_central-n600-g1000-2.sol.json,663b760a852297f4f9e18477b38306bbf90ed28464e42770750b6a452e6626b1,25459,part_0001.zip
TSP-x_central-n600-g1000-3.sol.json,35de1e8d8d4a58e948f5c2ce6faa6db97db2a4f2c059175d6a2da8805155adca,25459,part_0001.zip
TSP-x_central-n600-g1000-4.sol.json,5fd4da7f428bf299b6af491aec0615b40abc250906a7ceb84c8ca8f7cc7326cd,25460,part_0001.zip
TSP-x_central-n600-g1000-5.sol.json,fea5036ab82de1207df0f9a7d3ddb120f332784c821ab6fdeef46847d5b19cd8,25460,part_0001.zip
TSP-x_central-n600-g10000-1.sol.json,28c09782f4fc007cde92417b23680d76b81efa55ade3d99dc0b0846fb36d92b4,25466,part_0001.zip
TSP-x_central-n600-g10000-2.sol.json,5438949791ee4ac96d5e0792416a938aaabf4d96c0691ddb08d8d5de9a6e9324,25466,part_0001.zip
TSP-x_central-n600-g10000-3.sol.json,25c4252de3d1a412613ae48f8d68735f5522f0ce9d7e135b83a7539e1d4833b3,25466,part_0001.zip
TSP-x_central-n600-g10000-4.sol.json,03beb1868a6a342295cb2382ddcfac730717c491a6ea3e96ab78db1eeefd869a,25466,part_0001.zip
TSP-x_central-n600-g10000-5.sol.json,f61c17759db595b91a119d8d789152d364b70cf740ca08c9dd30e5218fbce734,25465,part_0001.zip
TSP-x_central-n70-g1000-1.sol.json,8b52c5d7b43a7eec7e81b5ffc77d62270d7456e554cc42bbc3fde4c81641971f,3283,part_0001.zip
TSP-x_central-n70-g1000-2.sol.json,5d575da8dd5c50d20844d250e7a5d8bd2c7380bcbf5ee381cc39bca47db4aaba,3283,part_0001.zip
TSP-x_central-n70-g1000-3.sol.json,6580570712bf800defc28296a915d02dd47bd4a81f68c6428bf4c00343f22592,3283,part_0001.zip
TSP-x_central-n70-g1000-4.sol.json,b61d3aee3e61007f8221b6cc4ba26c768235ad567d755954766cff8716e18794,3283,part_0001.zip
TSP-x_central-n70-g1000-5.sol.json,fc4940296ab31685180877f60c174f83b5246644fd1a67308fe8dc6df27a63cc,3283,part_0001.zip
TSP-x_central-n70-g10000-1.sol.json,01de21847499d4a2291f713a76f82319ea28436745491d578101d26fd4f405a1,3288,part_0001.zip
TSP-x_central-n70-g10000-2.sol.json,b1f7da1a060918ca2a2be039cf952a611e35be15548fc3103dfca58e7c3506ae,3289,part_0001.zip
TSP-x_central-n70-g10000-3.sol.json,cdf53b3ef6b32132863841b19763ba91af1c79e15c6a877051944262992103b8,3286,part_0001.zip
TSP-x_central-n70-g10000-4.sol.json,6129648aaeac3544c3e5c8dc01f445396fb0bde393c4630435e4fbd8ca42a7a2,3288,part_0001.zip
TSP-x_central-n70-g10000-5.sol.json,21e6466d03b80afa6db79db90818a047415937a5449d9f3490ace1a39a5ca483,3287,part_0001.zip
TSP-x_central-n700-g1000-1.sol.json,d760df831039f86393921688e282b0bd79a11fe4cd7b1e7de20b43e2a97de949,29659,part_0001.zip
TSP-x_central-n700-g1000-2.sol.json,225b47f08df2890436006024eeede14c12adc94b2da05d16884de5eba9699708,29681,part_0001.zip
TSP-x_central-n700-g1000-3.sol.json,74b8a1c3c4a5b89ef013bfed45b93436a5bae70dfac8717d2e29557df321ae8c,29659,part_0001.zip
TSP-x_central-n700-g1000-4.sol.json,99f95ef39e2191b56dfbef9ca3b5638d2c39be7b5ee3e5109fe65ecb413925c9,29659,part_0001.zip
TSP-x_central-n700-g1000-5.sol.json,22e9efc1b810088aeb981500b9888f38412f9bcdd48983004a06dc6af7f175ac,29660,part_0001.zip
TSP-x_central-n700-g10000-1.sol.json,071c3db61a6f657638f6b72d240749940cfc722e3ebd16f4c1b828da7edcf82d,29664,part_0001.zip
TSP-x_central-n700-g10000-2.sol.json,6b0c3b2c04483b3c3fe00a8dacab5d288133521d21aafecd9efea81275558bb6,29663,part_0001.zip
TSP-x_central-n700-g10000-3.sol.json,df256ab9f0e4f36804a1644d33140bbdf29928a5dd8b50ba53870c1e45db7959,29667,part_0001.zip
TSP-x_central-n700-g10000-4.sol.json,f727d9a3a3e4a85a6ebcc290089c2057cf8ec368b8c6a58c3eef3c1561e644e6,29664,part_0001.zip
TSP-x_central-n700-g10000-5.sol.json,7331e955c913a61dae0965dec18f980514f33a4c7df197c332bca1ea00977df2,29664,part_0001.zip
TSP-x_central-n8-g1000-1.sol.json,23b7f915d7f13ab7708cbda76711fcbd3587e986fd61bfcaf552f19a5ee7544d,865,part_0001.zip
TSP-x_central-n8-g1000-2.sol.json,17c8129452c7887c1e1da8a216a3881eb182be3006c02f5234fe0b0311e2f05d,865,part_0001.zip
TSP-x_central-n8-g1000-3.sol.json,183218750e6f2a55cb060ff9c87b31dc7ee2bd41b32e090a00f5a9c1246e63b5,864,part_0001.zip
TSP-x_central-n8-g1000-4.sol.json,bcf488880a922d6fe7ac4e0854a8cd9f8b40f44b16f4d590416f784043e6ce0c,865,part_0001.zip
TSP-x_central-n8-g1000-5.sol.json,7b29332c5078b2198609aeccd7734fdd531657f7e10d22aad533573fda2c0718,865,part_0001.zip
TSP-x_central-n8-g10000-1.sol.json,f91857fead9f3de65eb9cda31c77f44707d69f335d5e78ed44be21aa1392736a,871,part_0001.zip
TSP-x_central-n8-g10000-2.sol.json,d53773e7d4b78148aeeb3bec5eba46745f2e3f3104abf63c98e8474b5370e8cc,871,part_0001.zip
TSP-x_central-n8-g10000-3.sol.json,bc1a2df1bd47341f271ba3106e5b7dc72a2d0a4de529802aae647edf55d360fd,870,part_0001.zip
TSP-x_central-n8-g10000-4.sol.json,84d8d0ed3da8f9a359837560a0a4c037cfdca723475255b8104306d953b2b966,871,part_0001.zip
TSP-x_central-n8-g10000-5.sol.json,8d1ba816da217b01686fe65134c7a038140675ced7cf857d37882b7569ce9e96,871,part_0001.zip
TSP-x_central-n80-g1000-1.sol.json,31d0fd4d8164ee852b0409055bccc04ac7e53f2022b2fb7a9707df0a9cbd81c1,3672,part_0001.zip
TSP-x_central-n80-g1000-2.sol.json,de398efb607ea9a46c518b86f933c35fcc2f7a6aaa3c0faeeb073b143473037d,3672,part_0001.zip
TSP-x_central-n80-g1000-3.sol.json,3d85d0e0d6aadf360248e7817f9622ed3b136f63c7c4b8248aab7f4f97e49368,3673,part_0001.zip
TSP-x_central-n80-g1000-4.sol.json,96138995e85fab94eb12df92ed15a8c4782166776d43f5b47b509413ea6159df,3672,part_0001.zip
TSP-x_central-n80-g1000-5.sol.json,d6574597f405b7990fd155ffc68e23d4777a1b5810b064b39ee80e2681faeda9,3673,part_0001.zip
TSP-x_central-n80-g10000-1.sol.json,0f852cc9f57e8ecdcdff94480eb4c3c31bf58813954a31b02689826ad219c759,3678,part_0001.zip
TSP-x_central-n80-g10000-2.sol.json,40b143b983287d7b6e014b22b780e381e86c8da2950898542c14692623907831,3678,part_0001.zip
TSP-x_central-n80-g10000-3.sol.json,920eb3868e71b18e375ec18aa684748d21bf7242302a92371eef00352f97776b,3677,part_0001.zip
TSP-x_central-n80-g10000-4.sol.json,360d7c251b0026d97d6e42e6fb692a3ec4d767a3e9705ba281f7ebac98d8a101,3678,part_0001.zip
TSP-x_central-n80-g10000-5.sol.json,7d3081d8d3ed173bb130ab0edffe51c5197a1e0aa5fdadf76880cf6eb4dbba2c,3678,part_0001.zip
TSP-x_central-n800-g1000-1.sol.json,252ffcac9f925391f4bd55f199a1e05badd3bf41bbfceb6d55f761141592f21a,33860,part_0001.zip
TSP-x_central-n800-g1000-2.sol.json,e70050e3c475d4d0e2560fe4f72a573f786b67143d8d84d920fc0609a0e82767,33858,part_0001.zip
TSP-x_central-n800-g1000-3.sol.json,3e1795127ccd959177a22fdb42f79c9d6e15569d9834e5d60808cdee931a4c0e,33861,part_0001.zip
TSP-x_central-n800-g1000-4.sol.json,e9abddacb99acb35626aaf7a543a0da0142711b24022d901b3be624d69160987,33860,part_0001.zip
TSP-x_central-n800-g1000-5.sol.json,f79a13381c10a58667c71a465493c991b943d05ef152f943f23a38326a9fbf28,33881,part_0001.zip
TSP-x_central-n800-g10000-1.sol.json,662c41ad0e279584330f5558853407abea6178d714f7973eaebdad33b7956986,33866,part_0001.zip
TSP-x_central-n800-g10000-2.sol.json,8f6cfb645b7195d205a987a819bd6370741e8a7a11905c8ec56d6b07c7d5ac3d,33865,part_0001.zip
TSP-x_central-n800-g10000-3.sol.json,5ac8cd265458c989a35b562b11a743b3fadbca14935684a1d29dae5c5bdaf421,33866,part_0001.zip
TSP-x_central-n800-g10000-4.sol.json,4ae7e665c5c83725adee707edb1642e3d82223ed1a45947b9174d4e331276e0d,33889,part_0001.zip
TSP-x_central-n800-g10000-5.sol.json,76428e25e66294ddace907148be514cc64a3c37362101792765736a4aea0111f,33865,part_0001.zip
TSP-x_central-n90-g1000-1.sol.json,e4342dbc2231037dacc4bd64e47b46b78436852fb81309d1f3b03530a23ac531,4062,part_0001.zip
TSP-x_central-n90-g1000-2.sol.json,7cd50e8130679842edec2b321194409b1d97afe2ef7a77e6e4d7e6129f9d8e8a,4063,part_0001.zip
TSP-x_central-n90-g1000-3.sol.json,a61bbec91a44e565183555bc4676a3c80e8165a8815e63706660397ad825a8e5,4063,part_0001.zip
TSP-x_central-n90-g1000-4.sol.json,02ce7737bb42483df34ddfbb1e3a991b3de8adf3c3263b60adb62a9473c79f1a,4063,part_0001.zip
TSP-x_central-n90-g1000-5.sol.json,17c36a7034ed3afc22b5879bb8e897d0cd3db0600342a1b5ff53baa2fb124b12,4062,part_0001.zip
TSP-x_central-n90-g10000-1.sol.json,c27ef13045fef62c9d8b21973d1633377a7f27664ccd9a2f71abf3ca7803fe27,4066,part_0001.zip
TSP-x_central-n90-g10000-2.sol.json,5b0cfa012b1485bf4de283e71f68b3457def2868bfe1f48c179fd3d703318057,4068,part_0001.zip
TSP-x_central-n90-g10000-3.sol.json,e51c7c04c91f831a1e80f3fd4561812b0ca5f1fb61ecf04914c8f0815e244dab,4069,part_0001.zip
TSP-x_central-n90-g10000-4.sol.json,c40c520b35141e12a4a96e97d5bd2f84ea6cef596bea05ac9ed123c6e1bcbd01,4068,part_0001.zip
TSP-x_central-n90-g10000-5.sol.json,faaa87baca46c702b8a27dfc12fbd811d8da8d59765e19d9e4323d175252b17b,4069,part_0001.zip
TSP-x_central-n900-g1000-1.sol.json,c169e2de4f40d62d6b6e7cd0896ffffeeda4c15dcdbadd8e4da077c2a5a5863c,38059,part_0001.zip
TSP-x_central-n900-g1000-2.sol.json,6b2dd89b6fc7996e6b1644ee0ea0740fefafdeda2242833bb927b0ebb1c4c278,38059,part_0001.zip
TSP-x_central-n900-g1000-3.sol.json,f98318451fc42b8140bbdba27112ac04c07a122eafb55b175af727fd542a37d6,38061,part_0001.zip
TSP-x_central-n900-g1000-4.sol.json,62d170d12d238857ed5a958f383f2247cf56766e3bc228ec8a0cbe29411e14aa,38079,part_0001.zip
TSP-x_central-n900-g1000-5.sol.json,d78141707963bd96e59ae5da428cfd2c45836c59ebf62bb98b307352354c253c,38060,part_0001.zip
TSP-x_central-n900-g10000-1.sol.json,af552adc990bdcca7d413eed1370890aee258a271d4effb7a3dfaad3f64c2bf2,38065,part_0001.zip
TSP-x_central-n900-g10000-2.sol.json,540889ff0d591d5999018ea21e3d282d0811b7fe5228c205b8e613ec70aff5f9,38066,part_0001.zip
TSP-x_central-n900-g10000-3.sol.json,8e4d787d636e7bc105049fd2c256fa08754fac3c1d5c7935caf03c74c6981eff,38064,part_0001.zip
TSP-x_central-n900-g10000-4.sol.json,2acae79acbde069f43c1198aaab75fb79f9f781cea02a452e3fb3cf7e7863dbf,38067,part_0001.zip
TSP-x_central-n900-g10000-5.sol.json,5552f2aa185b345113574904999ca29b36f1de59a2bf6e91409bd770ca7ac785,38067,part_0001.zip
