instance,n,edge_weight_type,model,pred_cost,true_cost,gap_pct,abs_gap_pct,total_time_s,feature_time_s,inference_time_s,mst_length,alpha,concorde_time_s,speedup_vs_concorde,mode
a280,280,EUC_2D,LGBM_V3,2778.885404552904,2579.0,7.750500370411176,7.750500370411176,0.16771960000187391,0.16345430000365013,0.00421479999931762,2438.5667400360107,1.139556838420534,,,native
a280,280,EUC_2D,Interp_V3,2762.881728511374,2579.0,7.129962330801634,7.129962330801634,0.02468349999981001,0.023724699996819254,0.0009263000029022805,2446.5667400360107,1.1292893356633744,,,native
a280,280,EUC_2D,GART_1.0,2866.9859744914593,2579.0,11.166575203236109,11.166575203236109,0.008389899994654115,0.006508999998914078,0.0018621999988681637,,,,,native
a280,280,EUC_2D,Fixed_Alpha,2770.2118166809078,2579.0,7.414184438965016,7.414184438965016,0.0,0.0,0.0,2438.5667400360107,1.136,,,native
a280,280,EUC_2D,BHH,2424.7982147586968,2579.0,-5.9791308740326965,5.9791308740326965,0.0010342999958083965,0.0010308999990229495,0.0,2438.5667400360107,,,,native
a280,280,EUC_2D,Cavdar,2680.1243183210795,2579.0,3.9210670151639975,3.9210670151639975,0.0010351000018999912,0.0010315999970771372,0.0,2438.5667400360107,,,,native
a280,280,EUC_2D,Chien,2196.28125,2579.0,-14.839811325073242,14.839811325073242,0.0001703000016277656,0.00016869999672053382,0.0,2438.5667400360107,,,,native
a280,280,EUC_2D,Vinel,2614.044116977371,2579.0,1.3588257843106155,1.3588257843106155,0.0006128000022727065,0.000610499999311287,0.0,2438.5667400360107,,,,native
a280,280,EUC_2D,Composite,2680.1243183210795,2579.0,3.9210670151639975,3.9210670151639975,0.005666800003382377,0.005662399998982437,0.0,2438.5667400360107,,,,native
a280,280,EUC_2D,MST_Ratio,2621.4592465343926,2579.0,1.6463453483672976,1.6463453483672976,0.004371700000774581,0.0043666000055964105,0.0,2438.5667400360107,,,,native
a280,280,EUC_2D,Hilbert,3871.1083984375,2579.0,50.10113525390625,50.10113525390625,0.0018424999943817966,0.0018316999994567595,0.0,2438.5667400360107,,,,native
ali535,535,GEO,LGBM_V3,190436.54398810279,202339.0,-5.882432952568321,5.882432952568321,0.06472729999950388,0.06101199999829987,0.003519199999573175,172673.0,1.102873894517978,,,hybrid
ali535,535,GEO,Fixed_Alpha,196156.528,202339.0,-3.0555019052184744,3.0555019052184744,0.0,0.0,0.0,172673.0,1.136,,,hybrid
att48,48,ATT,LGBM_V3,10248.106900071294,10628.0,-3.5744552119750272,3.5744552119750272,0.004586600000038743,0.0014384000023710541,0.00312359999952605,8767.0,1.168941131524044,0.22,47.96581345618577,hybrid
att48,48,ATT,Fixed_Alpha,9959.312,10628.0,-6.291757621377495,6.291757621377495,0.0,0.0,0.0,8767.0,1.136,0.22,,hybrid
att532,532,ATT,LGBM_V3,26237.153898109234,27686.0,-5.233136248973365,5.233136248973365,0.03392720000556437,0.029715000004216563,0.003990000004705507,24257.0,1.0816322668965344,,,hybrid
att532,532,ATT,Fixed_Alpha,27555.951999999997,27686.0,-0.4697247706422109,0.4697247706422109,0.0,0.0,0.0,24257.0,1.136,,,hybrid
bayg29,29,EXPLICIT,LGBM_V3,1523.6754550331827,1610.0,-5.361772979305419,5.361772979305419,0.005111699996632524,0.0015762999973958358,0.0034943999999086373,1319.0,1.1551747195096154,,,hybrid
bayg29,29,EXPLICIT,Fixed_Alpha,1498.3839999999998,1610.0,-6.932670807453429,6.932670807453429,0.0,0.0,0.0,1319.0,1.136,,,hybrid
bays29,29,EXPLICIT,LGBM_V3,1806.8762084260186,2020.0,-10.550682751187198,10.550682751187198,0.007209000003058463,0.0037057000008644536,0.0034755999949993566,1557.0,1.1604856829968007,,,hybrid
bays29,29,EXPLICIT,Fixed_Alpha,1768.752,2020.0,-12.4380198019802,12.4380198019802,0.0,0.0,0.0,1557.0,1.136,,,hybrid
berlin52,52,EUC_2D,LGBM_V3,7402.3848657743265,7542.0,-1.851168578966766,1.851168578966766,0.005846199994266499,0.002659899997524917,0.0031424999979208224,6081.63055229187,1.2171710862944032,0.13,22.236666574440484,native
berlin52,52,EUC_2D,Interp_V3,7467.792595470299,7542.0,-0.9839220966547508,0.9839220966547508,0.005981300004350487,0.0048357999985455535,0.0011060000033467077,6081.63055229187,1.2279260522749202,0.13,21.734405548199348,native
berlin52,52,EUC_2D,GART_1.0,7192.930273249484,7542.0,-4.628344295286603,4.628344295286603,0.004211300001770724,0.001909200000227429,0.0022830999951111153,,,0.13,30.8693277480443,native
berlin52,52,EUC_2D,Fixed_Alpha,6908.732307403564,7542.0,-8.396548562668206,8.396548562668206,0.0,0.0,0.0,6081.63055229187,1.136,0.13,,native
berlin52,52,EUC_2D,BHH,6107.6138142138625,7542.0,-19.018644733308637,19.018644733308637,0.0007478999978047796,0.0007458000036422163,0.0,6081.63055229187,,0.13,173.8200299258902,native
berlin52,52,EUC_2D,Cavdar,8951.76476474497,7542.0,18.69218728115845,18.69218728115845,0.0006843000010121614,0.0006818999972892925,0.0,6081.63055229187,,0.13,189.97515681384553,native
berlin52,52,EUC_2D,Chien,6596.2568359375,7542.0,-12.53968620300293,12.53968620300293,0.00010929999552899972,0.00010759999713627622,0.0,6081.63055229187,,0.13,1189.387056887007,native
berlin52,52,EUC_2D,Vinel,6584.2888957274645,7542.0,-12.698370515414153,12.698370515414153,0.0004984999977750704,0.0004966000051354058,0.0,6081.63055229187,,0.13,260.7823482050599,native
berlin52,52,EUC_2D,Composite,6584.2888957274645,7542.0,-12.698370515414153,12.698370515414153,0.0011269000024185516,0.0011244999986956827,0.0,6081.63055229187,,0.13,115.36072386280428,native
berlin52,52,EUC_2D,MST_Ratio,6537.75283226395,7542.0,-13.315396018775525,13.315396018775525,0.0004341999956523068,0.000432399996498134,0.0,6081.63055229187,,0.13,299.4012006027281,native
berlin52,52,EUC_2D,Hilbert,10477.125,7542.0,38.91706466674805,38.91706466674805,0.0005431000026874244,0.0005359999995562248,0.0,6081.63055229187,,0.13,239.3665979685516,native
bier127,127,EUC_2D,LGBM_V3,116739.00877063604,118282.0,-1.304502146872698,1.304502146872698,0.009292300004744902,0.005722499998228159,0.003532300004735589,94717.61474609375,1.2324952342135544,,,native
bier127,127,EUC_2D,Interp_V3,94717.61474609375,118282.0,-19.92220731295231,19.92220731295231,0.009660499999881722,0.00808320000214735,0.0015258000057656318,94717.61474609375,1.0,,,native
bier127,127,EUC_2D,GART_1.0,118192.47656357364,118282.0,-0.07568644123903864,0.07568644123903864,0.004708000000391621,0.0028601000012713484,0.0018310000014025718,,,,,native
bier127,127,EUC_2D,Fixed_Alpha,107599.21035156249,118282.0,-9.03162750751383,9.03162750751383,0.0,0.0,0.0,94717.61474609375,1.136,,,native
bier127,127,EUC_2D,BHH,120145.10759190221,118282.0,1.5751404202686896,1.5751404202686896,0.0010097000049427152,0.0010073000012198463,0.0,94717.61474609375,,,,native
bier127,127,EUC_2D,Cavdar,137219.97864230207,118282.0,16.010871174229443,16.010871174229443,0.0006187999970279634,0.0006167999963508919,0.0,94717.61474609375,,,,native
bier127,127,EUC_2D,Chien,113539.09375,118282.0,-4.009829044342041,4.009829044342041,0.00011379999341443181,0.00011240000458201393,0.0,94717.61474609375,,,,native
bier127,127,EUC_2D,Vinel,129521.95765101192,118282.0,9.50267804992469,9.50267804992469,0.0004712000009021722,0.0004697999975178391,0.0,94717.61474609375,,,,native
bier127,127,EUC_2D,Composite,137219.97864230207,118282.0,16.010871174229443,16.010871174229443,0.0027562000032048672,0.0027522000018507242,0.0,94717.61474609375,,,,native
bier127,127,EUC_2D,MST_Ratio,101821.43534763707,118282.0,-13.916373287873832,13.916373287873832,0.0014368999982252717,0.0014347999967867509,0.0,94717.61474609375,,,,native
bier127,127,EUC_2D,Hilbert,160635.15625,118282.0,35.80693435668945,35.80693435668945,0.0009645000027376227,0.000956600000790786,0.0,94717.61474609375,,,,native
brazil58,58,EXPLICIT,LGBM_V3,20798.618768764813,25395.0,-18.09955200328879,18.09955200328879,0.006870400000480004,0.0033992999960901216,0.003436799997871276,17514.0,1.1875424670985961,,,hybrid
brazil58,58,EXPLICIT,Fixed_Alpha,19895.904,25395.0,-21.654246898995872,21.654246898995872,0.0,0.0,0.0,17514.0,1.136,,,hybrid
brd14051,14051,EUC_2D,LGBM_V3,484249.991346317,469385.0,3.1669080491104307,3.1669080491104307,0.19189000000187661,0.1883940000043367,0.003445599999395199,429460.6159529686,1.1275771825357521,,,native
brd14051,14051,EUC_2D,Interp_V3,429460.6159529686,469385.0,-8.505679569443293,8.505679569443293,39.34583969999949,39.34459330000391,0.0011684999990393408,429460.6159529686,1.0,,,native
brd14051,14051,EUC_2D,Fixed_Alpha,487867.2597225723,469385.0,3.93754800911241,3.93754800911241,0.0,0.0,0.0,429460.6159529686,1.136,,,native
brg180,180,EXPLICIT,LGBM_V3,5069.740059165738,1950.0,159.98666970080706,159.98666970080706,0.010946999995212536,0.0031630999947083183,0.007720499997958541,4470.0,1.1341700356075477,,,hybrid
brg180,180,EXPLICIT,Fixed_Alpha,5077.919999999999,1950.0,160.40615384615379,160.40615384615379,0.0,0.0,0.0,4470.0,1.136,,,hybrid
burma14,14,GEO,LGBM_V3,3242.308231896057,3323.0,-2.428280713329615,2.428280713329615,0.005862799996975809,0.0014999999984866008,0.004338699996878859,2345.0,1.382647433644374,,,hybrid
burma14,14,GEO,Fixed_Alpha,2663.9199999999996,3323.0,-19.83388504363528,19.83388504363528,0.0,0.0,0.0,2345.0,1.136,,,hybrid
ch130,130,EUC_2D,LGBM_V3,6029.868159810862,6110.0,-1.311486746139732,1.311486746139732,0.006075600002077408,0.0032160000046133064,0.0028303999933996238,5164.052858412266,1.1676619750295893,,,native
ch130,130,EUC_2D,Interp_V3,5943.867114785901,6110.0,-2.719032491229111,2.719032491229111,0.006015500002831686,0.005151299999852199,0.0008348000046680681,5164.052870810032,1.1510081835884745,,,native
ch130,130,EUC_2D,GART_1.0,6297.395602556673,6110.0,3.0670311384070885,3.0670311384070885,0.007351500004006084,0.0024293999958899803,0.0049013000025297515,,,,,native
ch130,130,EUC_2D,Fixed_Alpha,5866.364047156333,6110.0,-3.9874951365575604,3.9874951365575604,0.0,0.0,0.0,5164.052858412266,1.136,,,native
ch130,130,EUC_2D,BHH,5409.885224769758,6110.0,-11.458506959578433,11.458506959578433,0.0009973000051104464,0.0009942000033333898,0.0,5164.052858412266,,,,native
ch130,130,EUC_2D,Cavdar,6323.432899686264,6110.0,3.493173480953587,3.493173480953587,0.000698199997714255,0.000694800000928808,0.0,5164.052858412266,,,,native
ch130,130,EUC_2D,Chien,5012.0869140625,6110.0,-17.969118118286133,17.969118118286133,0.00011129999620607123,0.0001097999993362464,0.0,5164.052858412266,,,,native
ch130,130,EUC_2D,Vinel,5832.1053518011995,6110.0,-4.548193914873985,4.548193914873985,0.0005181000014999881,0.000516099993546959,0.0,5164.052858412266,,,,native
ch130,130,EUC_2D,Composite,6323.432899686264,6110.0,3.493173480953587,3.493173480953587,0.0025716000018292107,0.002569199998106342,0.0,5164.052858412266,,,,native
ch130,130,EUC_2D,MST_Ratio,5551.356825667751,6110.0,-9.143096142917335,9.143096142917335,0.0013646000006701797,0.0013615000061690807,0.0,5164.052858412266,,,,native
ch130,130,EUC_2D,Hilbert,8245.37109375,6110.0,34.94879150390625,34.94879150390625,0.001011099993775133,0.0010032999998657033,0.0,5164.052858412266,,,,native
ch150,150,EUC_2D,LGBM_V3,6748.6324446462795,6528.0,3.3797862231354094,3.3797862231354094,0.010867500001040753,0.007685800002946053,0.0031439000013051555,5880.9556666612625,1.1475400984407718,3.03,278.81297443844716,native
ch150,150,EUC_2D,Interp_V3,6615.253570056806,6528.0,1.3366049334682288,1.3366049334682288,0.006209600003785454,0.005377000001317356,0.0008055000071180984,5880.955661892891,1.124860303389461,3.03,487.9541352346161,native
ch150,150,EUC_2D,GART_1.0,6947.288634849457,6528.0,6.422926391688981,6.422926391688981,0.004693399998359382,0.0027644000001600944,0.001910300001327414,,,3.03,645.5874208589001,native
ch150,150,EUC_2D,Fixed_Alpha,6680.765637327194,6528.0,2.340159885526867,2.340159885526867,0.0,0.0,0.0,5880.9556666612625,1.136,3.03,,native
ch150,150,EUC_2D,BHH,5742.997491663895,6528.0,-12.025160973285924,12.025160973285924,0.0009630999993532896,0.0009610999986762181,0.0,5880.9556666612625,,3.03,3146.0907507367974,native
ch150,150,EUC_2D,Cavdar,6434.587000425594,6528.0,-1.4309589395589164,1.4309589395589164,0.0006320000029518269,0.000629900001513306,0.0,5880.9556666612625,,3.03,4794.30377507602,native
ch150,150,EUC_2D,Chien,5363.66845703125,6528.0,-17.835960388183594,17.835960388183594,0.0001277999981539324,0.00012670000432990491,0.0,5880.9556666612625,,3.03,23708.920530268155,native
ch150,150,EUC_2D,Vinel,6191.2157125180665,6528.0,-5.159073031279618,5.159073031279618,0.0005567000043811277,0.0005544999949051999,0.0,5880.9556666612625,,3.03,5442.7878141808005,native
ch150,150,EUC_2D,Composite,6434.587000425594,6528.0,-1.4309589395589164,1.4309589395589164,0.0026696000059018843,0.0026661000010790303,0.0,5880.9556666612625,,3.03,1135.0014958425802,native
ch150,150,EUC_2D,MST_Ratio,6322.027330630875,6528.0,-3.1552185871495797,3.1552185871495797,0.002053100004559383,0.0020482000036281534,0.0,5880.9556666612625,,3.03,1475.817053855723,native
ch150,150,EUC_2D,Hilbert,9283.935546875,6528.0,42.2171516418457,42.2171516418457,0.0010812999971676618,0.0010750000001280569,0.0,5880.9556666612625,,3.03,2802.182565371986,native
d1291,1291,EUC_2D,LGBM_V3,54978.341125512496,50801.0,8.222950582690293,8.222950582690293,0.030965300000389107,0.023574300001200754,0.007350899999437388,47289.6044883728,1.1625883049842411,27393.72,884658.6340082536,native
d1291,1291,EUC_2D,Interp_V3,47289.60447883606,50801.0,-6.912059843632883,6.912059843632883,0.17199579999578418,0.17111170000134734,0.0008505000005243346,47289.60447883606,1.0,27393.72,159269.70310130512,native
d1291,1291,EUC_2D,GART_1.0,62113.1494795897,50801.0,22.267572448553572,22.267572448553572,0.22251729999698,0.21775440000055823,0.004739299998618662,,,27393.72,123108.27068444471,native
d1291,1291,EUC_2D,Fixed_Alpha,53720.9906987915,50801.0,5.747900038958883,5.747900038958883,0.0,0.0,0.0,47289.6044883728,1.136,27393.72,,native
d1291,1291,EUC_2D,BHH,75769.91353780302,50801.0,49.150437073685595,49.150437073685595,0.0012522999968496151,0.0012492999958340079,0.0,47289.6044883728,,27393.72,21874726.558263842,native
d1291,1291,EUC_2D,Cavdar,74492.01321464014,50801.0,46.634934774197646,46.634934774197646,0.0009910999942803755,0.0009884999963105656,0.0,47289.6044883728,,27393.72,27639713.60921076,native
d1291,1291,EUC_2D,Chien,73317.7421875,50801.0,44.32342529296875,44.32342529296875,0.00043000000005122274,0.00042860000394284725,0.0,47289.6044883728,,27393.72,63706325.57380649,native
d1291,1291,EUC_2D,Vinel,81683.4553579909,50801.0,60.79103828269305,60.79103828269305,0.0008336000028066337,0.0008314000006066635,0.0,47289.6044883728,,27393.72,32861948.06594116,native
d1291,1291,EUC_2D,Composite,74492.01321464014,50801.0,46.634934774197646,46.634934774197646,0.16837439999653725,0.1679952000049525,0.0,47289.6044883728,,27393.72,162695.27909565452,native
d1291,1291,EUC_2D,MST_Ratio,50836.32473726295,50801.0,0.06953551556652128,0.06953551556652128,0.17285199999605538,0.17248079999990296,0.0,47289.6044883728,,27393.72,158480.78125000084,native
d1291,1291,EUC_2D,Hilbert,80563.703125,50801.0,58.586849212646484,58.586849212646484,0.00757539999904111,0.00753909999912139,0.0,47289.6044883728,,27393.72,3616141.7223470025,native
d15112,15112,EUC_2D,LGBM_V3,1613601.2581767244,1573084.0,2.575657636637613,2.575657636637613,0.24102940000011586,0.23613029999978608,0.004856500003370456,1430966.2258729935,1.1276305680745962,,,native
d15112,15112,EUC_2D,Interp_V3,1430966.2258729935,1573084.0,-9.034341085854699,9.034341085854699,55.777750000001106,55.74429680000321,0.030322000005980954,1430966.2258729935,1.0,,,native
d15112,15112,EUC_2D,Fixed_Alpha,1625577.6325917204,1573084.0,3.3369885264690526,3.3369885264690526,0.0,0.0,0.0,1430966.2258729935,1.136,,,native
d1655,1655,EUC_2D,LGBM_V3,65447.38525009467,62128.0,5.342816846018971,5.342816846018971,0.51282469999569,0.1061212999993586,0.4057537999979104,56950.134508132935,1.1492051039975728,69.08,134.70490013562252,native
d1655,1655,EUC_2D,Interp_V3,56950.134662628174,62128.0,-8.334189636511438,8.334189636511438,0.3092996000050334,0.3074153999987175,0.0014652000027126633,56950.134662628174,1.0,69.08,223.3433214878901,native
d1655,1655,EUC_2D,GART_1.0,73486.94416173249,62128.0,18.283131859600328,18.283131859600328,0.4257847999979276,0.34483329999784473,0.08064430000376888,,,69.08,162.24158307280163,native
d1655,1655,EUC_2D,Fixed_Alpha,64695.35280123901,62128.0,4.13236029043106,4.13236029043106,0.0,0.0,0.0,56950.134508132935,1.136,69.08,,native
d1655,1655,EUC_2D,BHH,81629.30355262634,62128.0,31.388912491350663,31.388912491350663,0.002337500001885928,0.0022998999993433245,0.0,56950.134508132935,,69.08,29552.941152626856,native
d1655,1655,EUC_2D,Cavdar,72891.38820693776,62128.0,17.324536773979133,17.324536773979133,0.0023962999985087663,0.002267399999254849,0.0,56950.134508132935,,69.08,28827.7761728452,native
d1655,1655,EUC_2D,Chien,80320.6796875,62128.0,29.28257942199707,29.28257942199707,0.0005584000027738512,0.0005573000016738661,0.0,56950.134508132935,,69.08,123710.60110466547,native
d1655,1655,EUC_2D,Vinel,88000.14756936696,62128.0,41.643297014819346,41.643297014819346,0.0012358000021777116,0.0010758999997051433,0.0,56950.134508132935,,69.08,55899.012686735776,native
d1655,1655,EUC_2D,Composite,72891.38820693776,62128.0,17.324536773979133,17.324536773979133,0.2981722999975318,0.2975102999989758,0.0,56950.134508132935,,69.08,231.67812704457063,native
d1655,1655,EUC_2D,MST_Ratio,61221.39475369336,62128.0,-1.4592538731435698,1.4592538731435698,0.29493730000103824,0.2940242000040598,0.0,56950.134508132935,,69.08,234.21927304466686,native
d1655,1655,EUC_2D,Hilbert,90209.296875,62128.0,45.199100494384766,45.199100494384766,0.012588600002345629,0.012257599999429658,0.0,56950.134508132935,,69.08,5487.5045666021915,native
d18512,18512,EUC_2D,LGBM_V3,667838.4627180188,645238.0,3.5026552555830244,3.5026552555830244,0.3575540000019828,0.3524004999999306,0.00510740000026999,593669.371676445,1.1249333291898316,,,native
d18512,18512,EUC_2D,Interp_V3,593669.371676445,645238.0,-7.992187119102563,7.992187119102563,72.92831279999518,72.91442839999945,0.01211660000262782,593669.371676445,1.0,,,native
d18512,18512,EUC_2D,Fixed_Alpha,674408.4062244415,645238.0,4.520875432699482,4.520875432699482,0.0,0.0,0.0,593669.371676445,1.136,,,native
d198,198,EUC_2D,LGBM_V3,15080.984209124414,15780.0,-4.429757863596872,4.429757863596872,0.18608020000101533,0.03280090000043856,0.15280739999434445,11767.112632751465,1.2816214716216308,,,native
d198,198,EUC_2D,Interp_V3,14933.111487160953,15780.0,-5.366847356394465,5.366847356394465,0.009679399998276494,0.007364000004599802,0.0019184999982826412,11767.112493515015,1.2690548760701281,,,native
d198,198,EUC_2D,GART_1.0,15935.979367388714,15780.0,0.9884624042377332,0.9884624042377332,0.11153700000431854,0.012151999995694496,0.09918660000403179,,,,,native
d198,198,EUC_2D,Fixed_Alpha,13367.439950805663,15780.0,-15.288720210357015,15.288720210357015,0.0,0.0,0.0,11767.112632751465,1.136,,,native
d198,198,EUC_2D,BHH,20359.84344848167,15780.0,29.023089027133537,29.023089027133537,0.0013915000017732382,0.0013805000053253025,0.0,11767.112632751465,,,,native
d198,198,EUC_2D,Cavdar,24885.948743945803,15780.0,57.705632090911294,57.705632090911294,0.000680500001180917,0.0006546000004163943,0.0,11767.112632751465,,,,native
d198,198,EUC_2D,Chien,24087.755859375,15780.0,52.647377014160156,52.647377014160156,0.00023530000180471689,0.00023350000265054405,0.0,11767.112632751465,,,,native
d198,198,EUC_2D,Vinel,21948.84863620708,15780.0,39.0928303942147,39.0928303942147,0.00112269999954151,0.0011083000063081272,0.0,11767.112632751465,,,,native
d198,198,EUC_2D,Composite,23534.225072152338,15780.0,49.139575869152964,49.139575869152964,0.004179499999736436,0.0041668000048957765,0.0,11767.112632751465,,,,native
d198,198,EUC_2D,MST_Ratio,12649.645976281881,15780.0,-19.837477970330283,19.837477970330283,0.0027827000012621284,0.0027322999958414584,0.0,11767.112632751465,,,,native
d198,198,EUC_2D,Hilbert,22171.072265625,15780.0,40.50109100341797,40.50109100341797,0.0018913000021711923,0.0018682000008993782,0.0,11767.112632751465,,,,native
d2103,2103,EUC_2D,LGBM_V3,88422.73176324747,80450.0,9.910169997821596,9.910169997821596,0.04399829999601934,0.03911869999865303,0.0048427000001538545,76300.62238311768,1.1588730078669967,11179253.91,254083769.39589533,native
d2103,2103,EUC_2D,Interp_V3,76300.6224117279,80450.0,-5.157709867336351,5.157709867336351,0.4651411000013468,0.46428970000124536,0.0008115000018733554,76300.6224117279,1.0,11179253.91,24034113.325972766,native
d2103,2103,EUC_2D,Fixed_Alpha,86677.50702722167,80450.0,7.7408415503066115,7.7408415503066115,0.0,0.0,0.0,76300.62238311768,1.136,11179253.91,,native
d493,493,EUC_2D,LGBM_V3,34882.31493954184,35002.0,-0.3419377762932495,0.3419377762932495,0.017303100001299754,0.01206800000363728,0.005193400000280235,29284.549633026123,1.1911508073937644,,,native
d493,493,EUC_2D,Interp_V3,37512.98981183053,35002.0,7.173846671134587,7.173846671134587,0.027588099997956306,0.02608209999743849,0.0014709000024595298,29284.549417495728,1.2809823117653574,,,native
d493,493,EUC_2D,GART_1.0,38057.87445531202,35002.0,8.730570982549626,8.730570982549626,0.030111799998849165,0.025851099999272265,0.004237000001012348,,,,,native
d493,493,EUC_2D,Fixed_Alpha,33267.24838311767,35002.0,-4.956149982521935,4.956149982521935,0.0,0.0,0.0,29284.549633026123,1.136,,,native
d493,493,EUC_2D,BHH,40179.698363201955,35002.0,14.792578604656747,14.792578604656747,0.0012997000012546778,0.001297299997531809,0.0,29284.549633026123,,,,native
d493,493,EUC_2D,Cavdar,40592.56766438406,35002.0,15.97213777608155,15.97213777608155,0.001048300000547897,0.0010461000056238845,0.0,29284.549633026123,,,,native
d493,493,EUC_2D,Chien,44230.1640625,35002.0,26.364675521850586,26.364675521850586,0.0002610000010463409,0.00025970000569941476,0.0,29284.549633026123,,,,native
d493,493,EUC_2D,Vinel,43315.564771110476,35002.0,23.751684964031984,23.751684964031984,0.0008500999974785373,0.0008480999968014657,0.0,29284.549633026123,,,,native
d493,493,EUC_2D,Composite,40592.56766438406,35002.0,15.97213777608155,15.97213777608155,0.025991500006057322,0.02591769999708049,0.0,29284.549633026123,,,,native
d493,493,EUC_2D,MST_Ratio,31480.890671114183,35002.0,-10.059737526100845,10.059737526100845,0.021907599999394733,0.021835199993802235,0.0,29284.549633026123,,,,native
d493,493,EUC_2D,Hilbert,48259.5078125,35002.0,37.87643051147461,37.87643051147461,0.0033295999965048395,0.0032997000016621314,0.0,29284.549633026123,,,,native
d657,657,EUC_2D,LGBM_V3,49169.72031405695,48912.0,0.5269061049577757,0.5269061049577757,0.01759180000226479,0.014046500000404194,0.0034977999966940843,42490.60651016235,1.157190361646101,,,native
d657,657,EUC_2D,Interp_V3,48669.996544385125,48912.0,-0.4947731755292666,0.4947731755292666,0.04992530000163242,0.04907970000203932,0.0008116999961202964,42490.606464385986,1.1454295571229012,,,native
d657,657,EUC_2D,GART_1.0,51676.5572204003,48912.0,5.652104228819709,5.652104228819709,0.05365600000368431,0.05031550000421703,0.0033085999966715463,,,,,native
d657,657,EUC_2D,Fixed_Alpha,48269.32899554443,48912.0,-1.3139331952395588,1.3139331952395588,0.0,0.0,0.0,42490.60651016235,1.136,,,native
d657,657,EUC_2D,BHH,53294.50047636867,48912.0,8.959969897711536,8.959969897711536,0.0019114999959128909,0.0019080000056419522,0.0,42490.60651016235,,,,native
d657,657,EUC_2D,Cavdar,51110.51051220034,48912.0,4.494828492395193,4.494828492395193,0.0013127999991411343,0.0013094000023556873,0.0,42490.60651016235,,,,native
d657,657,EUC_2D,Chien,53322.3515625,48912.0,9.016910552978516,9.016910552978516,0.0003693999969982542,0.0003679000001284294,0.0,42490.60651016235,,,,native
d657,657,EUC_2D,Vinel,57453.92527491736,48912.0,17.46386423560141,17.46386423560141,0.0010417999947094359,0.0010392999975010753,0.0,42490.60651016235,,,,native
d657,657,EUC_2D,Composite,51110.51051220034,48912.0,4.494828492395193,4.494828492395193,0.050994400000490714,0.05087999999523163,0.0,42490.60651016235,,,,native
d657,657,EUC_2D,MST_Ratio,45677.40192378963,48912.0,-6.61309714632477,6.61309714632477,0.04444119999971008,0.04433410000638105,0.0,42490.60651016235,,,,native
d657,657,EUC_2D,Hilbert,70291.78125,48912.0,43.71070861816406,43.71070861816406,0.004085000000486616,0.004064000000653323,0.0,42490.60651016235,,,,native
dantzig42,42,EXPLICIT,LGBM_V3,691.1349996298467,699.0,-1.125178879850261,1.125178879850261,0.0291572999994969,0.005998699998599477,0.019541799993021414,591.0,1.1694331635022785,,,hybrid
dantzig42,42,EXPLICIT,Fixed_Alpha,671.376,699.0,-3.951931330472106,3.951931330472106,0.0,0.0,0.0,591.0,1.136,,,hybrid
dsj1000,1000,CEIL_2D,LGBM_V3,17886900.785904404,18660188.0,-4.144048356295211,4.144048356295211,0.03438950000418117,0.017460399998526555,0.016696300001058262,15905257.149475098,1.124590480858381,153.16,4453.684990516826,native
dsj1000,1000,CEIL_2D,Interp_V3,15905257.188537598,18660188.0,-14.763681970741144,14.763681970741144,0.1350123000011081,0.13372009999875445,0.0012353999991319142,15905257.188537598,1.0,153.16,1134.415160683456,native
dsj1000,1000,CEIL_2D,GART_1.0,19482487.979310524,18660188.0,4.406707902999282,4.406707902999282,0.14009490000171354,0.13227289999485947,0.0077968000041437335,,,153.16,1093.258926614221,native
dsj1000,1000,CEIL_2D,Fixed_Alpha,18068372.12180371,18660188.0,-3.171542956567702,3.171542956567702,0.0,0.0,0.0,15905257.149475098,1.136,153.16,,native
dsj1000,1000,CEIL_2D,BHH,23976462.3903989,18660188.0,28.489929417639846,28.489929417639846,0.0017499000023235567,0.0017465999990236014,0.0,15905257.149475098,,153.16,87525.00131243539,native
dsj1000,1000,CEIL_2D,Cavdar,24658249.93158536,18660188.0,32.14363076934359,32.14363076934359,0.001486999994085636,0.0014836999980616383,0.0,15905257.149475098,,153.16,102999.32791471118,native
dsj1000,1000,CEIL_2D,Chien,22529156.0,18660188.0,20.733810424804688,20.733810424804688,0.0005184000037843361,0.0005161999943084083,0.0,15905257.149475098,,153.16,295447.5287074214,native
dsj1000,1000,CEIL_2D,Vinel,25847730.37033458,18660188.0,38.51805978768585,38.51805978768585,0.0011845000044559129,0.0011823000022559427,0.0,15905257.149475098,,153.16,129303.50310159127,native
dsj1000,1000,CEIL_2D,Composite,24658249.93158536,18660188.0,32.14363076934359,32.14363076934359,0.10340700000233483,0.1031762000056915,0.0,15905257.149475098,,153.16,1481.1376405518176,native
dsj1000,1000,CEIL_2D,MST_Ratio,17098151.49828354,18660188.0,-8.370958008121146,8.370958008121146,0.10625889999937499,0.1059878000014578,0.0,15905257.149475098,,153.16,1441.3851451586727,native
dsj1000,1000,CEIL_2D,Hilbert,28728636.0,18660188.0,53.95684051513672,53.95684051513672,0.006059500003175344,0.006011000004946254,0.0,15905257.149475098,,153.16,25276.012859103877,native
eil101,101,EUC_2D,LGBM_V3,643.7787831736227,629.0,2.3495680721180827,2.3495680721180827,0.023627999995369464,0.008582500006014016,0.015001100000517908,562.2572623491287,1.1449897160667957,,,native
eil101,101,EUC_2D,Interp_V3,651.9940523281379,629.0,3.655652198432091,3.655652198432091,0.005350599996745586,0.004482999996980652,0.0008393000025535002,562.2572623491287,1.1596009442440742,,,native
eil101,101,EUC_2D,GART_1.0,677.9587690635353,629.0,7.783588086412611,7.783588086412611,0.04934769999817945,0.002117500000167638,0.047200300003169104,,,,,native
eil101,101,EUC_2D,Fixed_Alpha,638.7242500286102,629.0,1.545985696122446,1.545985696122446,0.0,0.0,0.0,562.2572623491287,1.136,,,native
eil101,101,EUC_2D,BHH,478.1366419022913,629.0,-23.984635627616647,23.984635627616647,0.0018845000013243407,0.0018811999980243854,0.0,562.2572623491287,,,,native
eil101,101,EUC_2D,Cavdar,542.3044206167591,629.0,-13.783080983027169,13.783080983027169,0.0009252999952877872,0.0009226999973179772,0.0,562.2572623491287,,,,native
eil101,101,EUC_2D,Chien,446.6601257324219,629.0,-28.988849639892578,28.988849639892578,0.0001382000045850873,0.00013700000272365287,0.0,562.2572623491287,,,,native
eil101,101,EUC_2D,Vinel,515.4533141226274,629.0,-18.051937341394694,18.051937341394694,0.004542599999695085,0.004540399997495115,0.0,562.2572623491287,,,,native
eil101,101,EUC_2D,Composite,562.2572622112232,629.0,-10.610928106323819,10.610928106323819,0.002142099998309277,0.0021396000011009164,0.0,562.2572623491287,,,,native
eil101,101,EUC_2D,MST_Ratio,604.4265568770649,629.0,-3.906747714298115,3.906747714298115,0.0009898999996948987,0.000988299994787667,0.0,562.2572623491287,,,,native
eil101,101,EUC_2D,Hilbert,787.5629272460938,629.0,25.20873260498047,25.20873260498047,0.0009042999954544939,0.0008970999988378026,0.0,562.2572623491287,,,,native
eil51,51,EUC_2D,LGBM_V3,433.27975525432424,426.0,1.7088627357568646,1.7088627357568646,0.01643060000060359,0.010879000001295935,0.005525900000066031,376.4905598163605,1.1508382984839345,,,native
eil51,51,EUC_2D,Interp_V3,436.1620390882555,426.0,2.3854551850364984,2.3854551850364984,0.005537299999559764,0.0038743999975849874,0.0016312000007019378,376.4905598163605,1.1584939587887695,,,native
eil51,51,EUC_2D,GART_1.0,479.92877093398636,426.0,12.6593358999968,12.6593358999968,0.01715159999730531,0.0017814000020734966,0.01534430000174325,,,,,native
eil51,51,EUC_2D,Fixed_Alpha,427.6932759513855,426.0,0.3974826176961238,0.3974826176961238,0.0,0.0,0.0,376.4905598163605,1.136,,,native
eil51,51,EUC_2D,BHH,292.2355628720091,426.0,-31.40010261220444,31.40010261220444,0.001647700002649799,0.001644000003580004,0.0,376.4905598163605,,,,native
eil51,51,EUC_2D,Cavdar,398.58128271223916,426.0,-6.4363186121504325,6.4363186121504325,0.0008500999974785373,0.000847700001031626,0.0,376.4905598163605,,,,native
eil51,51,EUC_2D,Chien,292.3216857910156,426.0,-31.379884719848633,31.379884719848633,0.00011919999815290794,0.00011780000204453245,0.0,376.4905598163605,,,,native
eil51,51,EUC_2D,Vinel,315.0433917542154,426.0,-26.046152170371972,26.046152170371972,0.0008855000050971285,0.0008834999971440993,0.0,376.4905598163605,,,,native
eil51,51,EUC_2D,Composite,376.4905590196479,426.0,-11.621934502430072,11.621934502430072,0.0013365999984671362,0.001334500004304573,0.0,376.4905598163605,,,,native
eil51,51,EUC_2D,MST_Ratio,404.7273509461215,426.0,-4.99357959011233,4.99357959011233,0.0012795000002370216,0.0012773999987985007,0.0,376.4905598163605,,,,native
eil51,51,EUC_2D,Hilbert,519.8822631835938,426.0,22.038089752197266,22.038089752197266,0.0005596000046352856,0.0005554000017582439,0.0,376.4905598163605,,,,native
eil76,76,EUC_2D,LGBM_V3,543.6487696562688,538.0,1.0499571851800684,1.0499571851800684,0.010225599995465018,0.006950800001504831,0.0032393000001320615,472.33067870140076,1.1509918668652774,,,native
eil76,76,EUC_2D,Interp_V3,545.7229264871078,538.0,1.4354881946296971,1.4354881946296971,0.005430900004284922,0.004483199998503551,0.0009157999957096763,472.33067870140076,1.1553831904111913,,,native
eil76,76,EUC_2D,GART_1.0,569.806843413313,538.0,5.912052679054462,5.912052679054462,0.003550800000084564,0.0017805000024964102,0.001749099996231962,,,,,native
eil76,76,EUC_2D,Fixed_Alpha,536.5676510047912,538.0,-0.2662358727153953,0.2662358727153953,0.0,0.0,0.0,472.33067870140076,1.136,,,native
eil76,76,EUC_2D,BHH,394.74931902461856,538.0,-26.626520627394317,26.626520627394317,0.001185199995234143,0.0011831000010715798,0.0,472.33067870140076,,,,native
eil76,76,EUC_2D,Cavdar,486.21704098782624,538.0,-9.625085318247912,9.625085318247912,0.00104490000376245,0.001042599993525073,0.0,472.33067870140076,,,,native
eil76,76,EUC_2D,Chien,384.7449951171875,538.0,-28.486061096191406,28.486061096191406,0.0001229999979841523,0.00012170000263722613,0.0,472.33067870140076,,,,native
eil76,76,EUC_2D,Vinel,425.55794077892625,538.0,-20.900011007634525,20.900011007634525,0.0009231999938492663,0.0009215000027325004,0.0,472.33067870140076,,,,native
eil76,76,EUC_2D,Composite,472.3306792645621,538.0,-12.206193445248683,12.206193445248683,0.0015184000003500842,0.001516199998150114,0.0,472.33067870140076,,,,native
eil76,76,EUC_2D,MST_Ratio,507.75548020940425,538.0,-5.621657953642332,5.621657953642332,0.0006610999989788979,0.0006591999990632758,0.0,472.33067870140076,,,,native
eil76,76,EUC_2D,Hilbert,692.2066650390625,538.0,28.66295051574707,28.66295051574707,0.0006537999943247996,0.0006494999979622662,0.0,472.33067870140076,,,,native
fl1400,1400,EUC_2D,LGBM_V3,21835.832331719597,20127.0,8.490248580114262,8.490248580114262,0.02491889999510022,0.02171900000394089,0.0031686000002082437,17019.523166179657,1.2829873151270577,,,native
fl1400,1400,EUC_2D,Interp_V3,20675.843413858616,20127.0,2.7269012463785773,2.7269012463785773,0.19969940000009956,0.19877029999770457,0.0008921999979065731,17019.523121356964,1.2148309483427016,,,native
fl1400,1400,EUC_2D,GART_1.0,24202.410204881682,20127.0,20.24847321946481,20.24847321946481,0.21112490000086837,0.2078454000002239,0.0032559999963268638,,,,,native
fl1400,1400,EUC_2D,Fixed_Alpha,19334.17831678009,20127.0,-3.939095161821983,3.939095161821983,0.0,0.0,0.0,17019.523166179657,1.136,,,native
fl1400,1400,EUC_2D,BHH,51952.760233650435,20127.0,158.12470926442307,158.12470926442307,0.00180200000613695,0.0017988999970839359,0.0,17019.523166179657,,,,native
fl1400,1400,EUC_2D,Cavdar,41647.961811009984,20127.0,106.92583003433191,106.92583003433191,0.0013676999951712787,0.0013648000021930784,0.0,17019.523166179657,,,,native
fl1400,1400,EUC_2D,Chien,46231.328125,20127.0,129.69805908203125,129.69805908203125,0.00048429999878862873,0.00048129999777302146,0.0,17019.523166179657,,,,native
fl1400,1400,EUC_2D,Vinel,56007.46751746706,20127.0,178.2703210486762,178.2703210486762,0.0009325999999418855,0.0009303999977419153,0.0,17019.523166179657,,,,native
fl1400,1400,EUC_2D,Composite,34039.04617001691,20127.0,69.1213105282303,69.1213105282303,0.18921920000138925,0.1887477000054787,0.0,17019.523166179657,,,,native
fl1400,1400,EUC_2D,MST_Ratio,18295.98731638409,20127.0,-9.09729559107622,9.09729559107622,0.18344280000019353,0.18296230000123614,0.0,17019.523166179657,,,,native
fl1400,1400,EUC_2D,Hilbert,29559.52734375,20127.0,46.86504364013672,46.86504364013672,0.010400300001492724,0.010304000003088731,0.0,17019.523166179657,,,,native
fl1577,1577,EUC_2D,LGBM_V3,22999.24734434673,22249.0,3.3720497296360805,3.3720497296360805,0.025031699995452072,0.021996299998136237,0.0030001999984961003,19418.28790950775,1.1844116974435033,6705.04,267861.95109474054,native
fl1577,1577,EUC_2D,Interp_V3,19418.287844657898,22249.0,-12.722873636307707,12.722873636307707,0.22732510000059847,0.22648990000016056,0.0008038000014494173,19418.287844657898,1.0,6705.04,29495.37908476604,native
fl1577,1577,EUC_2D,GART_1.0,25307.175340593298,22249.0,13.745226035297305,13.745226035297305,0.3092001000040909,0.3065067999996245,0.002671900001587346,,,6705.04,21685.115884216364,native
fl1577,1577,EUC_2D,Fixed_Alpha,22059.175065200805,22249.0,-0.8531841197321005,0.8531841197321005,0.0,0.0,0.0,19418.28790950775,1.136,6705.04,,native
fl1577,1577,EUC_2D,BHH,49539.34305056182,22249.0,122.6587399458934,122.6587399458934,0.0019195000058971345,0.0019148999999742955,0.0,19418.28790950775,,6705.04,3493117.988747389,native
fl1577,1577,EUC_2D,Cavdar,53997.9972296697,22249.0,142.6985357978772,142.6985357978772,0.0017806000032578595,0.0017781999995349906,0.0,19418.28790950775,,6705.04,3765607.091841054,native
fl1577,1577,EUC_2D,Chien,42510.1328125,22249.0,91.06536865234375,91.06536865234375,0.0007546999986516312,0.0007530000002589077,0.0,19418.28790950775,,6705.04,8884377.914375803,native
fl1577,1577,EUC_2D,Vinel,53405.69267663038,22249.0,140.03637321511252,140.03637321511252,0.001618199996300973,0.0016160000013769604,0.0,19418.28790950775,,6705.04,4143517.498039169,native
fl1577,1577,EUC_2D,Composite,38836.57552354244,22249.0,74.55425198230229,74.55425198230229,0.27208190000237664,0.2714110999950208,0.0,19418.28790950775,,6705.04,24643.462133796595,native
fl1577,1577,EUC_2D,MST_Ratio,20874.65934390406,22249.0,-6.177089559512523,6.177089559512523,0.2748113999987254,0.27417749999585794,0.0,19418.28790950775,,6705.04,24398.696706290564,native
fl1577,1577,EUC_2D,Hilbert,37657.47265625,22249.0,69.25466918945312,69.25466918945312,0.009605799998098519,0.009510899995802902,0.0,19418.28790950775,,6705.04,698019.9464206283,native
fl3795,3795,EUC_2D,LGBM_V3,29499.66637563554,28772.0,2.529078185859659,2.529078185859659,0.056621600000653416,0.05317549999745097,0.003409799996006768,25061.91662311554,1.1770714434676117,69886.48,1234272.4331208144,native
fl3795,3795,EUC_2D,Interp_V3,25061.91664981842,28772.0,-12.894770437166619,12.894770437166619,1.5802174999989802,1.5789729000025545,0.0011939999967580661,25061.91664981842,1.0,69886.48,44225.86131342369,native
fl3795,3795,EUC_2D,Fixed_Alpha,28470.33728385925,28772.0,-1.0484593220518166,1.0484593220518166,0.0,0.0,0.0,25061.91662311554,1.136,69886.48,,native
fl417,417,EUC_2D,LGBM_V3,13274.565940091814,11861.0,11.91776359574921,11.91776359574921,0.01455780000105733,0.00813390000257641,0.006381899998814333,10212.799460411072,1.29979698431849,,,native
fl417,417,EUC_2D,Interp_V3,10212.799369812012,11861.0,-13.895966867785079,13.895966867785079,0.017757500005245674,0.01679629999853205,0.000909200003661681,10212.799369812012,1.0,,,native
fl417,417,EUC_2D,GART_1.0,14398.327812961159,11861.0,21.392191324181425,21.392191324181425,0.022935699998924974,0.019730100000742823,0.003180599996994715,,,,,native
fl417,417,EUC_2D,Fixed_Alpha,11601.740187026977,11861.0,-2.1858174940816384,2.1858174940816384,0.0,0.0,0.0,10212.799460411072,1.136,,,native
fl417,417,EUC_2D,BHH,23556.90345660615,11861.0,98.60807230930064,98.60807230930064,0.0025653000047896057,0.002562599998782389,0.0,10212.799460411072,,,,native
fl417,417,EUC_2D,Cavdar,22751.37304377072,11861.0,91.81665157887801,91.81665157887801,0.0009973000051104464,0.0009946999998646788,0.0,10212.799460411072,,,,native
fl417,417,EUC_2D,Chien,20720.572265625,11861.0,74.69498443603516,74.69498443603516,0.0002367999986745417,0.00023559999681310728,0.0,10212.799460411072,,,,native
fl417,417,EUC_2D,Vinel,25395.426522562495,11861.0,114.10864617285638,114.10864617285638,0.0008261999973910861,0.0008240999959525652,0.0,10212.799460411072,,,,native
fl417,417,EUC_2D,Composite,20425.598788592186,11861.0,72.20806667728004,72.20806667728004,0.021576499995717313,0.02151880000019446,0.0,10212.799460411072,,,,native
fl417,417,EUC_2D,MST_Ratio,10978.7593488683,11861.0,-7.43816416096198,7.43816416096198,0.014426299996557645,0.014367000003403518,0.0,10212.799460411072,,,,native
fl417,417,EUC_2D,Hilbert,17109.515625,11861.0,44.25019454956055,44.25019454956055,0.0033892999999807216,0.0033572000029380433,0.0,10212.799460411072,,,,native
fnl4461,4461,EUC_2D,LGBM_V3,187476.16537844721,182566.0,2.689528925674668,2.689528925674668,0.06640650000190362,0.05715149999741698,0.009206800001265947,168722.23780345917,1.1111526721026193,53420.13,804441.2820803482,native
fnl4461,4461,EUC_2D,Interp_V3,188442.70573506845,182566.0,3.2189486186192653,3.2189486186192653,2.931835499999579,2.930979099997785,0.000822000001790002,168722.23780345917,1.1168812611090497,53420.13,18220.711905564847,native
fnl4461,4461,EUC_2D,Fixed_Alpha,191668.4621447296,182566.0,4.98584738928913,4.98584738928913,0.0,0.0,0.0,168722.23780345917,1.136,53420.13,,native
fri26,26,EXPLICIT,LGBM_V3,905.0207302314458,937.0,-3.4129423445628833,3.4129423445628833,0.005519099999219179,0.0017370999994454905,0.003759799998078961,741.0,1.2213505131328553,,,hybrid
fri26,26,EXPLICIT,Fixed_Alpha,841.776,937.0,-10.162646744930633,10.162646744930633,0.0,0.0,0.0,741.0,1.136,,,hybrid
gil262,262,EUC_2D,LGBM_V3,2389.67067753955,2378.0,0.4907770201661089,0.4907770201661089,0.008508099999744445,0.004939200000080746,0.0035423999943304807,2103.108585000038,1.1362564418134915,,,native
gil262,262,EUC_2D,Interp_V3,2368.003541876734,2378.0,-0.4203725030809994,0.4203725030809994,0.009425399999599904,0.008623999994597398,0.0007735000035609119,2103.108585000038,1.1259540086355984,,,native
gil262,262,EUC_2D,GART_1.0,2511.4994632134817,2378.0,5.613938739002595,5.613938739002595,0.011309900000924245,0.006563399998412933,0.0047305999978561886,,,,,native
gil262,262,EUC_2D,Fixed_Alpha,2389.131352560043,2378.0,0.4680972481094646,0.4680972481094646,0.0,0.0,0.0,2103.108585000038,1.136,,,native
gil262,262,EUC_2D,BHH,2221.919182868252,2378.0,-6.563533100578136,6.563533100578136,0.0012758000011672266,0.0012729000009130687,0.0,2103.108585000038,,,,native
gil262,262,EUC_2D,Cavdar,2388.819648186396,2378.0,0.4549894106979008,0.4549894106979008,0.0009805000008782372,0.000977800002146978,0.0,2103.108585000038,,,,native
gil262,262,EUC_2D,Chien,1967.366943359375,2378.0,-17.26799964904785,17.26799964904785,0.00020569999469444156,0.00020450000010896474,0.0,2103.108585000038,,,,native
gil262,262,EUC_2D,Vinel,2395.3311797344436,2378.0,0.7288132773104959,0.7288132773104959,0.0009344999998575076,0.0009324999991804361,0.0,2103.108585000038,,,,native
gil262,262,EUC_2D,Composite,2388.819648186396,2378.0,0.4549894106979008,0.4549894106979008,0.0072432000015396625,0.007238799997139722,0.0,2103.108585000038,,,,native
gil262,262,EUC_2D,MST_Ratio,2260.841729313655,2378.0,-4.926756546944705,4.926756546944705,0.0055702999961795285,0.005567600004724227,0.0,2103.108585000038,,,,native
gil262,262,EUC_2D,Hilbert,3294.751220703125,2378.0,38.551353454589844,38.551353454589844,0.0020884999976260588,0.002071200004138518,0.0,2103.108585000038,,,,native
gr120,120,EXPLICIT,LGBM_V3,6351.303698552997,6942.0,-8.509021916551468,8.509021916551468,0.009456500003580004,0.005713400001695845,0.00370180000027176,5805.0,1.0941091642640821,,,hybrid
gr120,120,EXPLICIT,Fixed_Alpha,6594.48,6942.0,-5.006050129645642,5.006050129645642,0.0,0.0,0.0,5805.0,1.136,,,hybrid
gr137,137,GEO,LGBM_V3,68123.21089675759,69853.0,-2.476327578260645,2.476327578260645,0.005592399997112807,0.002362299994274508,0.0032032000017352402,58935.0,1.1559041468865292,,,hybrid
gr137,137,GEO,Fixed_Alpha,66950.15999999999,69853.0,-4.155641132091694,4.155641132091694,0.0,0.0,0.0,58935.0,1.136,,,hybrid
gr17,17,EXPLICIT,LGBM_V3,1880.5954823713346,2085.0,-9.80357398698635,9.80357398698635,0.00391259999742033,0.0010116000048583373,0.0028801999942515977,1421.0,1.323431022076942,,,hybrid
gr17,17,EXPLICIT,Fixed_Alpha,1614.2559999999999,2085.0,-22.57764988009593,22.57764988009593,0.0,0.0,0.0,1421.0,1.136,,,hybrid
gr202,202,GEO,LGBM_V3,37908.31575324734,40160.0,-5.606783482949846,5.606783482949846,0.0074863999980152585,0.0039296000031754375,0.0035069000005023554,32623.0,1.1620119471920836,,,hybrid
gr202,202,GEO,Fixed_Alpha,37059.727999999996,40160.0,-7.719800796812761,7.719800796812761,0.0,0.0,0.0,32623.0,1.136,,,hybrid
gr21,21,EXPLICIT,LGBM_V3,2631.52021584607,2707.0,-2.788318587141848,2.788318587141848,0.003998000000137836,0.001159300001745578,0.002824899995175656,2161.0,1.2177326311180334,,,hybrid
gr21,21,EXPLICIT,Fixed_Alpha,2454.8959999999997,2707.0,-9.313040265977106,9.313040265977106,0.0,0.0,0.0,2161.0,1.136,,,hybrid
gr229,229,GEO,LGBM_V3,128832.77853093874,134602.0,-4.286133541151885,4.286133541151885,0.007755099999485537,0.004622699998435564,0.003080700000282377,113977.0,1.1303401434582305,,,hybrid
gr229,229,GEO,Fixed_Alpha,129477.87199999999,134602.0,-3.8068735977177246,3.8068735977177246,0.0,0.0,0.0,113977.0,1.136,,,hybrid
gr24,24,EXPLICIT,LGBM_V3,1208.2594578544092,1272.0,-5.011048910816885,5.011048910816885,0.0038505999982589856,0.0012019000059808604,0.002634000004036352,1011.0,1.1951132125167252,,,hybrid
gr24,24,EXPLICIT,Fixed_Alpha,1148.4959999999999,1272.0,-9.709433962264162,9.709433962264162,0.0,0.0,0.0,1011.0,1.136,,,hybrid
gr431,431,GEO,LGBM_V3,161764.5653845411,171414.0,-5.629315350822503,5.629315350822503,0.019571600001654588,0.016156300000147894,0.0032202000002143905,144779.0,1.1173206430804268,,,hybrid
gr431,431,GEO,Fixed_Alpha,164468.944,171414.0,-4.051627054966345,4.051627054966345,0.0,0.0,0.0,144779.0,1.136,,,hybrid
gr48,48,EXPLICIT,LGBM_V3,4567.122517602534,5046.0,-9.490239445054822,9.490239445054822,0.004510000006121118,0.0012275999979465269,0.0032547000009799376,4082.0,1.1188443208237466,,,hybrid
gr48,48,EXPLICIT,Fixed_Alpha,4637.151999999999,5046.0,-8.102417756638939,8.102417756638939,0.0,0.0,0.0,4082.0,1.136,,,hybrid
gr666,666,GEO,LGBM_V3,277475.8395843417,294358.0,-5.735247696905917,5.735247696905917,0.047887900000205263,0.04211669999494916,0.005530200003704522,255251.0,1.0870705289473563,,,hybrid
gr666,666,GEO,Fixed_Alpha,289965.136,294358.0,-1.4923542081411076,1.4923542081411076,0.0,0.0,0.0,255251.0,1.136,,,hybrid
gr96,96,GEO,LGBM_V3,56579.94440074452,55209.0,2.4831900609402813,2.4831900609402813,0.005135100000188686,0.0020027999999001622,0.00309989999368554,47239.0,1.1977379792278524,,,hybrid
gr96,96,GEO,Fixed_Alpha,53663.50399999999,55209.0,-2.7993551775978673,2.7993551775978673,0.0,0.0,0.0,47239.0,1.136,,,hybrid
hk48,48,EXPLICIT,LGBM_V3,11400.624356847607,11461.0,-0.5267921049855381,0.5267921049855381,0.004876499995589256,0.0021840999979758635,0.002673099996172823,9905.0,1.150996906294559,,,hybrid
hk48,48,EXPLICIT,Fixed_Alpha,11252.079999999998,11461.0,-1.8228775848529961,1.8228775848529961,0.0,0.0,0.0,9905.0,1.136,,,hybrid
kroA100,100,EUC_2D,LGBM_V3,21590.753129516474,21282.0,1.4507712128393646,1.4507712128393646,0.013741700000537094,0.009722499999043066,0.003989500000898261,18772.17324066162,1.1501467013286264,0.31,22.559072020774988,native
kroA100,100,EUC_2D,Interp_V3,21470.52078880164,21282.0,0.88582270839978,0.88582270839978,0.0072552000056020916,0.006114899995736778,0.00110599999607075,18772.17324066162,1.1437418839868387,0.31,42.72797438535588,native
kroA100,100,EUC_2D,GART_1.0,21751.217921470205,21282.0,2.204764220797879,2.204764220797879,0.0143305000019609,0.002633399999467656,0.011234400000830647,,,0.31,21.632183103002788,native
kroA100,100,EUC_2D,Fixed_Alpha,21325.1888013916,21282.0,0.20293582084202405,0.20293582084202405,0.0,0.0,0.0,18772.17324066162,1.136,0.31,,native
kroA100,100,EUC_2D,BHH,19048.74875615929,21282.0,-10.493615467722536,10.493615467722536,0.0018787000008160248,0.001875499998277519,0.0,18772.17324066162,,0.31,165.00771803127142,native
kroA100,100,EUC_2D,Cavdar,22313.36533728096,21282.0,4.846186153937413,4.846186153937413,0.0009320999961346388,0.0009295999989262782,0.0,18772.17324066162,,0.31,332.58234232974024,native
kroA100,100,EUC_2D,Chien,18309.41015625,21282.0,-13.96762466430664,13.96762466430664,0.00013480000052368268,0.00013380000018514693,0.0,18772.17324066162,,0.31,2299.7032551608695,native
kroA100,100,EUC_2D,Vinel,20535.428193052125,21282.0,-3.507996461553779,3.507996461553779,0.0007022999998298474,0.0007003000064287335,0.0,18772.17324066162,,0.31,441.4068063151168,native
kroA100,100,EUC_2D,Composite,22313.36533728096,21282.0,4.846186153937413,4.846186153937413,0.0019574000034481287,0.0019552999947336502,0.0,18772.17324066162,,0.31,158.3733521272649,native
kroA100,100,EUC_2D,MST_Ratio,20180.086194515934,21282.0,-5.17767975511731,5.17767975511731,0.0010125000044354238,0.0010104999964823946,0.0,18772.17324066162,,0.31,306.17283816493205,native
kroA100,100,EUC_2D,Hilbert,32312.767578125,21282.0,51.831443786621094,51.831443786621094,0.0009007999979075976,0.0008891999968909658,0.0,18772.17324066162,,0.31,344.13854431624816,native
kroA150,150,EUC_2D,LGBM_V3,26820.313581798626,26524.0,1.1171526986828,1.1171526986828,0.014014599997608457,0.010801900003571063,0.0031858000002102926,23557.397701263428,1.1385091817828503,,,native
kroA150,150,EUC_2D,Interp_V3,26829.54857182375,26524.0,1.1519701848278936,1.1519701848278936,0.0063998000041465275,0.005554300005314872,0.0008177000054274686,23557.397701263428,1.1389012025884688,,,native
kroA150,150,EUC_2D,GART_1.0,27238.01330267006,26524.0,2.6919518272887215,2.6919518272887215,0.004097700002603233,0.002705999999307096,0.0013771000012638979,,,,,native
kroA150,150,EUC_2D,Fixed_Alpha,26761.203788635252,26524.0,0.894298705456386,0.894298705456386,0.0,0.0,0.0,23557.397701263428,1.136,,,native
kroA150,150,EUC_2D,BHH,23799.96433890211,26524.0,-10.270078649894016,10.270078649894016,0.000658500001009088,0.0006567999953404069,0.0,23557.397701263428,,,,native
kroA150,150,EUC_2D,Cavdar,26637.408231829435,26524.0,0.42756836008684573,0.42756836008684573,0.0005568999986280687,0.0005548999979509972,0.0,23557.397701263428,,,,native
kroA150,150,EUC_2D,Chien,22130.001953125,26524.0,-16.56612205505371,16.56612205505371,0.00010509999992791563,0.00010409999958937988,0.0,23557.397701263428,,,,native
kroA150,150,EUC_2D,Vinel,25657.45734457723,26524.0,-3.267013479953139,3.267013479953139,0.0007396000000881031,0.0007375000059255399,0.0,23557.397701263428,,,,native
kroA150,150,EUC_2D,Composite,26637.408231829435,26524.0,0.42756836008684573,0.42756836008684573,0.0032637000040267594,0.0032615000018267892,0.0,23557.397701263428,,,,native
kroA150,150,EUC_2D,MST_Ratio,25324.20249605071,26524.0,-4.523441049424251,4.523441049424251,0.001808499997423496,0.0018063000024994835,0.0,23557.397701263428,,,,native
kroA150,150,EUC_2D,Hilbert,41674.97265625,26524.0,57.12174606323242,57.12174606323242,0.0013117999988025986,0.0013022999992244877,0.0,23557.397701263428,,,,native
kroA200,200,EUC_2D,LGBM_V3,29368.777857340916,29368.0,0.0026486561594795135,0.0026486561594795135,0.009950200001185294,0.007059099996695295,0.0028645999991567805,25932.58389854431,1.132504881589894,,,native
kroA200,200,EUC_2D,Interp_V3,29390.043296583608,29368.0,0.07505889602154735,0.07505889602154735,0.00866410000162432,0.007747900002868846,0.0008862000031513162,25932.58389854431,1.1333249093713864,,,native
kroA200,200,EUC_2D,GART_1.0,29685.279144568238,29368.0,1.08035666224543,1.08035666224543,0.008985499996924773,0.007182200002716854,0.001790000002074521,,,,,native
kroA200,200,EUC_2D,Fixed_Alpha,29459.415308746335,29368.0,0.31127522727572404,0.31127522727572404,0.0,0.0,0.0,25932.58389854431,1.136,,,native
kroA200,200,EUC_2D,BHH,27604.22684289926,29368.0,-6.005765312928149,6.005765312928149,0.0016459999969811179,0.0016439000028185546,0.0,25932.58389854431,,,,native
kroA200,200,EUC_2D,Cavdar,29760.75716602795,29368.0,1.337364362666678,1.337364362666678,0.0005851999958395027,0.0005831000016769394,0.0,25932.58389854431,,,,native
kroA200,200,EUC_2D,Chien,24968.36328125,29368.0,-14.981057167053223,14.981057167053223,0.00011610000365180895,0.00011499999527586624,0.0,25932.58389854431,,,,native
kroA200,200,EUC_2D,Vinel,29758.62747802728,29368.0,1.330112632890492,1.330112632890492,0.0005114000014145859,0.000509600002260413,0.0,25932.58389854431,,,,native
kroA200,200,EUC_2D,Composite,29760.75716602795,29368.0,1.337364362666678,1.337364362666678,0.005594399997789878,0.005592099994828459,0.0,25932.58389854431,,,,native
kroA200,200,EUC_2D,MST_Ratio,27877.527727551842,29368.0,-5.075157560774169,5.075157560774169,0.0030471999998553656,0.0030450999984168448,0.0,25932.58389854431,,,,native
kroA200,200,EUC_2D,Hilbert,44767.51171875,29368.0,52.436363220214844,52.436363220214844,0.0016895999942789786,0.001673099999607075,0.0,25932.58389854431,,,,native
kroB100,100,EUC_2D,LGBM_V3,22223.07548144034,22141.0,0.3706945550803523,0.3706945550803523,0.01019829999859212,0.007154400002036709,0.0030071000001044013,19256.9594707489,1.1540282626235432,0.58,56.87222380985745,native
kroB100,100,EUC_2D,Interp_V3,22131.251589153693,22141.0,-0.0440287739772675,0.0440287739772675,0.00524050000240095,0.004419400000188034,0.0007955999972182326,19256.9594707489,1.149259914202489,0.58,110.67646211893357,native
kroB100,100,EUC_2D,GART_1.0,22759.793625011425,22141.0,2.794786256318257,2.794786256318257,0.007576399999379646,0.0030060999997658655,0.004556199994112831,,,0.58,76.55350826876752,native
kroB100,100,EUC_2D,Fixed_Alpha,21875.90595877075,22141.0,-1.1972993145262236,1.1972993145262236,0.0,0.0,0.0,19256.9594707489,1.136,0.58,,native
kroB100,100,EUC_2D,BHH,19212.23600714774,22141.0,-13.227785523925109,13.227785523925109,0.0009081999960471876,0.000906300003407523,0.0,19256.9594707489,,0.58,638.6258561157985,native
kroB100,100,EUC_2D,Cavdar,22325.551507405875,22141.0,0.8335283293702853,0.8335283293702853,0.0009538999947835691,0.0009515999990981072,0.0,19256.9594707489,,0.58,608.0301951690402,native
kroB100,100,EUC_2D,Chien,18386.96484375,22141.0,-16.955129623413086,16.955129623413086,0.00012140000035287812,0.0001201999984914437,0.0,19256.9594707489,,0.58,4777.594714284113,native
kroB100,100,EUC_2D,Vinel,20711.674976824062,22141.0,-6.455557667566675,6.455557667566675,0.0008996000033221208,0.000897699996130541,0.0,19256.9594707489,,0.58,644.7309891708824,native
kroB100,100,EUC_2D,Composite,22325.551507405875,22141.0,0.8335283293702853,0.8335283293702853,0.004590999997162726,0.004588800002238713,0.0,19256.9594707489,,0.58,126.33413207546167,native
kroB100,100,EUC_2D,MST_Ratio,20701.231498913352,22141.0,-6.502725717386966,6.502725717386966,0.0009384000004502013,0.0009366000012960285,0.0,19256.9594707489,,0.58,618.0733159865116,native
kroB100,100,EUC_2D,Hilbert,31259.595703125,22141.0,41.184207916259766,41.184207916259766,0.0008650000017951243,0.0008597999985795468,0.0,19256.9594707489,,0.58,670.5202298223501,native
kroB150,150,EUC_2D,LGBM_V3,26147.884355904338,26130.0,0.06844376542035212,0.06844376542035212,0.02630930000304943,0.021306999995431397,0.004968100001860876,22804.216947555542,1.1466249604640433,,,native
kroB150,150,EUC_2D,Interp_V3,26130.44617098315,26130.0,0.0017075047192823452,0.0017075047192823452,0.0061155999937909655,0.005326800004695542,0.0007630000036442652,22804.216947555542,1.1458602692246425,,,native
kroB150,150,EUC_2D,GART_1.0,26725.437113723114,26130.0,2.2787490000884567,2.2787490000884567,0.00792619999992894,0.004129000000830274,0.0037771999996039085,,,,,native
kroB150,150,EUC_2D,Fixed_Alpha,25905.590452423094,26130.0,-0.8588195467925999,0.8588195467925999,0.0,0.0,0.0,22804.216947555542,1.136,,,native
kroB150,150,EUC_2D,BHH,23676.370172958443,26130.0,-9.390087359516102,9.390087359516102,0.002831300000252668,0.00282839999999851,0.0,22804.216947555542,,,,native
kroB150,150,EUC_2D,Cavdar,26285.321424422993,26130.0,0.5944180039150134,0.5944180039150134,0.0009149999968940392,0.0009121999974013306,0.0,22804.216947555542,,,,native
kroB150,150,EUC_2D,Chien,22115.7109375,26130.0,-15.36275863647461,15.36275863647461,0.00014280000323196873,0.00014139999984763563,0.0,22804.216947555542,,,,native
kroB150,150,EUC_2D,Vinel,25524.217143223024,26130.0,-2.3183423527630147,2.3183423527630147,0.0009031000008690171,0.0009011000001919456,0.0,22804.216947555542,,,,native
kroB150,150,EUC_2D,Composite,26285.321424422993,26130.0,0.5944180039150134,0.5944180039150134,0.0027049000054830685,0.0027028000040445477,0.0,22804.216947555542,,,,native
kroB150,150,EUC_2D,MST_Ratio,24514.533258514883,26130.0,-6.18242151352896,6.18242151352896,0.0017881000021588989,0.0017862000022432767,0.0,22804.216947555542,,,,native
kroB150,150,EUC_2D,Hilbert,38172.22265625,26130.0,46.085811614990234,46.085811614990234,0.0012343999987933785,0.0012273000029381365,0.0,22804.216947555542,,,,native
kroB200,200,EUC_2D,LGBM_V3,29523.921741618127,29437.0,0.29528057077191044,0.29528057077191044,0.01168350000079954,0.008650499999930616,0.0030074000023887493,26203.654383659363,1.1267100881940073,,,native
kroB200,200,EUC_2D,Interp_V3,29503.29019196003,29437.0,0.22519343669541703,0.22519343669541703,0.007283400002052076,0.006488200000603683,0.0007687000033911318,26203.654383659363,1.1259227342869522,,,native
kroB200,200,EUC_2D,GART_1.0,29757.993283470147,29437.0,1.090441564935784,1.090441564935784,0.007684500000323169,0.006113499999628402,0.0015430999992531724,,,,,native
kroB200,200,EUC_2D,Fixed_Alpha,29767.351379837033,29437.0,1.122231816547315,1.122231816547315,0.0,0.0,0.0,26203.654383659363,1.136,,,native
kroB200,200,EUC_2D,BHH,27522.679451879536,29437.0,-6.503110195062215,6.503110195062215,0.0023516000001109205,0.0023491999963880517,0.0,26203.654383659363,,,,native
kroB200,200,EUC_2D,Cavdar,29980.05287665975,29437.0,1.844796944864453,1.844796944864453,0.000855400001455564,0.0008533000000170432,0.0,26203.654383659363,,,,native
kroB200,200,EUC_2D,Chien,24971.357421875,29437.0,-15.17016887664795,15.17016887664795,0.00018060000002151355,0.00017920000391313806,0.0,26203.654383659363,,,,native
kroB200,200,EUC_2D,Vinel,29670.71563593976,29437.0,0.7939519514208633,0.7939519514208633,0.0008863999973982573,0.0008842999959597364,0.0,26203.654383659363,,,,native
kroB200,200,EUC_2D,Composite,29980.05287665975,29437.0,1.844796944864453,1.844796944864453,0.00394110000343062,0.00393890000123065,0.0,26203.654383659363,,,,native
kroB200,200,EUC_2D,MST_Ratio,28168.928408881973,29437.0,-4.3077473625642115,4.3077473625642115,0.0030125000048428774,0.0030107999991741963,0.0,26203.654383659363,,,,native
kroB200,200,EUC_2D,Hilbert,42675.70703125,29437.0,44.97301483154297,44.97301483154297,0.001721100001304876,0.0017070000030798838,0.0,26203.654383659363,,,,native
kroC100,100,EUC_2D,LGBM_V3,21217.73219724643,20749.0,2.2590592184993525,2.2590592184993525,0.012677499995334074,0.009731999998621177,0.0029192999936640263,18402.323852539062,1.15299200075315,,,native
kroC100,100,EUC_2D,Interp_V3,21062.07947754106,20749.0,1.5088894767991776,1.5088894767991776,0.005206900001212489,0.004408400003740098,0.0007713999948464334,18402.323852539062,1.1445336820672798,,,native
kroC100,100,EUC_2D,GART_1.0,21561.89250556526,20749.0,3.917743050582012,3.917743050582012,0.005187299997487571,0.0031615000043530017,0.0020110999976168387,,,,,native
kroC100,100,EUC_2D,Fixed_Alpha,20905.039896484373,20749.0,0.7520357438159596,0.7520357438159596,0.0,0.0,0.0,18402.323852539062,1.136,,,native
kroC100,100,EUC_2D,BHH,18738.042433312825,20749.0,-9.69182884325594,9.69182884325594,0.001524399995105341,0.0015225000024656765,0.0,18402.323852539062,,,,native
kroC100,100,EUC_2D,Cavdar,21906.71111473166,20749.0,5.579599569770402,5.579599569770402,0.002157199996872805,0.002154800000425894,0.0,18402.323852539062,,,,native
kroC100,100,EUC_2D,Chien,18324.32421875,20749.0,-11.685748100280762,11.685748100280762,0.00013169999874662608,0.00013049999688519165,0.0,18402.323852539062,,,,native
kroC100,100,EUC_2D,Vinel,20200.472471623034,20749.0,-2.6436335648800715,2.6436335648800715,0.002457399998093024,0.0024556000062148087,0.0,18402.323852539062,,,,native
kroC100,100,EUC_2D,Composite,21906.71111473166,20749.0,5.579599569770402,5.579599569770402,0.0014433000033022836,0.0014415999976336025,0.0,18402.323852539062,,,,native
kroC100,100,EUC_2D,MST_Ratio,19782.498094575363,20749.0,-4.6580649931304485,4.6580649931304485,0.0007673000000067987,0.0007659999973839149,0.0,18402.323852539062,,,,native
kroC100,100,EUC_2D,Hilbert,31449.166015625,20749.0,51.569549560546875,51.569549560546875,0.0006875000035506673,0.0006826999961049296,0.0,18402.323852539062,,,,native
kroD100,100,EUC_2D,LGBM_V3,21592.903401755033,21294.0,1.4036977634781298,1.4036977634781298,0.01855290000094101,0.011184399998455774,0.00734280000324361,18596.715627670288,1.1611138135395629,,,native
kroD100,100,EUC_2D,Interp_V3,21505.21222070494,21294.0,0.991886074504272,0.991886074504272,0.005028499996114988,0.0042204999990644865,0.0007815999997546896,18596.715627670288,1.1563984012696877,,,native
kroD100,100,EUC_2D,GART_1.0,21784.941351183552,21294.0,2.3055384201350235,2.3055384201350235,0.006359300001349766,0.0020806000029551797,0.004263099996023811,,,,,native
kroD100,100,EUC_2D,Fixed_Alpha,21125.868953033445,21294.0,-0.7895700524399127,0.7895700524399127,0.0,0.0,0.0,18596.715627670288,1.136,,,native
kroD100,100,EUC_2D,BHH,18971.034099804263,21294.0,-10.909016155704599,10.909016155704599,0.0009283999970648438,0.0009261000013793819,0.0,18596.715627670288,,,,native
kroD100,100,EUC_2D,Cavdar,22985.429968445766,21294.0,7.943223295039756,7.943223295039756,0.0027205000005778857,0.0027182999983779155,0.0,18596.715627670288,,,,native
kroD100,100,EUC_2D,Chien,18131.8671875,21294.0,-14.84987735748291,14.84987735748291,0.00012970000534551218,0.00012849999620812014,0.0,18596.715627670288,,,,native
kroD100,100,EUC_2D,Vinel,20451.648215398192,21294.0,-3.9558175288898636,3.9558175288898636,0.0006915000049048103,0.0006897999992361292,0.0,18596.715627670288,,,,native
kroD100,100,EUC_2D,Composite,22985.429968445766,21294.0,7.943223295039756,7.943223295039756,0.0017579999985173345,0.001755699995555915,0.0,18596.715627670288,,,,native
kroD100,100,EUC_2D,MST_Ratio,19991.469313092697,21294.0,-6.116890611943754,6.116890611943754,0.0009223999950336292,0.000920600003155414,0.0,18596.715627670288,,,,native
kroD100,100,EUC_2D,Hilbert,32376.943359375,21294.0,52.04726028442383,52.04726028442383,0.0008268000019597821,0.000821699999505654,0.0,18596.715627670288,,,,native
kroE100,100,EUC_2D,LGBM_V3,22393.275091345044,22068.0,1.4739672437241418,1.4739672437241418,0.022628400001849514,0.017537899999297224,0.005055900001025293,19224.395011901855,1.164836400702406,,,native
kroE100,100,EUC_2D,Interp_V3,22306.06126723152,22068.0,1.0787623129940107,1.0787623129940107,0.005491800002346281,0.004663600004278123,0.0008026999930734746,19224.395011901855,1.1602997781423965,,,native
kroE100,100,EUC_2D,GART_1.0,22931.063810794334,22068.0,3.9109289958053934,3.9109289958053934,0.004886899994744454,0.002044299995759502,0.0028190000011818483,,,,,native
kroE100,100,EUC_2D,Fixed_Alpha,21838.912733520505,22068.0,-1.0380970929830304,1.0380970929830304,0.0,0.0,0.0,19224.395011901855,1.136,,,native
kroE100,100,EUC_2D,BHH,19307.63231920538,22068.0,-12.508463298869954,12.508463298869954,0.0011013999974238686,0.001099200002499856,0.0,19224.395011901855,,,,native
kroE100,100,EUC_2D,Cavdar,22784.88152182134,22068.0,3.248511518131859,3.248511518131859,0.0015973000045050867,0.0015950000015436672,0.0,19224.395011901855,,,,native
kroE100,100,EUC_2D,Chien,18537.20703125,22068.0,-15.999606132507324,15.999606132507324,0.0001405000002705492,0.0001390999968862161,0.0,19224.395011901855,,,,native
kroE100,100,EUC_2D,Vinel,20814.51659341624,22068.0,-5.680095190247238,5.680095190247238,0.0018763999978546053,0.0018742000029305927,0.0,19224.395011901855,,,,native
kroE100,100,EUC_2D,Composite,22784.88152182134,22068.0,3.248511518131859,3.248511518131859,0.002437100003589876,0.0024341999960597605,0.0,19224.395011901855,,,,native
kroE100,100,EUC_2D,MST_Ratio,20666.224693577635,22068.0,-6.352072260387734,6.352072260387734,0.000942300001042895,0.0009405000018887222,0.0,19224.395011901855,,,,native
kroE100,100,EUC_2D,Hilbert,33316.8125,22068.0,50.97340774536133,50.97340774536133,0.0008869999946909957,0.0008811000006971881,0.0,19224.395011901855,,,,native
lin105,105,EUC_2D,LGBM_V3,15515.313488720745,14379.0,7.902590505047257,7.902590505047257,0.027774200003477745,0.022130699995614123,0.005604999998467974,13060.442657470703,1.1879622992598824,0.22,7.92102022641346,native
lin105,105,EUC_2D,Interp_V3,15928.929916399336,14379.0,10.779121749769361,10.779121749769361,0.006892899997183122,0.005968799996480811,0.0008961999992607161,13060.442657470703,1.2196317027040298,0.22,31.91690001159251,native
lin105,105,EUC_2D,GART_1.0,16573.990615432518,14379.0,15.265252211089214,15.265252211089214,0.004690399997343775,0.002011500000662636,0.0026588999971863814,,,0.22,46.90431522356055,native
lin105,105,EUC_2D,Fixed_Alpha,14836.662858886717,14379.0,3.18285596277013,3.18285596277013,0.0,0.0,0.0,13060.442657470703,1.136,0.22,,native
lin105,105,EUC_2D,BHH,13736.079271908837,14379.0,-4.471247848189465,4.471247848189465,0.0009235000034095719,0.0009213999946950935,0.0,13060.442657470703,,0.22,238.22414638631037,native
lin105,105,EUC_2D,Cavdar,17095.01300293978,14379.0,18.888747499407334,18.888747499407334,0.0008232000036514364,0.0008211999956984073,0.0,13060.442657470703,,0.22,267.249755860246,native
lin105,105,EUC_2D,Chien,12869.3623046875,14379.0,-10.498906135559082,10.498906135559082,0.00011999999696854502,0.0001188000023830682,0.0,13060.442657470703,,0.22,1833.33337964723,native
lin105,105,EUC_2D,Vinel,14808.125885494084,14379.0,2.984393111440881,2.984393111440881,0.0014286000005085953,0.001426700000592973,0.0,13060.442657470703,,0.22,153.9969200067744,native
lin105,105,EUC_2D,Composite,17095.01300293978,14379.0,18.888747499407334,18.888747499407334,0.003169199997500982,0.00316660000680713,0.0,13060.442657470703,,0.22,69.41814974551218,native
lin105,105,EUC_2D,MST_Ratio,14039.975842636266,14379.0,-2.357772844869143,2.357772844869143,0.0012055999977746978,0.0012036999978590757,0.0,13060.442657470703,,0.22,182.4817521616432,native
lin105,105,EUC_2D,Hilbert,23613.91796875,14379.0,64.22503662109375,64.22503662109375,0.0008185999977285974,0.0008126000029733405,0.0,13060.442657470703,,0.22,268.75152774302825,native
lin318,318,EUC_2D,LGBM_V3,43871.954122711846,42029.0,4.384958297156359,4.384958297156359,0.012459099998523016,0.008240100003604311,0.0041912999950000085,37918.86608886719,1.156995412781936,,,native
lin318,318,EUC_2D,Interp_V3,44109.54487841918,42029.0,4.9502602451145234,4.9502602451145234,0.012228999999933876,0.011201500004972331,0.0009969999955501407,37918.86608886719,1.1632611791461125,,,native
lin318,318,EUC_2D,GART_1.0,43416.986436935425,42029.0,3.302449349105202,3.302449349105202,0.012980100000277162,0.011269299997366033,0.0016976000042632222,,,,,native
lin318,318,EUC_2D,Fixed_Alpha,43075.83187695312,42029.0,2.4907370552549857,2.4907370552549857,0.0,0.0,0.0,37918.86608886719,1.136,,,native
lin318,318,EUC_2D,BHH,43980.70789070493,42029.0,4.643717173154082,4.643717173154082,0.0008201999953598715,0.0008175999973900616,0.0,37918.86608886719,,,,native
lin318,318,EUC_2D,Cavdar,46823.00142699604,42029.0,11.406413255123931,11.406413255123931,0.001218099998368416,0.0012152999988757074,0.0,37918.86608886719,,,,native
lin318,318,EUC_2D,Chien,38646.96484375,42029.0,-8.046908378601074,8.046908378601074,0.00021720000222558156,0.00021570000535575673,0.0,37918.86608886719,,,,native
lin318,318,EUC_2D,Vinel,47413.22804612772,42029.0,12.810745071564202,12.810745071564202,0.0009014999959617853,0.0008992000002763234,0.0,37918.86608886719,,,,native
lin318,318,EUC_2D,Composite,46823.00142699604,42029.0,11.406413255123931,11.406413255123931,0.009377999995194841,0.009374399996886496,0.0,37918.86608886719,,,,native
lin318,318,EUC_2D,MST_Ratio,40762.78105300598,42029.0,-3.012726800528255,3.012726800528255,0.007814199998392724,0.007810100003553089,0.0,37918.86608886719,,,,native
lin318,318,EUC_2D,Hilbert,58511.953125,42029.0,39.218048095703125,39.218048095703125,0.0026107000012416393,0.0025899000029312447,0.0,37918.86608886719,,,,native
linhp318,318,EUC_2D,LGBM_V3,43871.954122711846,41345.0,6.111873558379117,6.111873558379117,0.006540500005939975,5.000001692678779e-06,0.0065007000011974014,37918.86608886719,1.156995412781936,,,native
linhp318,318,EUC_2D,Interp_V3,44109.54487841918,41345.0,6.686527702065989,6.686527702065989,0.01172289999522036,0.01088770000205841,0.0008065000001806766,37918.86608886719,1.1632611791461125,,,native
linhp318,318,EUC_2D,GART_1.0,43416.986436935425,41345.0,5.011455888101162,5.011455888101162,0.009669999999459833,0.008160299999872223,0.0014901000031386502,,,,,native
linhp318,318,EUC_2D,Fixed_Alpha,43075.83187695312,41345.0,4.186314855370947,4.186314855370947,0.0,0.0,0.0,37918.86608886719,1.136,,,native
linhp318,318,EUC_2D,BHH,43980.70789070493,41345.0,6.374913268121729,6.374913268121729,0.0007441999987349845,0.00074230000609532,0.0,37918.86608886719,,,,native
linhp318,318,EUC_2D,Cavdar,46823.00142699604,41345.0,13.249489483603913,13.249489483603913,0.00353509999695234,0.003531700000166893,0.0,37918.86608886719,,,,native
linhp318,318,EUC_2D,Chien,38646.96484375,41345.0,-6.525662422180176,6.525662422180176,0.0002378999997745268,0.00023660000442760065,0.0,37918.86608886719,,,,native
linhp318,318,EUC_2D,Vinel,47413.22804612772,41345.0,14.677054168890358,14.677054168890358,0.00975520000065444,0.009752900004968978,0.0,37918.86608886719,,,,native
linhp318,318,EUC_2D,Composite,46823.00142699604,41345.0,13.249489483603913,13.249489483603913,0.00983490000362508,0.00983079999423353,0.0,37918.86608886719,,,,native
linhp318,318,EUC_2D,MST_Ratio,40762.78105300598,41345.0,-1.4081967517088412,1.4081967517088412,0.010028699995018542,0.01002590000280179,0.0,37918.86608886719,,,,native
linhp318,318,EUC_2D,Hilbert,58511.953125,41345.0,41.5212287902832,41.5212287902832,0.0027348000003257766,0.002707700004975777,0.0,37918.86608886719,,,,native
nrw1379,1379,EUC_2D,LGBM_V3,57984.90136575003,56638.0,2.3780877957379016,2.3780877957379016,0.02741490000335034,0.023240499998792075,0.004142999998293817,52013.19465613365,1.114811381017762,108.12,3943.8407576459076,native
nrw1379,1379,EUC_2D,Interp_V3,57444.35168134809,56638.0,1.4236937768778721,1.4236937768778721,0.2420161999980337,0.2410468999951263,0.0009314000053564087,52013.19465613365,1.104418831819898,108.12,446.7469533067557,native
nrw1379,1379,EUC_2D,GART_1.0,65978.99407767659,56638.0,16.492450435531953,16.492450435531953,0.2663047000023653,0.2639176000011503,0.0023632000011275522,,,108.12,406.00109573372043,native
nrw1379,1379,EUC_2D,Fixed_Alpha,59086.98912936782,56638.0,4.323932923775244,4.323932923775244,0.0,0.0,0.0,52013.19465613365,1.136,108.12,,native
nrw1379,1379,EUC_2D,BHH,52758.61599769475,56638.0,-6.849436777967526,6.849436777967526,0.0011475999999674968,0.001145300004282035,0.0,52013.19465613365,,108.12,94214.01185348751,native
nrw1379,1379,EUC_2D,Cavdar,54158.59705275406,56638.0,-4.377631532267977,4.377631532267977,0.0009770999968168326,0.0009748000011313707,0.0,52013.19465613365,,108.12,110653.97641206646,native
nrw1379,1379,EUC_2D,Chien,51593.6484375,56638.0,-8.906302452087402,8.906302452087402,0.00028920000477228314,0.00028780000138795003,0.0,52013.19465613365,,108.12,373858.9149925291,native
nrw1379,1379,EUC_2D,Vinel,56876.21713395503,56638.0,0.4205959496363453,0.4205959496363453,0.003473700002359692,0.0034717999951681122,0.0,52013.19465613365,,108.12,31125.313045615294,native
nrw1379,1379,EUC_2D,Composite,54158.59705275406,56638.0,-4.377631532267977,4.377631532267977,0.24673780000011902,0.24569979999796487,0.0,52013.19465613365,,108.12,438.1979575077181,native
nrw1379,1379,EUC_2D,MST_Ratio,55914.18440488446,56638.0,-1.2779681399688234,1.2779681399688234,0.23886640000273474,0.23785559999669204,0.0,52013.19465613365,,108.12,452.6379599590489,native
nrw1379,1379,EUC_2D,Hilbert,76740.984375,56638.0,35.49380874633789,35.49380874633789,0.008008700002392288,0.007969699996465351,0.0,52013.19465613365,,108.12,13500.318399703241,native
p654,654,EUC_2D,LGBM_V3,38193.620006173034,34643.0,10.249170124334018,10.249170124334018,0.01949909999530064,0.016623499999695923,0.002847499999916181,29456.392417907715,1.2966156705243244,,,native
p654,654,EUC_2D,Interp_V3,29456.392417907715,34643.0,-14.971589013919942,14.971589013919942,0.05140459999529412,0.048547899998084176,0.002821800000674557,29456.392417907715,1.0,,,native
p654,654,EUC_2D,GART_1.0,40943.17336043798,34643.0,18.185992438408846,18.185992438408846,0.03945160000148462,0.037708999996539205,0.0017278000013902783,,,,,native
p654,654,EUC_2D,Fixed_Alpha,33462.46178674316,34643.0,-3.407725119813068,3.407725119813068,0.0,0.0,0.0,29456.392417907715,1.136,,,native
p654,654,EUC_2D,BHH,82835.91487568083,34643.0,139.11299505147022,139.11299505147022,0.0010170000023208559,0.0010151000024052337,0.0,29456.392417907715,,,,native
p654,654,EUC_2D,Cavdar,68852.4362922825,34643.0,98.7484810561513,98.7484810561513,0.0007435000006807968,0.000741399999242276,0.0,29456.392417907715,,,,native
p654,654,EUC_2D,Chien,73517.8984375,34643.0,112.21573638916016,112.21573638916016,0.00024760000087553635,0.0002463999990141019,0.0,29456.392417907715,,,,native
p654,654,EUC_2D,Vinel,89300.9301298749,34643.0,157.77481779832837,157.77481779832837,0.0013737999979639426,0.001370999998471234,0.0,29456.392417907715,,,,native
p654,654,EUC_2D,Composite,58912.78492877296,34643.0,70.05682224049004,70.05682224049004,0.03612349999457365,0.03586879999784287,0.0,29456.392417907715,,,,native
p654,654,EUC_2D,MST_Ratio,31665.621899215465,34643.0,-8.594458045736616,8.594458045736616,0.031019200003356673,0.030800799999269657,0.0,29456.392417907715,,,,native
p654,654,EUC_2D,Hilbert,49248.25390625,34643.0,42.15932083129883,42.15932083129883,0.003862099998514168,0.00384180000401102,0.0,29456.392417907715,,,,native
pa561,561,EXPLICIT,LGBM_V3,2561.353205423243,2763.0,-7.298110552904713,7.298110552904713,0.029264800003147684,0.025836799999524374,0.0031314000007114373,2396.0,1.0690121892417541,,,hybrid
pa561,561,EXPLICIT,Fixed_Alpha,2721.8559999999998,2763.0,-1.4891060441549124,1.4891060441549124,0.0,0.0,0.0,2396.0,1.136,,,hybrid
pcb1173,1173,EUC_2D,LGBM_V3,58344.05459539046,56892.0,2.552300139545909,2.552300139545909,0.01825490000192076,0.015268399998603854,0.0029532000044127926,51459.86303579807,1.133777883450708,,,native
pcb1173,1173,EUC_2D,Interp_V3,57019.412439150205,56892.0,0.2239549306584486,0.2239549306584486,0.1683617000016966,0.16749419999541715,0.0008364000022993423,51459.86303579807,1.1080366148562157,,,native
pcb1173,1173,EUC_2D,GART_1.0,62441.34772502967,56892.0,9.754179366219628,9.754179366219628,0.1911603999978979,0.18914899999799673,0.0019905000008293428,,,,,native
pcb1173,1173,EUC_2D,Fixed_Alpha,58458.4044086666,56892.0,2.7532946788065167,2.7532946788065167,0.0,0.0,0.0,51459.86303579807,1.136,,,native
pcb1173,1173,EUC_2D,BHH,56251.31524298481,56892.0,-1.1261420885452922,1.1261420885452922,0.001275599999644328,0.001272399997105822,0.0,51459.86303579807,,,,native
pcb1173,1173,EUC_2D,Cavdar,55510.81885531236,56892.0,-2.427724714700904,2.427724714700904,0.0009617000032449141,0.0009594999937689863,0.0,51459.86303579807,,,,native
pcb1173,1173,EUC_2D,Chien,47381.71484375,56892.0,-16.71638298034668,16.71638298034668,0.0003651000006357208,0.000363799998012837,0.0,51459.86303579807,,,,native
pcb1173,1173,EUC_2D,Vinel,60641.50772966357,56892.0,6.590571134190347,6.590571134190347,0.0007687000033911318,0.000766799996199552,0.0,51459.86303579807,,,,native
pcb1173,1173,EUC_2D,Composite,55510.81885531236,56892.0,-2.427724714700904,2.427724714700904,0.17860449999716366,0.17783740000595571,0.0,51459.86303579807,,,,native
pcb1173,1173,EUC_2D,MST_Ratio,55319.352920088706,56892.0,-2.7642675242763377,2.7642675242763377,0.17355569999926956,0.17282990000239806,0.0,51459.86303579807,,,,native
pcb1173,1173,EUC_2D,Hilbert,81949.328125,56892.0,44.04367446899414,44.04367446899414,0.0069205000036163256,0.0068648000014945865,0.0,51459.86303579807,,,,native
pcb3038,3038,EUC_2D,LGBM_V3,143458.49016061466,137694.0,4.186449780393234,4.186449780393234,0.056045600002107676,0.052934799998183735,0.003073799998674076,127408.75633454323,1.1259704143405096,80828.87,1442198.3170304236,native
pcb3038,3038,EUC_2D,Interp_V3,137260.83518934535,137694.0,-0.3145851022227904,0.3145851022227904,1.3084625999981654,1.307550399993488,0.0008735000010346994,127408.75633454323,1.0773265444090283,80828.87,61773.924604427615,native
pcb3038,3038,EUC_2D,Fixed_Alpha,144736.34719604108,137694.0,5.1144909698614915,5.1144909698614915,0.0,0.0,0.0,127408.75633454323,1.136,80828.87,,native
pcb442,442,EUC_2D,LGBM_V3,53151.44931526239,50778.0,4.674168567612727,4.674168567612727,0.011864400003105402,0.007782199994835537,0.004040899999381509,46362.3904876709,1.1464346155618723,,,native
pcb442,442,EUC_2D,Interp_V3,52629.856122392914,50778.0,3.6469654621940872,3.6469654621940872,0.01942770000459859,0.018599100003484637,0.0007989000005181879,46362.3904876709,1.135184263986317,,,native
pcb442,442,EUC_2D,GART_1.0,52223.37222963646,50778.0,2.846453640624793,2.846453640624793,0.02017860000341898,0.018045999997411855,0.0021160000032978132,,,,,native
pcb442,442,EUC_2D,Fixed_Alpha,52667.675593994136,50778.0,3.721445496069432,3.721445496069432,0.0,0.0,0.0,46362.3904876709,1.136,,,native
pcb442,442,EUC_2D,BHH,48205.78977550062,50778.0,-5.065599717396077,5.065599717396077,0.0015552999975625426,0.0015524000045843422,0.0,46362.3904876709,,,,native
pcb442,442,EUC_2D,Cavdar,51552.82259949688,50778.0,1.5259021613629555,1.5259021613629555,0.000992599998426158,0.0009902999954647385,0.0,46362.3904876709,,,,native
pcb442,442,EUC_2D,Chien,43019.515625,50778.0,-15.279224395751953,15.279224395751953,0.00025180000375257805,0.0002506000018911436,0.0,46362.3904876709,,,,native
pcb442,442,EUC_2D,Vinel,51968.060847255016,50778.0,2.343654431555035,2.343654431555035,0.0011317999960738234,0.0011296000011498109,0.0,46362.3904876709,,,,native
pcb442,442,EUC_2D,Composite,51552.82259949688,50778.0,1.5259021613629555,1.5259021613629555,0.015786000003572553,0.015679199997975957,0.0,46362.3904876709,,,,native
pcb442,442,EUC_2D,MST_Ratio,49839.569821528414,50778.0,-1.8481038608680653,1.8481038608680653,0.015232199999445584,0.01512419999926351,0.0,46362.3904876709,,,,native
pcb442,442,EUC_2D,Hilbert,69677.59375,50778.0,37.22004318237305,37.22004318237305,0.002633899995998945,0.002615899997181259,0.0,46362.3904876709,,,,native
pla33810,33810,CEIL_2D,LGBM_V3,71979233.6390978,66048945.0,8.978627348397154,8.978627348397154,0.6251630999977351,0.6205683000007411,0.004524000003584661,63538339.93426514,1.1328472496065423,,,native
pla33810,33810,CEIL_2D,Interp_V3,63538339.93426514,66048945.0,-3.80112818718734,3.80112818718734,316.12738569999783,316.11312929999985,0.010712399998737965,63538339.93426514,1.0,,,native
pla33810,33810,CEIL_2D,Fixed_Alpha,72179554.1653252,66048945.0,9.281918379355181,9.281918379355181,0.0,0.0,0.0,63538339.93426514,1.136,,,native
pla7397,7397,CEIL_2D,LGBM_V3,24412039.595158085,23260728.0,4.949593990171267,4.949593990171267,0.4994979999974021,0.33526010000059614,0.16387119999853894,21758185.342895508,1.1219703854176937,428996.2,858854.6901133363,native
pla7397,7397,CEIL_2D,Interp_V3,21758185.357055664,23260728.0,-6.459568432012687,6.459568432012687,7.117453200000455,7.11585699999705,0.0015115999995032325,21758185.357055664,1.0,428996.2,60273.8350285145,native
pla7397,7397,CEIL_2D,Fixed_Alpha,24717298.549529295,23260728.0,6.261930192078663,6.261930192078663,0.0,0.0,0.0,21758185.342895508,1.136,428996.2,,native
pla85900,85900,CEIL_2D,LGBM_V3,157155640.64965686,142382641.0,10.375562319887619,10.375562319887619,2.58636700000352,2.5764890999998897,0.00972639999963576,139675280.59979248,1.125149990569558,,,native
pla85900,85900,CEIL_2D,Fixed_Alpha,158671118.76136425,142382641.0,11.439932316864562,11.439932316864562,0.0,0.0,0.0,139675280.59979248,1.136,,,native
pr1002,1002,EUC_2D,LGBM_V3,254897.86529039554,259045.0,-1.6009321583525884,1.6009321583525884,0.32092410000041127,0.10349990000395337,0.21497700000327313,224214.46759033203,1.1368484292285987,9.92,30.91073559133542,native
pr1002,1002,EUC_2D,Interp_V3,253729.0184019134,259045.0,-2.052145997060973,2.052145997060973,0.1346932000014931,0.12209620000066934,0.01214800000161631,224214.46759033203,1.131635353992893,9.92,73.64885532372855,native
pr1002,1002,EUC_2D,GART_1.0,265397.488590621,259045.0,2.4522722270728954,2.4522722270728954,0.3037432999990415,0.16783110000687884,0.1354938999938895,,,9.92,32.65915659713747,native
pr1002,1002,EUC_2D,Fixed_Alpha,254707.63518261717,259045.0,-1.6743673174092633,1.6743673174092633,0.0,0.0,0.0,224214.46759033203,1.136,9.92,,native
pr1002,1002,EUC_2D,BHH,274511.0897188877,259045.0,5.97042587924403,5.97042587924403,0.0025052999990293756,0.0022335999965434894,0.0,224214.46759033203,,9.92,3959.605637585634,native
pr1002,1002,EUC_2D,Cavdar,270452.564112006,259045.0,4.4036997865258884,4.4036997865258884,0.0025920999978552572,0.0025033999991137534,0.0,224214.46759033203,,9.92,3827.012849893121,native
pr1002,1002,EUC_2D,Chien,238522.15625,259045.0,-7.922501087188721,7.922501087188721,0.0007530000002589077,0.0007505000030505471,0.0,224214.46759033203,,9.92,13173.970779002866,native
pr1002,1002,EUC_2D,Vinel,295935.593632939,259045.0,14.240998140453968,14.240998140453968,0.0022940999988350086,0.0022815999982412905,0.0,224214.46759033203,,9.92,4324.135828881732,native
pr1002,1002,EUC_2D,Composite,270452.564112006,259045.0,4.4036997865258884,4.4036997865258884,0.11124790000030771,0.11074679999728687,0.0,224214.46759033203,,9.92,89.17022253878555,native
pr1002,1002,EUC_2D,MST_Ratio,241030.5533880647,259045.0,-6.954176537642224,6.954176537642224,0.1099573000028613,0.10682100000121864,0.0,224214.46759033203,,9.92,90.21683871595485,native
pr1002,1002,EUC_2D,Hilbert,380869.03125,259045.0,47.028133392333984,47.028133392333984,0.01158959999884246,0.011363799996615853,0.0,224214.46759033203,,9.92,855.9398081893064,native
pr107,107,EUC_2D,LGBM_V3,45028.79991629008,44303.0,1.63826358551358,1.63826358551358,0.057105700005195104,0.04128109999874141,0.015783000002556946,34757.4638671875,1.29551454295833,,,native
pr107,107,EUC_2D,Interp_V3,47325.88691885414,44303.0,6.823210434630032,6.823210434630032,0.030805900001723785,0.029842200005077757,0.0009368999963044189,34757.4638671875,1.3616035709536265,,,native
pr107,107,EUC_2D,GART_1.0,41044.48995456654,44303.0,-7.3550550649695525,7.3550550649695525,0.008068299997830763,0.0027475000024423935,0.005304199999955017,,,,,native
pr107,107,EUC_2D,Fixed_Alpha,39484.478953125,44303.0,-10.876286136096882,10.876286136096882,0.0,0.0,0.0,34757.4638671875,1.136,,,native
pr107,107,EUC_2D,BHH,55175.00057325963,44303.0,24.54010015858888,24.54010015858888,0.0010466999956406653,0.0010441999984323047,0.0,34757.4638671875,,,,native
pr107,107,EUC_2D,Cavdar,41536.159544632275,44303.0,-6.245266585485688,6.245266585485688,0.0008355000027222559,0.0008333000005222857,0.0,34757.4638671875,,,,native
pr107,107,EUC_2D,Chien,52881.359375,44303.0,19.362930297851562,19.362930297851562,0.00013169999874662608,0.00013050000416114926,0.0,34757.4638671875,,,,native
pr107,107,EUC_2D,Vinel,59481.19096050449,44303.0,34.25996199016882,34.25996199016882,0.00099709999631159,0.0009950000021490268,0.0,34757.4638671875,,,,native
pr107,107,EUC_2D,Composite,41536.159544632275,44303.0,-6.245266585485688,6.245266585485688,0.0022892999986652285,0.0022865999999339692,0.0,34757.4638671875,,,,native
pr107,107,EUC_2D,MST_Ratio,37364.273625418005,44303.0,-15.661978589671117,15.661978589671117,0.000999800002318807,0.0009979000024031848,0.0,34757.4638671875,,,,native
pr107,107,EUC_2D,Hilbert,53030.671875,44303.0,19.6999568939209,19.6999568939209,0.000887399997736793,0.0008823000025586225,0.0,34757.4638671875,,,,native
pr124,124,EUC_2D,LGBM_V3,62240.17582818365,59030.0,5.438210788046166,5.438210788046166,0.011963299999479204,0.007430099998600781,0.004493100001127459,50535.47311401367,1.2316135972005815,,,native
pr124,124,EUC_2D,Interp_V3,63461.154458504614,59030.0,7.5066143630435604,7.5066143630435604,0.005539700003282633,0.004444999998668209,0.0010553000029176474,50535.47311401367,1.2557744203824739,,,native
pr124,124,EUC_2D,GART_1.0,63036.107993092424,59030.0,6.7865627529941115,6.7865627529941115,0.005238300000200979,0.0028040999968652613,0.0024229000046034344,,,,,native
pr124,124,EUC_2D,Fixed_Alpha,57408.297457519526,59030.0,-2.7472514695586554,2.7472514695586554,0.0,0.0,0.0,50535.47311401367,1.136,,,native
pr124,124,EUC_2D,BHH,70681.73746451475,59030.0,19.738670954624343,19.738670954624343,0.0011113000000477768,0.001109500000893604,0.0,50535.47311401367,,,,native
pr124,124,EUC_2D,Cavdar,78792.2498450081,59030.0,33.47831584788769,33.47831584788769,0.0010772999958135188,0.0010750000001280569,0.0,50535.47311401367,,,,native
pr124,124,EUC_2D,Chien,67288.3046875,59030.0,13.990013122558594,13.990013122558594,0.00013130000297678635,0.00013000000035390258,0.0,50535.47311401367,,,,native
pr124,124,EUC_2D,Vinel,76198.16728347463,59030.0,29.083800243053748,29.083800243053748,0.0009867000044323504,0.00098489999800222,0.0,50535.47311401367,,,,native
pr124,124,EUC_2D,Composite,78792.2498450081,59030.0,33.47831584788769,33.47831584788769,0.0021000000051571988,0.00209760000143433,0.0,50535.47311401367,,,,native
pr124,124,EUC_2D,MST_Ratio,54325.63361542175,59030.0,-7.969450083988226,7.969450083988226,0.0012381999986246228,0.0012362999987090006,0.0,50535.47311401367,,,,native
pr124,124,EUC_2D,Hilbert,80335.859375,59030.0,36.0932731628418,36.0932731628418,0.00099229999614181,0.0009865000029094517,0.0,50535.47311401367,,,,native
pr136,136,EUC_2D,LGBM_V3,103845.38169555344,96772.0,7.30932676347853,7.30932676347853,0.012968299997737631,0.008766400002059527,0.0041756000064197,88966.17749023438,1.1672456277775036,,,native
pr136,136,EUC_2D,Interp_V3,102593.383391374,96772.0,6.0155658572458925,6.0155658572458925,0.005592999994405545,0.004784500000823755,0.0007816000070306472,88966.17749023438,1.153172883061492,,,native
pr136,136,EUC_2D,GART_1.0,112285.89232603328,96772.0,16.03138544830455,16.03138544830455,0.004987000000255648,0.0033500999998068437,0.0016238999960478395,,,,,native
pr136,136,EUC_2D,Fixed_Alpha,101065.57762890623,96772.0,4.436797450611989,4.436797450611989,0.0,0.0,0.0,88966.17749023438,1.136,,,native
pr136,136,EUC_2D,BHH,83623.02782391667,96772.0,-13.587579233748745,13.587579233748745,0.0009191999997710809,0.0009171000056085177,0.0,88966.17749023438,,,,native
pr136,136,EUC_2D,Cavdar,84857.36674168744,96772.0,-12.312066773769853,12.312066773769853,0.0011749999976018444,0.0011723999996320345,0.0,88966.17749023438,,,,native
pr136,136,EUC_2D,Chien,76540.515625,96772.0,-20.906341552734375,20.906341552734375,0.00013559999933931977,0.000134299996716436,0.0,88966.17749023438,,,,native
pr136,136,EUC_2D,Vinel,90149.47412797305,96772.0,-6.843431852216497,6.843431852216497,0.0008926000009523705,0.0008907000010367483,0.0,88966.17749023438,,,,native
pr136,136,EUC_2D,Composite,88966.17726056658,96772.0,-8.066199664606936,8.066199664606936,0.0025572000013198704,0.002553899998019915,0.0,88966.17749023438,,,,native
pr136,136,EUC_2D,MST_Ratio,95638.64055510907,96772.0,-1.1711646394524533,1.1711646394524533,0.0014458000005106442,0.0014431999952648766,0.0,88966.17749023438,,,,native
pr136,136,EUC_2D,Hilbert,126172.6328125,96772.0,30.3813419342041,30.3813419342041,0.0011486999937915243,0.0011401000010664575,0.0,88966.17749023438,,,,native
pr144,144,EUC_2D,LGBM_V3,63763.94071582468,58537.0,8.929293807036034,8.929293807036034,0.011960200004978105,0.007959199996548705,0.0039704000009805895,49464.45544433594,1.289086074900399,,,native
pr144,144,EUC_2D,Interp_V3,49464.45544433594,58537.0,-15.498820499280905,15.498820499280905,0.005670999998983461,0.004810900005395524,0.0008328000039909966,49464.45544433594,1.0,,,native
pr144,144,EUC_2D,GART_1.0,56377.53415483011,58537.0,-3.689061354647304,3.689061354647304,0.005180099993594922,0.0037357999972300604,0.001433299999916926,,,,,native
pr144,144,EUC_2D,Fixed_Alpha,56191.62138476562,58537.0,-4.006660087183119,4.006660087183119,0.0,0.0,0.0,49464.45544433594,1.136,,,native
pr144,144,EUC_2D,BHH,79383.09993076361,58537.0,35.61183513122232,35.61183513122232,0.0016419000021414831,0.0016391000026487745,0.0,49464.45544433594,,,,native
pr144,144,EUC_2D,Cavdar,86218.06193916041,58537.0,47.28814585503257,47.28814585503257,0.0008508999962941743,0.0008487000013701618,0.0,49464.45544433594,,,,native
pr144,144,EUC_2D,Chien,73392.0390625,58537.0,25.377178192138672,25.377178192138672,0.0001379000023007393,0.00013670000043930486,0.0,49464.45544433594,,,,native
pr144,144,EUC_2D,Vinel,85578.63664630329,58537.0,46.1958020505036,46.1958020505036,0.0010136999990209006,0.0010116000048583373,0.0,49464.45544433594,,,,native
pr144,144,EUC_2D,Composite,86218.06193916041,58537.0,47.28814585503257,47.28814585503257,0.002689199995074887,0.002686400002858136,0.0,49464.45544433594,,,,native
pr144,144,EUC_2D,MST_Ratio,53174.28913496809,58537.0,-9.161232835696932,9.161232835696932,0.0015024000022094697,0.0015005999957793392,0.0,49464.45544433594,,,,native
pr144,144,EUC_2D,Hilbert,77932.5390625,58537.0,33.133811950683594,33.133811950683594,0.0011841000014101155,0.001178099999378901,0.0,49464.45544433594,,,,native
pr152,152,EUC_2D,LGBM_V3,75419.80279625987,73682.0,2.358517407589196,2.358517407589196,0.00980830000480637,0.006537399996886961,0.0032341999976779334,59168.44659423828,1.27466254629717,,,native
pr152,152,EUC_2D,Interp_V3,59168.44659423828,73682.0,-19.6975562630788,19.6975562630788,0.005855499999597669,0.004950700000335928,0.0008745000013732351,59168.44659423828,1.0,,,native
pr152,152,EUC_2D,GART_1.0,71553.86772983456,73682.0,-2.8882661574949684,2.8882661574949684,0.004434599999513011,0.0027029999982914887,0.0017189000063808635,,,,,native
pr152,152,EUC_2D,Fixed_Alpha,67215.35533105468,73682.0,-8.776423914857515,8.776423914857515,0.0,0.0,0.0,59168.44659423828,1.136,,,native
pr152,152,EUC_2D,BHH,98502.38779152128,73682.0,33.68582257745621,33.68582257745621,0.0009333999987575226,0.000931500006117858,0.0,59168.44659423828,,,,native
pr152,152,EUC_2D,Cavdar,128019.33518657794,73682.0,73.7457386968024,73.7457386968024,0.0008843999967211857,0.0008818999995128252,0.0,59168.44659423828,,,,native
pr152,152,EUC_2D,Chien,89916.1328125,73682.0,22.032699584960938,22.032699584960938,0.0001362000039080158,0.0001351000028080307,0.0,59168.44659423828,,,,native
pr152,152,EUC_2D,Vinel,106190.10924184213,73682.0,44.119471840940975,44.119471840940975,0.0007785000052535906,0.0007764999973005615,0.0,59168.44659423828,,,,native
pr152,152,EUC_2D,Composite,118336.89296684178,73682.0,60.60488717304333,60.60488717304333,0.0026985000004060566,0.002695700000913348,0.0,59168.44659423828,,,,native
pr152,152,EUC_2D,MST_Ratio,63606.079969677456,73682.0,-13.674873144489217,13.674873144489217,0.00167199999850709,0.0016700999985914677,0.0,59168.44659423828,,,,native
pr152,152,EUC_2D,Hilbert,104225.96875,73682.0,41.453773498535156,41.453773498535156,0.0012185000014142133,0.0012122999978601001,0.0,59168.44659423828,,,,native
pr226,226,EUC_2D,LGBM_V3,86685.23576943722,80369.0,7.859044867345891,7.859044867345891,0.011362899997038767,0.008507900005497504,0.0028262000050744973,68639.95989990234,1.2628975293087337,,,native
pr226,226,EUC_2D,Interp_V3,68639.95989990234,80369.0,-14.593985367613952,14.593985367613952,0.0076792000036221,0.006307800002105068,0.001250699999218341,68639.95989990234,1.0,,,native
pr226,226,EUC_2D,GART_1.0,85598.55793282355,80369.0,6.50693418211443,6.50693418211443,0.006876999999803957,0.005469300005643163,0.0013982999953441322,,,,,native
pr226,226,EUC_2D,Fixed_Alpha,77974.99444628906,80369.0,-2.978767377609456,2.978767377609456,0.0,0.0,0.0,68639.95989990234,1.136,,,native
pr226,226,EUC_2D,BHH,128069.06856475065,80369.0,59.35132770689028,59.35132770689028,0.000686799998220522,0.0006850999998277985,0.0,68639.95989990234,,,,native
pr226,226,EUC_2D,Cavdar,139281.35532429046,80369.0,73.30233712537229,73.30233712537229,0.0008837999994284473,0.0008814000029815361,0.0,68639.95989990234,,,,native
pr226,226,EUC_2D,Chien,118104.7109375,80369.0,46.953067779541016,46.953067779541016,0.00017179999849759042,0.000170599996636156,0.0,68639.95989990234,,,,native
pr226,226,EUC_2D,Vinel,138064.35241118542,80369.0,71.78806805010069,71.78806805010069,0.0007486999966204166,0.0007467999967047945,0.0,68639.95989990234,,,,native
pr226,226,EUC_2D,Composite,137279.91954559585,80369.0,70.81202894847,70.81202894847,0.004891500000667293,0.004888000003120396,0.0,68639.95989990234,,,,native
pr226,226,EUC_2D,MST_Ratio,73787.95675575777,80369.0,-8.188534440197378,8.188534440197378,0.0033512999943923205,0.003349099999468308,0.0,68639.95989990234,,,,native
pr226,226,EUC_2D,Hilbert,116970.8046875,80369.0,45.54219055175781,45.54219055175781,0.0017146999962278642,0.0017060999962268397,0.0,68639.95989990234,,,,native
pr2392,2392,EUC_2D,LGBM_V3,384522.21763029386,378032.0,1.7168434498386014,1.7168434498386014,0.038829299999633804,0.035228300002927426,0.0035659999994095415,342309.2365779877,1.1233182647196518,35.04,902.4113234163494,native
pr2392,2392,EUC_2D,Interp_V3,374926.03880580346,378032.0,-0.8216133010423831,0.8216133010423831,0.6301431999963825,0.6289269999979297,0.0011709000027622096,342309.2365779877,1.0952846103537284,35.04,55.606408194520164,native
pr2392,2392,EUC_2D,Fixed_Alpha,388863.292752594,378032.0,2.8651788083003527,2.8651788083003527,0.0,0.0,0.0,342309.2365779877,1.136,35.04,,native
pr264,264,EUC_2D,LGBM_V3,50823.02301805602,49135.0,3.4354798372972777,3.4354798372972777,0.009277600001951214,0.006389499998476822,0.0028659000017796643,41142.24267578125,1.235300258631099,,,native
pr264,264,EUC_2D,Interp_V3,59912.74589104803,49135.0,21.934966706111787,21.934966706111787,0.008351999997103121,0.00752729999658186,0.0007936000038171187,41142.24267578125,1.4562343225474241,,,native
pr264,264,EUC_2D,GART_1.0,47628.33663848681,49135.0,-3.0663750107116856,3.0663750107116856,0.008417500001087319,0.006579699998837896,0.0018199999976786785,,,,,native
pr264,264,EUC_2D,Fixed_Alpha,46737.587679687495,49135.0,-4.879235413274663,4.879235413274663,0.0,0.0,0.0,41142.24267578125,1.136,,,native
pr264,264,EUC_2D,BHH,74733.57830720005,49135.0,52.09845997191421,52.09845997191421,0.0011831000010715798,0.001180699997348711,0.0,41142.24267578125,,,,native
pr264,264,EUC_2D,Cavdar,59070.19614296908,49135.0,20.220201776674624,20.220201776674624,0.0012168000030214898,0.0012142999985371716,0.0,41142.24267578125,,,,native
pr264,264,EUC_2D,Chien,68010.859375,49135.0,38.41632080078125,38.41632080078125,0.00019430000247666612,0.0001931000006152317,0.0,41142.24267578125,,,,native
pr264,264,EUC_2D,Vinel,80566.23826492089,49135.0,63.969142698526284,63.969142698526284,0.0010388000009697862,0.001036599998769816,0.0,41142.24267578125,,,,native
pr264,264,EUC_2D,Composite,59070.19614296908,49135.0,20.220201776674624,20.220201776674624,0.0054938000030233525,0.0054898000016692095,0.0,41142.24267578125,,,,native
pr264,264,EUC_2D,MST_Ratio,44227.91083279374,49135.0,-9.986952614645888,9.986952614645888,0.004263599999831058,0.004260900001099799,0.0,41142.24267578125,,,,native
pr264,264,EUC_2D,Hilbert,70294.75,49135.0,43.064517974853516,43.064517974853516,0.0020920999959344044,0.002081500002532266,0.0,41142.24267578125,,,,native
pr299,299,EUC_2D,LGBM_V3,48488.850820551575,48191.0,0.6180631664658867,0.6180631664658867,0.016306600002280902,0.013029499998083338,0.0032516999999643303,42493.23592066765,1.1410957478286046,5.33,326.86151615017604,native
pr299,299,EUC_2D,Interp_V3,48268.36115639945,48191.0,0.16053029901734575,0.16053029901734575,0.010687500005587935,0.009839099999226164,0.0008209000006900169,42493.23592066765,1.1359069299055882,5.33,498.71345003164646,native
pr299,299,EUC_2D,GART_1.0,47230.7022819248,48191.0,-1.992690996400155,1.992690996400155,0.012023399998724926,0.010022800001024734,0.0019868999952450395,,,5.33,443.302227370398,native
pr299,299,EUC_2D,Fixed_Alpha,48272.31600587844,48191.0,0.16873691327932913,0.16873691327932913,0.0,0.0,0.0,42493.23592066765,1.136,5.33,,native
pr299,299,EUC_2D,BHH,47095.27586491627,48191.0,-2.2737111391831015,2.2737111391831015,0.0011766000025090761,0.0011739999972633086,0.0,42493.23592066765,,5.33,4530.001690152882,native
pr299,299,EUC_2D,Cavdar,49557.42670092011,48191.0,2.835439606814772,2.835439606814772,0.0012237000046297908,0.0012210999993840232,0.0,42493.23592066765,,5.33,4355.642706410301,native
pr299,299,EUC_2D,Chien,41879.73828125,48191.0,-13.096348762512207,13.096348762512207,0.00021090000518597662,0.0002097000033245422,0.0,42493.23592066765,,5.33,25272.640440667034,native
pr299,299,EUC_2D,Vinel,50770.87572186369,48191.0,5.353438861745325,5.353438861745325,0.0011281999977654777,0.0011258000013185665,0.0,42493.23592066765,,5.33,4724.339665446412,native
pr299,299,EUC_2D,Composite,49557.42670092011,48191.0,2.835439606814772,2.835439606814772,0.007793899996613618,0.0077891000037197955,0.0,42493.23592066765,,5.33,683.86815359651,native
pr299,299,EUC_2D,MST_Ratio,45680.22879653357,48191.0,-5.210041716225912,5.210041716225912,0.006393999996362254,0.0063918000014382415,0.0,42493.23592066765,,5.33,833.5939948439792,native
pr299,299,EUC_2D,Hilbert,79665.09375,48191.0,65.31114196777344,65.31114196777344,0.0023938999947858974,0.002369699999690056,0.0,42493.23592066765,,5.33,2226.492339533464,native
pr439,439,EUC_2D,LGBM_V3,110090.68755594396,107217.0,2.6802536500218856,2.6802536500218856,0.017946500003745314,0.01487529999576509,0.0030413999993470497,92193.90399932861,1.194121116258898,73.62,4102.192627232943,native
pr439,439,EUC_2D,Interp_V3,109983.64270776347,107217.0,2.5804142139431923,2.5804142139431923,0.02160639999783598,0.02062630000000354,0.0009444000024814159,92193.90399932861,1.1929600324611962,73.62,3407.3237562654363,native
pr439,439,EUC_2D,GART_1.0,110433.75124421774,107217.0,3.000225005566038,3.000225005566038,0.02182639999955427,0.019833600003039464,0.0019633999982033856,,,73.62,3372.9795111197195,native
pr439,439,EUC_2D,Fixed_Alpha,104732.2749432373,107217.0,-2.3174730283096014,2.3174730283096014,0.0,0.0,0.0,92193.90399932861,1.136,73.62,,native
pr439,439,EUC_2D,BHH,143855.35773536767,107217.0,34.17215342284122,34.17215342284122,0.001571900000271853,0.0015681000004406087,0.0,92193.90399932861,,73.62,46835.04038887191,native
pr439,439,EUC_2D,Cavdar,151256.54898822855,107217.0,41.07515504838649,41.07515504838649,0.0019343000021763146,0.0019308000046294183,0.0,92193.90399932861,,73.62,38060.28016190294,native
pr439,439,EUC_2D,Chien,133401.515625,107217.0,24.421981811523438,24.421981811523438,0.00026419999630888924,0.0002629000009619631,0.0,92193.90399932861,,73.62,278652.5398506336,native
pr439,439,EUC_2D,Vinel,155082.69896232788,107217.0,44.64375888369184,44.64375888369184,0.0009961999967345037,0.000994300004094839,0.0,92193.90399932861,,73.62,73900.82337012936,native
pr439,439,EUC_2D,Composite,151256.54898822855,107217.0,41.07515504838649,41.07515504838649,0.021590399999695364,0.021509500002139248,0.0,92193.90399932861,,73.62,3409.848821746645,native
pr439,439,EUC_2D,MST_Ratio,99108.44678310209,107217.0,-7.562749579728878,7.562749579728878,0.020309600004111417,0.02021709999826271,0.0,92193.90399932861,,73.62,3624.88675232878,native
pr439,439,EUC_2D,Hilbert,170758.375,107217.0,59.2642707824707,59.2642707824707,0.004097800003364682,0.0040829999998095445,0.0,92193.90399932861,,73.62,17965.737698167555,native
pr76,76,EUC_2D,LGBM_V3,103119.0101790099,108159.0,-4.659796984985161,4.659796984985161,0.00889449999522185,0.005775500001618639,0.0030917000040062703,87217.7998046875,1.1823161144850136,,,native
pr76,76,EUC_2D,Interp_V3,103969.87522480627,108159.0,-3.873117147157179,3.873117147157179,0.005123800001456402,0.004307499999413267,0.0007907000035629608,87217.7998046875,1.1920717497762243,,,native
pr76,76,EUC_2D,GART_1.0,114711.46284912738,108159.0,6.058176248973619,6.058176248973619,0.003927400000975467,0.0018711000011535361,0.002038799997535534,,,,,native
pr76,76,EUC_2D,Fixed_Alpha,99079.42057812499,108159.0,-8.39465917942567,8.39465917942567,0.0,0.0,0.0,87217.7998046875,1.136,,,native
pr76,76,EUC_2D,BHH,92834.87741476478,108159.0,-14.168143737678069,14.168143737678069,0.0009229000061168335,0.0009210999996867031,0.0,87217.7998046875,,,,native
pr76,76,EUC_2D,Cavdar,115775.06997682824,108159.0,7.041549918941777,7.041549918941777,0.0013294000018504448,0.0013270999988890253,0.0,87217.7998046875,,,,native
pr76,76,EUC_2D,Chien,85032.796875,108159.0,-21.381671905517578,21.381671905517578,0.00012419999984558672,0.00012290000449866056,0.0,87217.7998046875,,,,native
pr76,76,EUC_2D,Vinel,100080.27211473799,108159.0,-7.469307117541773,7.469307117541773,0.0009990000035031699,0.0009971999970730394,0.0,87217.7998046875,,,,native
pr76,76,EUC_2D,Composite,100080.27211473799,108159.0,-7.469307117541773,7.469307117541773,0.0014224999977159314,0.0014204999970388599,0.0,87217.7998046875,,,,native
pr76,76,EUC_2D,MST_Ratio,93759.13426265014,108159.0,-13.313608425882133,13.313608425882133,0.0006425000028684735,0.0006408999979612418,0.0,87217.7998046875,,,,native
pr76,76,EUC_2D,Hilbert,152749.65625,108159.0,41.226951599121094,41.226951599121094,0.0006676999983028509,0.0006635000027017668,0.0,87217.7998046875,,,,native
rat195,195,EUC_2D,LGBM_V3,2424.5883367641686,2323.0,4.373152680334422,4.373152680334422,0.013066100000287406,0.009275600001274142,0.003746100002899766,2164.793313026428,1.1200091584607406,,,native
rat195,195,EUC_2D,Interp_V3,2360.9152058060363,2323.0,1.6321655534238606,1.6321655534238606,0.008145699997839984,0.007097900001099333,0.0010146999993594363,2164.793313026428,1.0905961283229508,,,native
rat195,195,EUC_2D,GART_1.0,2573.0174732205655,2323.0,10.762697943201271,10.762697943201271,0.01518989999749465,0.0045953999942867085,0.010577200002444442,,,,,native
rat195,195,EUC_2D,Fixed_Alpha,2459.2052035980223,2323.0,5.8633320532941156,5.8633320532941156,0.0,0.0,0.0,2164.793313026428,1.136,,,native
rat195,195,EUC_2D,BHH,1864.218564397104,2323.0,-19.749523702234008,19.749523702234008,0.0013325999971129932,0.0013300999999046326,0.0,2164.793313026428,,,,native
rat195,195,EUC_2D,Cavdar,2063.2200121402307,2323.0,-11.182952555306471,11.182952555306471,0.0012979999955859967,0.0012956999999005347,0.0,2164.793313026428,,,,native
rat195,195,EUC_2D,Chien,1678.318115234375,2323.0,-27.752124786376953,27.752124786376953,0.0001596000001882203,0.00015850000636419281,0.0,2164.793313026428,,,,native
rat195,195,EUC_2D,Vinel,2009.713443931746,2323.0,-13.486291694716055,13.486291694716055,0.0008445999992545694,0.0008425999985774979,0.0,2164.793313026428,,,,native
rat195,195,EUC_2D,Composite,2164.793315492813,2323.0,-6.810447030012365,6.810447030012365,0.004326900001615286,0.004322900000261143,0.0,2164.793313026428,,,,native
rat195,195,EUC_2D,MST_Ratio,2327.1528141547738,2323.0,0.178769442736709,0.178769442736709,0.003218000005290378,0.003215600001567509,0.0,2164.793313026428,,,,native
rat195,195,EUC_2D,Hilbert,3430.575439453125,2323.0,47.67866897583008,47.67866897583008,0.0015944999977364205,0.001579600000695791,0.0,2164.793313026428,,,,native
rat575,575,EUC_2D,LGBM_V3,6910.935450894979,6773.0,2.0365488099066753,2.0365488099066753,0.017375600000377744,0.013890700000047218,0.00345509999897331,6262.426677942276,1.1035555075218528,363.07,20895.393539912686,native
rat575,575,EUC_2D,Interp_V3,6854.231621300431,6773.0,1.1993447704182867,1.1993447704182867,0.035122599998430815,0.0343016999977408,0.0007922000004327856,6262.426677942276,1.0945008977817863,363.07,10337.218771281767,native
rat575,575,EUC_2D,GART_1.0,7427.562467247287,6773.0,9.664291558353563,9.664291558353563,0.04039470000134315,0.037440399995830376,0.0029348000025493093,,,363.07,8988.060314544424,native
rat575,575,EUC_2D,Fixed_Alpha,7114.116706142425,6773.0,5.036419697954006,5.036419697954006,0.0,0.0,0.0,6262.426677942276,1.136,363.07,,native
rat575,575,EUC_2D,BHH,5721.332145946956,6773.0,-15.527356475019102,15.527356475019102,0.001329899998381734,0.0013269000046420842,0.0,6262.426677942276,,363.07,273005.48946672346,native
rat575,575,EUC_2D,Cavdar,5985.6802736751415,6773.0,-11.624386923443947,11.624386923443947,0.0010386999929323792,0.001036299996485468,0.0,6262.426677942276,,363.07,349542.6999811642,native
rat575,575,EUC_2D,Chien,4901.74072265625,6773.0,-27.628219604492188,27.628219604492188,0.0003051000021514483,0.00030390000029001385,0.0,6262.426677942276,,363.07,1190003.26922245,native
rat575,575,EUC_2D,Vinel,6167.859472329116,6773.0,-8.934601028656191,8.934601028656191,0.0011402000018279068,0.001138400002673734,0.0,6262.426677942276,,363.07,318426.5913155112,native
rat575,575,EUC_2D,Composite,6262.426671888267,6773.0,-7.538363031326336,7.538363031326336,0.03628040000330657,0.03618079999432666,0.0,6262.426677942276,,363.07,10007.331781537967,native
rat575,575,EUC_2D,MST_Ratio,6732.108672279887,6773.0,-0.6037402586758115,0.6037402586758115,0.03453730000182986,0.03445470000588102,0.0,6262.426677942276,,363.07,10512.40253235672,native
rat575,575,EUC_2D,Hilbert,10098.98046875,6773.0,49.1064567565918,49.1064567565918,0.004502000003412832,0.004450399996130727,0.0,6262.426677942276,,363.07,80646.37932580353,native
rat783,783,EUC_2D,LGBM_V3,8997.338852618801,8806.0,2.172823672709527,2.172823672709527,0.019064200001594145,0.014722100000653882,0.004309800002374686,8153.251415848732,1.1035277086058313,,,native
rat783,783,EUC_2D,Interp_V3,8957.020967855085,8806.0,1.7149780587677206,1.7149780587677206,0.06616639999992913,0.0650339999992866,0.00109379999776138,8153.251415848732,1.0985827016745666,,,native
rat783,783,EUC_2D,GART_1.0,9716.441189822857,8806.0,10.338873379773531,10.338873379773531,0.08308669999678386,0.07669119999627583,0.0063595000028726645,,,,,native
rat783,783,EUC_2D,Fixed_Alpha,9262.093608404159,8806.0,5.179350538316587,5.179350538316587,0.0,0.0,0.0,8153.251415848732,1.136,,,native
rat783,783,EUC_2D,BHH,7788.922409677179,8806.0,-11.549825009343873,11.549825009343873,0.0022401000023819506,0.0022371000013663433,0.0,8153.251415848732,,,,native
rat783,783,EUC_2D,Cavdar,8057.958341290643,8806.0,-8.494681566083997,8.494681566083997,0.001068700003088452,0.001066299999365583,0.0,8153.251415848732,,,,native
rat783,783,EUC_2D,Chien,6616.841796875,8806.0,-24.859848022460938,24.859848022460938,0.0003980000037699938,0.000396399998862762,0.0,8153.251415848732,,,,native
rat783,783,EUC_2D,Vinel,8396.816971690165,8806.0,-4.646638976945664,4.646638976945664,0.0020692000034614466,0.0020670000012614764,0.0,8153.251415848732,,,,native
rat783,783,EUC_2D,Composite,8153.251408718371,8806.0,-7.412543621185887,7.412543621185887,0.08298659999854863,0.08282999999937601,0.0,8153.251415848732,,,,native
rat783,783,EUC_2D,MST_Ratio,8764.745264372248,8806.0,-0.46848439277483384,0.46848439277483384,0.06310210000083316,0.06295739999768557,0.0,8153.251415848732,,,,native
rat783,783,EUC_2D,Hilbert,12763.4677734375,8806.0,44.940582275390625,44.940582275390625,0.0058690000005299225,0.005834900002810173,0.0,8153.251415848732,,,,native
rat99,99,EUC_2D,LGBM_V3,1269.6354750233147,1211.0,4.841905451966532,4.841905451966532,0.010852899999008514,0.007718599998042919,0.00310429999808548,1114.7301754951477,1.1389621479111394,,,native
rat99,99,EUC_2D,Interp_V3,1241.0283252911909,1211.0,2.4796304947308725,2.4796304947308725,0.005870400003914256,0.00477849999879254,0.0010551999948802404,1114.7301754951477,1.113299301097634,,,native
rat99,99,EUC_2D,GART_1.0,1293.893453543324,1211.0,6.845041580786465,6.845041580786465,0.004125700004806276,0.0020934999993187375,0.0020156000027782284,,,,,native
rat99,99,EUC_2D,Fixed_Alpha,1266.3334793624877,1211.0,4.569238593103853,4.569238593103853,0.0,0.0,0.0,1114.7301754951477,1.136,,,native
rat99,99,EUC_2D,BHH,931.0787287275765,1211.0,-23.114886149663377,23.114886149663377,0.0009652999942773022,0.0009630999993532896,0.0,1114.7301754951477,,,,native
rat99,99,EUC_2D,Cavdar,1117.4598909100584,1211.0,-7.7242038885170565,7.7242038885170565,0.0008291999984066933,0.0008268000019597821,0.0,1114.7301754951477,,,,native
rat99,99,EUC_2D,Chien,891.9898681640625,1211.0,-26.342700958251953,26.342700958251953,0.0001244000013684854,0.00012319999950705096,0.0,1114.7301754951477,,,,native
rat99,99,EUC_2D,Vinel,1003.7457378758826,1211.0,-17.11430735954727,17.11430735954727,0.0006266000054893084,0.000625100001343526,0.0,1114.7301754951477,,,,native
rat99,99,EUC_2D,Composite,1114.7301753975212,1211.0,-7.949613922582892,7.949613922582892,0.002057300000160467,0.0020545000006677583,0.0,1114.7301754951477,,,,native
rat99,99,EUC_2D,MST_Ratio,1198.3349385523352,1211.0,-1.0458349667766154,1.0458349667766154,0.0009812999996938743,0.0009795999940251932,0.0,1114.7301754951477,,,,native
rat99,99,EUC_2D,Hilbert,1774.0364990234375,1211.0,46.4935188293457,46.4935188293457,0.0008488999956171028,0.0008431000023847446,0.0,1114.7301754951477,,,,native
rd100,100,EUC_2D,LGBM_V3,8039.784462067046,7910.0,1.6407643750574685,1.6407643750574685,0.011228000003029592,0.007544500003859866,0.003658299996459391,6963.274551391602,1.154598228567665,,,native
rd100,100,EUC_2D,Interp_V3,8066.323622995111,7910.0,1.9762784196600607,1.9762784196600607,0.005073599997558631,0.004278300002624746,0.0007698999979766086,6963.274513244629,1.1584095395998544,,,native
rd100,100,EUC_2D,GART_1.0,8046.70966747593,7910.0,1.7283143802266694,1.7283143802266694,0.007319100004679058,0.0018396000014035963,0.0054642999966745265,,,,,native
rd100,100,EUC_2D,Fixed_Alpha,7910.279890380859,7910.0,0.0035384371789998425,0.0035384371789998425,0.0,0.0,0.0,6963.274551391602,1.136,,,native
rd100,100,EUC_2D,BHH,6835.11717366915,7910.0,-13.588910573082803,13.588910573082803,0.0011445999989518896,0.001142400004027877,0.0,6963.274551391602,,,,native
rd100,100,EUC_2D,Cavdar,8163.7094992261855,7910.0,3.2074525818733943,3.2074525818733943,0.0007583999977214262,0.0007564000043203123,0.0,6963.274551391602,,,,native
rd100,100,EUC_2D,Chien,6395.95703125,7910.0,-19.140872955322266,19.140872955322266,0.00012140000035287812,0.0001201999984914437,0.0,6963.274551391602,,,,native
rd100,100,EUC_2D,Vinel,7368.57101260234,7910.0,-6.844867097315556,6.844867097315556,0.0006541000038851053,0.0006522999974549748,0.0,6963.274551391602,,,,native
rd100,100,EUC_2D,Composite,8163.7094992261855,7910.0,3.2074525818733943,3.2074525818733943,0.0017346999957226217,0.0017318000027444214,0.0,6963.274551391602,,,,native
rd100,100,EUC_2D,MST_Ratio,7485.520115568705,7910.0,-5.36637022037036,5.36637022037036,0.0009398999973200262,0.0009381999989273027,0.0,6963.274551391602,,,,native
rd100,100,EUC_2D,Hilbert,10890.0732421875,7910.0,37.67475891113281,37.67475891113281,0.0008412999959546141,0.0008342999935848638,0.0,6963.274551391602,,,,native
rd400,400,EUC_2D,LGBM_V3,15271.77315466945,15281.0,-0.060381161773114464,0.060381161773114464,0.013412200001766905,0.010236099995381664,0.0031457000004593283,13631.74139893055,1.1203097761132386,25.72,1917.657058246349,native
rd400,400,EUC_2D,Interp_V3,15262.482000207683,15281.0,-0.1211831672817022,0.1211831672817022,0.01963110000360757,0.0187828999987687,0.0008201000018743798,13631.741459727287,1.1196281887606325,25.72,1310.1660118522896,native
rd400,400,EUC_2D,GART_1.0,16828.396579706565,15281.0,10.126278252120704,10.126278252120704,0.02091880000079982,0.017976000002818182,0.0029257999995024875,,,25.72,1229.5160333774695,native
rd400,400,EUC_2D,Fixed_Alpha,15485.658229185103,15281.0,1.3392986662201607,1.3392986662201607,0.0,0.0,0.0,13631.74139893055,1.136,25.72,,native
rd400,400,EUC_2D,BHH,14028.848451361118,15281.0,-8.194172820096078,8.194172820096078,0.0011426999990362674,0.0011405000041122548,0.0,13631.74139893055,,25.72,22508.094882026588,native
rd400,400,EUC_2D,Cavdar,14832.899759150905,15281.0,-2.932401288195111,2.932401288195111,0.0009265999979106709,0.0009241000007023104,0.0,13631.74139893055,,25.72,27757.392680762277,native
rd400,400,EUC_2D,Chien,12119.5908203125,15281.0,-20.688495635986328,20.688495635986328,0.00022650000028079376,0.00022529999841935933,0.0,13631.74139893055,,25.72,113554.08374443586,native
rd400,400,EUC_2D,Vinel,15123.744540490368,15281.0,-1.0290914175095327,1.0290914175095327,0.0011169999997946434,0.0011146999968332238,0.0,13631.74139893055,,25.72,23025.96240351704,native
rd400,400,EUC_2D,Composite,14832.899759150905,15281.0,-2.932401288195111,2.932401288195111,0.015952100002323277,0.01590549999673385,0.0,13631.74139893055,,25.72,1612.3269034330349,native
rd400,400,EUC_2D,MST_Ratio,14654.122035553082,15281.0,-4.102336001877611,4.102336001877611,0.014998999999079388,0.014953600002627354,0.0,13631.74139893055,,25.72,1714.7809855042767,native
rd400,400,EUC_2D,Hilbert,21153.9765625,15281.0,38.43319320678711,38.43319320678711,0.0031468000015593134,0.0031244999991031364,0.0,13631.74139893055,,25.72,8173.382479742956,native
rl11849,11849,EUC_2D,LGBM_V3,966691.0572393369,923288.0,4.7009229232197205,4.7009229232197205,0.22428149999905145,0.2195346000007703,0.0046934999991208315,856273.150352478,1.1289517332657297,,,native
rl11849,11849,EUC_2D,Interp_V3,856273.150352478,923288.0,-7.258282317924849,7.258282317924849,31.796183099999325,31.793760599997768,0.0023348999966401607,856273.150352478,1.0,,,native
rl11849,11849,EUC_2D,Fixed_Alpha,972726.298800415,923288.0,5.354591286837369,5.354591286837369,0.0,0.0,0.0,856273.150352478,1.136,,,native
rl1304,1304,EUC_2D,LGBM_V3,256584.73611294798,252948.0,1.437740607930477,1.437740607930477,0.026224199995340314,0.019574499994632788,0.00651569999899948,222839.06024169922,1.151435191993033,103.01,3928.0511900574083,native
rl1304,1304,EUC_2D,Interp_V3,248120.72704959763,252948.0,-1.908405265272852,1.908405265272852,0.22835269999632146,0.22709169999870937,0.0012208999978611246,222839.06024169922,1.113452582237948,103.01,451.10042492013184,native
rl1304,1304,EUC_2D,GART_1.0,259930.11846328198,252948.0,2.7602979518644064,2.7602979518644064,0.21810220000043046,0.21475069999723928,0.0033273000008193776,,,103.01,472.3015173611119,native
rl1304,1304,EUC_2D,Fixed_Alpha,253145.1724345703,252948.0,0.07794978990555249,0.07794978990555249,0.0,0.0,0.0,222839.06024169922,1.136,103.01,,native
rl1304,1304,EUC_2D,BHH,357174.42580342974,252948.0,41.2046846796297,41.2046846796297,0.004020000000309665,0.004017400002339855,0.0,222839.06024169922,,103.01,25624.378107478864,native
rl1304,1304,EUC_2D,Cavdar,359196.44756010943,252948.0,42.004067065210805,42.004067065210805,0.002947699998912867,0.002943500003311783,0.0,222839.06024169922,,103.01,34945.89002883293,native
rl1304,1304,EUC_2D,Chien,298967.5625,252948.0,18.193288803100586,18.193288803100586,0.0014119999977992848,0.0014093999998294748,0.0,222839.06024169922,,103.01,72953.25790407178,native
rl1304,1304,EUC_2D,Vinel,385050.47588017135,252948.0,52.225151367147134,52.225151367147134,0.0021825000003445894,0.0021789000020362437,0.0,222839.06024169922,,103.01,47198.16723195236,native
rl1304,1304,EUC_2D,Composite,359196.44756010943,252948.0,42.004067065210805,42.004067065210805,0.21437429999787128,0.21400089999951888,0.0,222839.06024169922,,103.01,480.5146885658537,native
rl1304,1304,EUC_2D,MST_Ratio,239551.98952315896,252948.0,-5.295954297658427,5.295954297658427,0.18866919999709353,0.1883315000013681,0.0,222839.06024169922,,103.01,545.9820680937158,native
rl1304,1304,EUC_2D,Hilbert,432994.84375,252948.0,71.17938995361328,71.17938995361328,0.009648300001572352,0.009611399997083936,0.0,222839.06024169922,,103.01,10676.492230052218,native
rl1323,1323,EUC_2D,LGBM_V3,276502.1039390221,270199.0,2.3327636072014006,2.3327636072014006,0.029433999996399507,0.026351000000431668,0.0030471999998553656,239974.93703460693,1.1522124241630598,3742.25,127140.38188685765,native
rl1323,1323,EUC_2D,Interp_V3,266063.721408056,270199.0,-1.5304566604406462,1.5304566604406462,0.22708100000454579,0.2260138999990886,0.0010239999974146485,239974.93703460693,1.108714621184323,3742.25,16479.80236094207,native
rl1323,1323,EUC_2D,GART_1.0,285575.8778040336,270199.0,5.690945489818088,5.690945489818088,0.2367752999998629,0.23196050000115065,0.004786700003023725,,,3742.25,15805.069194304333,native
rl1323,1323,EUC_2D,Fixed_Alpha,272611.5284713135,270199.0,0.8928709844645891,0.8928709844645891,0.0,0.0,0.0,239974.93703460693,1.136,3742.25,,native
rl1323,1323,EUC_2D,BHH,365524.97673199483,270199.0,35.27991470434562,35.27991470434562,0.0027468999978736974,0.002742900003795512,0.0,239974.93703460693,,3742.25,1362353.9272986918,native
rl1323,1323,EUC_2D,Cavdar,370065.139075795,270199.0,36.960217867495814,36.960217867495814,0.0016845999998622574,0.0016818000003695488,0.0,239974.93703460693,,3742.25,2221447.2280102028,native
rl1323,1323,EUC_2D,Chien,314873.4375,270199.0,16.533903121948242,16.533903121948242,0.0005930000043008476,0.0005916000009165145,0.0,239974.93703460693,,3742.25,6310708.217299503,native
rl1323,1323,EUC_2D,Vinel,394052.75425347005,270199.0,45.83797654819968,45.83797654819968,0.0011426999990362674,0.0011401999945519492,0.0,239974.93703460693,,3742.25,3274919.054131571,native
rl1323,1323,EUC_2D,Composite,370065.139075795,270199.0,36.960217867495814,36.960217867495814,0.1994191000048886,0.19883149999805028,0.0,239974.93703460693,,3742.25,18765.75513533188,native
rl1323,1323,EUC_2D,MST_Ratio,257973.05744037015,270199.0,-4.524791934696225,4.524791934696225,0.21089760000177193,0.21048689999588532,0.0,239974.93703460693,,3742.25,17744.3934874961,native
rl1323,1323,EUC_2D,Hilbert,438881.9375,270199.0,62.42914962768555,62.42914962768555,0.00807659999554744,0.00804259999858914,0.0,239974.93703460693,,3742.25,463344.72452059906,native
rl1889,1889,EUC_2D,LGBM_V3,319111.1282034253,316536.0,0.8135340698768303,0.8135340698768303,0.0383873999962816,0.03399600000557257,0.004357500001788139,278257.54444122314,1.146819321087022,10023.02,261101.81989326916,native
rl1889,1889,EUC_2D,Interp_V3,307372.74288824643,316536.0,-2.894854648998398,2.894854648998398,0.4906993999975384,0.4897943000032683,0.0008705999935045838,278257.54444122314,1.1046339947601074,10023.02,20425.987885964973,native
rl1889,1889,EUC_2D,GART_1.0,323695.0952803994,316536.0,2.261700179568634,2.261700179568634,0.5593713999987813,0.5563028999968083,0.003038499999092892,,,10023.02,17918.363362913868,native
rl1889,1889,EUC_2D,Fixed_Alpha,316100.5704852295,316536.0,-0.13756081923399313,0.13756081923399313,0.0,0.0,0.0,278257.54444122314,1.136,10023.02,,native
rl1889,1889,EUC_2D,BHH,433646.62211671757,316536.0,36.997568086005245,36.997568086005245,0.004000200002337806,0.003994899998360779,0.0,278257.54444122314,,10023.02,2505629.7170497286,native
rl1889,1889,EUC_2D,Cavdar,429627.8666032575,316536.0,35.727963518606884,35.727963518606884,0.00392439999995986,0.0039193000047816895,0.0,278257.54444122314,,10023.02,2554026.0931868614,native
rl1889,1889,EUC_2D,Chien,361204.25,316536.0,14.11158561706543,14.11158561706543,0.0020853000023635104,0.002081999999063555,0.0,278257.54444122314,,10023.02,4806512.246985929,native
rl1889,1889,EUC_2D,Vinel,467491.02440432215,316536.0,47.68968597705226,47.68968597705226,0.004713499998615589,0.004708699998445809,0.0,278257.54444122314,,10023.02,2126449.5603996776,native
rl1889,1889,EUC_2D,Composite,429627.8666032575,316536.0,35.727963518606884,35.727963518606884,0.48040970000147354,0.47881780000170693,0.0,278257.54444122314,,10023.02,20863.48381385567,native
rl1889,1889,EUC_2D,MST_Ratio,299126.8603988649,316536.0,-5.499892461247726,5.499892461247726,0.4815487999949255,0.48079219999635825,0.0,278257.54444122314,,10023.02,20814.131402893378,native
rl1889,1889,EUC_2D,Hilbert,521629.09375,316536.0,64.79297637939453,64.79297637939453,0.01239289999648463,0.012342599999101367,0.0,278257.54444122314,,10023.02,808771.1514531006,native
rl5915,5915,EUC_2D,LGBM_V3,593931.9261358925,565530.0,5.022178511465795,5.022178511465795,0.08187970000290079,0.07888279999315273,0.002959799996460788,521841.73585128784,1.13814569692668,2319671.71,28330241.927093282,native
rl5915,5915,EUC_2D,Interp_V3,521841.73585128784,565530.0,-7.725189494582454,7.725189494582454,5.885252799998852,5.88372750000417,0.0014566000027116388,521841.73585128784,1.0,2319671.71,394149.88426673063,native
rl5915,5915,EUC_2D,Fixed_Alpha,592812.211927063,565530.0,4.824184734154324,4.824184734154324,0.0,0.0,0.0,521841.73585128784,1.136,2319671.71,,native
rl5934,5934,EUC_2D,LGBM_V3,586353.096343605,556045.0,5.450655314516804,5.450655314516804,0.10985649999929592,0.10532480000256328,0.004487600002903491,513954.2479133606,1.140866329491743,588936.85,5360964.9861753695,native
rl5934,5934,EUC_2D,Interp_V3,513954.2479133606,556045.0,-7.569666499409114,7.569666499409114,6.203206799997133,6.20199280000088,0.0011654999980237335,513954.2479133606,1.0,588936.85,94940.70873153418,native
rl5934,5934,EUC_2D,Fixed_Alpha,583852.0256295776,556045.0,5.000858856671236,5.000858856671236,0.0,0.0,0.0,513954.2479133606,1.136,588936.85,,native
si1032,1032,EXPLICIT,LGBM_V3,97973.2661641385,92650.0,5.745565206841344,5.745565206841344,0.07783010000275681,0.06505769999785116,0.005531799994059838,92070.0,1.0641171517773271,,,hybrid
si1032,1032,EXPLICIT,Fixed_Alpha,104591.51999999999,92650.0,12.888850512682126,12.888850512682126,0.0,0.0,0.0,92070.0,1.136,,,hybrid
si175,175,EXPLICIT,LGBM_V3,21818.02286777174,21407.0,1.9200395560879089,1.9200395560879089,0.008053699995798524,0.0034225999988848343,0.004585800001223106,20762.0,1.0508632534327973,,,hybrid
si175,175,EXPLICIT,Fixed_Alpha,23585.631999999998,21407.0,10.1771943756715,10.1771943756715,0.0,0.0,0.0,20762.0,1.136,,,hybrid
si535,535,EXPLICIT,LGBM_V3,50143.37436463624,48450.0,3.4950967278353806,3.4950967278353806,0.022285399994871113,0.01832000000285916,0.0037541999990935437,47552.0,1.0544955914501228,,,hybrid
si535,535,EXPLICIT,Fixed_Alpha,54019.07199999999,48450.0,11.494472652218768,11.494472652218768,0.0,0.0,0.0,47552.0,1.136,,,hybrid
st70,70,EUC_2D,LGBM_V3,663.4796445086644,675.0,-1.7067193320497238,1.7067193320497238,0.006104899999627378,0.002530300000216812,0.0035473000025376678,566.2069413661957,1.1717970869586307,,,native
st70,70,EUC_2D,Interp_V3,661.6275986574045,675.0,-1.9810964951993304,1.9810964951993304,0.004760999996506143,0.0039479000042774715,0.0007877999960328452,566.2069413661957,1.1685261170782704,,,native
st70,70,EUC_2D,GART_1.0,679.311102691136,675.0,0.6386818801683047,0.6386818801683047,0.0049438999994890764,0.0015408999970532022,0.003389700003026519,,,,,native
st70,70,EUC_2D,Fixed_Alpha,643.2110853919983,675.0,-4.709468830815071,4.709468830815071,0.0,0.0,0.0,566.2069413661957,1.136,,,native
st70,70,EUC_2D,BHH,548.548,675.0,-18.73362962962963,18.73362962962963,0.0008369999995920807,0.0008352000004379079,0.0,566.2069413661957,,,,native
st70,70,EUC_2D,Cavdar,669.4098963137308,675.0,-0.8281635090769232,0.8281635090769232,0.0007474000012734905,0.000745099998312071,0.0,566.2069413661957,,,,native
st70,70,EUC_2D,Chien,534.252685546875,675.0,-20.85145378112793,20.85145378112793,0.00011219999578315765,0.00011119999544462189,0.0,566.2069413661957,,,,native
st70,70,EUC_2D,Vinel,591.3599999999999,675.0,-12.391111111111126,12.391111111111126,0.0006197999973664992,0.0006180000054882839,0.0,566.2069413661957,,,,native
st70,70,EUC_2D,Composite,591.3599999999999,675.0,-12.391111111111126,12.391111111111126,0.001541899997391738,0.0015395000009448268,0.0,566.2069413661957,,,,native
st70,70,EUC_2D,MST_Ratio,608.6724635189506,675.0,-9.826301700896204,9.826301700896204,0.0006678000063402578,0.0006657999983872287,0.0,566.2069413661957,,,,native
st70,70,EUC_2D,Hilbert,879.4734497070312,675.0,30.292362213134766,30.292362213134766,0.0006495000052382238,0.0006447999985539354,0.0,566.2069413661957,,,,native
swiss42,42,EXPLICIT,LGBM_V3,1248.2697696365744,1273.0,-1.9426732414317016,1.9426732414317016,0.008657200000016019,0.003572800000256393,0.005060300005425233,1079.0,1.1568765242229606,,,hybrid
swiss42,42,EXPLICIT,Fixed_Alpha,1225.744,1273.0,-3.7121759622938013,3.7121759622938013,0.0,0.0,0.0,1079.0,1.136,,,hybrid
ts225,225,EUC_2D,LGBM_V3,127778.15460070562,126643.0,0.8963421592236577,0.8963421592236577,0.008640700005344115,0.004965300002368167,0.00363919999654172,112000.0,1.140876380363443,,,native
ts225,225,EUC_2D,Interp_V3,120940.39403748314,126643.0,-4.502898669896367,4.502898669896367,0.0077595999973709695,0.006940700004633982,0.0007912000000942498,112000.0,1.0798249467632424,,,native
ts225,225,EUC_2D,GART_1.0,140823.63205863233,126643.0,11.197327968093244,11.197327968093244,0.005576100003963802,0.003741400003491435,0.0018195000011473894,,,,,native
ts225,225,EUC_2D,Fixed_Alpha,127231.99999999999,126643.0,0.4650868978151066,0.4650868978151066,0.0,0.0,0.0,112000.0,1.136,,,native
ts225,225,EUC_2D,BHH,128232.0,126643.0,1.254708116516507,1.254708116516507,0.0010619000022416003,0.0010594999985187314,0.0,112000.0,,,,native
ts225,225,EUC_2D,Cavdar,151355.3460673211,126643.0,19.51339281864857,19.51339281864857,0.0008816999979899265,0.0008793000015430152,0.0,112000.0,,,,native
ts225,225,EUC_2D,Chien,112944.84375,126643.0,-10.816354751586914,10.816354751586914,0.00017139999545179307,0.00017010000010486692,0.0,112000.0,,,,native
ts225,225,EUC_2D,Vinel,138240.0,126643.0,9.157237273280007,9.157237273280007,0.0007441999987349845,0.0007423999995808117,0.0,112000.0,,,,native
ts225,225,EUC_2D,Composite,151355.3460673211,126643.0,19.51339281864857,19.51339281864857,0.00388329999987036,0.0038799999965704046,0.0,112000.0,,,,native
ts225,225,EUC_2D,MST_Ratio,120400.0,126643.0,-4.929605268352772,4.929605268352772,0.002842499998223502,0.0028400999945006333,0.0,112000.0,,,,native
ts225,225,EUC_2D,Hilbert,169756.515625,126643.0,34.0433464050293,34.0433464050293,0.001707100003841333,0.0016982999950414523,0.0,112000.0,,,,native
tsp225,225,EUC_2D,LGBM_V3,3936.2860109753183,3916.0,0.5180288808814677,0.5180288808814677,0.01170270000147866,0.00772539999888977,0.003947299999708775,3515.7002458572388,1.119630723812043,,,native
tsp225,225,EUC_2D,Interp_V3,3904.6793780566027,3916.0,-0.28908636219094297,0.28908636219094297,0.009538899998005945,0.008508000006258953,0.0009996000007959083,3515.7002458572388,1.1106405850890506,,,native
tsp225,225,EUC_2D,GART_1.0,4476.608337374448,3916.0,14.315841097406734,14.315841097406734,0.00761209999473067,0.00558189999719616,0.0020007999992230907,,,,,native
tsp225,225,EUC_2D,Fixed_Alpha,3993.835479293823,3916.0,1.987627152549107,1.987627152549107,0.0,0.0,0.0,3515.7002458572388,1.136,,,native
tsp225,225,EUC_2D,BHH,3429.9853925108114,3916.0,-12.41099610544404,12.41099610544404,0.0010542000018176623,0.0010514999958104454,0.0,3515.7002458572388,,,,native
tsp225,225,EUC_2D,Cavdar,3813.5408328983567,3916.0,-2.616424083290176,2.616424083290176,0.0008424999978160486,0.0008403999963775277,0.0,3515.7002458572388,,,,native
tsp225,225,EUC_2D,Chien,3015.866455078125,3916.0,-22.986045837402344,22.986045837402344,0.0001616000008652918,0.0001604999997653067,0.0,3515.7002458572388,,,,native
tsp225,225,EUC_2D,Vinel,3697.682174969544,3916.0,-5.575021068193459,5.575021068193459,0.0008775000023888424,0.0008750999986659735,0.0,3515.7002458572388,,,,native
tsp225,225,EUC_2D,Composite,3813.5408328983567,3916.0,-2.616424083290176,2.616424083290176,0.004821100003027823,0.004817700006242376,0.0,3515.7002458572388,,,,native
tsp225,225,EUC_2D,MST_Ratio,3779.3777687444735,3916.0,-3.4888210228683976,3.4888210228683976,0.0037791000067954883,0.0037768999973195605,0.0,3515.7002458572388,,,,native
tsp225,225,EUC_2D,Hilbert,5551.7861328125,3916.0,41.7718620300293,41.7718620300293,0.001730900003167335,0.0017216999985976145,0.0,3515.7002458572388,,,,native
u1060,1060,EUC_2D,LGBM_V3,223032.4371366509,224094.0,-0.47371320220492275,0.47371320220492275,0.02591819999361178,0.02204110000457149,0.0038432000001193956,195451.82550811768,1.141112069722714,,,native
u1060,1060,EUC_2D,Interp_V3,221849.8742851345,224094.0,-1.0014215975731224,1.0014215975731224,0.12273170000116806,0.1215312000058475,0.001155900004960131,195451.8255996704,1.1350616634276585,,,native
u1060,1060,EUC_2D,GART_1.0,238071.3674798986,224094.0,6.23727876690076,6.23727876690076,0.13826649999828078,0.13585590000002412,0.0023863000023993663,,,,,native
u1060,1060,EUC_2D,Fixed_Alpha,222033.27377722165,224094.0,-0.9195811680715907,0.9195811680715907,0.0,0.0,0.0,195451.82550811768,1.136,,,native
u1060,1060,EUC_2D,BHH,256807.79035773553,224094.0,14.598244646324993,14.598244646324993,0.0017655999981798232,0.0017619999998714775,0.0,195451.82550811768,,,,native
u1060,1060,EUC_2D,Cavdar,260298.48462853272,224094.0,16.155936628616885,16.155936628616885,0.0013978000060888007,0.0013942000005044974,0.0,195451.82550811768,,,,native
u1060,1060,EUC_2D,Chien,231768.984375,224094.0,3.4248952865600586,3.4248952865600586,0.0005189000003156252,0.0005175000042072497,0.0,195451.82550811768,,,,native
u1060,1060,EUC_2D,Vinel,276850.62183427974,224094.0,23.542184009513747,23.542184009513747,0.001070900005288422,0.0010686999958124943,0.0,195451.82550811768,,,,native
u1060,1060,EUC_2D,Composite,260298.48462853272,224094.0,16.155936628616885,16.155936628616885,0.12003510000067763,0.11978079999971669,0.0,195451.82550811768,,,,native
u1060,1060,EUC_2D,MST_Ratio,210110.7122251828,224094.0,-6.239920647057576,6.239920647057576,0.12486120000539813,0.12462550000054762,0.0,195451.82550811768,,,,native
u1060,1060,EUC_2D,Hilbert,365125.78125,224094.0,62.934207916259766,62.934207916259766,0.012882100003480446,0.012791100001777522,0.0,195451.82550811768,,,,native
u1432,1432,EUC_2D,LGBM_V3,163961.18344359886,152970.0,7.185188889062467,7.185188889062467,0.028953399996680673,0.025925599999027327,0.0029960000028950162,145978.58444213867,1.1231865555497829,,,native
u1432,1432,EUC_2D,Interp_V3,160237.12573568354,152970.0,4.75068689003304,4.75068689003304,0.17908819999865955,0.17427850000240142,0.004721699995570816,145978.58444213867,1.0976755689749582,,,native
u1432,1432,EUC_2D,GART_1.0,163037.88878183445,152970.0,6.581609977011474,6.581609977011474,0.18224860000191256,0.17984699999942677,0.002380300000368152,,,,,native
u1432,1432,EUC_2D,Fixed_Alpha,165831.6719262695,152970.0,8.407970142034065,8.407970142034065,0.0,0.0,0.0,145978.58444213867,1.136,,,native
u1432,1432,EUC_2D,BHH,136879.0165707279,152970.0,-10.519045191391847,10.519045191391847,0.0017586999965715222,0.0017558000035933219,0.0,145978.58444213867,,,,native
u1432,1432,EUC_2D,Cavdar,133993.09614305064,152970.0,-12.405637613224394,12.405637613224394,0.001422099994670134,0.0014195999974617735,0.0,145978.58444213867,,,,native
u1432,1432,EUC_2D,Chien,114004.5703125,152970.0,-25.472597122192383,25.472597122192383,0.0006836999964434654,0.0006820000053266995,0.0,145978.58444213867,,,,native
u1432,1432,EUC_2D,Vinel,147561.8819852878,152970.0,-3.535410874493173,3.535410874493173,0.004007499999715947,0.004004899994470179,0.0,145978.58444213867,,,,native
u1432,1432,EUC_2D,Composite,145978.58444539842,152970.0,-4.570448816501002,4.570448816501002,0.18166850000125123,0.1812086999998428,0.0,145978.58444213867,,,,native
u1432,1432,EUC_2D,MST_Ratio,156926.9782788033,152970.0,2.5867675222614173,2.5867675222614173,0.16684570000506938,0.1664117999971495,0.0,145978.58444213867,,,,native
u1432,1432,EUC_2D,Hilbert,194660.53125,152970.0,27.254056930541992,27.254056930541992,0.011387500002456363,0.01129199999559205,0.0,145978.58444213867,,,,native
u159,159,EUC_2D,LGBM_V3,43189.12348956417,42080.0,2.635749737557434,2.635749737557434,0.010392399999545887,0.00716880000254605,0.003178000006300863,37154.55729675293,1.1624179274863442,,,native
u159,159,EUC_2D,Interp_V3,42806.7413252518,42080.0,1.727046875598388,1.727046875598388,0.005822099999932107,0.0050037999972119,0.0007913000008556992,37154.55729675293,1.1521262649788815,,,native
u159,159,EUC_2D,GART_1.0,45175.840632984204,42080.0,7.357035724772347,7.357035724772347,0.0043077000009361655,0.0028437000000849366,0.001448700000764802,,,,,native
u159,159,EUC_2D,Fixed_Alpha,42207.57708911133,42080.0,0.303177493135285,0.303177493135285,0.0,0.0,0.0,37154.55729675293,1.136,,,native
u159,159,EUC_2D,BHH,43281.9497967178,42080.0,2.856344573949152,2.856344573949152,0.0011125000019092113,0.0011101999989477918,0.0,37154.55729675293,,,,native
u159,159,EUC_2D,Cavdar,49401.0308559193,42080.0,17.397887015017346,17.397887015017346,0.0009047999992617406,0.0009025000035762787,0.0,37154.55729675293,,,,native
u159,159,EUC_2D,Chien,38976.76953125,42080.0,-7.374597549438477,7.374597549438477,0.0001840999975684099,0.00018289999570697546,0.0,37154.55729675293,,,,native
u159,159,EUC_2D,Vinel,46659.93464890409,42080.0,10.883875116216945,10.883875116216945,0.0016681999986758456,0.0016659000029903837,0.0,37154.55729675293,,,,native
u159,159,EUC_2D,Composite,49401.0308559193,42080.0,17.397887015017346,17.397887015017346,0.002728600004047621,0.0027251999999862164,0.0,37154.55729675293,,,,native
u159,159,EUC_2D,MST_Ratio,39941.14918823782,42080.0,-5.082820370157277,5.082820370157277,0.0017774000007193536,0.0017755000008037314,0.0,37154.55729675293,,,,native
u159,159,EUC_2D,Hilbert,61268.7578125,42080.0,45.60066223144531,45.60066223144531,0.0012782999983755872,0.0012715999982901849,0.0,37154.55729675293,,,,native
u1817,1817,EUC_2D,LGBM_V3,62253.19693176237,57201.0,8.832357706617671,8.832357706617671,0.031914599996525794,0.028798599996662233,0.003087600001890678,54905.35760116577,1.1338273649717672,449230.55,14076020.067583581,native
u1817,1817,EUC_2D,Interp_V3,60146.149448956116,57201.0,5.148772659492169,5.148772659492169,0.3472736000039731,0.34616830000595655,0.0010667000024113804,54905.35762786865,1.095451373918879,449230.55,1293592.5736792558,native
u1817,1817,EUC_2D,GART_1.0,73641.69454406439,57201.0,28.741970497131852,28.741970497131852,0.3972834999949555,0.39456609999615466,0.002684900005988311,,,449230.55,1130755.6191125584,native
u1817,1817,EUC_2D,Fixed_Alpha,62372.48623492431,57201.0,9.040901793542616,9.040901793542616,0.0,0.0,0.0,54905.35760116577,1.136,449230.55,,native
u1817,1817,EUC_2D,BHH,63322.0938003839,57201.0,10.701025856862461,10.701025856862461,0.005088099998829421,0.005084900003566872,0.0,54905.35760116577,,449230.55,88290432.59828834,native
u1817,1817,EUC_2D,Cavdar,63759.16335033808,57201.0,11.465120103386445,11.465120103386445,0.0020327999955043197,0.0020300999967730604,0.0,54905.35760116577,,449230.55,220991022.7240776,native
u1817,1817,EUC_2D,Chien,52940.1328125,57201.0,-7.448938369750977,7.448938369750977,0.0013765999974566512,0.0013729999991483055,0.0,54905.35760116577,,449230.55,326333394.47187245,native
u1817,1817,EUC_2D,Vinel,68264.1325641421,57201.0,19.340802720480585,19.340802720480585,0.003928500002075452,0.0039259000041056424,0.0,54905.35760116577,,449230.55,114351673.6063812,native
u1817,1817,EUC_2D,Composite,63759.16335033808,57201.0,11.465120103386445,11.465120103386445,0.4172416000001249,0.41623860000254354,0.0,54905.35760116577,,449230.55,1076667.6908531305,native
u1817,1817,EUC_2D,MST_Ratio,59023.25942790172,57201.0,3.185712536322304,3.185712536322304,0.3612942999970983,0.36061399999744026,0.0,54905.35760116577,,449230.55,1243392.298200132,native
u1817,1817,EUC_2D,Hilbert,87845.9375,57201.0,53.574127197265625,53.574127197265625,0.010532500004046597,0.010486600003787316,0.0,54905.35760116577,,449230.55,42651844.27509188,native
u2152,2152,EUC_2D,LGBM_V3,70213.5523598849,64253.0,9.276691142646873,9.276691142646873,0.048286800003552344,0.04317080000328133,0.005077099995105527,62239.73108291626,1.1281146486051787,,,native
u2152,2152,EUC_2D,Interp_V3,68487.99884228555,64253.0,6.591130129776903,6.591130129776903,0.5186751000001095,0.5174757999993744,0.0011558999976841733,62239.73108291626,1.1003903399107766,,,native
u2152,2152,EUC_2D,Fixed_Alpha,70704.33451019287,64253.0,10.040518746506578,10.040518746506578,0.0,0.0,0.0,62239.73108291626,1.136,,,native
u2319,2319,EUC_2D,LGBM_V3,260282.3865355162,234256.0,11.110232623931175,11.110232623931175,0.0484096000000136,0.04401219999999739,0.004358699996373616,232200.0,1.1209405104888726,,,native
u2319,2319,EUC_2D,Interp_V3,240913.68065194387,234256.0,2.842053416750849,2.842053416750849,0.48694419999810634,0.4857683000009274,0.001131800003349781,232200.0,1.0375266177947626,,,native
u2319,2319,EUC_2D,Fixed_Alpha,263779.19999999995,234256.0,12.602964278396264,12.602964278396264,0.0,0.0,0.0,232200.0,1.136,,,native
u574,574,EUC_2D,LGBM_V3,36729.38470594297,36905.0,-0.4758577267498492,0.4758577267498492,0.015336200005549472,0.012374700003420003,0.0029323999988264404,32106.83619594574,1.1439739649769955,,,native
u574,574,EUC_2D,Interp_V3,36334.19076755312,36905.0,-1.5466989092179424,1.5466989092179424,0.036206299999321345,0.03533149999566376,0.0008444999984931201,32106.83611869812,1.131665251388414,,,native
u574,574,EUC_2D,GART_1.0,39019.609888381456,36905.0,5.7298736983646,5.7298736983646,0.04156639999564504,0.03821069999685278,0.0033387000003131106,,,,,native
u574,574,EUC_2D,Fixed_Alpha,36473.365918594354,36905.0,-1.1695815781212455,1.1695815781212455,0.0,0.0,0.0,32106.83619594574,1.136,,,native
u574,574,EUC_2D,BHH,38862.738474520884,36905.0,5.304805512859731,5.304805512859731,0.0013381999960984103,0.001335799999651499,0.0,32106.83619594574,,,,native
u574,574,EUC_2D,Cavdar,39159.66979210134,36905.0,6.109388408349384,6.109388408349384,0.0016861999974935316,0.0016835999995237216,0.0,32106.83619594574,,,,native
u574,574,EUC_2D,Chien,33297.0625,36905.0,-9.776284217834473,9.776284217834473,0.00030399999377550557,0.00030249999690568075,0.0,32106.83619594574,,,,native
u574,574,EUC_2D,Vinel,41895.82137623812,36905.0,13.523428739298524,13.523428739298524,0.0009043000027304515,0.0009021999940159731,0.0,32106.83619594574,,,,native
u574,574,EUC_2D,Composite,39159.66979210134,36905.0,6.109388408349384,6.109388408349384,0.03263690000312636,0.03254199999355478,0.0,32106.83619594574,,,,native
u574,574,EUC_2D,MST_Ratio,34514.84887049588,36905.0,-6.476496760612709,6.476496760612709,0.033421800006181,0.0333362000019406,0.0,32106.83619594574,,,,native
u574,574,EUC_2D,Hilbert,55078.54296875,36905.0,49.24412155151367,49.24412155151367,0.004645500004698988,0.004607300004863646,0.0,32106.83619594574,,,,native
u724,724,EUC_2D,LGBM_V3,42611.05755723037,41910.0,1.672769165426799,1.672769165426799,0.01886969999759458,0.015601999999489635,0.003234899995732121,37974.60641860962,1.1220934612859776,,,native
u724,724,EUC_2D,Interp_V3,41995.322109021756,41910.0,0.20358413033108028,0.20358413033108028,0.056960500005516224,0.056099299996276386,0.0008305000010295771,37974.606521606445,1.105879058552658,,,native
u724,724,EUC_2D,GART_1.0,45033.08122315078,41910.0,7.451875979839611,7.451875979839611,0.05828990000009071,0.055872599994472694,0.002394900002400391,,,,,native
u724,724,EUC_2D,Fixed_Alpha,43139.15289154052,41910.0,2.9328391590086413,2.9328391590086413,0.0,0.0,0.0,37974.60641860962,1.136,,,native
u724,724,EUC_2D,BHH,39921.26092136603,41910.0,-4.7452614617846995,4.7452614617846995,0.0014282999982242472,0.001425900001777336,0.0,37974.60641860962,,,,native
u724,724,EUC_2D,Cavdar,41012.455357253006,41910.0,-2.141600197439738,2.141600197439738,0.0019450999971013516,0.0019428000014158897,0.0,37974.60641860962,,,,native
u724,724,EUC_2D,Chien,34168.97265625,41910.0,-18.470596313476562,18.470596313476562,0.00040469999657943845,0.0004031999997096136,0.0,37974.60641860962,,,,native
u724,724,EUC_2D,Vinel,43036.95730995102,41910.0,2.6889938199738093,2.6889938199738093,0.0012989000024390407,0.0012966000067535788,0.0,37974.60641860962,,,,native
u724,724,EUC_2D,Composite,41012.455357253006,41910.0,-2.141600197439738,2.141600197439738,0.05402420000609709,0.053890399998635985,0.0,37974.60641860962,,,,native
u724,724,EUC_2D,MST_Ratio,40822.70198273978,41910.0,-2.5943641547607212,2.5943641547607212,0.059038999999756925,0.05891600000177277,0.0,37974.60641860962,,,,native
u724,724,EUC_2D,Hilbert,62447.8125,41910.0,49.00456237792969,49.00456237792969,0.006748799998604227,0.006703400002152193,0.0,37974.60641860962,,,,native
ulysses16,16,GEO,LGBM_V3,6652.469058285659,6859.0,-3.0110940620256708,3.0110940620256708,0.009951000000000931,0.00594709999859333,0.003978400003688876,4540.0,1.4653015546884711,,,hybrid
ulysses16,16,GEO,Fixed_Alpha,5157.44,6859.0,-24.807697915147987,24.807697915147987,0.0,0.0,0.0,4540.0,1.136,,,hybrid
ulysses22,22,GEO,LGBM_V3,6530.0283641967235,7013.0,-6.886805016444838,6.886805016444838,0.005105600001115818,0.0014861000017845072,0.0036008000024594367,4660.0,1.401293640385563,,,hybrid
ulysses22,22,GEO,Fixed_Alpha,5293.759999999999,7013.0,-24.51504349066021,24.51504349066021,0.0,0.0,0.0,4660.0,1.136,,,hybrid
usa13509,13509,EUC_2D,LGBM_V3,20054562.745973468,19982859.0,0.35882626191511346,0.35882626191511346,0.19146570000157226,0.1866943999993964,0.004701400001067668,17846480.888463974,1.1237264574068944,,,native
usa13509,13509,EUC_2D,Interp_V3,17846480.906072617,19982859.0,-10.691053236813527,10.691053236813527,44.24054430000251,44.239267899996776,0.001208299996505957,17846480.906072617,1.0,,,native
usa13509,13509,EUC_2D,Fixed_Alpha,20273602.289295074,19982859.0,1.4549634228769446,1.4549634228769446,0.0,0.0,0.0,17846480.888463974,1.136,,,native
vm1084,1084,EUC_2D,LGBM_V3,237682.52495781344,239297.0,-0.6746741673261933,0.6746741673261933,0.02784350000001723,0.020884799996565562,0.00692719999642577,209235.96382141113,1.1359544536076134,,,native
vm1084,1084,EUC_2D,Interp_V3,237219.93370233758,239297.0,-0.8679867686023708,0.8679867686023708,0.1381898999970872,0.1373061000049347,0.0008498000024701469,209235.96382141113,1.133743594408137,,,native
vm1084,1084,EUC_2D,GART_1.0,260024.66083574787,239297.0,8.661897489624971,8.661897489624971,0.16948250000132248,0.16564629999629688,0.0038197000030777417,,,,,native
vm1084,1084,EUC_2D,Fixed_Alpha,237692.05490112302,239297.0,-0.6706916922807149,0.6706916922807149,0.0,0.0,0.0,209235.96382141113,1.136,,,native
vm1084,1084,EUC_2D,BHH,287336.28385329153,239297.0,20.07517179625801,20.07517179625801,0.001472800002375152,0.0014707999944221228,0.0,209235.96382141113,,,,native
vm1084,1084,EUC_2D,Cavdar,293215.68864326784,239297.0,22.53212060463267,22.53212060463267,0.0011843000029330142,0.001181799998448696,0.0,209235.96382141113,,,,native
vm1084,1084,EUC_2D,Chien,241952.40625,239297.0,1.1096696853637695,1.1096696853637695,0.0004865000009885989,0.0004850999976042658,0.0,209235.96382141113,,,,native
vm1084,1084,EUC_2D,Vinel,309761.74340163934,239297.0,29.44656364335505,29.44656364335505,0.0010633999991114251,0.0010615999999572523,0.0,209235.96382141113,,,,native
vm1084,1084,EUC_2D,Composite,293215.68864326784,239297.0,22.53212060463267,22.53212060463267,0.12060760000167647,0.12028129999816883,0.0,209235.96382141113,,,,native
vm1084,1084,EUC_2D,MST_Ratio,224928.66095270618,239297.0,-6.004395812439696,6.004395812439696,0.12094860000070184,0.12070769999991171,0.0,209235.96382141113,,,,native
vm1084,1084,EUC_2D,Hilbert,380047.5625,239297.0,58.818359375,58.818359375,0.008031000004848465,0.007997100001375657,0.0,209235.96382141113,,,,native
vm1748,1748,EUC_2D,LGBM_V3,335235.3730296306,336556.0,-0.39239442184047446,0.39239442184047446,0.029511900000215974,0.026567300003080163,0.0029129000031389296,294610.9768180847,1.1378916585196703,,,native
vm1748,1748,EUC_2D,Interp_V3,332027.7437909941,336556.0,-1.3454688696698003,1.3454688696698003,0.4333645000006072,0.4309057000064058,0.0023845000032451935,294610.9768180847,1.1270039812400248,,,native
vm1748,1748,EUC_2D,GART_1.0,361974.57178383594,336556.0,7.5525534484115395,7.5525534484115395,0.4076606000016909,0.4045152999970014,0.003120200002740603,,,,,native
vm1748,1748,EUC_2D,Fixed_Alpha,334678.0696653442,336556.0,-0.5579845061908868,0.5579845061908868,0.0,0.0,0.0,294610.9768180847,1.136,,,native
vm1748,1748,EUC_2D,BHH,421069.96377985243,336556.0,25.111412002713497,25.111412002713497,0.001964900002349168,0.001961699999810662,0.0,294610.9768180847,,,,native
vm1748,1748,EUC_2D,Cavdar,428913.6393081185,336556.0,27.4419827036566,27.4419827036566,0.0016423999986727722,0.0016394999984186143,0.0,294610.9768180847,,,,native
vm1748,1748,EUC_2D,Chien,351134.53125,336556.0,4.331680774688721,4.331680774688721,0.0007958999995025806,0.0007941000003484078,0.0,294610.9768180847,,,,native
vm1748,1748,EUC_2D,Vinel,453932.8076683418,336556.0,34.87586246221782,34.87586246221782,0.001407299998390954,0.0014048999946680851,0.0,294610.9768180847,,,,native
vm1748,1748,EUC_2D,Composite,428913.6393081185,336556.0,27.4419827036566,27.4419827036566,0.37255139999615494,0.37115020000055665,0.0,294610.9768180847,,,,native
vm1748,1748,EUC_2D,MST_Ratio,316706.8001694677,336556.0,-5.8977405931055475,5.8977405931055475,0.35924129999330034,0.3579435999999987,0.0,294610.9768180847,,,,native
vm1748,1748,EUC_2D,Hilbert,501839.8125,336556.0,49.11034393310547,49.11034393310547,0.019347100002050865,0.019249700002546888,0.0,294610.9768180847,,,,native
