model,instance,pred_cost,true_cost,prediction_time_s,feature_time_s,inference_time_s,optimal_solve_time_s,status,gap_pct,abs_gap_pct
Linear_V3,TSP-boundary-n10-g1000-2,3208.5643543943092,3247,0.2093287000025157,0.20814119999704417,0.0011875000054715201,0.0730119000072591,ok,-1.1837279213332539,1.1837279213332539
Linear_V3,TSP-boundary-n10-g10000-5,28070.424733459542,27743,0.2208604000043124,0.219287500003702,0.0015729000006103888,0.050072500001988374,ok,1.1802066591916593,1.1802066591916593
Linear_V3,TSP-boundary-n10-g10000-1,29108.976266371727,31722,0.22520850000000792,0.2186186999970232,0.006589800002984703,0.0441271999879973,ok,-8.2372603670269,8.2372603670269
Linear_V3,TSP-boundary-n10-g1000-5,2966.906743199425,3006,0.2299702999953297,0.2284592999931192,0.0015110000022104941,0.1571512999944389,ok,-1.300507544929311,1.300507544929311
Linear_V3,TSP-boundary-n10-g10000-2,36203.731110805296,36007,0.23263910000241594,0.23095650000323076,0.0016825999991851859,0.04179420000582468,ok,0.546369069362336,0.546369069362336
Linear_V3,TSP-boundary-n10-g10000-4,34773.46199962659,33497,0.23694220001198119,0.23534000000654487,0.0016022000054363161,0.04994730000908021,ok,3.8106755817732636,3.8106755817732636
Linear_V3,TSP-boundary-n10-g10000-3,29565.83884410999,31281,0.23684020000655437,0.23519410000153584,0.0016461000050185248,0.0424796999868704,ok,-5.483076486972959,5.483076486972959
Linear_V3,TSP-boundary-n10-g1000-3,2940.7794715897917,2942,0.24828650000563357,0.24428400000033434,0.0040025000052992254,0.15743380000640173,ok,-0.04148634976914742,0.04148634976914742
Linear_V3,TSP-boundary-n10-g1000-1,3162.8815107436317,3399,0.25649430000339635,0.255868799999007,0.0006255000043893233,0.07625080000434536,ok,-6.946704597127636,6.946704597127636
Linear_V3,TSP-boundary-n10-g1000-4,3281.6234632010114,3550,0.2551540999993449,0.24984869999752846,0.0053054000018164515,0.32430780000868253,ok,-7.559902445041931,7.559902445041931
Linear_V3,TSP-boundary-n100-g1000-4,7293.394877184591,7168,0.2855489000066882,0.284401800003252,0.0011471000034362078,0.3713453000091249,ok,1.7493704964368133,1.7493704964368133
Linear_V3,TSP-boundary-n100-g1000-5,7179.875601235,7017,0.2947469999999157,0.2938672000018414,0.0008797999980743043,0.14065890001074877,ok,2.3211572072823206,2.3211572072823206
Linear_V3,TSP-boundary-n100-g10000-1,71206.79677694406,70551,0.30138939999596914,0.2973240999999689,0.004065299996000249,0.21488880000833888,ok,0.9295357641196558,0.9295357641196558
Linear_V3,TSP-boundary-n100-g1000-3,7135.319526632458,7047,0.3047599000055925,0.3029430000024149,0.0018169000031775795,0.3462584999942919,ok,1.2532925589961443,1.2532925589961443
Linear_V3,TSP-boundary-n20-g1000-1,4110.35914759807,4099,0.019432099994446617,0.01843669999652775,0.0009953999979188666,0.04248050000751391,ok,0.27711997067748706,0.27711997067748706
Linear_V3,TSP-boundary-n100-g10000-2,72329.411135494,70034,0.3112031999989995,0.30873160000192,0.0024715999970794655,0.3339735999907134,ok,3.2775668039723502,3.2775668039723502
Linear_V3,TSP-boundary-n100-g1000-1,7076.127372347679,6956,0.32034420000127284,0.31896080000296934,0.0013833999983035028,0.21300820000760723,ok,1.7269604995353485,1.7269604995353485
Linear_V3,TSP-boundary-n100-g1000-2,7065.450717868146,6834,0.3201435000009951,0.31878799999685725,0.0013555000041378662,0.06720600000699051,ok,3.386753261166901,3.386753261166901
Linear_V3,TSP-boundary-n100-g10000-4,73044.3794409934,71295,0.25954660000570584,0.258800000003248,0.0007466000024578534,0.5164423000096576,ok,2.453719673179613,2.453719673179613
Linear_V3,TSP-boundary-n100-g10000-5,69640.21248951917,69815,0.26832750000903616,0.26751640000293264,0.0008111000061035156,4.705000100002508,ok,-0.2503581042481324,0.2503581042481324
Linear_V3,TSP-boundary-n100-g10000-3,72927.97950380479,71693,0.3329632000022684,0.330852800005232,0.0021103999970364384,0.6195137000031536,ok,1.7225942613711083,1.7225942613711083
Linear_V3,TSP-boundary-n20-g1000-3,3527.448324084593,3809,0.03390249999938533,0.03182620000006864,0.0020762999993166886,0.1841885000030743,ok,-7.391747858109925,7.391747858109925
Linear_V3,TSP-boundary-n20-g1000-4,4069.8202252619294,4313,0.034398900002997834,0.033830200001830235,0.0005687000011675991,0.1820376999967266,ok,-5.638297582612348,5.638297582612348
Linear_V3,TSP-boundary-n20-g1000-5,3952.7912612121863,3865,0.03379969999514287,0.03224049999698764,0.0015591999981552362,0.17787749999843072,ok,2.2714427221781714,2.2714427221781714
Linear_V3,TSP-boundary-n20-g1000-2,4216.654308983766,4345,0.0437441999965813,0.03576759999850765,0.007976599998073652,0.1955378999991808,ok,-2.953870909464534,2.953870909464534
Linear_V3,TSP-boundary-n20-g10000-4,38128.82115818192,40020,0.02517959999386221,0.02315919999819016,0.002020399995672051,0.04199749999679625,ok,-4.725584312389007,4.725584312389007
Linear_V3,TSP-boundary-n20-g10000-1,38006.07822097449,37631,0.031621000001905486,0.030028400004084688,0.0015925999978207983,0.04446159998769872,ok,0.9967266906924785,0.9967266906924785
Linear_V3,TSP-boundary-n20-g10000-3,37924.01382792723,39825,0.03159040000900859,0.03099060000386089,0.0005998000051476993,0.052759100013645366,ok,-4.773348831318948,4.773348831318948
Linear_V3,TSP-boundary-n20-g10000-2,37539.149593838105,37802,0.0365587999986019,0.035976099999970756,0.0005826999986311421,0.04965489999449346,ok,-0.6953346546793691,0.6953346546793691
Linear_V3,TSP-boundary-n20-g10000-5,41111.666648276914,41629,0.032274400000460446,0.031476099997234996,0.0007983000032254495,0.045870599991758354,ok,-1.2427234661488045,1.2427234661488045
Linear_V3,TSP-boundary-n200-g1000-2,10015.952502847666,9755,0.06801159999304218,0.0668593999944278,0.0011521999986143783,1.633126100001391,ok,2.6750640988996977,2.6750640988996977
Linear_V3,TSP-boundary-n200-g1000-4,9938.19268162597,9477,0.0855336000022362,0.08343600000080187,0.00209760000143433,1.0148306000046432,ok,4.8664417181172235,4.8664417181172235
Linear_V3,TSP-boundary-n200-g1000-5,9729.729701709286,9490,0.09283789999608416,0.08765789999597473,0.00518000000010943,1.582245999990846,ok,2.526129628127355,2.526129628127355
Linear_V3,TSP-boundary-n200-g10000-2,96516.12482743977,95920,0.08356640000420157,0.08007029999862425,0.0034961000055773184,3.1889790999994148,ok,0.6214812629688968,0.6214812629688968
Linear_V3,TSP-boundary-n30-g1000-1,4808.815450657552,4564,0.02652009999292204,0.022028899998986162,0.004491199993935879,0.04745119999279268,ok,5.3640545718131465,5.3640545718131465
Linear_V3,TSP-boundary-n200-g1000-3,9417.969534661232,9384,0.10441179999907035,0.10195910000038566,0.002452699998684693,1.5555985999963013,ok,0.3619941886320502,0.3619941886320502
Linear_V3,TSP-boundary-n200-g10000-3,99999.43756654121,96954,0.09414660000766162,0.09309780000330647,0.0010488000043551438,8.438265499993577,ok,3.141115958641426,3.141115958641426
Linear_V3,TSP-boundary-n200-g10000-1,93362.98630176405,92227,0.10733020000043325,0.10485930000140797,0.002470899999025278,1.2857908999867504,ok,1.231728562963173,1.231728562963173
Linear_V3,TSP-boundary-n200-g10000-4,97980.36720445835,97285,0.0998875000004773,0.09891549999883864,0.0009720000016386621,2.866724899999099,ok,0.714773299540886,0.714773299540886
Linear_V3,TSP-boundary-n200-g1000-1,9191.51533179746,9326,0.12724130000424339,0.12630020000506192,0.0009410999991814606,1.4348636000067927,ok,-1.442040190891486,1.442040190891486
Linear_V3,TSP-boundary-n30-g1000-2,4569.716999226245,4612,0.034311800001887605,0.033120100000815,0.0011917000010726042,0.052141499996650964,ok,-0.9168040063693581,0.9168040063693581
Linear_V3,TSP-boundary-n200-g10000-5,102939.08559221054,100841,0.11077889999432955,0.10973219999868888,0.0010466999956406653,1.5299895999924047,ok,2.0805878484054503,2.0805878484054503
Linear_V3,TSP-boundary-n30-g10000-1,43158.10606761742,43457,0.032896000004257075,0.0320307000001776,0.0008653000040794723,0.04953029999160208,ok,-0.6877923749512931,0.6877923749512931
Linear_V3,TSP-boundary-n30-g1000-5,4068.4470391938753,4111,0.029621900008351076,0.027830400002130773,0.0017915000062203035,0.05177789999288507,ok,-1.035099995283987,1.035099995283987
Linear_V3,TSP-boundary-n30-g1000-4,4325.746382128995,4117,0.03811929999938002,0.0347094000026118,0.0034098999967682175,0.054444699999294244,ok,5.070351764124236,5.070351764124236
Linear_V3,TSP-boundary-n30-g1000-3,4848.9573984736135,4735,0.047217100000125356,0.04358949999732431,0.0036276000028010458,0.041289999993750826,ok,2.406703241258996,2.406703241258996
Linear_V3,TSP-boundary-n30-g10000-3,42918.23643689011,42582,0.04073650000646012,0.03932830000121612,0.001408200005243998,0.05330300000787247,ok,0.7896210532387177,0.7896210532387177
Linear_V3,TSP-boundary-n30-g10000-5,42579.43491684573,43579,0.03451679999852786,0.03393589999905089,0.0005808999994769692,0.04866580000089016,ok,-2.2936852225940783,2.2936852225940783
Linear_V3,TSP-boundary-n30-g10000-2,47388.23547027503,47104,0.04738759999600006,0.045739100001810584,0.0016484999941894785,0.046074200014118105,ok,0.6034210900879561,0.6034210900879561
Linear_V3,TSP-boundary-n30-g10000-4,44499.72739255034,44131,0.04821459999948274,0.047488299998803996,0.0007263000006787479,0.0445185999997193,ok,0.8355292029420126,0.8355292029420126
Linear_V3,TSP-boundary-n300-g1000-1,11996.0278237745,11846,0.11482350000005681,0.11387100000138162,0.0009524999986751936,2.233340600010706,ok,1.2664850901105906,1.2664850901105906
Linear_V3,TSP-boundary-n300-g1000-4,11982.240564614567,11542,0.11018850000255043,0.10822999999800231,0.001958500004548114,2.966981300007319,ok,3.8142485237789563,3.8142485237789563
Linear_V3,TSP-boundary-n300-g1000-5,11975.585944296316,11645,0.11027889999968465,0.10872209999797633,0.001556800001708325,1.4859470999945188,ok,2.838865987946033,2.838865987946033
Linear_V3,TSP-boundary-n40-g1000-1,5152.201966709772,5030,0.03182760000345297,0.03041310000116937,0.001414500002283603,0.18475810000381898,ok,2.429462558842386,2.429462558842386
Linear_V3,TSP-boundary-n300-g10000-1,119955.4068126992,119041,0.1266637000007904,0.12585240000043996,0.0008113000003504567,11.337956400006078,ok,0.7681444314977244,0.7681444314977244
Linear_V3,TSP-boundary-n1000-g10000-3,207914.7636737378,203317,0.38606340000842465,0.38200740000320366,0.004056000005220994,14.201905299996724,ok,2.261376900966368,2.261376900966368
Linear_V3,TSP-boundary-n1000-g1000-3,21190.191048738736,20395,0.42483489999722224,0.4227729999984149,0.0020618999988073483,24.521400800003903,ok,3.8989509621904186,3.8989509621904186
Linear_V3,TSP-boundary-n300-g1000-2,11452.842645260936,11159,0.1704496999955154,0.1679251999958069,0.002524499999708496,6.341344900007243,ok,2.633234566367385,2.633234566367385
Linear_V3,TSP-boundary-n40-g1000-2,5071.935119572647,4944,0.044817599999078084,0.044116099998063873,0.0007015000010142103,0.04943250000360422,ok,2.587684457375541,2.587684457375541
Linear_V3,TSP-boundary-n1000-g1000-1,21280.735858596006,20552,0.45870060000015656,0.45526950000203215,0.0034310999981244095,10.352445600001374,ok,3.5458148043791673,3.5458148043791673
Linear_V3,TSP-boundary-n40-g1000-3,4891.342337033785,4794,0.04940220000571571,0.04852560000290396,0.000876600002811756,0.09592740000516642,ok,2.030503484225804,2.030503484225804
Linear_V3,TSP-boundary-n1000-g1000-4,20983.181212288004,20565,0.4371861999970861,0.4357042999981786,0.0014818999989074655,14.657510000019101,ok,2.0334607940092573,2.0334607940092573
Linear_V3,TSP-boundary-n300-g1000-3,11459.11991657015,11257,0.1820953999995254,0.18107420000160346,0.00102119999792194,3.45801780000329,ok,1.7955042779617052,1.7955042779617052
Linear_V3,TSP-boundary-n300-g10000-3,118677.52402484696,115554,0.1858868000053917,0.18237880000378937,0.0035080000016023405,1.9706148999975994,ok,2.70308602458328,2.70308602458328
Linear_V3,TSP-boundary-n40-g1000-4,4938.15362257801,4900,0.06986769999639364,0.05979269999807002,0.01007499999832362,0.05236479999439325,ok,0.7786453587348995,0.7786453587348995
Linear_V3,TSP-boundary-n300-g10000-4,122361.66814911175,120861,0.18891660000372212,0.18716320000385167,0.001753399999870453,8.038870899996255,ok,1.241647966764919,1.241647966764919
Linear_V3,TSP-boundary-n300-g10000-5,118843.19400501355,115441,0.1942683999950532,0.19023960000049556,0.00402879999455763,2.499435200006701,ok,2.9471279744748795,2.9471279744748795
Linear_V3,TSP-boundary-n40-g1000-5,5208.1200560273555,4972,0.06607269999949494,0.059101500002725516,0.006971199996769428,0.047093500004848465,ok,4.748995495320908,4.748995495320908
Linear_V3,TSP-boundary-n300-g10000-2,119513.11725175248,116741,0.20791240000835387,0.20717890000378247,0.0007335000045713969,6.775888300006045,ok,2.3745875500059817,2.3745875500059817
Linear_V3,TSP-boundary-n1000-g10000-1,213238.4234890432,207156,0.47734569999738596,0.469308199993975,0.008037500003410969,95.81789179999032,ok,2.936156079979918,2.936156079979918
Linear_V3,TSP-boundary-n40-g10000-3,49769.46604078548,49175,0.062319200005731545,0.06116570000449428,0.001153500001237262,0.0481084000057308,ok,1.2088785781097766,1.2088785781097766
Linear_V3,TSP-boundary-n40-g10000-1,44855.832250071486,44362,0.08830350000062026,0.08408589999453397,0.004217600006086286,0.04612780000024941,ok,1.1131875255206838,1.1131875255206838
Linear_V3,TSP-boundary-n1000-g10000-5,212416.88582913906,206702,0.4751112000012654,0.47436439999728464,0.0007468000039807521,9.355593499989482,ok,2.7647946459826533,2.7647946459826533
Linear_V3,TSP-boundary-n40-g10000-2,53573.46604136886,49833,0.07843030000367435,0.07667490000312682,0.0017554000005475245,0.06547339999815449,ok,7.506002129851427,7.506002129851427
Linear_V3,TSP-boundary-n40-g10000-4,46454.175237877214,49599,0.07736540000041714,0.07548859999951674,0.0018768000009004027,0.04674739998881705,ok,-6.340500336947893,6.340500336947893
Linear_V3,TSP-boundary-n40-g10000-5,48868.102764535426,47067,0.07785270000022138,0.06903249999595573,0.008820200004265644,0.08675380000204314,ok,3.826678489250273,3.826678489250273
Linear_V3,TSP-boundary-n5-g1000-1,2704.2137073713975,2756,0.017379600001731887,0.01593940000020666,0.001440200001525227,0.04362689999106806,ok,-1.879038194071208,1.879038194071208
Linear_V3,TSP-boundary-n5-g1000-4,1834.4567171755218,2219,0.016192600000067614,0.014649500000814442,0.0015430999992531724,0.0393573000037577,ok,-17.32957561173854,17.32957561173854
Linear_V3,TSP-boundary-n1000-g10000-2,208271.8727558127,202565,0.524446600000374,0.5160587999998825,0.008387800000491552,6.294937500002561,ok,2.817304448356189,2.817304448356189
Linear_V3,TSP-boundary-n1000-g1000-5,21019.649875294304,20398,0.5318609999958426,0.5283165000000736,0.0035444999957690015,10.911729599989485,ok,3.0476020947852946,3.0476020947852946
Linear_V3,TSP-boundary-n5-g1000-3,3094.4635777861413,3301,0.024943499993241858,0.02261979999457253,0.0023236999986693263,0.08774310001172125,ok,-6.256783466036314,6.256783466036314
Linear_V3,TSP-boundary-n5-g1000-2,2057.014936548595,2348,0.028157599997939542,0.026078599999891594,0.002078999998047948,0.04169709999405313,ok,-12.392890266243827,12.392890266243827
Linear_V3,TSP-boundary-n5-g10000-2,21661.166134234936,27529,0.020396500003698748,0.019310499999846797,0.0010860000038519502,0.12117869999201503,ok,-21.315099951923656,21.315099951923656
Linear_V3,TSP-boundary-n5-g1000-5,1300.0028022492693,1674,0.034185600008640904,0.032422000003862195,0.0017636000047787093,0.07082110000192188,ok,-22.34152913684174,22.34152913684174
Linear_V3,TSP-boundary-n5-g10000-1,17414.065858992366,19819,0.034701699994911905,0.032267599999613594,0.002434099995298311,0.11042549999547191,ok,-12.134487819807427,12.134487819807427
Linear_V3,TSP-boundary-n5-g10000-3,19317.49097778562,22805,0.016587199999776203,0.01564890000008745,0.000938299999688752,0.08295179999549873,ok,-15.292738531963959,15.292738531963959
Linear_V3,TSP-boundary-n5-g10000-5,25071.0957891554,29308,0.01992610000888817,0.018484200001694262,0.001441900007193908,0.11882679999689572,ok,-14.456476766905284,14.456476766905284
Linear_V3,TSP-boundary-n5-g10000-4,24591.845534711563,25809,0.025142199992842507,0.01742069999454543,0.007721499998297077,0.1602507999923546,ok,-4.71600784721778,4.71600784721778
Linear_V3,TSP-boundary-n50-g1000-1,5599.608255290941,5448,0.037280700002156664,0.0362606999988202,0.0010200000033364631,0.056435799997416325,ok,2.7828240692169803,2.7828240692169803
Linear_V3,TSP-boundary-n50-g1000-3,5677.447357053376,5570,0.037849499996809755,0.03693049999856157,0.0009189999982481822,0.1257521999941673,ok,1.929036930940331,1.929036930940331
Linear_V3,TSP-boundary-n50-g1000-4,5632.839020503894,5612,0.03402579999965383,0.03170910000335425,0.002316699996299576,0.11850419999973383,ok,0.3713296597272641,0.3713296597272641
Linear_V3,TSP-boundary-n50-g1000-5,6008.814905240811,5766,0.03886880000209203,0.03546910000295611,0.003399699999135919,0.07307379999838304,ok,4.21114993480421,4.21114993480421
Linear_V3,TSP-boundary-n50-g10000-1,52130.44862215895,50920,0.03068619999976363,0.028593800001544878,0.0020923999982187524,0.06853440000850242,ok,2.3771575454810425,2.3771575454810425
Linear_V3,TSP-boundary-n50-g1000-2,5512.022911103073,5332,0.05723479999869596,0.05524940000032075,0.0019853999983752146,0.09713150000607129,ok,3.376273651595519,3.376273651595519
Linear_V3,TSP-boundary-n50-g10000-2,58352.44443480151,57427,0.03705920000356855,0.035068900004262105,0.001990299999306444,0.056438100000377744,ok,1.6115145050263977,1.6115145050263977
Linear_V3,TSP-boundary-n50-g10000-3,52094.1995649752,52169,0.0395656999971834,0.03844179999578046,0.0011239000014029443,0.18738160000066273,ok,-0.1433810021752403,0.1433810021752403
Linear_V3,TSP-boundary-n50-g10000-4,55840.54193973572,55788,0.04438040000241017,0.04321419999905629,0.0011662000033538789,0.0942776000010781,ok,0.09418143639441849,0.09418143639441849
Linear_V3,TSP-boundary-n50-g10000-5,53766.01058383158,52923,0.03953739999997197,0.03873400000156835,0.00080339999840362,0.09546250000130385,ok,1.592900220757666,1.592900220757666
Linear_V3,TSP-boundary-n400-g1000-2,13479.113086579255,13231,0.2295010000016191,0.22842230000242125,0.0010786999991978519,9.881466000006185,ok,1.875240621111441,1.875240621111441
Linear_V3,TSP-boundary-n1000-g1000-2,21167.29993260403,20615,0.6874419999949168,0.6865857999946456,0.0008562000002712011,12.61317229999986,ok,2.67911682078113,2.67911682078113
Linear_V3,TSP-boundary-n400-g1000-1,13773.377753941053,13501,0.24731550000433344,0.2462297000020044,0.0010858000023290515,1.7832259999995586,ok,2.017463550411473,2.017463550411473
Linear_V3,TSP-boundary-n1000-g10000-4,213081.62384242853,208514,0.6769400999983191,0.675386900002195,0.0015531999961240217,16.147434299986344,ok,2.1905597909150107,2.1905597909150107
Linear_V3,TSP-boundary-n400-g1000-5,13540.593372945721,13342,0.22390919999452308,0.22241199999552919,0.0014971999989938922,3.0199887000053423,ok,1.4884827832837735,1.4884827832837735
Linear_V3,TSP-boundary-n400-g10000-5,137502.60924675138,135996,0.22132019999844488,0.22037509999790927,0.0009451000005356036,3.306738500003121,ok,1.1078335000671937,1.1078335000671937
Linear_V3,TSP-boundary-n400-g10000-3,132294.88965372747,129635,0.2362823000003118,0.23520920000009937,0.0010731000002124347,3.854709000006551,ok,2.0518298713522354,2.0518298713522354
Linear_V3,TSP-boundary-n60-g1000-4,6035.343405176775,6019,0.023519700000179,0.022183000000950415,0.0013366999992285855,0.14975489999051206,ok,0.27153024051794944,0.27153024051794944
Linear_V3,TSP-boundary-n60-g1000-2,5997.383793573872,5873,0.04452569999557454,0.04393789999448927,0.0005878000010852702,0.2882640000025276,ok,2.117891938938737,2.117891938938737
Linear_V3,TSP-boundary-n60-g1000-1,6154.222208661832,5869,0.055116800001997035,0.05060059999959776,0.004516200002399273,0.19682450000254903,ok,4.859809314394823,4.859809314394823
Linear_V3,TSP-boundary-n60-g1000-3,5920.0152519983585,5606,0.04775579999841284,0.046373199998924974,0.0013825999994878657,0.08199530000274535,ok,5.601413699578282,5.601413699578282
Linear_V3,TSP-boundary-n400-g1000-3,13758.947171936112,13531,0.32103050000296207,0.3199571000004653,0.0010734000024967827,2.497820899996441,ok,1.6846291621913516,1.6846291621913516
Linear_V3,TSP-boundary-n60-g1000-5,6053.632083051914,5905,0.04366370000207098,0.03984889999992447,0.0038148000021465123,0.1470638000027975,ok,2.5170547510908445,2.5170547510908445
Linear_V3,TSP-boundary-n60-g10000-2,57733.99606835464,56792,0.0393125999980839,0.03651199999876553,0.002800599999318365,0.10136570000031497,ok,1.6586773988495525,1.6586773988495525
Linear_V3,TSP-boundary-n400-g10000-2,134776.15938974996,133755,0.30319150000286754,0.30212150000443216,0.001069999998435378,1.8698617999907583,ok,0.763455115509667,0.763455115509667
Linear_V3,TSP-boundary-n60-g10000-3,59572.25371408006,59668,0.04283749999740394,0.03758739999466343,0.00525010000274051,0.2281517000083113,ok,-0.16046504980883688,0.16046504980883688
Linear_V3,TSP-boundary-n60-g10000-1,56376.653556983365,55252,0.04984560000593774,0.04777190000459086,0.0020737000013468787,0.0560228999966057,ok,2.0354983656399135,2.0354983656399135
Linear_V3,TSP-boundary-n400-g1000-4,14025.143620810159,13726,0.3228053999991971,0.3219441999972332,0.0008612000019638799,2.392791099991882,ok,2.1793940026967697,2.1793940026967697
Linear_V3,TSP-boundary-n400-g10000-1,137314.38470737607,134933,0.33205140000063693,0.3303983000005246,0.0016531000001123175,15.880199499995797,ok,1.7648645678789252,1.7648645678789252
Linear_V3,TSP-boundary-n400-g10000-4,130828.3625138731,127600,0.3228660000022501,0.3218886000031489,0.0009773999991011806,3.810321799988742,ok,2.5300646660447494,2.5300646660447494
Linear_V3,TSP-boundary-n60-g10000-4,61003.37433522137,61590,0.060548200002813246,0.054690999997546896,0.00585720000526635,0.2693680999946082,ok,-0.95246901246733,0.95246901246733
Linear_V3,TSP-boundary-n500-g1000-3,14769.310937733137,14577,0.22655790000135312,0.2255107000019052,0.001047199999447912,22.919459199998528,ok,1.3192765159713014,1.3192765159713014
Linear_V3,TSP-boundary-n60-g10000-5,60469.3960137775,57474,0.06367589999717893,0.06288969999877736,0.0007861999984015711,0.10765269999683369,ok,5.211740985101958,5.211740985101958
Linear_V3,TSP-boundary-n500-g1000-4,14767.13751500674,14408,0.2488381999937701,0.24798349999764469,0.0008546999961254187,13.337091900000814,ok,2.4926257288085765,2.4926257288085765
Linear_V3,TSP-boundary-n500-g1000-5,14873.845804449888,14524,0.24689850000140723,0.24187380000512348,0.0050246999962837435,8.848964500008151,ok,2.408742801224783,2.408742801224783
Linear_V3,TSP-boundary-n500-g1000-2,15353.725375735865,14989,0.2560157999978401,0.254341599997133,0.00167420000070706,11.302185699998518,ok,2.4332869153103265,2.4332869153103265
Linear_V3,TSP-boundary-n500-g10000-1,150923.10560209065,147140,0.2568304000014905,0.2554323000003933,0.0013981000010971911,5.54722939999192,ok,2.5710925663250337,2.5710925663250337
Linear_V3,TSP-boundary-n500-g10000-2,147763.57258627407,145249,0.2528122999938205,0.25149339999916265,0.0013188999946578406,2.2700855000002775,ok,1.731215076368213,1.731215076368213
Linear_V3,TSP-boundary-n500-g1000-1,15133.20284067092,14788,0.3010488000072655,0.29335440000431845,0.007694400002947077,3.4455307999887737,ok,2.3343443377800894,2.3343443377800894
Linear_V3,TSP-boundary-n70-g1000-1,5934.569233499429,5786,0.06529159999627154,0.06463249999796972,0.0006590999983018264,0.16432139999233186,ok,2.5677364932497264,2.5677364932497264
Linear_V3,TSP-boundary-n70-g1000-2,6104.83661510402,6063,0.0396751999942353,0.03656839999894146,0.0031067999952938408,0.06939940000302158,ok,0.6900315867395675,0.6900315867395675
Linear_V3,TSP-boundary-n70-g1000-5,5935.530158283329,6053,0.03989690000162227,0.03888020000158576,0.0010167000000365078,0.09670480000204407,ok,-1.9406879517044606,1.9406879517044606
Linear_V3,TSP-boundary-n70-g1000-4,6504.801608901569,6457,0.047834400000283495,0.04635569999663858,0.0014787000036449172,0.36540580001019407,ok,0.7403067818115088,0.7403067818115088
Linear_V3,TSP-boundary-n70-g1000-3,6124.124095720685,6138,0.0517212999984622,0.05058419999841135,0.0011371000000508502,0.1557941000064602,ok,-0.22606556336453834,0.22606556336453834
Linear_V3,TSP-boundary-n70-g10000-2,56902.48756853945,56270,0.03438830000231974,0.03325500000210013,0.0011333000002196059,0.19556029999512248,ok,1.124022691557581,1.124022691557581
Linear_V3,TSP-boundary-n500-g10000-4,150801.3910965025,147812,0.2622975000049337,0.26123609999922337,0.0010614000057103112,4.768104300004779,ok,2.02242787899664,2.02242787899664
Linear_V3,TSP-boundary-n70-g10000-1,57913.02579295659,58320,0.06566639999800827,0.06265110000094865,0.0030152999970596284,0.28271879999374505,ok,-0.6978295731196976,0.6978295731196976
Linear_V3,TSP-boundary-n70-g10000-5,58750.415039630105,58924,0.039886300000944175,0.03665129999717465,0.003235000003769528,0.09208740000030957,ok,-0.2945912707384008,0.2945912707384008
Linear_V3,TSP-boundary-n70-g10000-3,61530.02617321979,60617,0.05816719998983899,0.055867799994302914,0.0022993999955360778,0.21161279999068938,ok,1.506221312865682,1.506221312865682
Linear_V3,TSP-boundary-n70-g10000-4,60409.79443678601,59062,0.05858309999894118,0.05772330000036163,0.0008597999985795468,0.05694979999680072,ok,2.281999317303869,2.281999317303869
Linear_V3,TSP-boundary-n500-g10000-3,146153.29550502752,143473,0.34998089999862714,0.3486367000004975,0.0013441999981296249,2.475389700004598,ok,1.8681532448805833,1.8681532448805833
Linear_V3,TSP-boundary-n500-g10000-5,149878.09238677696,146350,0.3445739999951911,0.3434179999967455,0.0011559999984456226,9.705489499989199,ok,2.4107225054847694,2.4107225054847694
Linear_V3,TSP-boundary-n600-g1000-1,16219.649212570399,15758,0.2791668999925605,0.27795279999554623,0.001214099997014273,3.878137199993944,ok,2.929618051595374,2.929618051595374
Linear_V3,TSP-boundary-n8-g1000-1,3392.6638557811275,3320,0.009208299998135772,0.008044899994274601,0.0011634000038611703,0.04225949999818113,ok,2.188670354853238,2.188670354853238
Linear_V3,TSP-boundary-n600-g1000-4,16303.576723847831,16025,0.272744200003217,0.27145849999942584,0.0012857000037911348,4.481437099995674,ok,1.7383882923421596,1.7383882923421596
Linear_V3,TSP-boundary-n8-g1000-3,3192.598549276211,3478,0.010435600008349866,0.008352100005140528,0.0020835000032093376,0.05060580000281334,ok,-8.205907151345283,8.205907151345283
Linear_V3,TSP-boundary-n8-g1000-2,3195.4724791660005,3121,0.01214129999425495,0.010589899997285102,0.0015513999969698489,0.05101590001140721,ok,2.3861736355655414,2.3861736355655414
Linear_V3,TSP-boundary-n8-g1000-5,2576.7471050947725,2807,0.010721400001784787,0.008162300000549294,0.0025591000012354925,0.13262140000006184,ok,-8.202810648565286,8.202810648565286
Linear_V3,TSP-boundary-n600-g10000-5,158851.8347704791,157015,0.26915229999576695,0.268402599998808,0.0007496999969589524,30.00891010000487,ok,1.1698466837430144,1.1698466837430144
Linear_V3,TSP-boundary-n600-g1000-5,16337.43348506284,15884,0.3147820000012871,0.3112997999996878,0.003482200001599267,4.457909999997355,ok,2.854655534266181,2.854655534266181
Linear_V3,TSP-boundary-n8-g1000-4,2339.2132616780646,2637,0.027990200003841892,0.020684800001617987,0.007305400002223905,0.04904900000838097,ok,-11.292633231776088,11.292633231776088
Linear_V3,TSP-boundary-n8-g10000-2,26778.058338589675,29005,0.012950800002727192,0.010869900004763622,0.00208089999796357,0.3940565999946557,ok,-7.677785421169883,7.677785421169883
Linear_V3,TSP-boundary-n8-g10000-1,30982.376929172766,33402,0.019710500004293863,0.01899039999989327,0.0007201000044005923,0.44203390000620857,ok,-7.243946682316131,7.243946682316131
Linear_V3,TSP-boundary-n600-g10000-4,169566.13500219496,164626,0.30496880000282545,0.3025876999963657,0.0023811000064597465,9.074188800004777,ok,3.0008230790974464,3.0008230790974464
Linear_V3,TSP-boundary-n8-g10000-3,32387.18093276078,34166,0.010213000001385808,0.009283100000175182,0.0009299000012106262,0.4614666999987094,ok,-5.206401297310833,5.206401297310833
Linear_V3,TSP-boundary-n8-g10000-4,23577.900310504956,25701,0.015101200006029103,0.014084200003708247,0.0010170000023208559,0.26537049999751616,ok,-8.260766855355994,8.260766855355994
Linear_V3,TSP-boundary-n8-g10000-5,29897.95829194099,31031,0.01775929999712389,0.01634889999695588,0.0014104000001680106,0.36348919999727514,ok,-3.6513219298733803,3.6513219298733803
Linear_V3,TSP-boundary-n80-g1000-2,6448.131557275063,6217,0.0348671000028844,0.0340933000043151,0.0007737999985693023,0.10330799999064766,ok,3.717734554850615,3.717734554850615
Linear_V3,TSP-boundary-n80-g1000-4,6698.848971388286,6664,0.03571849999570986,0.03429389999655541,0.0014245999991544522,0.08627420000266284,ok,0.522943748323625,0.522943748323625
Linear_V3,TSP-boundary-n80-g1000-1,5921.922561176509,5681,0.04808569999295287,0.04447499999514548,0.0036106999978073873,0.1822433000052115,ok,4.240847758783818,4.240847758783818
Linear_V3,TSP-boundary-n600-g1000-2,16591.3553487678,16239,0.3954481000037049,0.3946679000000586,0.0007802000036463141,28.217762400003267,ok,2.169809401858489,2.169809401858489
Linear_V3,TSP-boundary-n600-g10000-1,159514.7892918429,156725,0.39049359999626176,0.3895942000017385,0.0008993999945232645,4.938473899994278,ok,1.7800537832782892,1.7800537832782892
Linear_V3,TSP-boundary-n80-g1000-3,6927.273183163829,6742,0.064322500002163,0.06293980000191368,0.001382700000249315,0.34194030000071507,ok,2.7480448407568874,2.7480448407568874
Linear_V3,TSP-boundary-n80-g1000-5,6860.873735612137,6794,0.05863620000309311,0.057739200005016755,0.0008969999980763532,0.1019769999984419,ok,0.984305793525719,0.984305793525719
Linear_V3,TSP-boundary-n600-g10000-3,168700.92773131575,165575,0.3916375999979209,0.39009269999951357,0.0015448999984073453,3.822116900002584,ok,1.8879225313699237,1.8879225313699237
Linear_V3,TSP-boundary-n600-g10000-2,165705.20712676898,162343,0.3996790000019246,0.3990927999984706,0.000586200003453996,4.045419300004141,ok,2.0710514939165687,2.0710514939165687
Linear_V3,TSP-boundary-n700-g1000-3,18058.159716683167,17579,0.2724515999943833,0.26648329999443376,0.005968299999949522,4.697206400000141,ok,2.7257507064290745,2.7257507064290745
Linear_V3,TSP-boundary-n600-g1000-3,16729.11815856398,16513,0.42793600000004517,0.4271472999971593,0.0007887000028858893,5.026221600011922,ok,1.3087758648578622,1.3087758648578622
Linear_V3,TSP-boundary-n80-g10000-1,64649.57498658967,63622,0.06787110000004759,0.06644580000283895,0.00142529999720864,0.34240709998994134,ok,1.6151252500544975,1.6151252500544975
Linear_V3,TSP-boundary-n80-g10000-2,63402.56804352784,61027,0.07814700000017183,0.07669280000118306,0.00145419999898877,0.11859060000278987,ok,3.8926508652364378,3.8926508652364378
Linear_V3,TSP-boundary-n80-g10000-3,67541.9576891974,69194,0.08402409999689553,0.08300859999872046,0.0010154999981750734,0.22685530000308063,ok,-2.387551392899096,2.387551392899096
Linear_V3,TSP-boundary-n700-g1000-2,17874.439435766562,17373,0.33823860000120476,0.33440970000083325,0.0038289000003715046,6.92876479998813,ok,2.886314601776103,2.886314601776103
Linear_V3,TSP-boundary-n700-g1000-1,17678.882832111987,17144,0.3427607999983593,0.34140669999760576,0.001354100000753533,24.911428599996725,ok,3.1199418578627345,3.1199418578627345
Linear_V3,TSP-boundary-n80-g10000-4,64952.867737735425,63042,0.08735909999813884,0.08658270000159973,0.0007763999965391122,0.11496600000828039,ok,3.0311026581254166,3.0311026581254166
Linear_V3,TSP-boundary-n80-g10000-5,66955.92665633769,67313,0.08441320000565611,0.08377090000431053,0.0006423000013455749,0.10997459999634884,ok,-0.5304671366040916,0.5304671366040916
Linear_V3,TSP-boundary-n700-g1000-4,17732.021016313287,17464,0.3496836999984225,0.3458385999983875,0.0038451000000350177,8.795029400003841,ok,1.5347057736674699,1.5347057736674699
Linear_V3,TSP-boundary-n700-g10000-1,178168.1568438928,175616,0.351679300001706,0.3498249999975087,0.0018543000041972846,10.379001500026789,ok,1.4532598646437644,1.4532598646437644
Linear_V3,TSP-boundary-n700-g10000-3,173406.99340199417,171652,0.3411467000041739,0.3394056000033743,0.0017411000007996336,8.618686699992395,ok,1.0224136054308555,1.0224136054308555
Linear_V3,TSP-boundary-n700-g1000-5,17703.112091348175,17318,0.368533099994238,0.36749109999800567,0.0010419999962323345,12.508719899997232,ok,2.2237677061333607,2.2237677061333607
Linear_V3,TSP-boundary-n90-g1000-1,6520.06924202321,6593,0.07013260000530863,0.06819450000330107,0.001938100002007559,0.16824620000261348,ok,-1.1061847107051437,1.1061847107051437
Linear_V3,TSP-boundary-n90-g1000-3,6707.177689845161,6498,0.06522860000404762,0.06422460000612773,0.001003999997919891,0.1539069999998901,ok,3.2191088003256505,3.2191088003256505
Linear_V3,TSP-boundary-n90-g1000-4,6505.756809706264,6519,0.0526224000059301,0.05110460000287276,0.0015178000030573457,0.09019919999991544,ok,-0.20314757315134233,0.20314757315134233
Linear_V3,TSP-boundary-n90-g1000-2,6795.158529347175,6651,0.07587780000176281,0.07527280000067549,0.0006050000010873191,0.1274632999993628,ok,2.167471498228467,2.167471498228467
Linear_V3,TSP-boundary-n90-g1000-5,6723.208800229079,6637,0.05293560000427533,0.051705300000321586,0.0012303000039537437,0.20075950000318699,ok,1.2989121625595799,1.2989121625595799
Linear_V3,TSP-boundary-n90-g10000-1,68054.69215099809,67541,0.060410600002796855,0.05825380000169389,0.0021568000011029653,0.14782820000255015,ok,0.7605634370206087,0.7605634370206087
Linear_V3,TSP-boundary-n90-g10000-2,66878.22656965528,64465,0.056841899997380096,0.0554545999984839,0.0013872999988961965,0.19192660000408068,ok,3.7434678812615814,3.7434678812615814
Linear_V3,TSP-boundary-n90-g10000-4,64504.75368189503,64892,0.05498100000113482,0.053814999999303836,0.0011660000018309802,0.18991210000240244,ok,-0.5967550978625531,0.5967550978625531
Linear_V3,TSP-boundary-n90-g10000-3,71251.20436606585,69192,0.06586190000234637,0.06378540000150679,0.0020765000008395873,0.10653119999915361,ok,2.976072907367691,2.976072907367691
Linear_V3,TSP-boundary-n90-g10000-5,65336.26379297119,65189,0.06053240000619553,0.05828180000389693,0.0022506000022985972,0.5789832000009483,ok,0.2259028255859006,0.2259028255859006
Linear_V3,TSP-boundary-n700-g10000-2,175927.78472871022,175350,0.4625254000056884,0.4617446000047494,0.0007808000009390526,6.62368739998783,ok,0.3295036947306641,0.3295036947306641
Linear_V3,TSP-boundary-n700-g10000-4,178495.35845230427,173365,0.47334219999902416,0.4722831999970367,0.0010590000019874424,12.89531399999396,ok,2.9592815460469333,2.9592815460469333
Linear_V3,TSP-boundary-n700-g10000-5,175982.47923236745,173629,0.4770776999939699,0.47627839999768184,0.0007992999962880276,7.7317230999906315,ok,1.3554643707948835,1.3554643707948835
Linear_V3,TSP-boundary-n800-g1000-2,19080.23406479795,18571,0.32324119999975665,0.32185719999688445,0.0013840000028721988,5.513284399989061,ok,2.742092858747245,2.742092858747245
Linear_V3,TSP-boundary-n800-g1000-1,19106.208252220207,18611,0.3439823000007891,0.3424016999997548,0.0015806000010343269,16.465018899994902,ok,2.660836345280787,2.660836345280787
Linear_V3,TSP-boundary-n800-g10000-2,185801.97848541898,184854,0.3249052000028314,0.3241023000009591,0.0008029000018723309,226.9496613999945,ok,0.5128255192849376,0.5128255192849376
Linear_V3,TSP-boundary-n800-g10000-3,187238.25780366955,183429,0.30280640000273706,0.3016245000035269,0.0011818999992101453,5.994047500003944,ok,2.0766933274834125,2.0766933274834125
Linear_V3,TSP-boundary-n800-g10000-5,182121.00908486388,178451,0.3098559999925783,0.30790929999784566,0.0019466999947326258,18.041770399999223,ok,2.0565920532044535,2.0565920532044535
Linear_V3,TSP-clustered-n100-g1000-c10-r10-1,4632.942787658993,4656,0.06469269999797689,0.06340720000298461,0.0012854999949922785,1.052139099992928,ok,-0.4952150416882853,0.4952150416882853
Linear_V3,TSP-clustered-n100-g1000-c10-r10-2,5131.255522085659,5027,0.05488519999926211,0.05331630000000587,0.0015688999992562458,0.7294317000050796,ok,2.0739113205820434,2.0739113205820434
Linear_V3,TSP-boundary-n800-g1000-5,18754.670173284703,18162,0.3912124999988009,0.3894205999968108,0.0017919000019901432,5.016360900001018,ok,3.263242887813585,3.263242887813585
Linear_V3,TSP-boundary-n800-g10000-4,191685.08873880253,188036,0.35657250000804197,0.35569480000413023,0.0008777000039117411,7.187218499995652,ok,1.9406330377175274,1.9406330377175274
Linear_V3,TSP-clustered-n100-g1000-c10-r10-4,5333.987553412106,5263,0.05261640000389889,0.051470500002324115,0.0011459000015747733,1.0690195000061067,ok,1.3488039789493753,1.3488039789493753
Linear_V3,TSP-clustered-n100-g1000-c10-r10-3,5239.123455539961,5292,0.06598859999940032,0.06388280000101076,0.002105799998389557,2.5103675999998813,ok,-0.9991788446719471,0.9991788446719471
Linear_V3,TSP-clustered-n100-g1000-c10-r10-5,4948.415341316715,5213,0.05992750000586966,0.05902930000593187,0.0008981999999377877,1.3023149999935413,ok,-5.075477818593611,5.075477818593611
Linear_V3,TSP-clustered-n100-g1000-c10-r5-4,4828.491980229239,4259,0.03995589999249205,0.0387332999962382,0.001222599996253848,1.2609677000000374,ok,13.371495192045993,13.371495192045993
Linear_V3,TSP-clustered-n100-g1000-c10-r5-1,4512.228918413265,3980,0.05459310000878759,0.05258020000474062,0.002012900004046969,0.8031785999919521,ok,13.372585889780531,13.372585889780531
Linear_V3,TSP-clustered-n100-g1000-c10-r5-2,4925.621964148866,4376,0.06063699999504024,0.0588075999985449,0.00182939999649534,1.0825814999989234,ok,12.55991691382235,12.55991691382235
Linear_V3,TSP-clustered-n100-g1000-c10-r5-3,4939.088013169432,4370,0.05885689999558963,0.05743629999778932,0.0014205999978003092,2.8935513000033097,ok,13.022608997012174,13.022608997012174
Linear_V3,TSP-clustered-n100-g1000-c5-r5-1,3748.4901894891073,3294,0.05068429999664659,0.04731299999548355,0.0033713000011630356,4.521199299997534,ok,13.797516377932824,13.797516377932824
Linear_V3,TSP-clustered-n100-g1000-c10-r5-5,4071.799719156148,3812,0.052883600001223385,0.05034920000616694,0.0025343999950564466,3.3784310999908485,ok,6.815312674610389,6.815312674610389
Linear_V3,TSP-clustered-n100-g1000-c5-r5-2,4374.180463488328,3523,0.05732150000403635,0.055757800000719726,0.001563700003316626,3.1245721000013873,ok,24.160671685731717,24.160671685731717
Linear_V3,TSP-boundary-n900-g1000-4,20060.9640090336,19365,0.3252421999932267,0.3237446999992244,0.0014974999940022826,10.63208169999416,ok,3.593927234875289,3.593927234875289
Linear_V3,TSP-boundary-n800-g10000-1,189534.15902633598,186065,0.5194678000043496,0.5187935000067228,0.0006742999976268038,6.679852500004927,ok,1.8644876931910799,1.8644876931910799
Linear_V3,TSP-clustered-n100-g1000-c5-r5-3,2347.5049355727406,2413,0.07748549999814713,0.07570139999734238,0.0017841000008047558,4.277486499995575,ok,-2.7142587827293587,2.7142587827293587
Linear_V3,TSP-clustered-n100-g1000-c5-r5-4,3834.819225211084,3194,0.07611390000238316,0.0710042999999132,0.005109600002469961,1.6482375000050524,ok,20.06321932407902,20.06321932407902
Linear_V3,TSP-clustered-n100-g10000-c10-r10-1,51016.7587047836,50116,0.077922700002091,0.07206510000105482,0.0058576000010361895,0.37529219999851193,ok,1.7973475632205256,1.7973475632205256
Linear_V3,TSP-boundary-n800-g1000-3,19239.994653446516,18426,0.5486133000013069,0.5420243000044138,0.006588999996893108,5.908687799994368,ok,4.417641666376404,4.417641666376404
Linear_V3,TSP-clustered-n100-g1000-c5-r5-5,3001.01281765776,2920,0.08225989999482408,0.07435129999794299,0.007908599996881094,3.247115699996357,ok,2.7744115636219187,2.7744115636219187
Linear_V3,TSP-boundary-n900-g1000-2,20531.71750452505,19832,0.3986046999998507,0.3953503000011551,0.0032543999986955896,6.772020100004738,ok,3.528224609343745,3.528224609343745
Linear_V3,TSP-boundary-n800-g1000-4,19232.8824193507,18601,0.5529661999971722,0.5523778999995557,0.0005882999976165593,33.339048099995125,ok,3.3970346720643994,3.3970346720643994
Linear_V3,TSP-clustered-n100-g10000-c10-r10-2,45078.60921848456,45066,0.07295490000251448,0.06422000000020489,0.008734900002309587,0.14058969999314286,ok,0.02797944899605469,0.02797944899605469
Linear_V3,TSP-boundary-n900-g1000-3,20616.962220322584,19767,0.3889899000059813,0.3871179000052507,0.0018720000007306226,343.4526244000008,ok,4.29990499480237,4.29990499480237
Linear_V3,TSP-clustered-n100-g10000-c10-r10-3,44442.915834875996,45142,0.08325650000188034,0.08181999999942491,0.001436500002455432,1.0051226999930805,ok,-1.5486335676842062,1.5486335676842062
Linear_V3,TSP-clustered-n100-g10000-c10-r10-4,49069.365717478984,46682,0.08785680000437424,0.08657530000346014,0.001281500000914093,0.062207200011471286,ok,5.114103332074428,5.114103332074428
Linear_V3,TSP-boundary-n900-g10000-2,202660.34575053534,196562,0.3823411999983364,0.38082399999984773,0.0015171999984886497,80.47898859999259,ok,3.1025049351020764,3.1025049351020764
Linear_V3,TSP-clustered-n100-g10000-c10-r10-5,49903.93778724399,50639,0.09977739999885671,0.09806899999966845,0.0017083999991882592,0.131095999997342,ok,-1.4515733185015753,1.4515733185015753
Linear_V3,TSP-boundary-n900-g10000-1,202866.84522545687,197681,0.4068124999976135,0.40602599999692757,0.0007865000006859191,21.687275000003865,ok,2.623340242844213,2.623340242844213
Linear_V3,TSP-clustered-n100-g10000-c10-r5-2,38432.71598344287,37465,0.08331630000611767,0.08227710000210209,0.0010392000040155835,0.5736953000014182,ok,2.58298674347489,2.58298674347489
Linear_V3,TSP-clustered-n100-g10000-c5-r5-4,27564.602761211285,25622,0.0688259000016842,0.06264089999604039,0.006185000005643815,1.2420207999966806,ok,7.581776446847571,7.581776446847571
Linear_V3,TSP-clustered-n100-g10000-c10-r5-4,47388.76132685628,41412,0.07086689999414375,0.06905379999807337,0.0018130999960703775,0.34294170000066515,ok,14.43243824702086,14.43243824702086
Linear_V3,TSP-clustered-n100-g10000-c10-r5-3,42574.13442573838,39588,0.09127580000495072,0.08861910000268836,0.002656700002262369,1.368008200006443,ok,7.5430292657835265,7.5430292657835265
Linear_V3,TSP-clustered-n100-g10000-c5-r5-5,29834.685757528612,26480,0.07944300000235671,0.07828029999654973,0.0011627000058069825,2.1709877000103006,ok,12.668752860757598,12.668752860757598
Linear_V3,TSP-clustered-n100-g10000-c5-r5-1,33504.63128781737,30848,0.08763709999766434,0.08319339999434305,0.0044437000033212826,1.4352475000050617,ok,8.612004952727471,8.612004952727471
Linear_V3,TSP-clustered-n100-g10000-c5-r5-3,33801.83179256294,31841,0.09399439999833703,0.0933967999953893,0.0005976000029477291,1.3821425999922212,ok,6.1581978975626965,6.1581978975626965
Linear_V3,TSP-clustered-n100-g10000-c5-r5-2,36781.84318153914,35317,0.09701649999624351,0.09216139999625739,0.004855099999986123,1.541286499996204,ok,4.147699922244635,4.147699922244635
Linear_V3,TSP-clustered-n100-g10000-c10-r5-1,39369.87056710998,33113,0.1309906000024057,0.12892780000402126,0.0020627999983844347,0.43984540000383276,ok,18.895511029233177,18.895511029233177
Linear_V3,TSP-clustered-n100-g10000-c10-r5-5,51484.62614562382,43916,0.11698539999633795,0.11608689999411581,0.0008985000022221357,0.5331836999976076,ok,17.23432495132485,17.23432495132485
Linear_V3,TSP-boundary-n900-g1000-1,20358.357350733284,19866,0.6008445999977994,0.5998831999968388,0.0009614000009605661,10.823129700002028,ok,2.478391979931964,2.478391979931964
Linear_V3,TSP-boundary-n900-g1000-5,20259.804082405848,19786,0.5889591999948607,0.5875607999987551,0.0013983999961055815,11.174093099994934,ok,2.3946430931256852,2.3946430931256852
Linear_V3,TSP-boundary-n900-g10000-3,197368.86790167872,195494,0.5795069000014337,0.578611800003273,0.000895099998160731,14.352525299997069,ok,0.9590411479015832,0.9590411479015832
Linear_V3,TSP-boundary-n900-g10000-4,198982.7089801717,192765,0.5790208999969764,0.5782047999964561,0.0008161000005202368,9.116299999994226,ok,3.2255383395179145,3.2255383395179145
Linear_V3,TSP-clustered-n500-g1000-c10-r5-1,5975.8047028980955,5453,0.20146810000005644,0.19895520000136457,0.0025128999986918643,19.49607520000427,ok,9.587469336110315,9.587469336110315
Linear_V3,TSP-boundary-n900-g10000-5,196022.12383708032,192390,0.5721013000002131,0.5710479999979725,0.0010533000022405759,11.862939899991034,ok,1.8878963756329945,1.8878963756329945
Linear_V3,TSP-clustered-n500-g1000-c10-r5-3,7607.571591326008,6167,0.22193490000790916,0.22105450000526616,0.0008804000026430003,40.63895039999625,ok,23.35935773189571,23.35935773189571
Linear_V3,TSP-clustered-n500-g1000-c10-r5-5,7400.6721506676795,6104,0.21849339999607764,0.2173521000004257,0.0011412999956519343,32.13442910001322,ok,21.242990672799465,21.242990672799465
Linear_V3,TSP-clustered-n500-g1000-c10-r5-2,7591.643655845002,6022,0.2657052999929874,0.2648462999932235,0.0008589999997639097,37.60363919999509,ok,26.065155361092696,26.065155361092696
Linear_V3,TSP-clustered-n1000-g1000-c20-r10-1,15625.904363376274,15160,0.36596519999875454,0.36477539999759756,0.001189800001156982,123.27919690000999,ok,3.073247779526873,3.073247779526873
Linear_V3,TSP-clustered-n500-g1000-c10-r5-4,7115.96188915791,6363,0.2778734000021359,0.2771186000027228,0.0007547999994130805,50.842930500002694,ok,11.833441602355968,11.833441602355968
Linear_V3,TSP-clustered-n500-g1000-c20-r10-1,10874.20382875301,10713,0.2237200000017765,0.22234780000144383,0.0013722000003326684,29.613700200003223,ok,1.5047496383180285,1.5047496383180285
Linear_V3,TSP-clustered-n1000-g1000-c20-r10-3,16198.627741040045,15891,0.402585400006501,0.39511160000256496,0.007473800003936049,51.62400969999726,ok,1.9358614375435486,1.9358614375435486
Linear_V3,TSP-clustered-n1000-g10000-c20-r10-1,150760.02157149633,146479,0.37243069999385625,0.36721699999907287,0.005213699994783383,9.43321869999636,ok,2.9226179667367522,2.9226179667367522
Linear_V3,TSP-clustered-n1000-g10000-c20-r10-2,164391.1630332865,159532,0.3589064000043436,0.3554772999996203,0.0034291000047232956,107.06078739999793,ok,3.0458861126836547,3.0458861126836547
Linear_V3,TSP-clustered-n1000-g1000-c20-r10-5,14829.097053324174,14436,0.40491049999400275,0.4017954999944777,0.0031149999995250255,37.280576500008465,ok,2.7230330654209918,2.7230330654209918
Linear_V3,TSP-clustered-n1000-g1000-c20-r10-4,15955.699954429929,15543,0.4242625999977463,0.41970739999669604,0.0045552000010502525,22.273392499992042,ok,2.6552142728554897,2.6552142728554897
Linear_V3,TSP-clustered-n1000-g1000-c20-r10-2,15806.786274449369,15203,0.45226109999930486,0.44922950000182027,0.003031599997484591,15.93639620000613,ok,3.971494273823381,3.971494273823381
Linear_V3,TSP-correlated-n10-g1000-1,2046.6665521708894,2694,0.015548600000329316,0.014684300003864337,0.0008642999964649789,0.07115970000450034,ok,-24.028710015928382,24.028710015928382
Linear_V3,TSP-correlated-n10-g1000-2,1910.3337438853828,2486,0.013774899998679757,0.012405499997839797,0.0013694000008399598,0.044379200000548735,ok,-23.15632566832732,23.15632566832732
Linear_V3,TSP-correlated-n10-g1000-4,1837.634816366423,2387,0.014493600006971974,0.012262700001883786,0.0022309000050881878,0.12711860000854358,ok,-23.014879917619485,23.014879917619485
Linear_V3,TSP-clustered-n500-g1000-c20-r10-2,11959.032985028,11918,0.27894499999820255,0.275562800001353,0.003382199996849522,4.350630300003104,ok,0.3442942190635973,0.3442942190635973
Linear_V3,TSP-correlated-n10-g1000-3,1923.631104397266,2640,0.02624850000574952,0.023340100000496022,0.0029084000052534975,0.192071900004521,ok,-27.1351854394975,27.1351854394975
Linear_V3,TSP-clustered-n1000-g10000-c20-r10-5,166042.6246532394,161586,0.42243589999270625,0.419892499994603,0.0025433999981032684,224.62628540000878,ok,2.758051225501847,2.758051225501847
Linear_V3,TSP-correlated-n10-g1000-5,1865.6374175339108,2249,0.02266080000117654,0.01844639999762876,0.00421440000354778,0.12945190000755247,ok,-17.045912959808323,17.045912959808323
Linear_V3,TSP-correlated-n10-g10000-2,18349.332155199154,23420,0.01814359999843873,0.01666549999936251,0.0014780999990762211,0.041838999997708015,ok,-21.65101556277048,21.65101556277048
Linear_V3,TSP-correlated-n10-g10000-1,20589.308441302994,25534,0.020055900000443216,0.018871399995987304,0.0011845000044559129,0.11964720000105444,ok,-19.36512711951518,19.36512711951518
Linear_V3,TSP-clustered-n1000-g10000-c20-r10-3,161779.90778378778,159226,0.45841310000105295,0.45474100000137696,0.003672099999675993,115.67414400000416,ok,1.6039514801526038,1.6039514801526038
Linear_V3,TSP-correlated-n10-g10000-3,19190.719773059274,24736,0.026492400000279304,0.023984999999811407,0.0025074000004678965,0.055550299992319196,ok,-22.417853440090255,22.417853440090255
Linear_V3,TSP-clustered-n1000-g10000-c20-r10-4,159317.2289695658,152731,0.4551348000022699,0.4527059000029112,0.0024288999993586913,18.410464400003548,ok,4.312306584495483,4.312306584495483
Linear_V3,TSP-correlated-n10-g10000-4,19159.687039281667,23264,0.027878000000782777,0.02276210000127321,0.0051158999995095655,0.052583500000764616,ok,-17.642335628947443,17.642335628947443
Linear_V3,TSP-clustered-n500-g1000-c20-r10-3,12000.922740077478,11762,0.31994890000351006,0.31865929999912623,0.0012896000043838285,2.0465935000102036,ok,2.0313104920717397,2.0313104920717397
Linear_V3,TSP-correlated-n10-g10000-5,18532.370544376296,23777,0.03338360000634566,0.030130900006042793,0.003252700000302866,0.04085029999259859,ok,-22.057574360195588,22.057574360195588
Linear_V3,TSP-clustered-n500-g1000-c20-r10-4,11558.299997347583,11066,0.31406840000272496,0.3134095999994315,0.000658800003293436,19.5994936000061,ok,4.448761949643805,4.448761949643805
Linear_V3,TSP-clustered-n500-g1000-c20-r10-5,11365.156226754556,11171,0.29296769999928074,0.29188589999830583,0.0010818000009749085,10.501491299990448,ok,1.7380380158853816,1.7380380158853816
Linear_V3,TSP-correlated-n100-g1000-3,4895.253510386029,4989,0.05475270000169985,0.053998900002625305,0.0007537999990745448,0.3519467000005534,ok,-1.8790637324908976,1.8790637324908976
Linear_V3,TSP-clustered-n500-g10000-c10-r5-2,65212.36371751785,56755,0.2803448999984539,0.27792410000256496,0.002420799995888956,11.221550100002787,ok,14.90153064490856,14.90153064490856
Linear_V3,TSP-correlated-n100-g1000-1,4592.6661769316715,4639,0.07294230000843527,0.07230250000429805,0.0006398000041372143,0.18923450000875164,ok,-0.9987890292806306,0.9987890292806306
Linear_V3,TSP-correlated-n100-g10000-1,48125.012697217404,49407,0.05690630000026431,0.05570340000122087,0.0012028999990434386,0.3402922999957809,ok,-2.5947483206480784,2.5947483206480784
Linear_V3,TSP-correlated-n100-g1000-4,4399.7174636159,4543,0.07250420000491431,0.06889249999949243,0.0036117000054218806,0.3382789000024786,ok,-3.153918916665204,3.153918916665204
Linear_V3,TSP-correlated-n100-g1000-2,4716.91048252339,4929,0.08363180000014836,0.08185599999706028,0.0017758000030880794,0.1714053000032436,ok,-4.302891407518972,4.302891407518972
Linear_V3,TSP-correlated-n100-g1000-5,5066.971452232624,5080,0.07463650000136113,0.07074350000038976,0.0038930000009713694,0.2262345000053756,ok,-0.2564674757357488,0.2564674757357488
Linear_V3,TSP-correlated-n100-g10000-2,47714.98274201107,46965,0.07666730000346433,0.07507060000352794,0.0015966999999363907,0.1191878999961773,ok,1.5968971404472838,1.5968971404472838
Linear_V3,TSP-correlated-n100-g10000-3,50825.66373573681,50000,0.07900619999418268,0.07790669999667443,0.0010994999975082465,0.507085500008543,ok,1.6513274714736181,1.6513274714736181
Linear_V3,TSP-clustered-n500-g10000-c10-r5-5,75147.22791435453,61953,0.2961420999999973,0.2949895999990986,0.0011525000008987263,18.1173351000034,ok,21.29715738439548,21.29715738439548
Linear_V3,TSP-clustered-n500-g10000-c10-r5-1,71112.360560168,61703,0.38086140000086743,0.37944649999553803,0.0014149000053294003,8.997720400002436,ok,15.249437726152703,15.249437726152703
Linear_V3,TSP-clustered-n500-g10000-c20-r10-5,116215.88394762494,114328,0.25867090000247117,0.25659820000146283,0.002072700001008343,6.9921853999985615,ok,1.6512874778050357,1.6512874778050357
Linear_V3,TSP-clustered-n500-g10000-c20-r10-3,118394.41698501716,118909,0.27278579999983776,0.26556669999990845,0.007219099999929313,10.678595999997924,ok,-0.432753630913421,0.432753630913421
Linear_V3,TSP-correlated-n100-g10000-5,49212.61217250559,49729,0.114081100000476,0.10940880000271136,0.0046722999977646396,0.3912067999917781,ok,-1.0384038036043501,1.0384038036043501
Linear_V3,TSP-correlated-n100-g10000-4,47409.37836430426,47860,0.1353425999986939,0.13406509999913396,0.00127749999955995,0.2945146999991266,ok,-0.9415412363053438,0.9415412363053438
Linear_V3,TSP-correlated-n20-g1000-1,2191.279700915971,2623,0.033021800001733936,0.03193219999957364,0.0010896000021602958,0.05801619999692775,ok,-16.45902779580744,16.45902779580744
Linear_V3,TSP-correlated-n20-g1000-5,2475.387078856878,2761,0.02353430000221124,0.02120890000514919,0.00232539999706205,0.06756019999738783,ok,-10.344546220323148,10.344546220323148
Linear_V3,TSP-correlated-n20-g1000-2,2358.0260535036637,3010,0.03742130000318866,0.03366120000282535,0.003760100000363309,0.08906469999055844,ok,-21.660264003200545,21.660264003200545
Linear_V3,TSP-correlated-n20-g1000-3,2536.6810087118547,2991,0.03624090000084834,0.02905319999990752,0.007187700000940822,0.07763019998674281,ok,-15.189534981215155,15.189534981215155
Linear_V3,TSP-clustered-n500-g10000-c20-r10-4,120583.09960717948,115408,0.3067830999934813,0.3023447999948985,0.0044382999985828064,4.342118600005051,ok,4.4841775329088795,4.4841775329088795
Linear_V3,TSP-correlated-n20-g10000-1,22902.007266213834,27076,0.029366200004005805,0.027992800001811702,0.0013734000021941029,0.05447940000158269,ok,-15.41583961362892,15.41583961362892
Linear_V3,TSP-correlated-n20-g1000-4,2364.271881658542,2974,0.05179159999534022,0.046414799995545764,0.005376799999794457,0.06534440000541508,ok,-20.501954214574912,20.501954214574912
Linear_V3,TSP-correlated-n20-g10000-2,24101.88812798265,27481,0.021791199993458577,0.02118029999837745,0.0006108999950811267,0.04422020001220517,ok,-12.296175073750412,12.296175073750412
Linear_V3,TSP-correlated-n20-g10000-4,20538.450298177002,25114,0.02145889999519568,0.017361399994115345,0.004097500001080334,0.044350500000291504,ok,-18.21911962181651,18.21911962181651
Linear_V3,TSP-correlated-n20-g10000-3,21679.78716518693,27248,0.03230489999987185,0.028192300000227988,0.004112599999643862,0.043154800005140714,ok,-20.435308407270508,20.435308407270508
Linear_V3,TSP-correlated-n20-g10000-5,24815.35206255472,28601,0.028809700001147576,0.028053100002580322,0.0007565999985672534,0.041203000000678,ok,-13.236068450212507,13.236068450212507
Linear_V3,TSP-clustered-n500-g10000-c10-r5-4,67745.06892540933,56914,0.430578700004844,0.4294231000021682,0.0011556000026757829,29.798959199993988,ok,19.03058812490658,19.03058812490658
Linear_V3,TSP-clustered-n500-g10000-c10-r5-3,90184.21133018457,68860,0.4531769000022905,0.4514530000014929,0.0017239000007975847,97.15307070000563,ok,30.967486683393215,30.967486683393215
Linear_V3,TSP-clustered-n500-g10000-c20-r10-1,114716.60335835064,112649,0.4301324999978533,0.428782199996931,0.0013503000009222887,8.870767899992643,ok,1.8354387152576905,1.8354387152576905
Linear_V3,TSP-clustered-n500-g10000-c20-r10-2,106715.8461787695,106730,0.4293958000052953,0.4282643000042299,0.001131500001065433,16.4446706000017,ok,-0.01326133348683802,0.01326133348683802
Linear_V3,TSP-correlated-n200-g1000-2,6271.917433410069,6390,0.0974043000023812,0.09569899999769405,0.0017053000046871603,1.1352532000018982,ok,-1.8479274896702824,1.8479274896702824
Linear_V3,TSP-correlated-n200-g1000-3,7166.795972919732,7272,0.09910719999606954,0.09762799999589333,0.0014792000001762062,1.07515040000726,ok,-1.4467000423579226,1.4467000423579226
Linear_V3,TSP-correlated-n200-g1000-1,6788.574204874532,6771,0.11617749999277294,0.11559209999541054,0.0005853999973624013,0.9605453999974998,ok,0.25955109842759366,0.25955109842759366
Linear_V3,TSP-correlated-n200-g1000-4,6807.087986105471,6818,0.1072308999937377,0.10310839999874588,0.004122499994991813,1.1035255000024335,ok,-0.16004713837678325,0.16004713837678325
Linear_V3,TSP-correlated-n200-g10000-1,65898.83115973328,66282,0.10109170000214363,0.09830979999969713,0.0027819000024464913,1.1826494000124512,ok,-0.5780888329662963,0.5780888329662963
Linear_V3,TSP-correlated-n200-g10000-2,61825.04114148331,61838,0.1004802999959793,0.09972099999868078,0.0007592999972985126,1.1510228000115603,ok,-0.020956141072953523,0.020956141072953523
Linear_V3,TSP-correlated-n200-g1000-5,6218.814094229369,6192,0.10842190000403207,0.10730570000305306,0.0011162000009790063,0.9919045999995433,ok,0.43304415745105623,0.43304415745105623
Linear_V3,TSP-correlated-n30-g1000-2,2543.5144624965465,3151,0.02927129999443423,0.02840739999373909,0.0008639000006951392,0.05031389999203384,ok,-19.279134798586277,19.279134798586277
Linear_V3,TSP-correlated-n30-g1000-1,2613.037959927949,3128,0.038695900002494454,0.037885300000198185,0.0008106000022962689,0.044945300003746524,ok,-16.462980820717743,16.462980820717743
Linear_V3,TSP-correlated-n30-g1000-3,2925.4123356470377,3279,0.03367169999546604,0.032391199994890485,0.0012805000005755574,0.0734733999997843,ok,-10.783399339828065,10.783399339828065
Linear_V3,TSP-correlated-n200-g10000-4,63179.64988909394,62683,0.11422909999237163,0.11259999999310821,0.001629099999263417,1.3322217999957502,ok,0.7923199098542509,0.7923199098542509
Linear_V3,TSP-correlated-n200-g10000-3,68709.99355672063,69044,0.12205959999846527,0.11879979999503121,0.0032598000034340657,2.7228700000123354,ok,-0.48375882521200003,0.48375882521200003
Linear_V3,TSP-correlated-n30-g10000-1,28965.65864374704,32711,0.03541379999660421,0.03301439999631839,0.002399400000285823,0.055189100006828085,ok,-11.449791679413531,11.449791679413531
Linear_V3,TSP-correlated-n30-g1000-4,2800.9010260966934,3172,0.03576220000104513,0.02969229999871459,0.006069900002330542,0.11305780000111554,ok,-11.699211030999578,11.699211030999578
Linear_V3,TSP-correlated-n30-g1000-5,2506.0864536062345,2946,0.03566519999731099,0.033801899997342844,0.0018632999999681488,0.057796099994448014,ok,-14.932571160684505,14.932571160684505
Linear_V3,TSP-correlated-n30-g10000-2,30343.028396204198,33943,0.04371930000343127,0.04111340000235941,0.002605900001071859,0.08699280000291765,ok,-10.60593230944761,10.60593230944761
Linear_V3,TSP-correlated-n30-g10000-3,27942.81938033419,31821,0.04019420000258833,0.03938239999843063,0.0008118000041577034,0.0533492000104161,ok,-12.18748819856639,12.18748819856639
Linear_V3,TSP-correlated-n30-g10000-4,25899.311066698956,30655,0.039888799998152535,0.03897789999609813,0.0009109000020544045,0.1596713000035379,ok,-15.513583210898855,15.513583210898855
Linear_V3,TSP-correlated-n30-g10000-5,29214.901215929633,34043,0.039283700003579725,0.03769330000068294,0.0015904000028967857,0.09290290001081303,ok,-14.182354034809997,14.182354034809997
Linear_V3,TSP-correlated-n200-g10000-5,66970.38983322436,65583,0.13196779999998398,0.13097410000045784,0.000993699999526143,1.777247999998508,ok,2.1154717430193117,2.1154717430193117
Linear_V3,TSP-correlated-n1000-g1000-4,14690.43753450825,14397,0.38925200000812765,0.3878019000039785,0.0014501000041491352,17.90100720000919,ok,2.0381852782402574,2.0381852782402574
Linear_V3,TSP-correlated-n1000-g1000-1,14387.602799969885,14073,0.42785460000595776,0.42577190000156406,0.0020827000043937005,9.94050110000535,ok,2.2355062884238284,2.2355062884238284
Linear_V3,TSP-correlated-n40-g1000-1,3349.608849102559,3609,0.026854700008698273,0.025236300003598444,0.0016184000050998293,0.05630179999570828,ok,-7.187341393666974,7.187341393666974
Linear_V3,TSP-correlated-n1000-g10000-2,152304.90898320006,145501,0.43035860000236426,0.4292630999989342,0.001095500003430061,2115.611118800007,ok,4.67619396650199,4.67619396650199
Linear_V3,TSP-correlated-n40-g1000-2,2972.2936442687956,3295,0.029514099995139986,0.02801769999496173,0.0014964000001782551,0.045490499993320554,ok,-9.793819597305141,9.793819597305141
Linear_V3,TSP-correlated-n40-g1000-3,2871.518690463155,3285,0.024766499998804647,0.023363000000244938,0.0014034999985597096,0.08617850000155158,ok,-12.586950062004412,12.586950062004412
Linear_V3,TSP-correlated-n1000-g10000-1,148736.39723239793,143934,0.44235849999677157,0.44137939999927767,0.000979099997493904,18.70663129998138,ok,3.33652731974233,3.33652731974233
Linear_V3,TSP-correlated-n300-g1000-5,8046.504522450455,7980,0.14499489999434445,0.14084079999884125,0.004154099995503202,2.6704618000076152,ok,0.8333900056447959,0.8333900056447959
Linear_V3,TSP-correlated-n40-g1000-5,3027.079079967434,3317,0.03379719999793451,0.032768299999588635,0.001028899998345878,0.07137550000334159,ok,-8.740455834566351,8.740455834566351
Linear_V3,TSP-correlated-n300-g10000-1,78807.51946993773,76971,0.1446049000005587,0.1426726999998209,0.0019322000007377937,1.5343295999919064,ok,2.385988839871811,2.385988839871811
Linear_V3,TSP-correlated-n300-g10000-3,82432.87977419487,80614,0.15182020000065677,0.14883350000309292,0.0029866999975638464,2.1563928999967175,ok,2.256282747655327,2.256282747655327
Linear_V3,TSP-correlated-n1000-g1000-5,14420.779143985881,14121,0.48833790000207955,0.48738610000145854,0.0009518000006210059,253.13229649999994,ok,2.122931407024156,2.122931407024156
Linear_V3,TSP-correlated-n40-g1000-4,2620.3021256035704,3108,0.05320539999229368,0.04952899999625515,0.0036763999960385263,0.06814760000270326,ok,-15.691694800399922,15.691694800399922
Linear_V3,TSP-correlated-n40-g10000-1,32998.93586860424,35122,0.054270499997073784,0.04387750000023516,0.010392999996838626,0.09488409999175929,ok,-6.044826978519903,6.044826978519903
Linear_V3,TSP-correlated-n40-g10000-2,30640.990136316155,33765,0.05495599999267142,0.0476282999952673,0.007327699997404125,0.1057967000087956,ok,-9.252213427169686,9.252213427169686
Linear_V3,TSP-correlated-n300-g1000-4,8057.207806238559,8036,0.19583810000767699,0.18286520000401651,0.01297290000366047,1.6500839999935124,ok,0.26390998305822533,0.26390998305822533
Linear_V3,TSP-correlated-n300-g1000-1,7683.241904855254,7762,0.20440420000522863,0.19680480000533862,0.007599399999890011,6.073619000002509,ok,-1.0146623955777663,1.0146623955777663
Linear_V3,TSP-correlated-n1000-g10000-5,147506.34708441517,141657,0.45958250000694534,0.4576258000015514,0.001956700005393941,4.8632092000043485,ok,4.129232642520436,4.129232642520436
Linear_V3,TSP-correlated-n300-g1000-2,7977.615492176571,8169,0.21227889999863692,0.2085642999954871,0.003714600003149826,2.150467400002526,ok,-2.342814393725413,2.342814393725413
Linear_V3,TSP-correlated-n40-g10000-3,33237.681961471986,35005,0.05873069999506697,0.05752189999475377,0.0012088000003132038,0.09995040000649169,ok,-5.0487588588144945,5.0487588588144945
Linear_V3,TSP-correlated-n300-g1000-3,7914.835112135894,8036,0.2196849999963888,0.21909449999657227,0.0005904999998165295,2.180775500004529,ok,-1.5077761058251153,1.5077761058251153
Linear_V3,TSP-correlated-n1000-g10000-4,150289.81612114975,142064,0.5259162000074866,0.525100900005782,0.0008153000017045997,243.73681160001433,ok,5.790218578351834,5.790218578351834
Linear_V3,TSP-correlated-n5-g1000-1,1453.2570002511795,1996,0.013563100001192652,0.012845500001276378,0.0007175999999162741,0.045453400001861155,ok,-27.191533053548117,27.191533053548117
Linear_V3,TSP-correlated-n1000-g1000-2,14771.207471650512,14546,0.5612758000061149,0.5590796000033151,0.002196200002799742,19.935671100014588,ok,1.5482433084732035,1.5482433084732035
Linear_V3,TSP-correlated-n40-g10000-4,32073.04393742946,34842,0.08404189999419032,0.077045599995472,0.006996299998718314,0.11325110000325367,ok,-7.9471788719664245,7.9471788719664245
Linear_V3,TSP-correlated-n40-g10000-5,31301.41044360655,33983,0.06472909999865806,0.06140160000359174,0.0033274999950663187,0.05468570000084583,ok,-7.890973593836477,7.890973593836477
Linear_V3,TSP-correlated-n300-g10000-2,84458.38921630655,82442,0.23328619999665534,0.23241699999925913,0.0008691999973962083,2.7626813999959268,ok,2.44582763191886,2.44582763191886
Linear_V3,TSP-correlated-n5-g1000-3,1801.885547236845,2473,0.014353900005517062,0.013779100001556799,0.000574800003960263,0.08004669999354519,ok,-27.13766489135281,27.13766489135281
Linear_V3,TSP-correlated-n300-g10000-4,76997.2576476896,76189,0.2358587999988231,0.23464299999614013,0.001215800002682954,6.393391400008113,ok,1.0608587167302452,1.0608587167302452
Linear_V3,TSP-correlated-n5-g1000-2,1635.863698783515,2249,0.027233099994191434,0.020692799997050315,0.006540299997141119,0.037372599996160716,ok,-27.26261899584193,27.26261899584193
Linear_V3,TSP-correlated-n5-g1000-4,2023.4768605159627,2624,0.028477700005169027,0.024137300002621487,0.00434040000254754,0.03742190000775736,ok,-22.88579037667825,22.88579037667825
Linear_V3,TSP-correlated-n5-g10000-1,15474.378818920753,19764,0.020177100006549153,0.017377800002577715,0.002799300003971439,0.05220239999471232,ok,-21.704215650067024,21.704215650067024
Linear_V3,TSP-correlated-n5-g10000-3,17602.266327649144,23603,0.023089900001650676,0.020218199999362696,0.00287170000228798,0.057955199998104945,ok,-25.423605780412895,25.423605780412895
Linear_V3,TSP-correlated-n5-g10000-2,13843.877534926178,16625,0.024065300000074785,0.023346200003288686,0.0007190999967860989,0.051026200002525,ok,-16.728556180895172,16.728556180895172
Linear_V3,TSP-correlated-n5-g1000-5,1996.3398362648272,2556,0.028074100002413616,0.0244514000005438,0.0036227000018698163,0.15360240000882186,ok,-21.895937548324444,21.895937548324444
Linear_V3,TSP-correlated-n300-g10000-5,79332.86851352954,78142,0.24836770000547403,0.24534349999885308,0.0030242000066209584,2.6780951999971876,ok,1.5239800792525635,1.5239800792525635
Linear_V3,TSP-correlated-n5-g10000-4,15598.475843550952,21395,0.029161400001612492,0.026550800001132302,0.00261060000048019,0.04538270000193734,ok,-27.092891593592185,27.092891593592185
Linear_V3,TSP-correlated-n5-g10000-5,17266.77291426443,23785,0.02346100000431761,0.019323200001963414,0.004137800002354197,0.06151720001071226,ok,-27.404780684194108,27.404780684194108
Linear_V3,TSP-correlated-n50-g1000-1,3508.037952656995,3758,0.029197200005000923,0.02701099999831058,0.002186200006690342,0.17227270000148565,ok,-6.651464804231106,6.651464804231106
Linear_V3,TSP-correlated-n50-g1000-5,3317.7032836837266,3522,0.05105189999449067,0.04795459999877494,0.00309729999571573,0.13482859999930952,ok,-5.800588197509183,5.800588197509183
Linear_V3,TSP-correlated-n50-g1000-2,3247.6128892919533,3711,0.05182269999932032,0.04981960000441177,0.0020030999949085526,0.06190909999713767,ok,-12.486852888926078,12.486852888926078
Linear_V3,TSP-correlated-n50-g1000-3,3547.838329087474,3677,0.06043240000872174,0.058394700005010236,0.0020377000037115067,0.11122229999455158,ok,-3.5126916212272508,3.5126916212272508
Linear_V3,TSP-correlated-n50-g1000-4,3362.7864025845975,3680,0.06116570000449428,0.06034570000338135,0.0008200000011129305,0.13982520000718068,ok,-8.619934712375068,8.619934712375068
Linear_V3,TSP-correlated-n50-g10000-2,32428.778035792064,36115,0.05855439999868395,0.05766890000086278,0.0008854999978211708,0.054101299989270046,ok,-10.206900080874806,10.206900080874806
Linear_V3,TSP-correlated-n50-g10000-4,35969.977083704165,37634,0.042881400004262105,0.04050750000169501,0.0023739000025670975,0.2106606000015745,ok,-4.421594612041863,4.421594612041863
Linear_V3,TSP-correlated-n50-g10000-1,34025.76717206131,36474,0.07450390000303742,0.06843859999935376,0.00606530000368366,0.0801904999971157,ok,-6.712268541807022,6.712268541807022
Linear_V3,TSP-correlated-n50-g10000-3,32819.667766683786,34342,0.05198260000179289,0.0510809999977937,0.0009016000039991923,0.04768020000483375,ok,-4.432858404624699,4.432858404624699
Linear_V3,TSP-correlated-n400-g1000-3,9624.966660160466,9560,0.19778380000207108,0.1953256999986479,0.0024581000034231693,7.199269799995818,ok,0.6795675749002702,0.6795675749002702
Linear_V3,TSP-correlated-n400-g1000-1,9117.538002955627,9016,0.21557990000292193,0.2147495000026538,0.0008304000002681278,1.6924141999916174,ok,1.1261979032345522,1.1261979032345522
Linear_V3,TSP-correlated-n400-g1000-2,9686.17632572657,9418,0.2155572999981814,0.21374459999788087,0.0018127000003005378,1.7374679999920772,ok,2.84748700070684,2.84748700070684
Linear_V3,TSP-correlated-n50-g10000-5,36015.3422046462,37513,0.06579639999836218,0.06450459999905434,0.001291799999307841,0.11279840000497643,ok,-3.9923700993090394,3.9923700993090394
Linear_V3,TSP-correlated-n400-g10000-1,93588.49286053612,92909,0.20495990000199527,0.20259280000027502,0.002367100001720246,2.9661297999991802,ok,0.7313531095331132,0.7313531095331132
Linear_V3,TSP-correlated-n400-g10000-3,95502.1591130924,91906,0.21639929999946617,0.21540470000036294,0.0009945999991032295,1.7399778999970295,ok,3.9128665300333014,3.9128665300333014
Linear_V3,TSP-correlated-n400-g1000-5,9052.201897684676,8948,0.23563679999642773,0.2343881999986479,0.0012485999977798201,2.7345081999956165,ok,1.164527242788061,1.164527242788061
Linear_V3,TSP-correlated-n400-g10000-5,91337.74768829062,89783,0.2302092999962042,0.22905840000021271,0.0011508999959914945,5.465811999994912,ok,1.731672686689707,1.731672686689707
Linear_V3,TSP-correlated-n400-g1000-4,8982.536581601633,9030,0.25564130000566365,0.25452400000358466,0.0011173000020789914,13.66952909999236,ok,-0.525619251366192,0.525619251366192
Linear_V3,TSP-correlated-n60-g1000-1,3421.7307091083185,3823,0.04431190000468632,0.03804630000377074,0.006265600000915583,0.2623009999952046,ok,-10.496188618668102,10.496188618668102
Linear_V3,TSP-correlated-n60-g1000-2,3718.534310222662,3946,0.04862460000003921,0.047568599999067374,0.001056000000971835,0.06346749998920131,ok,-5.764462488021742,5.764462488021742
Linear_V3,TSP-correlated-n60-g1000-3,3838.5667553296335,4126,0.03849820000323234,0.03747809999913443,0.0010201000040979125,0.0615923000004841,ok,-6.96638983689691,6.96638983689691
Linear_V3,TSP-correlated-n1000-g10000-3,149050.4451524675,145136,0.7786605999936,0.7773895999998786,0.0012709999937214889,6.641579799994361,ok,2.6970876643062334,2.6970876643062334
Linear_V3,TSP-correlated-n1000-g1000-3,14759.224794920427,14368,0.804833400005009,0.8042178000032436,0.0006156000017654151,16.153673600012553,ok,2.7228897196577573,2.7228897196577573
Linear_V3,TSP-correlated-n60-g1000-5,3748.7647268901505,3920,0.050105800000892486,0.04633509999985108,0.003770700001041405,0.16406549999373965,ok,-4.368246763006364,4.368246763006364
Linear_V3,TSP-correlated-n60-g1000-4,3447.6911146730495,3692,0.04756190000625793,0.046273400002974086,0.0012885000032838434,0.04435599999851547,ok,-6.617250415139505,6.617250415139505
Linear_V3,TSP-correlated-n60-g10000-1,38844.08999518655,38293,0.05033930000354303,0.04837770000449382,0.001961599999049213,0.086310600003344,ok,1.4391403002808616,1.4391403002808616
Linear_V3,TSP-correlated-n60-g10000-3,36648.017433560795,38548,0.04294500000105472,0.04003050000028452,0.0029145000007702038,0.2666594000038458,ok,-4.928874562724927,4.928874562724927
Linear_V3,TSP-correlated-n60-g10000-2,41309.27985682097,40743,0.04793069999868749,0.046936999999161344,0.000993699999526143,0.10982579999836162,ok,1.3898825732542257,1.3898825732542257
Linear_V3,TSP-correlated-n60-g10000-4,39494.20809965809,41936,0.04996949999622302,0.04815919999964535,0.001810299996577669,0.057771499996306375,ok,-5.82266286804156,5.82266286804156
Linear_V3,TSP-correlated-n60-g10000-5,34994.00368451082,37003,0.05183890000625979,0.0509855000054813,0.0008534000007784925,0.3758683000050951,ok,-5.4292795597361865,5.4292795597361865
Linear_V3,TSP-correlated-n400-g10000-4,92853.295537345,92362,0.35073940000438597,0.34801639999932377,0.002723000005062204,1.9188904999900842,ok,0.5319238835722429,0.5319238835722429
Linear_V3,TSP-correlated-n400-g10000-2,90700.43934029908,89824,0.3605332000006456,0.3593698000040604,0.0011633999965852126,7.414559700002428,ok,0.9757295826272296,0.9757295826272296
Linear_V3,TSP-correlated-n500-g1000-1,10466.011146817225,10216,0.2434060000014142,0.24200079999718582,0.0014052000042283908,4.51599780000106,ok,2.4472508498162235,2.4472508498162235
Linear_V3,TSP-correlated-n500-g10000-2,108751.85040218319,105714,0.24016090000077384,0.23880829999689013,0.0013526000038837083,2.2101440000114962,ok,2.873650038957177,2.873650038957177
Linear_V3,TSP-correlated-n500-g10000-4,107254.68416983743,103378,0.2334289999998873,0.23134859999845503,0.002080400001432281,9.414072300001862,ok,3.7500088702020093,3.7500088702020093
Linear_V3,TSP-correlated-n500-g1000-5,10406.189150495673,10319,0.2674215999941225,0.26602809999894816,0.001393499995174352,2.551823100002366,ok,0.8449379832897853,0.8449379832897853
Linear_V3,TSP-correlated-n500-g10000-3,104632.75215225897,103144,0.2566943999918294,0.25585969999519875,0.0008346999966306612,3.398781500000041,ok,1.4433725202231509,1.4433725202231509
Linear_V3,TSP-correlated-n70-g1000-1,3977.816823439932,4242,0.0502282000015839,0.04871880000428064,0.0015093999973032624,0.08318600000347942,ok,-6.227797655824333,6.227797655824333
Linear_V3,TSP-correlated-n500-g10000-5,101788.30543353812,100578,0.24392559999978403,0.24188309999590274,0.002042500003881287,6.062073399996734,ok,1.2033500701327493,1.2033500701327493
Linear_V3,TSP-correlated-n70-g1000-2,4186.998795334322,4261,0.0453890000062529,0.043871200003195554,0.0015178000030573457,0.07410230000095908,ok,-1.7367098020576959,1.7367098020576959
Linear_V3,TSP-correlated-n70-g1000-3,4267.898674057767,4337,0.044708399997034576,0.04265080000186572,0.0020575999951688573,0.07334149999951478,ok,-1.593297808213821,1.593297808213821
Linear_V3,TSP-correlated-n500-g1000-2,10427.505322479412,10307,0.32831930000247667,0.32742660000076285,0.0008927000017138198,2.817902100010542,ok,1.1691600124130388,1.1691600124130388
Linear_V3,TSP-correlated-n500-g1000-4,10308.884638254909,10232,0.3250415999937104,0.32374609999533277,0.001295499998377636,5.149718999993638,ok,0.7514135873231926,0.7514135873231926
Linear_V3,TSP-correlated-n500-g10000-1,103312.92732237076,100740,0.32984539999597473,0.32890819999738596,0.0009371999985887669,8.223050400003558,ok,2.554027518732139,2.554027518732139
Linear_V3,TSP-correlated-n70-g1000-4,3834.6039424830847,4146,0.062135699998179916,0.05537170000025071,0.006763999997929204,0.24823620000097435,ok,-7.510758743775092,7.510758743775092
Linear_V3,TSP-correlated-n500-g1000-3,10224.79594584834,10198,0.35300540000753244,0.3509308000066085,0.002074600000923965,4.867875299998559,ok,0.26275687240968937,0.26275687240968937
Linear_V3,TSP-correlated-n70-g1000-5,3881.0016398850717,4149,0.06424649999826215,0.05693939999764552,0.007307100000616629,0.09927320000133477,ok,-6.459348279463205,6.459348279463205
Linear_V3,TSP-correlated-n70-g10000-1,40836.112875831386,43111,0.06437749999895459,0.06044590000237804,0.003931599996576551,0.09861749999981839,ok,-5.276813630323152,5.276813630323152
Linear_V3,TSP-correlated-n70-g10000-2,40559.95106800465,41743,0.05837679999967804,0.056612300002598204,0.001764499997079838,0.05644820000452455,ok,-2.8341253192040545,2.8341253192040545
Linear_V3,TSP-correlated-n70-g10000-3,38879.51380365833,41045,0.06050390000018524,0.059619799998472445,0.0008841000017127953,1.2289904999925056,ok,-5.275883046270361,5.275883046270361
Linear_V3,TSP-correlated-n70-g10000-4,38229.940361894274,38370,0.058392999999341555,0.050718500002403744,0.007674499996937811,0.17998110000917222,ok,-0.3650238157563872,0.3650238157563872
Linear_V3,TSP-correlated-n70-g10000-5,37743.84044822054,38287,0.08100520000152756,0.08032549999916228,0.0006797000023652799,0.13563040000735782,ok,-1.4186526804906707,1.4186526804906707
Linear_V3,TSP-correlated-n600-g1000-5,11788.26081714546,11480,0.26914769999712007,0.267531899997266,0.0016157999998540618,4.827098800000385,ok,2.685198755622469,2.685198755622469
Linear_V3,TSP-correlated-n600-g10000-1,110673.36939993284,109530,0.26770180000312394,0.26679580000200076,0.000906000001123175,6.893852000008337,ok,1.043886971544635,1.043886971544635
Linear_V3,TSP-correlated-n600-g10000-2,115563.58998291472,112362,0.2740625000005821,0.2715440999963903,0.0025184000041917898,15.989772700006142,ok,2.849352968899382,2.849352968899382
Linear_V3,TSP-correlated-n600-g1000-4,11461.322561007439,11436,0.2988764000037918,0.29723999999987427,0.0016364000039175153,3.922088100007386,ok,0.2214284803028918,0.2214284803028918
Linear_V3,TSP-correlated-n8-g1000-1,1006.5265005556901,1284,0.021153900001081638,0.01905809999880148,0.002095800002280157,0.040469999992637895,ok,-21.61008562650389,21.61008562650389
Linear_V3,TSP-correlated-n8-g1000-3,1821.257878153865,2608,0.01971880000201054,0.014843800003291108,0.0048749999987194315,0.043881299992790446,ok,-30.16649240207573,30.16649240207573
Linear_V3,TSP-correlated-n8-g1000-2,1764.2196190124998,2374,0.02320020000479417,0.018378900000243448,0.0048213000045507215,0.043660600000293925,ok,-25.685778474620903,25.685778474620903
Linear_V3,TSP-correlated-n600-g1000-2,11495.714962974456,11295,0.3212768000012147,0.3200416000036057,0.0012351999976090156,4.308630799991079,ok,1.7770249045989932,1.7770249045989932
Linear_V3,TSP-correlated-n8-g1000-4,1977.7357379813982,2567,0.0247759999911068,0.021798199995828327,0.002977799995278474,0.11194259999319911,ok,-22.955366654405992,22.955366654405992
Linear_V3,TSP-correlated-n8-g10000-3,14507.062749286075,18709,0.007215599987830501,0.006336399994324893,0.0008791999935056083,0.04605159998754971,ok,-22.45944331986704,22.45944331986704
Linear_V3,TSP-correlated-n600-g1000-3,11994.53110487358,11583,0.3422041000012541,0.33931370000209427,0.002890399999159854,5.945843399997102,ok,3.5528887582973345,3.5528887582973345
Linear_V3,TSP-correlated-n8-g10000-4,18587.160501631162,24957,0.018591900006867945,0.017607900001166854,0.0009840000057010911,0.050572899999679066,ok,-25.523257997230587,25.523257997230587
Linear_V3,TSP-correlated-n8-g1000-5,2124.683283285445,2692,0.024260500002128538,0.018529900000430644,0.005730600001697894,0.10675679999985732,ok,-21.07417224051095,21.07417224051095
Linear_V3,TSP-correlated-n8-g10000-2,16448.148110536422,23828,0.025048399998922832,0.02119949999905657,0.003848899999866262,0.05568340000172611,ok,-30.971344172669035,30.971344172669035
Linear_V3,TSP-correlated-n8-g10000-1,21703.04672011733,26603,0.02108389999193605,0.018880999996326864,0.0022028999956091866,0.04170960000192281,ok,-18.418799683805094,18.418799683805094
Linear_V3,TSP-correlated-n8-g10000-5,19177.485995645497,26244,0.01848620000964729,0.016327900004398543,0.0021583000052487478,0.04532249999465421,ok,-26.926207911730316,26.926207911730316
Linear_V3,TSP-correlated-n80-g1000-1,3986.345022343034,4187,0.03622960000211606,0.03543950000312179,0.0007900999989942648,0.2640415000059875,ok,-4.792332879316119,4.792332879316119
Linear_V3,TSP-correlated-n600-g1000-1,11799.419215290334,11680,0.4052444999979343,0.40408149999711895,0.001163000000815373,3.8594879000011133,ok,1.0224247884446427,1.0224247884446427
Linear_V3,TSP-correlated-n80-g1000-2,4441.193198786738,4562,0.039481600004364736,0.038078600002336316,0.0014030000020284206,0.20416710000426974,ok,-2.6481105044555386,2.6481105044555386
Linear_V3,TSP-correlated-n80-g1000-3,4136.619710858421,4279,0.04587270000047283,0.04447470000013709,0.0013980000003357418,0.2305908999987878,ok,-3.3274197041733804,3.3274197041733804
Linear_V3,TSP-correlated-n80-g10000-1,34937.68798817356,38558,0.04023659999802476,0.038248199998633936,0.001988399999390822,1.7947728000144707,ok,-9.389262959246956,9.389262959246956
Linear_V3,TSP-correlated-n80-g1000-4,4290.733730634408,4559,0.05717400000139605,0.05345130000205245,0.003722699999343604,0.13206620000710245,ok,-5.884322644562229,5.884322644562229
Linear_V3,TSP-correlated-n80-g1000-5,4111.902289547523,4335,0.05432110000401735,0.05291220000071917,0.0014089000032981858,0.11662979998800438,ok,-5.14642930686222,5.14642930686222
Linear_V3,TSP-correlated-n600-g10000-3,116371.14772964176,113170,0.3980452999967383,0.39738959999522194,0.0006557000015163794,3.918597399999271,ok,2.82861865303681,2.82861865303681
Linear_V3,TSP-correlated-n80-g10000-2,40873.902930602635,43552,0.05762730000424199,0.0560371000028681,0.001590200001373887,0.22338049999962095,ok,-6.149194226206293,6.149194226206293
Linear_V3,TSP-correlated-n80-g10000-3,43139.236210304225,43542,0.05971059999137651,0.05882509999355534,0.0008854999978211708,0.15920579999510664,ok,-0.925000665324916,0.925000665324916
Linear_V3,TSP-correlated-n600-g10000-4,114479.76742621948,111193,0.39792640000086976,0.397177400001965,0.0007489999989047647,4.569467399996938,ok,2.9559121763235794,2.9559121763235794
Linear_V3,TSP-correlated-n80-g10000-4,41926.7317279797,43795,0.07304689999727998,0.0711957999956212,0.0018511000016587786,0.1779269000107888,ok,-4.265939655258137,4.265939655258137
Linear_V3,TSP-correlated-n80-g10000-5,40568.63521825677,39978,0.07339700000011362,0.07167800000024727,0.0017189999998663552,0.06903879999299534,ok,1.4774006159807185,1.4774006159807185
Linear_V3,TSP-correlated-n600-g10000-5,119134.73255275776,114788,0.43291070000123,0.43168310000328347,0.0012275999979465269,14.73861419998866,ok,3.786748225213231,3.786748225213231
Linear_V3,TSP-correlated-n700-g10000-1,125321.22395802625,121620,0.31237339999643154,0.31107609999889974,0.001297299997531809,5.163903000007849,ok,3.0432691646326706,3.0432691646326706
Linear_V3,TSP-correlated-n700-g1000-5,12840.70207029445,12603,0.3202562000005855,0.31872629999998026,0.0015299000006052665,45.114398699995945,ok,1.8860753018682068,1.8860753018682068
Linear_V3,TSP-correlated-n700-g1000-3,12797.379053634082,12419,0.3474581999980728,0.34442329999728827,0.003034900000784546,8.940812000000733,ok,3.0467755345364527,3.0467755345364527
Linear_V3,TSP-correlated-n700-g10000-3,122690.46388714046,119040,0.34002609999879496,0.33717369999794755,0.0028524000008474104,3.168343699988327,ok,3.0665859266972952,3.0665859266972952
Linear_V3,TSP-correlated-n700-g10000-4,123652.72106180803,120114,0.3294344000023557,0.3216885000001639,0.0077459000021917745,2.2233338999940315,ok,2.946135389553281,2.946135389553281
Linear_V3,TSP-correlated-n700-g10000-2,124337.91381562158,121206,0.3560065999990911,0.3546712000024854,0.0013353999966057017,10.811057099999744,ok,2.583959387836887,2.583959387836887
Linear_V3,TSP-correlated-n90-g1000-2,4716.606508786696,4923,0.0607869999948889,0.059075299999676645,0.001711699995212257,0.18474500000593252,ok,-4.192433297040496,4.192433297040496
Linear_V3,TSP-correlated-n90-g1000-3,4008.9662787086545,4305,0.05149789999995846,0.05029140000260668,0.0012064999973517843,0.4682489999977406,ok,-6.876509205373879,6.876509205373879
Linear_V3,TSP-correlated-n90-g1000-1,4550.750546933607,4539,0.07019440001022303,0.06859710000571795,0.0015973000045050867,0.32235170000058133,ok,0.25887964163047894,0.25887964163047894
Linear_V3,TSP-correlated-n90-g1000-4,4246.91702844354,4522,0.04046960000414401,0.038625300003332086,0.001844300000811927,0.21035990001109894,ok,-6.083214762416179,6.083214762416179
Linear_V3,TSP-correlated-n90-g1000-5,4671.672187831167,4697,0.04262969999399502,0.041649999999208376,0.0009796999947866425,0.20286760000453796,ok,-0.5392338124086157,0.5392338124086157
Linear_V3,TSP-correlated-n90-g10000-1,45924.42526369952,46719,0.04732910000166157,0.046501099997840356,0.0008280000038212165,0.1885383000044385,ok,-1.7007528763468343,1.7007528763468343
Linear_V3,TSP-correlated-n90-g10000-2,44753.736997714725,46120,0.045982500007085036,0.043752500001573935,0.0022300000055111013,0.6369271000003209,ok,-2.9624089381727567,2.9624089381727567
Linear_V3,TSP-correlated-n90-g10000-3,43080.102912828275,45328,0.04645860000164248,0.045175100000051316,0.0012835000015911646,0.1843862999958219,ok,-4.9591799487551285,4.9591799487551285
Linear_V3,TSP-correlated-n90-g10000-5,48814.67967278245,50306,0.0521909000017331,0.04913200000009965,0.0030589000016334467,0.10249390000535641,ok,-2.9644979271211236,2.9644979271211236
Linear_V3,TSP-correlated-n90-g10000-4,46184.33950923454,46381,0.06930690000444883,0.06752270000288263,0.0017842000015662052,0.47819939999317285,ok,-0.4240108897295485,0.4240108897295485
Linear_V3,TSP-correlated-n700-g1000-1,12311.453258247739,12104,0.5089930999965873,0.5080254999993485,0.0009675999972387217,10.171494900001562,ok,1.7139231514188586,1.7139231514188586
Linear_V3,TSP-correlated-n700-g1000-2,12410.504903659292,12343,0.5125332000025082,0.5116221999996924,0.0009110000028158538,6.482417599996552,ok,0.5469083987627952,0.5469083987627952
Linear_V3,TSP-correlated-n700-g1000-4,12436.01848731269,12183,0.509392600004503,0.5083550999988802,0.00103750000562286,14.541918500006432,ok,2.076815951019364,2.076815951019364
Linear_V3,TSP-correlated-n800-g1000-2,12837.597601595728,12605,0.32471329999680165,0.3211425999979838,0.0035706999988178723,5.331236500001978,ok,1.8452804569276289,1.8452804569276289
Linear_V3,TSP-correlated-n800-g10000-4,131968.74600383546,128194,0.2814559999969788,0.27676010000141105,0.004695899995567743,4.3185320000047795,ok,2.944557470580107,2.944557470580107
Linear_V3,TSP-correlated-n700-g10000-5,121396.65154826875,120265,0.5030360000091605,0.5009426000033272,0.002093400005833246,18.47356209999998,ok,0.9409649925321197,0.9409649925321197
Linear_V3,TSP-grid-n10-g1000-2,2710.7760332963853,2482,0.005975000007310882,0.005314200003340375,0.0006608000039705075,0.041028799998457544,ok,9.217406659806016,9.217406659806016
Linear_V3,TSP-grid-n10-g1000-1,2684.2987385937254,2480,0.016722499989555217,0.013947399995231535,0.002775099994323682,0.09385029999248218,ok,8.237852362650216,8.237852362650216
Linear_V3,TSP-grid-n10-g1000-3,2697.1987116911437,2516,0.010170400004426483,0.009531600000627805,0.0006388000037986785,0.0762648999952944,ok,7.201856585498556,7.201856585498556
Linear_V3,TSP-grid-n10-g1000-5,2712.5742853212964,2478,0.011584199994103983,0.010874499996134546,0.0007096999979694374,0.08275490000960417,ok,9.46627462959227,9.46627462959227
Linear_V3,TSP-correlated-n800-g10000-3,137329.05059983063,131398,0.3347474000038346,0.33113610000145854,0.0036113000023760833,10.818744499993045,ok,4.5138058416647375,4.5138058416647375
Linear_V3,TSP-grid-n10-g1000-4,2709.377561731864,2493,0.022332500004267786,0.019977900003141258,0.002354600001126528,0.05365159999928437,ok,8.679404802722173,8.679404802722173
Linear_V3,TSP-grid-n10-g10000-1,27191.377287805914,24644,0.016131399999721907,0.012718500001938082,0.003412899997783825,0.03960059999371879,ok,10.336703813528297,10.336703813528297
Linear_V3,TSP-correlated-n800-g1000-3,13070.417718787872,12915,0.40260200000193436,0.4008604999980889,0.001741500003845431,23.975514699995983,ok,1.2033892279355185,1.2033892279355185
Linear_V3,TSP-grid-n10-g10000-2,27043.95521029718,24556,0.01892280000174651,0.01705940000101691,0.001863400000729598,0.03998929999943357,ok,10.131760915039823,10.131760915039823
Linear_V3,TSP-grid-n10-g10000-3,27449.609155168524,24850,0.020222500003001187,0.017384300001140218,0.0028382000018609688,0.03743509999185335,ok,10.461203843736515,10.461203843736515
Linear_V3,TSP-grid-n10-g10000-4,27718.367650124805,25056,0.01638200000161305,0.014904600000591017,0.0014774000010220334,0.04417490000196267,ok,10.625669101711384,10.625669101711384
Linear_V3,TSP-grid-n10-g10000-5,27520.547471868467,25164,0.020105299998249393,0.018559299998742063,0.0015459999995073304,0.05464479999500327,ok,9.364757081022363,9.364757081022363
Linear_V3,TSP-correlated-n800-g1000-5,13151.375167887272,12894,0.4050898000059533,0.40307770000072196,0.002012100005231332,19.85908140000538,ok,1.9960847517238427,1.9960847517238427
Linear_V3,TSP-correlated-n800-g1000-1,13126.109954447013,12977,0.44667919999483274,0.44523719999415334,0.0014420000006793998,9.796043900001678,ok,1.1490325533406225,1.1490325533406225
Linear_V3,TSP-grid-n100-g1000-2,10677.437576718543,9837,0.04521739999472629,0.04311359999701381,0.0021037999977124855,0.1075703000096837,ok,8.543637051118663,8.543637051118663
Linear_V3,TSP-grid-n100-g1000-1,10607.187073833997,9835,0.05768019999959506,0.05596309999964433,0.001717099999950733,0.17688410000118893,ok,7.851419154387358,7.851419154387358
Linear_V3,TSP-grid-n100-g1000-4,10694.877475790976,9820,0.056391500002064276,0.05553240000153892,0.0008591000005253591,0.12550710000505205,ok,8.90913926467389,8.90913926467389
Linear_V3,TSP-grid-n100-g10000-1,107595.90832035987,98611,0.04452029999811202,0.04167089999828022,0.002849399999831803,0.11029599999892525,ok,9.111466591313212,9.111466591313212
Linear_V3,TSP-grid-n100-g1000-5,10678.573852953348,9823,0.05541090000042459,0.05399749999924097,0.0014134000011836179,0.32669269999314565,ok,8.709903827276271,8.709903827276271
Linear_V3,TSP-grid-n100-g1000-3,10671.440098891668,9829,0.0861153000005288,0.08480829999462003,0.001307000005908776,0.13890429999446496,ok,8.570964481551204,8.570964481551204
Linear_V3,TSP-grid-n100-g10000-2,107244.39287994514,98648,0.06600629999593366,0.06344639999588253,0.0025599000000511296,0.28052510000998154,ok,8.714208985428128,8.714208985428128
Linear_V3,TSP-grid-n100-g10000-3,107780.57227948164,98398,0.06252170000516344,0.057279799999378156,0.005241900005785283,0.17797699999937322,ok,9.535328237852028,9.535328237852028
Linear_V3,TSP-correlated-n900-g1000-2,14050.822699381151,13727,0.346508199996606,0.3433260999954655,0.0031821000011404976,9.894945000007283,ok,2.3590201747006,2.3590201747006
Linear_V3,TSP-grid-n100-g10000-4,107418.25610102834,98586,0.0688324999937322,0.06608810000034282,0.0027443999933893792,0.16732530000444967,ok,8.958935448266832,8.958935448266832
Linear_V3,TSP-grid-n100-g10000-5,108666.5016684372,98857,0.07450899999821559,0.07238030000007711,0.0021286999981384724,0.1966960999998264,ok,9.922920651483654,9.922920651483654
Linear_V3,TSP-correlated-n900-g1000-1,13729.029222019712,13406,0.3729691000044113,0.3694342000017059,0.003534900002705399,9.278989800004638,ok,2.409586916453167,2.409586916453167
Linear_V3,TSP-correlated-n800-g1000-4,13374.378052931084,13148,0.5760123000000021,0.5750785999989603,0.0009337000010418706,6.333797899991623,ok,1.7217679717910277,1.7217679717910277
Linear_V3,TSP-correlated-n900-g1000-4,13829.599440895798,13638,0.3725604999999632,0.37019870000222,0.002361799997743219,10.535639900001115,ok,1.404893979291668,1.404893979291668
Linear_V3,TSP-correlated-n800-g10000-1,134600.14198636505,129520,0.5867692999963765,0.5861422999951174,0.0006270000012591481,4.118495599992457,ok,3.9222838066438017,3.9222838066438017
Linear_V3,TSP-correlated-n900-g1000-3,13791.140446301202,13486,0.3931365000025835,0.3921556999994209,0.0009808000031625852,76.60579800000414,ok,2.2626460499866696,2.2626460499866696
Linear_V3,TSP-correlated-n800-g10000-2,130357.10221622209,127757,0.5857687999960035,0.5851592999970308,0.0006094999989727512,14.896964100000332,ok,2.0351935441675137,2.0351935441675137
Linear_V3,TSP-grid-n20-g1000-1,4293.598697451836,3940,0.02463750000606524,0.023592800003825687,0.0010447000022395514,0.07376459999068175,ok,8.974586229742041,8.974586229742041
Linear_V3,TSP-grid-n20-g1000-3,4349.222092250102,3971,0.016305800003465265,0.01504209999984596,0.0012637000036193058,0.08281240001088008,ok,9.524605697559856,9.524605697559856
Linear_V3,TSP-grid-n20-g1000-2,4330.218314053419,3960,0.02558350000617793,0.022543800005223602,0.0030397000009543262,0.17725400000927038,ok,9.348947324581285,9.348947324581285
Linear_V3,TSP-grid-n20-g1000-4,4373.043994289526,4005,0.015500599998631515,0.014742500003194436,0.0007580999954370782,0.047304699997766875,ok,9.189612841186676,9.189612841186676
Linear_V3,TSP-grid-n20-g1000-5,4314.555200073752,3966,0.018223700004455168,0.01662410000426462,0.0015996000001905486,0.05906310000864323,ok,8.788582956978104,8.788582956978104
Linear_V3,TSP-correlated-n800-g10000-5,136684.34311742164,131045,0.5974836999885156,0.5959211999943363,0.001562499994179234,8.417655800003558,ok,4.303363819620465,4.303363819620465
Linear_V3,TSP-grid-n20-g10000-2,43434.350969891886,39556,0.026376799993158784,0.025283199996920303,0.0010935999962384813,0.05433640000410378,ok,9.804709702426651,9.804709702426651
Linear_V3,TSP-grid-n20-g10000-1,42451.575598187446,39395,0.041299299999081995,0.032286800000292715,0.00901249999878928,0.04273349999857601,ok,7.758790704879924,7.758790704879924
Linear_V3,TSP-correlated-n900-g1000-5,14311.720563681103,13842,0.44100559999787947,0.43792080000275746,0.0030847999951220118,13.971598600008292,ok,3.3934443265503766,3.3934443265503766
Linear_V3,TSP-grid-n20-g10000-3,43506.59441554602,39667,0.028105999997933395,0.02725800000189338,0.0008479999960400164,0.06569229999149684,ok,9.679568446179486,9.679568446179486
Linear_V3,TSP-grid-n20-g10000-4,43646.309104253414,39643,0.02853230000619078,0.027451500005554408,0.0010808000006363727,0.05821210000431165,ok,10.098400989464507,10.098400989464507
Linear_V3,TSP-grid-n20-g10000-5,43311.585579882434,39582,0.020459799998207018,0.01956870000140043,0.000891099996806588,0.062058700001216494,ok,9.42242832570975,9.42242832570975
Linear_V3,TSP-correlated-n900-g10000-1,140258.81870128796,134054,0.4613303000005544,0.4592063000018243,0.0021239999987301417,11.238714699997217,ok,4.628596462088385,4.628596462088385
Linear_V3,TSP-grid-n200-g1000-1,14215.23812828397,13129,0.07779230000596726,0.07514630000514444,0.0026460000008228235,0.3863897999981418,ok,8.273578553461578,8.273578553461578
Linear_V3,TSP-grid-n200-g1000-2,14142.84666396232,13079,0.0792557000022498,0.07823270000517368,0.0010229999970761128,0.5038027999980841,ok,8.13400614697087,8.13400614697087
Linear_V3,TSP-correlated-n900-g10000-5,146416.734897241,140149,0.4686479000010877,0.4673512000008486,0.0012967000002390705,17.42656339998939,ok,4.4721938060499875,4.4721938060499875
Linear_V3,TSP-grid-n200-g1000-4,14207.826941179595,13126,0.11586109999916516,0.11418919999414356,0.0016719000050215982,0.4735019000072498,ok,8.241863028947092,8.241863028947092
Linear_V3,TSP-grid-n200-g1000-3,14167.172248918592,13063,0.12933029999840073,0.12851629999931902,0.0008139999990817159,0.5988573000067845,ok,8.452669745989375,8.452669745989375
Linear_V3,TSP-grid-n200-g10000-1,142606.3019114526,131476,0.10519190000195522,0.10209480000048643,0.003097100001468789,0.49918610000167973,ok,8.46565297959522,8.46565297959522
Linear_V3,TSP-grid-n200-g1000-5,14161.50988604831,13098,0.11955190000298899,0.1185879999975441,0.0009639000054448843,0.8554424000030849,ok,8.11963571574523,8.11963571574523
Linear_V3,TSP-grid-n30-g1000-1,5368.195148564655,4934,0.018176899997342844,0.01724389999435516,0.0009330000029876828,0.04445050000504125,ok,8.800063813633056,8.800063813633056
Linear_V3,TSP-grid-n30-g1000-2,5327.119238217135,4935,0.026618199997756165,0.024270699999760836,0.002347499997995328,0.05559730000095442,ok,7.945678585960178,7.945678585960178
Linear_V3,TSP-grid-n30-g1000-3,5402.62190034236,4965,0.021262800008116756,0.020501800005149562,0.0007610000029671937,0.05110929999500513,ok,8.814136965606451,8.814136965606451
Linear_V3,TSP-grid-n200-g10000-2,142599.51175658498,131378,0.09649999999965075,0.0949319999999716,0.0015679999996791594,0.5131672999996226,ok,8.541393350930125,8.541393350930125
Linear_V3,TSP-grid-n30-g1000-4,5317.4371408076595,4958,0.03061679999518674,0.02941379999538185,0.001202999999804888,0.09981580000021495,ok,7.249639790392487,7.249639790392487
Linear_V3,TSP-grid-n200-g10000-3,142461.51373068098,130973,0.1010247999947751,0.098623799996858,0.002400999997917097,1.082463300001109,ok,8.771665710246369,8.771665710246369
Linear_V3,TSP-grid-n30-g1000-5,5401.112682626794,4975,0.03637919999891892,0.03540659999998752,0.0009725999989314005,0.04143060000205878,ok,8.565079047774747,8.565079047774747
Linear_V3,TSP-grid-n30-g10000-1,54420.73192803875,49506,0.040239000009023584,0.0394122000070638,0.0008268000019597821,0.07717039999261033,ok,9.92754803062003,9.92754803062003
Linear_V3,TSP-grid-n30-g10000-2,54266.282848851115,49710,0.02437330000248039,0.023227600002428517,0.0011457000000518747,0.05236999999033287,ok,9.165726913802283,9.165726913802283
Linear_V3,TSP-grid-n1000-g1000-5,32356.04301073709,30628,0.363096700006281,0.36166919999959646,0.0014275000066845678,5.714466100005666,ok,5.642036733502313,5.642036733502313
Linear_V3,TSP-grid-n1000-g1000-3,32304.521861745623,30593,0.3851968000017223,0.38378060000104597,0.0014162000006763265,5.707034100021701,ok,5.594488483462305,5.594488483462305
Linear_V3,TSP-grid-n30-g10000-3,54074.173771505215,49470,0.045663800003239885,0.04473159999906784,0.0009322000041720457,0.04316790000302717,ok,9.307001761684283,9.307001761684283
Linear_V3,TSP-grid-n30-g10000-4,54129.22192708437,49487,0.04804819999844767,0.045584399995277636,0.0024638000031700358,0.04761259999941103,ok,9.38068973080682,9.38068973080682
Linear_V3,TSP-grid-n30-g10000-5,53941.48883437418,49222,0.053208999990602024,0.052119499996479135,0.001089499994122889,0.07851030000892933,ok,9.588169587530325,9.588169587530325
Linear_V3,TSP-correlated-n900-g10000-2,137230.08564018895,134548,0.6771594000019832,0.6727547999980743,0.004404600003908854,13.909226300005685,ok,1.9934043168155207,1.9934043168155207
Linear_V3,TSP-grid-n200-g10000-4,142852.86735109444,131136,0.1635483999925782,0.15968289999727858,0.003865499995299615,1.003089200006798,ok,8.934897626200613,8.934897626200613
Linear_V3,TSP-grid-n1000-g10000-5,333583.60477182234,306166,0.34457810000458267,0.3427815000031842,0.001796600001398474,5.344472299999325,ok,8.955143540374287,8.955143540374287
Linear_V3,TSP-correlated-n900-g10000-3,142033.3614986926,137251,0.6905697000038344,0.6883215999987442,0.0022481000050902367,3.2123751000035554,ok,3.484391005306043,3.484391005306043
Linear_V3,TSP-grid-n1000-g10000-3,335217.3956792945,306502,0.40710150000086287,0.4041748000017833,0.002926699999079574,2.79256620000524,ok,9.36874659196171,9.36874659196171
Linear_V3,TSP-correlated-n900-g10000-4,145140.80422603848,139095,0.7001686000003247,0.6990746000010404,0.0010939999992842786,12.135074999998324,ok,4.346528794017386,4.346528794017386
Linear_V3,TSP-grid-n40-g1000-1,6118.993109107535,5640,0.028448700002627447,0.027659999999741558,0.0007887000028858893,0.05356900001061149,ok,8.492785622474026,8.492785622474026
Linear_V3,TSP-grid-n200-g10000-5,142800.27325096232,131362,0.1958232000033604,0.1950901000018348,0.0007331000015255995,0.6499589000013657,ok,8.707444505231585,8.707444505231585
Linear_V3,TSP-grid-n40-g1000-2,6126.241412667007,5633,0.03507089999766322,0.031398699997225776,0.003672200000437442,0.07462249998934567,ok,8.756282845144813,8.756282845144813
Linear_V3,TSP-grid-n40-g1000-3,6144.069301281252,5666,0.031285599994589575,0.029932199999166187,0.0013533999954233877,0.04810469999210909,ok,8.43750972963734,8.43750972963734
Linear_V3,TSP-grid-n40-g1000-4,6135.652663460181,5627,0.03199070000118809,0.030992300002253614,0.0009983999989344738,0.09563169999455567,ok,9.039499972635177,9.039499972635177
Linear_V3,TSP-grid-n300-g1000-2,17677.998787903663,16381,0.14442029999918304,0.14310239999758778,0.0013179000015952624,1.3863742999965325,ok,7.91770214213823,7.91770214213823
Linear_V3,TSP-grid-n300-g1000-3,17631.47802622045,16327,0.13552899999922374,0.1329738999993424,0.0025550999998813495,1.6555994999944232,ok,7.98969820677682,7.98969820677682
Linear_V3,TSP-grid-n40-g1000-5,6148.3531370013,5683,0.04518719999759924,0.04227289999835193,0.002914299999247305,0.09653580001031514,ok,8.188512000726723,8.188512000726723
Linear_V3,TSP-grid-n40-g10000-1,62164.08367970229,56451,0.04077569999935804,0.03843849999975646,0.00233719999960158,0.11959740000020247,ok,10.120429540136213,10.120429540136213
Linear_V3,TSP-grid-n300-g1000-4,17722.326864988343,16397,0.15062110000144457,0.1496772000027704,0.0009438999986741692,0.8668343000026653,ok,8.082739921865848,8.082739921865848
Linear_V3,TSP-grid-n1000-g1000-1,32323.478179236423,30597,0.5904066000002786,0.5865369000021019,0.0038696999981766567,4.669257900008233,ok,5.642638752937945,5.642638752937945
Linear_V3,TSP-grid-n40-g10000-2,61584.564830356816,56537,0.05666919999930542,0.0558314000008977,0.0008377999984077178,0.04967529998975806,ok,8.92789647550598,8.92789647550598
Linear_V3,TSP-grid-n1000-g10000-2,334734.57200573833,306071,0.5397942999989027,0.5390098999996553,0.0007843999992473982,3.772795099997893,ok,9.365007467462885,9.365007467462885
Linear_V3,TSP-grid-n300-g10000-1,178071.35806554253,163571,0.1542775999987498,0.14992870000423864,0.004348899994511157,0.9042711999936728,ok,8.864870952395309,8.864870952395309
Linear_V3,TSP-grid-n40-g10000-5,61930.57900729559,56528,0.057163500001479406,0.05007839999598218,0.007085100005497225,0.048700500003178604,ok,9.557350352560844,9.557350352560844
Linear_V3,TSP-grid-n40-g10000-3,61860.73690348657,56559,0.07268930000282126,0.07057090000307653,0.0021183999997447245,0.04884069999388885,ok,9.373816551718681,9.373816551718681
Linear_V3,TSP-grid-n1000-g10000-1,334234.74672193633,306285,0.5628453000026639,0.561151100002462,0.0016942000002018176,4.7623859999876,ok,9.12540500577447,9.12540500577447
Linear_V3,TSP-grid-n40-g10000-4,62264.97797485054,56742,0.051305800006957725,0.04573570000502514,0.0055701000019325875,0.04642430000239983,ok,9.733491901678718,9.733491901678718
Linear_V3,TSP-grid-n300-g10000-5,177963.74653683158,163778,0.1689875000010943,0.16741449999972247,0.0015730000013718382,2.115101899995352,ok,8.661570257807261,8.661570257807261
Linear_V3,TSP-grid-n1000-g1000-4,32400.94196341456,30605,0.6023800000039046,0.6008605000024545,0.0015195000014500692,4.232757299992954,ok,5.868132538521679,5.868132538521679
Linear_V3,TSP-grid-n5-g1000-2,1788.0095031000087,1809,0.016992500000924338,0.014107000002695713,0.0028854999982286245,0.03790960001060739,ok,-1.1603370315086392,1.1603370315086392
Linear_V3,TSP-grid-n5-g1000-1,1786.1698110876173,1818,0.025741400000697467,0.024457100000290666,0.0012843000004068017,0.038117899995995685,ok,-1.750835473728422,1.750835473728422
Linear_V3,TSP-grid-n5-g1000-3,1768.4274305109286,1814,0.011491399993246887,0.010141299993847497,0.00135009999939939,0.038455600006273016,ok,-2.51226954184517,2.51226954184517
Linear_V3,TSP-grid-n5-g1000-4,1766.925136894448,1788,0.013646699997480027,0.012003600000753067,0.00164309999672696,0.042186400009086356,ok,-1.1786836188787424,1.1786836188787424
Linear_V3,TSP-grid-n5-g1000-5,1823.5028463184765,1829,0.014097500003117602,0.01235889999952633,0.001738600003591273,0.04062010000052396,ok,-0.3005551493451894,0.3005551493451894
Linear_V3,TSP-grid-n300-g10000-2,177882.27760997452,163706,0.22752480000053765,0.22590330000093672,0.0016214999996009283,0.9038822000002256,ok,8.659595622625025,8.659595622625025
Linear_V3,TSP-grid-n5-g10000-1,18449.88973946541,18245,0.0260578000015812,0.023738700001558755,0.002319100000022445,0.09707699999853503,ok,1.1229911727344952,1.1229911727344952
Linear_V3,TSP-grid-n5-g10000-2,17791.36852538694,17927,0.019871800002874807,0.015609300004143734,0.004262499998731073,0.040082699997583404,ok,-0.756576530446027,0.756576530446027
Linear_V3,TSP-grid-n5-g10000-3,18584.577445090603,18533,0.016667199990479276,0.015056999996886589,0.001610199993592687,0.04110439999203663,ok,0.27830057244160605,0.27830057244160605
Linear_V3,TSP-grid-n300-g10000-4,178194.7221740708,163853,0.24291170000651618,0.242089000006672,0.0008226999998441897,1.2446332999970764,ok,8.75279804097014,8.75279804097014
Linear_V3,TSP-grid-n300-g1000-1,17630.89830264782,16340,0.3088022000010824,0.3081342000004952,0.0006680000005871989,0.8146417999960249,ok,7.900234410329375,7.900234410329375
Linear_V3,TSP-grid-n5-g10000-4,17714.720820565915,17817,0.027410700000473298,0.02283719999832101,0.0045735000021522865,0.04267490000347607,ok,-0.5740538779485024,0.5740538779485024
Linear_V3,TSP-grid-n5-g10000-5,17888.378098678186,18087,0.020877099996141624,0.01714489999721991,0.0037321999989217147,0.07262249999621417,ok,-1.0981472954155704,1.0981472954155704
Linear_V3,TSP-grid-n300-g10000-3,178219.06995143258,163735,0.27714649999688845,0.2757581999976537,0.0013882999992347322,1.3851436999975704,ok,8.84604388275725,8.84604388275725
Linear_V3,TSP-grid-n300-g1000-5,17641.75757617359,16334,0.305254300001252,0.30431099999987055,0.0009433000013814308,0.6537748999980977,ok,8.006352247909819,8.006352247909819
Linear_V3,TSP-grid-n50-g1000-2,6696.9593241479815,6164,0.04011560000071768,0.038957299999310635,0.0011583000014070421,0.06283460000122432,ok,8.64632258513922,8.64632258513922
Linear_V3,TSP-grid-n50-g1000-1,6698.50040350425,6165,0.04512849999446189,0.04224819999944884,0.002880299995013047,0.074884599991492,ok,8.653696731618009,8.653696731618009
Linear_V3,TSP-grid-n50-g1000-3,6733.493471539384,6163,0.036833099999057595,0.035828500003844965,0.0010045999952126294,0.0755187000031583,ok,9.256749497637252,9.256749497637252
Linear_V3,TSP-grid-n50-g1000-5,6723.638746920043,6165,0.04068849999748636,0.0397337999966112,0.0009547000008751638,0.1778572999901371,ok,9.061455748905802,9.061455748905802
Linear_V3,TSP-grid-n50-g10000-1,67332.30468767403,61824,0.04423519999545533,0.04249549999804003,0.0017396999974153005,0.15967629999795463,ok,8.909654321418909,8.909654321418909
Linear_V3,TSP-grid-n50-g1000-4,6738.7001689033805,6158,0.049268600007053465,0.048661600005289074,0.0006070000017643906,0.07411390000197571,ok,9.430012486251712,9.430012486251712
Linear_V3,TSP-grid-n50-g10000-2,67539.08720181911,61797,0.05181530000845669,0.04812830000446411,0.00368700000399258,0.08784490000107326,ok,9.291854300077858,9.291854300077858
Linear_V3,TSP-grid-n400-g1000-2,21327.15369346994,19603,0.20161779999762075,0.19852560000435915,0.0030921999932616018,2.483611600007862,ok,8.795356289700248,8.795356289700248
Linear_V3,TSP-grid-n50-g10000-5,67846.27643887485,61816,0.04283890000078827,0.039516199998615775,0.003322700002172496,0.09938770000007935,ok,9.755203246529778,9.755203246529778
Linear_V3,TSP-grid-n50-g10000-3,67851.9316366326,61652,0.05175230000168085,0.05085069999768166,0.0009016000039991923,0.04959779999626335,ok,10.056334971505539,10.056334971505539
Linear_V3,TSP-grid-n50-g10000-4,67497.44905480713,61898,0.05597709999710787,0.054783499996119644,0.0011936000009882264,0.1672893000068143,ok,9.046251986828546,9.046251986828546
Linear_V3,TSP-grid-n1000-g1000-2,32360.06677979973,30613,0.8244888999979594,0.8233859999963897,0.001102900001569651,7.380860800010851,ok,5.706944042726065,5.706944042726065
Linear_V3,TSP-grid-n400-g10000-2,213338.2403876888,196178,0.20389099999738391,0.19943249999778345,0.004458499999600463,1.5804934999905527,ok,8.74728072856732,8.74728072856732
Linear_V3,TSP-grid-n400-g10000-3,213932.5292556219,196223,0.21184689999790862,0.21102580000297166,0.000821099994936958,1.2072048999980325,ok,9.025205636251558,9.025205636251558
Linear_V3,TSP-grid-n400-g1000-3,21304.458193246137,19564,0.24983269999938784,0.24542310000106227,0.004409599998325575,2.8931661999959033,ok,8.896228753047112,8.896228753047112
Linear_V3,TSP-grid-n60-g1000-1,7986.458511314567,7365,0.024559399993449915,0.02338439999584807,0.0011749999976018444,0.10982250000233762,ok,8.437997438079657,8.437997438079657
Linear_V3,TSP-grid-n400-g1000-4,21384.292108467576,19629,0.27950729999429313,0.27777129999594763,0.0017359999983455054,1.3407510999968508,ok,8.942340967280943,8.942340967280943
Linear_V3,TSP-grid-n60-g1000-3,8046.3808535952585,7377,0.03460020000056829,0.03291239999816753,0.0016878000024007633,0.09731470000406262,ok,9.073889841334669,9.073889841334669
Linear_V3,TSP-grid-n60-g1000-2,7997.398761584979,7381,0.04343210000661202,0.04160760000377195,0.0018245000028400682,0.08619880001060665,ok,8.351155149505205,8.351155149505205
Linear_V3,TSP-grid-n400-g10000-1,213423.97211783135,196191,0.2945865000001504,0.2937023999984376,0.0008841000017127953,1.0572685000079218,ok,8.7837730160055,8.7837730160055
Linear_V3,TSP-grid-n60-g1000-4,8056.018870004592,7409,0.04623910000373144,0.04261690000566887,0.0036221999980625696,0.10058209999988321,ok,8.732877176469051,8.732877176469051
Linear_V3,TSP-grid-n400-g10000-5,213383.93867393283,196360,0.2821447000023909,0.2803914000032819,0.0017532999991090037,1.3914100999973016,ok,8.669758949853755,8.669758949853755
Linear_V3,TSP-grid-n60-g10000-1,81019.80089343233,74039,0.03561579999222886,0.03300129999843193,0.002614499993796926,0.061049399999319576,ok,9.428545622485892,9.428545622485892
Linear_V3,TSP-grid-n1000-g10000-4,333675.84435624775,306199,0.8465343000061694,0.8453206000049249,0.0012137000012444332,3.5757956999877933,ok,8.973525176845042,8.973525176845042
Linear_V3,TSP-grid-n60-g10000-2,81051.23658535085,74122,0.04725219999818364,0.0459536999987904,0.0012984999993932433,0.05683679999492597,ok,9.348420961861327,9.348420961861327
Linear_V3,TSP-grid-n400-g1000-1,21309.474559988994,19598,0.37383699999190867,0.3707873999956064,0.003049599996302277,1.1264209999935701,ok,8.732904173839136,8.732904173839136
Linear_V3,TSP-grid-n60-g1000-5,8034.59554157281,7407,0.06860480000614189,0.06215550000342773,0.006449300002714153,0.18470709999382962,ok,8.4730058265534,8.4730058265534
Linear_V3,TSP-grid-n60-g10000-4,80818.02439811469,74081,0.05058730000018841,0.049680399999488145,0.0009069000007002614,0.0538078000099631,ok,9.094132636053363,9.094132636053363
Linear_V3,TSP-grid-n500-g10000-4,232400.41479806183,213440,0.1594078000052832,0.15492950000043493,0.004478300004848279,9.563585800002329,ok,8.883252810186388,8.883252810186388
Linear_V3,TSP-grid-n500-g10000-1,232188.43280939554,213465,0.1789578000025358,0.17711360000248533,0.0018442000000504777,1.925273400003789,ok,8.771195657084553,8.771195657084553
Linear_V3,TSP-grid-n500-g10000-2,232388.0526657792,213359,0.18594689999736147,0.18459069999516942,0.001356200002192054,1.5549931999994442,ok,8.918795394513095,8.918795394513095
Linear_V3,TSP-grid-n400-g1000-5,21252.42276288715,19597,0.3904777999923681,0.3888507999945432,0.0016269999978248961,1.5967649999947753,ok,8.447327462811392,8.447327462811392
Linear_V3,TSP-grid-n60-g10000-5,81195.43811484733,74190,0.07556769999791868,0.07416050000028918,0.0014071999976295047,0.06648649999988265,ok,9.442563842630184,9.442563842630184
Linear_V3,TSP-grid-n60-g10000-3,80875.0490825455,74107,0.07908840000163764,0.07805350000126055,0.0010349000003770925,0.19115240000246558,ok,9.13280672884546,9.13280672884546
Linear_V3,TSP-grid-n400-g10000-4,213840.33100213655,196170,0.37246130000130506,0.37132289999863133,0.001138400002673734,1.1964666999992914,ok,9.00766223282691,9.00766223282691
Linear_V3,TSP-grid-n70-g1000-2,8323.299404323123,7678,0.034570700001495425,0.033167100002174266,0.001403599999321159,0.07882970001082867,ok,8.404524672090687,8.404524672090687
Linear_V3,TSP-grid-n70-g1000-3,8348.99137418825,7692,0.03893390000303043,0.03803950000292389,0.0008944000001065433,0.07036710000829771,ok,8.541229513627796,8.541229513627796
Linear_V3,TSP-grid-n70-g1000-1,8319.69289677992,7693,0.04608640000515152,0.04519300000538351,0.0008933999997680075,0.11473169999953825,ok,8.146274493434543,8.146274493434543
Linear_V3,TSP-grid-n500-g1000-1,22902.580684180124,21303,0.31881799999973737,0.3170553000018117,0.0017626999979256652,3.68159109998669,ok,7.508710905412966,7.508710905412966
Linear_V3,TSP-grid-n500-g1000-3,22848.25209630522,21297,0.3094799999962561,0.30860799999936717,0.0008719999968889169,1.2492216999962693,ok,7.283899592924915,7.283899592924915
Linear_V3,TSP-grid-n70-g10000-1,84188.0548315045,76906,0.03275900000153342,0.03171149999980116,0.00104750000173226,0.09074679999321233,ok,9.468773348639251,9.468773348639251
Linear_V3,TSP-grid-n70-g1000-5,8297.148957044603,7643,0.05026920000091195,0.049663500001770444,0.0006056999991415069,0.12023299999418668,ok,8.558798338932395,8.558798338932395
Linear_V3,TSP-grid-n70-g1000-4,8266.090475685223,7666,0.05558790000213776,0.05234560000099009,0.003242300001147669,0.08937450000667013,ok,7.82794776526511,7.82794776526511
Linear_V3,TSP-grid-n500-g1000-2,22819.274100623832,21320,0.3497912999955588,0.34894119999808026,0.0008500999974785373,2.667742100005853,ok,7.032242498235609,7.032242498235609
Linear_V3,TSP-grid-n600-g1000-1,25920.278502756213,23532,0.20577019999473123,0.20309550000092713,0.002674699993804097,3.621342200000072,ok,10.149067239317581,10.149067239317581
Linear_V3,TSP-grid-n70-g10000-2,84129.58234778374,76756,0.05186780000803992,0.048080500004289206,0.0037873000037507154,0.08068470000580419,ok,9.606522418812522,9.606522418812522
Linear_V3,TSP-grid-n70-g10000-3,84092.1950617532,76944,0.05544860000372864,0.054352200000721496,0.0010964000030071475,0.09185789999901317,ok,9.290126665826053,9.290126665826053
Linear_V3,TSP-grid-n70-g10000-4,83783.45129991396,76715,0.06706869999470655,0.06339809999917634,0.0036705999955302104,0.14867889999004547,ok,9.213910317296428,9.213910317296428
Linear_V3,TSP-grid-n600-g1000-3,25905.189573078525,23543,0.2160571999993408,0.21403889999783132,0.0020183000015094876,2.954862200000207,ok,10.033511332789047,10.033511332789047
Linear_V3,TSP-grid-n70-g10000-5,83699.33066255908,76729,0.08065180000266992,0.07993849999911617,0.0007133000035537407,0.09142960001190659,ok,9.084349675558235,9.084349675558235
Linear_V3,TSP-grid-n500-g1000-5,22942.205462635386,21289,0.4156535000001895,0.41399290000117617,0.0016605999990133569,2.378370799997356,ok,7.765538365519214,7.765538365519214
Linear_V3,TSP-grid-n600-g10000-4,256137.62880079172,235148,0.22639389999676496,0.22243449999950826,0.003959399997256696,1.4075776999961818,ok,8.926135370401498,8.926135370401498
Linear_V3,TSP-grid-n600-g10000-3,256634.48102865322,235312,0.235266200004844,0.23134930000378517,0.003916900001058821,2.6667087000096217,ok,9.06136577337884,9.06136577337884
Linear_V3,TSP-grid-n600-g10000-1,255883.82927284838,235164,0.23871930000314023,0.23595639999984996,0.0027629000032902695,1.8720173000037903,ok,8.810799813257294,8.810799813257294
Linear_V3,TSP-grid-n600-g10000-2,256507.44887943912,235328,0.24886019999394193,0.2462264999994659,0.0026336999944760464,2.3659398000017973,ok,8.999969778113579,8.999969778113579
Linear_V3,TSP-grid-n500-g1000-4,22908.494916327374,21281,0.46462919999612495,0.4611457999999402,0.003483399996184744,2.739613300000201,ok,7.6476430446284205,7.6476430446284205
Linear_V3,TSP-grid-n8-g1000-1,2794.0658771776866,2616,0.01770300000498537,0.0150876000043354,0.00261540000064997,0.04424839999410324,ok,6.806799586303006,6.806799586303006
Linear_V3,TSP-grid-n500-g10000-3,231984.1655948705,213038,0.45181630000297446,0.45081460000074003,0.0010017000022344291,1.986009100000956,ok,8.893326821914629,8.893326821914629
Linear_V3,TSP-grid-n8-g1000-3,2890.330072841584,2709,0.024063799995929003,0.02301169999554986,0.0010521000003791414,0.04068299999926239,ok,6.693616568533918,6.693616568533918
Linear_V3,TSP-grid-n8-g1000-2,2832.8503284024623,2677,0.030195000006642658,0.024499800005287398,0.005695200001355261,0.04195270000491291,ok,5.821827732628401,5.821827732628401
Linear_V3,TSP-grid-n8-g1000-4,2806.6099690789224,2626,0.017521399997349363,0.01594479999766918,0.0015765999996801838,0.04676810000091791,ok,6.877759675511134,6.877759675511134
Linear_V3,TSP-grid-n8-g1000-5,2827.157396081061,2625,0.01710839999577729,0.014912799997546244,0.002195599998231046,0.04690129999653436,ok,7.701234136421374,7.701234136421374
Linear_V3,TSP-grid-n8-g10000-1,28377.014421314718,26300,0.013922500002081506,0.010062900000775699,0.0038596000013058074,0.1906726000015624,ok,7.89739323693809,7.89739323693809
Linear_V3,TSP-grid-n8-g10000-4,28886.030204203813,26841,0.016076399995654356,0.015116199996555224,0.0009601999990991317,0.04355290000967216,ok,7.619053702186256,7.619053702186256
Linear_V3,TSP-grid-n8-g10000-2,29634.187502237633,27360,0.024516199999197852,0.02148089999536751,0.0030353000038303435,0.1788990999921225,ok,8.312088823967958,8.312088823967958
Linear_V3,TSP-grid-n8-g10000-3,28772.954939340096,26819,0.02955380000639707,0.025134000003163237,0.004419800003233831,0.041545800006133504,ok,7.285711396174712,7.285711396174712
Linear_V3,TSP-grid-n8-g10000-5,28618.70190672683,26515,0.022313299996312708,0.01954519999708282,0.0027680999992298894,0.04032440000446513,ok,7.934006813980125,7.934006813980125
Linear_V3,TSP-grid-n500-g10000-5,232640.6999100657,213394,0.47021220000169706,0.469454099998984,0.0007581000027130358,1.301349500005017,ok,9.019325712093925,9.019325712093925
Linear_V3,TSP-grid-n80-g1000-3,9473.219258492534,8764,0.037203200001385994,0.03454330000386108,0.002659899997524917,0.23053190000064205,ok,8.092415090056301,8.092415090056301
Linear_V3,TSP-grid-n80-g1000-5,9440.387490589663,8745,0.040002599998842925,0.03593130000081146,0.0040712999980314635,0.20356809999793768,ok,7.951829509315756,7.951829509315756
Linear_V3,TSP-grid-n80-g1000-1,9457.89258674397,8739,0.06689259999984642,0.06570819999615196,0.0011844000036944635,0.174717400004738,ok,8.2262568571229,8.2262568571229
Linear_V3,TSP-grid-n80-g1000-4,9517.641118664418,8759,0.04880790000606794,0.04697380000288831,0.0018341000031796284,0.17884320000302978,ok,8.661275472821305,8.661275472821305
Linear_V3,TSP-grid-n80-g1000-2,9486.820034154594,8761,0.06949290000193287,0.06669450000481447,0.002798399997118395,0.24150979999103583,ok,8.284671089539943,8.284671089539943
Linear_V3,TSP-grid-n700-g1000-3,27933.787780908344,25373,0.22276050000073155,0.22102950000407873,0.0017309999966528267,3.028157499997178,ok,10.09256997953866,10.09256997953866
Linear_V3,TSP-grid-n600-g1000-5,25848.5806840111,23515,0.40879880000284174,0.40772999999899184,0.0010688000038499013,4.955286499985959,ok,9.92379623223942,9.92379623223942
Linear_V3,TSP-grid-n80-g10000-3,94890.24840966318,87158,0.039690000005066395,0.03699900000356138,0.0026910000015050173,0.07339349998801481,ok,8.871530335325708,8.871530335325708
Linear_V3,TSP-grid-n80-g10000-1,95546.42920798571,87560,0.0747341999958735,0.07414889999927254,0.000585299996600952,0.18463280001014937,ok,9.121093202359196,9.121093202359196
Linear_V3,TSP-grid-n80-g10000-2,95646.79383576672,87952,0.05305390000285115,0.05054709999967599,0.002506800003175158,0.11879389999376144,ok,8.748856007557208,8.748856007557208
Linear_V3,TSP-grid-n80-g10000-5,95748.82350172379,87785,0.057207400001061615,0.05407340000238037,0.0031339999986812472,0.13881319999927655,ok,9.071963891010752,9.071963891010752
Linear_V3,TSP-grid-n700-g10000-2,276618.46044560865,253901,0.2633810000043013,0.26200510000489885,0.0013758999994024634,2.240805499997805,ok,8.947369425724457,8.947369425724457
Linear_V3,TSP-grid-n80-g10000-4,95564.52549849368,87986,0.09218490000785096,0.09099880000576377,0.001186100002087187,0.06323759999941103,ok,8.613331096417244,8.613331096417244
Linear_V3,TSP-grid-n700-g10000-5,276724.7326515325,254471,0.2327824999956647,0.22559100000216858,0.007191499993496109,3.5980706000118516,ok,8.745095767899883,8.745095767899883
Linear_V3,TSP-grid-n600-g1000-4,25884.21655262802,23552,0.5359513000003062,0.535091800004011,0.0008594999962951988,3.067345200004638,ok,9.902414031199127,9.902414031199127
Linear_V3,TSP-grid-n600-g1000-2,25866.513150142593,23538,0.5668569999907049,0.5660033999956795,0.0008535999950254336,4.385219600007986,ok,9.892570100019514,9.892570100019514
Linear_V3,TSP-grid-n600-g10000-5,256460.0782603696,235489,0.5261887000015122,0.5252144999976736,0.0009742000038386323,2.3921645999944303,ok,8.905332419080976,8.905332419080976
Linear_V3,TSP-grid-n700-g1000-1,27970.004776541675,25395,0.4227877000012086,0.4217200999992201,0.0010676000019884668,2.8405992000043625,ok,10.139810106484248,10.139810106484248
Linear_V3,TSP-grid-n90-g1000-1,9552.785438989275,8855,0.05808039999828907,0.056992099998751655,0.001088299999537412,0.1393122999870684,ok,7.880129181132406,7.880129181132406
Linear_V3,TSP-grid-n700-g1000-4,27973.161111982532,25374,0.4275240000060876,0.4267275000020163,0.0007965000040712766,2.898427799998899,ok,10.2434031370006,10.2434031370006
Linear_V3,TSP-grid-n90-g1000-2,9590.708678717907,8837,0.06498260000080336,0.06362570000055712,0.0013569000002462417,0.10096509999129921,ok,8.529010735746372,8.529010735746372
Linear_V3,TSP-grid-n700-g1000-2,27975.378260309833,25400,0.4587543999950867,0.45702370000071824,0.0017306999943684787,2.633811200008495,ok,10.139284489408793,10.139284489408793
Linear_V3,TSP-grid-n90-g1000-3,9605.82376211866,8868,0.06363270000292687,0.06232129999989411,0.0013114000030327588,0.24863769998773932,ok,8.320069487129679,8.320069487129679
Linear_V3,TSP-grid-n700-g1000-5,27977.802256794927,25401,0.4464797000036924,0.44552310000290163,0.000956600000790786,5.014709800001583,ok,10.144491385358554,10.144491385358554
Linear_V3,TSP-grid-n90-g1000-4,9629.22627487217,8867,0.06427040000562556,0.06265610000264132,0.001614300002984237,0.09052880000672303,ok,8.596213768717375,8.596213768717375
Linear_V3,TSP-grid-n700-g10000-1,276947.44508792175,254476,0.45375219998823013,0.4529348999931244,0.0008172999951057136,2.4335812000063015,ok,8.830477171883299,8.830477171883299
Linear_V3,TSP-grid-n800-g1000-4,28925.30648757703,27018,0.2433582000012393,0.23911349999980303,0.004244700001436286,5.775566800002707,ok,7.05939184090987,7.05939184090987
Linear_V3,TSP-grid-n90-g1000-5,9599.352927907039,8870,0.08436060000531143,0.08371120000083465,0.0006494000044767745,0.3668387000070652,ok,8.22269366298804,8.22269366298804
Linear_V3,TSP-grid-n800-g1000-2,29008.73263740207,27039,0.284640899997612,0.28255799999897135,0.0020828999986406416,8.367211100005079,ok,7.284783599253192,7.284783599253192
Linear_V3,TSP-grid-n800-g10000-1,294387.49152914324,270423,0.26168269999470795,0.26011959999596,0.00156309999874793,5.407338999997592,ok,8.861854032069477,8.861854032069477
Linear_V3,TSP-grid-n90-g10000-2,96874.08203731115,88890,0.09619939999538474,0.09318599999824073,0.003013399997144006,0.18464799999492243,ok,8.981980017224828,8.981980017224828
Linear_V3,TSP-grid-n90-g10000-1,96873.68840253016,88697,0.10466049999376992,0.10311479999654694,0.0015456999972229823,0.2718501000053948,ok,9.218675268081396,9.218675268081396
Linear_V3,TSP-grid-n90-g10000-3,97229.62006491538,88919,0.1022270000030403,0.0943291000003228,0.007897900002717506,0.36175270000239834,ok,9.346281520164842,9.346281520164842
Linear_V3,TSP-grid-n90-g10000-4,96697.41264831886,88826,0.10602690000814619,0.10534970000298927,0.0006772000051569194,0.3239789999934146,ok,8.861608817597165,8.861608817597165
Linear_V3,TSP-grid-n90-g10000-5,97294.83654985254,88945,0.11402850000013132,0.11314580000180285,0.0008826999983284622,0.40716210000391584,ok,9.387640170726334,9.387640170726334
Linear_V3,TSP-line_noise-n10-g1000-1,1850.9408726270306,2618,0.019126099992718082,0.017466999997850507,0.0016590999948675744,0.07975809997878969,ok,-29.29943190882236,29.29943190882236
Linear_V3,TSP-grid-n800-g10000-3,294090.7434184325,270468,0.3473750999983167,0.34521879999374505,0.0021563000045716763,3.1081610999972327,ok,8.734025251945694,8.734025251945694
Linear_V3,TSP-grid-n800-g10000-2,294111.8114494685,270683,0.37224330000026384,0.3693243000016082,0.002918999998655636,6.033954600017751,ok,8.655442510046248,8.655442510046248
Linear_V3,TSP-line_noise-n10-g1000-2,1423.2717172116147,1864,0.05273469999519875,0.051427599995804485,0.0013070999993942678,0.12451850000070408,ok,-23.644221179634403,23.644221179634403
Linear_V3,TSP-grid-n800-g10000-5,293863.3859398476,270438,0.34298169999965467,0.34021429999847896,0.0027674000011757016,3.465790999995079,ok,8.662017149900391,8.662017149900391
Linear_V3,TSP-line_noise-n10-g1000-3,1997.2340316286038,2738,0.02112150000903057,0.018774100004520733,0.0023474000045098364,0.08182169997598976,ok,-27.055002497129156,27.055002497129156
Linear_V3,TSP-line_noise-n10-g1000-4,2100.3230245348514,2814,0.018120499997166917,0.014333799997984897,0.0037866999991820194,0.09469900000840425,ok,-25.361655133800593,25.361655133800593
Linear_V3,TSP-line_noise-n10-g1000-5,2201.968467265662,2970,0.021107099993969314,0.019538599997758865,0.0015684999962104484,0.07959159999154508,ok,-25.859647566812722,25.859647566812722
Linear_V3,TSP-line_noise-n10-g10000-1,15463.90595784378,22756,0.019207299999834504,0.013771300000371411,0.0054359999994630925,0.7442105999798514,ok,-32.044709272966344,32.044709272966344
Linear_V3,TSP-line_noise-n10-g10000-2,20671.72967032181,28096,0.0163127999912831,0.015287899994291365,0.001024899996991735,0.516573500004597,ok,-26.4246523692988,26.4246523692988
Linear_V3,TSP-line_noise-n10-g10000-3,24336.32797830639,31210,0.021361099999921862,0.019025699999474455,0.0023354000004474074,0.8652230000006966,ok,-22.023941114045524,22.023941114045524
Linear_V3,TSP-grid-n700-g10000-4,276932.7274981534,254363,0.6415941000013845,0.6401897999967332,0.0014043000046513043,1.7147016000089934,ok,8.873038727390933,8.873038727390933
Linear_V3,TSP-grid-n700-g10000-3,277270.8285438828,254228,0.6684531000064453,0.6678705000012997,0.0005826000051456504,2.0763944999926025,ok,9.063843693016826,9.063843693016826
Linear_V3,TSP-line_noise-n10-g10000-4,19332.994989757975,27665,0.03136069999891333,0.02758660000108648,0.003774099997826852,0.7032987999846227,ok,-30.11749506684267,30.11749506684267
Linear_V3,TSP-line_noise-n10-g10000-5,22838.39135244788,27923,0.027976099991064984,0.024994499995955266,0.0029815999951097183,0.5960228000185452,ok,-18.209392427576258,18.209392427576258
Linear_V3,TSP-line_noise-n100-g1000-1,2714.3085777577394,3357,0.04259230000025127,0.040960899998026434,0.0016314000022248365,1.2120501999743283,ok,-19.144814484428377,19.144814484428377
Linear_V3,TSP-line_noise-n100-g1000-2,2568.720541752857,3330,0.04614840000431286,0.04482529999950202,0.0013231000048108399,1.231738599948585,ok,-22.861244992406693,22.861244992406693
Linear_V3,TSP-line_noise-n100-g10000-1,28305.189792662724,33611,0.03725310000299942,0.03480909999780124,0.002444000005198177,2.862844999996014,ok,-15.785933793511871,15.785933793511871
Linear_V3,TSP-grid-n800-g1000-3,28965.147209130795,27021,0.5372326000069734,0.5362940000050003,0.0009386000019731,2.087877900004969,ok,7.194949147443822,7.194949147443822
Linear_V3,TSP-line_noise-n100-g10000-2,25377.465916590547,33315,0.03475699999398785,0.0327259999976377,0.002030999996350147,1.0250083000282757,ok,-23.82570638874217,23.82570638874217
Linear_V3,TSP-line_noise-n100-g10000-3,26417.41715150592,31398,0.0406033999970532,0.03877030000148807,0.001833099995565135,3.346799099992495,ok,-15.862739182413147,15.862739182413147
Linear_V3,TSP-line_noise-n100-g1000-5,2303.2095478572865,2577,0.0712234000020544,0.07048539999959758,0.000738000002456829,1.9219940999755636,ok,-10.62438696712121,10.62438696712121
Linear_V3,TSP-line_noise-n100-g1000-4,2500.1793327555065,3258,0.08347669999784557,0.0808201999971061,0.00265650000073947,0.36008630000287667,ok,-23.260302862016374,23.260302862016374
Linear_V3,TSP-line_noise-n100-g10000-4,25644.9208351398,33689,0.049327599997923244,0.045061299999360926,0.004266299998562317,1.022647300036624,ok,-23.87746494363204,23.87746494363204
Linear_V3,TSP-line_noise-n100-g1000-3,2629.2820798637385,3250,0.09913670000241837,0.09853709999879356,0.0005996000036248006,0.7097790000261739,ok,-19.09901292726958,19.09901292726958
Linear_V3,TSP-grid-n900-g1000-3,31179.329417776054,29364,0.3428076999989571,0.3401722999988124,0.0026354000001447275,3.4635525999910897,ok,6.182159848031789,6.182159848031789
Linear_V3,TSP-line_noise-n100-g10000-5,26390.420482942773,33338,0.08236930000566645,0.08041200000297977,0.0019573000026866794,1.2547347999643534,ok,-20.83982097623501,20.83982097623501
Linear_V3,TSP-grid-n900-g1000-5,31276.533363448325,29413,0.34463959999993676,0.337559899999178,0.0070797000007587485,7.04349069998716,ok,6.335747334336263,6.335747334336263
Linear_V3,TSP-grid-n900-g10000-1,320542.74851914664,294220,0.35050629999750527,0.34872039999754634,0.0017858999999589287,4.094849599990994,ok,8.94662107237667,8.94662107237667
Linear_V3,TSP-grid-n800-g1000-1,29039.917473628335,27028,0.7311569000012241,0.7303561000007903,0.0008008000004338101,8.203661000006832,ok,7.443826674664551,7.443826674664551
Linear_V3,TSP-line_noise-n20-g1000-1,2186.3590512366027,2954,0.008581499998399522,0.00796039999841014,0.0006210999999893829,0.07944070000667125,ok,-25.986491156513114,25.986491156513114
Linear_V3,TSP-grid-n800-g1000-5,28912.850082849483,27002,0.713376400002744,0.7118262000003597,0.001550200002384372,5.092065099990577,ok,7.076698329195924,7.076698329195924
Linear_V3,TSP-line_noise-n20-g1000-2,2679.4450886010663,3056,0.012292799990973435,0.011459899993496947,0.0008328999974764884,0.07877830002689734,ok,-12.321823016980813,12.321823016980813
Linear_V3,TSP-line_noise-n20-g1000-3,1838.0075577166967,2730,0.012478599994210526,0.011631900000793394,0.0008466999934171326,0.07819570001447573,ok,-32.673715834553235,32.673715834553235
Linear_V3,TSP-line_noise-n20-g1000-4,1520.0076148816033,2187,0.017481399998359848,0.016894199994567316,0.0005872000037925318,0.08504370000446215,ok,-30.498051445742874,30.498051445742874
Linear_V3,TSP-line_noise-n20-g1000-5,1942.8991116439618,2727,0.013443399999232497,0.011520700005348772,0.0019226999938837253,0.2009057000395842,ok,-28.75324123051112,28.75324123051112
Linear_V3,TSP-line_noise-n20-g10000-1,21481.920679937666,29506,0.01314480000291951,0.01240959999995539,0.0007352000029641204,0.6447151000029407,ok,-27.19473774846585,27.19473774846585
Linear_V3,TSP-grid-n900-g1000-1,31100.070230363468,29359,0.5453821999981301,0.5437343000012334,0.00164789999689674,5.37775519999559,ok,5.930277701432161,5.930277701432161
Linear_V3,TSP-line_noise-n20-g10000-2,24351.164170668337,28105,0.014740700004040264,0.013709500002732966,0.0010312000013072975,0.6572273000492714,ok,-13.356469771683555,13.356469771683555
Linear_V3,TSP-grid-n800-g10000-4,295043.5741612154,270129,0.7130028999963542,0.7110159000003478,0.001986999996006489,56.69785069998761,ok,9.223213413300828,9.223213413300828
Linear_V3,TSP-line_noise-n20-g10000-3,22826.064945421098,30353,0.016069699995568953,0.014966099995945115,0.0011035999996238388,0.3574789999984205,ok,-24.79799378835338,24.79799378835338
Linear_V3,TSP-line_noise-n20-g10000-5,23148.81530662143,29754,0.017556799997691996,0.016936600004555658,0.0006201999931363389,0.7500306000001729,ok,-22.199316708269716,22.199316708269716
Linear_V3,TSP-line_noise-n20-g10000-4,22348.486168165626,29688,0.021465800004079938,0.02045450000150595,0.0010113000025739893,0.49298979999730363,ok,-24.722156534068898,24.722156534068898
Linear_V3,TSP-grid-n900-g1000-2,31172.476984527464,29361,0.5552160000006552,0.5541320000047563,0.001083999995898921,3.972894999998971,ok,6.169670598846988,6.169670598846988
Linear_V3,TSP-line_noise-n1000-g10000-2,58995.98280721036,55898,0.25127499999507563,0.25002219999441877,0.0012528000006568618,4.287416699982714,ok,5.542206889710478,5.542206889710478
Linear_V3,TSP-grid-n900-g10000-4,320838.41999367124,294012,0.5435989000034169,0.5399834000054398,0.0036154999979771674,270.55115700000897,ok,9.1242602321236,9.1242602321236
Linear_V3,TSP-grid-n900-g10000-3,321594.2405818711,294168,0.5610255999999936,0.5600728999997955,0.0009527000001980923,2.381662599989795,ok,9.323325644485847,9.323325644485847
Linear_V3,TSP-line_noise-n1000-g1000-1,7739.218089146185,7670,0.33185629999934463,0.330420199999935,0.0014360999994096346,12.204721199988853,ok,0.9024522704848091,0.9024522704848091
Linear_V3,TSP-line_noise-n1000-g1000-2,6415.325836991737,6766,0.3239952999938396,0.3107442999971681,0.013250999996671453,16.23994640004821,ok,-5.182887422528279,5.182887422528279
Linear_V3,TSP-line_noise-n200-g1000-1,2819.216704814366,3530,0.11983720000716858,0.11802640000678366,0.0018108000003849156,1.5834701999556273,ok,-20.135504112907476,20.135504112907476
Linear_V3,TSP-line_noise-n200-g1000-4,3035.6895181104965,3597,0.1128480000043055,0.11116130000300473,0.0016867000013007782,2.5976993999793194,ok,-15.604961965235017,15.604961965235017
Linear_V3,TSP-line_noise-n1000-g1000-5,7026.314374763627,7181,0.326459200005047,0.32396850000077393,0.0024907000042730942,52.331671399995685,ok,-2.1540958813030664,2.1540958813030664
Linear_V3,TSP-line_noise-n200-g1000-3,2882.813480067689,3636,0.12543469999945955,0.12460110000392888,0.0008335999955306761,1.9665618000435643,ok,-20.714700768215373,20.714700768215373
Linear_V3,TSP-line_noise-n200-g1000-2,3546.8510018202505,3876,0.14363420000154292,0.14275650000490714,0.0008776999966357835,1.6513824999565259,ok,-8.491976217227798,8.491976217227798
Linear_V3,TSP-line_noise-n200-g1000-5,2890.7610138011205,3675,0.12091879999206867,0.11898729999666102,0.0019314999954076484,2.4352190000354312,ok,-21.339836359153182,21.339836359153182
Linear_V3,TSP-line_noise-n30-g1000-1,1576.849610587093,2229,0.031807400002435315,0.031191599999147,0.0006158000032883137,0.2931917999521829,ok,-29.2575320508258,29.2575320508258
Linear_V3,TSP-line_noise-n30-g1000-4,2258.1704898578582,2985,0.023252799997862894,0.022473799996078014,0.0007790000017848797,0.3565535000525415,ok,-24.349397324694866,24.349397324694866
Linear_V3,TSP-line_noise-n30-g1000-2,2305.921969774692,3132,0.030822499997157138,0.02977959999407176,0.0010429000030853786,0.08783239999320358,ok,-26.3754160352908,26.3754160352908
Linear_V3,TSP-line_noise-n30-g1000-3,2145.630055673948,3073,0.033731299998180475,0.03261799999745563,0.0011133000007248484,0.2558151000412181,ok,-30.178000140776184,30.178000140776184
Linear_V3,TSP-line_noise-n200-g10000-1,31164.41977481123,37357,0.0955686999950558,0.09369349999906262,0.0018751999959931709,2.2125010000308976,ok,-16.57675997855494,16.57675997855494
Linear_V3,TSP-line_noise-n30-g1000-5,1646.937341436811,2307,0.036651400005212054,0.035882299998775125,0.0007691000064369291,0.2386623999918811,ok,-28.611298593983047,28.611298593983047
Linear_V3,TSP-line_noise-n30-g10000-2,20885.4882773607,29017,0.029778799995256122,0.028952900000149384,0.0008258999951067381,0.4337746999808587,ok,-28.023268162247305,28.023268162247305
Linear_V3,TSP-line_noise-n1000-g10000-4,60126.84103481773,58129,0.355111399992893,0.3506294999970123,0.004481899995880667,20.81497649999801,ok,3.4369093478603236,3.4369093478603236
Linear_V3,TSP-line_noise-n30-g10000-1,23522.278102938733,31004,0.0444396999955643,0.039864200000010896,0.0045754999955534,0.37545950000640005,ok,-24.131473026258764,24.131473026258764
Linear_V3,TSP-line_noise-n1000-g1000-3,6201.60391809165,5705,0.4210272999989684,0.41942070000368403,0.0016065999952843413,8.106752499996219,ok,8.704713726409283,8.704713726409283
Linear_V3,TSP-line_noise-n30-g10000-5,23727.203275260657,30832,0.0372953000041889,0.03482390000135638,0.0024714000028325245,0.2116898000240326,ok,-23.043580451282246,23.043580451282246
Linear_V3,TSP-line_noise-n30-g10000-3,22526.438160622998,28660,0.04904670000541955,0.047432400002435315,0.001614300002984237,0.3613605000427924,ok,-21.40112295665388,21.40112295665388
Linear_V3,TSP-line_noise-n30-g10000-4,20812.021012784775,29650,0.04744589999609161,0.04625649999798043,0.0011893999981111847,0.303669799992349,ok,-29.80768629752184,29.80768629752184
Linear_V3,TSP-line_noise-n1000-g10000-5,56107.100366762366,54135,0.3732044999997015,0.3711355999985244,0.0020689000011770986,31.594816600030754,ok,3.642930390250977,3.642930390250977
Linear_V3,TSP-line_noise-n200-g10000-5,31011.320880430332,34437,0.12567719999788096,0.12424900000041816,0.001428199997462798,1.513278700003866,ok,-9.94767000484847,9.94767000484847
Linear_V3,TSP-line_noise-n200-g10000-4,29742.419085968446,36813,0.14255550000234507,0.14154760000383249,0.0010078999985125847,2.6897398000000976,ok,-19.206750099235474,19.206750099235474
Linear_V3,TSP-line_noise-n200-g10000-2,32513.10260907452,34182,0.1556884999954491,0.1548213999994914,0.0008670999959576875,2.721535100019537,ok,-4.882386609693635,4.882386609693635
Linear_V3,TSP-line_noise-n200-g10000-3,32001.76128125076,37416,0.15603499999269843,0.15476509999280097,0.0012698999998974614,2.096996799984481,ok,-14.470383575874596,14.470383575874596
Linear_V3,TSP-line_noise-n40-g1000-2,2554.2059592860105,3091,0.015216599997074809,0.013934700000390876,0.0012818999966839328,0.15971170004922897,ok,-17.366355247945307,17.366355247945307
Linear_V3,TSP-line_noise-n40-g1000-1,2279.4936266174223,3135,0.03442100000393111,0.03292640000290703,0.0014946000010240823,0.11296519997995347,ok,-27.28887953373454,27.28887953373454
Linear_V3,TSP-line_noise-n1000-g10000-3,56295.06286467344,53234,0.44482419999985723,0.44207060000189813,0.0027535999979590997,6.853039500012528,ok,5.750202623649248,5.750202623649248
Linear_V3,TSP-line_noise-n40-g1000-4,2334.1671531326197,3069,0.0380659000002197,0.034624499996425584,0.003441400003794115,0.06592279998585582,ok,-23.943722608907798,23.943722608907798
Linear_V3,TSP-grid-n900-g1000-4,31154.98587621631,29360,0.8184538999994402,0.8168490000025486,0.0016048999968916178,5.838307700003497,ok,6.11371211245337,6.11371211245337
Linear_V3,TSP-line_noise-n40-g1000-3,1619.6799772214113,2096,0.04449620000377763,0.03978110000025481,0.004715100003522821,0.0839632999850437,ok,-22.725191926459388,22.725191926459388
Linear_V3,TSP-grid-n900-g10000-2,321057.4178166624,294303,0.7929791000060504,0.7918269000001601,0.0011522000058903359,358.9380663000047,ok,9.09077305248754,9.09077305248754
Linear_V3,TSP-grid-n900-g10000-5,321254.324351434,294175,0.7818780999950832,0.7804461999985506,0.001431899996532593,3.7926389999920502,ok,9.205175270309853,9.205175270309853
Linear_V3,TSP-line_noise-n40-g1000-5,1717.1034621884078,2331,0.051075900002615526,0.04769200000009732,0.003383900002518203,0.15857450000476092,ok,-26.336187808305116,26.336187808305116
Linear_V3,TSP-line_noise-n40-g10000-1,23232.805970459103,29953,0.04952079999202397,0.046641599998110905,0.002879199993913062,0.382908400031738,ok,-22.435796179150323,22.435796179150323
Linear_V3,TSP-line_noise-n40-g10000-4,18943.944207811168,25494,0.0316681000040262,0.0292124000043259,0.0024556999997003004,0.8476260000024922,ok,-25.692538605902694,25.692538605902694
Linear_V3,TSP-line_noise-n40-g10000-2,24879.797797763076,31602,0.04266040000220528,0.04052090000186581,0.002139500000339467,0.1959509000298567,ok,-21.27144548521272,21.27144548521272
Linear_V3,TSP-line_noise-n40-g10000-3,24699.014532791538,31605,0.04376020000927383,0.041923300006601494,0.001836900002672337,0.3684576000086963,ok,-21.850926964747547,21.850926964747547
Linear_V3,TSP-line_noise-n40-g10000-5,19189.64111318192,28524,0.04321050000726245,0.0418987000011839,0.0013118000060785562,0.5050877000321634,ok,-32.72457890484533,32.72457890484533
Linear_V3,TSP-line_noise-n300-g1000-4,3236.3657706222675,3829,0.14675430000352208,0.14410900000075344,0.0026453000027686357,4.004447999992408,ok,-15.477519701690584,15.477519701690584
Linear_V3,TSP-line_noise-n300-g1000-1,3323.1847691031735,3806,0.18831919999502134,0.1869892999966396,0.001329899998381734,2.7189189000055194,ok,-12.68563402251252,12.68563402251252
Linear_V3,TSP-line_noise-n300-g1000-5,3250.171475783362,3708,0.15827949999948032,0.15354089999891585,0.004738600000564475,5.204167800024152,ok,-12.347047578657982,12.347047578657982
Linear_V3,TSP-line_noise-n300-g10000-5,35410.97831725561,38501,0.14879469999141293,0.14495879999594763,0.0038358999954652973,3.848907000035979,ok,-8.025821881884594,8.025821881884594
Linear_V3,TSP-line_noise-n300-g10000-1,33183.23480297063,37771,0.17164000000047963,0.16832550000253832,0.0033144999979413114,4.770957400032785,ok,-12.146263527651813,12.146263527651813
Linear_V3,TSP-line_noise-n5-g1000-1,1258.897048829145,1691,0.011128300007840153,0.008498000002873596,0.002630300004966557,0.09858960000565276,ok,-25.553101784201953,25.553101784201953
Linear_V3,TSP-line_noise-n300-g10000-4,33666.93560956515,37360,0.17030179999710526,0.1680391999980202,0.0022625999990850687,4.147504599997774,ok,-9.885075991527964,9.885075991527964
Linear_V3,TSP-line_noise-n5-g1000-2,1731.3953919326837,2297,0.015184000003500842,0.013745100004598498,0.0014388999989023432,0.10854649997781962,ok,-24.623622467014208,24.623622467014208
Linear_V3,TSP-line_noise-n1000-g10000-1,55968.6136594186,50575,0.605442200001562,0.6047973999957321,0.000644800005829893,5.538742400007322,ok,10.664584595983397,10.664584595983397
Linear_V3,TSP-line_noise-n5-g1000-3,2149.479091946498,2650,0.022683200004394166,0.021301500004483387,0.0013816999999107793,0.08850280003389344,ok,-18.887581435981204,18.887581435981204
Linear_V3,TSP-line_noise-n5-g1000-4,2192.8447856499743,2759,0.016418399995018262,0.0151315999974031,0.0012867999976151623,0.09917760000098497,ok,-20.52030497825392,20.52030497825392
Linear_V3,TSP-line_noise-n5-g1000-5,1805.2918082484025,2387,0.018185900000389665,0.01478789999964647,0.0033980000007431954,0.1223815000266768,ok,-24.369844648160765,24.369844648160765
Linear_V3,TSP-line_noise-n300-g1000-3,3224.0359172213894,3811,0.23264339999877848,0.23161889999755658,0.0010245000012218952,2.0224242999684066,ok,-15.401838960341397,15.401838960341397
Linear_V3,TSP-line_noise-n5-g10000-2,20004.057696138138,26730,0.014303700008895248,0.013216600003943313,0.0010871000049519353,6.8248636000207625,ok,-25.162522648192525,25.162522648192525
Linear_V3,TSP-line_noise-n5-g10000-1,23566.28706685032,27070,0.028139699999883305,0.02727259999664966,0.0008671000032336451,1.3772024000063539,ok,-12.94315823106642,12.94315823106642
Linear_V3,TSP-line_noise-n5-g10000-3,21459.602549226278,28094,0.019510099999024533,0.01763319999736268,0.001876900001661852,2.5694832999724895,ok,-23.614997689092768,23.614997689092768
Linear_V3,TSP-line_noise-n300-g10000-2,41551.62883130541,43857,0.22622530000080587,0.22478350000164937,0.0014417999991565011,4.430159299983643,ok,-5.256563761074834,5.256563761074834
Linear_V3,TSP-line_noise-n5-g10000-4,12796.209324368745,17607,0.02703099999780534,0.0246257999970112,0.0024052000007941388,1.8684281999594532,ok,-27.323170759534587,27.323170759534587
Linear_V3,TSP-line_noise-n5-g10000-5,19694.75900937911,24050,0.02354439999180613,0.02256179999676533,0.0009825999950408004,0.891630099969916,ok,-18.109110148111803,18.109110148111803
Linear_V3,TSP-line_noise-n300-g1000-2,3625.2475464560775,4031,0.264635300001828,0.2637726000029943,0.0008626999988337047,2.788598599960096,ok,-10.065801377919188,10.065801377919188
Linear_V3,TSP-line_noise-n300-g10000-3,34979.520619106755,39004,0.237487800004601,0.23640780000278028,0.0010800000018207356,3.4552785000414588,ok,-10.31811963104616,10.31811963104616
Linear_V3,TSP-line_noise-n50-g1000-1,2289.9363985511354,3175,0.04020219999802066,0.03962699999829056,0.0005751999997301027,0.08859070000471547,ok,-27.876018943271326,27.876018943271326
Linear_V3,TSP-line_noise-n50-g1000-2,2427.517496114917,3197,0.04025700000056531,0.03940619999775663,0.0008508000028086826,0.160065800009761,ok,-24.0688928334402,24.0688928334402
Linear_V3,TSP-line_noise-n50-g1000-3,2589.8896347285604,3245,0.04255790000024717,0.04091830000106711,0.0016395999991800636,0.2650196999893524,ok,-20.188300932864088,20.188300932864088
Linear_V3,TSP-line_noise-n50-g1000-5,2254.99658439697,3211,0.0374971999990521,0.03555639999831328,0.0019408000007388182,0.0812335999798961,ok,-29.77276286524541,29.77276286524541
Linear_V3,TSP-line_noise-n50-g10000-3,23172.7588650199,31599,0.032518500003789086,0.03163630000199191,0.0008822000017971732,0.3555882999789901,ok,-26.66616391335201,26.66616391335201
Linear_V3,TSP-line_noise-n50-g10000-1,23971.463651472357,33183,0.041154599995934404,0.040194099994550925,0.0009605000013834797,0.3583539000246674,ok,-27.75980576960384,27.75980576960384
Linear_V3,TSP-line_noise-n50-g1000-4,2389.080580709866,3168,0.05561139999917941,0.053146199999901,0.0024651999992784113,0.09449390001827851,ok,-24.587102881633022,24.587102881633022
Linear_V3,TSP-line_noise-n50-g10000-4,17980.827702332037,23882,0.040090199996484444,0.03946699999505654,0.0006232000014279038,0.35295059997588396,ok,-24.70970730118065,24.70970730118065
Linear_V3,TSP-line_noise-n50-g10000-5,23861.023757269068,32406,0.04247449999820674,0.04105189999972936,0.0014225999984773807,0.5722340999636799,ok,-26.36850040958752,26.36850040958752
Linear_V3,TSP-line_noise-n50-g10000-2,16586.430079243404,21675,0.06215870000596624,0.05890390000422485,0.003254800001741387,0.6534516999963671,ok,-23.476677835093867,23.476677835093867
Linear_V3,TSP-line_noise-n1000-g1000-4,6574.927407452925,6799,0.7426114000045345,0.7401882000049227,0.0024231999996118248,8.113024299964309,ok,-3.2956698418454944,3.2956698418454944
Linear_V3,TSP-line_noise-n400-g10000-3,37506.47412175498,40923,0.19586050000361865,0.19505770000250777,0.0008028000011108816,5.136573399999179,ok,-8.348669154864059,8.348669154864059
Linear_V3,TSP-line_noise-n400-g1000-4,3888.3101843878007,4339,0.21769320000021253,0.21637949999421835,0.0013137000059941784,7.506071400013752,ok,-10.386951270159006,10.386951270159006
Linear_V3,TSP-line_noise-n400-g10000-5,36606.38523911736,39735,0.19241289999627043,0.19016130000090925,0.0022515999953611754,3.580055699974764,ok,-7.873700165805067,7.873700165805067
Linear_V3,TSP-line_noise-n400-g1000-3,3924.9526216462227,4382,0.23603719999664463,0.23035569999774452,0.005681499998900108,6.108798699977342,ok,-10.43010904504284,10.43010904504284
Linear_V3,TSP-line_noise-n60-g1000-2,2510.9077751602063,3219,0.022696300002280623,0.020351999999547843,0.00234430000273278,1.6379668000154197,ok,-21.997273216520462,21.997273216520462
Linear_V3,TSP-line_noise-n400-g10000-4,35861.06818324025,39773,0.23042770000029122,0.22934830000303918,0.0010793999972520396,9.524631700012833,ok,-9.835646837703345,9.835646837703345
Linear_V3,TSP-line_noise-n400-g10000-2,39411.00043772034,41943,0.24056579999887617,0.23848400000133552,0.0020817999975406565,6.300679000036325,ok,-6.036763136350912,6.036763136350912
Linear_V3,TSP-line_noise-n60-g1000-1,2485.123708168067,3190,0.040810200007399544,0.039022700002533384,0.0017875000048661605,0.7722540999529883,ok,-22.09643548062486,22.09643548062486
Linear_V3,TSP-line_noise-n400-g10000-1,43969.11463115318,44494,0.26173019999987446,0.2605801999961841,0.0011500000036903657,2.7327393000014126,ok,-1.1796767403398718,1.1796767403398718
Linear_V3,TSP-line_noise-n400-g1000-1,3903.3632500911053,4242,0.3092971000005491,0.308287100000598,0.0010099999999511056,7.6729078000062145,ok,-7.982950257163949,7.982950257163949
Linear_V3,TSP-line_noise-n60-g1000-4,1887.0874200567034,2300,0.045063999998092186,0.04419359999883454,0.0008703999992576428,0.06097860005684197,ok,-17.95272086709985,17.95272086709985
Linear_V3,TSP-line_noise-n60-g1000-3,2383.09740326252,3226,0.0536807000025874,0.05132720000256086,0.0023535000000265427,1.4340310999541543,ok,-26.128412794094235,26.128412794094235
Linear_V3,TSP-line_noise-n400-g1000-2,3771.895066439079,4093,0.2989215999987209,0.2981800999987172,0.0007415000000037253,6.153651600005105,ok,-7.845221929169825,7.845221929169825
Linear_V3,TSP-line_noise-n60-g1000-5,2411.630443133434,3309,0.04615300000295974,0.04362499999842839,0.00252800000453135,0.18992749997414649,ok,-27.11905581343506,27.11905581343506
Linear_V3,TSP-line_noise-n60-g10000-2,23303.969413238887,32588,0.04684710000583436,0.0449363000006997,0.0019108000051346608,0.7518795999931172,ok,-28.489108220084425,28.489108220084425
Linear_V3,TSP-line_noise-n400-g1000-5,3795.5675549916973,4275,0.31201420000434155,0.3100736000051256,0.0019405999992159195,5.128029600018635,ok,-11.214794035281935,11.214794035281935
Linear_V3,TSP-line_noise-n60-g10000-1,23896.63523059625,32647,0.06271469999774126,0.061129399997298606,0.0015853000004426576,0.8800307000055909,ok,-26.802967407123933,26.802967407123933
Linear_V3,TSP-line_noise-n60-g10000-3,24485.368009137008,32624,0.0654727000001003,0.06442270000115968,0.0010499999989406206,0.36640780000016093,ok,-24.946763091169053,24.946763091169053
Linear_V3,TSP-line_noise-n60-g10000-4,20629.41878297596,28044,0.05858319999242667,0.057466799997200724,0.0011163999952259474,1.6861372999846935,ok,-26.439100046441443,26.439100046441443
Linear_V3,TSP-line_noise-n500-g1000-2,4453.086553571355,4844,0.1941177000044263,0.19208260000596056,0.002035099998465739,4.558396200009156,ok,-8.070054633126452,8.070054633126452
Linear_V3,TSP-line_noise-n60-g10000-5,19748.798472066177,22841,0.06888320000143722,0.06824149999738438,0.0006417000040528364,0.6698989999713376,ok,-13.537942856853128,13.537942856853128
Linear_V3,TSP-line_noise-n500-g1000-3,4057.672426735409,4317,0.20868800000607735,0.20743600000423612,0.0012520000018412247,4.864058099978138,ok,-6.0071246992029455,6.0071246992029455
Linear_V3,TSP-line_noise-n500-g10000-1,42092.92364573824,42695,0.21725789999618428,0.21534090000204742,0.0019169999941368587,7.234000599943101,ok,-1.4101800076396696,1.4101800076396696
Linear_V3,TSP-line_noise-n500-g1000-5,4209.722291244507,4637,0.224459899996873,0.2231446000005235,0.001315299996349495,9.103967800037935,ok,-9.214528978984111,9.214528978984111
Linear_V3,TSP-line_noise-n70-g1000-2,2591.971681321766,3398,0.03709450000314973,0.03600379999988945,0.001090700003260281,1.491798699949868,ok,-23.720668589706708,23.720668589706708
Linear_V3,TSP-line_noise-n70-g1000-1,2307.1986676570677,3186,0.05483559999993304,0.05385039999964647,0.000985200000286568,1.7632248000008985,ok,-27.58321821540905,27.58321821540905
Linear_V3,TSP-line_noise-n70-g1000-3,2176.2302284484563,2461,0.035131500007992145,0.034084400002029724,0.0010471000059624203,0.5055124000064097,ok,-11.571303191854682,11.571303191854682
Linear_V3,TSP-line_noise-n70-g1000-4,2358.0044783648946,3160,0.041860999997879844,0.03872789999877568,0.003133099999104161,0.1949113000300713,ok,-25.37960511503498,25.37960511503498
Linear_V3,TSP-line_noise-n70-g1000-5,2346.2357138417965,3341,0.031012200000986923,0.029630199998791795,0.0013820000021951273,0.37805280002066866,ok,-29.7744473558277,29.7744473558277
Linear_V3,TSP-line_noise-n70-g10000-1,24792.791607014442,32130,0.03257840000151191,0.03164850000030128,0.0009299000012106262,0.8254399999859743,ok,-22.836004957938243,22.836004957938243
Linear_V3,TSP-line_noise-n500-g10000-4,45169.38549728713,46660,0.25952509999478934,0.2586176999975578,0.0009073999972315505,4.856502200011164,ok,-3.1946303101433204,3.1946303101433204
Linear_V3,TSP-line_noise-n70-g10000-2,25640.129687214496,32008,0.03454999999667052,0.03375229999801377,0.0007976999986567535,1.8043891999986954,ok,-19.894621072186656,19.894621072186656
Linear_V3,TSP-line_noise-n500-g10000-2,38189.68770082337,40204,0.2997853999986546,0.29888470000150846,0.0009006999971461482,6.720261800044682,ok,-5.010228582172492,5.010228582172492
Linear_V3,TSP-line_noise-n70-g10000-5,23200.236415529253,31929,0.034980199990968686,0.0341132999965339,0.0008668999944347888,0.4456309999804944,ok,-27.33804248323076,27.33804248323076
Linear_V3,TSP-line_noise-n70-g10000-4,25073.788378661393,33064,0.04546220000338508,0.042453100002603605,0.0030091000007814728,0.22081799997249618,ok,-24.165895298023855,24.165895298023855
Linear_V3,TSP-line_noise-n500-g1000-4,4413.973997126356,4692,0.33111339999595657,0.3305047999965609,0.0006085999993956648,5.222816299996339,ok,-5.925532883069988,5.925532883069988
Linear_V3,TSP-line_noise-n70-g10000-3,22201.02638445846,26093,0.055061799997929484,0.05352059999859193,0.0015411999993375503,1.5671040000161156,ok,-14.915776704639333,14.915776704639333
Linear_V3,TSP-line_noise-n500-g10000-5,38177.086154554396,41299,0.3199520000052871,0.3190984000029857,0.0008536000023013912,7.745369500014931,ok,-7.559296461041681,7.559296461041681
Linear_V3,TSP-line_noise-n600-g1000-4,4765.380902228606,5154,0.2196168999944348,0.21705279999878258,0.0025640999956522137,8.381685899978038,ok,-7.5401454748039205,7.5401454748039205
Linear_V3,TSP-line_noise-n500-g1000-1,4830.250783681196,4954,0.39350509999349015,0.39262029999372317,0.0008847999997669831,5.399986100033857,ok,-2.497965609987978,2.497965609987978
Linear_V3,TSP-line_noise-n600-g10000-2,43123.850460442394,44975,0.22574380000150995,0.22172770000179298,0.004016099999716971,7.693786500021815,ok,-4.115952283618912,4.115952283618912
Linear_V3,TSP-line_noise-n600-g1000-2,5241.16093253136,5498,0.25593250000383705,0.2540221000017482,0.0019104000020888634,13.52973509998992,ok,-4.671499953958526,4.671499953958526
Linear_V3,TSP-line_noise-n600-g1000-1,6081.282745468991,6222,0.27299740000307793,0.2694597000008798,0.0035377000021981075,10.337055499956477,ok,-2.261608076679663,2.261608076679663
Linear_V3,TSP-line_noise-n600-g10000-5,46515.85710302406,47020,0.20830470000510104,0.2059344000008423,0.002370300004258752,12.37861980003072,ok,-1.0721882113482424,1.0721882113482424
Linear_V3,TSP-line_noise-n8-g1000-2,2036.3611957902333,2894,0.021785900004033465,0.017596199999388773,0.004189700004644692,0.12341449997620657,ok,-29.635065798540662,29.635065798540662
Linear_V3,TSP-line_noise-n500-g10000-3,48152.96034094028,50604,0.39493380000203615,0.3930548999996972,0.0018789000023389235,4.054906699981075,ok,-4.843569004544547,4.843569004544547
Linear_V3,TSP-line_noise-n8-g1000-1,1551.3369366111247,2212,0.027058400002715643,0.026269800000591204,0.0007886000021244399,0.08938299998408183,ok,-29.867227097146266,29.867227097146266
Linear_V3,TSP-line_noise-n8-g1000-3,2094.9432692580494,2848,0.02155950000451412,0.020134000005782582,0.0014254999987315387,0.08253690000856295,ok,-26.44159869178197,26.44159869178197
Linear_V3,TSP-line_noise-n8-g10000-1,14639.601282445847,22445,0.017970499997318257,0.016899999995075632,0.0010705000022426248,1.07303770002909,ok,-34.77566815573247,34.77566815573247
Linear_V3,TSP-line_noise-n8-g1000-5,2119.546955303507,2926,0.01602899999852525,0.01116609999735374,0.004862900001171511,0.091148899984546,ok,-27.561621486551374,27.561621486551374
Linear_V3,TSP-line_noise-n8-g1000-4,2031.7285687985427,2791,0.026138799999898765,0.024425600000540726,0.0017131999993580393,0.0804704999900423,ok,-27.204279154477153,27.204279154477153
Linear_V3,TSP-line_noise-n8-g10000-2,21189.375751646778,24508,0.021590000003925525,0.019164199999067932,0.0024258000048575923,1.6604499000241049,ok,-13.540983549670402,13.540983549670402
Linear_V3,TSP-line_noise-n8-g10000-3,16331.650348406387,21003,0.022832199996628333,0.020881399999780115,0.0019507999968482181,0.7291148999938741,ok,-22.24134481547214,22.24134481547214
Linear_V3,TSP-line_noise-n8-g10000-5,19125.963308557708,24718,0.012233800000103656,0.01079359999857843,0.001440200001525227,0.9251907999860123,ok,-22.623338018619194,22.623338018619194
Linear_V3,TSP-line_noise-n600-g1000-5,4791.218584367958,5217,0.2993209999985993,0.2984149000039906,0.0009060999946086667,9.14870229997905,ok,-8.161422572973775,8.161422572973775
Linear_V3,TSP-line_noise-n8-g10000-4,20578.397037668434,26291,0.02123120000032941,0.02011800000036601,0.001113199999963399,1.3732047999510542,ok,-21.7283593713878,21.7283593713878
Linear_V3,TSP-line_noise-n600-g10000-3,45224.92918108614,47109,0.30252610000025015,0.30098919999727514,0.0015369000029750168,4.125985699996818,ok,-3.999386144715151,3.999386144715151
Linear_V3,TSP-line_noise-n80-g1000-4,2489.7315384590884,3360,0.0429227000058745,0.04008750000502914,0.0028352000008453615,1.092907100042794,ok,-25.90084706966999,25.90084706966999
Linear_V3,TSP-line_noise-n80-g1000-2,2553.2279565812933,3262,0.04868589999387041,0.045424399999319576,0.0032614999945508316,0.6281069999677129,ok,-21.728143575067648,21.728143575067648
Linear_V3,TSP-line_noise-n80-g1000-1,2452.199794209059,3282,0.05300150000402937,0.050403500004904345,0.0025979999991250224,0.25818669999716803,ok,-25.283370072850126,25.283370072850126
Linear_V3,TSP-line_noise-n80-g1000-3,2648.6732785377853,3254,0.047744200004672166,0.04599489999964135,0.0017493000050308183,0.21894509997218847,ok,-18.602542146964186,18.602542146964186
Linear_V3,TSP-line_noise-n80-g1000-5,2255.4777453946253,3112,0.04385189998720307,0.043135999992955476,0.000715899994247593,0.1451355000026524,ok,-27.52320869554546,27.52320869554546
Linear_V3,TSP-line_noise-n600-g10000-4,51487.40006149819,52339,0.3304351999904611,0.32810739999695215,0.002327799993508961,6.83521109999856,ok,-1.6270848478224798,1.6270848478224798
Linear_V3,TSP-line_noise-n80-g10000-1,21185.27199859996,24267,0.0591508000070462,0.05674890000227606,0.002401900004770141,3.1960871999617666,ok,-12.699254136893884,12.699254136893884
Linear_V3,TSP-line_noise-n80-g10000-2,25703.413578390377,33242,0.0566772999954992,0.05432039999868721,0.0023568999968119897,1.063296900014393,ok,-22.67789670179178,22.67789670179178
Linear_V3,TSP-line_noise-n80-g10000-4,24335.619758789737,31798,0.040147799998521805,0.03767679999873508,0.002470999999786727,0.5696435000281781,ok,-23.46808051201416,23.46808051201416
Linear_V3,TSP-line_noise-n80-g10000-3,21660.483470371895,29848,0.04671230000531068,0.044955000004847534,0.0017573000004631467,0.9727469999925233,ok,-27.43070399902206,27.43070399902206
Linear_V3,TSP-line_noise-n80-g10000-5,24099.35093500461,29035,0.0506083000000217,0.048630400000547525,0.0019778999994741753,1.1700560000026599,ok,-16.99896354398274,16.99896354398274
Linear_V3,TSP-line_noise-n600-g10000-1,48280.59770189315,50254,0.42410199999721954,0.42324460000236286,0.000857399994856678,8.210245100024622,ok,-3.926856166885916,3.926856166885916
Linear_V3,TSP-line_noise-n600-g1000-3,5785.885267867797,5911,0.469434500009811,0.46850020000420045,0.0009343000056105666,20.71598149999045,ok,-2.1166423977703137,2.1166423977703137
Linear_V3,TSP-line_noise-n700-g10000-4,46662.44246495856,45250,0.25070300000516,0.24597780000476632,0.00472520000039367,16.24251180002466,ok,3.121419812063124,3.121419812063124
Linear_V3,TSP-line_noise-n700-g1000-5,5975.623410616581,5946,0.2962955999901169,0.2942217999952845,0.0020737999948323704,7.781146200024523,ok,0.4982073766663499,0.4982073766663499
Linear_V3,TSP-line_noise-n700-g1000-1,5056.209859180442,5250,0.36130929999490036,0.3594350999992457,0.0018741999956546351,11.70760419999715,ok,-3.6912407775153824,3.6912407775153824
Linear_V3,TSP-line_noise-n700-g1000-2,5345.88890742289,5554,0.3569721999956528,0.3555934999967576,0.001378699998895172,7.629846700001508,ok,-3.7470488400631967,3.7470488400631967
Linear_V3,TSP-line_noise-n700-g10000-2,49119.26490344013,50143,0.337922200007597,0.3353567000012845,0.0025655000063125044,13.898695099982433,ok,-2.0416311280933868,2.0416311280933868
Linear_V3,TSP-line_noise-n90-g1000-2,2529.9956945715503,3224,0.04829349999636179,0.04752770000050077,0.0007657999958610162,0.2745590000413358,ok,-21.52618813363678,21.52618813363678
Linear_V3,TSP-line_noise-n90-g1000-1,2633.94341128352,3259,0.05745710000337567,0.05402950000279816,0.003427600000577513,1.4284902000217699,ok,-19.179398242297633,19.179398242297633
Linear_V3,TSP-line_noise-n90-g1000-3,2610.4984491597456,3372,0.047508199997537304,0.04671450000023469,0.0007936999973026104,0.25822119996882975,ok,-22.583082765132097,22.583082765132097
Linear_V3,TSP-line_noise-n90-g1000-4,2602.807507982265,3320,0.04218339999351883,0.04101229999650968,0.0011710999970091507,1.1694689999567345,ok,-21.602183494510086,21.602183494510086
Linear_V3,TSP-line_noise-n90-g10000-1,26038.056308610332,32853,0.03224950000003446,0.030975000001490116,0.0012744999985443428,0.3434183999779634,ok,-20.743748489908587,20.743748489908587
Linear_V3,TSP-line_noise-n90-g1000-5,2499.1778281687266,3270,0.04147370000282535,0.040063100001134444,0.0014106000016909093,0.3904834999702871,ok,-23.572543481078696,23.572543481078696
Linear_V3,TSP-line_noise-n90-g10000-2,25636.31066410992,33492,0.04827890000160551,0.047265799999877345,0.0010131000017281622,1.1277326999697834,ok,-23.45542020748263,23.45542020748263
Linear_V3,TSP-line_noise-n90-g10000-3,24586.272400709535,33531,0.05308890000014799,0.05008390000148211,0.0030049999986658804,1.219951500010211,ok,-26.675994152546796,26.675994152546796
Linear_V3,TSP-line_noise-n700-g1000-3,4765.042170999068,4953,0.44500800000241725,0.4434462999997777,0.0015617000026395544,12.313857899978757,ok,-3.794827962869618,3.794827962869618
Linear_V3,TSP-line_noise-n90-g10000-5,23761.242257803042,31583,0.04378980000910815,0.04199540000263369,0.0017944000064744614,1.276886499952525,ok,-24.765721249396695,24.765721249396695
Linear_V3,TSP-line_noise-n700-g10000-1,47726.66364642604,46256,0.4352768000026117,0.43339710000145715,0.0018797000011545606,7.111163099994883,ok,3.1794008267598524,3.1794008267598524
Linear_V3,TSP-line_noise-n90-g10000-4,23857.844731592428,31805,0.06083819999912521,0.058622700002160855,0.002215499996964354,0.6601830000290647,ok,-24.98712550984931,24.98712550984931
Linear_V3,TSP-line_noise-n800-g10000-3,52026.815154851494,48573,0.2419201000011526,0.23950429999968037,0.0024158000014722347,15.851468199980445,ok,7.110565859328216,7.110565859328216
Linear_V3,TSP-line_noise-n700-g10000-3,47292.86464015535,45815,0.4446343000017805,0.4438088999959291,0.0008254000058514066,10.93676949996734,ok,3.2257222310495446,3.2257222310495446
Linear_V3,TSP-line_noise-n800-g1000-1,6883.763237495335,6968,0.3186563999915961,0.3164669999969192,0.0021893999946769327,15.473641899996437,ok,-1.2089087615480112,1.2089087615480112
Linear_V3,TSP-line_noise-n700-g10000-5,48728.3653203698,48945,0.47154890000092564,0.46652829999948153,0.005020600001444109,8.308387500001118,ok,-0.44260839642497146,0.44260839642497146
Linear_V3,TSP-line_noise-n800-g1000-3,6017.855868390891,6314,0.3350524999987101,0.3302927000040654,0.004759799994644709,20.711412400007248,ok,-4.690277662481924,4.690277662481924
Linear_V3,TSP-line_noise-n800-g10000-1,50524.01527789815,47711,0.30264270000043325,0.30152210000233026,0.001120599998102989,14.519427600025665,ok,5.895947009909979,5.895947009909979
Linear_V3,TSP-line_noise-n800-g10000-2,72536.31186468774,70959,0.3122713999982807,0.3107778999983566,0.0014934999999240972,6.932110099995043,ok,2.222849623990954,2.222849623990954
Linear_V3,TSP-normal-n10-g1000-3,1813.574775448355,1826,0.019221799993829336,0.01701639999373583,0.002205400000093505,0.4622107000031974,ok,-0.6804613664646763,0.6804613664646763
Linear_V3,TSP-normal-n10-g1000-1,1314.514559955257,1391,0.020524999999906868,0.019242300004407298,0.00128269999549957,0.42171830000006594,ok,-5.49859382061416,5.49859382061416
Linear_V3,TSP-normal-n10-g1000-2,1632.7939450262556,1725,0.028510199997981545,0.027271899998595472,0.0012382999993860722,0.22163930001261178,ok,-5.345278549202572,5.345278549202572
Linear_V3,TSP-line_noise-n700-g1000-4,5987.26047945549,6148,0.568607900000643,0.5673750999994809,0.0012328000011621043,9.766425499983598,ok,-2.6145009847838323,2.6145009847838323
Linear_V3,TSP-normal-n10-g1000-4,1385.024202352296,1414,0.0255957000044873,0.02335999999922933,0.002235700005257968,0.09682239999528974,ok,-2.049207754434511,2.049207754434511
Linear_V3,TSP-normal-n10-g1000-5,2251.9369115736613,2295,0.02118530000007013,0.019275200000265613,0.0019100999998045154,0.3092878000024939,ok,-1.8763872952653033,1.8763872952653033
Linear_V3,TSP-normal-n10-g10000-1,13541.07026553359,15502,0.023684500003582798,0.02248140000301646,0.0012031000005663373,0.04032240000378806,ok,-12.64952738012134,12.64952738012134
Linear_V3,TSP-line_noise-n800-g1000-2,5052.25702795336,5077,0.3918788000009954,0.38721970000187866,0.004659099999116734,34.633051500015426,ok,-0.48735418646129225,0.48735418646129225
Linear_V3,TSP-normal-n10-g10000-2,12517.48706238077,13553,0.025451499997870997,0.024135299994668458,0.001316200003202539,0.03860869999334682,ok,-7.64047028421184,7.64047028421184
Linear_V3,TSP-normal-n10-g10000-3,12757.455720173837,12592,0.019347300003573764,0.015731600004073698,0.003615699999500066,0.08179120000568219,ok,1.313974906081934,1.313974906081934
Linear_V3,TSP-normal-n10-g10000-4,15834.594051025017,18893,0.020442500004719477,0.019083500003034715,0.0013590000016847625,0.0539128999953391,ok,-16.188037627560384,16.188037627560384
Linear_V3,TSP-normal-n10-g10000-5,14434.774097768166,16328,0.019996200004243292,0.01801549999800045,0.0019807000062428415,0.041454399994108826,ok,-11.594965104310596,11.594965104310596
Linear_V3,TSP-line_noise-n800-g1000-5,5653.242080258396,5950,0.41100269999878947,0.4096304999984568,0.0013722000003326684,16.351178300043102,ok,-4.987528062884107,4.987528062884107
Linear_V3,TSP-normal-n100-g1000-1,5706.63633553589,5922,0.060606099999859,0.05935470000258647,0.0012513999972725287,0.3882884000049671,ok,-3.636671132457111,3.636671132457111
Linear_V3,TSP-normal-n100-g1000-2,5972.099818260788,5934,0.06201359999977285,0.059740600001532584,0.002272999998240266,0.3067337999964366,ok,0.6420596269091371,0.6420596269091371
Linear_V3,TSP-normal-n100-g1000-3,6147.9149080201705,6267,0.06271750000450993,0.06000250000215601,0.002715000002353918,0.2873156999994535,ok,-1.9001929468618075,1.9001929468618075
Linear_V3,TSP-normal-n100-g10000-1,58574.52060129413,58587,0.05399739999847952,0.05281169999943813,0.0011856999990413897,0.40119920000142884,ok,-0.02130062762365863,0.02130062762365863
Linear_V3,TSP-normal-n100-g1000-5,4801.872767212302,4925,0.06091099999321159,0.05740479999803938,0.00350619999517221,0.26402539999980945,ok,-2.5000453357908166,2.5000453357908166
Linear_V3,TSP-normal-n100-g1000-4,5464.765035608595,5712,0.0766250000015134,0.07524559999728808,0.0013794000042253174,0.5022791999945184,ok,-4.32834321413524,4.32834321413524
Linear_V3,TSP-line_noise-n900-g1000-2,5832.072813586898,5834,0.2880570999914198,0.28647259999706876,0.001584499994351063,9.920081200019922,ok,-0.03303370608677392,0.03303370608677392
Linear_V3,TSP-line_noise-n800-g1000-4,4833.209651828928,5100,0.5037740999978269,0.502750499996182,0.0010236000016448088,29.788645900029223,ok,-5.231183297471997,5.231183297471997
Linear_V3,TSP-normal-n100-g10000-2,55164.37455871512,55767,0.07863919999363134,0.07763929999782704,0.0009998999958042987,0.2106460000068182,ok,-1.0806129813059324,1.0806129813059324
Linear_V3,TSP-normal-n100-g10000-4,54696.664296722316,55631,0.08356780000030994,0.08183909999934258,0.0017287000009673648,0.46938670000236016,ok,-1.6795234730234654,1.6795234730234654
Linear_V3,TSP-normal-n100-g10000-3,60056.96642165517,59777,0.1009249999988242,0.09865759999956936,0.002267399999254849,0.7494975000008708,ok,0.46835140882809145,0.46835140882809145
Linear_V3,TSP-normal-n100-g10000-5,55457.56907211164,56177,0.08875439999974333,0.08675290000246605,0.0020014999972772785,0.3129428999964148,ok,-1.2806503157668785,1.2806503157668785
Linear_V3,TSP-line_noise-n900-g10000-3,56878.01870750104,52911,0.29387829999177484,0.2920950999978231,0.0017831999939517118,17.803887100017164,ok,7.4975311513693566,7.4975311513693566
Linear_V3,TSP-line_noise-n900-g1000-5,5806.783998588874,5860,0.35388249999959953,0.3521013999998104,0.0017810999997891486,18.306119600019883,ok,-0.9081228909748453,0.9081228909748453
Linear_V3,TSP-normal-n20-g1000-1,2208.8621828197574,2489,0.01648399999976391,0.014009300000907388,0.002474699998856522,0.2674762999959057,ok,-11.255034840507939,11.255034840507939
Linear_V3,TSP-line_noise-n900-g10000-5,55746.888459866284,52602,0.31830820000323,0.3157691000014893,0.002539100001740735,8.514512499968987,ok,5.978648073963508,5.978648073963508
Linear_V3,TSP-line_noise-n800-g10000-5,58589.70400287339,60616,0.5476572999905329,0.5465503999948851,0.0011068999956478365,15.078985700034536,ok,-3.3428401694711134,3.3428401694711134
Linear_V3,TSP-normal-n20-g1000-2,2225.250529714089,2258,0.02046649999829242,0.019264499998826068,0.0012019999994663522,0.11164119999739341,ok,-1.4503751233795736,1.4503751233795736
Linear_V3,TSP-normal-n20-g1000-4,2104.413295594579,2287,0.015933399998175446,0.013904100000218023,0.0020292999979574233,0.11200259999895934,ok,-7.983677499143909,7.983677499143909
Linear_V3,TSP-normal-n20-g1000-3,2511.1731254792676,2562,0.025219300005119294,0.022293300004093908,0.002926000001025386,0.41137699999671895,ok,-1.9838748837132092,1.9838748837132092
Linear_V3,TSP-normal-n20-g1000-5,1827.7143079118557,1958,0.019069000009039883,0.017641700003878213,0.001427300005161669,0.260193199996138,ok,-6.6540190034803,6.6540190034803
Linear_V3,TSP-normal-n20-g10000-1,19406.188183687394,21298,0.022306700004264712,0.0205026000039652,0.0018041000002995133,0.05145440000342205,ok,-8.882579661529746,8.882579661529746
Linear_V3,TSP-normal-n20-g10000-2,17706.71072812149,20051,0.018376700005319435,0.016579000002820976,0.001797700002498459,0.04734580000513233,ok,-11.691632696017711,11.691632696017711
Linear_V3,TSP-line_noise-n800-g10000-4,68817.62001086284,67801,0.6201086000073701,0.6184358000027714,0.0016728000045986846,5.459234500012826,ok,1.4994174287441777,1.4994174287441777
Linear_V3,TSP-normal-n20-g10000-3,19447.328629716198,19809,0.022098800000094343,0.019900899998901878,0.0021979000011924654,0.09427990000403952,ok,-1.8257931762522206,1.8257931762522206
Linear_V3,TSP-normal-n20-g10000-4,24924.2612433913,25866,0.020356000000901986,0.01872459999867715,0.0016314000022248365,0.07278170000063255,ok,-3.6408364517463148,3.6408364517463148
Linear_V3,TSP-line_noise-n900-g1000-3,5971.177261905771,6156,0.47281279999151593,0.47079529999609804,0.002017499995417893,13.94544479995966,ok,-3.0023186824923482,3.0023186824923482
Linear_V3,TSP-normal-n20-g10000-5,22692.52541566125,26410,0.03157379999902332,0.02988259999983711,0.0016911999991862103,0.11478059999353718,ok,-14.07601130003313,14.07601130003313
Linear_V3,TSP-line_noise-n900-g1000-1,6683.147488503213,6719,0.5181211000017356,0.5166612999964855,0.0014598000052501447,51.92699680000078,ok,-0.5335989209225624,0.5335989209225624
Linear_V3,TSP-line_noise-n900-g10000-2,69006.92559279503,68595,0.48691669999971054,0.4848171999983606,0.002099500001349952,6.014943999995012,ok,0.6005183946279304,0.6005183946279304
Linear_V3,TSP-normal-n200-g1000-2,7576.501375440871,7692,0.08002690000284929,0.07811619999847608,0.0019107000043732114,1.8592062999960035,ok,-1.501542180955915,1.501542180955915
Linear_V3,TSP-line_noise-n900-g10000-1,52815.18241092545,48182,0.5390142999967793,0.5381779000017559,0.0008363999950233847,23.48611030000029,ok,9.61600267926913,9.61600267926913
Linear_V3,TSP-normal-n200-g1000-5,7850.6102190049105,7731,0.08259980000002543,0.08157370000117226,0.0010260999988531694,1.0683924999902956,ok,1.5471506791477236,1.5471506791477236
Linear_V3,TSP-normal-n1000-g1000-1,17734.899863520834,17225,0.3595235999964643,0.3581211999990046,0.0014023999974597245,15.173178299999563,ok,2.960231428277699,2.960231428277699
Linear_V3,TSP-normal-n200-g1000-1,7887.153567178513,7863,0.13820339999801945,0.1365053999979864,0.001698000000033062,0.703337900005863,ok,0.30718004805434546,0.30718004805434546
Linear_V3,TSP-normal-n1000-g1000-2,18853.547892414834,17952,0.36216050000075484,0.35977229999843985,0.0023882000023149885,124.55442600000242,ok,5.021991379316142,5.021991379316142
Linear_V3,TSP-line_noise-n900-g10000-4,56485.4231573946,54372,0.5527432000017143,0.5519656000033137,0.0007775999984005466,3.147703199996613,ok,3.8869696854899614,3.8869696854899614
Linear_V3,TSP-line_noise-n900-g1000-4,5822.152534680377,5990,0.6012843999997131,0.6003633000000264,0.0009210999996867031,14.459175299969502,ok,-2.8021279686080574,2.8021279686080574
Linear_V3,TSP-normal-n200-g1000-4,8186.311822436006,8396,0.1397586000020965,0.13858450000407174,0.001174099998024758,0.888798100000713,ok,-2.4974771029537166,2.4974771029537166
Linear_V3,TSP-normal-n200-g1000-3,8909.155488919292,8691,0.15157360000011977,0.15062870000110706,0.0009448999990127049,1.765908400004264,ok,2.510131042679693,2.510131042679693
Linear_V3,TSP-normal-n200-g10000-2,78524.00708959767,79426,0.12597850000020117,0.1241604999959236,0.0018180000042775646,3.170084699988365,ok,-1.1356393503416164,1.1356393503416164
Linear_V3,TSP-normal-n30-g1000-2,3240.4784717995544,3334,0.034732300002360716,0.03167280000343453,0.003059499998926185,0.0881272000115132,ok,-2.8050848290475576,2.8050848290475576
Linear_V3,TSP-normal-n30-g1000-1,2835.839689689197,2882,0.034195200008980464,0.030867700006638188,0.0033275000023422763,0.13309980000485666,ok,-1.6016762772658986,1.6016762772658986
Linear_V3,TSP-normal-n30-g1000-4,3153.8779751563616,3423,0.036244900002202485,0.03568660000019008,0.0005583000020124018,0.07966210000449792,ok,-7.862168414947076,7.862168414947076
Linear_V3,TSP-normal-n200-g10000-1,81018.98089819515,80738,0.1507190999982413,0.15000809999764897,0.0007110000005923212,1.1923419000086142,ok,0.348015678113342,0.348015678113342
Linear_V3,TSP-normal-n1000-g1000-4,19102.87411971397,18507,0.38171210000291467,0.38069720000203233,0.001014900000882335,16.51826450000226,ok,3.2197229141080217,3.2197229141080217
Linear_V3,TSP-normal-n30-g1000-5,3247.9229199962374,3512,0.04994710000028135,0.04904589999932796,0.0009012000009533949,0.07404819999646861,ok,-7.519279043387319,7.519279043387319
Linear_V3,TSP-normal-n30-g1000-3,2592.6077080464847,2846,0.05521000000589993,0.04543940000439761,0.009770600001502316,0.08830409999063704,ok,-8.903453687755281,8.903453687755281
Linear_V3,TSP-normal-n30-g10000-2,22795.239731882903,23176,0.043192800010729115,0.041899200004991144,0.0012936000057379715,0.06597199999669101,ok,-1.6429076118273105,1.6429076118273105
Linear_V3,TSP-normal-n30-g10000-1,28816.286727738905,31191,0.046174700000847224,0.04452149999997346,0.0016532000008737668,0.0482044000091264,ok,-7.613456677442515,7.613456677442515
Linear_V3,TSP-normal-n200-g10000-3,78915.42448359703,78801,0.12912680000590626,0.1265551000033156,0.00257170000259066,1.6053994999965653,ok,0.14520689280216142,0.14520689280216142
Linear_V3,TSP-normal-n30-g10000-4,30778.696075216787,32625,0.04253049998806091,0.04015199999412289,0.0023784999939380214,0.06995940000342671,ok,-5.659169118109466,5.659169118109466
Linear_V3,TSP-normal-n30-g10000-3,25732.57233587301,26166,0.04853510000248207,0.04503359999944223,0.003501500003039837,0.04836439999053255,ok,-1.656453657903347,1.656453657903347
Linear_V3,TSP-normal-n30-g10000-5,26294.533245074774,25634,0.04578670000046259,0.04395279999880586,0.0018339000016567297,0.04102009999041911,ok,2.5767856950720676,2.5767856950720676
Linear_V3,TSP-normal-n40-g1000-1,3651.060399557229,3837,0.024577300006058067,0.022979699999268632,0.0015976000067894347,0.09924959999625571,ok,-4.845963003460277,4.845963003460277
Linear_V3,TSP-normal-n200-g10000-5,83468.57492454507,81601,0.1554035000008298,0.1509816999969189,0.004421800003910903,2.3244549999944866,ok,2.2886667130857115,2.2886667130857115
Linear_V3,TSP-normal-n1000-g10000-5,181942.34556818864,172250,0.3876740999985486,0.3865132999999332,0.0011607999986154027,11.887558999995235,ok,5.62690599024014,5.62690599024014
Linear_V3,TSP-normal-n40-g1000-3,3675.399991061667,3836,0.018410600001516286,0.01700870000058785,0.0014019000009284355,0.1753612000029534,ok,-4.186652996306904,4.186652996306904
Linear_V3,TSP-normal-n40-g1000-2,3126.4982911019943,3390,0.025753200003236998,0.023985500003618654,0.001767699999618344,0.26955709999310784,ok,-7.772911766902825,7.772911766902825
Linear_V3,TSP-normal-n200-g10000-4,78626.06136142762,78691,0.20520599999872502,0.20357130000047619,0.0016346999982488342,2.373877399993944,ok,-0.08252359046444624,0.08252359046444624
Linear_V3,TSP-normal-n40-g1000-4,3558.941375405049,3831,0.026044999991427176,0.02317129999573808,0.002873699995689094,0.0888660000055097,ok,-7.101504165882308,7.101504165882308
Linear_V3,TSP-normal-n40-g1000-5,3181.8474165131206,3414,0.03217880000011064,0.03051969999796711,0.001659100002143532,0.12443140000686981,ok,-6.800017091004083,6.800017091004083
Linear_V3,TSP-normal-n300-g1000-3,9505.881140399073,9380,0.12669760000426322,0.12237830000231043,0.004319300001952797,1.4728497000032803,ok,1.342016422164958,1.342016422164958
Linear_V3,TSP-normal-n40-g10000-1,33232.36919194541,33003,0.033120800006145146,0.03141470000264235,0.0017061000035027973,0.09574059999431483,ok,0.6949949760488645,0.6949949760488645
Linear_V3,TSP-normal-n1000-g10000-1,196742.3203102541,181880,0.5125139000010677,0.5098836000033771,0.0026302999976905994,12.874840300006326,ok,8.171497861366884,8.171497861366884
Linear_V3,TSP-normal-n40-g10000-3,34131.202030145425,34790,0.030442500006756745,0.02916640000330517,0.0012761000034515746,0.14555449999170378,ok,-1.893641764456956,1.893641764456956
Linear_V3,TSP-normal-n300-g1000-5,10489.031878097845,10302,0.14460080000571907,0.14176550000411225,0.002835300001606811,2.172930800006725,ok,1.8154909541627358,1.8154909541627358
Linear_V3,TSP-normal-n300-g10000-3,105286.94723068365,102031,0.1325180999992881,0.1256405000021914,0.006877599997096695,2.0054638000001432,ok,3.1911352732832707,3.1911352732832707
Linear_V3,TSP-normal-n40-g10000-4,37013.1913621343,37987,0.039438699997845106,0.036619999998947605,0.0028186999988975003,0.09582410000439268,ok,-2.5635313077255444,2.5635313077255444
Linear_V3,TSP-normal-n40-g10000-5,29642.154413829212,30291,0.0347851000042283,0.03226320000248961,0.002521900001738686,0.04626970000390429,ok,-2.1420408245709552,2.1420408245709552
Linear_V3,TSP-normal-n40-g10000-2,35988.257921187665,36588,0.06212539999978617,0.06149580000055721,0.000629599999228958,0.09743730000627693,ok,-1.6391769946767645,1.6391769946767645
Linear_V3,TSP-normal-n300-g1000-2,10036.579524689107,9885,0.19062789999588858,0.18981279999570688,0.000815100000181701,1.661686399995233,ok,1.5334296883065919,1.5334296883065919
Linear_V3,TSP-normal-n1000-g10000-2,184515.19830867831,177384,0.5311107000015909,0.5300822999997763,0.001028400001814589,403.48446769997827,ok,4.02020380004866,4.02020380004866
Linear_V3,TSP-normal-n1000-g10000-4,187078.05631094385,180381,0.562480599997798,0.5612304000023869,0.0012501999954110943,157.87843359998078,ok,3.7127282313236156,3.7127282313236156
Linear_V3,TSP-normal-n400-g1000-1,11593.49115735329,11159,0.10471439999673748,0.10327729999698931,0.0014370999997481704,2.0033210999972653,ok,3.893638832810198,3.893638832810198
Linear_V3,TSP-normal-n5-g1000-1,1277.5200633683878,1398,0.014212599999154918,0.012664100002439227,0.001548499996715691,0.041640600000391714,ok,-8.618021218284133,8.618021218284133
Linear_V3,TSP-normal-n300-g10000-5,107293.77677512508,104753,0.21736789999704342,0.21298409999872092,0.004383799998322502,2.0307541999936802,ok,2.425493088622836,2.425493088622836
Linear_V3,TSP-normal-n300-g10000-2,105372.59986131787,104592,0.24457660000189207,0.24268920000031358,0.0018874000015784986,6.159889999995357,ok,0.7463284585033915,0.7463284585033915
Linear_V3,TSP-normal-n5-g1000-3,1309.3562115279099,1586,0.013211500008765142,0.009247300004062708,0.003964200004702434,0.0925812999921618,ok,-17.442861820434434,17.442861820434434
Linear_V3,TSP-normal-n5-g1000-5,608.2733661485194,782,0.012431300005118828,0.009697400004370138,0.0027339000007486902,0.04529960000945721,ok,-22.215682078194455,22.215682078194455
Linear_V3,TSP-normal-n5-g1000-2,1309.7846051889892,1724,0.016850999993039295,0.012977799997315742,0.003873199995723553,0.0895170000003418,ok,-24.026415012239607,24.026415012239607
Linear_V3,TSP-normal-n5-g1000-4,884.8176322297122,1032,0.01616870000725612,0.014293500003986992,0.0018752000032691285,0.06045579999045003,ok,-14.261857342082148,14.261857342082148
Linear_V3,TSP-normal-n5-g10000-2,10836.769434837403,13829,0.011410600003728177,0.010339200001908466,0.0010714000018197112,0.3294030999968527,ok,-21.637360367073523,21.637360367073523
Linear_V3,TSP-normal-n5-g10000-4,9009.450346784473,9361,0.014154399999824818,0.01326340000377968,0.0008909999960451387,0.16913179999392014,ok,-3.755471137864829,3.755471137864829
Linear_V3,TSP-normal-n5-g10000-1,4860.19815615924,5091,0.015502599999308586,0.011820400002761744,0.003682199996546842,0.3351690999988932,ok,-4.5335266910383,4.5335266910383
Linear_V3,TSP-normal-n300-g1000-1,9637.983703467475,9433,0.3092437000013888,0.3065998000020045,0.0026438999993843026,2.0983821999980137,ok,2.173048907743822,2.173048907743822
Linear_V3,TSP-normal-n5-g10000-3,6811.458661689397,8077,0.020632799991290085,0.01868099999410333,0.001951799997186754,0.11666670000704471,ok,-15.668457822342496,15.668457822342496
Linear_V3,TSP-normal-n300-g1000-4,10245.064387369604,10095,0.3058923999997205,0.30482019999908516,0.0010722000006353483,1.2414698999928078,ok,1.4865219154988059,1.4865219154988059
Linear_V3,TSP-normal-n300-g10000-1,99839.86049942413,96936,0.298839199997019,0.2982726999980514,0.0005664999989676289,6.655078499999945,ok,2.9956471274079104,2.9956471274079104
Linear_V3,TSP-normal-n5-g10000-5,9073.104084199857,10464,0.021334699995350093,0.015686099999584258,0.005648599995765835,0.11719550000270829,ok,-13.292201030200149,13.292201030200149
Linear_V3,TSP-normal-n400-g1000-3,10980.486059811987,10789,0.17192549999890616,0.17093000000022585,0.000995499998680316,2.805910099996254,ok,1.77482676626181,1.77482676626181
Linear_V3,TSP-normal-n400-g10000-1,109622.80807066496,107821,0.1593120000034105,0.15776870000263443,0.001543300000776071,5.13986379999551,ok,1.6711105171209353,1.6711105171209353
Linear_V3,TSP-normal-n300-g10000-4,101068.14621366998,96793,0.2983523000002606,0.2973058999996283,0.001046400000632275,2.5949337000056403,ok,4.416792757399796,4.416792757399796
Linear_V3,TSP-normal-n50-g1000-4,3707.925820380278,3904,0.03869770000164863,0.035785300002316944,0.002912399999331683,0.06197160000738222,ok,-5.022391895996981,5.022391895996981
Linear_V3,TSP-normal-n50-g1000-2,3737.9235273644895,4038,0.05033439999533584,0.047791199998755474,0.0025431999965803698,0.33447360001446214,ok,-7.431314329755089,7.431314329755089
Linear_V3,TSP-normal-n400-g1000-4,12083.35712328077,11988,0.18663169999490492,0.1844956999993883,0.002135999995516613,1.148556500003906,ok,0.7954381321385543,0.7954381321385543
Linear_V3,TSP-normal-n50-g1000-3,3641.8540649573706,3807,0.05660160000115866,0.055692900001304224,0.0009086999998544343,0.1676826000039,ok,-4.337954689851048,4.337954689851048
Linear_V3,TSP-normal-n50-g10000-3,33900.03750362597,34719,0.04333249999763211,0.041203099994163495,0.002129400003468618,0.0479784000053769,ok,-2.3588308890637055,2.3588308890637055
Linear_V3,TSP-normal-n50-g10000-1,35079.743953744575,35838,0.06075049999344628,0.06013579999853391,0.000614699994912371,0.13719829999899957,ok,-2.115787840435919,2.115787840435919
Linear_V3,TSP-normal-n50-g10000-2,41648.060715983826,42468,0.05547249999654014,0.04689059999509482,0.00858190000144532,0.05188900000939611,ok,-1.9307226241315214,1.9307226241315214
Linear_V3,TSP-normal-n50-g1000-5,4093.062163604588,4069,0.0630793000018457,0.06248860000050627,0.0005907000013394281,0.19536640000296757,ok,0.5913532466106666,0.5913532466106666
Linear_V3,TSP-normal-n50-g1000-1,3362.95864314673,3602,0.07503709999582497,0.07014029999845661,0.004896799997368362,0.29346369999984745,ok,-6.636350828797055,6.636350828797055
Linear_V3,TSP-normal-n50-g10000-4,37454.22355993814,38138,0.046639599997433834,0.041551299997081514,0.005088300000352319,0.2120961000036914,ok,-1.7929006242117091,1.7929006242117091
Linear_V3,TSP-normal-n50-g10000-5,45908.53816318229,47148,0.06045269999594893,0.05963779999729013,0.0008148999986588024,0.0871703000011621,ok,-2.628874685708218,2.628874685708218
Linear_V3,TSP-normal-n400-g1000-5,12192.912089629725,11979,0.24701729999651434,0.2440710000009858,0.002946299995528534,4.767353099989123,ok,1.7857257670066322,1.7857257670066322
Linear_V3,TSP-normal-n400-g10000-2,109950.83404501768,105955,0.24994750000769272,0.24544470000546426,0.004502800002228469,3.256970500005991,ok,3.7712557642562183,3.7712557642562183
Linear_V3,TSP-normal-n1000-g1000-3,18691.858919721166,17980,0.8439604000086547,0.8425552000044263,0.0014052000042283908,11.482060599999386,ok,3.9591708549564286,3.9591708549564286
Linear_V3,TSP-normal-n400-g1000-2,11930.631969610255,11626,0.2988757999992231,0.2970301999957883,0.0018456000034348108,6.361773500000709,ok,2.6202646620527665,2.6202646620527665
Linear_V3,TSP-normal-n400-g10000-4,116889.8113843227,113234,0.2617709999976796,0.257683800002269,0.004087199995410629,5.958339799995883,ok,3.2285456526508853,3.2285456526508853
Linear_V3,TSP-normal-n60-g1000-1,3933.6284213822673,4189,0.05571559999953024,0.054463899999973364,0.0012516999995568767,0.20996720000403002,ok,-6.096242029547211,6.096242029547211
Linear_V3,TSP-normal-n1000-g1000-5,19034.241888625456,18070,0.8413659000070766,0.8401995000021998,0.0011664000048767775,7.670901399993454,ok,5.3361476957689895,5.3361476957689895
Linear_V3,TSP-normal-n60-g1000-4,4016.313578162141,4204,0.04413730000669602,0.04346520000399323,0.0006721000027027912,0.16623229999095201,ok,-4.464472450948125,4.464472450948125
Linear_V3,TSP-normal-n60-g1000-2,4160.6164107094055,4402,0.05745020000904333,0.053357200005848426,0.004093000003194902,0.22121129999868572,ok,-5.483498166528725,5.483498166528725
Linear_V3,TSP-normal-n60-g1000-3,4423.914461353526,4589,0.05711190000147326,0.053951000001688953,0.0031608999997843057,0.10353870000108145,ok,-3.5974185802238754,3.5974185802238754
Linear_V3,TSP-normal-n1000-g10000-3,194216.67654373634,183242,0.8318748000019696,0.8312650000007125,0.0006098000012570992,19.90178860000742,ok,5.989170901723587,5.989170901723587
Linear_V3,TSP-normal-n400-g10000-5,120318.53436615456,119100,0.2809306999988621,0.2763533999968786,0.004577300001983531,3.4818306999950437,ok,1.0231186953438818,1.0231186953438818
Linear_V3,TSP-normal-n60-g10000-2,46691.360388074034,49528,0.05529289999685716,0.054086299998743925,0.0012065999981132336,0.18823020000127144,ok,-5.727345364088931,5.727345364088931
Linear_V3,TSP-normal-n60-g10000-1,45011.7114241248,45602,0.06281740000122227,0.052660900000773836,0.010156500000448432,0.2506388000037987,ok,-1.2944357174580101,1.2944357174580101
Linear_V3,TSP-normal-n60-g10000-3,39179.91925362121,40741,0.056406300005619414,0.05480610000086017,0.0016002000047592446,0.3193375999981072,ok,-3.831719266534433,3.831719266534433
Linear_V3,TSP-normal-n60-g1000-5,3766.886523906978,3868,0.07257620000018505,0.0715552999972715,0.0010209000029135495,0.15825089999998454,ok,-2.6141022774824765,2.6141022774824765
Linear_V3,TSP-normal-n60-g10000-5,44022.301293670906,45553,0.04202909999730764,0.04045849999965867,0.0015705999976489693,0.1528937999974005,ok,-3.360258833291099,3.360258833291099
Linear_V3,TSP-normal-n60-g10000-4,40450.14317616051,43580,0.06436959999700775,0.06356689999665832,0.0008027000003494322,0.4391355999978259,ok,-7.181865130425624,7.181865130425624
Linear_V3,TSP-normal-n400-g10000-3,118857.48559424435,114917,0.3860881000000518,0.3851788000029046,0.0009092999971471727,9.561253699997906,ok,3.4289840443488373,3.4289840443488373
Linear_V3,TSP-normal-n500-g1000-3,12728.057056983787,12387,0.24384619999909773,0.2426231999997981,0.0012229999992996454,6.492663900004118,ok,2.7533467101298728,2.7533467101298728
Linear_V3,TSP-normal-n500-g1000-1,13117.755939899647,12791,0.25900279999768827,0.25749469999573193,0.0015081000019563362,77.9672806999879,ok,2.5545769673961947,2.5545769673961947
Linear_V3,TSP-normal-n500-g1000-5,13008.292928785513,12849,0.2402077000006102,0.2388146000012057,0.0013930999994045123,3.0283302000025287,ok,1.239730164102367,1.239730164102367
Linear_V3,TSP-normal-n500-g10000-5,125681.9720082059,121579,0.2318349000051967,0.23051390000182437,0.001321000003372319,6.41481859999476,ok,3.374737420283031,3.374737420283031
Linear_V3,TSP-normal-n70-g1000-2,4745.655459038874,4904,0.030391000007512048,0.029276300003402866,0.0011147000041091815,0.13978290000522975,ok,-3.22888541927255,3.22888541927255
Linear_V3,TSP-normal-n70-g1000-3,4976.667920224172,5003,0.034918700002890546,0.03385110000090208,0.0010676000019884668,0.18454709999787156,ok,-0.5263258000365357,0.5263258000365357
Linear_V3,TSP-normal-n500-g1000-2,13619.588866770659,13098,0.30373550000513205,0.30299250000098255,0.0007430000041495077,3.7578609000047436,ok,3.982202372657341,3.982202372657341
Linear_V3,TSP-normal-n70-g1000-4,4565.598998148992,4660,0.0356380000084755,0.029913700003817212,0.005724300004658289,0.26756220000970643,ok,-2.025772571910043,2.025772571910043
Linear_V3,TSP-normal-n70-g1000-1,4236.522059544373,4279,0.041263399994932115,0.03928089999681106,0.0019824999981210567,0.25396670000918675,ok,-0.9927071852214675,0.9927071852214675
Linear_V3,TSP-normal-n500-g10000-4,124435.95080819633,120711,0.28398599999491125,0.28179649999947287,0.002189499995438382,5.673406199988676,ok,3.085842059295614,3.085842059295614
Linear_V3,TSP-normal-n500-g10000-2,131005.5981245796,126270,0.29274140000052284,0.29158820000156993,0.001153199998952914,4.750727799997549,ok,3.7503746927849835,3.7503746927849835
Linear_V3,TSP-normal-n70-g10000-3,45333.971514667,47244,0.04152559999783989,0.038345399996615015,0.0031802000012248755,0.29369199999200646,ok,-4.042901713091612,4.042901713091612
Linear_V3,TSP-normal-n70-g10000-4,51217.197120992256,51254,0.040067900001304224,0.03837770000245655,0.0016901999988476746,0.5323960999958217,ok,-0.07180489134066452,0.07180489134066452
Linear_V3,TSP-normal-n70-g10000-1,40777.77368639366,42337,0.04646080000384245,0.043476999999256805,0.002983800004585646,0.33238219999475405,ok,-3.6828927737117443,3.6828927737117443
Linear_V3,TSP-normal-n70-g1000-5,5278.599744225098,5356,0.05764160000398988,0.05592890000116313,0.0017127000028267503,0.26572500000474975,ok,-1.445113065252087,1.445113065252087
Linear_V3,TSP-normal-n500-g1000-4,13762.980711664375,13268,0.3648493999935454,0.36425169999711215,0.0005976999964332208,6.278650899999775,ok,3.7306354511936624,3.7306354511936624
Linear_V3,TSP-normal-n70-g10000-2,51371.15019617308,53392,0.06708590000198456,0.062297900003613904,0.004787999998370651,0.33120710001094267,ok,-3.7849299592203276,3.7849299592203276
Linear_V3,TSP-normal-n70-g10000-5,44823.579012091715,47149,0.05740659999719355,0.056145599999581464,0.001260999997612089,0.11453719998826273,ok,-4.93206852299791,4.93206852299791
Linear_V3,TSP-normal-n600-g1000-1,14478.434545634316,13726,0.255561600002693,0.24888430000282824,0.006677299999864772,3.7214328000118257,ok,5.481819507754016,5.481819507754016
Linear_V3,TSP-normal-n500-g10000-3,129742.31425500356,124464,0.3729412999964552,0.3723000999962096,0.0006412000002455898,2.4430739999952493,ok,4.240836109239262,4.240836109239262
Linear_V3,TSP-normal-n500-g10000-1,129497.5072295114,128012,0.401000899997598,0.39819539999734843,0.0028055000002495944,2.730625500000315,ok,1.160443731455952,1.160443731455952
Linear_V3,TSP-normal-n600-g10000-3,141105.20006683096,137424,0.24194169999827864,0.23994419999507954,0.001997500003199093,5.790588900010334,ok,2.6787170121892556,2.6787170121892556
Linear_V3,TSP-normal-n8-g1000-1,1230.0991776873702,1540,0.0077231999966898,0.007114699998055585,0.0006084999986342154,0.18267949999426492,ok,-20.123430020300635,20.123430020300635
Linear_V3,TSP-normal-n8-g1000-2,1430.7585009636027,1378,0.01019800000358373,0.00843880000320496,0.0017592000003787689,0.04318359999160748,ok,3.8286285169523024,3.8286285169523024
Linear_V3,TSP-normal-n8-g1000-3,1893.2072777076864,1944,0.008292999998957384,0.0075234999967506155,0.0007695000022067688,0.048240200005238876,ok,-2.612794356600492,2.612794356600492
Linear_V3,TSP-normal-n8-g1000-5,975.0103656294644,1132,0.007118100002116989,0.006224700002348982,0.0008933999997680075,0.03584039999986999,ok,-13.868342258881233,13.868342258881233
Linear_V3,TSP-normal-n8-g1000-4,1988.0501921165153,2122,0.013693000000785105,0.012241999997058883,0.0014510000037262216,0.05126790000940673,ok,-6.312432039749514,6.312432039749514
Linear_V3,TSP-normal-n8-g10000-1,9262.379053249639,9684,0.005291300003591459,0.0042138999997405335,0.0010774000038509257,0.1121285999979591,ok,-4.353789206426697,4.353789206426697
Linear_V3,TSP-normal-n8-g10000-2,16244.860478026003,20537,0.012751900001603644,0.009641399999964051,0.0031105000016395934,0.16419979999773204,ok,-20.899544831153513,20.899544831153513
Linear_V3,TSP-normal-n8-g10000-3,13246.744801915942,14037,0.009568999994371552,0.008472299996356014,0.0010966999980155379,0.20512719999533147,ok,-5.629801225931881,5.629801225931881
Linear_V3,TSP-normal-n8-g10000-5,12189.602701936274,12914,0.00792619999992894,0.0070141999967745505,0.0009120000031543896,0.12297669998952188,ok,-5.609395214989362,5.609395214989362
Linear_V3,TSP-normal-n8-g10000-4,8791.968217417754,11189,0.009765700000571087,0.00678199999674689,0.0029837000038241968,0.28646619999199174,ok,-21.423110041846865,21.423110041846865
Linear_V3,TSP-normal-n600-g1000-5,14798.187802662009,14133,0.3482387000040035,0.34741740000026766,0.0008213000037358142,5.167093900003238,ok,4.7066284770537665,4.7066284770537665
Linear_V3,TSP-normal-n600-g1000-3,14713.976939790487,14088,0.3680434000052628,0.367290200003481,0.0007532000017818063,4.964504000003217,ok,4.443334325599712,4.443334325599712
Linear_V3,TSP-normal-n600-g10000-2,146812.72673500096,139835,0.3542429000008269,0.35309240000060527,0.0011505000002216548,5.1638807999988785,ok,4.989971562914123,4.989971562914123
Linear_V3,TSP-normal-n80-g1000-2,4743.200463920375,4755,0.04779940000298666,0.04545450000296114,0.0023449000000255182,0.25650360000145156,ok,-0.24815007528128044,0.24815007528128044
Linear_V3,TSP-normal-n80-g1000-1,4497.550405556716,4673,0.06340030000865227,0.06273690000671195,0.0006634000019403175,0.3770596999966074,ok,-3.7545387212344057,3.7545387212344057
Linear_V3,TSP-normal-n80-g1000-4,5005.943556385369,5179,0.052622000002884306,0.05167100000107894,0.0009510000018053688,0.09070699999574572,ok,-3.3415030626497497,3.3415030626497497
Linear_V3,TSP-normal-n80-g1000-3,5277.930054484706,5513,0.0548964999979944,0.05156089999945834,0.003335599998536054,0.200509600006626,ok,-4.263920651465526,4.263920651465526
Linear_V3,TSP-normal-n80-g1000-5,4494.407359698387,4759,0.05259640000440413,0.04690400000254158,0.005692400001862552,0.4352184000017587,ok,-5.559836946871461,5.559836946871461
Linear_V3,TSP-normal-n80-g10000-1,42504.19358176389,42379,0.04484560000128113,0.04293360000156099,0.0019119999997201376,0.42639259999850765,ok,0.29541419515299505,0.29541419515299505
Linear_V3,TSP-normal-n600-g1000-2,13992.853113392222,13464,0.46184700000594603,0.4611118000029819,0.0007352000029641204,5.113973300001817,ok,3.927904882592264,3.927904882592264
Linear_V3,TSP-normal-n700-g1000-2,16368.598669941437,15427,0.2587624000007054,0.25625659999786876,0.0025058000028366223,6.993793100002222,ok,6.103576002731815,6.103576002731815
Linear_V3,TSP-normal-n600-g10000-1,137569.3749826961,133931,0.4489691999988281,0.4483108999993419,0.0006582999994861893,5.754894099998637,ok,2.7166040593261562,2.7166040593261562
Linear_V3,TSP-normal-n700-g1000-3,15799.113320025015,15273,0.2654865000004065,0.2643263999998453,0.001160100000561215,7.548159199999645,ok,3.444728082400413,3.444728082400413
Linear_V3,TSP-normal-n700-g1000-4,15469.968561589418,14588,0.2886845000030007,0.28635470000153873,0.00232980000146199,3.94096890000219,ok,6.045849750407306,6.045849750407306
Linear_V3,TSP-normal-n80-g10000-2,51656.05417721911,51336,0.09194760000536917,0.0908045000032871,0.0011431000020820647,0.8147386999917217,ok,0.6234497764124857,0.6234497764124857
Linear_V3,TSP-normal-n700-g1000-5,15524.469777269771,15063,0.29180129999440396,0.2887577000001329,0.0030435999942710623,5.765825299997232,ok,3.0635980699048724,3.0635980699048724
Linear_V3,TSP-normal-n600-g1000-4,14388.417461024179,13818,0.4987586999995983,0.49736269999993965,0.0013959999996586703,10.097958300000755,ok,4.128075416298878,4.128075416298878
Linear_V3,TSP-normal-n600-g10000-4,152900.4713264181,143604,0.48692250000021886,0.4847191000008024,0.0022033999994164333,5.879438299991307,ok,6.47368550069504,6.47368550069504
Linear_V3,TSP-normal-n80-g10000-4,49623.770193982426,51698,0.10096739999426063,0.0970037000006414,0.00396369999361923,0.31259339999814983,ok,-4.012205125957627,4.012205125957627
Linear_V3,TSP-normal-n80-g10000-3,46728.698991038356,47119,0.10775429999921471,0.10555739999836078,0.0021969000008539297,0.2700178999948548,ok,-0.8283304165233636,0.8283304165233636
Linear_V3,TSP-normal-n700-g10000-4,158214.61360927476,150690,0.295156300002418,0.2904348000010941,0.004721500001323875,188.76747809999506,ok,4.993439252289311,4.993439252289311
Linear_V3,TSP-normal-n80-g10000-5,48901.825998878376,50163,0.10101220000069588,0.09971959999529645,0.0012926000053994358,0.48688810000021476,ok,-2.5141518671563188,2.5141518671563188
Linear_V3,TSP-normal-n600-g10000-5,141276.41999055265,138198,0.498689000007289,0.4980234000031487,0.0006656000041402876,49.31183419999434,ok,2.227543083512531,2.227543083512531
Linear_V3,TSP-normal-n90-g1000-3,5183.746770328816,5363,0.03415520000271499,0.033046299999114126,0.0011089000036008656,0.12777180000557564,ok,-3.3424059233858707,3.3424059233858707
Linear_V3,TSP-normal-n700-g1000-1,15411.772797866173,14755,0.4189452999999048,0.41780070000095293,0.0011445999989518896,3.6613835000025574,ok,4.451188057378334,4.451188057378334
Linear_V3,TSP-normal-n90-g1000-2,4471.9956601637905,4450,0.06417799999326235,0.06314449999626959,0.0010334999969927594,0.5734568999905605,ok,0.49428449806270763,0.49428449806270763
Linear_V3,TSP-normal-n90-g1000-4,5129.848340784187,5223,0.05469630000152392,0.052738799997314345,0.001957500004209578,0.5060649000079138,ok,-1.7834895503697723,1.7834895503697723
Linear_V3,TSP-normal-n90-g1000-1,5230.633455216907,5294,0.0783030000020517,0.07477719999587862,0.0035258000061730854,0.13032840000232682,ok,-1.196950222574474,1.196950222574474
Linear_V3,TSP-normal-n700-g10000-3,160190.8245147952,152745,0.38723880000179633,0.38621479999710573,0.0010240000046906061,4.217378200002713,ok,4.8746764311730075,4.8746764311730075
Linear_V3,TSP-normal-n90-g1000-5,5160.130850160555,5271,0.06361370000377065,0.06248050000431249,0.0011331999994581565,0.16503360000206158,ok,-2.1033798110310116,2.1033798110310116
Linear_V3,TSP-normal-n90-g10000-1,51221.109841940626,52381,0.061995200005185325,0.05916330000036396,0.002831900004821364,0.6527806000085548,ok,-2.2143337432644925,2.2143337432644925
Linear_V3,TSP-normal-n90-g10000-2,53058.02959101007,54146,0.06603930000710534,0.06372000000556,0.0023193000015453435,0.12512199999764562,ok,-2.009327390739725,2.009327390739725
Linear_V3,TSP-normal-n700-g10000-2,151196.89315498748,146713,0.44178009999450296,0.4403898999953526,0.0013901999991503544,8.715929900004994,ok,3.0562343861740153,3.0562343861740153
Linear_V3,TSP-normal-n90-g10000-5,54752.0120152217,54842,0.06429930000012973,0.061315799997828435,0.002983500002301298,0.241166499996325,ok,-0.16408589179515942,0.16408589179515942
Linear_V3,TSP-normal-n90-g10000-3,50134.55814838953,52843,0.08089309999922989,0.07937959999981103,0.0015134999994188547,0.6286366999993334,ok,-5.125450583067711,5.125450583067711
Linear_V3,TSP-normal-n90-g10000-4,50316.039764928384,50817,0.07930750000377884,0.0780739000038011,0.0012335999999777414,0.6267496000073152,ok,-0.9858122972068716,0.9858122972068716
Linear_V3,TSP-normal-n800-g1000-1,16031.85064412478,15590,0.2934527000033995,0.29182890000083717,0.0016238000025623478,4.572412599998643,ok,2.834192714078122,2.834192714078122
Linear_V3,TSP-normal-n700-g10000-1,154834.99653158942,147108,0.559760299998743,0.5588179999977001,0.000942300001042895,6.694900999995298,ok,5.252601171649008,5.252601171649008
Linear_V3,TSP-normal-n800-g10000-1,174681.4996711546,167378,0.28786070000205655,0.2858949000001303,0.0019658000019262545,14.298034600011306,ok,4.363476485054545,4.363476485054545
Linear_V3,TSP-normal-n800-g1000-3,16013.908437803839,15356,0.3310931000087294,0.32945650000328897,0.001636600005440414,8.453636700010975,ok,4.284373780957533,4.284373780957533
Linear_V3,TSP-normal-n700-g10000-5,152694.33053619973,145264,0.558963000003132,0.5575842000034754,0.0013787999996566214,5.3572420999989845,ok,5.115052963018871,5.115052963018871
Linear_V3,TSP-random-n10-g1000-1,2428.8766858993927,2702,0.02284920000238344,0.021684300001652446,0.001164900000730995,0.04523249999328982,ok,-10.108190751317814,10.108190751317814
Linear_V3,TSP-normal-n800-g1000-5,16679.449410461195,16043,0.342167699993297,0.3405006999964826,0.0016669999968144111,11.790015199992922,ok,3.9671471075309785,3.9671471075309785
Linear_V3,TSP-random-n10-g1000-2,2759.4617879582593,2913,0.02294949999486562,0.01941889999579871,0.003530599999066908,0.04246240000065882,ok,-5.270793410289762,5.270793410289762
Linear_V3,TSP-random-n10-g1000-3,2789.887992279891,3029,0.017608199996175244,0.01665349999530008,0.0009547000008751638,0.1015629000030458,ok,-7.894090713770517,7.894090713770517
Linear_V3,TSP-random-n10-g1000-4,2445.4191832318866,2509,0.020942099996318575,0.017581799998879433,0.0033602999974391423,0.10254340000392403,ok,-2.5341098751739115,2.5341098751739115
Linear_V3,TSP-random-n10-g1000-5,2928.5591099732583,3221,0.016962299996521324,0.015049999994516838,0.0019123000020044856,0.11926120000134688,ok,-9.079195592261463,9.079195592261463
Linear_V3,TSP-random-n10-g10000-2,21046.041547527242,21593,0.014979800005676225,0.013920900004450232,0.001058900001225993,0.040850600009434856,ok,-2.533035949024026,2.533035949024026
Linear_V3,TSP-random-n10-g10000-1,27086.19563498226,27929,0.01662229999055853,0.01518279999436345,0.0014394999961950816,0.039886099999421276,ok,-3.017667532019545,3.017667532019545
Linear_V3,TSP-normal-n800-g10000-3,167253.59185098152,160983,0.34455509999679634,0.3404441000020597,0.0041109999947366305,15.26929189999646,ok,3.895188840425091,3.895188840425091
Linear_V3,TSP-random-n10-g10000-3,31671.1683351826,34570,0.017690199994831346,0.015116499998839572,0.002573699995991774,0.03952200000640005,ok,-8.385396774131907,8.385396774131907
Linear_V3,TSP-random-n10-g10000-5,26316.541635850655,28167,0.015522300003794953,0.014354300001286902,0.0011680000025080517,0.038039999999455176,ok,-6.569596918909876,6.569596918909876
Linear_V3,TSP-random-n10-g10000-4,30196.080244092427,30435,0.019485800003167242,0.018186000001151115,0.0012998000020161271,0.04178330001013819,ok,-0.7850164478645403,0.7850164478645403
Linear_V3,TSP-random-n100-g1000-3,7644.887504513543,7651,0.03684539999085246,0.03560569999535801,0.0012396999954944476,0.27204540000821,ok,-0.07989145845585142,0.07989145845585142
Linear_V3,TSP-random-n100-g1000-1,7522.553659849546,7528,0.05297749999590451,0.052034699998330325,0.0009427999975741841,0.3027827000041725,ok,-0.0723477703301485,0.0723477703301485
Linear_V3,TSP-random-n100-g1000-2,7757.155473145594,7742,0.04850119999900926,0.046406800000113435,0.002094399998895824,0.3697956999967573,ok,0.19575656349256576,0.19575656349256576
Linear_V3,TSP-random-n100-g1000-5,8128.647725143651,8115,0.043858000011823606,0.0426456000059261,0.001212400005897507,0.3881559000001289,ok,0.1681789912957592,0.1681789912957592
Linear_V3,TSP-random-n100-g1000-4,7935.125647519931,7902,0.061453999995137565,0.05840650000027381,0.003047499994863756,0.13287750000017695,ok,0.41920586585586794,0.41920586585586794
Linear_V3,TSP-normal-n900-g1000-3,18465.062594135743,17132,0.2912833000009414,0.28933219999453286,0.0019511000064085238,10.725538300001062,ok,7.781126512583136,7.781126512583136
Linear_V3,TSP-random-n100-g10000-1,76064.10438201335,77010,0.05040109999390552,0.047249099996406585,0.0031519999974989332,0.30847150000045076,ok,-1.2282763511058965,1.2282763511058965
Linear_V3,TSP-random-n100-g10000-3,78536.51961460749,78233,0.04393820000404958,0.041916100002708845,0.002022100001340732,0.10649020000710152,ok,0.38796877865796864,0.38796877865796864
Linear_V3,TSP-random-n100-g10000-4,79684.9041739704,79511,0.0488037000031909,0.04756620000262046,0.001237500000570435,0.4347360999963712,ok,0.21871712589502973,0.21871712589502973
Linear_V3,TSP-random-n100-g10000-2,76077.50334216877,75973,0.06468309999763733,0.06284520000190241,0.0018378999957349151,0.23526000000128988,ok,0.13755326519785904,0.13755326519785904
Linear_V3,TSP-random-n100-g10000-5,73687.71812509673,73429,0.08926709999650484,0.08856209999794373,0.0007049999985611066,0.2555762000120012,ok,0.3523378026348255,0.3523378026348255
Linear_V3,TSP-normal-n900-g10000-4,176702.63865670902,167800,0.27944140000181505,0.27836589999787975,0.0010755000039353035,133.53628030000255,ok,5.305505754892147,5.305505754892147
Linear_V3,TSP-normal-n800-g1000-4,16871.45666214123,16167,0.6216062000021338,0.6207630999997491,0.0008431000023847446,8.405030900001293,ok,4.357374046769533,4.357374046769533
Linear_V3,TSP-normal-n800-g10000-2,170260.5930143285,164163,0.597990900001605,0.5966537999993307,0.0013371000022743829,623.46235289998,ok,3.714352816608193,3.714352816608193
Linear_V3,TSP-normal-n900-g1000-1,17551.411949738012,16790,0.4842352000050596,0.4833976000008988,0.0008376000041607767,10.932252900005551,ok,4.53491333971419,4.53491333971419
Linear_V3,TSP-normal-n800-g1000-2,17088.826257435518,16061,0.6512280000024475,0.6495329000026686,0.001695099999778904,8.728653400001349,ok,6.399515954395851,6.399515954395851
Linear_V3,TSP-normal-n800-g10000-5,172299.63083905936,159659,0.5985400999998092,0.5978916999956709,0.0006484000041382387,9.288490399994771,ok,7.917267951734234,7.917267951734234
Linear_V3,TSP-random-n20-g1000-1,3568.3495941118913,3609,0.020007400002214126,0.018553599998995196,0.0014538000032189302,0.06740569999965373,ok,-1.1263620362457387,1.1263620362457387
Linear_V3,TSP-normal-n800-g10000-4,170525.51933461192,163028,0.6271720999939134,0.6257172999976319,0.0014547999962815084,4.5217933999956585,ok,4.598915115570282,4.598915115570282
Linear_V3,TSP-random-n20-g1000-2,3951.5912354562033,3821,0.016185799999220762,0.015438299997185823,0.0007475000020349398,0.26525630000105593,ok,3.417724037063683,3.417724037063683
Linear_V3,TSP-random-n20-g1000-3,3847.630318936091,4029,0.01851919999171514,0.017682899997453205,0.0008362999942619354,0.15647430000535678,ok,-4.501605387538072,4.501605387538072
Linear_V3,TSP-random-n20-g1000-4,3830.5475532914465,3983,0.020666599994001444,0.018757799996819813,0.0019087999971816316,0.21198520000325516,ok,-3.8275783758110333,3.8275783758110333
Linear_V3,TSP-random-n20-g1000-5,3545.4726303559273,3549,0.017271600001549814,0.01586959999985993,0.0014020000016898848,0.15881729999091476,ok,-0.0993905225154319,0.0993905225154319
Linear_V3,TSP-normal-n900-g1000-4,18785.772482137596,18043,0.5025567000047886,0.49932120000448776,0.003235500000300817,11.02205810000305,ok,4.1166794997372715,4.1166794997372715
Linear_V3,TSP-random-n20-g10000-1,40562.72712145657,42535,0.019854999998642597,0.01794069999596104,0.001914300002681557,0.04146609999588691,ok,-4.636823506626143,4.636823506626143
Linear_V3,TSP-random-n20-g10000-2,41249.57358942801,41438,0.020537699994747527,0.019859899999573827,0.0006777999951737002,0.04067780000332277,ok,-0.45471888260049276,0.45471888260049276
Linear_V3,TSP-random-n20-g10000-3,34337.4986847018,34103,0.024174400001356844,0.02331170000252314,0.0008626999988337047,0.04657700000097975,ok,0.6876189329437317,0.6876189329437317
Linear_V3,TSP-random-n20-g10000-5,29642.2272993934,32606,0.025439199998800177,0.02415119999932358,0.0012879999994765967,0.03995700000086799,ok,-9.089654359954,9.089654359954
Linear_V3,TSP-normal-n900-g10000-1,180672.35674511257,172711,0.5205351999975392,0.5197063000014168,0.0008288999961223453,11.082975899989833,ok,4.6096408133312705,4.6096408133312705
Linear_V3,TSP-random-n20-g10000-4,34164.297951231965,36016,0.03748539999651257,0.036155899993900675,0.0013295000026118942,0.044943499990040436,ok,-5.141331765793077,5.141331765793077
Linear_V3,TSP-normal-n900-g10000-2,175628.6340250683,166996,0.5280618999968283,0.5265206999974907,0.0015411999993375503,14.222709800000302,ok,5.169365748322303,5.169365748322303
Linear_V3,TSP-normal-n900-g1000-5,17726.16375170335,16589,0.5624679000029573,0.5599674999975832,0.002500400005374104,8.060172199999215,ok,6.854926467558917,6.854926467558917
Linear_V3,TSP-normal-n900-g10000-3,180226.34156243267,171173,0.5560489000054076,0.5543503000008059,0.001698600004601758,5.123346400010632,ok,5.28900093030599,5.28900093030599
Linear_V3,TSP-random-n1000-g1000-1,23963.391811316036,23413,0.32641859999421285,0.3230206000007456,0.003397999993467238,6.084185999992769,ok,2.350795760116329,2.350795760116329
Linear_V3,TSP-random-n1000-g1000-3,23280.43735649886,23012,0.32700170000316575,0.32582600000023376,0.0011757000029319897,18.3015388000058,ok,1.1665103272156268,1.1665103272156268
Linear_V3,TSP-random-n1000-g1000-2,23382.381699535774,23122,0.3639467999964836,0.3605446000001393,0.0034021999963442795,208.78109869999753,ok,1.1261210082855022,1.1261210082855022
Linear_V3,TSP-random-n1000-g1000-4,23344.092875704257,23094,0.3586986000009347,0.35666549999587005,0.0020331000050646253,11.101557000016328,ok,1.0829344232452436,1.0829344232452436
Linear_V3,TSP-random-n200-g1000-4,10795.991736918335,10777,0.12478930000361288,0.12266060000547441,0.0021286999981384724,0.6216893999953754,ok,0.176224709272849,0.176224709272849
Linear_V3,TSP-random-n1000-g1000-5,23373.602976910603,23228,0.3693189000041457,0.36487180000403896,0.00444710000010673,6.383347800001502,ok,0.6268425043507947,0.6268425043507947
Linear_V3,TSP-random-n200-g1000-5,10679.235352775017,10650,0.13499629999569152,0.1332786999992095,0.001717599996482022,0.4686664000037126,ok,0.2745103546949907,0.2745103546949907
Linear_V3,TSP-random-n30-g1000-2,4682.846786766569,4942,0.027295500003674533,0.023343699998804368,0.003951800004870165,0.05056150000018533,ok,-5.243893428438516,5.243893428438516
Linear_V3,TSP-normal-n900-g1000-2,18721.175987636758,17606,0.7402336000013747,0.7392567999995663,0.0009768000018084422,9.373664500002633,ok,6.3340678611652725,6.3340678611652725
Linear_V3,TSP-random-n30-g1000-1,4754.730782747578,4747,0.038759199997002725,0.03659460000199033,0.002164599995012395,0.08237979999103118,ok,0.16285617753481998,0.16285617753481998
Linear_V3,TSP-random-n200-g10000-4,105477.61176781208,105429,0.09925980000116397,0.09468100000231061,0.004578799998853356,3.482745100001921,ok,0.04610853542391472,0.04610853542391472
Linear_V3,TSP-random-n200-g10000-1,109660.76824257371,107741,0.17111640000075568,0.1697959000011906,0.0013204999995650724,3.15363640000578,ok,1.7818362949793622,1.7818362949793622
Linear_V3,TSP-random-n200-g1000-1,10693.958171919287,10677,0.20472919999883743,0.2012643999987631,0.0034648000000743195,0.6748994000081439,ok,0.15882899615328783,0.15882899615328783
Linear_V3,TSP-random-n30-g1000-4,3985.8768110508377,4196,0.0363164000082179,0.02666710000630701,0.009649300001910888,0.11555349999980535,ok,-5.007702310513879,5.007702310513879
Linear_V3,TSP-random-n30-g1000-3,4123.908418047044,4144,0.05142840000189608,0.04998450000130106,0.001443900000595022,0.057911999989300966,ok,-0.48483547183775105,0.48483547183775105
Linear_V3,TSP-random-n30-g10000-1,38135.60653708921,39213,0.04464320000261068,0.041838999997708015,0.0028042000049026683,0.04343910000170581,ok,-2.7475415370178,2.7475415370178
Linear_V3,TSP-random-n200-g10000-5,106957.76384444161,107384,0.1067882999923313,0.09858629999507684,0.008201999997254461,4.794464299993706,ok,-0.39692706134842437,0.39692706134842437
Linear_V3,TSP-random-n200-g1000-2,10588.79402990052,10596,0.207987999994657,0.20453360000101384,0.0034543999936431646,10.384652599997935,ok,-0.06800651283012081,0.06800651283012081
Linear_V3,TSP-random-n1000-g10000-2,232465.42803629136,228872,0.38040729999920586,0.37735260000044946,0.003054699998756405,10.267818099993747,ok,1.5700601367975793,1.5700601367975793
Linear_V3,TSP-random-n200-g10000-3,105506.67587029743,105042,0.17476439999882132,0.1725810999996611,0.0021832999991602264,0.7069654000079026,ok,0.4423714993025961,0.4423714993025961
Linear_V3,TSP-random-n200-g1000-3,10320.798235585165,10297,0.21026859999255976,0.20898559999477584,0.001282999997783918,0.7427278999966802,ok,0.23111814688904977,0.23111814688904977
Linear_V3,TSP-random-n30-g10000-3,47609.24937761996,48494,0.047747399999934714,0.0469260999961989,0.0008213000037358142,0.06312809999508318,ok,-1.8244537930053972,1.8244537930053972
Linear_V3,TSP-random-n30-g1000-5,3933.984663219354,4225,0.07031730000016978,0.06850289999420056,0.001814400005969219,0.12440030000288971,ok,-6.8879369652223925,6.8879369652223925
Linear_V3,TSP-random-n30-g10000-2,43472.23862647251,45722,0.06518039999355096,0.06456349999643862,0.0006168999971123412,0.05783119999978226,ok,-4.920522666391439,4.920522666391439
Linear_V3,TSP-random-n30-g10000-4,41493.99628127193,44246,0.06275160000222968,0.05937660000199685,0.0033750000002328306,0.05236980000336189,ok,-6.219779683424646,6.219779683424646
Linear_V3,TSP-random-n200-g10000-2,107749.94828259786,106831,0.19690979998995317,0.19492479999462375,0.0019849999953294173,4.046168900007615,ok,0.8601887865861623,0.8601887865861623
Linear_V3,TSP-random-n30-g10000-5,45430.23861428518,47255,0.053106400002434384,0.05203020000044489,0.0010762000019894913,0.05078079999657348,ok,-3.861520232176102,3.861520232176102
Linear_V3,TSP-random-n40-g1000-2,4993.004256664703,5123,0.024785900001006667,0.02372480000485666,0.0010610999961500056,0.17115239999839105,ok,-2.5374925499765264,2.5374925499765264
Linear_V3,TSP-random-n40-g1000-4,4963.843143152743,4904,0.029513999994378537,0.028137299996160436,0.0013766999982181005,0.07400579999375623,ok,1.2202924786448477,1.2202924786448477
Linear_V3,TSP-random-n40-g1000-1,5355.390965327746,5325,0.04321999999956461,0.042504099998041056,0.0007159000015235506,0.10739119999925606,ok,0.5707223535726952,0.5707223535726952
Linear_V3,TSP-random-n40-g1000-3,5062.466618752799,5302,0.035758200006966945,0.03469500000210246,0.001063200004864484,0.06079809999209829,ok,-4.517792931859692,4.517792931859692
Linear_V3,TSP-random-n40-g1000-5,5079.8603585211795,4940,0.03901199999381788,0.03672269999515265,0.0022892999986652285,0.18733040000370238,ok,2.831181346582581,2.831181346582581
Linear_V3,TSP-random-n40-g10000-1,48606.95936974646,50986,0.029493600006389897,0.02864930000214372,0.000844300004246179,0.06329770000593271,ok,-4.6660664304976684,4.6660664304976684
Linear_V3,TSP-random-n40-g10000-4,50609.53686343389,49715,0.030971200001658872,0.02966050000395626,0.0013106999977026135,0.06551069999113679,ok,1.7993299073396127,1.7993299073396127
Linear_V3,TSP-random-n40-g10000-2,51710.36219996613,52007,0.03761099999974249,0.03498270000272896,0.002628299997013528,0.34867839999787975,ok,-0.5703805257635826,0.5703805257635826
Linear_V3,TSP-random-n40-g10000-3,51391.99418948576,50615,0.039024999998218846,0.0365483999994467,0.0024765999987721443,0.1536616000084905,ok,1.5351065681828746,1.5351065681828746
Linear_V3,TSP-random-n40-g10000-5,50400.41285572039,53463,0.03424040001118556,0.03245650000462774,0.0017839000065578148,0.254019399988465,ok,-5.728423665487557,5.728423665487557
Linear_V3,TSP-normal-n900-g10000-5,180153.86580972324,172297,0.7601482000027318,0.7594838000004529,0.0006644000022788532,13.272237199998926,ok,4.560071161844513,4.560071161844513
Linear_V3,TSP-random-n300-g1000-2,13220.50162113761,13240,0.15256280000176048,0.15169540000351844,0.0008673999982420355,2.5219756000005873,ok,-0.1472687225256071,0.1472687225256071
Linear_V3,TSP-random-n300-g10000-2,128354.6206053107,127586,0.1455515000052401,0.14171190000342904,0.00383960000181105,2.6006177000090247,ok,0.602433343243539,0.602433343243539
Linear_V3,TSP-random-n300-g1000-5,12574.992744988791,12482,0.15418169999611564,0.15126020000025164,0.0029214999958639964,4.665502000003471,ok,0.7450147811952487,0.7450147811952487
Linear_V3,TSP-random-n300-g10000-5,131158.32853248608,129198,0.1518276999995578,0.14845839999907184,0.003369300000485964,1.648648400005186,ok,1.517305633590363,1.517305633590363
Linear_V3,TSP-random-n300-g1000-4,12956.331641131339,12823,0.17193889999907697,0.1704122000010102,0.0015266999980667606,1.731390900007682,ok,1.0397850825184356,1.0397850825184356
Linear_V3,TSP-random-n5-g1000-1,1668.8169119562717,2085,0.01109530000394443,0.00871750000078464,0.0023778000031597912,0.08784940000623465,ok,-19.960819570442602,19.960819570442602
Linear_V3,TSP-random-n300-g1000-3,13228.549175367052,13167,0.19518009999592323,0.19288830000004964,0.002291799995873589,0.6939643999940017,ok,0.467450257211606,0.467450257211606
Linear_V3,TSP-random-n300-g10000-3,128372.50862462579,127265,0.19024709999212064,0.18847019999520853,0.0017768999969121069,3.8670590999972774,ok,0.8702381838099911,0.8702381838099911
Linear_V3,TSP-random-n5-g1000-2,1745.5027833413394,1825,0.01548160000675125,0.01347590000659693,0.00200570000015432,0.04721350000181701,ok,-4.356011871707429,4.356011871707429
Linear_V3,TSP-random-n5-g1000-3,1575.3925808726522,1871,0.015910399990389124,0.01459719999547815,0.001313199994910974,0.07531749999907333,ok,-15.799434480349964,15.799434480349964
Linear_V3,TSP-random-n5-g1000-5,2362.2146147432786,2474,0.00800320000416832,0.007104700001946185,0.0008985000022221357,0.043110900005558506,ok,-4.518406841419619,4.518406841419619
Linear_V3,TSP-random-n5-g1000-4,1571.8105494212625,1876,0.013968100000056438,0.012762699996528681,0.0012054000035277568,0.04935499999555759,ok,-16.214789476478543,16.214789476478543
Linear_V3,TSP-random-n5-g10000-1,15588.543166514572,20778,0.01517240000248421,0.012556599998788442,0.0026158000036957674,0.1212286999943899,ok,-24.975728335188315,24.975728335188315
Linear_V3,TSP-random-n5-g10000-3,16138.299471832059,17620,0.01479749999998603,0.012123599997721612,0.0026739000022644177,0.1542431999987457,ok,-8.409197095164252,8.409197095164252
Linear_V3,TSP-random-n5-g10000-2,11803.77933707434,12913,0.017436399997677654,0.016299399998388253,0.0011369999992894009,0.16996389999985695,ok,-8.589953248088436,8.589953248088436
Linear_V3,TSP-random-n300-g1000-1,13475.35399057807,13264,0.2693708000078914,0.2685415000014473,0.0008293000064441003,1.7148547999968287,ok,1.593440821607892,1.593440821607892
Linear_V3,TSP-random-n300-g10000-1,128284.23907279785,126463,0.25461069999437314,0.25267669999448117,0.0019339999998919666,3.151325500002713,ok,1.4401359075760096,1.4401359075760096
Linear_V3,TSP-random-n5-g10000-4,14527.738320057893,17225,0.026264200001605786,0.02252040000166744,0.0037437999999383464,0.1044434000068577,ok,-15.658993787762594,15.658993787762594
Linear_V3,TSP-random-n400-g1000-2,14889.26594842546,15004,0.15913620000355877,0.15694430000439752,0.002191899999161251,2.5646183000062592,ok,-0.7646897598942948,0.7646897598942948
Linear_V3,TSP-random-n5-g10000-5,13678.887651115001,17554,0.02143939999950817,0.020521499995084014,0.0009179000044241548,0.17221269999572542,ok,-22.075380818531382,22.075380818531382
Linear_V3,TSP-random-n300-g10000-4,132120.80473528622,131168,0.26767410000320524,0.266793199996755,0.000880900006450247,4.820444699988002,ok,0.7264002922101576,0.7264002922101576
Linear_V3,TSP-random-n1000-g10000-5,238371.9274817795,232824,0.5848954000030062,0.5809263000046485,0.003969099998357706,13.180065799999284,ok,2.3828847033722935,2.3828847033722935
Linear_V3,TSP-random-n50-g1000-1,5768.5194448241555,5885,0.05597739999939222,0.05084979999810457,0.005127600001287647,0.1455631999997422,ok,-1.9792787625462112,1.9792787625462112
Linear_V3,TSP-random-n50-g1000-3,5521.432402699441,5438,0.04681169999821577,0.045375900001090486,0.0014357999971252866,0.06988530000671744,ok,1.5342479348922564,1.5342479348922564
Linear_V3,TSP-random-n50-g1000-2,6052.598458562285,5978,0.05578419999801554,0.052579199997126125,0.003205000000889413,0.3436319000029471,ok,1.2478832144912106,1.2478832144912106
Linear_V3,TSP-random-n50-g1000-5,5857.860205424296,5981,0.047118200003751554,0.041961800001445226,0.005156400002306327,0.2594013000052655,ok,-2.0588495999950576,2.0588495999950576
Linear_V3,TSP-random-n50-g1000-4,5324.234354568779,5485,0.053953499998897314,0.05324280000058934,0.0007106999983079731,0.18514120001054835,ok,-2.931005386166289,2.931005386166289
Linear_V3,TSP-random-n400-g10000-5,145258.79051401452,144745,0.15055920000304468,0.14975039999990258,0.0008088000031420961,2.071403800000553,ok,0.35496252997652133,0.35496252997652133
Linear_V3,TSP-random-n400-g10000-2,149723.52768011394,149159,0.17662710000149673,0.17230009999912,0.004327000002376735,9.24107940000249,ok,0.3784737629736997,0.3784737629736997
Linear_V3,TSP-random-n50-g10000-1,57547.19638835835,58518,0.05644739999843296,0.05573039999580942,0.0007170000026235357,0.1518523999984609,ok,-1.6589828969575993,1.6589828969575993
Linear_V3,TSP-random-n50-g10000-2,52516.26723033678,54863,0.05561180000950117,0.05473110000457382,0.0008807000049273483,0.22463189999689348,ok,-4.277441572030731,4.277441572030731
Linear_V3,TSP-random-n400-g10000-3,155103.96831709758,152936,0.20093639999686275,0.19983130000036908,0.0011050999964936636,6.168977900000755,ok,1.417565724942183,1.417565724942183
Linear_V3,TSP-random-n50-g10000-4,56029.68042027186,56936,0.0518792000002577,0.04872380000597332,0.0031553999942843802,0.14325530000496656,ok,-1.5918216589295646,1.5918216589295646
Linear_V3,TSP-random-n50-g10000-3,54659.2126301582,53597,0.0778820999985328,0.07061160000012023,0.007270499998412561,0.10334250000596512,ok,1.981850906129453,1.981850906129453
Linear_V3,TSP-random-n50-g10000-5,54586.95918710552,51711,0.07347079999453854,0.07281899999361485,0.0006518000009236857,0.08606010000221431,ok,5.561600408241039,5.561600408241039
Linear_V3,TSP-random-n400-g10000-4,149146.8474090923,145885,0.22124529998836806,0.21707409999362426,0.004171199994743802,1.6560611000022618,ok,2.2359032176661735,2.2359032176661735
Linear_V3,TSP-random-n400-g1000-4,14791.54267219113,14812,0.2866358000028413,0.28433550000045216,0.002300300002389122,2.802323500000057,ok,-0.13811320421867476,0.13811320421867476
Linear_V3,TSP-random-n400-g1000-5,14638.402079980568,14529,0.28065459999925224,0.27990529999806313,0.0007493000011891127,4.738981299989973,ok,0.752991121072115,0.752991121072115
Linear_V3,TSP-random-n400-g1000-3,14697.859835807754,14655,0.3061967999965418,0.3044789999985369,0.0017177999980049208,4.3340305000019725,ok,0.2924587909092752,0.2924587909092752
Linear_V3,TSP-random-n60-g1000-1,6212.93048412535,6295,0.04385329999786336,0.04297229999792762,0.0008809999999357387,0.19249509999644943,ok,-1.3037254308919821,1.3037254308919821
Linear_V3,TSP-random-n1000-g10000-1,231885.36825896066,228639,0.8306147000039346,0.8297132000006968,0.0009015000032377429,240.1183488999959,ok,1.4198663653010473,1.4198663653010473
Linear_V3,TSP-random-n60-g1000-2,6222.032612274862,6168,0.04344429999764543,0.04194499999721302,0.001499300000432413,0.25323079999361653,ok,0.8760151147026914,0.8760151147026914
Linear_V3,TSP-random-n60-g1000-4,6310.702898123499,6189,0.04279839999799151,0.04169559999718331,0.0011028000008082017,0.18764969999028835,ok,1.9664388127888015,1.9664388127888015
Linear_V3,TSP-random-n60-g1000-3,6225.714517161103,6103,0.05456599999888567,0.05323579999821959,0.001330200000666082,0.2260995999968145,ok,2.01072451517455,2.01072451517455
Linear_V3,TSP-random-n400-g1000-1,14131.78682470005,14263,0.37341720000404166,0.3724852000013925,0.0009320000026491471,1.9016732000018237,ok,-0.9199549554788635,0.9199549554788635
Linear_V3,TSP-random-n60-g1000-5,6271.12831556161,6442,0.05164630000217585,0.04862150000553811,0.0030247999966377392,0.8923648000054527,ok,-2.6524632790808726,2.6524632790808726
Linear_V3,TSP-random-n60-g10000-1,62682.49739278718,64764,0.04934660000435542,0.048753499999293126,0.000593100005062297,0.16142780000518542,ok,-3.213980926460405,3.213980926460405
Linear_V3,TSP-random-n60-g10000-2,59498.155192917315,61745,0.04890050000540214,0.04786170000443235,0.0010388000009697862,0.13683589998981915,ok,-3.638909720759066,3.638909720759066
Linear_V3,TSP-random-n400-g10000-1,151049.45880138176,150594,0.3657007000001613,0.36477000000013504,0.0009307000000262633,3.423222800003714,ok,0.30244153245265787,0.30244153245265787
Linear_V3,TSP-random-n60-g10000-4,68972.84927883708,68411,0.04921509999985574,0.04820109999855049,0.0010140000013052486,0.2974400999955833,ok,0.821284996326729,0.821284996326729
Linear_V3,TSP-random-n60-g10000-3,62570.65435063479,64496,0.0635751000008895,0.05956349999905797,0.004011600001831539,0.3372514999937266,ok,-2.985217144265089,2.985217144265089
Linear_V3,TSP-random-n60-g10000-5,57465.28548707509,58065,0.0576943999985815,0.05575779999344377,0.0019366000051377341,0.17341099999612197,ok,-1.0328330542063395,1.0328330542063395
Linear_V3,TSP-random-n500-g1000-4,16362.97822021094,16209,0.21532789999764645,0.20976689999952214,0.005560999998124316,2.000128899991978,ok,0.949955087981615,0.949955087981615
Linear_V3,TSP-random-n500-g1000-2,16715.392399868302,16778,0.22575810000125784,0.22143720000167377,0.004320899999584071,4.804231499991147,ok,-0.3731529391566208,0.3731529391566208
Linear_V3,TSP-random-n500-g10000-3,169402.43234823184,166758,0.20030440000118688,0.19645870000385912,0.003845699997327756,6.305559499989613,ok,1.5857903958022064,1.5857903958022064
Linear_V3,TSP-random-n1000-g10000-3,235669.87213464113,232731,0.8989059000014095,0.8965495000011288,0.0023564000002807006,7.685093600011896,ok,1.2627763962003915,1.2627763962003915
Linear_V3,TSP-random-n500-g1000-5,16462.23946677219,16389,0.23957900000095833,0.23599600000306964,0.0035829999978886917,6.187833200005116,ok,0.44688185229232524,0.44688185229232524
Linear_V3,TSP-random-n500-g10000-4,171522.65157451018,166830,0.21162870000262046,0.20991930000309367,0.001709399999526795,69.00190570000268,ok,2.8128343670264213,2.8128343670264213
Linear_V3,TSP-random-n1000-g10000-4,238750.03472556037,233816,0.9144321999992826,0.9134434000006877,0.0009887999985949136,23.10038990000612,ok,2.1102211677388927,2.1102211677388927
Linear_V3,TSP-random-n500-g1000-3,16673.04743670862,16376,0.2812913000016124,0.27996239999629324,0.0013289000053191558,7.128763500004425,ok,1.8139193741366684,1.8139193741366684
Linear_V3,TSP-random-n70-g1000-1,6686.391757536327,6761,0.04529439999896567,0.041541099999449216,0.0037532999995164573,0.16908159999002237,ok,-1.1035089848198991,1.1035089848198991
Linear_V3,TSP-random-n70-g1000-3,6635.069823554185,6638,0.03986490000534104,0.03818680000404129,0.0016781000012997538,0.14467819999845233,ok,-0.044142459262052576,0.044142459262052576
Linear_V3,TSP-random-n70-g1000-4,6330.110248760904,6453,0.04866990000300575,0.04697640000085812,0.0016935000021476299,0.1514255000074627,ok,-1.9043817021400258,1.9043817021400258
Linear_V3,TSP-random-n70-g1000-2,6666.999436475434,6707,0.06567979999817908,0.06502480000199284,0.0006549999961862341,0.16010689998802263,ok,-0.5964002314681099,0.5964002314681099
Linear_V3,TSP-random-n500-g10000-5,168064.20300374544,165349,0.2887607000011485,0.28751740000006976,0.001243300001078751,8.061607000010554,ok,1.6421042786744635,1.6421042786744635
Linear_V3,TSP-random-n70-g10000-3,62253.84255673751,62317,0.04148130000248784,0.03653699999995297,0.004944300002534874,0.24375449999934062,ok,-0.10134865809087591,0.10134865809087591
Linear_V3,TSP-random-n500-g10000-1,169131.67422208865,168002,0.33352620000368915,0.33030580000195187,0.003220400001737289,4.751961800007848,ok,0.6724171272298257,0.6724171272298257
Linear_V3,TSP-random-n70-g1000-5,6482.329082491958,6505,0.06359689999226248,0.06285299999581184,0.0007438999964506365,0.22235450000152923,ok,-0.34851525761786767,0.34851525761786767
Linear_V3,TSP-random-n70-g10000-1,60733.27063776232,62106,0.06265939999138936,0.06065019999368815,0.0020091999977012165,0.06884859999991022,ok,-2.210300715289476,2.210300715289476
Linear_V3,TSP-random-n70-g10000-2,59824.32527531395,63441,0.06037659999128664,0.05732739999803016,0.0030491999932564795,0.16388540000480134,ok,-5.700847598061264,5.700847598061264
Linear_V3,TSP-random-n70-g10000-4,66947.07953198462,67115,0.0528389000101015,0.05114210000465391,0.0016968000054475851,0.1634836000012001,ok,-0.2501981196682977,0.2501981196682977
Linear_V3,TSP-random-n70-g10000-5,62667.19711191286,62967,0.0663014999954612,0.06525419999525184,0.0010473000002093613,0.1913456999900518,ok,-0.47612699999546193,0.47612699999546193
Linear_V3,TSP-random-n600-g10000-2,182840.68056549263,181526,0.22265640000114217,0.22155360000033397,0.0011028000008082017,165.0315816999937,ok,0.7242381617468728,0.7242381617468728
Linear_V3,TSP-random-n500-g1000-1,16787.003217534842,16538,0.4169279999914579,0.4162281999961124,0.0006997999953455292,8.155299899997772,ok,1.5056428681511815,1.5056428681511815
Linear_V3,TSP-random-n500-g10000-2,169083.45729475134,165668,0.4194265000114683,0.41833250000490807,0.0010940000065602362,2.306263799997396,ok,2.0616276497279724,2.0616276497279724
Linear_V3,TSP-random-n8-g1000-1,3020.881260433136,3061,0.009307000000262633,0.00837150000006659,0.0009355000001960434,0.1333987999969395,ok,-1.3106416062353463,1.3106416062353463
Linear_V3,TSP-random-n600-g10000-5,182105.36340709878,178870,0.21665829999983544,0.21527559999958612,0.001382700000249315,2.1575944000069285,ok,1.808779229104252,1.808779229104252
Linear_V3,TSP-random-n8-g1000-2,2224.672539222537,2327,0.013045299994701054,0.011708199999702629,0.0013370999949984252,0.14020419999724254,ok,-4.397398400406655,4.397398400406655
Linear_V3,TSP-random-n8-g1000-3,2656.37299706298,2702,0.01584809999621939,0.01397049999650335,0.0018775999997160397,0.125698600008036,ok,-1.688638154589927,1.688638154589927
Linear_V3,TSP-random-n600-g10000-4,180686.87656183506,179720,0.25200279999990016,0.24951689999579685,0.002485900004103314,11.86760030000005,ok,0.5379905196055302,0.5379905196055302
Linear_V3,TSP-random-n8-g1000-4,1987.9602845910656,2306,0.015086999999766704,0.013680500000191387,0.001406499999575317,0.45341430000553373,ok,-13.791835013396984,13.791835013396984
Linear_V3,TSP-random-n8-g10000-2,26419.877737655104,26791,0.009800699997867923,0.008138500001223292,0.001662199996644631,0.1327263999992283,ok,-1.3852497568022684,1.3852497568022684
Linear_V3,TSP-random-n8-g1000-5,2424.909144378295,2650,0.01690519999829121,0.014475299998593982,0.002429899999697227,0.4495604999974603,ok,-8.493994551762455,8.493994551762455
Linear_V3,TSP-random-n8-g10000-1,20043.978164264867,22038,0.012903899994853418,0.011576699995202944,0.0013271999996504746,0.13355820000288077,ok,-9.048107068405178,9.048107068405178
Linear_V3,TSP-random-n8-g10000-3,30441.24537487833,35741,0.009579199999279808,0.008397400000831112,0.001181799998448696,0.15303090000816155,ok,-14.828221440703029,14.828221440703029
Linear_V3,TSP-random-n8-g10000-4,20812.099177893866,26803,0.016031799990742,0.01265649999550078,0.003375299995241221,0.17286669999884907,ok,-22.351605499780376,22.351605499780376
Linear_V3,TSP-random-n8-g10000-5,18606.303900772753,20205,0.018967399999382906,0.016204100000322796,0.0027632999990601093,0.19114409999747295,ok,-7.912378615329112,7.912378615329112
Linear_V3,TSP-random-n600-g10000-3,182381.24556231548,180509,0.3537149999974645,0.35252029999537626,0.0011947000020882115,8.010176700001466,ok,1.0372034426624057,1.0372034426624057
Linear_V3,TSP-random-n80-g1000-2,7232.511986174838,7124,0.036866599999484606,0.035366500000236556,0.0015000999992480502,0.2649170999939088,ok,1.523189025474987,1.523189025474987
Linear_V3,TSP-random-n80-g1000-1,6924.3801201820015,6898,0.05932970000139903,0.05667700000049081,0.0026527000009082258,0.165887199997087,ok,0.382431432038294,0.382431432038294
Linear_V3,TSP-random-n600-g1000-2,17755.033115649392,17655,0.41406639999331674,0.4130319999967469,0.0010343999965698458,6.261356799994246,ok,0.5665993523046851,0.5665993523046851
Linear_V3,TSP-random-n80-g1000-3,7393.242276961237,7219,0.05363690000376664,0.05218350000359351,0.0014534000001731329,0.1037709999945946,ok,2.4136622380002315,2.4136622380002315
Linear_V3,TSP-random-n600-g10000-1,186664.59485346684,184472,0.39882690000376897,0.3958920000004582,0.0029349000033107586,7.112428299995372,ok,1.1885786750655072,1.1885786750655072
Linear_V3,TSP-random-n700-g1000-2,19851.306890749565,19738,0.24676870000257622,0.2454243999964092,0.0013443000061670318,9.918509499999345,ok,0.5740545685964401,0.5740545685964401
Linear_V3,TSP-random-n80-g1000-5,7008.142266002589,7181,0.05330950000643497,0.05153030000656145,0.0017791999998735264,0.12841299999854527,ok,-2.4071540732127956,2.4071540732127956
Linear_V3,TSP-random-n700-g10000-2,198070.93505623014,195932,0.24603449999995064,0.2440582999988692,0.0019762000010814518,6.1309748999919975,ok,1.0916721394310989,1.0916721394310989
Linear_V3,TSP-random-n700-g10000-1,196621.78687779242,193018,0.26312480000342475,0.2617430000027525,0.0013818000006722286,8.412648400000762,ok,1.8670729557825778,1.8670729557825778
Linear_V3,TSP-random-n80-g10000-5,70953.30447121097,70352,0.037016599999333266,0.03495839999959571,0.0020581999997375533,0.6109234999894397,ok,0.8547084250781348,0.8547084250781348
Linear_V3,TSP-random-n80-g10000-3,72234.53688470394,71179,0.05231670000648592,0.0496184000003268,0.0026983000061591156,0.20380740000109654,ok,1.4829330065102564,1.4829330065102564
Linear_V3,TSP-random-n80-g10000-2,70234.93031296757,69907,0.06241500000760425,0.061218200004077516,0.0011968000035267323,0.36559799998940434,ok,0.46909510201777815,0.46909510201777815
Linear_V3,TSP-random-n80-g10000-1,69407.39834541679,69969,0.08576739999989513,0.0813269999998738,0.004440400000021327,0.3416850999929011,ok,-0.8026435343983905,0.8026435343983905
Linear_V3,TSP-random-n700-g10000-4,194358.04003053828,192066,0.24276000000099884,0.23935309999797028,0.003406900003028568,10.673867699981201,ok,1.1933606315216014,1.1933606315216014
Linear_V3,TSP-random-n80-g1000-4,6979.113878407089,6950,0.1194991000011214,0.11237809999875026,0.007121000002371147,0.141978100000415,ok,0.4189047252818566,0.4189047252818566
Linear_V3,TSP-random-n600-g1000-1,18101.31885857206,17855,0.5413649999973131,0.5406745000000228,0.000690499997290317,10.921744799998123,ok,1.3795511541420329,1.3795511541420329
Linear_V3,TSP-random-n600-g1000-3,17941.210577604976,18015,0.5375918999998248,0.5368175000039628,0.0007743999958620407,3.546943499997724,ok,-0.4095999022760161,0.4095999022760161
Linear_V3,TSP-random-n600-g1000-4,18232.603417583494,18032,0.5400039000087418,0.5389265000048908,0.0010774000038509257,3.1755533999967156,ok,1.1124856787017185,1.1124856787017185
Linear_V3,TSP-random-n80-g10000-4,72932.57713187809,70766,0.11603839999588672,0.11491169999499107,0.001126700000895653,0.5228367999952752,ok,3.0616074553854817,3.0616074553854817
Linear_V3,TSP-random-n600-g1000-5,18002.419801912798,17939,0.5971181000059005,0.5958555000033812,0.0012626000025193207,6.948963499991805,ok,0.3535303077808016,0.3535303077808016
Linear_V3,TSP-random-n700-g1000-1,19592.218013902657,19294,0.46168800000305055,0.4589593999990029,0.002728600004047621,7.7415841999900294,ok,1.5456515699318794,1.5456515699318794
Linear_V3,TSP-random-n90-g1000-2,7406.774360457609,7318,0.10649580000608694,0.10545010000350885,0.0010457000025780872,0.33611020000535063,ok,1.2130959341023362,1.2130959341023362
Linear_V3,TSP-random-n90-g1000-1,7183.51976394464,7440,0.11762260000250535,0.1168859000026714,0.0007366999998339452,0.42916329999570735,ok,-3.447315000744091,3.447315000744091
Linear_V3,TSP-random-n90-g1000-4,7333.08118411004,7543,0.05732220000209054,0.054132400000526104,0.0031898000015644357,0.07916090000071563,ok,-2.7829618969900527,2.7829618969900527
Linear_V3,TSP-random-n90-g1000-3,7352.161314261075,7280,0.11827670000639046,0.11690079999971204,0.001375900006678421,0.23230689999763854,ok,0.991226844245535,0.991226844245535
Linear_V3,TSP-random-n700-g1000-5,19631.61739827248,19425,0.48730369999975665,0.4854353999980958,0.0018683000016608275,4.898728400003165,ok,1.0636674299741542,1.0636674299741542
Linear_V3,TSP-random-n700-g1000-3,19361.465576942835,19314,0.5112767000027816,0.5098513000048115,0.0014253999979700893,5.427546099992469,ok,0.24575736223897415,0.24575736223897415
Linear_V3,TSP-random-n90-g1000-5,7461.699357902881,7410,0.07141629999387078,0.0705145999963861,0.000901699997484684,0.2710372000001371,ok,0.6976971376907054,0.6976971376907054
Linear_V3,TSP-random-n90-g10000-1,69011.43130747216,71346,0.06526879999728408,0.06440339999971911,0.000865399997564964,0.3756913999968674,ok,-3.2721788082413066,3.2721788082413066
Linear_V3,TSP-random-n90-g10000-4,74687.00174696183,74766,0.05010949999996228,0.04792910000105621,0.0021803999989060685,0.4835809999931371,ok,-0.10566066532670948,0.10566066532670948
Linear_V3,TSP-random-n90-g10000-2,73193.51975231673,72585,0.0676101999997627,0.06661860000167508,0.0009915999980876222,0.8370904000039445,ok,0.8383546907993799,0.8383546907993799
Linear_V3,TSP-random-n90-g10000-3,72740.26096569748,72103,0.06493730000511277,0.0641096000035759,0.0008277000015368685,0.5491708000045037,ok,0.8838203205102172,0.8838203205102172
Linear_V3,TSP-random-n90-g10000-5,75011.11265135913,76024,0.07674660000338918,0.07540609999705339,0.0013405000063357875,0.7709039999899687,ok,-1.3323257769136985,1.3323257769136985
Linear_V3,TSP-random-n700-g1000-4,19669.091831123278,19565,0.613613899993652,0.6105087999967509,0.0031050999969011173,17.14373369999521,ok,0.5320308260837112,0.5320308260837112
Linear_V3,TSP-random-n800-g1000-2,20726.05718128773,20439,0.35491770000226097,0.35129779999988386,0.0036199000023771077,15.43028630000481,ok,1.4044580521930206,1.4044580521930206
Linear_V3,TSP-random-n700-g10000-3,195676.23761782603,192270,0.6077826000037021,0.6068862000029185,0.0008964000007836148,5.40025059999607,ok,1.7715907930649768,1.7715907930649768
Linear_V3,TSP-random-n800-g10000-3,211911.13638578448,208830,0.36140969999541994,0.35661979999713367,0.004789899998286273,220.91395429999102,ok,1.4754280447179449,1.4754280447179449
Linear_V3,TSP-random-n800-g1000-5,20894.590856847793,20575,0.4012451999951736,0.39889079999557,0.002354399999603629,4.631545100011863,ok,1.553296995615035,1.553296995615035
Linear_V3,TSP-random-n800-g1000-1,21110.797384737067,20931,0.4256166999984998,0.41973130000405945,0.005885399994440377,6.499728300012066,ok,0.8590004526160563,0.8590004526160563
Linear_V3,TSP-random-n800-g1000-3,20646.75803707432,20449,0.40666200000123354,0.4045877000025939,0.002074299998639617,4.541776700003538,ok,0.9670792560727658,0.9670792560727658
Linear_V3,TSP-random-n700-g10000-5,201232.9232280229,198937,0.6283478999976069,0.6268258999989484,0.0015219999986584298,3.473652900007437,ok,1.1540956322971114,1.1540956322971114
Linear_V3,TSP-random-n800-g1000-4,21215.92206733761,21013,0.4195285000023432,0.4174669999993057,0.0020615000030375086,5.587421500007622,ok,0.9656977458602353,0.9656977458602353
Linear_V3,TSP-squeezed_uniform-n10-g1000-4,2402.7449387085117,2568,0.01188959999853978,0.009449199998925906,0.0024403999996138737,0.0379708000109531,ok,-6.435165938142069,6.435165938142069
Linear_V3,TSP-squeezed_uniform-n10-g1000-2,1921.304815291539,2484,0.01655620000383351,0.012075800004822668,0.004480399999010842,0.04143840000324417,ok,-22.65278521370616,22.65278521370616
Linear_V3,TSP-squeezed_uniform-n10-g1000-1,2749.6009007970865,3081,0.020006099999591243,0.018704200003412552,0.0013018999961786903,0.08000400000310037,ok,-10.756218734271778,10.756218734271778
Linear_V3,TSP-squeezed_uniform-n10-g1000-3,2423.622501569809,2559,0.02020999999513151,0.018845899998268578,0.001364099996862933,0.04178709999541752,ok,-5.290250036349779,5.290250036349779
Linear_V3,TSP-squeezed_uniform-n10-g1000-5,1720.211265410623,1846,0.023813500003598165,0.023031600001559127,0.0007819000020390376,0.041265599997132085,ok,-6.814124300616312,6.814124300616312
Linear_V3,TSP-squeezed_uniform-n10-g10000-1,18870.015400014225,19402,0.02525210000021616,0.023556899999675807,0.0016952000005403534,0.04639879999740515,ok,-2.7419059889999757,2.7419059889999757
Linear_V3,TSP-squeezed_uniform-n10-g10000-4,20874.736811414405,23222,0.01619590000336757,0.014658100000815466,0.0015378000025521033,0.045218800005386584,ok,-10.107928639159399,10.107928639159399
Linear_V3,TSP-squeezed_uniform-n10-g10000-3,27751.439552378328,31600,0.019589100003940985,0.017330700000457,0.0022584000034839846,0.11299579999467824,ok,-12.178988758296432,12.178988758296432
Linear_V3,TSP-squeezed_uniform-n10-g10000-2,14551.305264629073,18238,0.022450700002082158,0.01963439999963157,0.002816300002450589,0.05225829999835696,ok,-20.21435867623055,20.21435867623055
Linear_V3,TSP-squeezed_uniform-n10-g10000-5,18903.05767129426,24258,0.01736759999766946,0.01640629999747034,0.0009613000001991168,0.04177289998915512,ok,-22.07495394799959,22.07495394799959
Linear_V3,TSP-squeezed_uniform-n100-g1000-2,6507.423990049948,6287,0.03998929999943357,0.03882069999963278,0.00116859999980079,0.2112250999925891,ok,3.5060281541267355,3.5060281541267355
Linear_V3,TSP-random-n800-g10000-4,208417.63679807843,206382,0.4583423999938532,0.45572319999337196,0.0026192000004812144,4.722381700004917,ok,0.9863441569896731,0.9863441569896731
Linear_V3,TSP-squeezed_uniform-n100-g10000-1,64735.25520238821,64229,0.04599620000226423,0.044064699999580625,0.001931500002683606,0.25471619999734685,ok,0.7882034632147612,0.7882034632147612
Linear_V3,TSP-squeezed_uniform-n100-g1000-5,6816.346982914593,6803,0.04546610000397777,0.043614700000034645,0.0018514000039431266,0.38617109999177046,ok,0.19619260494771945,0.19619260494771945
Linear_V3,TSP-squeezed_uniform-n100-g1000-3,6801.4732988431515,6776,0.05543929999839747,0.05397599999560043,0.001463300002797041,0.40163599999505095,ok,0.37593416238417204,0.37593416238417204
Linear_V3,TSP-squeezed_uniform-n100-g1000-4,6131.863203052626,6149,0.060018999996827915,0.05886589999863645,0.0011530999981914647,0.22476639998785686,ok,-0.27869242067611033,0.27869242067611033
Linear_V3,TSP-random-n800-g10000-1,211524.31100422365,209055,0.523745799997414,0.5224271999977645,0.0013185999996494502,160.99431039999763,ok,1.181177682535051,1.181177682535051
Linear_V3,TSP-squeezed_uniform-n100-g1000-1,6661.2507181306755,6678,0.08894430000509601,0.08714830000099028,0.0017960000041057356,0.26049260000581853,ok,-0.2508128462013249,0.2508128462013249
Linear_V3,TSP-squeezed_uniform-n100-g10000-2,61438.14497730823,61862,0.0697574999940116,0.06788469999446534,0.0018727999995462596,0.2962979000003543,ok,-0.6851621717561222,0.6851621717561222
Linear_V3,TSP-squeezed_uniform-n100-g10000-5,69577.61636456671,65855,0.05697800000052666,0.054562700002861675,0.002415299997664988,0.1351101999898674,ok,5.652746738389965,5.652746738389965
Linear_V3,TSP-squeezed_uniform-n100-g10000-4,61292.93976928094,60452,0.06625679999706335,0.06459339999855729,0.0016633999985060655,0.24667249999765772,ok,1.3910867618622103,1.3910867618622103
Linear_V3,TSP-squeezed_uniform-n100-g10000-3,66859.20516526847,64404,0.09958519999781856,0.09722599999804515,0.0023591999997734092,0.3275506000063615,ok,3.8121935986405737,3.8121935986405737
Linear_V3,TSP-random-n900-g10000-4,222200.90743154267,221030,0.2778197000006912,0.2767286000016611,0.0010910999990301207,5.285031599996728,ok,0.5297504553873544,0.5297504553873544
Linear_V3,TSP-random-n900-g1000-1,22614.053803682942,22361,0.473785999995016,0.4727668999985326,0.001019099996483419,6.0358360999962315,ok,1.13167480740102,1.13167480740102
Linear_V3,TSP-random-n800-g10000-2,211365.9127583227,207925,0.686691000002611,0.6857757999969181,0.0009152000056928955,5.770357299988973,ok,1.6548816921114318,1.6548816921114318
Linear_V3,TSP-random-n900-g1000-4,22323.8193614037,22190,0.47388409999985015,0.47262659999978496,0.0012575000000651926,11.710626600004616,ok,0.6030615655867548,0.6030615655867548
Linear_V3,TSP-squeezed_uniform-n20-g1000-1,2435.405282072364,2793,0.02030889999878127,0.017955900002561975,0.002352999996219296,0.04505570000037551,ok,-12.80324804610225,12.80324804610225
Linear_V3,TSP-random-n800-g10000-5,210123.99492577766,208259,0.6962839999978314,0.695393599999079,0.0008903999987524003,8.321390500001144,ok,0.8955170848691584,0.8955170848691584
Linear_V3,TSP-random-n900-g1000-2,22160.530742428044,21858,0.508465700004308,0.5067635000013979,0.0017022000029101036,7.607948799995938,ok,1.3840733023517413,1.3840733023517413
Linear_V3,TSP-squeezed_uniform-n20-g1000-3,2852.9163650423116,2827,0.019534099999873433,0.018749499999103136,0.0007846000007702969,0.03640750001068227,ok,0.9167444302197224,0.9167444302197224
Linear_V3,TSP-squeezed_uniform-n20-g1000-2,3403.6151819825714,3570,0.03171269999438664,0.02925379999942379,0.0024588999949628487,0.036099200005992316,ok,-4.660639160152063,4.660639160152063
Linear_V3,TSP-squeezed_uniform-n20-g1000-4,3674.419369095762,3859,0.021088699999381788,0.020354899999802,0.0007337999995797873,0.04030599999532569,ok,-4.783120780104644,4.783120780104644
Linear_V3,TSP-squeezed_uniform-n20-g1000-5,3351.1185533102466,3338,0.01507839999976568,0.01378679999470478,0.0012916000050609,0.04265839999425225,ok,0.3930063903608935,0.3930063903608935
Linear_V3,TSP-squeezed_uniform-n20-g10000-1,29376.114745835966,31145,0.018454400000337046,0.017128699997556396,0.0013257000027806498,0.05230419999861624,ok,-5.679515987041366,5.679515987041366
Linear_V3,TSP-squeezed_uniform-n20-g10000-3,30290.78109344297,31737,0.017962500001885928,0.016991100004815962,0.000971399997069966,0.04439539999293629,ok,-4.556885989718722,4.556885989718722
Linear_V3,TSP-squeezed_uniform-n20-g10000-5,28292.98908018349,29236,0.014756299991859123,0.012775399998645298,0.001980899993213825,0.05004860000917688,ok,-3.225512791820045,3.225512791820045
Linear_V3,TSP-squeezed_uniform-n20-g10000-2,29301.332622070633,31326,0.030331499998283107,0.027106499997898936,0.0032250000003841706,0.051746700002695434,ok,-6.46321706547075,6.46321706547075
Linear_V3,TSP-squeezed_uniform-n20-g10000-4,33352.62520833642,36355,0.03186139999888837,0.026857200005906634,0.005004199992981739,0.04846170000382699,ok,-8.258492068941209,8.258492068941209
Linear_V3,TSP-random-n900-g10000-2,221459.2873551136,217201,0.5153063999896403,0.5138385999962338,0.0014677999934065156,5.5039209999958985,ok,1.9605284299398253,1.9605284299398253
Linear_V3,TSP-squeezed_uniform-n1000-g1000-1,20728.813475617037,19948,0.3140051999944262,0.31231539999862434,0.0016897999958018772,20.820528500000364,ok,3.91424441356044,3.91424441356044
Linear_V3,TSP-squeezed_uniform-n1000-g1000-2,21033.253047304,19959,0.3221473000012338,0.3202806999979657,0.001866600003268104,363.728197599994,ok,5.382298949366195,5.382298949366195
Linear_V3,TSP-squeezed_uniform-n1000-g1000-5,20847.083089607284,19929,0.3050134000077378,0.3028429000041797,0.002170500003558118,9.074108199987677,ok,4.606769479689317,4.606769479689317
Linear_V3,TSP-squeezed_uniform-n1000-g10000-2,205956.47685843258,196434,0.3223886999912793,0.3163953999974183,0.005993299993861001,12.417774400004419,ok,4.847672428618559,4.847672428618559
Linear_V3,TSP-squeezed_uniform-n1000-g10000-1,209263.98633713878,198144,0.3308716999963508,0.3296559000009438,0.0012157999954069965,14.507904800004326,ok,5.612073207939063,5.612073207939063
Linear_V3,TSP-squeezed_uniform-n200-g10000-1,94776.73890326651,90275,0.08605979999992996,0.08470510000188369,0.0013546999980462715,2.111510899994755,ok,4.986694991156476,4.986694991156476
Linear_V3,TSP-squeezed_uniform-n1000-g10000-4,210446.93239436706,201108,0.3047378999981447,0.3034288999988348,0.00130899999930989,14.003085300006205,ok,4.643739878257981,4.643739878257981
Linear_V3,TSP-squeezed_uniform-n200-g10000-2,94239.9852259606,92411,0.08927309999853605,0.08591359999991255,0.0033594999986235052,1.78805669999565,ok,1.9791856228810398,1.9791856228810398
Linear_V3,TSP-squeezed_uniform-n200-g10000-3,98065.40142666272,95372,0.07988710000790888,0.0783311000050162,0.001556000002892688,1.9878736999962712,ok,2.8241008122538274,2.8241008122538274
Linear_V3,TSP-squeezed_uniform-n200-g1000-1,9289.88257986201,9157,0.17963389999931678,0.17857640000147512,0.00105749999784166,1.2231018000020413,ok,1.4511584565033215,1.4511584565033215
Linear_V3,TSP-squeezed_uniform-n200-g1000-3,9285.66167070385,9198,0.16442239999742014,0.16272179999941727,0.0017005999980028719,1.4989088000002084,ok,0.953051431874866,0.953051431874866
Linear_V3,TSP-squeezed_uniform-n30-g1000-1,3966.1916936540897,4073,0.03385990000970196,0.027946400005021133,0.005913500004680827,0.11790060000203084,ok,-2.6223497752494547,2.6223497752494547
Linear_V3,TSP-squeezed_uniform-n200-g1000-2,8679.655591780393,8708,0.17825680000532884,0.17661970000335714,0.001637100001971703,1.0000341999984812,ok,-0.3254984866744078,0.3254984866744078
Linear_V3,TSP-squeezed_uniform-n200-g1000-4,9547.924430478937,9352,0.17397679999703541,0.17314049999549752,0.000836300001537893,1.1564733999985037,ok,2.095000325908225,2.095000325908225
Linear_V3,TSP-squeezed_uniform-n200-g1000-5,8900.690030848751,8728,0.17695769999409094,0.17213269999774639,0.004824999996344559,3.5548223000077996,ok,1.9785750555539772,1.9785750555539772
Linear_V3,TSP-squeezed_uniform-n30-g1000-2,3798.521354427482,3958,0.042961200007994194,0.04041300000244519,0.002548200005549006,0.07811360000050627,ok,-4.029273511180342,4.029273511180342
Linear_V3,TSP-squeezed_uniform-n30-g1000-4,3124.2479328811132,3165,0.038504600001033396,0.03655260000232374,0.0019519999987096526,0.07471049999003299,ok,-1.2875850590485551,1.2875850590485551
Linear_V3,TSP-squeezed_uniform-n30-g1000-3,4207.779520887996,4394,0.046578499997849576,0.04401959999813698,0.002558899999712594,0.06546919999527745,ok,-4.23806279271743,4.23806279271743
Linear_V3,TSP-squeezed_uniform-n200-g10000-5,93490.35750061655,91622,0.09124390000943094,0.08866930000658613,0.002574600002844818,1.9688375999976415,ok,2.0392018299279084,2.0392018299279084
Linear_V3,TSP-squeezed_uniform-n30-g10000-2,40483.25823616473,42520,0.025390400005562697,0.019389800007047597,0.006000599998515099,0.09294760000193492,ok,-4.790079406950308,4.790079406950308
Linear_V3,TSP-random-n900-g1000-5,22185.465351675306,21894,0.7657488999975612,0.7646014999991166,0.0011473999984445982,9.186235300003318,ok,1.331256744657468,1.331256744657468
Linear_V3,TSP-squeezed_uniform-n200-g10000-4,92041.29242098857,91891,0.10635159999947064,0.1051009000002523,0.001250699999218341,3.5181930999970064,ok,0.16355510440474882,0.16355510440474882
Linear_V3,TSP-squeezed_uniform-n30-g10000-4,34678.28693887991,34865,0.045274500000232365,0.04368360000080429,0.0015908999994280748,0.05038349999813363,ok,-0.5355315104548741,0.5355315104548741
Linear_V3,TSP-squeezed_uniform-n30-g1000-5,4036.0478495727384,4196,0.06006359999446431,0.057057599995459896,0.003005999999004416,0.05670939999981783,ok,-3.8120150244819255,3.8120150244819255
Linear_V3,TSP-squeezed_uniform-n30-g10000-3,38108.11672354824,39604,0.05162940000445815,0.051039900004980154,0.0005894999994779937,0.14174069999717176,ok,-3.777101495939192,3.777101495939192
Linear_V3,TSP-squeezed_uniform-n30-g10000-1,41916.43950957188,42127,0.0639181000078679,0.06220510000275681,0.0017130000051110983,0.04203210001287516,ok,-0.49982313107536935,0.49982313107536935
Linear_V3,TSP-squeezed_uniform-n30-g10000-5,30762.123012388358,31716,0.054192500007047784,0.050815100003092084,0.0033774000039556995,0.11035420000553131,ok,-3.0075576605235277,3.0075576605235277
Linear_V3,TSP-random-n900-g10000-1,222389.04915436302,217290,0.7922055000017281,0.7903683000040473,0.0018371999976807274,228.23099480000383,ok,2.346656152774182,2.346656152774182
Linear_V3,TSP-random-n900-g1000-3,22239.158766968678,22037,0.8236504000014975,0.8224805999998352,0.0011698000016622245,4.338619100002688,ok,0.9173606523967772,0.9173606523967772
Linear_V3,TSP-squeezed_uniform-n40-g1000-1,3774.0267024168948,3809,0.034834899997804314,0.03360869999596616,0.0012262000018381514,0.07285509999201167,ok,-0.9181753106617289,0.9181753106617289
Linear_V3,TSP-squeezed_uniform-n40-g1000-2,4388.310751198207,4320,0.03602080000564456,0.03525670000090031,0.0007641000047442503,0.05784029999631457,ok,1.581267388847386,1.581267388847386
Linear_V3,TSP-squeezed_uniform-n40-g1000-3,4248.3444880502075,4455,0.028293900009884965,0.027664700006425846,0.0006292000034591183,0.09027079999214038,ok,-4.638732030298373,4.638732030298373
Linear_V3,TSP-squeezed_uniform-n40-g1000-4,3870.6537258696485,4227,0.02704950000043027,0.025974399999540765,0.0010751000008895062,0.09781400000792928,ok,-8.43024069388104,8.43024069388104
Linear_V3,TSP-random-n900-g10000-3,223853.37419039154,221776,0.7918078999937279,0.7911521999994875,0.0006556999942404218,365.2208775000181,ok,0.936699277826066,0.936699277826066
Linear_V3,TSP-squeezed_uniform-n40-g1000-5,4146.033674707815,4285,0.03233329999784473,0.031205799998133443,0.00112749999971129,0.0860376000055112,ok,-3.2430881048351132,3.2430881048351132
Linear_V3,TSP-squeezed_uniform-n1000-g1000-3,21141.931995341754,20242,0.594193400000222,0.5919251999948756,0.0022682000053464435,7.233491100007086,ok,4.445865010086723,4.445865010086723
Linear_V3,TSP-squeezed_uniform-n40-g10000-2,43894.49709018463,41759,0.035829799991915934,0.03471519999584416,0.0011145999960717745,0.08990500000072643,ok,5.113860701129413,5.113860701129413
Linear_V3,TSP-squeezed_uniform-n40-g10000-1,39882.98475934205,41785,0.03648790000443114,0.035463200001686346,0.001024700002744794,0.6247832999943057,ok,-4.551909155577243,4.551909155577243
Linear_V3,TSP-squeezed_uniform-n40-g10000-3,43831.95889492659,45736,0.042958899997756816,0.042177800001809373,0.000781099995947443,0.0904480000026524,ok,-4.16311243893959,4.16311243893959
Linear_V3,TSP-squeezed_uniform-n300-g1000-1,11503.250370387317,11061,0.1679749000031734,0.16379130000132136,0.004183600001852028,1.1621943000063766,ok,3.99828560154884,3.99828560154884
Linear_V3,TSP-random-n900-g10000-5,226837.15309006535,223658,0.8096598000047379,0.8060039000047254,0.0036559000000124797,14.82572639999853,ok,1.4214349990008608,1.4214349990008608
Linear_V3,TSP-squeezed_uniform-n40-g10000-4,41326.263558469065,41170,0.053590399998938665,0.051250700002128724,0.002339699996809941,0.07844899999327026,ok,0.37955685807399847,0.37955685807399847
Linear_V3,TSP-squeezed_uniform-n40-g10000-5,43409.40015883745,43772,0.052476900003966875,0.05137810000451282,0.0010987999994540587,0.06790469998668414,ok,-0.828383078594873,0.828383078594873
Linear_V3,TSP-squeezed_uniform-n300-g10000-2,116469.94702395776,112799,0.16303060000791447,0.15888860000268323,0.004142000005231239,1.792967299988959,ok,3.254414510729496,3.254414510729496
Linear_V3,TSP-squeezed_uniform-n300-g1000-2,11463.414388684145,11116,0.18725650000124006,0.1834833000029903,0.0037731999982497655,1.1639710000017658,ok,3.1253543422467147,3.1253543422467147
Linear_V3,TSP-squeezed_uniform-n300-g1000-4,11405.472439528206,11210,0.17421940000349423,0.16780519999883836,0.006414200004655868,1.30159280000953,ok,1.743732734417542,1.743732734417542
Linear_V3,TSP-squeezed_uniform-n300-g1000-5,11612.243654496378,11139,0.1889584999953513,0.18298459999641636,0.0059738999989349395,1.4115041999903042,ok,4.248529082470405,4.248529082470405
Linear_V3,TSP-squeezed_uniform-n1000-g10000-3,200741.29165338195,192489,0.609747199996491,0.6075141999972402,0.002232999999250751,8.989063300017733,ok,4.287149734988468,4.287149734988468
Linear_V3,TSP-squeezed_uniform-n300-g1000-3,10968.114545356832,10468,0.2040225000018836,0.20138620000216179,0.002636299999721814,1.6909853999968618,ok,4.7775558402448555,4.7775558402448555
Linear_V3,TSP-squeezed_uniform-n5-g1000-1,1594.5771479780262,1828,0.02133229999890318,0.019804499999736436,0.0015277999991667457,0.047415100008947775,ok,-12.769302627022636,12.769302627022636
Linear_V3,TSP-squeezed_uniform-n5-g1000-2,1845.0417364729115,1889,0.012309400000958703,0.010630500000843313,0.0016789000001153909,0.09366220000083558,ok,-2.327065300534068,2.327065300534068
Linear_V3,TSP-squeezed_uniform-n5-g1000-4,1403.0635799203778,1774,0.018062799994368106,0.015349699999205768,0.002713099995162338,0.16823670000303537,ok,-20.909606543383436,20.909606543383436
Linear_V3,TSP-squeezed_uniform-n5-g1000-5,1239.1897187781021,1552,0.021323699998902157,0.016674799997417722,0.004648900001484435,0.5055993999994826,ok,-20.155301625122284,20.155301625122284
Linear_V3,TSP-squeezed_uniform-n5-g10000-1,17727.162302388777,21178,0.015597000005072914,0.012663100002100691,0.002933900002972223,0.25831389999075327,ok,-16.294445639867895,16.294445639867895
Linear_V3,TSP-squeezed_uniform-n5-g1000-3,1006.0382993056394,1166,0.02790649999951711,0.02704459999949904,0.0008619000000180677,0.089763199997833,ok,-13.718842255090962,13.718842255090962
Linear_V3,TSP-squeezed_uniform-n5-g10000-2,8404.466725179875,10405,0.012661300002946518,0.011179799999808893,0.0014815000031376258,0.2729534000100102,ok,-19.226653289957955,19.226653289957955
Linear_V3,TSP-squeezed_uniform-n5-g10000-4,10955.032160490668,15347,0.019810099998721853,0.016000499999790918,0.003809599998930935,0.0945542999979807,ok,-28.61776138339306,28.61776138339306
Linear_V3,TSP-squeezed_uniform-n5-g10000-5,19471.02607179307,21991,0.02359759999671951,0.019836300001770724,0.0037612999949487858,0.14219389999925625,ok,-11.459114766072172,11.459114766072172
Linear_V3,TSP-squeezed_uniform-n300-g10000-3,119819.8394219181,115849,0.22665579999738839,0.2235032000025967,0.0031525999947916716,28.033932099991944,ok,3.427599221329581,3.427599221329581
Linear_V3,TSP-squeezed_uniform-n5-g10000-3,17758.72700819794,20565,0.01973520000319695,0.01690709999820683,0.0028281000049901195,0.4096152999991318,ok,-13.645869155371065,13.645869155371065
Linear_V3,TSP-squeezed_uniform-n50-g1000-1,5508.68811215699,5438,0.030408500002522487,0.02732090000063181,0.003087600001890678,0.12247130001196638,ok,1.2998917277857747,1.2998917277857747
Linear_V3,TSP-squeezed_uniform-n50-g1000-2,4845.652111528603,5118,0.027104799992230255,0.025658499995188322,0.0014462999970419332,0.07756560000416357,ok,-5.321373358175006,5.321373358175006
Linear_V3,TSP-squeezed_uniform-n400-g1000-5,13364.26741061747,13044,0.139555299996573,0.13541019999684067,0.004145099999732338,7.67400970000017,ok,2.4552852699898104,2.4552852699898104
Linear_V3,TSP-squeezed_uniform-n400-g10000-4,133525.06576840245,129431,0.12880629999563098,0.12516839999443619,0.0036379000011947937,9.07665870001074,ok,3.163126120019507,3.163126120019507
Linear_V3,TSP-squeezed_uniform-n50-g1000-5,5155.404472139256,5142,0.035937900000135414,0.032184800002141856,0.0037530999979935586,0.0750116999988677,ok,0.260685961479106,0.260685961479106
Linear_V3,TSP-squeezed_uniform-n50-g10000-1,49385.87302545511,49669,0.04378500000166241,0.04196550000051502,0.0018195000011473894,0.050544199999421835,ok,-0.5700275313472952,0.5700275313472952
Linear_V3,TSP-squeezed_uniform-n50-g10000-2,44308.25580616494,43945,0.03172459999768762,0.027835299995786045,0.0038893000019015744,0.10157739999704063,ok,0.8266146459550341,0.8266146459550341
Linear_V3,TSP-squeezed_uniform-n400-g10000-5,118389.90535335745,116751,0.13688330000150017,0.1291293999966001,0.007753900004900061,4.86965790000977,ok,1.4037612982821972,1.4037612982821972
Linear_V3,TSP-squeezed_uniform-n50-g1000-3,4207.758140818838,4240,0.06433070000639418,0.06290960000478663,0.001421100001607556,0.11006090001319535,ok,-0.7604212071028773,0.7604212071028773
Linear_V3,TSP-squeezed_uniform-n50-g1000-4,4564.2372804072775,4610,0.06656990000192309,0.0658084000024246,0.0007614999994984828,0.1858805000083521,ok,-0.9926837221848706,0.9926837221848706
Linear_V3,TSP-squeezed_uniform-n300-g10000-1,115687.6471533794,112674,0.3429054000080214,0.34187900000688387,0.0010264000011375174,3.110577800005558,ok,2.67466066118128,2.67466066118128
Linear_V3,TSP-squeezed_uniform-n50-g10000-3,54079.38572867986,55017,0.052039399997738656,0.05036719999770867,0.0016722000000299886,0.12064039999677334,ok,-1.7042264596763557,1.7042264596763557
Linear_V3,TSP-squeezed_uniform-n50-g10000-5,49091.219896884984,48620,0.04493190000357572,0.04201150000153575,0.002920400002039969,0.04956119999405928,ok,0.9691894218119792,0.9691894218119792
Linear_V3,TSP-squeezed_uniform-n300-g10000-4,115708.30520922052,113142,0.3433126000018092,0.34070900000369875,0.0026035999981104396,2.868346899995231,ok,2.268216232009791,2.268216232009791
Linear_V3,TSP-squeezed_uniform-n300-g10000-5,117488.56381178841,110278,0.3449075999960769,0.34407479999936186,0.000832799996715039,3.923994099997799,ok,6.538533353695576,6.538533353695576
Linear_V3,TSP-squeezed_uniform-n50-g10000-4,48240.60509349848,46707,0.057206400007999036,0.05523190000531031,0.0019745000026887283,0.10466929999529384,ok,3.283458782406238,3.283458782406238
Linear_V3,TSP-squeezed_uniform-n1000-g10000-5,212260.05564128677,202136,0.7021674999996321,0.7003065000026254,0.0018609999970067292,17.16014059999725,ok,5.008536649229614,5.008536649229614
Linear_V3,TSP-squeezed_uniform-n60-g1000-1,5453.3244014087495,5591,0.03336590000981232,0.03160710000520339,0.0017588000046089292,0.10697940000682138,ok,-2.4624503414639687,2.4624503414639687
Linear_V3,TSP-squeezed_uniform-n1000-g1000-4,21051.354749007878,20364,0.9080285999953048,0.9058969999969122,0.0021315999983926304,16.649420600006124,ok,3.3753425113331277,3.3753425113331277
Linear_V3,TSP-squeezed_uniform-n60-g1000-2,4647.285935692273,4837,0.04440919999615289,0.04321429999981774,0.0011948999963351525,0.1761621999903582,ok,-3.9221431529404036,3.9221431529404036
Linear_V3,TSP-squeezed_uniform-n400-g1000-3,12898.519893424558,12466,0.33786220000183675,0.3325242999999318,0.005337900001904927,5.156594799991581,ok,3.4695964497397576,3.4695964497397576
Linear_V3,TSP-squeezed_uniform-n400-g1000-1,13011.67124287983,12688,0.3507729999982985,0.34941689999686787,0.0013561000014306046,3.0173847999976715,ok,2.5510028600238743,2.5510028600238743
Linear_V3,TSP-squeezed_uniform-n60-g1000-3,5514.8108603533265,5461,0.04974490000313381,0.047173999999358784,0.002570900003775023,0.13294820000010077,ok,0.9853664228772472,0.9853664228772472
Linear_V3,TSP-squeezed_uniform-n400-g10000-3,132500.37167726547,126536,0.3119948000021395,0.3105890000006184,0.0014058000015211292,1.678967100000591,ok,4.713576908757566,4.713576908757566
Linear_V3,TSP-squeezed_uniform-n500-g1000-3,14625.413232372679,13961,0.171063800000411,0.16839310000068508,0.0026706999997259118,3.7501296999980696,ok,4.759066201365798,4.759066201365798
Linear_V3,TSP-squeezed_uniform-n500-g1000-2,14328.505771261445,13795,0.178027200003271,0.17646650000096997,0.0015607000023010187,1.7912158999970416,ok,3.867385076197501,3.867385076197501
Linear_V3,TSP-squeezed_uniform-n60-g10000-3,51535.51172059135,52767,0.040053100005025044,0.03899680000176886,0.0010563000032561831,0.21421360000385903,ok,-2.3338228047996883,2.3338228047996883
Linear_V3,TSP-squeezed_uniform-n60-g1000-5,5343.98483123073,5651,0.08455140000296524,0.08225470000616042,0.0022966999968048185,0.14396660000784323,ok,-5.432935210923192,5.432935210923192
Linear_V3,TSP-squeezed_uniform-n500-g1000-1,14973.20140095562,14581,0.19493370000418508,0.18737030000193045,0.007563400002254639,9.311835500004236,ok,2.6898114049490474,2.6898114049490474
Linear_V3,TSP-squeezed_uniform-n500-g10000-2,141664.05351935662,136735,0.15922109999519307,0.15673279999464285,0.0024883000005502254,35.89451360001112,ok,3.60482211530085,3.60482211530085
Linear_V3,TSP-squeezed_uniform-n60-g1000-4,5045.266368974391,5104,0.10443030000897124,0.1022413000027882,0.0021890000061830506,0.1329362999967998,ok,-1.1507372849844966,1.1507372849844966
Linear_V3,TSP-squeezed_uniform-n60-g10000-1,51618.38393042256,51741,0.07576600000174949,0.07371930000226712,0.002046699999482371,0.1747590000013588,ok,-0.23698047888026497,0.23698047888026497
Linear_V3,TSP-squeezed_uniform-n60-g10000-4,53606.032386384075,56062,0.07800700000370853,0.07673190000059549,0.0012751000031130388,0.65956179999921,ok,-4.38080627451023,4.38080627451023
Linear_V3,TSP-squeezed_uniform-n60-g10000-2,55299.83658846286,54425,0.0901406000048155,0.08270420000189915,0.0074364000029163435,0.23692599999776576,ok,1.6074167909285408,1.6074167909285408
Linear_V3,TSP-squeezed_uniform-n500-g10000-3,143900.2716709556,139131,0.1925721000006888,0.19140940000215778,0.001162699998531025,2.523257900000317,ok,3.4279000876552397,3.4279000876552397
Linear_V3,TSP-squeezed_uniform-n60-g10000-5,50217.01276842141,50282,0.06659139999828767,0.06297349999658763,0.0036179000017000362,0.21599669998977333,ok,-0.1292455184332178,0.1292455184332178
Linear_V3,TSP-squeezed_uniform-n400-g1000-4,13487.666013337373,12977,0.466061000006448,0.46499550000589807,0.001065500000549946,2.422584799991455,ok,3.935162312840976,3.935162312840976
Linear_V3,TSP-squeezed_uniform-n400-g1000-2,13393.858773962489,13117,0.486028700004681,0.48239070000272477,0.003638000001956243,9.757436699990649,ok,2.1106866963672264,2.1106866963672264
Linear_V3,TSP-squeezed_uniform-n400-g10000-1,133643.70846275045,129598,0.45445489999838173,0.4534380999975838,0.0010168000007979572,3.049871200011694,ok,3.121736803616145,3.121736803616145
Linear_V3,TSP-squeezed_uniform-n70-g1000-1,5960.257534032483,5834,0.044524599994474556,0.042934999997669365,0.001589599996805191,0.3724594000086654,ok,2.164167535695628,2.164167535695628
Linear_V3,TSP-squeezed_uniform-n400-g10000-2,130863.41445434917,125445,0.4663908999937121,0.46566089999396354,0.0007299999997485429,44.8171888999932,ok,4.319354660886581,4.319354660886581
Linear_V3,TSP-squeezed_uniform-n500-g1000-4,14740.77041633976,14197,0.3100355999995372,0.3074322000029497,0.002603399996587541,6.175206600004458,ok,3.830178321756423,3.830178321756423
Linear_V3,TSP-squeezed_uniform-n70-g1000-3,5971.804104110014,6026,0.04624280000280123,0.04536720000032801,0.0008756000024732202,0.19068749999860302,ok,-0.8993676715895432,0.8993676715895432
Linear_V3,TSP-squeezed_uniform-n70-g1000-2,4911.021117525696,5112,0.05430749999504769,0.05362639999657404,0.0006810999984736554,0.15626430000702385,ok,-3.931511785491073,3.931511785491073
Linear_V3,TSP-squeezed_uniform-n70-g1000-4,4997.100495585202,5032,0.04772200000297744,0.04659679999895161,0.001125200004025828,0.15518149999843445,ok,-0.6935513595945504,0.6935513595945504
Linear_V3,TSP-squeezed_uniform-n70-g10000-1,54025.761013918935,52099,0.04223279999860097,0.041459200001554564,0.0007735999970464036,0.13515230000484735,ok,3.698268707497139,3.698268707497139
Linear_V3,TSP-squeezed_uniform-n500-g1000-5,15022.581903744021,14604,0.3426783000031719,0.33911320000333944,0.003565099999832455,3.0721726000047056,ok,2.8662140765819055,2.8662140765819055
Linear_V3,TSP-squeezed_uniform-n70-g1000-5,5160.694786206822,5307,0.05399739999847952,0.05189329999848269,0.0021040999999968335,0.2540863000031095,ok,-2.756834629605769,2.756834629605769
Linear_V3,TSP-squeezed_uniform-n70-g10000-3,55949.099983328226,55062,0.050993800003197975,0.0493648999981815,0.001628900005016476,0.1613389999984065,ok,1.6110929194875339,1.6110929194875339
Linear_V3,TSP-squeezed_uniform-n70-g10000-2,56225.409314852695,56510,0.06861799999751383,0.06510359999811044,0.0035143999994033948,0.11329490000207443,ok,-0.503611192969925,0.503611192969925
Linear_V3,TSP-squeezed_uniform-n70-g10000-4,54384.31563603262,55339,0.056132800003979355,0.05362099999911152,0.002511800004867837,0.5710421999974642,ok,-1.725156515237685,1.725156515237685
Linear_V3,TSP-squeezed_uniform-n70-g10000-5,51444.8232089516,52051,0.05282489999808604,0.051938199998403434,0.0008866999996826053,0.500084400002379,ok,-1.1645824115740289,1.1645824115740289
Linear_V3,TSP-squeezed_uniform-n600-g1000-5,16741.431454288697,16110,0.21742050000466406,0.21582720000151312,0.0015933000031509437,3.893309999999474,ok,3.919500026621334,3.919500026621334
Linear_V3,TSP-squeezed_uniform-n600-g1000-1,16379.89942969123,15747,0.2550087999916286,0.25332779999735067,0.001680999994277954,12.258267199998954,ok,4.019174634477866,4.019174634477866
Linear_V3,TSP-squeezed_uniform-n600-g1000-4,15998.746644867304,15513,0.2694868000035058,0.2665991000030772,0.0028877000004285946,9.99692020000657,ok,3.1312231345794106,3.1312231345794106
Linear_V3,TSP-squeezed_uniform-n600-g10000-5,163299.33754191987,156206,0.22636590000183787,0.22212150000268593,0.004244399999151938,5.499487999986741,ok,4.5410147765898055,4.5410147765898055
Linear_V3,TSP-squeezed_uniform-n600-g1000-2,15546.020946264285,14986,0.2799749000041629,0.27743829999963054,0.0025366000045323744,5.085278300000937,ok,3.7369608051800696,3.7369608051800696
Linear_V3,TSP-squeezed_uniform-n8-g1000-1,1779.0434855860412,2279,0.011032200003683101,0.00893480000377167,0.0020973999999114312,0.08349599999201018,ok,-21.937539026501042,21.937539026501042
Linear_V3,TSP-squeezed_uniform-n500-g10000-5,147271.51546986075,142630,0.4521848000003956,0.44747800000186544,0.004706799998530187,3.0757080000039423,ok,3.254235062652143,3.254235062652143
Linear_V3,TSP-squeezed_uniform-n500-g10000-1,149090.72378973992,143196,0.4840870999978506,0.48317259999748785,0.0009145000003627501,4.276460299995961,ok,4.11654221468471,4.11654221468471
Linear_V3,TSP-squeezed_uniform-n8-g1000-2,1235.0395320220216,1522,0.025182600002153777,0.022747499999240972,0.0024351000029128045,0.03680990000430029,ok,-18.854170037974928,18.854170037974928
Linear_V3,TSP-squeezed_uniform-n8-g1000-4,2179.478425672787,2290,0.017980199998419266,0.01511729999765521,0.002862900000764057,0.055098599987104535,ok,-4.826269621275672,4.826269621275672
Linear_V3,TSP-squeezed_uniform-n8-g1000-3,1859.5681542507684,2119,0.021297999992384575,0.01937779999570921,0.0019201999966753647,0.16017799999099225,ok,-12.243126274149672,12.243126274149672
Linear_V3,TSP-squeezed_uniform-n8-g1000-5,2060.1094532036436,2427,0.012318100001721177,0.011714300002495293,0.0006037999992258847,0.10282529999676626,ok,-15.117039423006032,15.117039423006032
Linear_V3,TSP-squeezed_uniform-n500-g10000-4,145451.9883315266,140767,0.48979720000352245,0.48814860000129556,0.0016486000022268854,6.198698699998204,ok,3.328186529177012,3.328186529177012
Linear_V3,TSP-squeezed_uniform-n8-g10000-2,15606.126990777662,20330,0.013206199997512158,0.012380899999698158,0.0008252999978139997,0.22044010000536218,ok,-23.2359715160961,23.2359715160961
Linear_V3,TSP-squeezed_uniform-n8-g10000-1,17649.13623230474,22070,0.026864600004046224,0.02458150000165915,0.002283100002387073,0.3478677999955835,ok,-20.031099989557138,20.031099989557138
Linear_V3,TSP-squeezed_uniform-n8-g10000-3,17663.19386318752,21716,0.021036000005551614,0.019083500003034715,0.0019525000025168993,0.2111367000034079,ok,-18.662765411735492,18.662765411735492
Linear_V3,TSP-squeezed_uniform-n8-g10000-4,19712.547258892006,19723,0.02380540000012843,0.021185500001593027,0.002619899998535402,0.30939150000631344,ok,-0.05299772401761583,0.05299772401761583
Linear_V3,TSP-squeezed_uniform-n8-g10000-5,17924.380791086463,18981,0.02107599999726517,0.020311399995989632,0.0007646000012755394,0.38135999999940395,ok,-5.566720451575452,5.566720451575452
Linear_V3,TSP-squeezed_uniform-n700-g1000-3,17324.608667289736,16856,0.20491100000072038,0.2037558000010904,0.0011551999996299855,6.892722300006426,ok,2.780070403949551,2.780070403949551
Linear_V3,TSP-squeezed_uniform-n80-g1000-2,5836.790647067116,6081,0.04114250000566244,0.03969540000252891,0.001447100003133528,0.32952660000592005,ok,-4.0159406829943105,4.0159406829943105
Linear_V3,TSP-squeezed_uniform-n80-g1000-3,6423.041230967856,6485,0.03511129999969853,0.03383400000166148,0.0012772999980370514,0.4077945000026375,ok,-0.9554166388919679,0.9554166388919679
Linear_V3,TSP-squeezed_uniform-n80-g10000-1,55482.402600462075,55810,0.03499650000594556,0.03022840000630822,0.004768099999637343,0.2727240000094753,ok,-0.5869869190788828,0.5869869190788828
Linear_V3,TSP-squeezed_uniform-n600-g1000-3,15630.962447353695,15097,0.4232068999990588,0.4218405999999959,0.0013662999990629032,12.408783199993195,ok,3.5368778389991062,3.5368778389991062
Linear_V3,TSP-squeezed_uniform-n80-g10000-2,60662.611093694824,60709,0.037718300001870375,0.03539720000117086,0.0023211000006995164,0.1120299000031082,ok,-0.0764119097747873,0.0764119097747873
Linear_V3,TSP-squeezed_uniform-n600-g10000-2,158850.17279413948,154309,0.396062300002086,0.39419440000347095,0.0018678999986150302,57.62730530000408,ok,2.9429085757405455,2.9429085757405455
Linear_V3,TSP-squeezed_uniform-n80-g1000-4,6140.484036588388,6221,0.0807178000031854,0.08005810000031488,0.0006597000028705224,0.3273258000117494,ok,-1.2942607846264533,1.2942607846264533
Linear_V3,TSP-squeezed_uniform-n80-g1000-1,6567.278980009904,6727,0.09341119999589864,0.09282349999557482,0.0005877000003238209,0.3328784000041196,ok,-2.3743276347568836,2.3743276347568836
Linear_V3,TSP-squeezed_uniform-n80-g10000-3,56747.908804285544,55642,0.0409085999999661,0.03977360000135377,0.0011349999986123294,0.21935420000227168,ok,1.9875432304474023,1.9875432304474023
Linear_V3,TSP-squeezed_uniform-n80-g1000-5,5606.918550718335,5615,0.09567849999439204,0.09462839999468997,0.00105009999970207,0.5399780000007013,ok,-0.1439260780350009,0.1439260780350009
Linear_V3,TSP-squeezed_uniform-n80-g10000-4,60822.7729999874,60429,0.06613069999730214,0.06217639999522362,0.003954300002078526,0.21272129999124445,ok,0.6516291846421405,0.6516291846421405
Linear_V3,TSP-squeezed_uniform-n700-g10000-4,169228.37762365534,164296,0.25722400000086054,0.2540480999959982,0.003175900004862342,4.943116299982648,ok,3.0021288550271086,3.0021288550271086
Linear_V3,TSP-squeezed_uniform-n700-g10000-5,177253.31993007794,169241,0.2364054999925429,0.23036129999672994,0.00604419999581296,8.107015000001411,ok,4.7342664780271555,4.7342664780271555
Linear_V3,TSP-squeezed_uniform-n700-g10000-3,175433.25254122666,170693,0.29547009999805596,0.293735100000049,0.0017349999980069697,5.504404599996633,ok,2.7770632311967423,2.7770632311967423
Linear_V3,TSP-squeezed_uniform-n80-g10000-5,57445.573543403596,56490,0.10864020000008168,0.10510659999999916,0.003533600000082515,0.12364039999374654,ok,1.6915800024846803,1.6915800024846803
Linear_V3,TSP-squeezed_uniform-n600-g10000-3,158577.92720714342,154317,0.4663412000008975,0.4630394999985583,0.003301700002339203,20.062011100002564,ok,2.761152178401229,2.761152178401229
Linear_V3,TSP-squeezed_uniform-n600-g10000-4,162242.17674020937,157307,0.4967813000039314,0.49401729999954114,0.0027640000043902546,7.379515399996308,ok,3.1372899745144003,3.1372899745144003
Linear_V3,TSP-squeezed_uniform-n800-g1000-5,18525.71117863505,17794,0.13694059999397723,0.13582869999663671,0.0011118999973405153,9.829693599996972,ok,4.112123067523045,4.112123067523045
Linear_V3,TSP-squeezed_uniform-n700-g1000-2,17025.784984646547,16408,0.44607489999907557,0.44490509999741334,0.0011698000016622245,17.86578659999941,ok,3.765144957621568,3.765144957621568
Linear_V3,TSP-squeezed_uniform-n90-g1000-4,6780.125889607866,6757,0.026203200002782978,0.024475700003677048,0.0017274999991059303,0.37567480000143405,ok,0.34225084516599313,0.34225084516599313
Linear_V3,TSP-squeezed_uniform-n90-g1000-2,5973.218594864417,5948,0.0862487999984296,0.08470549999765353,0.001543300000776071,0.4681224999949336,ok,0.42398444627466975,0.42398444627466975
Linear_V3,TSP-squeezed_uniform-n90-g1000-1,6156.893292742063,6142,0.09695499999361346,0.09539239999867277,0.0015625999949406832,0.34587780000583734,ok,0.24248278642238422,0.24248278642238422
Linear_V3,TSP-squeezed_uniform-n90-g1000-3,6403.422665831116,6342,0.09170409999933327,0.08954369999992196,0.002160399999411311,0.38366079999832436,ok,0.9685062414240984,0.9685062414240984
Linear_V3,TSP-squeezed_uniform-n800-g1000-1,18591.838062337225,17772,0.21831260000908514,0.21626490000198828,0.0020477000070968643,9.756313599995337,ok,4.613088354362058,4.613088354362058
Linear_V3,TSP-squeezed_uniform-n600-g10000-1,164249.40296445353,155567,0.6488393000036012,0.6479355999981635,0.0009037000054377131,4.811391499999445,ok,5.581134150850459,5.581134150850459
Linear_V3,TSP-squeezed_uniform-n90-g10000-1,67107.1026530036,65664,0.06174799999280367,0.059653799995430745,0.0020941999973729253,0.18815519999770913,ok,2.1977075003100683,2.1977075003100683
Linear_V3,TSP-squeezed_uniform-n90-g10000-5,62223.71768104849,61457,0.040655500000866596,0.0397780999992392,0.0008774000016273931,0.12942659998952877,ok,1.247567699445936,1.247567699445936
Linear_V3,TSP-squeezed_uniform-n90-g1000-5,6088.363803794155,6269,0.09423509999760427,0.08558230000198819,0.008652799995616078,0.2285838999960106,ok,-2.881419623637668,2.881419623637668
Linear_V3,TSP-squeezed_uniform-n90-g10000-2,57469.46373106922,57387,0.08704869999928633,0.08269930000096792,0.004349399998318404,0.12454560000333004,ok,0.1436975814543706,0.1436975814543706
Linear_V3,TSP-squeezed_uniform-n700-g1000-5,17291.082465294356,16845,0.5471009999964735,0.5391950999983237,0.007905899998149835,7.519965999992564,ok,2.6481594852737054,2.6481594852737054
Linear_V3,TSP-squeezed_uniform-n800-g10000-2,185634.255298705,175984,0.2561772999979439,0.2515257999984897,0.004651499999454245,14.868727900000522,ok,5.483598110456056,5.483598110456056
Linear_V3,TSP-squeezed_uniform-n90-g10000-3,67641.44522596673,68545,0.10132449999946402,0.10017779999907361,0.0011467000003904104,0.39099040000292007,ok,-1.3181920986698803,1.3181920986698803
Linear_V3,TSP-squeezed_uniform-n90-g10000-4,57903.84381937337,57180,0.0929653999992297,0.09196479999809526,0.001000600001134444,0.5893178999976953,ok,1.2659038464032306,1.2659038464032306
Linear_V3,TSP-squeezed_uniform-n800-g10000-3,181801.0737172261,173257,0.2549064000049839,0.25390700000571087,0.0009993999992730096,14.214093999995384,ok,4.931445030922906,4.931445030922906
Linear_V3,TSP-squeezed_uniform-n800-g10000-5,183510.47608509133,175386,0.28055469999526395,0.27834839999559335,0.002206299999670591,301.75869070002227,ok,4.6323401440772525,4.6323401440772525
Linear_V3,TSP-squeezed_uniform-n800-g10000-4,186258.32079873455,177691,0.2883921999964514,0.28608449999592267,0.002307700000528712,10.276672299980419,ok,4.821471430029969,4.821471430029969
Linear_V3,TSP-triangular-n10-g1000-1,1645.9212179433239,1643,0.010703299994929694,0.008354099998541642,0.0023491999963880517,0.20260039999266155,ok,0.1777978054366331,0.1777978054366331
Linear_V3,TSP-triangular-n10-g1000-2,2325.231849909231,2529,0.01269250000041211,0.010741300000518095,0.0019511999998940155,0.08028619999822695,ok,-8.05726176713202,8.05726176713202
Linear_V3,TSP-triangular-n10-g1000-3,2225.5398200751265,2251,0.010699599995859899,0.009715399995911866,0.0009841999999480322,0.13050319999456406,ok,-1.1310608585017103,1.1310608585017103
Linear_V3,TSP-triangular-n10-g1000-4,1575.478218342062,1758,0.0171803000048385,0.015628900000592694,0.0015514000042458065,0.06092920000082813,ok,-10.38235390545722,10.38235390545722
Linear_V3,TSP-triangular-n10-g1000-5,1580.3604217487043,2010,0.019651200003863778,0.015754600004584063,0.003896599999279715,0.046448199995211326,ok,-21.37510339558685,21.37510339558685
Linear_V3,TSP-triangular-n10-g10000-1,12564.725467827455,14788,0.01643119999789633,0.015319999998610001,0.0011111999992863275,0.10472550000122283,ok,-15.034315202681533,15.034315202681533
Linear_V3,TSP-squeezed_uniform-n700-g1000-1,17229.055837960306,16574,0.7309654999917257,0.7300209999957588,0.0009444999959669076,22.089406800005236,ok,3.9523098706426105,3.9523098706426105
Linear_V3,TSP-triangular-n10-g10000-4,12746.65369352621,13893,0.011843400003272109,0.008996100004878826,0.0028472999983932823,0.042560000001685694,ok,-8.251251036304541,8.251251036304541
Linear_V3,TSP-triangular-n10-g10000-2,22557.827290382353,21890,0.016211800000746734,0.014407499998924322,0.001804300001822412,0.03919999999925494,ok,3.0508327564292035,3.0508327564292035
Linear_V3,TSP-triangular-n10-g10000-3,14523.076848822957,17277,0.01796150000882335,0.016281800002616365,0.0016797000062069856,0.051657399992109276,ok,-15.939822603328373,15.939822603328373
Linear_V3,TSP-triangular-n10-g10000-5,16892.30618712712,19644,0.010785300000861753,0.009754200000315905,0.0010311000005458482,0.040115400013746694,ok,-14.007808047611892,14.007808047611892
Linear_V3,TSP-squeezed_uniform-n700-g10000-1,177343.5654276954,170338,0.7271657999954186,0.7261799999978393,0.0009857999975793064,188.08393760000763,ok,4.1127437375661335,4.1127437375661335
Linear_V3,TSP-squeezed_uniform-n700-g1000-4,17619.940850799652,16694,0.7576608000017586,0.7565395999990869,0.001121200002671685,3.6270723000052385,ok,5.546548764823603,5.546548764823603
Linear_V3,TSP-triangular-n100-g1000-1,6201.0225093886875,6323,0.05378729999938514,0.05235829999583075,0.0014290000035543926,1.2930448000115575,ok,-1.9291078698610238,1.9291078698610238
Linear_V3,TSP-squeezed_uniform-n900-g1000-2,19624.006667285106,18786,0.27182069999253144,0.269730799998797,0.0020898999937344342,12.430654700001469,ok,4.460804148222645,4.460804148222645
Linear_V3,TSP-squeezed_uniform-n700-g10000-2,170612.24979735992,163358,0.764281600000686,0.7632837999990443,0.0009978000016417354,9.388225399990915,ok,4.440706789603157,4.440706789603157
Linear_V3,TSP-triangular-n100-g1000-2,6319.794775290233,6360,0.07186940000246977,0.06725230000301963,0.004617099999450147,0.37686889999895357,ok,-0.6321576212227549,0.6321576212227549
Linear_V3,TSP-squeezed_uniform-n900-g1000-3,18969.395967226614,18359,0.28258050000295043,0.2797982000047341,0.002782299998216331,6.943560100000468,ok,3.324777859505494,3.324777859505494
Linear_V3,TSP-triangular-n100-g1000-3,6015.291943037707,6147,0.08670710000296822,0.08594540000194684,0.0007617000010213815,0.3390816999890376,ok,-2.1426396122058415,2.1426396122058415
Linear_V3,TSP-triangular-n100-g1000-4,6243.528125559098,6294,0.08983490000537131,0.0890036000055261,0.0008312999998452142,0.09303329999966081,ok,-0.8019045827915785,0.8019045827915785
Linear_V3,TSP-triangular-n100-g10000-2,66104.00880153303,66089,0.05157529999996768,0.046469599998090416,0.005105700001877267,0.5108707999897888,ok,0.022709984313616018,0.022709984313616018
Linear_V3,TSP-triangular-n100-g10000-1,64284.34425785183,63612,0.06422210000164341,0.05918770000425866,0.005034399997384753,0.40360980000696145,ok,1.0569456358105858,1.0569456358105858
Linear_V3,TSP-squeezed_uniform-n900-g10000-2,199130.98401589028,192021,0.279134399999748,0.27754450000065845,0.001589899999089539,13.735678299999563,ok,3.7027116908516677,3.7027116908516677
Linear_V3,TSP-squeezed_uniform-n800-g1000-2,18179.42097602871,17713,0.592857500007085,0.5888648000036483,0.0039927000034367666,7.793820399994729,ok,2.633212759152648,2.633212759152648
Linear_V3,TSP-triangular-n100-g10000-4,67379.42092034995,68053,0.070870699993975,0.06922579999809386,0.0016448999958811328,0.3019534999912139,ok,-0.9897860192056946,0.9897860192056946
Linear_V3,TSP-squeezed_uniform-n900-g10000-5,202815.29257699903,191034,0.2909321000042837,0.28800910000427393,0.002923000000009779,11.481866899994202,ok,6.1671181972837426,6.1671181972837426
Linear_V3,TSP-triangular-n100-g10000-5,66922.49828495295,66979,0.070038800004113,0.06692660000408068,0.003112200000032317,0.3086417000013171,ok,-0.0843573583467238,0.0843573583467238
Linear_V3,TSP-triangular-n100-g1000-5,6445.273335833594,6267,0.14223639999545412,0.14103529999556486,0.0012010999998892657,0.8648862999980338,ok,2.844635963516732,2.844635963516732
Linear_V3,TSP-triangular-n100-g10000-3,58763.81564270978,59468,0.1429541999968933,0.1422623999969801,0.0006917999999132007,5.219169200005126,ok,-1.184139969883335,1.184139969883335
Linear_V3,TSP-triangular-n20-g1000-1,2791.540922162726,3015,0.017582800006493926,0.016937300002609845,0.0006455000038840808,0.2646842999965884,ok,-7.41157803772053,7.41157803772053
Linear_V3,TSP-triangular-n20-g1000-2,2730.6673990507475,3023,0.015076799994858447,0.013560899998992682,0.001515899995865766,0.24547449999954551,ok,-9.670281209039118,9.670281209039118
Linear_V3,TSP-triangular-n20-g1000-3,2479.905027014265,2495,0.013046900006884243,0.012046800002281088,0.001000100004603155,0.24446329999773297,ok,-0.6050089373039994,0.6050089373039994
Linear_V3,TSP-triangular-n20-g1000-4,2479.774892640313,2653,0.01564409999991767,0.01447109999571694,0.0011730000042007305,0.2421321000001626,ok,-6.5294047252049445,6.5294047252049445
Linear_V3,TSP-triangular-n20-g1000-5,3027.218945631678,3075,0.017206600001372863,0.016449200003989972,0.0007573999973828904,0.2337998000002699,ok,-1.553855426612104,1.553855426612104
Linear_V3,TSP-triangular-n20-g10000-1,32042.17620203411,35657,0.02425070000026608,0.022014199996192474,0.002236500004073605,0.06495269999140874,ok,-10.137767613556642,10.137767613556642
Linear_V3,TSP-squeezed_uniform-n800-g10000-1,185660.86534388943,177832,0.8106694000016432,0.8053247999996529,0.0053446000019903295,9.867071999993641,ok,4.4023940257599445,4.4023940257599445
Linear_V3,TSP-triangular-n20-g10000-2,27677.064173904862,29626,0.04656029999750899,0.04526079999777721,0.001299499999731779,0.04581250000046566,ok,-6.57846427494477,6.57846427494477
Linear_V3,TSP-squeezed_uniform-n900-g10000-1,196590.3392823365,187825,0.5298323999959393,0.5166018999952939,0.013230500000645407,13.356180600007065,ok,4.666758569059763,4.666758569059763
Linear_V3,TSP-squeezed_uniform-n800-g1000-4,19095.388462617895,18157,0.8302955999970436,0.8282612999973935,0.002034299999650102,11.364066900016041,ok,5.168191125284436,5.168191125284436
Linear_V3,TSP-squeezed_uniform-n800-g1000-3,18551.51269267528,17809,0.8521030000047176,0.8433831000002101,0.008719900004507508,8.546004100004211,ok,4.1693115429012195,4.1693115429012195
Linear_V3,TSP-triangular-n1000-g1000-4,20376.605767776808,20047,0.2721021000033943,0.26846780000050785,0.003634300002886448,9.97155620000558,ok,1.644165051014155,1.644165051014155
Linear_V3,TSP-triangular-n1000-g1000-5,20553.99386904152,19915,0.2789548999935505,0.2755383999974583,0.0034164999960921705,8.671551999999792,ok,3.2086059203691604,3.2086059203691604
Linear_V3,TSP-triangular-n20-g10000-4,29464.60526218101,31057,0.051192599996284116,0.04847129999689059,0.0027212999993935227,0.04405570001108572,ok,-5.127329548311142,5.127329548311142
Linear_V3,TSP-squeezed_uniform-n900-g1000-5,19845.996159606817,19109,0.6084454999945592,0.60353749999922,0.004907999995339196,7.20316129999992,ok,3.8568012957602016,3.8568012957602016
Linear_V3,TSP-triangular-n20-g10000-3,27841.926377200056,29867,0.054011200001696125,0.052387800002179574,0.0016233999995165505,0.066075800001272,ok,-6.780304760437754,6.780304760437754
Linear_V3,TSP-triangular-n1000-g10000-2,208850.05220539978,202479,0.2904860999988159,0.2885424999985844,0.0019436000002315268,6.695150499988813,ok,3.146524926239158,3.146524926239158
Linear_V3,TSP-triangular-n1000-g10000-3,213894.68320521482,205982,0.27446320000308333,0.27059490000101505,0.003868300002068281,6.929742799999076,ok,3.841444012202437,3.841444012202437
Linear_V3,TSP-triangular-n20-g10000-5,24407.003919650157,27846,0.07124249999469612,0.06410069999401458,0.007141800000681542,0.042852600003243424,ok,-12.350054156251682,12.350054156251682
Linear_V3,TSP-squeezed_uniform-n900-g1000-4,19524.40487712287,18734,0.6441945999977179,0.6425484999999753,0.0016460999977425672,10.109083800009103,ok,4.219092970656934,4.219092970656934
Linear_V3,TSP-triangular-n1000-g1000-3,20820.443690578035,20380,0.3374404999995022,0.3365856000018539,0.0008548999976483174,21.08291569998255,ok,2.16115647977446,2.16115647977446
Linear_V3,TSP-squeezed_uniform-n900-g10000-3,200584.18023962615,188704,0.612374499993166,0.6110037999969791,0.001370699996186886,196.56053090000933,ok,6.295669535158846,6.295669535158846
Linear_V3,TSP-squeezed_uniform-n900-g10000-4,197672.71714715328,190929,0.6158464999971329,0.6146666999993613,0.0011797999977716245,10.996957600000314,ok,3.5320549246857618,3.5320549246857618
Linear_V3,TSP-triangular-n1000-g10000-4,200786.66659619907,196710,0.2951937999969232,0.29324389999965206,0.0019498999972711317,11.940346799994586,ok,2.072424684153864,2.072424684153864
Linear_V3,TSP-triangular-n30-g1000-2,3217.4410317396128,3350,0.028160900001239497,0.026866200001677498,0.001294699999561999,0.1264783999940846,ok,-3.9569841271757387,3.9569841271757387
Linear_V3,TSP-triangular-n30-g1000-3,3317.637790134537,3361,0.026386300000012852,0.024862099999154452,0.0015242000008584,0.17098349999287166,ok,-1.2901579846909483,1.2901579846909483
Linear_V3,TSP-triangular-n30-g1000-5,3620.244880642796,3693,0.025823299991316162,0.024285599996801466,0.0015376999945146963,0.17220099999394733,ok,-1.9700817589278083,1.9700817589278083
Linear_V3,TSP-triangular-n30-g1000-4,3323.055490357754,3398,0.03516890000173589,0.0340273999972851,0.0011415000044507906,0.09376570000313222,ok,-2.2055476645746315,2.2055476645746315
Linear_V3,TSP-triangular-n30-g1000-1,3080.3730711029275,3241,0.053130699998291675,0.050365399998554494,0.0027652999997371808,0.12444400000094902,ok,-4.956091604352746,4.956091604352746
Linear_V3,TSP-triangular-n30-g10000-1,37309.033354524414,37316,0.027968000002147164,0.026427099997818004,0.0015409000043291599,0.14686369999253657,ok,-0.018669325424981564,0.018669325424981564
Linear_V3,TSP-triangular-n200-g1000-3,9277.525368739656,9225,0.11894369999936316,0.11706709999998566,0.001876599999377504,1.114441199999419,ok,0.5693806909447825,0.5693806909447825
Linear_V3,TSP-triangular-n30-g10000-3,36705.170274487755,37780,0.02955380000639707,0.028395600005751476,0.0011582000006455928,0.054408099997090176,ok,-2.844970157523148,2.844970157523148
Linear_V3,TSP-triangular-n30-g10000-2,31336.07651609676,32698,0.04760310000710888,0.04446070000267355,0.0031424000044353306,0.048004199998104014,ok,-4.16515837024662,4.16515837024662
Linear_V3,TSP-triangular-n30-g10000-4,33526.64480594801,33844,0.03495429999748012,0.033922100003110245,0.0010321999943698756,0.06943580000370275,ok,-0.9377000178820177,0.9377000178820177
Linear_V3,TSP-triangular-n200-g10000-3,89800.40172761722,88356,0.09366249999584397,0.09008379999431781,0.0035787000015261583,2.124054600004456,ok,1.634752283509013,1.634752283509013
Linear_V3,TSP-triangular-n200-g1000-4,8987.704635148068,8925,0.11437039999873377,0.11235069999383995,0.0020197000048938207,0.32579509999777656,ok,0.7025729428354914,0.7025729428354914
Linear_V3,TSP-triangular-n30-g10000-5,34257.57462860028,35090,0.04797189999953844,0.04459299999871291,0.0033789000008255243,0.06956070000887848,ok,-2.3722581117119317,2.3722581117119317
Linear_V3,TSP-triangular-n200-g10000-4,92578.04356616366,93564,0.12193639999895822,0.12024150000070222,0.0016948999982560053,2.433846399988397,ok,-1.0537775574327108,1.0537775574327108
Linear_V3,TSP-triangular-n300-g1000-1,11105.644781651044,11168,0.09411849999742117,0.09002869999676477,0.004089800000656396,2.491443299993989,ok,-0.5583382731819084,0.5583382731819084
Linear_V3,TSP-triangular-n200-g1000-1,9773.37148044876,9735,0.24368179999873973,0.24222400000144262,0.0014577999972971156,0.7559660999977496,ok,0.39416004569862195,0.39416004569862195
Linear_V3,TSP-triangular-n200-g10000-5,92159.96704662232,91566,0.16637320000154432,0.16521649999776855,0.001156700003775768,1.3482274999987567,ok,0.6486764155061026,0.6486764155061026
Linear_V3,TSP-triangular-n300-g10000-1,108748.1524620373,109011,0.069514299997536,0.06747339999856194,0.002040899998974055,41.04750159999821,ok,-0.24112019701012308,0.24112019701012308
Linear_V3,TSP-triangular-n200-g10000-1,91410.18146211946,90972,0.19092149999778485,0.18144349999784026,0.009477999999944586,2.7335846000059973,ok,0.48166629525509436,0.48166629525509436
Linear_V3,TSP-triangular-n300-g1000-3,11456.44396222565,11378,0.09971749999385793,0.09772529999463586,0.0019921999992220663,3.774108800003887,ok,0.6894354212133105,0.6894354212133105
Linear_V3,TSP-triangular-n200-g1000-2,9151.823516442422,9061,0.24401240000588587,0.24225090000254568,0.0017615000033401884,1.067550299994764,ok,1.0023564335329682,1.0023564335329682
Linear_V3,TSP-triangular-n300-g1000-2,11161.660487053048,11007,0.11870099999941885,0.1176365999999689,0.0010643999994499609,1.008043900001212,ok,1.4051102666761897,1.4051102666761897
Linear_V3,TSP-triangular-n40-g1000-3,3493.962530151371,3804,0.026661499992769677,0.024699699999473523,0.001961799993296154,0.09667120000813156,ok,-8.15030152073157,8.15030152073157
Linear_V3,TSP-triangular-n200-g1000-5,8893.114025401364,8953,0.22686020000401186,0.2255215000041062,0.001338699999905657,1.166234300006181,ok,-0.6688928247362401,0.6688928247362401
Linear_V3,TSP-triangular-n40-g1000-1,4114.403042664744,4295,0.05204639999283245,0.051464099997247104,0.0005822999955853447,0.055843199996161275,ok,-4.204818564266725,4.204818564266725
Linear_V3,TSP-triangular-n40-g1000-5,4037.4094507792024,4247,0.0377611000003526,0.03262379999796394,0.005137300002388656,0.09142700000666082,ok,-4.935025882288618,4.935025882288618
Linear_V3,TSP-triangular-n200-g10000-2,91902.74364301024,89508,0.23789770000439603,0.23701760000403738,0.0008801000003586523,1.5262900000088848,ok,2.675452074686328,2.675452074686328
Linear_V3,TSP-triangular-n40-g1000-2,3659.4186047730386,3874,0.05179810000117868,0.04974740000034217,0.002050700000836514,0.08352030000241939,ok,-5.539013815874068,5.539013815874068
Linear_V3,TSP-triangular-n40-g1000-4,3851.4335217560324,3979,0.05059620000247378,0.046484099999361206,0.004112100003112573,0.07051160000264645,ok,-3.205993421562393,3.205993421562393
Linear_V3,TSP-triangular-n300-g10000-2,115817.45724586882,115621,0.1330870000019786,0.13110410000081174,0.001982900001166854,2.6061027999967337,ok,0.1699148475353265,0.1699148475353265
Linear_V3,TSP-squeezed_uniform-n900-g1000-1,19185.447095960637,18658,0.9396329000010155,0.9383643999972264,0.001268500003789086,15.1479238000029,ok,2.8269219421193963,2.8269219421193963
Linear_V3,TSP-triangular-n40-g10000-1,42899.18852659454,43067,0.05985780000628438,0.0584517000024789,0.0014061000038054772,0.07712709999759682,ok,-0.3896521081233,0.3896521081233
Linear_V3,TSP-triangular-n40-g10000-2,45369.87280280863,47799,0.05872099999396596,0.05039869999745861,0.008322299996507354,0.10280029999557883,ok,-5.081962378274371,5.081962378274371
Linear_V3,TSP-triangular-n300-g10000-4,111339.14907600697,110649,0.13779809999687131,0.13198759999795584,0.005810499998915475,2.96442869999737,ok,0.6237282542155571,0.6237282542155571
Linear_V3,TSP-triangular-n40-g10000-3,43492.92028444753,45773,0.05039720000058878,0.04825639999762643,0.002140800002962351,0.2046981000021333,ok,-4.981276550701223,4.981276550701223
Linear_V3,TSP-triangular-n1000-g10000-1,201667.12418345525,197324,0.6088543000078062,0.6036664000057499,0.005187900002056267,132.96062800000072,ok,2.2010116273009106,2.2010116273009106
Linear_V3,TSP-triangular-n40-g10000-4,43414.16808585534,45634,0.07738589999644319,0.07639940000080969,0.0009864999956334941,0.1724466999876313,ok,-4.864425459404529,4.864425459404529
Linear_V3,TSP-triangular-n40-g10000-5,38815.31143911693,41802,0.06728589999693213,0.0665685999993002,0.0007172999976319261,0.08674750001227949,ok,-7.144846086031937,7.144846086031937
Linear_V3,TSP-triangular-n5-g1000-2,1121.2665192251275,1344,0.005685500000254251,0.005003700003726408,0.0006817999965278432,0.04627679999975953,ok,-16.572431605273255,16.572431605273255
Linear_V3,TSP-triangular-n5-g1000-3,1269.2479017534042,1381,0.01091160000214586,0.00930769999831682,0.0016039000038290396,0.04630909999832511,ok,-8.092114282881663,8.092114282881663
Linear_V3,TSP-triangular-n5-g1000-4,1515.859913502114,1745,0.010145599997485988,0.008858299996063579,0.001287300001422409,0.042673100004321896,ok,-13.131237048589451,13.131237048589451
Linear_V3,TSP-triangular-n300-g10000-5,108692.15575793588,107321,0.15418119999958435,0.1523386000044411,0.001842599995143246,2.4188916999992216,ok,1.2776211160312312,1.2776211160312312
Linear_V3,TSP-triangular-n5-g1000-5,1536.7319615188871,1750,0.011202999994566198,0.010627299998304807,0.0005756999962613918,0.05020599999988917,ok,-12.186745056063591,12.186745056063591
Linear_V3,TSP-triangular-n5-g1000-1,1719.4271508893346,1758,0.030396700007258914,0.029646300004969817,0.0007504000022890978,0.04504799999995157,ok,-2.194132486385973,2.194132486385973
Linear_V3,TSP-triangular-n5-g10000-1,8353.617459528987,11428,0.014875100001518149,0.01431109999975888,0.0005640000017592683,0.24099400000704918,ok,-26.902192338738303,26.902192338738303
Linear_V3,TSP-triangular-n300-g1000-4,11183.886948696212,11224,0.24223640000855085,0.24111720000655623,0.0011192000019946136,3.746195200001239,ok,-0.35738641575007013,0.35738641575007013
Linear_V3,TSP-triangular-n5-g10000-3,16512.231730712007,19319,0.009545599998091348,0.008679799997480586,0.0008658000006107613,0.2645178999955533,ok,-14.528538067643218,14.528538067643218
Linear_V3,TSP-triangular-n5-g10000-5,13996.307047601129,15758,0.009379299997817725,0.008587299998907838,0.0007919999989098869,0.3198285999969812,ok,-11.179673514398218,11.179673514398218
Linear_V3,TSP-triangular-n5-g10000-2,15274.498567141398,17062,0.02533239999320358,0.022872499997902196,0.0024598999953013845,0.14757549999922048,ok,-10.476505877731814,10.476505877731814
Linear_V3,TSP-triangular-n5-g10000-4,12510.388618460645,12844,0.020339400005468633,0.01939140000467887,0.0009480000007897615,0.18117979999806266,ok,-2.597410320300176,2.597410320300176
Linear_V3,TSP-triangular-n300-g1000-5,11574.355552372077,11239,0.2559906000024057,0.250950699999521,0.0050399000028846785,1.7380294000031427,ok,2.983855791192072,2.983855791192072
Linear_V3,TSP-triangular-n50-g1000-4,4047.8442574441665,4059,0.02585939999698894,0.023121799997170456,0.0027375999998184852,0.13579709999612533,ok,-0.27483967863595743,0.27483967863595743
Linear_V3,TSP-triangular-n50-g1000-2,5327.684373735156,5483,0.05306919999566162,0.05156889999489067,0.0015003000007709488,0.11680249999335501,ok,-2.832676021609403,2.832676021609403
Linear_V3,TSP-triangular-n50-g1000-1,4220.094699246087,4338,0.06262360000255285,0.05842580000171438,0.00419780000083847,0.06495460000587627,ok,-2.717964517148761,2.717964517148761
Linear_V3,TSP-triangular-n50-g1000-3,4623.640616821272,4846,0.051235899998573586,0.04912920000060694,0.0021066999979666434,0.2460060000012163,ok,-4.588513891430631,4.588513891430631
Linear_V3,TSP-triangular-n300-g10000-3,113455.12896856344,112247,0.28526590000547003,0.2838411000047927,0.001424800000677351,2.5403442999959225,ok,1.0763129246781118,1.0763129246781118
Linear_V3,TSP-triangular-n400-g10000-4,126606.5273345345,123162,0.15300019999267533,0.15128429999458604,0.0017158999980892986,2.1948649999976624,ok,2.796745209183437,2.796745209183437
Linear_V3,TSP-triangular-n50-g10000-1,44163.7996725821,46407,0.06300550000014482,0.05771180000010645,0.0052937000000383705,0.052172499999869615,ok,-4.83375423409809,4.83375423409809
Linear_V3,TSP-triangular-n50-g1000-5,4623.232351035022,4907,0.06389140000101179,0.05657739999878686,0.00731400000222493,0.1487860999914119,ok,-5.782915202057844,5.782915202057844
Linear_V3,TSP-triangular-n50-g10000-2,44421.60240668067,46650,0.03893370000150753,0.037333799999032635,0.0015999000024748966,0.09743819999857806,ok,-4.776843715582698,4.776843715582698
Linear_V3,TSP-triangular-n400-g1000-1,12753.758273937314,12520,0.20447590000549098,0.20025400000304217,0.00422190000244882,2.2337031999923056,ok,1.8670788653140078,1.8670788653140078
Linear_V3,TSP-triangular-n400-g10000-3,130262.1000419648,127744,0.17966390000947285,0.17677650000405265,0.0028874000054202043,4.949057600009837,ok,1.9712080739328692,1.9712080739328692
Linear_V3,TSP-triangular-n400-g10000-5,132016.1383060274,129463,0.1902226999955019,0.18739569999888772,0.0028269999966141768,6.912994600003003,ok,1.9720988282577994,1.9720988282577994
Linear_V3,TSP-triangular-n400-g1000-5,12931.54041628616,12738,0.21773519999987911,0.21326089999638498,0.004474300003494136,1.881639899991569,ok,1.5193940672488586,1.5193940672488586
Linear_V3,TSP-triangular-n50-g10000-4,49101.63188461775,48902,0.06446390000201063,0.06356039999809582,0.0009035000039148144,0.09900149999884889,ok,0.40822846635669874,0.40822846635669874
Linear_V3,TSP-triangular-n50-g10000-3,42755.788355898236,43900,0.08523509999213275,0.08439189999626251,0.0008431999958702363,0.20294609999109525,ok,-2.6064046562682557,2.6064046562682557
Linear_V3,TSP-triangular-n50-g10000-5,47681.00561197545,49518,0.08400360000086948,0.08329219999723136,0.0007114000036381185,0.16690169999492355,ok,-3.709750773505691,3.709750773505691
Linear_V3,TSP-triangular-n400-g1000-4,12328.813628236414,12332,0.2573354999985895,0.256343699998979,0.000991799999610521,12.060511299991049,ok,-0.025838240055028112,0.025838240055028112
Linear_V3,TSP-triangular-n400-g1000-3,12935.359312346945,12850,0.2717606999940472,0.27045279999583727,0.0013078999982099049,2.17433809999784,ok,0.6642748042563847,0.6642748042563847
Linear_V3,TSP-triangular-n60-g1000-2,4568.882253866812,4613,0.04069149999850197,0.03968709999753628,0.0010044000009656884,0.08776949999446515,ok,-0.9563786285104731,0.9563786285104731
Linear_V3,TSP-triangular-n60-g1000-1,4726.670363934354,4846,0.047540900006424636,0.045767700001306366,0.0017732000051182695,0.0886711000057403,ok,-2.46243574217181,2.46243574217181
Linear_V3,TSP-triangular-n60-g1000-3,4933.138584297649,5110,0.03961979999439791,0.03863199999614153,0.0009877999982563779,0.04806480000843294,ok,-3.461084456014701,3.461084456014701
Linear_V3,TSP-triangular-n60-g1000-4,5190.79104327028,5177,0.038352000003214926,0.03653610000037588,0.0018159000028390437,0.0976686000067275,ok,0.26639063686073344,0.26639063686073344
Linear_V3,TSP-triangular-n60-g1000-5,4659.846072490907,4874,0.03685419999965234,0.036092700000153854,0.0007614999994984828,0.15846800000872463,ok,-4.39380236990342,4.39380236990342
Linear_V3,TSP-triangular-n500-g10000-1,145621.66647125178,143657,0.15101619999768445,0.14873570000054315,0.0022804999971413054,6.635692500000005,ok,1.3676092854868063,1.3676092854868063
Linear_V3,TSP-triangular-n60-g10000-1,45230.39091426638,45853,0.059924699999100994,0.05841340000188211,0.0015112999972188845,0.11440600000787526,ok,-1.3578371878254785,1.3578371878254785
Linear_V3,TSP-triangular-n60-g10000-2,49742.118910656536,51895,0.06212379999487894,0.05741839999973308,0.004705399995145854,0.5443800000066403,ok,-4.148532786093966,4.148532786093966
Linear_V3,TSP-triangular-n500-g1000-2,14905.684616689898,14529,0.18432570000732085,0.18333240000356454,0.0009933000037563033,4.0448090999998385,ok,2.592639663362225,2.592639663362225
Linear_V3,TSP-triangular-n500-g10000-3,146808.7694145238,145292,0.1452577999953064,0.13880629999766825,0.006451499997638166,7.8267557000071974,ok,1.0439455816726255,1.0439455816726255
Linear_V3,TSP-triangular-n500-g1000-5,14255.553016926959,14014,0.1932851999954437,0.1901452000020072,0.003139999993436504,3.115116200002376,ok,1.7236550372981208,1.7236550372981208
Linear_V3,TSP-triangular-n60-g10000-5,47191.68558115839,48847,0.04497560000163503,0.043465299997478724,0.0015103000041563064,0.19009879999794066,ok,-3.3887739653235855,3.3887739653235855
Linear_V3,TSP-triangular-n500-g10000-2,144532.6182141346,143076,0.20314479999797186,0.19148029999632854,0.011664500001643319,2.948923800009652,ok,1.018073061963287,1.018073061963287
Linear_V3,TSP-triangular-n60-g10000-3,46625.01412017776,48354,0.08948650000093039,0.08794040000066161,0.0015461000002687797,0.14357310000923462,ok,-3.5756832523105455,3.5756832523105455
Linear_V3,TSP-triangular-n500-g10000-4,146219.14400263605,144399,0.1918472000033944,0.18886560000100872,0.002981600002385676,3.104352900001686,ok,1.2604962656500742,1.2604962656500742
Linear_V3,TSP-triangular-n400-g1000-2,13195.702879497054,13224,0.43828159999247873,0.4373007999965921,0.0009807999958866276,3.211410399992019,ok,-0.21398306490431185,0.21398306490431185
Linear_V3,TSP-triangular-n60-g10000-4,54357.232952031234,55542,0.10796539999137167,0.10641789999499451,0.0015474999963771552,0.08855970000149682,ok,-2.133101163027557,2.133101163027557
Linear_V3,TSP-triangular-n400-g10000-1,132000.9991103616,128847,0.43847850000020117,0.4374727999966126,0.0010057000035885721,13.632044999991194,ok,2.4478638310256278,2.4478638310256278
Linear_V3,TSP-triangular-n400-g10000-2,132018.72647067194,129865,0.4460218999956851,0.4452863999977126,0.0007354999979725108,2.9551033999887295,ok,1.658434890595575,1.658434890595575
Linear_V3,TSP-triangular-n1000-g1000-1,20463.05837837195,19772,1.0780025999993086,1.0771920999977738,0.0008105000015348196,10.944736899997224,ok,3.4951364473596422,3.4951364473596422
Linear_V3,TSP-triangular-n500-g1000-1,14232.040680508235,14028,0.3319965000046068,0.3309222000025329,0.0010743000020738691,5.66844459999993,ok,1.4545243834348076,1.4545243834348076
Linear_V3,TSP-triangular-n1000-g1000-2,20728.364546129018,20272,1.0981011999974726,1.0974330000026384,0.0006681999948341399,16.009300699995947,ok,2.2512063246301204,2.2512063246301204
Linear_V3,TSP-triangular-n500-g1000-3,14303.534258665644,14195,0.32287949999590637,0.3203544999996666,0.002524999996239785,11.466740000003483,ok,0.7645949888386355,0.7645949888386355
Linear_V3,TSP-triangular-n70-g1000-1,5406.339160167888,5521,0.075772500000312,0.07423169999674428,0.0015408000035677105,0.1724135000113165,ok,-2.0768128931735608,2.0768128931735608
Linear_V3,TSP-triangular-n70-g1000-2,5442.275745639255,5701,0.0732168999966234,0.07107529999484541,0.002141600001777988,0.18300499999895692,ok,-4.538225826359329,4.538225826359329
Linear_V3,TSP-triangular-n1000-g10000-5,212075.2585856018,205708,1.0533691000018734,1.0513673999957973,0.0020017000060761347,5.907596500008367,ok,3.0952897240757835,3.0952897240757835
Linear_V3,TSP-triangular-n500-g1000-4,14410.909591405629,14057,0.3512648999967496,0.34854079999786336,0.0027240999988862313,3.4482494999974733,ok,2.5176751184863684,2.5176751184863684
Linear_V3,TSP-triangular-n500-g10000-5,143880.07830591183,139987,0.3184691000060411,0.31690570000500884,0.001563400001032278,2.9702507000038167,ok,2.7810284568651555,2.7810284568651555
Linear_V3,TSP-triangular-n70-g1000-4,5065.240371361726,5300,0.07808769999974174,0.07528710000042338,0.002800599999318365,0.6405033000046387,ok,-4.4294269554391335,4.4294269554391335
Linear_V3,TSP-triangular-n70-g1000-3,5152.696177193395,5254,0.09300980000261916,0.0910996000020532,0.0019102000005659647,0.15349199999764096,ok,-1.928127575306533,1.928127575306533
Linear_V3,TSP-triangular-n70-g10000-1,56097.12728444541,57680,0.0672065000035218,0.06656160000420641,0.0006448999993153848,0.21034649999637622,ok,-2.7442314763429145,2.7442314763429145
Linear_V3,TSP-triangular-n70-g10000-2,54311.405232546866,56787,0.060132200000225566,0.05580210000334773,0.004330099996877834,0.11678070000198204,ok,-4.359439250978454,4.359439250978454
Linear_V3,TSP-triangular-n70-g10000-3,54531.751869020874,54235,0.07045449999714037,0.06764449999900535,0.0028099999981350265,0.3002564999915194,ok,0.5471593417919691,0.5471593417919691
Linear_V3,TSP-triangular-n70-g1000-5,5488.985514427807,5696,0.09524460000830004,0.09302080000634305,0.002223800001956988,0.19288760000199545,ok,-3.634383524792711,3.634383524792711
Linear_V3,TSP-triangular-n70-g10000-4,47740.72403645004,48957,0.07364790000428911,0.07230680000066059,0.0013411000036285259,0.20488280001154635,ok,-2.4843760106827637,2.4843760106827637
Linear_V3,TSP-triangular-n70-g10000-5,52874.695251146564,52757,0.06863879999582423,0.06750979999924311,0.0011289999965811148,0.2537753999931738,ok,0.22308935524492343,0.22308935524492343
Linear_V3,TSP-triangular-n600-g1000-4,15921.290764222067,15522,0.25533529999665916,0.25121909999870695,0.004116199997952208,6.9041484000044875,ok,2.5724182722720466,2.5724182722720466
Linear_V3,TSP-triangular-n600-g1000-3,15745.798387257757,15578,0.26817619999928866,0.2661846999981208,0.0019915000011678785,5.28204820000974,ok,1.0771497448822505,1.0771497448822505
Linear_V3,TSP-triangular-n600-g10000-1,157522.9618969338,155075,0.2492257999983849,0.2440400000050431,0.005185799993341789,3.1264514999929816,ok,1.5785664336184362,1.5785664336184362
Linear_V3,TSP-triangular-n8-g1000-1,1057.5036587859552,1314,0.01923029999306891,0.017542599998705555,0.0016876999943633564,0.05374200000369456,ok,-19.520269498785755,19.520269498785755
Linear_V3,TSP-triangular-n600-g10000-2,153782.78859995547,151962,0.2572987000021385,0.25611170000047423,0.0011870000016642734,93.19249869999476,ok,1.198186783508687,1.198186783508687
Linear_V3,TSP-triangular-n600-g1000-5,16084.017481187842,15644,0.28046890000405256,0.27833470000041416,0.002134200003638398,3.5216347000095993,ok,2.812691646559974,2.812691646559974
Linear_V3,TSP-triangular-n8-g1000-2,1513.4842030910604,1775,0.02998210000077961,0.022886999999172986,0.007095100001606625,0.04904339999484364,ok,-14.733284332898005,14.733284332898005
Linear_V3,TSP-triangular-n8-g1000-4,1811.4989176299466,2074,0.023481999996874947,0.019768799997109454,0.003713199999765493,0.04027050000149757,ok,-12.656754212635168,12.656754212635168
Linear_V3,TSP-triangular-n8-g1000-3,1491.8919118788042,1619,0.019693599999300204,0.01821639999980107,0.0014771999994991347,0.05223739999928512,ok,-7.851024590561815,7.851024590561815
Linear_V3,TSP-triangular-n8-g1000-5,2072.2898045573897,2029,0.021218399990175385,0.019892499993147794,0.0013258999970275909,0.04905210000288207,ok,2.133553699230643,2.133553699230643
Linear_V3,TSP-triangular-n600-g10000-4,158449.63159888162,156311,0.28225869999005226,0.27916329999425216,0.0030953999958001077,9.489981899998384,ok,1.3681900818762727,1.3681900818762727
Linear_V3,TSP-triangular-n8-g10000-2,18933.576904146354,19937,0.018468600006599445,0.01737120000325376,0.0010974000033456832,0.17040339999948628,ok,-5.032969332666131,5.032969332666131
Linear_V3,TSP-triangular-n8-g10000-1,24639.41847056025,26604,0.01763099999516271,0.015443099997355603,0.002187899997807108,0.18472300001303665,ok,-7.384534391218428,7.384534391218428
Linear_V3,TSP-triangular-n8-g10000-4,11534.765063874585,15217,0.023015999999188352,0.020429500000318512,0.00258649999886984,0.20011279999744147,ok,-24.19816610452398,24.19816610452398
Linear_V3,TSP-triangular-n8-g10000-3,17363.32781396371,21627,0.023555299994768575,0.019935799995437264,0.0036194999993313104,0.24997910000092816,ok,-19.71457985867799,19.71457985867799
Linear_V3,TSP-triangular-n8-g10000-5,15979.442536449998,17025,0.019343499996466562,0.017140699994342867,0.002202800002123695,0.17248759999347385,ok,-6.141306687518364,6.141306687518364
Linear_V3,TSP-triangular-n80-g1000-3,5414.465862085287,5680,0.025235400004021358,0.023960800004715566,0.0012745999993057922,0.17408609999984037,ok,-4.674896794273117,4.674896794273117
Linear_V3,TSP-triangular-n80-g1000-1,5553.239562240662,5903,0.03989809999620775,0.03693349999957718,0.002964599996630568,0.15698970000084955,ok,-5.925130234784651,5.925130234784651
Linear_V3,TSP-triangular-n80-g1000-4,5568.061450140225,5557,0.029322399997909088,0.02796949999901699,0.0013528999988920987,0.332275100008701,ok,0.19905434839347008,0.19905434839347008
Linear_V3,TSP-triangular-n80-g10000-1,55322.04617069263,58176,0.03611039999668719,0.03261669999483274,0.0034937000018544495,0.2145435999991605,ok,-4.905723716493694,4.905723716493694
Linear_V3,TSP-triangular-n80-g1000-2,5373.550893021432,5510,0.04684800000541145,0.04414990000077523,0.002698100004636217,0.12456039999960922,ok,-2.4763903262898026,2.4763903262898026
Linear_V3,TSP-triangular-n80-g1000-5,5399.146378758947,5522,0.039487499998358544,0.03597749999607913,0.003510000002279412,0.4272350999963237,ok,-2.2248029924131236,2.2248029924131236
Linear_V3,TSP-triangular-n80-g10000-2,59470.05982928715,59114,0.037786100001540035,0.0350555000040913,0.002730599997448735,0.49646260000008624,ok,0.6023274170029959,0.6023274170029959
Linear_V3,TSP-triangular-n80-g10000-3,53037.55194895601,53360,0.04437090000283206,0.041540800004440825,0.0028300999983912334,0.21756839999579825,ok,-0.6042879517316151,0.6042879517316151
Linear_V3,TSP-triangular-n80-g10000-5,54606.211749709364,59184,0.033967500006838236,0.03282580000086455,0.0011417000059736893,0.399158999993233,ok,-7.734840920334272,7.734840920334272
Linear_V3,TSP-triangular-n80-g10000-4,57279.148221828116,56945,0.04522000000724802,0.04304000000411179,0.0021800000031362288,0.1972465999861015,ok,0.5867911525649596,0.5867911525649596
Linear_V3,TSP-triangular-n600-g10000-3,162713.9452570076,159604,0.4051322999948752,0.40301199999521486,0.0021202999996603467,12.190634099999443,ok,1.9485384182148382,1.9485384182148382
Linear_V3,TSP-triangular-n600-g1000-2,16308.187204321825,16046,0.5005728999967687,0.4993745999963721,0.0011983000003965572,4.9067257000133395,ok,1.6339723564865047,1.6339723564865047
Linear_V3,TSP-triangular-n600-g1000-1,16081.038545230911,15806,0.5511334000038914,0.5499058999994304,0.0012275000044610351,45.856991599997855,ok,1.740089492793313,1.740089492793313
Linear_V3,TSP-triangular-n600-g10000-5,155655.15790068827,150832,0.5191786000068532,0.5166744000016479,0.002504200005205348,3.6550115999998525,ok,3.197702013291787,3.197702013291787
Linear_V3,TSP-triangular-n800-g1000-2,18748.883110018138,18451,0.1959427999900072,0.1933262999955332,0.0026164999944739975,5.090998200001195,ok,1.6144550973830027,1.6144550973830027
Linear_V3,TSP-triangular-n800-g1000-3,18194.266059082416,17783,0.20636959999683313,0.20339780000358587,0.0029717999932472594,6.102861600011238,ok,2.312692228996323,2.312692228996323
Linear_V3,TSP-triangular-n800-g10000-1,184403.8669342518,181268,0.21018250000633998,0.2011696000045049,0.009012900001835078,8.98983330000192,ok,1.7299616778757403,1.7299616778757403
Linear_V3,TSP-triangular-n800-g1000-5,18937.47314445323,18489,0.21315319999848725,0.2107118999992963,0.00244129999919096,14.631282200003625,ok,2.425621420591865,2.425621420591865
Linear_V3,TSP-triangular-n800-g1000-1,18315.459863139644,17965,0.24838070000259904,0.24718569999822648,0.0011950000043725595,8.938091000003624,ok,1.9507924472009122,1.9507924472009122
Linear_V3,TSP-triangular-n700-g1000-2,17863.776100336847,17552,0.4755499000020791,0.4747510000015609,0.0007989000005181879,6.4097978999925544,ok,1.7762995689200483,1.7762995689200483
Linear_V3,TSP-triangular-n800-g1000-4,18396.775749887885,18099,0.23644709999643965,0.23454810000112047,0.0018989999953191727,7.381425700004911,ok,1.645260787269382,1.645260787269382
Linear_V3,TSP-triangular-n90-g1000-1,6131.038682825425,6039,0.08025389999966137,0.07648270000208868,0.003771199997572694,0.20739029999822378,ok,1.5240715818086603,1.5240715818086603
Linear_V3,TSP-triangular-n700-g1000-1,17256.577546367087,16864,0.5024637000024086,0.5016977999985102,0.0007659000038984232,7.726878000001307,ok,2.327902907774473,2.327902907774473
Linear_V3,TSP-triangular-n700-g10000-1,170262.3467058306,165609,0.47286060000624275,0.4705286000025808,0.0023320000036619604,7.2020444000081625,ok,2.809839263464303,2.809839263464303
Linear_V3,TSP-triangular-n90-g1000-2,5797.327520209196,5988,0.07460459999856539,0.07345599999825936,0.0011486000003060326,0.34770389999903273,ok,-3.1842431494790193,3.1842431494790193
Linear_V3,TSP-triangular-n90-g1000-4,6291.351091154335,6208,0.05320260000007693,0.05192479999823263,0.001277800001844298,0.43298569999751635,ok,1.3426399992644222,1.3426399992644222
Linear_V3,TSP-triangular-n90-g1000-3,6002.446779547074,5966,0.06276290000096196,0.05978999999933876,0.002972900001623202,0.22211000000243075,ok,0.6109081385697901,0.6109081385697901
Linear_V3,TSP-triangular-n90-g1000-5,5948.001269243311,6030,0.06387600000016391,0.061443899998266716,0.002432100001897197,0.2079177000123309,ok,-1.3598462812054548,1.3598462812054548
Linear_V3,TSP-triangular-n90-g10000-2,61565.232242193226,61981,0.05692350000026636,0.05461060000379803,0.0023128999964683317,0.14761269999144133,ok,-0.6707987251041031,0.6707987251041031
Linear_V3,TSP-triangular-n700-g10000-3,173781.5797705913,169069,0.4943708999999217,0.49294700000609737,0.0014238999938243069,7.961432399999467,ok,2.7873707010695714,2.7873707010695714
Linear_V3,TSP-triangular-n90-g10000-3,60332.98705109147,60895,0.051637999997183215,0.049453100000391714,0.0021848999967915006,0.19248489999154117,ok,-0.9229213382191152,0.9229213382191152
Linear_V3,TSP-triangular-n90-g10000-1,52670.06737464896,55385,0.11532240000087768,0.11444099999789614,0.0008814000029815361,0.18369230000826064,ok,-4.9019276434974035,4.9019276434974035
Linear_V3,TSP-triangular-n90-g10000-5,60441.85191651889,61451,0.103189299996302,0.09981519999564625,0.0033741000006557442,0.16202280001016334,ok,-1.64219961185515,1.64219961185515
Linear_V3,TSP-triangular-n90-g10000-4,60625.02148783343,59885,0.11568740000075195,0.11461820000113221,0.001069199999619741,0.22859369999787305,ok,1.2357376435391667,1.2357376435391667
Linear_V3,TSP-triangular-n700-g1000-4,16872.611214616358,16508,0.6658266999947955,0.6648035999969579,0.0010230999978375621,7.460118999995757,ok,2.2086940551027245,2.2086940551027245
Linear_V3,TSP-triangular_squeezed-n10-g1000-1,1871.7946911768106,1897,0.009980400005588308,0.008242200005042832,0.0017382000005454756,0.041447099996730685,ok,-1.32869313775379,1.32869313775379
Linear_V3,TSP-triangular-n800-g10000-2,182504.5360583588,179821,0.4112879000022076,0.4096233000018401,0.0016646000003674999,121.25551290001022,ok,1.4923374124038848,1.4923374124038848
Linear_V3,TSP-triangular-n700-g1000-3,17195.80442197281,16809,0.6900116000033449,0.6892869000002975,0.0007247000030474737,6.711527799998294,ok,2.3011745015932585,2.3011745015932585
Linear_V3,TSP-triangular_squeezed-n10-g1000-2,2561.7975957614804,2528,0.014202799997292459,0.0132685999997193,0.0009341999975731596,0.06438250000064727,ok,1.3369302120838746,1.3369302120838746
Linear_V3,TSP-triangular_squeezed-n10-g1000-4,2340.150938257898,2475,0.009880300000077114,0.00931029999628663,0.0005700000037904829,0.12400070000148844,ok,-5.448446939074833,5.448446939074833
Linear_V3,TSP-triangular_squeezed-n10-g1000-3,1917.3400416305797,2019,0.01756030000251485,0.015887900000961963,0.0016724000015528873,0.0856701000011526,ok,-5.035163861784069,5.035163861784069
Linear_V3,TSP-triangular_squeezed-n10-g1000-5,1678.0848413588533,2002,0.013792400000966154,0.013093699999444652,0.0006987000015215017,0.07593989999440964,ok,-16.179578353703633,16.179578353703633
Linear_V3,TSP-triangular_squeezed-n10-g10000-1,18936.762979101957,20571,0.015370399996754713,0.014567699996405281,0.0008027000003494322,0.03846589999739081,ok,-7.944373248252602,7.944373248252602
Linear_V3,TSP-triangular-n700-g1000-5,17324.502831567443,16781,0.6899842000057106,0.6893610000042827,0.0006232000014279038,9.37491769999906,ok,3.238798829434734,3.238798829434734
Linear_V3,TSP-triangular_squeezed-n10-g10000-3,17409.193478947753,19393,0.022263699996983632,0.0207347999967169,0.0015289000002667308,0.08767369999259245,ok,-10.22949786547851,10.22949786547851
Linear_V3,TSP-triangular_squeezed-n10-g10000-4,17016.505106398654,18120,0.014346300005854573,0.013235400001576636,0.0011109000042779371,0.03860360001272056,ok,-6.089927668881601,6.089927668881601
Linear_V3,TSP-triangular-n700-g10000-2,174394.16161703982,170555,0.6997869000042556,0.6989040999978897,0.0008828000063658692,7.9023043000051985,ok,2.250981570191328,2.250981570191328
Linear_V3,TSP-triangular_squeezed-n10-g10000-5,19981.944252639085,21801,0.018288200000824872,0.0137789000000339,0.004509300000790972,0.04223679999995511,ok,-8.343909670936723,8.343909670936723
Linear_V3,TSP-triangular-n700-g10000-4,176790.77963978733,168575,0.7012686000016402,0.7002872000011848,0.0009814000004553236,12.31795919999422,ok,4.8736643273245335,4.8736643273245335
Linear_V3,TSP-triangular_squeezed-n10-g10000-2,18641.02229071228,21839,0.03387349999684375,0.03171569999540225,0.002157800001441501,0.03964450000785291,ok,-14.6434255656748,14.6434255656748
Linear_V3,TSP-triangular-n700-g10000-5,175834.79286563626,172370,0.7098741999943741,0.7085170999998809,0.0013570999944931827,3.419658900005743,ok,2.010090425036992,2.010090425036992
Linear_V3,TSP-triangular-n800-g10000-3,183443.45171507917,177229,0.47137060000386555,0.4695745999997598,0.0017960000041057356,13.314660100004403,ok,3.506453072058842,3.506453072058842
Linear_V3,TSP-triangular-n900-g1000-1,20059.610331069285,19174,0.2965535999974236,0.29407540000102017,0.0024781999964034185,7.122879700007616,ok,4.618808444087228,4.618808444087228
Linear_V3,TSP-triangular_squeezed-n100-g1000-1,6362.561708381334,6370,0.08500150001054863,0.08403560000442667,0.0009659000061219558,1.9238444000075106,ok,-0.116770669052841,0.116770669052841
Linear_V3,TSP-triangular_squeezed-n100-g1000-2,6017.342995628559,6078,0.09047039999859408,0.0880022999990615,0.002468099999532569,0.463298799993936,ok,-0.99797637991841,0.99797637991841
Linear_V3,TSP-triangular_squeezed-n100-g1000-4,6249.741033550391,6251,0.08136109999759356,0.07871200000226963,0.0026490999953239225,0.3448382000060519,ok,-0.0201402407552237,0.0201402407552237
Linear_V3,TSP-triangular_squeezed-n100-g1000-3,5610.81961213604,5558,0.08670100000745151,0.08292250000522472,0.0037785000022267923,0.5930300000036368,ok,0.9503348711054287,0.9503348711054287
Linear_V3,TSP-triangular-n900-g1000-2,20206.625606632064,19485,0.31403050000517396,0.31150740000157384,0.0025231000036001205,104.54922740001348,ok,3.703492977326476,3.703492977326476
Linear_V3,TSP-triangular_squeezed-n100-g10000-1,57586.7657361118,57327,0.09294350000709528,0.09219440000015311,0.0007491000069421716,0.14629509999940637,ok,0.4531298273270947,0.4531298273270947
Linear_V3,TSP-triangular_squeezed-n100-g1000-5,6680.781913460985,6559,0.09969809999893187,0.09832940000342205,0.0013686999955098145,1.3573399000015343,ok,1.8567146434057842,1.8567146434057842
Linear_V3,TSP-triangular_squeezed-n100-g10000-2,56007.21173557588,55501,0.10401629999978468,0.10104329999740003,0.0029730000023846515,0.5888818000094034,ok,0.9120767834379234,0.9120767834379234
Linear_V3,TSP-triangular-n900-g1000-3,19611.327403419153,19239,0.3426456000015605,0.3414565999992192,0.001189000002341345,8.780879300000379,ok,1.9352742004218135,1.9352742004218135
Linear_V3,TSP-triangular-n900-g1000-5,19358.078303190774,18849,0.34144199999718694,0.3371435000008205,0.004298499996366445,7.954745499999262,ok,2.7008239333162187,2.7008239333162187
Linear_V3,TSP-triangular-n900-g1000-4,19674.735243583014,19240,0.3639628000019002,0.3619295000025886,0.0020332999993115664,15.13347440000507,ok,2.2595386880614052,2.2595386880614052
Linear_V3,TSP-triangular_squeezed-n100-g10000-4,64517.23328384575,62391,0.08674839999730466,0.08551639999495819,0.0012320000023464672,0.7946131000062451,ok,3.4079166608096547,3.4079166608096547
Linear_V3,TSP-triangular-n900-g10000-2,197100.22267589628,193016,0.365826700006437,0.364549400001124,0.001277300005313009,246.75419380000676,ok,2.1160021324119653,2.1160021324119653
Linear_V3,TSP-triangular_squeezed-n20-g1000-2,2643.1832639407658,2761,0.022819400001026224,0.01998259999527363,0.0028368000057525933,0.07818630000110716,ok,-4.267176242637967,4.267176242637967
Linear_V3,TSP-triangular_squeezed-n20-g1000-1,2660.6783783505725,2829,0.03252999999676831,0.029797999995935243,0.002732000000833068,0.07145800000580493,ok,-5.949862907367532,5.949862907367532
Linear_V3,TSP-triangular_squeezed-n100-g10000-3,55010.79744568082,55693,0.17494170000281883,0.1732040999995661,0.0017376000032527372,0.4897190000046976,ok,-1.224934110784439,1.224934110784439
Linear_V3,TSP-triangular_squeezed-n20-g1000-3,2845.217857539589,3077,0.018686299998080358,0.017228799995791633,0.0014575000022887252,0.09434680000413209,ok,-7.532731311680559,7.532731311680559
Linear_V3,TSP-triangular_squeezed-n20-g1000-4,2613.1495339543203,2613,0.0249206000007689,0.023596300001372583,0.0013242999993963167,0.13602070001070388,ok,0.00572269247303117,0.00572269247303117
Linear_V3,TSP-triangular_squeezed-n20-g10000-1,26008.698446182207,27243,0.020646800003305543,0.018103500005963724,0.002543299997341819,0.050989600000320934,ok,-4.530710838812881,4.530710838812881
Linear_V3,TSP-triangular_squeezed-n100-g10000-5,56688.31216840672,55078,0.16883940000116127,0.16763499999797205,0.001204400003189221,0.3728717000049073,ok,2.923693976554564,2.923693976554564
Linear_V3,TSP-triangular_squeezed-n20-g1000-5,3095.6758118454068,2964,0.03238419999979669,0.026818899998033885,0.005565300001762807,0.045012600006884895,ok,4.442503773461767,4.442503773461767
Linear_V3,TSP-triangular_squeezed-n20-g10000-2,26655.726105553706,30322,0.021783199998026248,0.018578499999421183,0.003204699998605065,0.06693089999316726,ok,-12.091134801287167,12.091134801287167
Linear_V3,TSP-triangular_squeezed-n20-g10000-3,27386.12266981502,27156,0.01802509999834001,0.015034299998660572,0.0029907999996794388,0.06239939999068156,ok,0.8474100376160714,0.8474100376160714
Linear_V3,TSP-triangular_squeezed-n20-g10000-4,26818.400072820048,26952,0.022706199997628573,0.020417200001247693,0.0022889999963808805,0.042922900000121444,ok,-0.49569578205681186,0.49569578205681186
Linear_V3,TSP-triangular_squeezed-n20-g10000-5,29672.25144047756,30839,0.025255200001993217,0.023025700000289362,0.0022295000017038547,0.07679279999865685,ok,-3.783354063109825,3.783354063109825
Linear_V3,TSP-triangular_squeezed-n200-g1000-1,8533.57563696831,8273,0.07050020000315271,0.06825550000212388,0.002244700001028832,1.203820700000506,ok,3.14971155527994,3.14971155527994
Linear_V3,TSP-triangular_squeezed-n200-g1000-2,8712.813377244433,8405,0.0784540000022389,0.07700230000045849,0.0014517000017804094,0.5720157000032486,ok,3.66226504752448,3.66226504752448
Linear_V3,TSP-triangular-n800-g10000-4,177739.8968893267,176100,0.7481741000010516,0.7467618000009679,0.0014123000000836328,4.883046899994952,ok,0.9312304879765398,0.9312304879765398
Linear_V3,TSP-triangular_squeezed-n1000-g1000-4,19383.948918464313,18919,0.25924940000550123,0.25704440000117756,0.002205000004323665,30.57855720000225,ok,2.4575766079830514,2.4575766079830514
Linear_V3,TSP-triangular-n900-g10000-1,199561.95453673557,190576,0.5832480999961263,0.5776299999997718,0.005618099996354431,3.996182000002591,ok,4.715155390361627,4.715155390361627
Linear_V3,TSP-triangular_squeezed-n200-g1000-4,9001.0719932401,8782,0.12094599999545608,0.11793149999721209,0.0030144999982439913,5.062674400003743,ok,2.4945569715338274,2.4945569715338274
Linear_V3,TSP-triangular_squeezed-n1000-g10000-3,196190.21602394534,186679,0.268321499999729,0.2660191000031773,0.002302399996551685,195.5342582000012,ok,5.094957667410548,5.094957667410548
Linear_V3,TSP-triangular_squeezed-n1000-g10000-4,203438.32150752246,192554,0.270660999995016,0.2690177999975276,0.0016431999974884093,9.200077700021211,ok,5.652607324450522,5.652607324450522
Linear_V3,TSP-triangular_squeezed-n200-g1000-5,8328.145624788498,8218,0.0939617999974871,0.09286029999930179,0.001101499998185318,0.718381099999533,ok,1.3402972108602826,1.3402972108602826
Linear_V3,TSP-triangular-n900-g10000-3,196374.95682769624,193123,0.5921710999973584,0.5913608999981079,0.0008101999992504716,9.282404400000814,ok,1.6838785787794506,1.6838785787794506
Linear_V3,TSP-triangular_squeezed-n30-g1000-1,3174.3447645954243,3301,0.04004420000273967,0.037295399997674394,0.0027488000050652772,0.05450779999955557,ok,-3.8368747471849654,3.8368747471849654
Linear_V3,TSP-triangular_squeezed-n30-g1000-2,3630.8437340665423,4110,0.026334599999245256,0.021909800001594704,0.0044247999976505525,0.04398490001040045,ok,-11.658303307383399,11.658303307383399
Linear_V3,TSP-triangular_squeezed-n200-g10000-3,84153.29740312084,83172,0.0937190000040573,0.09272150000469992,0.0009974999993573874,1.6264150999923004,ok,1.179841056029485,1.179841056029485
Linear_V3,TSP-triangular_squeezed-n1000-g10000-5,190866.53419683344,183843,0.31232460000319406,0.30691790000128094,0.005406700001913123,25.716037799982587,ok,3.820397946526895,3.820397946526895
Linear_V3,TSP-triangular-n800-g10000-5,184259.53073372017,178130,0.8293006000021705,0.8277812000014819,0.00151940000068862,205.17986219999148,ok,3.4410434703419783,3.4410434703419783
Linear_V3,TSP-triangular_squeezed-n30-g1000-3,2677.6946981715582,2876,0.043471700002555735,0.036881799998809583,0.006589900003746152,0.05725660000462085,ok,-6.89517739320034,6.89517739320034
Linear_V3,TSP-triangular_squeezed-n200-g1000-3,8970.00981475943,8935,0.19909570000163512,0.19824289999814937,0.0008528000034857541,0.7442269000021042,ok,0.3918278092829413,0.3918278092829413
Linear_V3,TSP-triangular_squeezed-n200-g10000-1,87903.54572442197,85536,0.12170769999647746,0.12052489999769023,0.0011827999987872317,3.1493176000076346,ok,2.7678938977997247,2.7678938977997247
Linear_V3,TSP-triangular_squeezed-n30-g1000-5,3415.4471412341454,3657,0.029767200001515448,0.027411800001573283,0.002355399999942165,0.10359929999685846,ok,-6.605218998245956,6.605218998245956
Linear_V3,TSP-triangular-n900-g10000-4,201325.71590335923,192941,0.6331826000023284,0.6324542000002111,0.0007284000021172687,10.341082500002813,ok,4.345740875894306,4.345740875894306
Linear_V3,TSP-triangular_squeezed-n30-g1000-4,3177.975994512977,3653,0.055586499998753425,0.049286499997833744,0.006300000000919681,0.07566170000063721,ok,-13.003668368109029,13.003668368109029
Linear_V3,TSP-triangular_squeezed-n30-g10000-2,30019.75901613908,32796,0.03378490000613965,0.032930300003499724,0.000854600002639927,0.05421800000476651,ok,-8.465181680268692,8.465181680268692
Linear_V3,TSP-triangular_squeezed-n30-g10000-5,31700.077380522463,31432,0.03541040000709472,0.03375400000368245,0.0016564000034122728,0.04266000000643544,ok,0.8528804419778044,0.8528804419778044
Linear_V3,TSP-triangular_squeezed-n30-g10000-3,30462.79364176331,32238,0.04289499999867985,0.03977899999881629,0.0031159999998635612,0.09429989999625832,ok,-5.506564793835505,5.506564793835505
Linear_V3,TSP-triangular_squeezed-n30-g10000-1,36300.09271534983,37546,0.055828000004112255,0.050275599998713005,0.0055524000053992495,0.056561000004876405,ok,-3.3183489177280485,3.3183489177280485
Linear_V3,TSP-triangular-n900-g10000-5,195464.02964541898,189489,0.653247399997781,0.6524867999978596,0.0007605999999213964,95.66667430000962,ok,3.153232982082855,3.153232982082855
Linear_V3,TSP-triangular_squeezed-n30-g10000-4,32164.265720152012,34672,0.056094699997629505,0.055491999999503605,0.0006026999981258996,0.0794954000011785,ok,-7.232736155537574,7.232736155537574
Linear_V3,TSP-triangular_squeezed-n40-g1000-1,3897.8698199249015,4071,0.02103519999946002,0.020339000002422836,0.0006961999970371835,0.07142190000740811,ok,-4.252767872146855,4.252767872146855
Linear_V3,TSP-triangular_squeezed-n200-g10000-5,88452.77597549888,86666,0.16297149999445537,0.16198499999882188,0.0009864999956334941,1.1494477999949595,ok,2.061680446194448,2.061680446194448
Linear_V3,TSP-triangular_squeezed-n200-g10000-4,89659.85117347333,87478,0.19931119999819202,0.19669649999559624,0.0026147000025957823,6.015568800008623,ok,2.494171304183147,2.494171304183147
Linear_V3,TSP-triangular_squeezed-n40-g1000-2,2984.3259942323434,3166,0.04383469999447698,0.039864999998826534,0.003969699995650444,0.10236850001092535,ok,-5.7382819256998285,5.7382819256998285
Linear_V3,TSP-triangular_squeezed-n300-g1000-2,9574.952933562347,9476,0.12215270000160672,0.11648910000076285,0.005663600000843871,0.9884526999958325,ok,1.0442479269981693,1.0442479269981693
Linear_V3,TSP-triangular_squeezed-n300-g1000-3,10653.661706627623,10429,0.09861719999753404,0.09773309999582125,0.0008841000017127953,2.1763068000000203,ok,2.1542018086837,2.1542018086837
Linear_V3,TSP-triangular_squeezed-n300-g10000-2,106655.03816076995,104015,0.096774199999345,0.09449419999873498,0.0022800000006100163,2.969500200008042,ok,2.53813215475648,2.53813215475648
Linear_V3,TSP-triangular_squeezed-n40-g1000-3,3108.9648762751012,3194,0.050970099997357465,0.04956809999566758,0.0014020000016898848,0.12865769999916665,ok,-2.6623395029711574,2.6623395029711574
Linear_V3,TSP-triangular_squeezed-n300-g10000-1,107658.0394492121,104360,0.11456980000366457,0.11246660000324482,0.002103200000419747,3.4674130999919726,ok,3.160252442709944,3.160252442709944
Linear_V3,TSP-triangular_squeezed-n300-g10000-4,105746.938759819,102245,0.10760550000122748,0.1056592000022647,0.001946299998962786,2.857580700001563,ok,3.425046466642861,3.425046466642861
Linear_V3,TSP-triangular_squeezed-n200-g10000-2,87721.57646739617,85045,0.2732188000009046,0.26888319999852683,0.00433560000237776,1.6126064999989467,ok,3.147247301306564,3.147247301306564
Linear_V3,TSP-triangular_squeezed-n300-g10000-3,104693.1491886239,103942,0.11252280000189785,0.11087989999941783,0.0016429000024800189,1.9622209999943152,ok,0.7226618581746499,0.7226618581746499
Linear_V3,TSP-triangular_squeezed-n40-g10000-2,40524.25669648645,41114,0.02833999999711523,0.02668909999920288,0.0016508999979123473,0.11786309999297373,ok,-1.4344099419019003,1.4344099419019003
Linear_V3,TSP-triangular_squeezed-n40-g10000-3,30792.52112872398,30535,0.04027269999642158,0.036436000002140645,0.0038366999942809343,0.11017849999188911,ok,0.8433637750908135,0.8433637750908135
Linear_V3,TSP-triangular_squeezed-n40-g1000-4,3547.0144821692234,3546,0.06978350000281353,0.06489570000121603,0.004887800001597498,0.054134999998495914,ok,0.028609198229649076,0.028609198229649076
Linear_V3,TSP-triangular_squeezed-n40-g10000-1,38641.24360111255,40258,0.04190879999805475,0.03520890000072541,0.006699899997329339,0.1326686999964295,ok,-4.015987875422161,4.015987875422161
Linear_V3,TSP-triangular_squeezed-n40-g10000-5,38909.07241698953,39274,0.03168629998981487,0.02989059999526944,0.00179569999454543,0.15880609999294393,ok,-0.9291836406031142,0.9291836406031142
Linear_V3,TSP-triangular_squeezed-n40-g1000-5,3294.8513169527264,3350,0.06639079999149544,0.06560179999360116,0.0007889999978942797,0.08958040000288747,ok,-1.6462293446947347,1.6462293446947347
Linear_V3,TSP-triangular_squeezed-n40-g10000-4,38916.36928240671,40547,0.060060299998440314,0.056755599995085504,0.00330470000335481,0.15058260000660084,ok,-4.021581664718201,4.021581664718201
Linear_V3,TSP-triangular_squeezed-n300-g1000-4,11124.02343607824,10854,0.2024795999896014,0.20059519999631448,0.0018843999932869337,1.9851769000088098,ok,2.4877781101735734,2.4877781101735734
Linear_V3,TSP-triangular_squeezed-n300-g1000-5,10726.329084908739,10394,0.21356920000107493,0.2119682999982615,0.0016009000028134324,3.329705099997227,ok,3.1973165759932547,3.1973165759932547
Linear_V3,TSP-triangular_squeezed-n5-g1000-1,903.068544638338,1005,0.012918899992655497,0.011423799995100126,0.0014950999975553714,0.1149547000095481,ok,-10.142433369319598,10.142433369319598
Linear_V3,TSP-triangular_squeezed-n5-g1000-2,1520.0287125978066,1736,0.009540699997160118,0.008152999995218124,0.0013877000019419938,0.044669800001429394,ok,-12.4407423618775,12.4407423618775
Linear_V3,TSP-triangular_squeezed-n400-g1000-3,11553.097044054346,11097,0.11084629999822937,0.1094706000003498,0.0013756999978795648,15.151830400005565,ok,4.110093214872002,4.110093214872002
Linear_V3,TSP-triangular_squeezed-n5-g1000-3,1495.4082356475872,1730,0.021769300001324154,0.016874300003109965,0.004894999998214189,0.041604300000471994,ok,-13.56021759262502,13.56021759262502
Linear_V3,TSP-triangular_squeezed-n5-g1000-4,1336.2129457975834,1571,0.014904400006344076,0.01416810000227997,0.0007363000040641055,0.04405820000101812,ok,-14.945070286595582,14.945070286595582
Linear_V3,TSP-triangular_squeezed-n300-g10000-5,105552.12381182477,103601,0.23475639999378473,0.23369309999543475,0.0010632999983499758,4.239763400008087,ok,1.8833059640590062,1.8833059640590062
Linear_V3,TSP-triangular_squeezed-n5-g10000-2,13045.573963593251,15577,0.014503400001558475,0.010748900000180583,0.0037545000013778917,0.15544789998966735,ok,-16.251049858167484,16.251049858167484
Linear_V3,TSP-triangular_squeezed-n5-g1000-5,1374.8649748134346,1465,0.013838899998518173,0.011808399998699315,0.0020304999998188578,0.03954310000699479,ok,-6.152561446181936,6.152561446181936
Linear_V3,TSP-triangular_squeezed-n5-g10000-1,12932.69697742099,14790,0.019352700001036283,0.017217199994775,0.0021355000062612817,0.1614218000031542,ok,-12.55782976726849,12.55782976726849
Linear_V3,TSP-triangular_squeezed-n5-g10000-3,12476.181876753542,13942,0.017445899997255765,0.016262199998891447,0.0011836999983643182,0.1289604000048712,ok,-10.51368615153104,10.51368615153104
Linear_V3,TSP-triangular_squeezed-n5-g10000-5,10881.80137322781,12424,0.011221000000659842,0.010364599998865742,0.0008564000017940998,0.2615675000124611,ok,-12.413060421540482,12.413060421540482
Linear_V3,TSP-triangular_squeezed-n1000-g1000-5,19965.862248595688,18657,0.6979567999951541,0.6926500999979908,0.005306699997163378,18.499614100001054,ok,7.015395018468605,7.015395018468605
Linear_V3,TSP-triangular_squeezed-n5-g10000-4,15207.368430205146,17151,0.020914799999445677,0.018123299996659625,0.0027915000027860515,0.1389155000069877,ok,-11.332467901550078,11.332467901550078
Linear_V3,TSP-triangular_squeezed-n400-g1000-1,12027.39155788286,11566,0.1643151999960537,0.1620115999976406,0.0023035999984131195,2.148988000000827,ok,3.9892059301647937,3.9892059301647937
Linear_V3,TSP-triangular_squeezed-n400-g1000-4,11977.16137519779,11632,0.17911729999468662,0.17550520000077086,0.0036120999939157628,2.573381000009249,ok,2.9673433218516965,2.9673433218516965
Linear_V3,TSP-triangular_squeezed-n50-g1000-3,4164.843637414646,4391,0.03921559999434976,0.037026199999672826,0.0021893999946769327,0.2014558999944711,ok,-5.150452347650971,5.150452347650971
Linear_V3,TSP-triangular_squeezed-n50-g10000-1,43496.43892689933,45145,0.03292389999842271,0.031212199995934498,0.0017117000024882145,0.30764210000052117,ok,-3.651702454536864,3.651702454536864
Linear_V3,TSP-triangular_squeezed-n400-g1000-5,12763.768454562454,12301,0.17189450000296347,0.16744550000294112,0.004449000000022352,11.604324899992207,ok,3.762039302190507,3.762039302190507
Linear_V3,TSP-triangular_squeezed-n400-g10000-2,126547.27396979523,123739,0.17570580000028713,0.1740434000021196,0.0016623999981675297,4.210296199991717,ok,2.269514033405179,2.269514033405179
Linear_V3,TSP-triangular_squeezed-n400-g10000-3,124229.23768674998,118302,0.18136019999656128,0.17879679999896325,0.002563399997598026,3.261077400005888,ok,5.010259916780768,5.010259916780768
Linear_V3,TSP-triangular_squeezed-n50-g1000-1,3833.2273420489737,4000,0.07926590000715805,0.0772207000045455,0.002045200002612546,0.06893819999822881,ok,-4.169316448775658,4.169316448775658
Linear_V3,TSP-triangular_squeezed-n50-g1000-2,3800.2614620392806,4036,0.08427549999760231,0.08271679999597836,0.0015587000016239472,0.12124120000225957,ok,-5.840895390503455,5.840895390503455
Linear_V3,TSP-triangular_squeezed-n300-g1000-1,10798.209097622266,10549,0.3830946000016411,0.3811587000018335,0.0019358999998075888,3.096262299994123,ok,2.3623954651840573,2.3623954651840573
Linear_V3,TSP-triangular_squeezed-n50-g10000-5,45932.576504501216,47487,0.04131670000060694,0.030232100005378015,0.011084599995228928,0.22066249999625143,ok,-3.273366385534534,3.273366385534534
Linear_V3,TSP-triangular_squeezed-n50-g10000-3,39914.10290491166,41134,0.045112100007827394,0.03946220000216272,0.005649900005664676,0.14792210000450723,ok,-2.965666103681474,2.965666103681474
Linear_V3,TSP-triangular_squeezed-n50-g10000-4,40724.16580553308,40678,0.03661429999920074,0.03181610000319779,0.00479819999600295,0.08448569999018218,ok,0.11349084402644481,0.11349084402644481
Linear_V3,TSP-triangular_squeezed-n50-g1000-4,4449.786744911121,4340,0.0810051999942516,0.07969539999612607,0.001309799998125527,0.11112700001103804,ok,2.529648500256241,2.529648500256241
Linear_V3,TSP-triangular_squeezed-n50-g10000-2,43704.48114928732,47284,0.05484739999519661,0.04626309999730438,0.00858429999789223,0.19068099999276455,ok,-7.570253892886981,7.570253892886981
Linear_V3,TSP-triangular_squeezed-n50-g1000-5,4394.377931931676,4665,0.1024978000059491,0.1007205000059912,0.0017772999999579042,0.050365100003546104,ok,-5.801116142943701,5.801116142943701
Linear_V3,TSP-triangular_squeezed-n400-g10000-1,121495.18224630691,115579,0.2808260999954655,0.2794635999962338,0.0013624999992316589,11.575960599991959,ok,5.118734585268008,5.118734585268008
Linear_V3,TSP-triangular_squeezed-n60-g1000-1,4757.029827371027,4927,0.04622219999146182,0.045132299994293135,0.0010898999971686862,0.10343590000411496,ok,-3.449770095980783,3.449770095980783
Linear_V3,TSP-triangular_squeezed-n400-g10000-5,123419.24956914563,117853,0.27493260000483133,0.27383280000503873,0.0010997999997925945,8.34035969999968,ok,4.723044444473732,4.723044444473732
Linear_V3,TSP-triangular_squeezed-n60-g1000-2,4938.833647016642,4988,0.03224620000401046,0.03078310000273632,0.0014631000012741424,0.12317459999758285,ok,-0.9856927222004347,0.9856927222004347
Linear_V3,TSP-triangular_squeezed-n60-g1000-3,4546.434949173423,4705,0.04734029999963241,0.045870299996749964,0.0014700000028824434,0.20091440000396688,ok,-3.370139231170609,3.370139231170609
Linear_V3,TSP-triangular_squeezed-n400-g1000-2,12061.415494097317,11795,0.3807121999998344,0.37977669999963837,0.0009355000001960434,3.4248132000066107,ok,2.258715507395648,2.258715507395648
Linear_V3,TSP-triangular_squeezed-n500-g1000-1,13606.395017965111,12976,0.1717372999919462,0.157876799996302,0.013860499995644204,4.176170699996874,ok,4.858161359163926,4.858161359163926
Linear_V3,TSP-triangular_squeezed-n60-g1000-4,3871.0560807544243,3937,0.05186709999543382,0.04522989999532001,0.006637200000113808,0.08655520000320394,ok,-1.6749788987954195,1.6749788987954195
Linear_V3,TSP-triangular_squeezed-n500-g10000-5,139327.65267481242,134572,0.14102160000038566,0.13679189999675145,0.004229700003634207,8.393230200003018,ok,3.533909486975311,3.533909486975311
Linear_V3,TSP-triangular_squeezed-n500-g1000-2,13537.372308226579,13213,0.18553529999189777,0.18258999999670777,0.0029452999951899983,9.156030000012834,ok,2.4549482193792382,2.4549482193792382
Linear_V3,TSP-triangular_squeezed-n60-g1000-5,4371.113571273111,4560,0.06462630000169156,0.06168069999694126,0.002945600004750304,0.1411740000039572,ok,-4.142246244010721,4.142246244010721
Linear_V3,TSP-triangular_squeezed-n500-g10000-1,132844.25088974476,128551,0.1689639999967767,0.1644354000018211,0.004528599994955584,3.8015035999997053,ok,3.3397257817868042,3.3397257817868042
Linear_V3,TSP-triangular_squeezed-n500-g10000-2,138077.64673650693,132065,0.17209439998987364,0.16617439999390626,0.005919999995967373,5.237735700007761,ok,4.552793500554216,4.552793500554216
Linear_V3,TSP-triangular_squeezed-n60-g10000-3,47002.399186535426,48640,0.043041299999458715,0.03980310000042664,0.0032381999990320764,0.21198480000020936,ok,-3.3667779882084177,3.3667779882084177
Linear_V3,TSP-triangular_squeezed-n500-g10000-3,132442.08509603565,128694,0.18592309999803547,0.18458839999948395,0.001334699998551514,3.290362300002016,ok,2.912400808146182,2.912400808146182
Linear_V3,TSP-triangular_squeezed-n60-g10000-5,49332.19635591414,48920,0.04232839999895077,0.038894299999810755,0.0034340999991400167,0.259095300003537,ok,0.8425927144606231,0.8425927144606231
Linear_V3,TSP-triangular_squeezed-n400-g10000-4,126250.46337760234,122112,0.4213098999898648,0.41852689999359427,0.0027829999962705187,6.0863949000049615,ok,3.389071817349925,3.389071817349925
Linear_V3,TSP-triangular_squeezed-n60-g10000-2,47623.48048381744,49909,0.09465569999883883,0.09136059999582358,0.00329510000301525,0.4993490000051679,ok,-4.579373492120783,4.579373492120783
Linear_V3,TSP-triangular_squeezed-n60-g10000-1,52791.313021901464,54011,0.10737389999849256,0.10570419999567093,0.001669700002821628,0.5430014999874402,ok,-2.25821958137886,2.25821958137886
Linear_V3,TSP-triangular_squeezed-n60-g10000-4,48087.79536976377,49512,0.10339480000402546,0.09906840000621742,0.004326399997808039,0.19438950000039767,ok,-2.8764837417923506,2.8764837417923506
Linear_V3,TSP-triangular_squeezed-n1000-g10000-1,197887.16562204176,187045,1.0462700999923982,1.044172299996717,0.002097799995681271,984.6872779999976,ok,5.796554637676369,5.796554637676369
Linear_V3,TSP-triangular_squeezed-n1000-g1000-1,19955.414126308657,18666,1.076338200000464,1.0749039000002085,0.0014343000002554618,12.057960800011642,ok,6.907822384595826,6.907822384595826
Linear_V3,TSP-triangular_squeezed-n1000-g1000-2,18620.992724246455,17963,1.0826696999938576,1.0819036999964737,0.0007659999973839149,10.483574899990344,ok,3.66304472664062,3.66304472664062
Linear_V3,TSP-triangular_squeezed-n1000-g1000-3,19629.87021698074,18624,1.0780206999988877,1.0771193999971729,0.0009013000017148443,22.387657400002354,ok,5.400935443410332,5.400935443410332
Linear_V3,TSP-triangular_squeezed-n500-g1000-4,13629.498906642097,13202,0.30453220000345027,0.3032913999995799,0.0012408000038703904,4.578208999999333,ok,3.238137453735015,3.238137453735015
Linear_V3,TSP-triangular_squeezed-n70-g1000-1,4695.164990870224,4695,0.06828050000331132,0.06542630000330973,0.0028542000000015832,0.18713489999936428,ok,0.0035141825393790473,0.0035141825393790473
Linear_V3,TSP-triangular_squeezed-n500-g1000-3,12976.546854994653,12653,0.3345314000034705,0.3258592000056524,0.008672199997818097,8.055051900009857,ok,2.557076226939482,2.557076226939482
Linear_V3,TSP-triangular_squeezed-n1000-g10000-2,195560.7995144575,185473,1.1008857000051648,1.0999469000016688,0.0009388000034959987,18.66497129999334,ok,5.4389585084931475,5.4389585084931475
Linear_V3,TSP-triangular_squeezed-n500-g10000-4,138809.4861277533,135814,0.32387860000744695,0.3220923000044422,0.001786300003004726,4.650067100010347,ok,2.2055797839348705,2.2055797839348705
Linear_V3,TSP-triangular_squeezed-n70-g1000-2,4876.773183161497,5077,0.07887879999907454,0.0779668999966816,0.0009119000023929402,0.10287899999821093,ok,-3.943801789216124,3.943801789216124
Linear_V3,TSP-triangular_squeezed-n70-g1000-3,5136.349539948695,5198,0.07573499999853084,0.07505780000064988,0.0006771999978809617,0.1862152999965474,ok,-1.1860419401944082,1.1860419401944082
Linear_V3,TSP-triangular_squeezed-n70-g1000-5,5551.903294996452,5438,0.07013809999625664,0.06906969999545254,0.001068400000804104,0.09762010000122245,ok,2.0945806361980903,2.0945806361980903
Linear_V3,TSP-triangular_squeezed-n70-g1000-4,5055.838634557495,5294,0.08199880000029225,0.07948759999999311,0.002511200000299141,0.1607944999996107,ok,-4.498703540659323,4.498703540659323
Linear_V3,TSP-triangular_squeezed-n70-g10000-1,52745.54155565952,51586,0.07147889999760082,0.06848080000054324,0.0029980999970575795,0.4345132000016747,ok,2.247783421198616,2.247783421198616
Linear_V3,TSP-triangular_squeezed-n70-g10000-3,44943.02478065087,45693,0.058930599996529054,0.05684849999670405,0.0020820999998250045,0.07822229999874253,ok,-1.6413350389537336,1.6413350389537336
Linear_V3,TSP-triangular_squeezed-n70-g10000-2,52267.99695285042,52783,0.0577601000040886,0.05674410000210628,0.00101600000198232,0.39020280000113416,ok,-0.9756987044116049,0.9756987044116049
Linear_V3,TSP-triangular_squeezed-n70-g10000-4,52994.6926059464,54129,0.07333199999993667,0.0722855999993044,0.001046400000632275,0.3565027999866288,ok,-2.0955631806491857,2.0955631806491857
Linear_V3,TSP-triangular_squeezed-n70-g10000-5,47832.63641450615,49387,0.07993929999793181,0.07839409999724012,0.0015452000006916933,0.3081848000001628,ok,-3.1473132312022347,3.1473132312022347
Linear_V3,TSP-triangular_squeezed-n500-g1000-5,13617.80160444036,13013,0.45143580000149086,0.4506970000002184,0.000738800001272466,6.935657699999865,ok,4.6476723617948155,4.6476723617948155
Linear_V3,TSP-triangular_squeezed-n600-g1000-1,14624.222676003381,14025,0.30205309999291785,0.300773199996911,0.0012798999960068613,4.250032899988582,ok,4.272532449221967,4.272532449221967
Linear_V3,TSP-triangular_squeezed-n600-g1000-3,14812.73152171918,14142,0.32186439999350114,0.31894919999467675,0.0029151999988243915,10.292281900008675,ok,4.742833557623963,4.742833557623963
Linear_V3,TSP-triangular_squeezed-n600-g1000-4,15528.154872837958,14778,0.30928880000283243,0.307754900000873,0.0015339000019594096,5.911656199998106,ok,5.0761596483824505,5.0761596483824505
Linear_V3,TSP-triangular_squeezed-n8-g1000-1,1644.2916676407647,1869,0.02494940000178758,0.02311339999869233,0.0018360000030952506,0.28943179998896085,ok,-12.022917729226073,12.022917729226073
Linear_V3,TSP-triangular_squeezed-n600-g10000-1,150161.16329824633,142978,0.3108265999981086,0.30881419999786885,0.0020124000002397224,9.704406899996684,ok,5.023964035198656,5.023964035198656
Linear_V3,TSP-triangular_squeezed-n600-g1000-2,14792.979680362794,14132,0.3458381999953417,0.3415236999935587,0.004314500001783017,6.548584899996058,ok,4.677184265233471,4.677184265233471
Linear_V3,TSP-triangular_squeezed-n600-g1000-5,15237.059885163302,14723,0.3309832000013557,0.32914809999783756,0.0018351000035181642,5.891517099997145,ok,3.49154306298514,3.49154306298514
Linear_V3,TSP-triangular_squeezed-n8-g1000-2,1771.944287982407,2193,0.01674990000174148,0.01504199999908451,0.0017079000026569702,0.29304819999379106,ok,-19.199986868107292,19.199986868107292
Linear_V3,TSP-triangular_squeezed-n8-g1000-3,1716.341095477467,1906,0.025737800002389122,0.022432899997511413,0.003304900004877709,0.15394329999980982,ok,-9.950624581455038,9.950624581455038
Linear_V3,TSP-triangular_squeezed-n8-g1000-4,1300.5930503315685,1531,0.021967000000586268,0.020598600000084843,0.001368400000501424,0.09884930000407621,ok,-15.04944151981917,15.04944151981917
Linear_V3,TSP-triangular_squeezed-n8-g1000-5,1253.2331577054906,1329,0.021273699996527284,0.019118199998047203,0.0021554999984800816,0.05070159999013413,ok,-5.701041557148938,5.701041557148938
Linear_V3,TSP-triangular_squeezed-n8-g10000-1,11781.694664308858,13689,0.02287199999409495,0.02159859999665059,0.0012733999974443577,0.7745091999968281,ok,-13.93312393667282,13.93312393667282
Linear_V3,TSP-triangular_squeezed-n8-g10000-2,18017.689011015158,18711,0.02610870000353316,0.022825600004580338,0.003283099998952821,0.6426394000009168,ok,-3.7053657687180905,3.7053657687180905
Linear_V3,TSP-triangular_squeezed-n8-g10000-5,12821.249357214652,16163,0.013445100004901178,0.01232259999960661,0.0011225000052945688,1.106349699999555,ok,-20.675311778663293,20.675311778663293
Linear_V3,TSP-triangular_squeezed-n8-g10000-4,15424.371408161245,18789,0.020286300001316704,0.018488800000341143,0.0017975000009755604,0.40850409999256954,ok,-17.90743835136918,17.90743835136918
Linear_V3,TSP-triangular_squeezed-n8-g10000-3,18991.870881849172,20966,0.028987199999392033,0.025519800001347903,0.0034673999980441295,0.38000520000059623,ok,-9.415859573360812,9.415859573360812
Linear_V3,TSP-triangular_squeezed-n600-g10000-2,153562.7568672365,148275,0.3692827999984729,0.3674570000002859,0.0018257999981869943,5.382003899998381,ok,3.5661823417545016,3.5661823417545016
Linear_V3,TSP-triangular_squeezed-n600-g10000-5,153397.75681015544,146602,0.34334310000849655,0.34223410000413423,0.001109000004362315,4.068215899998904,ok,4.635514392815538,4.635514392815538
Linear_V3,TSP-triangular_squeezed-n80-g1000-1,5338.803333640499,5534,0.05861399999412242,0.057611799995356705,0.0010021999987657182,0.22798370000964496,ok,-3.527225629915093,3.527225629915093
Linear_V3,TSP-triangular_squeezed-n80-g1000-3,4943.7355826517705,4910,0.05939330000546761,0.05560930000501685,0.00378400000045076,0.38658080001187045,ok,0.687079076410805,0.687079076410805
Linear_V3,TSP-triangular_squeezed-n80-g1000-2,4952.826940002724,5018,0.06362020000233315,0.06056720000196947,0.0030530000003636815,0.16148429999884684,ok,-1.2987855718867305,1.2987855718867305
Linear_V3,TSP-triangular_squeezed-n80-g1000-5,5295.923254467493,5439,0.054494700001669116,0.05272300000069663,0.001771700000972487,0.5663825999945402,ok,-2.630570794861311,2.630570794861311
Linear_V3,TSP-triangular_squeezed-n80-g10000-1,51878.35442400262,52172,0.06580419999954756,0.06437849999929313,0.0014257000002544373,0.410881400006474,ok,-0.5628413248435622,0.5628413248435622
Linear_V3,TSP-triangular_squeezed-n80-g10000-2,52362.40037895489,52258,0.052098100000876,0.0505397000015364,0.0015583999993395992,0.20188670000061393,ok,0.19977874957879724,0.19977874957879724
Linear_V3,TSP-triangular_squeezed-n80-g1000-4,5222.410700012666,5264,0.08290359999227803,0.08133579999412177,0.0015677999981562607,0.19475559999409597,ok,-0.7900702885131842,0.7900702885131842
Linear_V3,TSP-triangular_squeezed-n80-g10000-3,50063.07155999354,50981,0.06660039999405853,0.06508809999650111,0.0015122999975574203,0.5635174000053667,ok,-1.800530472149344,1.800530472149344
Linear_V3,TSP-triangular_squeezed-n80-g10000-4,49571.3925771918,51423,0.06352430000697495,0.06206100000417791,0.001463300002797041,0.1063228999992134,ok,-3.6007378465048707,3.6007378465048707
Linear_V3,TSP-triangular_squeezed-n80-g10000-5,51116.86656358364,51885,0.06780350000190083,0.06389610000042012,0.00390740000148071,0.1540411000023596,ok,-1.4804537658598114,1.4804537658598114
Linear_V3,TSP-triangular_squeezed-n600-g10000-3,154647.1060795211,149390,0.5195167000056244,0.5185822999992524,0.0009344000063720159,7.592899499999476,ok,3.519048182288703,3.519048182288703
Linear_V3,TSP-triangular_squeezed-n700-g1000-5,16195.721148834242,15759,0.37338039999303874,0.36787669999466743,0.005503699998371303,27.610527400000137,ok,2.771249120085296,2.771249120085296
Linear_V3,TSP-triangular_squeezed-n600-g10000-4,147499.386457753,143546,0.5102663999932702,0.5086164999956964,0.0016498999975738116,3.1173906000040006,ok,2.7540902970148866,2.7540902970148866
Linear_V3,TSP-triangular_squeezed-n700-g10000-1,160432.7753897776,154454,0.36490839999896707,0.3583526000002166,0.0065557999987504445,3.779505699989386,ok,3.870910037796116,3.870910037796116
Linear_V3,TSP-triangular_squeezed-n700-g10000-2,167944.25071551514,158755,0.40230919999885373,0.4007941999952891,0.0015150000035646372,77.34696119998989,ok,5.788322078369274,5.788322078369274
Linear_V3,TSP-triangular_squeezed-n90-g1000-2,5933.2904865390465,5900,0.0453341000029468,0.04397670000616927,0.0013573999967775308,0.27679789999092463,ok,0.5642455345601096,0.5642455345601096
Linear_V3,TSP-triangular_squeezed-n700-g10000-4,159315.93800735765,151942,0.3890464000069187,0.38783040000271285,0.0012160000042058527,8.177723799977684,ok,4.853126855877668,4.853126855877668
Linear_V3,TSP-triangular_squeezed-n90-g1000-1,5654.603894538827,5892,0.06672260000050301,0.06582809999963501,0.0008945000008679926,0.19906369999807794,ok,-4.029126026157039,4.029126026157039
Linear_V3,TSP-triangular_squeezed-n90-g1000-3,5762.874885689888,5890,0.049415800007409416,0.04838610000297194,0.0010297000044374727,0.35045650000392925,ok,-2.158321125808348,2.158321125808348
Linear_V3,TSP-triangular_squeezed-n700-g1000-2,16533.074971419665,15828,0.5111118999993778,0.5099479999989853,0.0011639000003924593,4.800051099999109,ok,4.454605581372659,4.454605581372659
Linear_V3,TSP-triangular_squeezed-n90-g1000-4,6164.558353760152,6073,0.05819310000515543,0.057069300004513934,0.001123800000641495,0.28692660000524484,ok,1.5076297342360019,1.5076297342360019
Linear_V3,TSP-triangular_squeezed-n90-g1000-5,5391.199167658379,5270,0.060850800000480376,0.06001749999995809,0.0008333000005222857,0.09457980000297539,ok,2.2997944527206706,2.2997944527206706
Linear_V3,TSP-triangular_squeezed-n700-g1000-1,16004.68856152349,15292,0.5331682000032743,0.5317664999965928,0.0014017000066814944,3.576170100001036,ok,4.660532052860905,4.660532052860905
Linear_V3,TSP-triangular_squeezed-n90-g10000-1,61335.426440908755,61387,0.0615951999934623,0.06072029999631923,0.0008748999971430749,0.9552382999972906,ok,-0.08401381251933558,0.08401381251933558
Linear_V3,TSP-triangular_squeezed-n700-g1000-3,15963.38068062229,15296,0.547003699997731,0.5458937999937916,0.0011099000039394014,6.164405899995472,ok,4.363105914110155,4.363105914110155
Linear_V3,TSP-triangular_squeezed-n700-g1000-4,16159.740575483604,15386,0.545531799994933,0.5442617000007886,0.0012700999941444024,6.1929145000030985,ok,5.028861143140541,5.028861143140541
Linear_V3,TSP-triangular_squeezed-n90-g10000-2,56432.89703899772,56467,0.079783100001805,0.07708029999776045,0.0027028000040445477,0.5172821000014665,ok,-0.060394497675246635,0.060394497675246635
Linear_V3,TSP-triangular_squeezed-n700-g10000-3,161781.03085325164,153174,0.5349047999989125,0.5336377999992692,0.0012669999996433035,6.461945300005027,ok,5.619119989849215,5.619119989849215
Linear_V3,TSP-triangular_squeezed-n90-g10000-5,56681.41196466658,58355,0.06390339999779826,0.06269479999900796,0.001208599998790305,0.4609316999994917,ok,-2.8679428246652754,2.8679428246652754
Linear_V3,TSP-triangular_squeezed-n90-g10000-3,56829.64463654622,55736,0.09755450000375276,0.09654740000405582,0.0010070999996969476,0.19184210000094026,ok,1.9621871618814017,1.9621871618814017
Linear_V3,TSP-triangular_squeezed-n90-g10000-4,55629.82182563094,54791,0.0855920000030892,0.08078560000285506,0.0048064000002341345,0.2518701999943005,ok,1.5309481951980088,1.5309481951980088
Linear_V3,TSP-triangular_squeezed-n700-g10000-5,162565.05481696842,156967,0.5655990999948699,0.5643736999991233,0.0012253999957465567,7.553382500016596,ok,3.5663896341067987,3.5663896341067987
Linear_V3,TSP-triangular_squeezed-n800-g10000-1,175980.41094841916,167694,0.35109790000569774,0.3480087000061758,0.003089199999521952,5.477633699993021,ok,4.941387854317482,4.941387854317482
Linear_V3,TSP-triangular_squeezed-n800-g1000-1,18186.19519892774,17291,0.4036063000021386,0.40241360000072746,0.00119270000141114,5.916690199999721,ok,5.177232079855072,5.177232079855072
Linear_V3,TSP-truncated_exponential-n10-g1000-1,3097.738305936279,3160,0.022544399995240383,0.01951109999936307,0.0030332999958773144,0.04464429999643471,ok,-1.9703067741683806,1.9703067741683806
Linear_V3,TSP-truncated_exponential-n10-g1000-2,2792.6682663945594,2913,0.017954799994186033,0.01569770000060089,0.0022570999935851432,0.04415339999832213,ok,-4.13085250962721,4.13085250962721
Linear_V3,TSP-triangular_squeezed-n800-g1000-4,17371.3658653354,16411,0.418790200004878,0.4170945000005304,0.0016957000043476,63.4398724000057,ok,5.8519643247541255,5.8519643247541255
Linear_V3,TSP-truncated_exponential-n10-g1000-4,2619.8767810149698,2703,0.01816539999708766,0.015807799994945526,0.002357600002142135,0.09959169999638107,ok,-3.0752208281550217,3.0752208281550217
Linear_V3,TSP-truncated_exponential-n10-g1000-3,2528.2070287201536,3017,0.025211700005456805,0.02378560000215657,0.0014261000033002347,0.036336899996967986,ok,-16.201291722898453,16.201291722898453
Linear_V3,TSP-triangular_squeezed-n800-g1000-3,16942.929330723997,16391,0.4464600999999675,0.4441767999960575,0.0022833000039099716,17.15635299999849,ok,3.367270640741851,3.367270640741851
Linear_V3,TSP-truncated_exponential-n10-g10000-1,25174.300637412285,31333,0.017818600004829932,0.016823000005388167,0.0009955999994417652,0.04268640000373125,ok,-19.655632600094837,19.655632600094837
Linear_V3,TSP-truncated_exponential-n10-g1000-5,2531.8013649789227,2813,0.026054999994812533,0.02519419999589445,0.0008607999989180826,0.0824713000038173,ok,-9.996396552473419,9.996396552473419
Linear_V3,TSP-triangular_squeezed-n800-g1000-2,17638.70376704359,16845,0.4768590000021504,0.4753664000018034,0.0014926000003470108,9.886756499996409,ok,4.711806275117776,4.711806275117776
Linear_V3,TSP-truncated_exponential-n10-g10000-2,21812.033565288704,22602,0.029669299998204224,0.0285645999974804,0.001104700000723824,0.04130160000931937,ok,-3.4951173998376066,3.4951173998376066
Linear_V3,TSP-truncated_exponential-n10-g10000-3,22263.583270291983,24455,0.021428599997307174,0.019607900001574308,0.0018206999957328662,0.040986899999552406,ok,-8.961017091425134,8.961017091425134
Linear_V3,TSP-triangular_squeezed-n800-g1000-5,17915.263693841323,17108,0.4685310999993817,0.46663429999898653,0.0018968000003951602,3.843645800006925,ok,4.718632767368034,4.718632767368034
Linear_V3,TSP-truncated_exponential-n10-g10000-5,26850.169864206346,29806,0.02839249999669846,0.026371799998742063,0.002020699997956399,0.04128740000305697,ok,-9.91689638258624,9.91689638258624
Linear_V3,TSP-truncated_exponential-n10-g10000-4,23853.98253227976,24968,0.035572400003729854,0.03437770000164164,0.0011947000020882115,0.04577689999132417,ok,-4.4617809504976025,4.4617809504976025
Linear_V3,TSP-triangular_squeezed-n800-g10000-2,169147.32218117526,162307,0.4628378999987035,0.4614011999947252,0.0014367000039783306,4.828040399996098,ok,4.214434485989673,4.214434485989673
Linear_V3,TSP-triangular_squeezed-n800-g10000-3,175338.7207568072,168213,0.4664301999946474,0.4629999999961001,0.003430199998547323,6.421485900005791,ok,4.236129643254202,4.236129643254202
Linear_V3,TSP-truncated_exponential-n100-g1000-2,7020.840403061524,7086,0.06571519999852171,0.06453029999829596,0.0011849000002257526,0.19410179999249522,ok,-0.9195540070346623,0.9195540070346623
Linear_V3,TSP-triangular_squeezed-n800-g10000-5,170894.72193010477,163722,0.42549820000567706,0.42366000000038184,0.0018382000052952208,6.88886600000842,ok,4.381037325530334,4.381037325530334
Linear_V3,TSP-truncated_exponential-n100-g1000-4,7737.992460576525,7405,0.06693329999689013,0.0650413999974262,0.0018918999994639307,0.1083548000024166,ok,4.496859697184679,4.496859697184679
Linear_V3,TSP-truncated_exponential-n100-g1000-1,7761.692996132501,7837,0.09046619999571703,0.0865397999950801,0.0039264000006369315,0.6997012999927392,ok,-0.9609162162498236,0.9609162162498236
Linear_V3,TSP-truncated_exponential-n100-g10000-1,80096.49851154814,77137,0.06030260000261478,0.05941549999988638,0.0008871000027284026,0.26506429999426473,ok,3.836678262763835,3.836678262763835
Linear_V3,TSP-truncated_exponential-n100-g10000-2,81671.78363437604,79405,0.06648750000022119,0.06496760000300128,0.001519899997219909,0.0637948000075994,ok,2.8547114594497107,2.8547114594497107
Linear_V3,TSP-truncated_exponential-n100-g1000-3,7827.417108423983,7820,0.095082599997113,0.08990929999708897,0.005173300000024028,0.332545500001288,ok,0.0948479338105286,0.0948479338105286
Linear_V3,TSP-truncated_exponential-n100-g1000-5,7396.607152748697,7270,0.09242890000314219,0.08844680000038352,0.003982100002758671,0.301127800004906,ok,1.7415014133245865,1.7415014133245865
Linear_V3,TSP-truncated_exponential-n100-g10000-3,76708.20205565185,73946,0.0855948000025819,0.07985850000113714,0.005736300001444761,0.12365759999374859,ok,3.7354313359097917,3.7354313359097917
Linear_V3,TSP-truncated_exponential-n100-g10000-4,75432.56977509246,76315,0.08850010000605835,0.08641670000361046,0.0020834000024478883,0.5228781000041636,ok,-1.1562998426358395,1.1562998426358395
Linear_V3,TSP-truncated_exponential-n100-g10000-5,76662.14456720212,78035,0.09285929999896325,0.09135719999903813,0.0015020999999251217,0.4397945999953663,ok,-1.7592816464379806,1.7592816464379806
Linear_V3,TSP-triangular_squeezed-n900-g10000-2,182503.0278132914,176298,0.4064939000090817,0.4051861000043573,0.0013078000047244132,8.23742210000637,ok,3.5196246204105606,3.5196246204105606
Linear_V3,TSP-triangular_squeezed-n900-g1000-5,19349.113580128593,18079,0.44636650000029476,0.44537560000026133,0.0009909000000334345,11.607890200000838,ok,7.025353062274421,7.025353062274421
Linear_V3,TSP-truncated_exponential-n20-g1000-1,3976.61185980643,3991,0.015923500002827495,0.014614300001994707,0.0013092000008327886,0.13237439999647904,ok,-0.3605146628306202,0.3605146628306202
Linear_V3,TSP-triangular_squeezed-n800-g10000-4,180304.51151279602,169778,0.6606777999986662,0.6593969000023208,0.001280899996345397,83.43471080000745,ok,6.200162278266923,6.200162278266923
Linear_V3,TSP-triangular_squeezed-n900-g10000-4,180228.23542731587,173919,0.4424642000012682,0.44124100000044564,0.001223200000822544,4.578381300001638,ok,3.6276861224569315,3.6276861224569315
Linear_V3,TSP-truncated_exponential-n20-g1000-2,3671.250221700889,3427,0.02160610000282759,0.02028960000461666,0.0013164999982109293,0.07471960000111721,ok,7.127231447355971,7.127231447355971
Linear_V3,TSP-truncated_exponential-n20-g1000-3,3221.460836052847,3459,0.02016410000214819,0.018851300003007054,0.0013127999991411343,0.07507009999244474,ok,-6.867278518275604,6.867278518275604
Linear_V3,TSP-truncated_exponential-n20-g1000-4,4315.98432458401,4513,0.0204299999968498,0.019018699997104704,0.001411299999745097,0.06357900000875816,ok,-4.365514633635936,4.365514633635936
Linear_V3,TSP-truncated_exponential-n20-g10000-1,33945.416392961124,36860,0.019225700001697987,0.01792050000221934,0.0013051999994786456,0.042153999995207414,ok,-7.907172021266619,7.907172021266619
Linear_V3,TSP-truncated_exponential-n20-g1000-5,3105.898615333064,3465,0.02577559999190271,0.02453869999590097,0.001236899996001739,0.0884986999881221,ok,-10.363676325164102,10.363676325164102
Linear_V3,TSP-truncated_exponential-n20-g10000-2,38887.82398970336,39716,0.018790900008752942,0.017114200003561564,0.0016767000051913783,0.060533200012287125,ok,-2.085245267138273,2.085245267138273
Linear_V3,TSP-truncated_exponential-n20-g10000-5,33760.85221497192,36813,0.011915200004295912,0.010189699998591095,0.0017255000057048164,0.051857500002370216,ok,-8.290950982066333,8.290950982066333
Linear_V3,TSP-truncated_exponential-n20-g10000-3,35735.08508836688,35704,0.02126720000524074,0.0201874000049429,0.001079800000297837,0.04484339999908116,ok,0.08706332166391077,0.08706332166391077
Linear_V3,TSP-truncated_exponential-n20-g10000-4,35941.96992927837,36174,0.01878209999995306,0.017098800002713688,0.0016832999972393736,0.06213170000410173,ok,-0.6414277401493619,0.6414277401493619
Linear_V3,TSP-triangular_squeezed-n900-g1000-1,18586.37098873313,17756,0.6667982000071788,0.6644299000035971,0.0023683000035816804,7.931720700013102,ok,4.676565604489364,4.676565604489364
Linear_V3,TSP-triangular_squeezed-n900-g1000-2,18410.37269948035,17859,0.6752754999979516,0.6740848999979789,0.0011905999999726191,9.579674799984787,ok,3.0873660310227393,3.0873660310227393
Linear_V3,TSP-triangular_squeezed-n900-g1000-3,18581.901449974543,17607,0.6557805000047665,0.6533033000014257,0.0024772000033408403,15.218758500006516,ok,5.537010563835648,5.537010563835648
Linear_V3,TSP-triangular_squeezed-n900-g1000-4,18959.965594006877,17622,0.6676285000066855,0.666280800003733,0.0013477000029524788,11.919158699995023,ok,7.592586505543508,7.592586505543508
Linear_V3,TSP-truncated_exponential-n200-g1000-3,10076.040776371603,10202,0.09960719999799039,0.0980822999990778,0.0015248999989125878,1.4911900999868521,ok,-1.234652260619457,1.234652260619457
Linear_V3,TSP-truncated_exponential-n200-g1000-1,10388.324687545824,10342,0.12166580000484828,0.1188181000034092,0.0028477000014390796,2.285614299995359,ok,0.4479277465270201,0.4479277465270201
Linear_V3,TSP-truncated_exponential-n200-g1000-2,10703.595304936534,10597,0.12604770000325516,0.12515189999976428,0.0008958000034908764,1.0069323000061559,ok,1.005900773205005,1.005900773205005
Linear_V3,TSP-truncated_exponential-n1000-g1000-3,23063.196685694522,22604,0.4212251999997534,0.4182924999986426,0.0029327000011107884,20.387984699991648,ok,2.031484187287745,2.031484187287745
Linear_V3,TSP-triangular_squeezed-n900-g10000-1,188952.46106547368,179093,0.6910253000096418,0.6897701000052621,0.0012552000043797307,175.9013394000067,ok,5.505218554311824,5.505218554311824
Linear_V3,TSP-truncated_exponential-n1000-g1000-5,23031.855043530937,22748,0.4317682999972021,0.43017430000327295,0.0015939999939291738,14.08266439998988,ok,1.2478241758877138,1.2478241758877138
Linear_V3,TSP-triangular_squeezed-n900-g10000-3,184677.48601382898,175682,0.6952067000020179,0.6938217999995686,0.0013849000024492852,253.7966535000014,ok,5.120323091625198,5.120323091625198
Linear_V3,TSP-truncated_exponential-n1000-g1000-2,22769.939456099124,22288,0.47070439999515656,0.46561469999869587,0.005089699996460695,11.513538100000005,ok,2.162327064335625,2.162327064335625
Linear_V3,TSP-truncated_exponential-n30-g1000-2,4523.018353407108,4729,0.04496179999114247,0.043743799993535504,0.0012179999976069666,0.06057570000120904,ok,-4.355712552186331,4.355712552186331
Linear_V3,TSP-truncated_exponential-n30-g1000-1,3973.788852015949,4289,0.051611100003356114,0.047703500000352506,0.0039076000030036084,0.04335450001235586,ok,-7.34929232884241,7.34929232884241
Linear_V3,TSP-truncated_exponential-n1000-g1000-1,23089.00338587336,22602,0.49128299999574665,0.4899306999941473,0.0013523000015993603,825.8203237999987,ok,2.1546915577088694,2.1546915577088694
Linear_V3,TSP-truncated_exponential-n30-g1000-3,4790.518033087697,4678,0.04716930000722641,0.04380690000107279,0.0033624000061536208,0.040607899994938634,ok,2.405259364850308,2.405259364850308
Linear_V3,TSP-truncated_exponential-n30-g1000-4,4630.7331618250655,4696,0.06071220000740141,0.059812800005602185,0.0008994000017992221,0.05682659999001771,ok,-1.3898389730607856,1.3898389730607856
Linear_V3,TSP-truncated_exponential-n1000-g10000-1,232063.24712231534,228047,0.4916547000029823,0.4834998000005726,0.008154900002409704,176.77465229999507,ok,1.7611488519100629,1.7611488519100629
Linear_V3,TSP-triangular_squeezed-n900-g10000-5,185387.58172168152,176348,0.7161787000004551,0.7144098999997368,0.001768800000718329,6.6224700000020675,ok,5.1259904970181225,5.1259904970181225
Linear_V3,TSP-truncated_exponential-n30-g10000-2,44621.4002486706,46258,0.04979219999950146,0.0478166999964742,0.001975500003027264,0.04513600000063889,ok,-3.5379820816494414,3.5379820816494414
Linear_V3,TSP-truncated_exponential-n1000-g10000-3,229611.50516861168,225533,0.46746590000839205,0.4664154000056442,0.0010505000027478673,271.41332669999974,ok,1.80838510045611,1.80838510045611
Linear_V3,TSP-truncated_exponential-n30-g10000-3,39406.90175252758,40865,0.05662550000124611,0.05148310000367928,0.005142399997566827,0.08298780000768602,ok,-3.5680857640338246,3.5680857640338246
Linear_V3,TSP-truncated_exponential-n30-g10000-1,43301.89279225347,44453,0.0669657999969786,0.0657504999981029,0.0012152999988757074,0.0738238000049023,ok,-2.5894927400772247,2.5894927400772247
Linear_V3,TSP-truncated_exponential-n1000-g1000-4,23171.41811483658,22741,0.5472105000008014,0.5456720000001951,0.001538500000606291,8.309754600006272,ok,1.8926965165849292,1.8926965165849292
Linear_V3,TSP-truncated_exponential-n1000-g10000-4,234416.043594867,227055,0.477430999999342,0.46783570000116015,0.009595299998181872,88.68491149999318,ok,3.2419649841963363,3.2419649841963363
Linear_V3,TSP-truncated_exponential-n30-g1000-5,4605.483527521401,4742,0.0709731999959331,0.06887189999542898,0.002101300000504125,0.08608449999883305,ok,-2.878879638941356,2.878879638941356
Linear_V3,TSP-truncated_exponential-n30-g10000-4,46153.09295373048,49169,0.05888399999093963,0.057188599996152334,0.0016953999947872944,0.06349420000333339,ok,-6.133757136141722,6.133757136141722
Linear_V3,TSP-truncated_exponential-n200-g10000-4,107581.09195195751,105092,0.17811670000082813,0.17322299999796087,0.004893700002867263,0.8391531000088435,ok,2.3684885166877696,2.3684885166877696
Linear_V3,TSP-truncated_exponential-n200-g1000-4,10586.392646989707,10684,0.23538660000485834,0.23393829999986337,0.0014483000049949624,0.9528010000067297,ok,-0.9135843598866819,0.9135843598866819
Linear_V3,TSP-truncated_exponential-n200-g10000-3,103784.45736681344,103060,0.21048279999376973,0.2093812999955844,0.001101499998185318,3.369737000000896,ok,0.7029471830132349,0.7029471830132349
Linear_V3,TSP-truncated_exponential-n30-g10000-5,38991.90130164006,39404,0.07203809999919031,0.06941039999946952,0.0026276999997207895,0.04543859999103006,ok,-1.0458296070448259,1.0458296070448259
Linear_V3,TSP-truncated_exponential-n1000-g10000-2,231577.38225382913,226256,0.5401828999965801,0.5387361999964924,0.0014467000000877306,295.771974400006,ok,2.351929784769963,2.351929784769963
Linear_V3,TSP-truncated_exponential-n200-g1000-5,10548.893051931185,10500,0.24801960000331746,0.2452082000017981,0.0028114000015193596,2.158831000007922,ok,0.4656481136303358,0.4656481136303358
Linear_V3,TSP-truncated_exponential-n200-g10000-1,105667.07604695341,105005,0.24951960000180406,0.24852290000126231,0.0009967000005417503,1.6965166000009049,ok,0.6305185914512779,0.6305185914512779
Linear_V3,TSP-truncated_exponential-n200-g10000-2,107208.4779354212,103298,0.24594460000662366,0.2450453000055859,0.0008993000010377727,2.098317900003167,ok,3.785627926408249,3.785627926408249
Linear_V3,TSP-truncated_exponential-n40-g1000-1,4812.810505941787,4882,0.04600350000691833,0.04311030000098981,0.00289320000592852,0.15118580000125803,ok,-1.4172366664935132,1.4172366664935132
Linear_V3,TSP-truncated_exponential-n40-g1000-2,4351.01156739889,4389,0.046082400003797375,0.04388889999972889,0.0021935000040684827,0.07920230001036543,ok,-0.8655373114857532,0.8655373114857532
Linear_V3,TSP-truncated_exponential-n40-g1000-4,4648.751457442389,4666,0.03823479999846313,0.0362368999994942,0.0019978999989689328,0.08003560001088772,ok,-0.3696644354395749,0.3696644354395749
Linear_V3,TSP-truncated_exponential-n200-g10000-5,109106.61216366888,105489,0.24141989999770885,0.23971970000275178,0.0017001999949570745,1.9917226000106893,ok,3.4293738339247475,3.4293738339247475
Linear_V3,TSP-truncated_exponential-n40-g1000-3,5118.808079550559,5336,0.05615060000127414,0.052987999995821156,0.003162600005452987,0.10925349999160971,ok,-4.070313351751137,4.070313351751137
Linear_V3,TSP-truncated_exponential-n40-g10000-1,51215.98339482944,50031,0.04473190000135219,0.04344149999815272,0.0012904000031994656,0.050014699998428114,ok,2.368498320700046,2.368498320700046
Linear_V3,TSP-truncated_exponential-n40-g1000-5,4939.580762629577,4974,0.06368109999311855,0.06048499999451451,0.0031960999986040406,0.11846440000226721,ok,-0.691983059316902,0.691983059316902
Linear_V3,TSP-truncated_exponential-n40-g10000-2,43677.78935656098,48314,0.05365739999251673,0.0514850999970804,0.002172299995436333,0.07073349998972844,ok,-9.595998351283319,9.595998351283319
Linear_V3,TSP-truncated_exponential-n40-g10000-4,50907.109502239866,51269,0.043767799994384404,0.042013499994936865,0.0017542999994475394,0.09857479999482166,ok,-0.7058661135581621,0.7058661135581621
Linear_V3,TSP-truncated_exponential-n40-g10000-3,50027.973230019204,52285,0.05669179999676999,0.055859899999632034,0.0008318999971379526,0.18777989999216516,ok,-4.31677683844467,4.31677683844467
Linear_V3,TSP-truncated_exponential-n40-g10000-5,47033.99280676379,48902,0.04887890000100015,0.046774300004472025,0.0021045999965281226,0.15854709999985062,ok,-3.8198993767866583,3.8198993767866583
Linear_V3,TSP-truncated_exponential-n1000-g10000-5,230933.18459722272,227519,0.5403181000074255,0.5371108000035747,0.0032073000038508326,9.330240900017088,ok,1.5006151561947427,1.5006151561947427
Linear_V3,TSP-truncated_exponential-n300-g1000-3,12883.551165995777,12529,0.1772013000008883,0.175557900001877,0.001643399999011308,4.253346700003021,ok,2.8298440896781663,2.8298440896781663
Linear_V3,TSP-truncated_exponential-n300-g1000-4,12883.305373121251,12948,0.1986853999987943,0.1975215999991633,0.00116379999963101,2.255364600001485,ok,-0.4996495742875251,0.4996495742875251
Linear_V3,TSP-truncated_exponential-n5-g1000-1,1671.6331818746744,2024,0.012252900000021327,0.010819600000104401,0.001433299999916926,0.3260444000043208,ok,-17.409427772990398,17.409427772990398
Linear_V3,TSP-truncated_exponential-n5-g1000-2,1685.0440049687056,2140,0.0109160000065458,0.008965100001660176,0.001950900004885625,0.2812763999972958,ok,-21.259625936041793,21.259625936041793
Linear_V3,TSP-truncated_exponential-n5-g1000-3,1258.738245207574,1580,0.0148125999912736,0.011786099996243138,0.0030264999950304627,0.03782070000306703,ok,-20.333022455216838,20.333022455216838
Linear_V3,TSP-truncated_exponential-n300-g10000-3,129739.58981043201,126249,0.21330639999359846,0.2110476999951061,0.002258699998492375,1.8545982999930857,ok,2.7648455119898037,2.7648455119898037
Linear_V3,TSP-truncated_exponential-n300-g10000-4,128156.81667993622,126541,0.2117188999982318,0.21008789999905275,0.0016309999991790392,4.603071799996542,ok,1.2769115780152065,1.2769115780152065
Linear_V3,TSP-truncated_exponential-n300-g1000-1,12644.214353156065,12600,0.25448100000357954,0.25248280000232626,0.001998200001253281,1.387639600012335,ok,0.3509075647306749,0.3509075647306749
Linear_V3,TSP-truncated_exponential-n300-g10000-2,127471.4751354407,125893,0.22150849999889033,0.21772069999860832,0.0037878000002820045,2.5521045999921625,ok,1.2538227982816401,1.2538227982816401
Linear_V3,TSP-truncated_exponential-n5-g1000-4,1615.2816399368357,1879,0.030401500000152737,0.028926500002853572,0.0014749999972991645,0.04170390000217594,ok,-14.035037789418,14.035037789418
Linear_V3,TSP-truncated_exponential-n5-g1000-5,1961.5081841422596,2111,0.035605700002633967,0.03129850000550505,0.004307199997128919,0.06702159999986179,ok,-7.081563991366198,7.081563991366198
Linear_V3,TSP-truncated_exponential-n300-g1000-5,12752.264696871072,12563,0.2419726000080118,0.23751440000341972,0.004458200004592072,2.2624758000019938,ok,1.5065246905283163,1.5065246905283163
Linear_V3,TSP-truncated_exponential-n300-g10000-5,132657.91698304727,129012,0.22300159999576863,0.219185900001321,0.003815699994447641,3.0175835999980336,ok,2.826029348469342,2.826029348469342
Linear_V3,TSP-truncated_exponential-n5-g10000-2,11474.460779732792,13405,0.022933500004000962,0.021347400004742667,0.0015860999992582947,0.04258899998967536,ok,-14.401635361933668,14.401635361933668
Linear_V3,TSP-truncated_exponential-n5-g10000-4,22471.135697241247,25989,0.025197499999194406,0.02390420000301674,0.0012932999961776659,0.05640539999876637,ok,-13.53597407656606,13.53597407656606
Linear_V3,TSP-truncated_exponential-n5-g10000-3,16756.98813314041,19658,0.029686000001674984,0.02659719999792287,0.0030888000037521124,0.058066400000825524,ok,-14.757411063483517,14.757411063483517
Linear_V3,TSP-truncated_exponential-n5-g10000-1,18509.60326173444,21555,0.03649410000798525,0.03482520000397926,0.001668900004005991,0.05520790000446141,ok,-14.128493334565349,14.128493334565349
Linear_V3,TSP-truncated_exponential-n5-g10000-5,14528.711440064111,18463,0.022749199997633696,0.01981740000337595,0.0029317999942577444,0.04665610000665765,ok,-21.30904273376964,21.30904273376964
Linear_V3,TSP-truncated_exponential-n50-g1000-1,5811.283231420414,5762,0.040198699993197806,0.03738109999540029,0.0028175999977975152,0.11494559999846388,ok,0.8553146723431841,0.8553146723431841
Linear_V3,TSP-truncated_exponential-n50-g1000-4,6156.674399626362,6003,0.043597700001555495,0.03916570000001229,0.0044320000015432015,0.1023159000033047,ok,2.5599600137658203,2.5599600137658203
Linear_V3,TSP-truncated_exponential-n300-g1000-2,12791.119202403032,12760,0.33014380000531673,0.3287318000002415,0.0014120000050752424,2.168997600005241,ok,0.24388089657548215,0.24388089657548215
Linear_V3,TSP-truncated_exponential-n50-g1000-3,5929.052246729105,5860,0.05298330000368878,0.050067299998772796,0.002916000004915986,0.1085212999896612,ok,1.1783659851383073,1.1783659851383073
Linear_V3,TSP-truncated_exponential-n50-g1000-2,5844.83416139866,5834,0.06432879999192664,0.06087509999633767,0.003453699995588977,0.26554500000202097,ok,0.18570725743332875,0.18570725743332875
Linear_V3,TSP-truncated_exponential-n50-g1000-5,5808.61251129208,5920,0.04883939999854192,0.044340200001897756,0.004499199996644165,0.048714999997173436,ok,-1.8815454173635144,1.8815454173635144
Linear_V3,TSP-truncated_exponential-n50-g10000-2,57327.97517669764,55930,0.04933139999775449,0.047391499996592756,0.0019399000011617318,0.0488830000103917,ok,2.4995086298902924,2.4995086298902924
Linear_V3,TSP-truncated_exponential-n50-g10000-3,53269.124967163596,55596,0.05868670000199927,0.05740520000108518,0.001281500000914093,0.12238020000222605,ok,-4.185328140219447,4.185328140219447
Linear_V3,TSP-truncated_exponential-n300-g10000-1,130740.87097417563,127865,0.3391018000038457,0.3368192000052659,0.002282599998579826,1.1379304000001866,ok,2.2491463451105713,2.2491463451105713
Linear_V3,TSP-truncated_exponential-n50-g10000-1,59035.15644224691,58660,0.06596910000371281,0.06085059999895748,0.005118500004755333,0.14064749999670312,ok,0.6395438838167561,0.6395438838167561
Linear_V3,TSP-truncated_exponential-n400-g1000-5,14533.012084128306,14139,0.22179990000586258,0.21870250000210945,0.003097400003753137,2.4753442000073846,ok,2.7867040393826015,2.7867040393826015
Linear_V3,TSP-truncated_exponential-n400-g10000-2,143833.5895829514,142179,0.2150584000046365,0.20888579999882495,0.006172600005811546,4.294989900008659,ok,1.1637369674504605,1.1637369674504605
Linear_V3,TSP-truncated_exponential-n50-g10000-4,59039.67142377183,58885,0.07810880000033649,0.06789919999573613,0.010209600004600361,0.16263930000422988,ok,0.26266693346664405,0.26266693346664405
Linear_V3,TSP-truncated_exponential-n400-g10000-5,147960.98707462306,145102,0.23095720000128495,0.22875639999983832,0.0022008000014466234,4.465624500007834,ok,1.9703291991999141,1.9703291991999141
Linear_V3,TSP-truncated_exponential-n400-g1000-3,14646.440644001625,14641,0.27357219999976223,0.2711163999993005,0.0024558000004617497,20.977293899995857,ok,0.03716033058960867,0.03716033058960867
Linear_V3,TSP-truncated_exponential-n50-g10000-5,55285.088636437235,57598,0.08889150000322843,0.08542239999951562,0.0034691000037128106,0.08984130001044832,ok,-4.015610548218281,4.015610548218281
Linear_V3,TSP-truncated_exponential-n60-g1000-2,5676.500482734062,5856,0.03996139999071602,0.037898099995800294,0.002063299994915724,0.4917338999948697,ok,-3.0652239970276343,3.0652239970276343
Linear_V3,TSP-truncated_exponential-n60-g1000-1,5391.2193047073815,5554,0.04085549999581417,0.03639629999815952,0.00445919999765465,0.24908950000826735,ok,-2.930873159751863,2.930873159751863
Linear_V3,TSP-truncated_exponential-n60-g1000-3,5905.458715833695,5853,0.03934919999301201,0.03617839999787975,0.0031707999951322563,0.14108519999717828,ok,0.8962705592635462,0.8962705592635462
Linear_V3,TSP-truncated_exponential-n60-g1000-4,6181.529425776234,6210,0.04532669999753125,0.04429389999859268,0.0010327999989385717,0.14274690000456758,ok,-0.45846335303970454,0.45846335303970454
Linear_V3,TSP-truncated_exponential-n60-g1000-5,6035.781337888517,6216,0.033119100000476465,0.03027489999658428,0.0028442000038921833,0.16191219999745954,ok,-2.8992706259891143,2.8992706259891143
Linear_V3,TSP-truncated_exponential-n60-g10000-1,61053.14181250027,61884,0.03831749999517342,0.03465949999372242,0.0036580000014510006,0.16833640000550076,ok,-1.3426058229909712,1.3426058229909712
Linear_V3,TSP-truncated_exponential-n400-g1000-1,14562.477141527103,14298,0.37948270000197226,0.37837060000310885,0.001112099998863414,2.5511390999890864,ok,1.8497492063722376,1.8497492063722376
Linear_V3,TSP-truncated_exponential-n60-g10000-2,59402.74700061542,61996,0.04296590000012657,0.040344299995922484,0.0026216000042040832,0.37838249999913387,ok,-4.182935994878028,4.182935994878028
Linear_V3,TSP-truncated_exponential-n400-g1000-2,14634.09893831129,14389,0.39384659999632277,0.39293090000137454,0.000915699994948227,6.994770799996331,ok,1.7033771513745923,1.7033771513745923
Linear_V3,TSP-truncated_exponential-n400-g10000-3,147105.69850553098,146406,0.36059869999735383,0.3595458999989205,0.0010527999984333292,7.362202599993907,ok,0.4779165509138818,0.4779165509138818
Linear_V3,TSP-truncated_exponential-n400-g10000-1,151858.8470731288,147955,0.38359350000246195,0.3827499000035459,0.0008435999989160337,5.3304494000039995,ok,2.638536766671485,2.638536766671485
Linear_V3,TSP-truncated_exponential-n400-g1000-4,14797.185745932586,14603,0.4045073000015691,0.40347079999628477,0.0010365000052843243,4.9380506000015885,ok,1.329766116089746,1.329766116089746
Linear_V3,TSP-truncated_exponential-n60-g10000-3,60049.79873366109,61070,0.07700490000570426,0.0720292000041809,0.004975700001523364,0.25879100000020117,ok,-1.6705440745683815,1.6705440745683815
Linear_V3,TSP-truncated_exponential-n60-g10000-5,59547.148446621584,57145,0.0668636999980663,0.06358639999962179,0.003277299998444505,0.1644300000043586,ok,4.203602146507278,4.203602146507278
Linear_V3,TSP-truncated_exponential-n60-g10000-4,61301.41866131552,62797,0.07320810000237543,0.07021550000354182,0.0029925999988336116,0.1359958000102779,ok,-2.381612718258009,2.381612718258009
Linear_V3,TSP-truncated_exponential-n400-g10000-4,145290.10195490287,143922,0.4027496999988216,0.4015027999994345,0.0012468999993870966,7.679979199994705,ok,0.9505857026047939,0.9505857026047939
Linear_V3,TSP-truncated_exponential-n500-g10000-1,169202.11244419037,164215,0.2349651000040467,0.23283079999964684,0.0021343000043998472,1.9781532000051811,ok,3.0369408666628304,3.0369408666628304
Linear_V3,TSP-truncated_exponential-n500-g1000-5,16584.640482789422,16160,0.2390716000008979,0.23691259999759495,0.0021590000033029355,6.054392300007748,ok,2.627725759835533,2.627725759835533
Linear_V3,TSP-truncated_exponential-n500-g10000-5,165948.2207948819,163037,0.2559441999983392,0.25400729999819305,0.0019369000001461245,2.6203447000007145,ok,1.7856197028170893,1.7856197028170893
Linear_V3,TSP-truncated_exponential-n500-g1000-3,16757.904143270433,16397,0.29091650000191294,0.2884300000005169,0.0024865000013960525,3.1635340999928303,ok,2.2010376487798533,2.2010376487798533
Linear_V3,TSP-truncated_exponential-n70-g1000-1,6658.063772802763,6466,0.04605110000557033,0.04219880000164267,0.0038523000039276667,0.21165920000930782,ok,2.9703645654618493,2.9703645654618493
Linear_V3,TSP-truncated_exponential-n500-g1000-2,16574.22589418075,16359,0.3142569999981788,0.31242159999965224,0.0018353999985265546,4.6875983999925666,ok,1.3156421185937317,1.3156421185937317
Linear_V3,TSP-truncated_exponential-n500-g1000-4,16438.80149797952,16140,0.3003093000006629,0.2990801000050851,0.001229199995577801,2.5999366999894846,ok,1.851310396403463,1.851310396403463
Linear_V3,TSP-truncated_exponential-n500-g10000-3,164446.34422204967,161995,0.2974612999969395,0.295482900000934,0.0019783999960054643,8.379511799998,ok,1.5132221500970187,1.5132221500970187
Linear_V3,TSP-truncated_exponential-n500-g10000-4,167982.45632052378,164609,0.29495070000120904,0.2911041000043042,0.0038465999969048426,3.232200999991619,ok,2.0493753807651944,2.0493753807651944
Linear_V3,TSP-truncated_exponential-n70-g1000-2,6499.905300977874,6611,0.06989590000011958,0.06896089999645483,0.0009350000036647543,0.15514439999242313,ok,-1.680452261717235,1.680452261717235
Linear_V3,TSP-truncated_exponential-n70-g1000-3,6588.290114756745,6328,0.06277949999639532,0.06110320000152569,0.0016762999948696233,0.058155999999144115,ok,4.1133077553215145,4.1133077553215145
Linear_V3,TSP-truncated_exponential-n70-g1000-4,5956.0076793573135,6208,0.062286399996082764,0.05813019999914104,0.004156199996941723,0.12485959999321494,ok,-4.0591546495278115,4.0591546495278115
Linear_V3,TSP-truncated_exponential-n70-g1000-5,6762.75339507513,6778,0.05477679999603424,0.050035899999784306,0.0047408999962499365,0.18696370000543538,ok,-0.22494253356255006,0.22494253356255006
Linear_V3,TSP-truncated_exponential-n70-g10000-3,63996.05754990932,63673,0.04452929999388289,0.04275789999519475,0.001771399998688139,0.19060529999842402,ok,0.5073697641218687,0.5073697641218687
Linear_V3,TSP-truncated_exponential-n70-g10000-2,64399.0764275598,65592,0.05359869999665534,0.048223600002529565,0.005375099994125776,0.2971544000029098,ok,-1.8187028485794035,1.8187028485794035
Linear_V3,TSP-truncated_exponential-n70-g10000-4,65943.7666432099,66938,0.05942499999946449,0.05856399999902351,0.0008610000004409812,0.7296187999891117,ok,-1.4853048444681545,1.4853048444681545
Linear_V3,TSP-truncated_exponential-n70-g10000-5,67391.27624648261,67259,0.04942049999954179,0.04501149999850895,0.004409000001032837,0.1323019999981625,ok,0.19666698357484985,0.19666698357484985
Linear_V3,TSP-truncated_exponential-n70-g10000-1,62248.177392743826,63145,0.06714620000275318,0.06525770000007469,0.0018885000026784837,0.19637260001036339,ok,-1.4202590977213931,1.4202590977213931
Linear_V3,TSP-truncated_exponential-n500-g1000-1,16714.874681207653,16414,0.4454185999929905,0.4445464999953401,0.0008720999976503663,3.767419299998437,ok,1.8330369270601519,1.8330369270601519
Linear_V3,TSP-truncated_exponential-n500-g10000-2,166033.99961186777,161898,0.41908479999983683,0.41800359999615466,0.00108120000368217,4.216196299996227,ok,2.5546946916378004,2.5546946916378004
Linear_V3,TSP-truncated_exponential-n600-g1000-2,18265.163885207032,18017,0.3116773999936413,0.3097817999951076,0.0018955999985337257,13.377880700005335,ok,1.3773873852862955,1.3773873852862955
Linear_V3,TSP-truncated_exponential-n8-g1000-1,2119.151010323937,2417,0.011876299999130424,0.008989699999801815,0.0028865999993286096,0.0814544000022579,ok,-12.32308604369313,12.32308604369313
Linear_V3,TSP-truncated_exponential-n600-g10000-3,178435.09060702453,174914,0.2787592000022414,0.2758804999975837,0.0028787000046577305,2.5016408000083175,ok,2.013041041325752,2.013041041325752
Linear_V3,TSP-truncated_exponential-n8-g1000-2,2531.6561297284056,2980,0.014315499996882863,0.012685699999565259,0.0016297999973176047,0.05444520000310149,ok,-15.045096317838738,15.045096317838738
Linear_V3,TSP-truncated_exponential-n8-g1000-3,2055.0545689073956,2492,0.012976699996215757,0.01135969999450026,0.0016170000017154962,0.20416819999809377,ok,-17.533925806284287,17.533925806284287
Linear_V3,TSP-truncated_exponential-n8-g1000-5,2603.0602753289772,3197,0.010223599994787946,0.008686099994520191,0.0015375000002677552,0.04234759999962989,ok,-18.578033302190263,18.578033302190263
Linear_V3,TSP-truncated_exponential-n8-g1000-4,2446.6563720925183,2564,0.019555999999283813,0.01654889999917941,0.0030071000001044013,0.04673430000548251,ok,-4.576584551773859,4.576584551773859
Linear_V3,TSP-truncated_exponential-n600-g10000-2,175750.00877009315,174065,0.33421410000300966,0.33230400000320515,0.0019100999998045154,10.772619800001848,ok,0.9680342229012996,0.9680342229012996
Linear_V3,TSP-truncated_exponential-n8-g10000-1,19710.67970893093,24455,0.014544900004693773,0.013554999997722916,0.0009899000069708563,0.1186230000021169,ok,-19.40020564738937,19.40020564738937
Linear_V3,TSP-truncated_exponential-n600-g10000-4,181916.36011103532,179838,0.33044179998978507,0.32861189999675844,0.001829899993026629,11.560473900011857,ok,1.1556846222907946,1.1556846222907946
Linear_V3,TSP-truncated_exponential-n8-g10000-2,15850.506365772997,17212,0.020929700003762264,0.019714200003363658,0.001215500000398606,0.11884500000451226,ok,-7.910141960417167,7.910141960417167
Linear_V3,TSP-truncated_exponential-n8-g10000-4,25403.844941235406,25097,0.009138800007349346,0.007459300002665259,0.0016795000046840869,0.17451040000014473,ok,1.222635937504107,1.222635937504107
Linear_V3,TSP-truncated_exponential-n8-g10000-5,24702.037825169835,28059,0.014290300001448486,0.013212799996836111,0.001077500004612375,0.27362670000002254,ok,-11.96394089180001,11.96394089180001
Linear_V3,TSP-truncated_exponential-n8-g10000-3,21458.281711523603,23941,0.029088200004480314,0.0274174000005587,0.001670800003921613,0.2171426999993855,ok,-10.370152827686383,10.370152827686383
Linear_V3,TSP-truncated_exponential-n80-g1000-1,6340.001138964797,6538,0.03796019999572309,0.03693360000033863,0.0010265999953844585,0.25816100000520237,ok,-3.0284316463016663,3.0284316463016663
Linear_V3,TSP-truncated_exponential-n80-g1000-3,6862.641605242621,6915,0.037744400004157797,0.03301170000486309,0.004732699999294709,0.5491981999948621,ok,-0.757171290779159,0.757171290779159
Linear_V3,TSP-truncated_exponential-n80-g1000-2,6954.648795198816,7210,0.03933079999842448,0.037126099996385165,0.002204700002039317,0.5846137999906205,ok,-3.541625586701587,3.541625586701587
Linear_V3,TSP-truncated_exponential-n80-g1000-4,6631.5698639996945,6703,0.04227090000495082,0.03781180000078166,0.004459100004169159,0.3326336000027368,ok,-1.0656442786857458,1.0656442786857458
Linear_V3,TSP-truncated_exponential-n80-g1000-5,6907.496595396945,7108,0.0447652000002563,0.042932600001222454,0.001832599999033846,0.31885529999271967,ok,-2.820813233019908,2.820813233019908
Linear_V3,TSP-truncated_exponential-n600-g1000-1,17795.9615310191,17399,0.5098326000079396,0.5086253000044962,0.001207300003443379,10.212175900000148,ok,2.2815192311000643,2.2815192311000643
Linear_V3,TSP-truncated_exponential-n600-g1000-3,18287.550766822995,17850,0.4967340000002878,0.49556270000175573,0.0011712999985320494,2.7886001000006218,ok,2.451264800128822,2.451264800128822
Linear_V3,TSP-truncated_exponential-n600-g1000-4,17924.74587821281,17679,0.49647790000017267,0.4929435000012745,0.0035343999988981523,3.677389000004041,ok,1.3900439969048517,1.3900439969048517
Linear_V3,TSP-truncated_exponential-n600-g10000-1,181218.2435007281,177067,0.473691899998812,0.4728010999970138,0.0008908000017981976,3.631520900002215,ok,2.3444478647789264,2.3444478647789264
Linear_V3,TSP-truncated_exponential-n80-g10000-1,69753.17362481215,69201,0.0684765999976662,0.06660139999439707,0.0018752000032691285,0.3808035999973072,ok,0.7979272334390328,0.7979272334390328
Linear_V3,TSP-truncated_exponential-n80-g10000-2,68129.29486954806,66112,0.07249629999569152,0.07095909999770811,0.0015371999979834072,0.10418560000834987,ok,3.051329364635859,3.051329364635859
Linear_V3,TSP-truncated_exponential-n700-g10000-2,192330.18176480668,188058,0.3082875999971293,0.3064809999996214,0.001806599997507874,17.016480899997987,ok,2.2717362541379145,2.2717362541379145
Linear_V3,TSP-truncated_exponential-n80-g10000-3,63237.962568928284,64164,0.09650439999677474,0.09426119999989169,0.0022431999968830496,0.12855330000456888,ok,-1.4432351958601648,1.4432351958601648
Linear_V3,TSP-truncated_exponential-n600-g1000-5,18043.078621999117,17762,0.5381812000050559,0.5370591000028071,0.0011221000022487715,4.5571600000112085,ok,1.5824716923720128,1.5824716923720128
Linear_V3,TSP-truncated_exponential-n600-g10000-5,177020.84229684283,173690,0.5047451999998884,0.503697000000102,0.0010481999997864477,10.416173200006597,ok,1.917693762935595,1.917693762935595
Linear_V3,TSP-truncated_exponential-n700-g1000-3,19125.093641671123,19006,0.3619674000001396,0.35871490000135964,0.0032524999987799674,11.388898500008509,ok,0.6266107632911865,0.6266107632911865
Linear_V3,TSP-truncated_exponential-n80-g10000-4,60904.44516832852,61976,0.10458150000340538,0.10194200000114506,0.00263950000226032,0.12554340000497177,ok,-1.7289835285779618,1.7289835285779618
Linear_V3,TSP-truncated_exponential-n700-g10000-1,192651.31802284642,187862,0.36816239999461686,0.3670791999975336,0.001083199997083284,444.88808599999174,ok,2.5493809407152157,2.5493809407152157
Linear_V3,TSP-truncated_exponential-n700-g1000-5,19218.112364289293,18831,0.38878110000223387,0.38490420000016456,0.0038769000020693056,3.8636980000010226,ok,2.055718571978613,2.055718571978613
Linear_V3,TSP-truncated_exponential-n700-g1000-1,19784.186532222546,19428,0.41761140000016894,0.4148046000045724,0.0028067999955965206,5.695682100005797,ok,1.8333669560559287,1.8333669560559287
Linear_V3,TSP-truncated_exponential-n700-g1000-4,19364.996471702343,18979,0.4068786999923759,0.40284299999621,0.004035699996165931,6.533752999996068,ok,2.0338082707326155,2.0338082707326155
Linear_V3,TSP-truncated_exponential-n700-g10000-3,191095.15217928667,186837,0.38927580000745365,0.38720330000069225,0.002072500006761402,4.971037100011017,ok,2.2790732988041285,2.2790732988041285
Linear_V3,TSP-truncated_exponential-n700-g1000-2,19227.39256596843,19182,0.4301999999952386,0.42911800000001676,0.0010819999952218495,7.5607866999926046,ok,0.23664146579307813,0.23664146579307813
Linear_V3,TSP-truncated_exponential-n80-g10000-5,70882.394154887,72206,0.1464655000017956,0.14523259999987204,0.0012329000019235536,0.7919456999952672,ok,-1.8330967580436441,1.8330967580436441
Linear_V3,TSP-truncated_exponential-n90-g1000-1,7138.099577999735,6972,0.07682220000424422,0.07508110000344459,0.0017411000007996336,0.21260110000730492,ok,2.3823806368292417,2.3823806368292417
Linear_V3,TSP-truncated_exponential-n90-g1000-4,6925.532982867781,6930,0.0530813000004855,0.050689600000623614,0.002391699999861885,0.5220962999883341,ok,-0.0644591216770367,0.0644591216770367
Linear_V3,TSP-truncated_exponential-n90-g1000-3,6954.092214339334,7038,0.06683550000161631,0.06375770000158809,0.003077800000028219,1.6510513999965042,ok,-1.1922106516150381,1.1922106516150381
Linear_V3,TSP-truncated_exponential-n90-g1000-5,7025.581061290788,6853,0.06404330000805203,0.06139200000325218,0.0026513000047998503,0.3133582999871578,ok,2.518328634040392,2.518328634040392
Linear_V3,TSP-truncated_exponential-n90-g1000-2,7299.63788099987,7034,0.08148079999955371,0.0802315999972052,0.0012492000023485161,0.19566430000122637,ok,3.7764839493868294,3.7764839493868294
Linear_V3,TSP-truncated_exponential-n90-g10000-1,71708.81003466395,73301,0.07870069999626139,0.0764366000003065,0.0022640999959548935,0.2502978999982588,ok,-2.1721258445806266,2.1721258445806266
Linear_V3,TSP-truncated_exponential-n90-g10000-2,66705.06885214958,65675,0.07621809999545803,0.07495529999869177,0.0012627999967662618,0.25122420000843704,ok,1.5684337299574813,1.5684337299574813
Linear_V3,TSP-truncated_exponential-n90-g10000-3,74526.08234623799,74850,0.08701120000478113,0.08277090000046883,0.004240300004312303,0.3857248999993317,ok,-0.4327557164489082,0.4327557164489082
Linear_V3,TSP-truncated_exponential-n90-g10000-4,74057.9108756456,73220,0.07431959999667015,0.07305169999744976,0.0012678999992203899,0.6640833999990718,ok,1.1443743180081904,1.1443743180081904
Linear_V3,TSP-truncated_exponential-n90-g10000-5,68356.13434022693,69715,0.07522279999830062,0.0741007999968133,0.0011220000014873222,0.3143764000124065,ok,-1.949172573725989,1.949172573725989
Linear_V3,TSP-truncated_exponential-n700-g10000-4,195519.83696926307,190909,0.5740618999989238,0.5728562000003876,0.0012056999985361472,28.06956679999712,ok,2.4152014673289712,2.4152014673289712
Linear_V3,TSP-truncated_exponential-n700-g10000-5,193520.05999868357,189874,0.5681867000021157,0.5662518000026466,0.001934899999469053,5.156797800009372,ok,1.920252377199392,1.920252377199392
Linear_V3,TSP-truncated_exponential-n800-g1000-4,20673.350987043035,20259,0.3539736000020639,0.35202949999802513,0.0019441000040387735,57.34619060000114,ok,2.0452687054792205,2.0452687054792205
Linear_V3,TSP-truncated_exponential-n800-g1000-5,20857.559304560742,20559,0.36186959999758983,0.3593817000000854,0.002487899997504428,275.7566603999876,ok,1.4522073279864878,1.4522073279864878
Linear_V3,TSP-uniform_triangular-n10-g1000-1,2377.6869816228573,2670,0.017673899994406383,0.015941400000883732,0.0017324999935226515,0.039127099997131154,ok,-10.948053122739427,10.948053122739427
Linear_V3,TSP-uniform_triangular-n10-g1000-2,2071.9682721348663,2466,0.010534399996686261,0.009394699998665601,0.0011396999980206601,0.07378099999914411,ok,-15.978577772308746,15.978577772308746
Linear_V3,TSP-truncated_exponential-n800-g10000-1,211009.54537534137,207066,0.3875031999996281,0.38623679999727756,0.001266400002350565,7.033711900003254,ok,1.9044871564338786,1.9044871564338786
Linear_V3,TSP-truncated_exponential-n800-g10000-2,207079.8357473516,202341,0.3869685999961803,0.3855504999955883,0.0014181000005919486,5.219515300006606,ok,2.3420047085620848,2.3420047085620848
Linear_V3,TSP-uniform_triangular-n10-g1000-3,2702.9103495060967,2780,0.031112899996514898,0.018857900002331007,0.01225499999418389,0.037010399988503195,ok,-2.7730090105720597,2.7730090105720597
Linear_V3,TSP-uniform_triangular-n10-g1000-4,2550.9381212815542,2598,0.024142900001606904,0.015858400001889095,0.00828449999971781,0.04834370000753552,ok,-1.8114656935506452,1.8114656935506452
Linear_V3,TSP-uniform_triangular-n10-g1000-5,2344.0267602832487,2598,0.01876359999732813,0.017409799998858944,0.001353799998469185,0.04393580000032671,ok,-9.775721313192893,9.775721313192893
Linear_V3,TSP-uniform_triangular-n10-g10000-1,25747.668632354525,27793,0.017481800008681603,0.015299700004106853,0.0021821000045747496,0.038115899995318614,ok,-7.359160103786833,7.359160103786833
Linear_V3,TSP-uniform_triangular-n10-g10000-2,20574.308890398937,21960,0.01778840000042692,0.016364399998565204,0.0014240000018617138,0.03740960000141058,ok,-6.310068805105021,6.310068805105021
Linear_V3,TSP-uniform_triangular-n10-g10000-3,20272.822519267134,24214,0.02679869999701623,0.019412599998759106,0.007386099998257123,0.04058669999358244,ok,-16.276441235371543,16.276441235371543
Linear_V3,TSP-uniform_triangular-n10-g10000-4,23030.094281400547,25658,0.02660679999826243,0.019516799999109935,0.0070899999991524965,0.10192139999708161,ok,-10.242052064071453,10.242052064071453
Linear_V3,TSP-truncated_exponential-n800-g10000-5,209600.72343045403,201949,0.3966486999997869,0.39503939999849536,0.0016093000012915581,7.663514800005942,ok,3.7889385094524024,3.7889385094524024
Linear_V3,TSP-uniform_triangular-n10-g10000-5,19204.961620405928,19647,0.021652799994626548,0.020548399996187072,0.001104399998439476,0.051638299992191605,ok,-2.249902680277256,2.249902680277256
Linear_V3,TSP-uniform_triangular-n100-g1000-4,6597.117691631872,6854,0.035657299995364156,0.03351549999933923,0.002141799996024929,0.7597837000066647,ok,-3.7479181261763665,3.7479181261763665
Linear_V3,TSP-uniform_triangular-n100-g1000-2,7469.516373565463,7566,0.04103860000032,0.039825899999414105,0.0012127000009058975,0.45138180001231376,ok,-1.2752263604881937,1.2752263604881937
Linear_V3,TSP-uniform_triangular-n100-g1000-1,7068.195761140219,7095,0.06539820000034524,0.06290050000097835,0.002497699999366887,0.38197099999524653,ok,-0.3777905406593578,0.3777905406593578
Linear_V3,TSP-uniform_triangular-n100-g1000-3,7372.320940205176,7523,0.04934599999978673,0.04748449999897275,0.001861500000813976,0.2793161000008695,ok,-2.002911867537204,2.002911867537204
Linear_V3,TSP-uniform_triangular-n100-g1000-5,7099.0301241742045,7071,0.06206019999808632,0.060292599999229424,0.0017675999988568947,2.3517431000072975,ok,0.39640961920809653,0.39640961920809653
Linear_V3,TSP-truncated_exponential-n900-g10000-2,223459.25312490106,217885,0.34017949999542907,0.3389806999985012,0.0011987999969278462,12.581449600009364,ok,2.558346432705815,2.558346432705815
Linear_V3,TSP-truncated_exponential-n900-g1000-1,21531.458131251144,21338,0.41162630000326317,0.40998360000230605,0.0016427000009571202,18.191402099997504,ok,0.9066366634696019,0.9066366634696019
Linear_V3,TSP-uniform_triangular-n100-g10000-2,74601.13877344293,73999,0.06868759999633767,0.06764059999841265,0.0010469999979250133,0.38209810000262223,ok,0.8137120413018148,0.8137120413018148
Linear_V3,TSP-uniform_triangular-n100-g10000-1,73017.38615044107,72457,0.07875029999559047,0.0762243999997736,0.0025258999958168715,0.19156780000776052,ok,0.7734051236472311,0.7734051236472311
Linear_V3,TSP-truncated_exponential-n900-g1000-2,21953.245152722855,21377,0.4288775999957579,0.42325939999864204,0.00561819999711588,107.81922990000749,ok,2.695631532595102,2.695631532595102
Linear_V3,TSP-uniform_triangular-n100-g10000-4,73816.01939916826,73229,0.07704359999479493,0.07238890000007814,0.004654699994716793,0.7512664999958361,ok,0.8016214876186496,0.8016214876186496
Linear_V3,TSP-uniform_triangular-n100-g10000-5,66823.946952167,65984,0.08045359999960056,0.07929090000106953,0.001162699998531025,0.3678485999989789,ok,1.272955492493629,1.272955492493629
Linear_V3,TSP-uniform_triangular-n100-g10000-3,73838.39735328344,75205,0.09316260000196053,0.08930240000336198,0.003860199998598546,0.49826790000952315,ok,-1.8171699311436271,1.8171699311436271
Linear_V3,TSP-truncated_exponential-n900-g10000-3,219809.26068264386,215086,0.4032379000054789,0.4013684000019566,0.001869500003522262,10.437070799991488,ok,2.1959870389722513,2.1959870389722513
Linear_V3,TSP-truncated_exponential-n900-g1000-5,21859.68794459697,21512,0.4455205999984173,0.4412847999992664,0.004235799999150913,21.06411059999664,ok,1.6162511370257142,1.6162511370257142
Linear_V3,TSP-truncated_exponential-n900-g1000-3,21992.15414685611,21764,0.4813505000056466,0.4795375000030617,0.0018130000025848858,10.076480599993374,ok,1.0483098091164849,1.0483098091164849
Linear_V3,TSP-truncated_exponential-n900-g1000-4,22258.817953149162,21743,0.5010563000032562,0.496186199998192,0.00487010000506416,505.8864300000132,ok,2.3723403079113385,2.3723403079113385
Linear_V3,TSP-truncated_exponential-n800-g1000-2,20631.081624818584,20175,0.7158043000017642,0.7147199000028195,0.0010843999989447184,6.017228900003829,ok,2.2606276323102046,2.2606276323102046
Linear_V3,TSP-uniform_triangular-n20-g1000-1,2928.4702839751753,3120,0.03697439999814378,0.03290579999884358,0.004068599999300204,0.06552579998970032,ok,-6.138772949513611,6.138772949513611
Linear_V3,TSP-truncated_exponential-n800-g1000-3,20515.55676177575,20201,0.723514500001329,0.7208453999992344,0.0026691000020946376,7.805563199988683,ok,1.5571346060875775,1.5571346060875775
Linear_V3,TSP-truncated_exponential-n800-g10000-3,207029.5365357332,202869,0.6823044999982812,0.6816094999958295,0.0006950000024517067,4.032514699996682,ok,2.050848841239029,2.050848841239029
Linear_V3,TSP-truncated_exponential-n800-g1000-1,20656.402827355636,20348,0.7433940999981132,0.7424897999953828,0.0009043000027304515,2.9449210000020685,ok,1.5156419665600351,1.5156419665600351
Linear_V3,TSP-uniform_triangular-n20-g1000-3,2864.90478926707,3115,0.026398699992569163,0.025170499997329898,0.0012281999952392653,0.041855899995425716,ok,-8.028738707317173,8.028738707317173
Linear_V3,TSP-uniform_triangular-n20-g1000-5,3605.8884340060035,3801,0.027691400006006006,0.024684200005140156,0.0030072000008658506,0.1420730999961961,ok,-5.1331640619309775,5.1331640619309775
Linear_V3,TSP-uniform_triangular-n20-g1000-2,2949.8998489142036,3077,0.04190420000668382,0.04011500000342494,0.001789200003258884,0.054151699994690716,ok,-4.1306516439972825,4.1306516439972825
Linear_V3,TSP-truncated_exponential-n800-g10000-4,208962.5225187031,204181,0.6920774000100209,0.6905677000031574,0.001509700006863568,5.689506599999731,ok,2.341805808916159,2.341805808916159
Linear_V3,TSP-uniform_triangular-n20-g1000-4,3408.8496275819966,3821,0.03357070000492968,0.02970420000201557,0.0038665000029141083,0.15424040000652894,ok,-10.78645308605086,10.78645308605086
Linear_V3,TSP-uniform_triangular-n20-g10000-2,39187.40280085097,39057,0.03152370000316296,0.03055830000084825,0.0009654000023147091,0.12039070000173524,ok,0.33387818022626004,0.33387818022626004
Linear_V3,TSP-uniform_triangular-n20-g10000-1,31407.38372020371,31436,0.034703899997111876,0.03405740000016522,0.0006464999969466589,0.043070899992017075,ok,-0.09103028310309755,0.09103028310309755
Linear_V3,TSP-uniform_triangular-n20-g10000-4,31725.658055708536,34268,0.0283871000065119,0.027673000004142523,0.0007141000023693778,0.10125909998896532,ok,-7.418997152712336,7.418997152712336
Linear_V3,TSP-uniform_triangular-n20-g10000-3,26089.52192333591,28959,0.038601300002483185,0.03735690000030445,0.001244400002178736,0.04300409999268595,ok,-9.908760926358267,9.908760926358267
Linear_V3,TSP-uniform_triangular-n20-g10000-5,29335.726274033987,31335,0.031152299998211674,0.027807999998913147,0.003344299999298528,0.14119900000514463,ok,-6.380321448750641,6.380321448750641
Linear_V3,TSP-uniform_triangular-n200-g1000-2,10011.859244630936,9935,0.08296340001106728,0.08041350000712555,0.0025499000039417297,1.4681482000014512,ok,0.7736209826968877,0.7736209826968877
Linear_V3,TSP-uniform_triangular-n200-g10000-2,99865.62940585353,100016,0.08864059999177698,0.08745359999738866,0.0011869999943883158,2.598225599998841,ok,-0.15034653870028025,0.15034653870028025
Linear_V3,TSP-uniform_triangular-n200-g1000-1,9484.179308897792,9508,0.13117449999117525,0.12868689999595517,0.00248759999522008,0.9862868000054732,ok,-0.25053314158822043,0.25053314158822043
Linear_V3,TSP-uniform_triangular-n200-g1000-4,9919.875474240114,9962,0.12238559999968857,0.12047110000276007,0.0019144999969284981,1.4906371999968542,ok,-0.4228520955619928,0.4228520955619928
Linear_V3,TSP-uniform_triangular-n200-g1000-3,10106.454169648685,9944,0.13261139999667648,0.13170410000020638,0.0009072999964701012,1.410049700003583,ok,1.633690362516944,1.633690362516944
Linear_V3,TSP-uniform_triangular-n200-g1000-5,9316.607939678317,9406,0.12674069999775384,0.1255830000009155,0.0011576999968383461,0.8812077999900794,ok,-0.9503727442237183,0.9503727442237183
Linear_V3,TSP-uniform_triangular-n200-g10000-1,98292.83749229166,97287,0.1268735999983619,0.12598550000257092,0.0008880999957909808,1.366396999990684,ok,1.033886842323903,1.033886842323903
Linear_V3,TSP-uniform_triangular-n30-g1000-1,3846.2738155084926,3892,0.02974970000650501,0.029063500005577225,0.0006862000009277835,0.054722400003811345,ok,-1.1748762716214647,1.1748762716214647
Linear_V3,TSP-truncated_exponential-n900-g10000-1,216740.11824514184,210638,0.7018023999989964,0.7011394000001019,0.0006629999988945201,4.239378199999919,ok,2.896969324215879,2.896969324215879
Linear_V3,TSP-uniform_triangular-n30-g1000-2,4149.711949679346,4344,0.034144200006267056,0.032739200003561564,0.001405000002705492,0.0991340000036871,ok,-4.472561011064786,4.472561011064786
Linear_V3,TSP-uniform_triangular-n30-g1000-3,4033.7370776060243,3959,0.029248400001961272,0.028010900001390837,0.001237500000570435,0.1262745999993058,ok,1.887776650821528,1.887776650821528
Linear_V3,TSP-uniform_triangular-n30-g1000-4,4079.07350728105,4175,0.031301700008043554,0.030328600005304907,0.0009731000027386472,0.03524040000047535,ok,-2.297640544166471,2.297640544166471
Linear_V3,TSP-uniform_triangular-n30-g1000-5,3145.4851862156484,3299,0.02730609999707667,0.02569499999663094,0.001611100000445731,0.04404320000321604,ok,-4.65337416745534,4.65337416745534
Linear_V3,TSP-uniform_triangular-n30-g10000-1,40044.346224419794,40027,0.02659240000502905,0.02555870000651339,0.001033699998515658,0.06891190000169445,ok,0.043336309040883536,0.043336309040883536
Linear_V3,TSP-uniform_triangular-n30-g10000-2,37677.48837238788,38650,0.02734710000368068,0.026510800002142787,0.000836300001537893,0.0448640999966301,ok,-2.516200847638083,2.516200847638083
Linear_V3,TSP-uniform_triangular-n30-g10000-3,39444.449553096994,40231,0.03226300000096671,0.03122560000338126,0.001037399997585453,0.062312000009114854,ok,-1.9550854985036554,1.9550854985036554
Linear_V3,TSP-uniform_triangular-n200-g10000-3,101288.88129492966,99992,0.1262592999919434,0.12167699999554316,0.004582299996400252,2.162948700002744,ok,1.296985053733954,1.296985053733954
Linear_V3,TSP-uniform_triangular-n30-g10000-4,38258.72756195106,38728,0.03730780000478262,0.03504620000603609,0.002261599998746533,0.07114549999823794,ok,-1.2117135871951508,1.2117135871951508
Linear_V3,TSP-uniform_triangular-n30-g10000-5,39884.295676901485,41266,0.03503140000248095,0.03396410000277683,0.0010672999997041188,0.06501019999268465,ok,-3.3482875081144634,3.3482875081144634
Linear_V3,TSP-uniform_triangular-n200-g10000-4,99426.81987890815,98589,0.14716120000230148,0.14592499999707798,0.001236200005223509,1.3945509000041056,ok,0.8498107079980025,0.8498107079980025
Linear_V3,TSP-uniform_triangular-n200-g10000-5,96211.04401966964,96125,0.14714429999730783,0.14606600000115577,0.0010782999961520545,0.5895320999989053,ok,0.08951263424670336,0.08951263424670336
Linear_V3,TSP-uniform_triangular-n1000-g10000-1,221259.79347922254,215362,0.4500443999932031,0.44429789999412606,0.005746499999077059,7.368569099984597,ok,2.738548805835079,2.738548805835079
Linear_V3,TSP-truncated_exponential-n900-g10000-4,220255.3576282767,215586,0.7503150999982608,0.7493238999959431,0.0009912000023177825,20.03683060000185,ok,2.165890933676903,2.165890933676903
Linear_V3,TSP-uniform_triangular-n1000-g1000-1,22232.685041479428,21758,0.5067022999937763,0.501826899999287,0.004875399994489271,6.220243300005677,ok,2.1816575120848793,2.1816575120848793
Linear_V3,TSP-truncated_exponential-n900-g10000-5,221966.35053881453,214709,0.7592468000002555,0.758581599999161,0.0006652000010944903,14.337211800011573,ok,3.3800867866808226,3.3800867866808226
Linear_V3,TSP-uniform_triangular-n1000-g10000-3,221141.39506921184,213598,0.4596755000020494,0.45803259999956936,0.0016429000024800189,11.144670300011057,ok,3.5315850659705794,3.5315850659705794
Linear_V3,TSP-uniform_triangular-n1000-g1000-4,22116.404364504622,21525,0.5113152999983868,0.5097561000002315,0.0015591999981552362,168.18047389999265,ok,2.7475231800447024,2.7475231800447024
Linear_V3,TSP-uniform_triangular-n1000-g1000-3,22405.899011674934,21841,0.523233199994138,0.5218426999999792,0.0013904999941587448,8.907673300011083,ok,2.586415510621921,2.586415510621921
Linear_V3,TSP-uniform_triangular-n40-g1000-2,4196.896325057949,4407,0.04725339999276912,0.04637419999926351,0.0008791999935056083,0.0599930000025779,ok,-4.767498864126411,4.767498864126411
Linear_V3,TSP-uniform_triangular-n40-g1000-1,4605.032515133967,4644,0.05100690000108443,0.04966229999990901,0.0013446000011754222,0.05339739999908488,ok,-0.8390931280368944,0.8390931280368944
Linear_V3,TSP-uniform_triangular-n40-g1000-4,5422.782451326752,5454,0.04005920000054175,0.038451799999165814,0.001607400001375936,0.04572870000265539,ok,-0.5723789635725636,0.5723789635725636
Linear_V3,TSP-uniform_triangular-n40-g1000-5,4739.959078074134,4711,0.0453851999991457,0.04374449999886565,0.0016407000002800487,0.04130440000153612,ok,0.6147119098733536,0.6147119098733536
Linear_V3,TSP-uniform_triangular-n1000-g10000-2,220488.5582786779,213786,0.5462331000089762,0.5452933000051416,0.0009398000038345344,5.789386899996316,ok,3.13517175057202,3.13517175057202
Linear_V3,TSP-uniform_triangular-n1000-g1000-2,22295.208099830106,21762,0.5928085999985342,0.5810834000003524,0.011725199998181779,95.60107259999495,ok,2.4501796702054324,2.4501796702054324
Linear_V3,TSP-uniform_triangular-n40-g1000-3,4618.917219257292,4864,0.06204589999833843,0.061199499999929685,0.0008463999984087422,0.17867789999581873,ok,-5.03870848566422,5.03870848566422
Linear_V3,TSP-uniform_triangular-n1000-g10000-4,218976.40283298958,212579,0.5347604999988107,0.5336182000028202,0.00114229999599047,10.348479400010547,ok,3.009423712120944,3.009423712120944
Linear_V3,TSP-uniform_triangular-n40-g10000-2,45382.79310999293,45123,0.047686699996120296,0.03956839999591466,0.008118300000205636,0.06620859999384265,ok,0.5757443210622665,0.5757443210622665
Linear_V3,TSP-uniform_triangular-n1000-g1000-5,21780.71066447291,21233,0.5974159000033978,0.5948375000007218,0.0025784000026760623,60.90263229999982,ok,2.5795255709174874,2.5795255709174874
Linear_V3,TSP-uniform_triangular-n300-g1000-4,11864.776325046785,11690,0.23571730000548996,0.227878800003964,0.007838500001525972,3.8687978999951156,ok,1.4950926009134742,1.4950926009134742
Linear_V3,TSP-uniform_triangular-n1000-g10000-5,223925.51262890248,218764,0.5472937000013189,0.5446822000012617,0.0026115000000572763,23.482761599996593,ok,2.359397628907168,2.359397628907168
Linear_V3,TSP-uniform_triangular-n40-g10000-3,44928.73608177235,45668,0.052228200001991354,0.04839240000001155,0.0038358000019798055,0.14810669999860693,ok,-1.6187788346931047,1.6187788346931047
Linear_V3,TSP-uniform_triangular-n40-g10000-4,44960.71447658962,49679,0.04782759999943664,0.04224200000317069,0.005585599996265955,0.13802359999681357,ok,-9.497545287566934,9.497545287566934
Linear_V3,TSP-uniform_triangular-n40-g10000-1,52320.51616231418,52662,0.08802049999940209,0.08699129999877186,0.001029200000630226,0.09842680000292603,ok,-0.6484444906874349,0.6484444906874349
Linear_V3,TSP-uniform_triangular-n300-g1000-1,12030.255214248742,12042,0.298178299999563,0.2969315000009374,0.0012467999986256473,1.411576899990905,ok,-0.09753185310793847,0.09753185310793847
Linear_V3,TSP-uniform_triangular-n300-g10000-2,122338.78286685747,121847,0.2287328999955207,0.22366279999550898,0.005070100000011735,7.510787400009576,ok,0.40360687325700734,0.40360687325700734
Linear_V3,TSP-uniform_triangular-n40-g10000-5,46124.15560189704,47103,0.06983999999647494,0.06802009999955771,0.0018198999969172291,0.12637440000253264,ok,-2.0780935356621937,2.0780935356621937
Linear_V3,TSP-uniform_triangular-n5-g1000-2,1662.2394699859065,2000,0.011053000001993496,0.006531999999424443,0.004521000002569053,0.29695219999121036,ok,-16.88802650070468,16.88802650070468
Linear_V3,TSP-uniform_triangular-n5-g1000-1,1307.7924257475427,1551,0.012693000004219357,0.011680700001306832,0.001012300002912525,0.4574391000060132,ok,-15.680694664890865,15.680694664890865
Linear_V3,TSP-uniform_triangular-n300-g1000-3,12107.851293234206,11961,0.3068719999937457,0.3060498999984702,0.0008220999952754937,3.5800809000065783,ok,1.227750967596401,1.227750967596401
Linear_V3,TSP-uniform_triangular-n5-g1000-3,2314.305323341419,2554,0.022683399998641107,0.020355799999379087,0.00232759999926202,0.0457380000007106,ok,-9.385069563765901,9.385069563765901
Linear_V3,TSP-uniform_triangular-n300-g1000-2,11961.24513800787,11692,0.3164233999996213,0.3145153000004939,0.0019080999991274439,1.0158741000050213,ok,2.3028150702007286,2.3028150702007286
Linear_V3,TSP-uniform_triangular-n5-g1000-5,2256.2163680313856,2419,0.013651100001879968,0.01272189999872353,0.0009292000031564385,0.08552090000011958,ok,-6.729377096676907,6.729377096676907
Linear_V3,TSP-uniform_triangular-n5-g10000-1,16056.293221050488,18755,0.015098900003067683,0.014328600002045278,0.0007703000010224059,0.23734790000889916,ok,-14.389265683548452,14.389265683548452
Linear_V3,TSP-uniform_triangular-n5-g10000-3,15320.332991720821,17033,0.016361599999072496,0.013384900004894007,0.002976699994178489,0.15653539999038912,ok,-10.054993297006861,10.054993297006861
Linear_V3,TSP-uniform_triangular-n5-g1000-4,2084.9742127407785,2477,0.025974800002586562,0.02211110000644112,0.003863699996145442,0.1290967999957502,ok,-15.826636546597559,15.826636546597559
Linear_V3,TSP-uniform_triangular-n5-g10000-4,13622.392404694207,17232,0.017041400002199225,0.015408200000820216,0.0016332000013790093,0.2638720000104513,ok,-20.947119285665003,20.947119285665003
Linear_V3,TSP-uniform_triangular-n5-g10000-2,12971.137557514894,15758,0.02880110000842251,0.026225400004477706,0.002575700003944803,0.14323579998745117,ok,-17.685381663187624,17.685381663187624
Linear_V3,TSP-uniform_triangular-n300-g10000-4,121502.996907327,119905,0.2553981000019121,0.25086390000069514,0.004534200001216959,2.4900805999932345,ok,1.3327191587731988,1.3327191587731988
Linear_V3,TSP-uniform_triangular-n300-g1000-5,12069.821181614374,11922,0.33792889999313047,0.3356350999965798,0.0022937999965506606,1.1917872000049101,ok,1.2399025466731584,1.2399025466731584
Linear_V3,TSP-uniform_triangular-n300-g10000-1,123150.73956181302,121897,0.3394523000024492,0.33879320000414737,0.0006590999983018264,4.730563100005384,ok,1.02852372233363,1.02852372233363
Linear_V3,TSP-uniform_triangular-n5-g10000-5,22115.67737294319,26796,0.027966499998001382,0.025255100001231767,0.0027113999967696145,0.15634429999045096,ok,-17.466497339367102,17.466497339367102
Linear_V3,TSP-uniform_triangular-n50-g1000-1,5268.494630108236,5394,0.040433299996948335,0.039491999996243976,0.0009413000007043593,0.21626929999911226,ok,-2.3267588040742235,2.3267588040742235
Linear_V3,TSP-uniform_triangular-n50-g10000-1,49213.67989601071,50423,0.030002999999851454,0.029039200002443977,0.0009637999974074773,0.15758710000955034,ok,-2.3983501655777886,2.3983501655777886
Linear_V3,TSP-uniform_triangular-n50-g10000-3,54419.9528676751,53897,0.030357400006323587,0.027769100001023617,0.0025883000052999705,0.11879370000679046,ok,0.9702819594320643,0.9702819594320643
Linear_V3,TSP-uniform_triangular-n50-g1000-3,5055.010927330224,5124,0.04735449999861885,0.046302599999762606,0.0010518999988562427,0.10216029999719467,ok,-1.3463909576458988,1.3463909576458988
Linear_V3,TSP-uniform_triangular-n50-g10000-2,48765.881377707505,50370,0.04147630000807112,0.040464100005920045,0.0010122000021510758,0.3083958000061102,ok,-3.184670681541583,3.184670681541583
Linear_V3,TSP-uniform_triangular-n50-g1000-2,4493.651374601475,4766,0.051291400006448384,0.04445510000368813,0.006836300002760254,0.09536150000349153,ok,-5.71440674356955,5.71440674356955
Linear_V3,TSP-uniform_triangular-n50-g1000-5,5034.8976130784795,5259,0.05384849999973085,0.049588499998208135,0.004260000001522712,0.06928369999513961,ok,-4.261311787821269,4.261311787821269
Linear_V3,TSP-uniform_triangular-n300-g10000-3,117143.4715882295,116450,0.35428359999059467,0.3533277999958955,0.0009557999946991913,2.0110162000055425,ok,0.5955101659334466,0.5955101659334466
Linear_V3,TSP-uniform_triangular-n50-g1000-4,4819.416094637835,5083,0.06206709999969462,0.06086169999616686,0.0012054000035277568,0.08920810000563506,ok,-5.185597193825789,5.185597193825789
Linear_V3,TSP-uniform_triangular-n50-g10000-4,52293.77122049482,53406,0.05834120000508847,0.0573389000055613,0.0010022999995271675,0.3292180999997072,ok,-2.0825914307478217,2.0825914307478217
Linear_V3,TSP-uniform_triangular-n300-g10000-5,122597.10405613459,119328,0.3406777000054717,0.33964820000255713,0.001029500002914574,2.158868499987875,ok,2.7395951127435194,2.7395951127435194
Linear_V3,TSP-uniform_triangular-n50-g10000-5,47097.71234357876,47770,0.05700519999663811,0.05604329999914626,0.0009618999974918552,0.14231840000138618,ok,-1.407342801802893,1.407342801802893
Linear_V3,TSP-uniform_triangular-n400-g1000-3,14464.074772048607,14312,0.2521349000016926,0.24729569999908563,0.004839200002606958,25.691910099994857,ok,1.062568278707427,1.062568278707427
Linear_V3,TSP-uniform_triangular-n400-g1000-2,14074.028615123207,13742,0.279190599998401,0.2758931999997003,0.003297399998700712,5.4762487999978475,ok,2.4161593299607533,2.4161593299607533
Linear_V3,TSP-uniform_triangular-n400-g1000-4,13617.749043897142,13464,0.25043880000157515,0.24808389999816427,0.002354900003410876,3.791962200004491,ok,1.1419269451659368,1.1419269451659368
Linear_V3,TSP-uniform_triangular-n400-g10000-4,139189.2441426573,136495,0.24026170000433922,0.2390612000017427,0.0012005000025965273,5.1945746000128565,ok,1.9738775359224086,1.9738775359224086
Linear_V3,TSP-uniform_triangular-n400-g1000-1,13748.766680807375,13705,0.294094100005168,0.2912519000019529,0.002842200003215112,4.24215569999069,ok,0.3193482729469205,0.3193482729469205
Linear_V3,TSP-uniform_triangular-n400-g10000-1,136462.49863476964,135634,0.27472340000531403,0.2735993000023882,0.001124100002925843,2.5031051999976626,ok,0.610834034806641,0.610834034806641
Linear_V3,TSP-uniform_triangular-n400-g1000-5,14080.615840200784,13871,0.2882047000020975,0.2849363999994239,0.003268300002673641,5.402125900000101,ok,1.5111804498650716,1.5111804498650716
Linear_V3,TSP-uniform_triangular-n400-g10000-3,137930.78350694402,134843,0.2754069000002346,0.27299540000240086,0.0024114999978337437,5.719065299999784,ok,2.289910122842134,2.289910122842134
Linear_V3,TSP-uniform_triangular-n60-g1000-1,5465.769844191878,5705,0.05337300000246614,0.05187440000008792,0.0014986000023782253,0.2479909000103362,ok,-4.193341907241397,4.193341907241397
Linear_V3,TSP-uniform_triangular-n400-g10000-2,137428.92025026257,133888,0.3063095000034082,0.3030205000031856,0.003289000000222586,2.885844399992493,ok,2.6446882844336836,2.6446882844336836
Linear_V3,TSP-uniform_triangular-n60-g1000-3,5586.61375768998,5692,0.057743500008655246,0.05655330000445247,0.0011902000042027794,0.12388110000756569,ok,-1.8514800124739976,1.8514800124739976
Linear_V3,TSP-uniform_triangular-n60-g1000-2,5244.125483750597,5323,0.06186130000423873,0.05818680000083987,0.0036745000033988617,0.13327299999946263,ok,-1.4817681053804868,1.4817681053804868
Linear_V3,TSP-uniform_triangular-n60-g1000-4,5679.83557941877,5778,0.06063980000180891,0.05915159999858588,0.001488200003223028,0.07575840000936296,ok,-1.6989342433580812,1.6989342433580812
Linear_V3,TSP-uniform_triangular-n60-g10000-2,61701.74857891676,61276,0.048119500002940185,0.045889100001659244,0.002230400001280941,0.13029000000096858,ok,0.69480478313983,0.69480478313983
Linear_V3,TSP-uniform_triangular-n60-g1000-5,5392.848138492967,5689,0.06892080000397982,0.06425160000071628,0.0046692000032635406,0.08094780000101309,ok,-5.205692766866456,5.205692766866456
Linear_V3,TSP-uniform_triangular-n60-g10000-3,52779.10057478004,52534,0.08033660000364762,0.07526090000465047,0.005075699998997152,0.11176490000798367,ok,0.4665560870674939,0.4665560870674939
Linear_V3,TSP-uniform_triangular-n60-g10000-4,51007.84227477856,54532,0.08515320000879001,0.08307710000372026,0.0020761000050697476,0.6207149999972899,ok,-6.462549925220864,6.462549925220864
Linear_V3,TSP-uniform_triangular-n60-g10000-1,54125.85952543437,55239,0.10785119999491144,0.10626760000013746,0.0015835999947739765,0.13756719999946654,ok,-2.0151350939836576,2.0151350939836576
Linear_V3,TSP-uniform_triangular-n60-g10000-5,55159.02040382077,55930,0.08270379999885336,0.08121640000172192,0.0014873999971314333,0.15202599999611266,ok,-1.3784723693531795,1.3784723693531795
Linear_V3,TSP-uniform_triangular-n400-g10000-5,139093.9066300411,137764,0.4085910999929183,0.4075442999965162,0.0010467999964021146,3.829834199990728,ok,0.9653513472613359,0.9653513472613359
Linear_V3,TSP-uniform_triangular-n500-g1000-5,15324.998729860228,15196,0.2816842000102042,0.279208900006779,0.002475300003425218,5.67578869999852,ok,0.8488992488827862,0.8488992488827862
Linear_V3,TSP-uniform_triangular-n500-g1000-4,15667.814792824438,15434,0.3051545999987866,0.30311779999465216,0.0020368000041344203,5.538398000004236,ok,1.5149332177299337,1.5149332177299337
Linear_V3,TSP-uniform_triangular-n500-g10000-2,159150.58747442934,154814,0.30611449999560136,0.3040456999951857,0.0020688000004156493,2.6223631000029854,ok,2.8011597623143514,2.8011597623143514
Linear_V3,TSP-uniform_triangular-n70-g1000-1,5711.99523094738,5918,0.04588159999548225,0.04403889999957755,0.0018426999959046952,0.2860698999866145,ok,-3.4809862969351104,3.4809862969351104
Linear_V3,TSP-uniform_triangular-n70-g1000-2,6096.476686187496,6046,0.03653800000756746,0.03533840000454802,0.001199600003019441,0.12887919999775477,ok,0.8348773765712197,0.8348773765712197
Linear_V3,TSP-uniform_triangular-n70-g1000-3,5793.315149645672,6016,0.042831299993849825,0.041464399997494183,0.0013668999963556416,6.287103499998921,ok,-3.701543390198269,3.701543390198269
Linear_V3,TSP-uniform_triangular-n70-g1000-4,6119.504683209235,6283,0.03652010000223527,0.035282400000141934,0.0012377000020933338,0.1889865999983158,ok,-2.6021855290588123,2.6021855290588123
Linear_V3,TSP-uniform_triangular-n500-g1000-1,15791.49105449821,15491,0.42496149999351474,0.4242632999958005,0.000698199997714255,5.692511699991883,ok,1.939778287381127,1.939778287381127
Linear_V3,TSP-uniform_triangular-n70-g1000-5,5974.029150925956,5831,0.04963010000210488,0.04520300000149291,0.004427100000611972,0.17057470000872854,ok,2.4529094653739656,2.4529094653739656
Linear_V3,TSP-uniform_triangular-n70-g10000-1,56136.970142552476,58369,0.04950299999472918,0.04822959999728482,0.0012733999974443577,0.21001650000107475,ok,-3.8239987963602657,3.8239987963602657
Linear_V3,TSP-uniform_triangular-n500-g1000-3,15259.097205609378,15017,0.4280722999974387,0.42391889999998966,0.004153399997449014,2.912811000001966,ok,1.6121542625649454,1.6121542625649454
Linear_V3,TSP-uniform_triangular-n500-g1000-2,16320.0870057343,16061,0.45206039999902714,0.45046600000205217,0.0015943999969749711,4.310285699990345,ok,1.6131436755762403,1.6131436755762403
Linear_V3,TSP-uniform_triangular-n70-g10000-2,57319.06693283735,58121,0.05622170000424376,0.05439450000267243,0.0018272000015713274,0.32703400000173133,ok,-1.379764744520315,1.379764744520315
Linear_V3,TSP-uniform_triangular-n600-g1000-1,17383.113958580725,17091,0.3062368000028073,0.3026511999996728,0.0035856000031344593,7.305737999995472,ok,1.7091683259067638,1.7091683259067638
Linear_V3,TSP-uniform_triangular-n500-g10000-4,150388.24445245363,148726,0.418499300001713,0.4169359000006807,0.001563400001032278,7.273675799995544,ok,1.1176555897782672,1.1176555897782672
Linear_V3,TSP-uniform_triangular-n500-g10000-1,158084.25382958484,155159,0.45660129999305354,0.45589949999703094,0.0007017999960226007,4.280106500009424,ok,1.8853265550724325,1.8853265550724325
Linear_V3,TSP-uniform_triangular-n500-g10000-5,156923.1043997297,154892,0.4257129000034183,0.41934000000037486,0.006372900003043469,3.025432800000999,ok,1.3113036178302913,1.3113036178302913
Linear_V3,TSP-uniform_triangular-n600-g1000-2,17204.785849995944,16999,0.33262459999968996,0.3297856999997748,0.0028388999999151565,4.447673999995459,ok,1.2105762103414546,1.2105762103414546
Linear_V3,TSP-uniform_triangular-n600-g1000-3,17097.32136186496,16736,0.3172555999990436,0.31605499999568565,0.0012006000033579767,3.024464399990393,ok,2.158946951869985,2.158946951869985
Linear_V3,TSP-uniform_triangular-n70-g10000-4,64871.74270228046,65509,0.08406929999910062,0.08171639999636682,0.0023529000027338043,0.18681289999221917,ok,-0.9727782407295757,0.9727782407295757
Linear_V3,TSP-uniform_triangular-n600-g10000-2,171403.85430465528,167899,0.2810786999980337,0.2785260000018752,0.0025526999961584806,1.981133299996145,ok,2.0874777721459212,2.0874777721459212
Linear_V3,TSP-uniform_triangular-n600-g10000-1,172136.2762906669,168165,0.30436570000165375,0.3009161000009044,0.003449600000749342,5.980743899999652,ok,2.3615355696291704,2.3615355696291704
Linear_V3,TSP-uniform_triangular-n500-g10000-3,158548.07734100352,156205,0.5128914999950211,0.507561699996586,0.005329799998435192,5.235114100010833,ok,1.5000014986738697,1.5000014986738697
Linear_V3,TSP-uniform_triangular-n70-g10000-5,59892.70826603662,60645,0.12390319999394706,0.11942219999764347,0.004480999996303581,0.17355510000197683,ok,-1.2404843498447995,1.2404843498447995
Linear_V3,TSP-uniform_triangular-n600-g1000-4,17476.40578031049,17142,0.3422523000117508,0.34069790000648936,0.0015544000052614138,3.4802696999977343,ok,1.9507979250407859,1.9507979250407859
Linear_V3,TSP-uniform_triangular-n8-g1000-1,2380.950328654181,2634,0.031370099997729994,0.028437100001610816,0.002932999996119179,0.07746670000778977,ok,-9.607049026037176,9.607049026037176
Linear_V3,TSP-uniform_triangular-n8-g1000-2,2090.5642644611453,2383,0.027695299999322742,0.02218459999858169,0.005510700000741053,0.05319530000269879,ok,-12.271747190048456,12.271747190048456
Linear_V3,TSP-uniform_triangular-n70-g10000-3,61658.39909743172,61930,0.15062069999839878,0.14927879999595461,0.001341900002444163,0.45644400001037866,ok,-0.4385611215376711,0.4385611215376711
Linear_V3,TSP-uniform_triangular-n8-g1000-3,1827.3911108751297,2134,0.021322499997040723,0.018645799995283596,0.0026767000017571263,0.2708143000054406,ok,-14.367801739684644,14.367801739684644
Linear_V3,TSP-uniform_triangular-n600-g10000-4,170235.27155592872,168054,0.3410548999963794,0.3315071999968495,0.009547699999529868,6.6689427999954205,ok,1.2979587251292544,1.2979587251292544
Linear_V3,TSP-uniform_triangular-n600-g10000-3,170866.38798831624,167523,0.34813949999806937,0.34571329999744194,0.002426200000627432,7.21799689999898,ok,1.995778483143356,1.995778483143356
Linear_V3,TSP-uniform_triangular-n8-g10000-3,18533.811961498013,24132,0.021936199991614558,0.01794349999545375,0.003992699996160809,0.5603211999987252,ok,-23.198193429893863,23.198193429893863
Linear_V3,TSP-uniform_triangular-n600-g1000-5,17255.020520271464,16864,0.37411209999118,0.3715641999951913,0.0025478999959887005,7.462122099997941,ok,2.3186700680233883,2.3186700680233883
Linear_V3,TSP-uniform_triangular-n8-g1000-4,1930.023549339403,2204,0.021060299994132947,0.019461099996988196,0.0015991999971447513,0.16488850000314415,ok,-12.430873441950864,12.430873441950864
Linear_V3,TSP-uniform_triangular-n8-g10000-1,23343.319864507015,25581,0.033454800002800766,0.030103600001893938,0.003351200000906829,0.2791293000045698,ok,-8.747430262667546,8.747430262667546
Linear_V3,TSP-uniform_triangular-n8-g1000-5,1932.8442600022443,2469,0.03418419999798061,0.030861899998853914,0.003322299999126699,0.29106570000294596,ok,-21.715501822509346,21.715501822509346
Linear_V3,TSP-uniform_triangular-n8-g10000-2,18777.92915537252,23059,0.034024199994746596,0.03319759999430971,0.0008266000004368834,0.36064290000649635,ok,-18.565726374203045,18.565726374203045
Linear_V3,TSP-uniform_triangular-n8-g10000-4,26466.0231434856,27073,0.01991420000558719,0.018355400003201794,0.0015588000023853965,0.4745131000090623,ok,-2.242000725868579,2.242000725868579
Linear_V3,TSP-uniform_triangular-n8-g10000-5,21844.838817758908,24747,0.034519699998782016,0.03209960000094725,0.002420099997834768,0.4846646999940276,ok,-11.727325260601658,11.727325260601658
Linear_V3,TSP-uniform_triangular-n80-g1000-1,6129.064758069918,6207,0.056744900000921916,0.05482940000365488,0.001915499997267034,0.28403990001243073,ok,-1.255602415499954,1.255602415499954
Linear_V3,TSP-uniform_triangular-n80-g1000-3,6219.393860831589,6364,0.04495190000307048,0.04313189999811584,0.001820000004954636,0.33627529999648686,ok,-2.2722523439410853,2.2722523439410853
Linear_V3,TSP-uniform_triangular-n80-g1000-4,6167.871649436864,6371,0.05608319999737432,0.05142439999326598,0.004658800004108343,0.8551331000053324,ok,-3.188327586927269,3.188327586927269
Linear_V3,TSP-uniform_triangular-n80-g1000-2,6164.162167260762,6256,0.07419490000756923,0.07351390000258107,0.0006810000049881637,0.37982100000954233,ok,-1.4679960476220966,1.4679960476220966
Linear_V3,TSP-uniform_triangular-n80-g10000-2,58177.37417274371,60470,0.05808230000548065,0.05723460000444902,0.000847700001031626,0.5580118999932893,ok,-3.79134418266296,3.79134418266296
Linear_V3,TSP-uniform_triangular-n80-g10000-1,70856.95615009867,71653,0.06441330000234302,0.05974880000576377,0.004664499996579252,0.1281788000051165,ok,-1.1109707198600551,1.1109707198600551
Linear_V3,TSP-uniform_triangular-n80-g1000-5,6983.165730916566,6905,0.056011600005149376,0.05410500000289176,0.001906600002257619,0.17145690000324976,ok,1.1320163782268753,1.1320163782268753
Linear_V3,TSP-uniform_triangular-n80-g10000-3,61016.819507215776,59691,0.0730385999995633,0.0719083000003593,0.0011302999992039986,0.4073850999993738,ok,2.221138039596884,2.221138039596884
Linear_V3,TSP-uniform_triangular-n80-g10000-4,59313.75809614662,60580,0.0683021000077133,0.06582190000335686,0.0024802000043564476,0.1635413000039989,ok,-2.0901979264664527,2.0901979264664527
Linear_V3,TSP-uniform_triangular-n80-g10000-5,61235.12563070348,61542,0.07535900000220863,0.0740497000006144,0.001309300001594238,0.10587129999476019,ok,-0.4986421781816024,0.4986421781816024
Linear_V3,TSP-uniform_triangular-n600-g10000-5,175318.05201655647,171914,0.5154403999913484,0.5135556999957771,0.0018846999955712818,4.205813799999305,ok,1.9800900546531792,1.9800900546531792
Linear_V3,TSP-uniform_triangular-n700-g1000-4,18035.698461931002,17884,0.33695950000401353,0.335125199999311,0.001834300004702527,9.668563100000028,ok,0.8482356404104361,0.8482356404104361
Linear_V3,TSP-uniform_triangular-n700-g1000-3,18654.6566060923,18323,0.3655018999997992,0.3631810000006226,0.0023208999991766177,5.669278500005021,ok,1.8100562467516217,1.8100562467516217
Linear_V3,TSP-uniform_triangular-n700-g10000-3,185810.567388638,180331,0.35029909999866504,0.34906860000046436,0.0012304999982006848,6.642513899991172,ok,3.038616426814031,3.038616426814031
Linear_V3,TSP-uniform_triangular-n700-g10000-4,184237.50748116718,181002,0.37089040000137175,0.369366999999329,0.001523400002042763,6.1015310999937356,ok,1.7875534420432815,1.7875534420432815
Linear_V3,TSP-uniform_triangular-n90-g1000-1,6840.140922090144,6943,0.05561190000298666,0.05006620000494877,0.00554569999803789,0.24918470000557136,ok,-1.4814788695067815,1.4814788695067815
Linear_V3,TSP-uniform_triangular-n700-g10000-5,181607.9616725409,177837,0.35777059999963967,0.3551226999989012,0.0026479000007384457,3.367106400008197,ok,2.1204595627124276,2.1204595627124276
Linear_V3,TSP-uniform_triangular-n90-g1000-2,6623.4668073673365,6475,0.05853669999487465,0.05661699999473058,0.0019197000001440756,0.18472340000153054,ok,2.292923665904811,2.292923665904811
Linear_V3,TSP-uniform_triangular-n90-g1000-3,6924.018091918967,7056,0.05583599999954458,0.05370280000352068,0.0021331999960239045,0.2774613999936264,ok,-1.8704918945724631,1.8704918945724631
Linear_V3,TSP-uniform_triangular-n90-g1000-4,6387.192100539617,6651,0.045879699995566625,0.04484489999595098,0.0010347999996156432,0.6170681999938097,ok,-3.9664396250245515,3.9664396250245515
Linear_V3,TSP-uniform_triangular-n90-g10000-1,59011.230377046486,58861,0.053360500001872424,0.05118580000271322,0.002174699999159202,0.11604629999783356,ok,0.25522906006776297,0.25522906006776297
Linear_V3,TSP-uniform_triangular-n90-g1000-5,6409.91862762757,6706,0.06252810000296449,0.058406900003319606,0.004121199999644887,0.1594521000079112,ok,-4.4151710762366605,4.4151710762366605
Linear_V3,TSP-uniform_triangular-n90-g10000-2,70982.23085577691,70791,0.04995980000239797,0.0480565999969258,0.001903200005472172,2.124446200003149,ok,0.2701344179018714,0.2701344179018714
Linear_V3,TSP-uniform_triangular-n90-g10000-3,67165.78941012433,68097,0.04670379999879515,0.04545959999813931,0.0012442000006558374,0.8171608000120614,ok,-1.367476672798612,1.367476672798612
Linear_V3,TSP-uniform_triangular-n800-g1000-5,19320.12266602933,18981,0.31232780000573257,0.30626240000128746,0.0060654000044451095,12.430766299992683,ok,1.786642779776243,1.786642779776243
Linear_V3,TSP-uniform_triangular-n800-g10000-1,194409.99888894332,188238,0.3166165000075125,0.3120353000049363,0.0045812000025762245,6.105051599995932,ok,3.278827276609035,3.278827276609035
Linear_V3,TSP-uniform_triangular-n90-g10000-4,67139.51000470428,66666,0.07602469999983441,0.07143289999658009,0.0045918000032543205,0.46317860000999644,ok,0.7102721097775173,0.7102721097775173
Linear_V3,TSP-uniform_triangular-n90-g10000-5,67017.36501870817,69270,0.06948809999448713,0.06703399999969406,0.0024540999947930686,0.621979100003955,ok,-3.2519633048821053,3.2519633048821053
Linear_V3,TSP-uniform_triangular-n800-g1000-4,20103.442408562674,19568,0.34152820000599604,0.3403552000017953,0.0011730000042007305,9.366235900000902,ok,2.7363164787544676,2.7363164787544676
Linear_V3,TSP-uniform_triangular-n800-g1000-1,20053.55927035542,19768,0.4017119999989518,0.3965177999998559,0.005194199999095872,11.530591999995522,ok,1.444553168532078,1.444553168532078
Linear_V3,TSP-uniform_triangular-n800-g10000-3,197548.62414178,190844,0.36821420000342187,0.3644935999982408,0.0037206000051810406,266.0861375999957,ok,3.5131437937687275,3.5131437937687275
Linear_V3,TSP-uniform_triangular-n700-g1000-2,18654.061613340073,18151,0.624467999994522,0.6237631999974838,0.000704799997038208,4.003154899997753,ok,2.771536627954783,2.771536627954783
Linear_V3,TSP-uniform_triangular-n700-g1000-1,18514.26016599893,18184,0.6501049000071362,0.6482203000050504,0.00188460000208579,5.489431999987573,ok,1.816212967438025,1.816212967438025
Linear_V3,TSP-uniform_triangular-n800-g1000-2,19693.284885175555,19286,0.39917670000431826,0.39268989999982296,0.006486800004495308,6.982036899993545,ok,2.1118162665952256,2.1118162665952256
Linear_V3,TSP-x_central-n10-g1000-2,2716.430889917449,2866,0.011595500000112224,0.010883599999942817,0.0007119000001694076,0.06476759999350179,ok,-5.218740756544003,5.218740756544003
Linear_V3,TSP-x_central-n10-g1000-1,2328.022747702876,2584,0.012840800001868047,0.011930400003620889,0.0009103999982471578,0.04906819999450818,ok,-9.90624041397538,9.90624041397538
Linear_V3,TSP-x_central-n10-g1000-5,2646.595830297438,3056,0.011469700002635363,0.01079100000060862,0.0006787000020267442,0.0849168999993708,ok,-13.3967333017854,13.3967333017854
Linear_V3,TSP-x_central-n10-g1000-4,2573.48218884061,2785,0.022742200002539903,0.019086000000243075,0.0036562000022968277,0.042448699998203665,ok,-7.594894476100181,7.594894476100181
Linear_V3,TSP-x_central-n10-g1000-3,2221.2315305218794,2226,0.03443600000173319,0.03081180000299355,0.003624199998739641,0.08083089999854565,ok,-0.2142169576873563,0.2142169576873563
Linear_V3,TSP-uniform_triangular-n700-g10000-2,186726.9047338112,182013,0.6441220999986399,0.642698499999824,0.0014235999988159165,6.5827489999937825,ok,2.589872555153321,2.589872555153321
Linear_V3,TSP-uniform_triangular-n700-g10000-1,179406.3675149605,176040,0.6521122999984073,0.6512973999997484,0.0008148999986588024,9.548518799987505,ok,1.9122742075440222,1.9122742075440222
Linear_V3,TSP-x_central-n10-g10000-1,19544.369590161376,24763,0.02255860000877874,0.021659200006979518,0.0008994000017992221,0.04182450000371318,ok,-21.074306060810986,21.074306060810986
Linear_V3,TSP-x_central-n10-g10000-2,24106.711375490373,25768,0.025134900002740324,0.024402100003499072,0.0007327999992412515,0.038138099989737384,ok,-6.4470995983763855,6.4470995983763855
Linear_V3,TSP-uniform_triangular-n700-g1000-5,18646.321519028617,18345,0.6778674000015599,0.6744580000013229,0.0034094000002369285,138.67181749999872,ok,1.6425266777248153,1.6425266777248153
Linear_V3,TSP-x_central-n10-g10000-4,23539.64022285066,25324,0.015358100004959852,0.014712299998791423,0.0006458000061684288,0.039530499998363666,ok,-7.0461213755699745,7.0461213755699745
Linear_V3,TSP-x_central-n10-g10000-5,24220.37979785098,27001,0.018041799994534813,0.017160099996544886,0.0008816999979899265,0.037459200000739656,ok,-10.29821192603615,10.29821192603615
Linear_V3,TSP-x_central-n10-g10000-3,26978.180320594336,29981,0.02504140000382904,0.021660800004610792,0.003380599999218248,0.04517219999979716,ok,-10.015742234767567,10.015742234767567
Linear_V3,TSP-uniform_triangular-n800-g10000-4,194420.51479813852,189302,0.44260810000560014,0.4390752000035718,0.0035329000020283274,10.015357299998868,ok,2.703888388996695,2.703888388996695
Linear_V3,TSP-x_central-n100-g1000-1,6972.802189123473,6810,0.06524600000557257,0.06412860000273213,0.0011174000028404407,0.23730200000863988,ok,2.3906342015194273,2.3906342015194273
Linear_V3,TSP-x_central-n100-g1000-4,6559.864786578202,6580,0.058758699997270014,0.057100999998510815,0.001657699998759199,0.3278513999975985,ok,-0.30600628300604477,0.30600628300604477
Linear_V3,TSP-x_central-n100-g1000-5,6658.261346570694,6703,0.056759400002192706,0.05610490000253776,0.000654499999654945,0.25569359998917207,ok,-0.6674422412249201,0.6674422412249201
Linear_V3,TSP-x_central-n100-g1000-3,6723.244721087665,6900,0.067459299993061,0.06655379999574507,0.0009054999973159283,0.27918379999755416,ok,-2.5616707088744155,2.5616707088744155
Linear_V3,TSP-x_central-n100-g1000-2,6529.170116876499,6490,0.07448960000328952,0.07342830000561662,0.0010612999976729043,0.4620758999953978,ok,0.6035457145839658,0.6035457145839658
Linear_V3,TSP-x_central-n100-g10000-2,62919.9110167792,64732,0.0657809999975143,0.06269459999748506,0.0030864000000292435,0.9099490999942645,ok,-2.799371227863804,2.799371227863804
Linear_V3,TSP-x_central-n100-g10000-1,66838.30661759792,69189,0.07300779999786755,0.07132500000443542,0.001682799993432127,1.7534918000019388,ok,-3.3974958192806395,3.3974958192806395
Linear_V3,TSP-x_central-n100-g10000-3,69775.56657257502,69079,0.07238790000701556,0.07137290000537178,0.0010150000016437843,0.8462066999927629,ok,1.0083622701182922,1.0083622701182922
Linear_V3,TSP-uniform_triangular-n800-g1000-3,19799.652687915837,19373,0.6248560000021826,0.623161200004688,0.001694799997494556,4.906467000007979,ok,2.202305724027447,2.202305724027447
Linear_V3,TSP-x_central-n100-g10000-5,65652.39576050825,67007,0.0778781999979401,0.07689720000053057,0.0009809999974095263,0.13793409999925643,ok,-2.021586161881215,2.021586161881215
Linear_V3,TSP-x_central-n100-g10000-4,68440.56981390523,68331,0.08251749999908498,0.08176909999747295,0.0007484000016120262,0.2717040999996243,ok,0.16035154454819275,0.16035154454819275
Linear_V3,TSP-uniform_triangular-n800-g10000-2,199061.45334448933,193723,0.6246361000012257,0.6236617000031401,0.0009743999980855733,9.740613000001758,ok,2.755714780634892,2.755714780634892
Linear_V3,TSP-uniform_triangular-n900-g1000-1,20983.269174894514,20378,0.4336877000023378,0.4321937999993679,0.0014939000029698946,8.067698500002734,ok,2.970208925775417,2.970208925775417
Linear_V3,TSP-uniform_triangular-n900-g1000-2,20649.480352645136,20243,0.4512680999978329,0.447441099997377,0.0038270000004558824,9.895417499996256,ok,2.0080045084480367,2.0080045084480367
Linear_V3,TSP-uniform_triangular-n900-g1000-3,20861.623838102405,20533,0.4478603000025032,0.44608770000195364,0.0017726000005495735,228.70328859999427,ok,1.600466751582355,1.600466751582355
Linear_V3,TSP-x_central-n20-g1000-2,3253.0346730512147,3445,0.020160400003078394,0.017073600000003353,0.003086800003075041,0.1566205999988597,ok,-5.5722881552622745,5.5722881552622745
Linear_V3,TSP-x_central-n20-g1000-1,3057.224376628566,3805,0.02225430000544293,0.020112300000619143,0.0021420000048237853,0.1573733999975957,ok,-19.652447394781444,19.652447394781444
Linear_V3,TSP-uniform_triangular-n900-g10000-1,210008.51185568052,203686,0.4375218000059249,0.43425910000223666,0.0032627000036882237,4.311926099995617,ok,3.1040483173514746,3.1040483173514746
Linear_V3,TSP-uniform_triangular-n800-g10000-5,198443.5101293017,192954,0.6607801999998628,0.6600449999968987,0.0007352000029641204,7.735573900019517,ok,2.8449838455288265,2.8449838455288265
Linear_V3,TSP-uniform_triangular-n900-g1000-5,20922.327495645968,20530,0.4576554000013857,0.45439990000159014,0.0032554999997955747,54.39791149999655,ok,1.9109960820553735,1.9109960820553735
Linear_V3,TSP-x_central-n20-g1000-3,3133.008567266831,3474,0.03360350000002654,0.029301499998837244,0.004302000001189299,0.15289179999672342,ok,-9.815527712526452,9.815527712526452
Linear_V3,TSP-x_central-n20-g10000-1,27833.854600527804,34795,0.018225300002086442,0.017367899999953806,0.0008574000021326356,0.04291269999521319,ok,-20.006165826906727,20.006165826906727
Linear_V3,TSP-x_central-n20-g1000-4,3134.8523234207564,3496,0.03816220000589965,0.03694280000490835,0.0012194000009912997,0.14981360000092536,ok,-10.330311114966921,10.330311114966921
Linear_V3,TSP-x_central-n20-g1000-5,2732.680488117278,2980,0.021742500000982545,0.020237199998518918,0.0015053000024636276,0.15349910000804812,ok,-8.299312479285975,8.299312479285975
Linear_V3,TSP-uniform_triangular-n900-g10000-3,207608.14049211907,200020,0.4585241999957361,0.4571203000014066,0.0014038999943295494,10.554437599988887,ok,3.7936908769718376,3.7936908769718376
Linear_V3,TSP-x_central-n20-g10000-4,29237.386670291347,34516,0.03081630000815494,0.03010270000231685,0.0007136000058380887,0.04313229999388568,ok,-15.29323597667358,15.29323597667358
Linear_V3,TSP-x_central-n20-g10000-2,36362.150964187094,36505,0.03188209999643732,0.026111999999557156,0.0057700999968801625,0.04671260000031907,ok,-0.39131361680017984,0.39131361680017984
Linear_V3,TSP-x_central-n20-g10000-3,29417.885299943573,30141,0.032521400004043244,0.026336700000683777,0.006184700003359467,0.0960930000001099,ok,-2.3991065328171826,2.3991065328171826
Linear_V3,TSP-uniform_triangular-n900-g1000-4,21207.388928937904,20728,0.511234500008868,0.5088469000038458,0.00238760000502225,7.775877199994284,ok,2.312760174343419,2.312760174343419
Linear_V3,TSP-x_central-n20-g10000-5,32591.331823251778,33005,0.03058479999890551,0.02918659999704687,0.0013982000018586405,0.043387300000176765,ok,-1.2533500280206706,1.2533500280206706
Linear_V3,TSP-uniform_triangular-n900-g10000-2,206886.33252384403,205376,0.5233649000074365,0.5216111000045203,0.0017538000029162504,11.75389239998185,ok,0.7353987436915853,0.7353987436915853
Linear_V3,TSP-uniform_triangular-n900-g10000-4,214179.39113223663,208033,0.5215538999982527,0.5162650999991456,0.005288799999107141,20.23329139998532,ok,2.954526989581765,2.954526989581765
Linear_V3,TSP-x_central-n200-g1000-1,10126.543338409734,9948,0.11521639999409672,0.11218299999745796,0.0030333999966387637,2.292908699993859,ok,1.7947661681718348,1.7947661681718348
Linear_V3,TSP-uniform_triangular-n900-g10000-5,212207.6807209358,206129,0.5282877999998163,0.5262371999997413,0.0020506000000750646,21.222674599994207,ok,2.94896919935371,2.94896919935371
Linear_V3,TSP-x_central-n200-g1000-5,8968.212479073238,8834,0.09496450000006007,0.09238159999949858,0.0025829000005614944,1.6524760999891441,ok,1.5192718935163887,1.5192718935163887
Linear_V3,TSP-x_central-n200-g1000-2,8980.984590471959,9044,0.12386060000426369,0.12194319999980507,0.0019174000044586137,0.9782071000081487,ok,-0.6967648112344244,0.6967648112344244
Linear_V3,TSP-x_central-n200-g1000-4,9289.7355805034,9379,0.107693099998869,0.10658169999805978,0.0011114000008092262,1.0917949000140652,ok,-0.9517477289327183,0.9517477289327183
Linear_V3,TSP-x_central-n200-g10000-2,86059.75224783337,86972,0.11222479999560164,0.11104989999876125,0.001174899996840395,0.5911682000005385,ok,-1.0488982111100464,1.0488982111100464
Linear_V3,TSP-x_central-n200-g10000-1,97215.75240091985,97936,0.12213419999898179,0.12091160000272794,0.001222599996253848,2.209428999994998,ok,-0.7354268084056392,0.7354268084056392
Linear_V3,TSP-x_central-n30-g1000-2,4039.438444970756,4135,0.03546390000701649,0.03239330000360496,0.0030706000034115277,0.0892628000001423,ok,-2.3110412340808737,2.3110412340808737
Linear_V3,TSP-x_central-n30-g1000-1,3931.1171367071115,4052,0.04463309999846388,0.037334299995563924,0.007298800002899952,0.05937370000174269,ok,-2.9832888275638814,2.9832888275638814
Linear_V3,TSP-x_central-n30-g1000-3,3872.2918375454196,4075,0.03938879999623168,0.035954899998614565,0.003433899997617118,0.11194909999903757,ok,-4.97443343446823,4.97443343446823
Linear_V3,TSP-x_central-n30-g1000-4,3792.8413629708903,4113,0.03333099999144906,0.03183629999693949,0.001494699994509574,0.041284200007794425,ok,-7.78406605954558,7.78406605954558
Linear_V3,TSP-x_central-n30-g1000-5,3739.8927093841826,3999,0.03487350000796141,0.03356470000289846,0.001308800005062949,0.0853732000105083,ok,-6.479302090918165,6.479302090918165
Linear_V3,TSP-x_central-n30-g10000-1,32808.62912491025,33895,0.03106389999447856,0.02747549999912735,0.0035883999953512102,0.04129709998960607,ok,-3.2051065794062525,3.2051065794062525
Linear_V3,TSP-x_central-n30-g10000-2,37696.943551859724,41479,0.03375799999048468,0.03205289999459637,0.001705099995888304,0.04394670001056511,ok,-9.118002960872431,9.118002960872431
Linear_V3,TSP-x_central-n30-g10000-3,38394.325958631045,39394,0.03823010000633076,0.036341700004413724,0.0018884000019170344,0.11240490000636782,ok,-2.5376302009670377,2.5376302009670377
Linear_V3,TSP-x_central-n30-g10000-4,43121.592552772265,43091,0.04344429999764543,0.03914030000305502,0.004303999994590413,0.15278280001075473,ok,0.07099522585288054,0.07099522585288054
Linear_V3,TSP-x_central-n200-g1000-3,9425.2978613725,9515,0.1926850999952876,0.18980329999612877,0.0028817999991588295,4.1945337999932235,ok,-0.9427444942459186,0.9427444942459186
Linear_V3,TSP-x_central-n200-g10000-3,94820.15493141075,93922,0.17188050000549993,0.16793440000037663,0.003946100005123299,1.2030369999993127,ok,0.9562774764280512,0.9562774764280512
Linear_V3,TSP-x_central-n200-g10000-5,94625.18471344146,95591,0.10105359999579377,0.09683679999579908,0.0042167999999946915,3.163755500005209,ok,-1.0103621539251013,1.0103621539251013
Linear_V3,TSP-x_central-n30-g10000-5,38541.889478664,38927,0.04762050000135787,0.0437346000035177,0.00388589999784017,0.08007479998923372,ok,-0.9893146693451815,0.9893146693451815
Linear_V3,TSP-x_central-n200-g10000-4,89661.71001102998,88932,0.1511570000075153,0.1496679000047152,0.0014891000028001145,0.9584848999948008,ok,0.8205258073921421,0.8205258073921421
Linear_V3,TSP-x_central-n1000-g1000-3,21675.297247131286,20853,0.5056075000029523,0.5041439999986324,0.0014635000043199398,11.459918099993956,ok,3.9433043069643987,3.9433043069643987
Linear_V3,TSP-x_central-n40-g1000-1,4624.284290039889,4717,0.04729750000115018,0.04147450000164099,0.005822999999509193,0.05089489999227226,ok,-1.9655651888935948,1.9655651888935948
Linear_V3,TSP-x_central-n1000-g10000-5,206798.94534582164,202450,0.45567740000842605,0.44925440000224626,0.006423000006179791,11.06599180001649,ok,2.1481577405886116,2.1481577405886116
Linear_V3,TSP-x_central-n1000-g1000-4,20944.318926519587,20537,0.5881463999976404,0.5871489999990445,0.000997399998595938,13.117404799995711,ok,1.9833419025153964,1.9833419025153964
Linear_V3,TSP-x_central-n300-g10000-3,110642.4711339792,109706,0.1257761999950162,0.121811400000297,0.003964799994719215,5.164604899997357,ok,0.8536188850010004,0.8536188850010004
Linear_V3,TSP-x_central-n300-g1000-1,11454.761333839615,11206,0.16392919999634614,0.16295899999386165,0.0009702000024844892,1.9687450000055833,ok,2.219894108866812,2.219894108866812
Linear_V3,TSP-x_central-n300-g1000-5,11688.601307516914,11492,0.14047950000531273,0.1366307999996934,0.003848700005619321,4.994395500005339,ok,1.7107666856675423,1.7107666856675423
Linear_V3,TSP-x_central-n300-g1000-3,11512.138888260193,11509,0.16814090000116266,0.1645582999990438,0.003582600002118852,3.657017799996538,ok,0.02727333617337039,0.02727333617337039
Linear_V3,TSP-x_central-n300-g1000-2,11411.299123578856,11186,0.17444300000352086,0.17222839999885764,0.0022146000046632253,2.1282528000010643,ok,2.0141169638731973,2.0141169638731973
Linear_V3,TSP-x_central-n300-g1000-4,11949.973774545804,11792,0.166737399995327,0.16317479999997886,0.003562599995348137,3.291563699996914,ok,1.339669051439995,1.339669051439995
Linear_V3,TSP-x_central-n300-g10000-4,118330.0232860705,116500,0.15647779999562772,0.1549276999940048,0.0015501000016229227,1.442820299998857,ok,1.5708354386871244,1.5708354386871244
Linear_V3,TSP-x_central-n300-g10000-5,111414.53009571189,111197,0.14895619999879273,0.14783770000212826,0.0011184999966644682,2.8557293000048958,ok,0.19562586734524212,0.19562586734524212
Linear_V3,TSP-x_central-n40-g10000-2,44765.39912990198,44257,0.042219199996907264,0.037631599996529985,0.004587600000377279,0.22632510001130868,ok,1.1487428653139244,1.1487428653139244
Linear_V3,TSP-x_central-n40-g1000-2,4163.5182749725745,4499,0.06131069999537431,0.05778470000223024,0.003525999993144069,0.08917520000250079,ok,-7.456806513167937,7.456806513167937
Linear_V3,TSP-x_central-n40-g1000-5,4695.745691233873,4705,0.05240300000878051,0.04839870000432711,0.004004300004453398,0.05754219999653287,ok,-0.1966909408316046,0.1966909408316046
Linear_V3,TSP-x_central-n40-g10000-1,46243.33994682641,46078,0.05989649999537505,0.05467639999551466,0.005220099999860395,0.06236860000353772,ok,0.3588262225496128,0.3588262225496128
Linear_V3,TSP-x_central-n40-g1000-3,4533.839312028456,4447,0.07498259999556467,0.06743489999644225,0.007547699999122415,0.06892550000338815,ok,1.9527616826727305,1.9527616826727305
Linear_V3,TSP-x_central-n40-g10000-5,43573.79013532166,45193,0.045995499996934086,0.04340719999891007,0.002588299998024013,0.33258060000662226,ok,-3.5828775798870214,3.5828775798870214
Linear_V3,TSP-x_central-n40-g1000-4,4427.994796908389,4375,0.07763740000518737,0.06732970000302885,0.010307700002158526,0.0459506000042893,ok,1.2113096436203132,1.2113096436203132
Linear_V3,TSP-x_central-n40-g10000-3,46008.3556891233,48733,0.0529846999925212,0.047945799997251015,0.005038899995270185,0.07521370000904426,ok,-5.590963640401162,5.590963640401162
Linear_V3,TSP-x_central-n40-g10000-4,37630.235263380826,40391,0.05742659999668831,0.05543549999856623,0.001991099998122081,0.15554780000820756,ok,-6.8350987512544235,6.8350987512544235
Linear_V3,TSP-x_central-n300-g10000-2,119325.32797962094,116819,0.21897080000053393,0.21727269999973942,0.0016981000007945113,4.107512700007646,ok,2.1454797418407443,2.1454797418407443
Linear_V3,TSP-x_central-n5-g1000-1,3144.519051062905,3194,0.014389099997060839,0.012659200001507998,0.0017298999955528416,0.04010319999360945,ok,-1.549184374987321,1.549184374987321
Linear_V3,TSP-x_central-n5-g1000-2,1291.7621316225404,1771,0.021008700001402758,0.016165900000487454,0.004842800000915304,0.09395529999164864,ok,-27.060297480376033,27.060297480376033
Linear_V3,TSP-x_central-n5-g1000-3,2195.23793431184,2433,0.018241300000227056,0.016763100000389386,0.0014781999998376705,0.07705939999141265,ok,-9.772382477935059,9.772382477935059
Linear_V3,TSP-x_central-n5-g1000-4,1855.8908715065718,1997,0.020217500001308508,0.018833400004950818,0.0013840999963576905,0.5113809000031324,ok,-7.066055507933311,7.066055507933311
Linear_V3,TSP-x_central-n5-g1000-5,1483.4216739861122,1998,0.014651400000730064,0.010939300002064556,0.003712099998665508,0.3705061999935424,ok,-25.754670971666055,25.754670971666055
Linear_V3,TSP-x_central-n5-g10000-2,16463.037861980672,19552,0.009747300005983561,0.008509600003890228,0.0012377000020933338,0.05195789999561384,ok,-15.798701606072665,15.798701606072665
Linear_V3,TSP-x_central-n5-g10000-1,19099.017841477642,22620,0.016684799993527122,0.013829199997417163,0.0028555999961099587,0.12842429999727756,ok,-15.56579203590786,15.56579203590786
Linear_V3,TSP-x_central-n5-g10000-3,21261.90646168102,24690,0.012318799999775365,0.009395699999004137,0.0029231000007712282,0.03991770000720862,ok,-13.884542480028268,13.884542480028268
Linear_V3,TSP-x_central-n5-g10000-4,25317.694258036132,25453,0.024764100002357736,0.02368199999909848,0.0010821000032592565,0.05011949999607168,ok,-0.5315905471412724,0.5315905471412724
Linear_V3,TSP-x_central-n300-g10000-1,116348.58414409455,116585,0.3272819999983767,0.3249553999994532,0.0023265999989234842,12.376237200005562,ok,-0.2027841110824279,0.2027841110824279
Linear_V3,TSP-x_central-n5-g10000-5,25262.17933755778,27691,0.016629799996735528,0.01512189999630209,0.0015079000004334375,0.05157570001028944,ok,-8.771155474494313,8.771155474494313
Linear_V3,TSP-x_central-n400-g1000-1,12730.962717155135,12623,0.18736490000446793,0.18569550000393065,0.00166940000053728,3.0487341999978526,ok,0.8552857257001876,0.8552857257001876
Linear_V3,TSP-x_central-n400-g1000-2,12700.396676138635,12598,0.1845843999981298,0.18353080000088084,0.0010535999972489662,7.321551200002432,ok,0.8128010488858118,0.8128010488858118
Linear_V3,TSP-x_central-n50-g1000-3,4890.398325151074,4968,0.03576640001119813,0.034120400006941054,0.0016460000042570755,0.07986359999631532,ok,-1.5620304921281492,1.5620304921281492
Linear_V3,TSP-x_central-n50-g1000-2,4297.487022023596,4461,0.04690439999831142,0.04589310000301339,0.0010112999952980317,0.12091260000306647,ok,-3.6653884325578083,3.6653884325578083
Linear_V3,TSP-x_central-n50-g1000-1,4863.649307424601,5215,0.04749680000531953,0.043687400000635535,0.0038094000046839938,0.10983929999929387,ok,-6.737309541234882,6.737309541234882
Linear_V3,TSP-x_central-n400-g10000-2,130422.62258654743,129522,0.17597379999642726,0.1734370999984094,0.002536699998017866,3.0588235000032,ok,0.6953433289691529,0.6953433289691529
Linear_V3,TSP-x_central-n400-g10000-5,129239.74569967767,127578,0.19582549999904586,0.19055739999748766,0.005268100001558196,7.2639613000064855,ok,1.3025331167424434,1.3025331167424434
Linear_V3,TSP-x_central-n1000-g1000-1,21131.181833995535,20232,0.9045199999964098,0.9037737999969977,0.0007461999994120561,18.986079299997073,ok,4.444354655968443,4.444354655968443
Linear_V3,TSP-x_central-n400-g10000-1,133187.34519458978,130233,0.19562579999183072,0.18672569999762345,0.008900099994207267,2.769838099993649,ok,2.268507363410029,2.268507363410029
Linear_V3,TSP-x_central-n50-g1000-4,4581.227266040105,4697,0.06552689999807626,0.06222400000115158,0.0033028999969246797,0.08677539999189321,ok,-2.4648229499658303,2.4648229499658303
Linear_V3,TSP-x_central-n50-g10000-1,46238.25380893606,46191,0.05961910000041826,0.057006399998499546,0.0026127000019187108,0.11976030000369065,ok,0.1023009004699195,0.1023009004699195
Linear_V3,TSP-x_central-n50-g1000-5,4808.3603104611075,5200,0.06872800000564894,0.06442060000699712,0.0043073999986518174,0.24380630000086967,ok,-7.531532491132549,7.531532491132549
Linear_V3,TSP-x_central-n400-g1000-4,13091.325926414409,12831,0.2432743000026676,0.24078079999890178,0.002493500003765803,3.1404117999918526,ok,2.0288826000655362,2.0288826000655362
Linear_V3,TSP-x_central-n400-g10000-3,136421.95657885942,133125,0.24097079999773996,0.24004199999762932,0.0009288000001106411,4.547308100009104,ok,2.4765871014906438,2.4765871014906438
Linear_V3,TSP-x_central-n50-g10000-3,47108.45435431589,50320,0.07919079999555834,0.07002149999607354,0.009169299999484792,0.1709599000023445,ok,-6.382244923855549,6.382244923855549
Linear_V3,TSP-x_central-n400-g1000-5,13339.352056597134,13328,0.2507510000068578,0.2449415000010049,0.005809500005852897,2.6642310000024736,ok,0.08517449427621492,0.08517449427621492
Linear_V3,TSP-x_central-n400-g1000-3,13377.23886665609,13270,0.2603363000016543,0.2576189000028535,0.002717399998800829,2.1200391000020318,ok,0.8081301179810788,0.8081301179810788
Linear_V3,TSP-x_central-n400-g10000-4,130504.7880548698,130012,0.25618899999244604,0.25062339999567484,0.005565599996771198,2.988038700001198,ok,0.3790327468770585,0.3790327468770585
Linear_V3,TSP-x_central-n50-g10000-4,45454.86267430972,48752,0.07712130000436446,0.07532390000415035,0.001797400000214111,0.6622628000041004,ok,-6.763081157060799,6.763081157060799
Linear_V3,TSP-x_central-n50-g10000-2,45024.34730809334,47735,0.10519809999823337,0.104292500000156,0.0009055999980773777,0.049094999994849786,ok,-5.678543399825411,5.678543399825411
Linear_V3,TSP-x_central-n1000-g1000-2,20766.72819700032,20370,0.9945218000066234,0.9924801000015577,0.0020417000050656497,9.945615799995721,ok,1.9476101963687802,1.9476101963687802
Linear_V3,TSP-x_central-n50-g10000-5,52844.98879411868,51491,0.0823385000039707,0.07619630000408506,0.006142199999885634,0.0657400000054622,ok,2.6295639900539562,2.6295639900539562
Linear_V3,TSP-x_central-n1000-g10000-1,211698.73392256006,204166,0.9507083999997121,0.9469704000002821,0.0037379999994300306,16.461308400001144,ok,3.689514376811055,3.689514376811055
Linear_V3,TSP-x_central-n60-g1000-2,4970.176641569631,5063,0.057182700002158526,0.0548006000026362,0.0023820999995223247,0.11042589999851771,ok,-1.833366747587772,1.833366747587772
Linear_V3,TSP-x_central-n60-g1000-1,5519.149409775579,5527,0.06561290000536246,0.060043199999199715,0.005569700006162748,0.078039500003797,ok,-0.14204071330596268,0.14204071330596268
Linear_V3,TSP-x_central-n60-g1000-3,5314.5026338168755,5476,0.07137089999741875,0.07010289999743691,0.0012679999999818392,0.10743940000247676,ok,-2.949184919341208,2.949184919341208
Linear_V3,TSP-x_central-n60-g1000-5,4892.631349031166,4956,0.05199390000052517,0.04460560000006808,0.007388300000457093,0.359595600006287,ok,-1.2786249186608982,1.2786249186608982
Linear_V3,TSP-x_central-n1000-g1000-5,21116.542649335086,20631,1.0015693999957875,1.0008764999947743,0.0006929000010131858,34.49818020001112,ok,2.3534615352386505,2.3534615352386505
Linear_V3,TSP-x_central-n60-g1000-4,5203.904321988785,5403,0.06695960000070045,0.0648427000051015,0.002116899995598942,0.1619697999994969,ok,-3.684909828080967,3.684909828080967
Linear_V3,TSP-x_central-n1000-g10000-4,212368.16887232065,205450,0.985228300000017,0.9845404000006965,0.000687899999320507,6.164587799998117,ok,3.3673248344223152,3.3673248344223152
Linear_V3,TSP-x_central-n1000-g10000-3,208710.64620552,204355,1.0111963999952422,1.0104633000009926,0.0007330999942496419,6.575648700003512,ok,2.1314116148467104,2.1314116148467104
Linear_V3,TSP-x_central-n1000-g10000-2,211170.1147719601,204313,1.0288533999992069,1.027574400002777,0.001278999996429775,12.821099799999502,ok,3.356181335480415,3.356181335480415
Linear_V3,TSP-x_central-n60-g10000-2,52571.244238158106,55329,0.07328350000170758,0.07115599999815458,0.0021275000035529956,0.3702412999991793,ok,-4.9842862908093295,4.9842862908093295
Linear_V3,TSP-x_central-n60-g10000-1,56877.5528024904,56573,0.08583349999389611,0.08424669999658363,0.0015867999973124824,0.0961377000057837,ok,0.5383359597164687,0.5383359597164687
Linear_V3,TSP-x_central-n60-g10000-4,51939.59597921884,53840,0.07931069999904139,0.07744280000042636,0.0018678999986150302,0.48202510000555776,ok,-3.5297251500393076,3.5297251500393076
Linear_V3,TSP-x_central-n60-g10000-5,51051.94165343896,55469,0.06957600000168895,0.0637473000024329,0.0058286999992560595,0.3990036000031978,ok,-7.963111551607276,7.963111551607276
Linear_V3,TSP-x_central-n60-g10000-3,50445.279965778944,52806,0.0902743000042392,0.08826830000180053,0.002006000002438668,0.3188615999970352,ok,-4.470552653526221,4.470552653526221
Linear_V3,TSP-x_central-n500-g1000-2,14749.44593529581,14587,0.2553210000041872,0.2530943000019761,0.002226700002211146,2.722562299997662,ok,1.1136349852321192,1.1136349852321192
Linear_V3,TSP-x_central-n500-g1000-3,14850.250249775481,14482,0.26941380000062054,0.26765639999939594,0.001757400001224596,6.805361599996104,ok,2.5428134910611884,2.5428134910611884
Linear_V3,TSP-x_central-n500-g10000-4,142469.89536504375,141453,0.2362457000053837,0.2333007000052021,0.002945000000181608,4.812480699998559,ok,0.7188927523939025,0.7188927523939025
Linear_V3,TSP-x_central-n70-g1000-1,5779.928146558847,5971,0.043459900000016205,0.04122790000110399,0.0022319999989122152,0.14814150000165682,ok,-3.1999975454890737,3.1999975454890737
Linear_V3,TSP-x_central-n500-g1000-4,14899.274183252472,14718,0.30828130000736564,0.3067131000061636,0.001568200001202058,3.219191600001068,ok,1.231649566873703,1.231649566873703
Linear_V3,TSP-x_central-n500-g10000-5,153398.57382489077,148966,0.2614711999995052,0.25999169999704463,0.0014795000024605542,8.994178900000406,ok,2.975560748688139,2.975560748688139
Linear_V3,TSP-x_central-n70-g1000-2,5350.760753954957,5592,0.05403929999738466,0.050747100001899526,0.0032921999954851344,0.09300129998882767,ok,-4.314006545869865,4.314006545869865
Linear_V3,TSP-x_central-n500-g1000-5,14924.80732088072,14627,0.32151479999447474,0.31877479999820935,0.0027399999962653965,4.044636899998295,ok,2.0360109446962467,2.0360109446962467
Linear_V3,TSP-x_central-n500-g10000-3,144886.90926531612,143981,0.3127031999974861,0.3111962999973912,0.0015069000000949018,4.404377200000454,ok,0.6291866741557015,0.6291866741557015
Linear_V3,TSP-x_central-n70-g1000-5,5777.884097534742,5978,0.03852320000441978,0.03752370000438532,0.000999500000034459,0.12128310000116471,ok,-3.347539352045131,3.347539352045131
Linear_V3,TSP-x_central-n500-g10000-2,147514.6303375572,145334,0.32373440000083065,0.32228310000209603,0.001451299998734612,9.26238519999606,ok,1.5004268358107549,1.5004268358107549
Linear_V3,TSP-x_central-n70-g1000-3,5511.118220849178,5464,0.07987019999563927,0.07780899999488611,0.0020612000007531606,0.11899080000875983,ok,0.8623393274007727,0.8623393274007727
Linear_V3,TSP-x_central-n500-g10000-1,145240.99424205563,142131,0.3294796000045608,0.32431930000166176,0.005160300002899021,3.234888899998623,ok,2.1881181741179847,2.1881181741179847
Linear_V3,TSP-x_central-n70-g1000-4,5484.378084451376,5578,0.07223630000225967,0.07109050000144634,0.001145800000813324,0.16354340000543743,ok,-1.6784136885733991,1.6784136885733991
Linear_V3,TSP-x_central-n70-g10000-2,59916.18564070929,60053,0.0616234000044642,0.06032039999990957,0.001303000004554633,0.10480070000630803,ok,-0.22782268877609316,0.22782268877609316
Linear_V3,TSP-x_central-n70-g10000-1,56736.3147230991,58258,0.08028419999754988,0.07632209999428596,0.003962100003263913,0.1016933000064455,ok,-2.6119765129268053,2.6119765129268053
Linear_V3,TSP-x_central-n70-g10000-3,55389.76246400969,55476,0.05056960000365507,0.04859050000231946,0.0019791000013356097,0.1777909000084037,ok,-0.15545016942517298,0.15545016942517298
Linear_V3,TSP-x_central-n70-g10000-5,56232.0821275727,57610,0.05994180000561755,0.05889990000287071,0.0010419000027468428,0.23308540000289213,ok,-2.39180328489377,2.39180328489377
Linear_V3,TSP-x_central-n70-g10000-4,55803.389667191346,57792,0.06852470000012545,0.06742690000100993,0.001097799999115523,0.23373089999950025,ok,-3.440978565906447,3.440978565906447
Linear_V3,TSP-x_central-n500-g1000-1,14999.606723398654,14835,0.4714943999933894,0.47011829999974,0.0013760999936494045,34.36202130001038,ok,1.1095835753195427,1.1095835753195427
Linear_V3,TSP-x_central-n600-g10000-4,166412.3549546234,162037,0.2778552999952808,0.27622449999762466,0.0016307999976561405,15.665911400006735,ok,2.700219674903518,2.700219674903518
Linear_V3,TSP-x_central-n8-g1000-1,2286.6992185106315,2600,0.023494899993238505,0.0224646999995457,0.0010301999936928041,0.04496189999917988,ok,-12.050030057283406,12.050030057283406
Linear_V3,TSP-x_central-n600-g10000-1,158711.96449470043,156797,0.32363259999692673,0.3187372999964282,0.004895300000498537,2.8907073000009404,ok,1.221301743464752,1.221301743464752
Linear_V3,TSP-x_central-n600-g10000-5,163379.16394956183,160421,0.30845819999376545,0.30717599999479717,0.0012821999989682809,5.2878381999908015,ok,1.844000442312309,1.844000442312309
Linear_V3,TSP-x_central-n8-g1000-4,2069.5951734652717,2439,0.02508980000129668,0.018773700001474936,0.006316099999821745,0.18239109999558423,ok,-15.145749345417315,15.145749345417315
Linear_V3,TSP-x_central-n8-g1000-2,1898.970775227718,2072,0.027128499998070765,0.016554599998926278,0.010573899999144487,0.04534500000590924,ok,-8.350831311403576,8.350831311403576
Linear_V3,TSP-x_central-n8-g1000-3,1802.0842459427204,2333,0.02573790000315057,0.02342000000498956,0.0023178999981610104,0.1241810999927111,ok,-22.75678328578138,22.75678328578138
Linear_V3,TSP-x_central-n8-g1000-5,2011.3435093731428,2200,0.0166559999997844,0.013109500003338326,0.003546499996446073,0.05690150000737049,ok,-8.57529502849351,8.57529502849351
Linear_V3,TSP-x_central-n8-g10000-2,18877.314167651693,22823,0.0149301000055857,0.012643800000660121,0.002286300004925579,0.3277360999927623,ok,-17.288199764922695,17.288199764922695
Linear_V3,TSP-x_central-n8-g10000-1,23187.908915825657,26996,0.030413300002692267,0.027941699998336844,0.002471600004355423,0.35898610000731423,ok,-14.106130849660477,14.106130849660477
Linear_V3,TSP-x_central-n8-g10000-3,17774.62424521827,21558,0.026098399997863453,0.022771899995859712,0.0033265000020037405,0.1509970000042813,ok,-17.549753014109516,17.549753014109516
Linear_V3,TSP-x_central-n8-g10000-4,20727.551510165405,26932,0.03177980000327807,0.026911100001598243,0.0048687000016798265,0.09991430000809487,ok,-23.03745911864917,23.03745911864917
Linear_V3,TSP-x_central-n8-g10000-5,17940.00231751362,21685,0.02175490000809077,0.02029230000334792,0.0014626000047428533,0.09031200000026729,ok,-17.269991618567584,17.269991618567584
Linear_V3,TSP-x_central-n700-g1000-2,17187.104854516605,17151,0.2688562000039383,0.26677909999853,0.0020771000054082833,35.42752479999035,ok,0.2105116583091655,0.2105116583091655
Linear_V3,TSP-x_central-n700-g10000-1,168016.73404520366,166165,0.24540169999818318,0.2441811999960919,0.0012205000020912848,21.0085878999962,ok,1.1143947553357558,1.1143947553357558
Linear_V3,TSP-x_central-n700-g1000-5,17243.48121041006,16871,0.25300440000137314,0.2511525000008987,0.0018519000004744157,14.183969100005925,ok,2.207819396657342,2.207819396657342
Linear_V3,TSP-x_central-n600-g1000-5,15943.544950307689,15701,0.4760065999944345,0.4746785999959684,0.0013279999984661117,4.6193940000084694,ok,1.544773901711285,1.544773901711285
Linear_V3,TSP-x_central-n700-g1000-1,17835.672039513804,17327,0.3169646000023931,0.31361810000089463,0.003346500001498498,8.638238400002592,ok,2.9357190483857774,2.9357190483857774
Linear_V3,TSP-x_central-n700-g1000-3,16867.5605174194,16485,0.3262503000005381,0.3252582999994047,0.0009920000011334196,5.921363300003577,ok,2.3206582797658406,2.3206582797658406
Linear_V3,TSP-x_central-n600-g1000-1,16529.538778219776,16298,0.5612624999994296,0.5601538000046276,0.0011086999948020093,21.87597039999673,ok,1.420657615779702,1.420657615779702
Linear_V3,TSP-x_central-n80-g1000-1,6791.192982885017,6851,0.08718500000395579,0.07869550000032177,0.00848950000363402,0.28639449999900535,ok,-0.8729676998245943,0.8729676998245943
Linear_V3,TSP-x_central-n80-g1000-3,5800.202717811471,5795,0.07904430000053253,0.07747699999890756,0.0015673000016249716,0.32104640000034124,ok,0.08977942729027269,0.08977942729027269
Linear_V3,TSP-x_central-n600-g1000-3,16419.16535828076,16132,0.5496524999980466,0.547956599999452,0.001695899998594541,6.350640000004205,ok,1.7800976833669688,1.7800976833669688
Linear_V3,TSP-x_central-n80-g1000-2,5901.433857283884,6101,0.08723820000159321,0.08516550000058487,0.002072700001008343,1.0620810999971582,ok,-3.2710398740553313,3.2710398740553313
Linear_V3,TSP-x_central-n700-g1000-4,17606.776717101115,17316,0.3468511999963084,0.3442916999993031,0.0025594999970053323,5.883497699993313,ok,1.6792372204961574,1.6792372204961574
Linear_V3,TSP-x_central-n80-g1000-4,6045.75901154599,6031,0.08619010000256822,0.08514240000658901,0.001047699995979201,0.5198122000001604,ok,0.24471914352495075,0.24471914352495075
Linear_V3,TSP-x_central-n80-g1000-5,5904.266163388801,6130,0.0813721000085934,0.07812750000448432,0.0032446000041090883,0.14223260000289883,ok,-3.682444316659037,3.682444316659037
Linear_V3,TSP-x_central-n80-g10000-1,61192.01726845693,61185,0.08425350000470644,0.07881530000304338,0.005438200001663063,0.26307790000282694,ok,0.011468935943341309,0.011468935943341309
Linear_V3,TSP-x_central-n700-g10000-3,172828.36483902467,171146,0.3377725000027567,0.333067999999912,0.004704500002844725,12.027795600006357,ok,0.9829998007693239,0.9829998007693239
Linear_V3,TSP-x_central-n600-g1000-2,16095.458554185241,15650,0.6123230000011972,0.6114815000037197,0.0008414999974775128,6.251740799998515,ok,2.8463805379248637,2.8463805379248637
Linear_V3,TSP-x_central-n80-g10000-3,56487.31590522326,59717,0.10232600000745151,0.09699290000571636,0.005333100001735147,0.784185399999842,ok,-5.408316048657403,5.408316048657403
Linear_V3,TSP-x_central-n80-g10000-2,55167.32423053112,57087,0.11797939999814844,0.11530169999605278,0.002677700002095662,0.30637550000392366,ok,-3.3627196550333327,3.3627196550333327
Linear_V3,TSP-x_central-n600-g1000-4,15965.962356834769,15724,0.618242199998349,0.6137946000017109,0.004447599996638019,7.601117099999101,ok,1.5388091887227728,1.5388091887227728
Linear_V3,TSP-x_central-n600-g10000-2,158616.91673076112,156991,0.6133023999936995,0.612446799997997,0.0008555999957025051,3.4218985000043176,ok,1.0356751219885985,1.0356751219885985
Linear_V3,TSP-x_central-n600-g10000-3,165053.64201541175,161999,0.6001638000016101,0.5993027000004076,0.0008611000012024306,3.0855990999989444,ok,1.8855931304586764,1.8855931304586764
Linear_V3,TSP-x_central-n700-g10000-4,177820.33770604874,174109,0.3978501000019605,0.39509130000078585,0.002758800001174677,5.048605400006636,ok,2.1316173810938777,2.1316173810938777
Linear_V3,TSP-x_central-n80-g10000-4,56094.46113661071,60170,0.1264658000000054,0.12348519999795826,0.00298060000204714,0.12610520000453107,ok,-6.773373547264895,6.773373547264895
Linear_V3,TSP-x_central-n80-g10000-5,60968.01890178724,63473,0.11963410000316799,0.1171673999997438,0.0024667000034241937,0.1284099999902537,ok,-3.9465301753702517,3.9465301753702517
Linear_V3,TSP-x_central-n700-g10000-2,174736.5385254775,170458,0.43019090000598226,0.4276730999990832,0.0025178000068990514,8.67217740000342,ok,2.5100250651054736,2.5100250651054736
Linear_V3,TSP-x_central-n90-g1000-1,6436.266923480347,6468,0.06535379999695579,0.06373919999896316,0.0016145999979926273,0.27796249999664724,ok,-0.49061652009358325,0.49061652009358325
Linear_V3,TSP-x_central-n90-g1000-2,6414.749059824428,6505,0.0818859999999404,0.08066099999996368,0.001224999999976717,0.16731819999404252,ok,-1.3874087651894296,1.3874087651894296
Linear_V3,TSP-x_central-n90-g1000-3,6299.600996791222,6321,0.08916299999691546,0.08772799999860581,0.0014349999983096495,0.24123660000623204,ok,-0.33853825674383303,0.33853825674383303
Linear_V3,TSP-x_central-n90-g10000-1,54253.13056245907,56607,0.0581939999901806,0.054401299996243324,0.0037926999939372763,2.241472399997292,ok,-4.158265651846825,4.158265651846825
Linear_V3,TSP-x_central-n90-g1000-4,6447.7161837462045,6411,0.07764180000231136,0.07638990000123158,0.0012519000010797754,0.28609989999677055,ok,0.5727060325410152,0.5727060325410152
Linear_V3,TSP-x_central-n90-g10000-3,64592.26571251594,63393,0.067667999996047,0.06655999999929918,0.0011079999967478216,0.12946379999630153,ok,1.8917951706275749,1.8917951706275749
Linear_V3,TSP-x_central-n90-g1000-5,6282.383895822526,6358,0.08469589999731397,0.08382789999450324,0.0008680000028107315,0.4880025000020396,ok,-1.1893064513600813,1.1893064513600813
Linear_V3,TSP-x_central-n90-g10000-2,63829.45221455336,66229,0.07613629999832483,0.07348559999809368,0.0026507000002311543,0.3025821999908658,ok,-3.62310737810723,3.62310737810723
Linear_V3,TSP-x_central-n90-g10000-4,59567.297942321886,62059,0.08620269999664742,0.08482269999512937,0.0013800000015180558,0.33624499999859836,ok,-4.015053509850488,4.015053509850488
Linear_V3,TSP-x_central-n90-g10000-5,61757.00132030101,64957,0.0857425000067451,0.08459320000110893,0.001149300005636178,0.33589760000177193,ok,-4.926333851161523,4.926333851161523
Linear_V3,TSP-x_central-n700-g10000-5,177924.44690970483,175955,0.5996834000034141,0.5988884000034886,0.0007949999999254942,13.73669359998894,ok,1.1192901080985636,1.1192901080985636
Linear_V3,TSP-x_central-n800-g1000-5,18172.117299127352,17689,0.3410150999989128,0.34034759999485686,0.0006675000040559098,23.95051059999969,ok,2.731173605785248,2.731173605785248
Linear_V3,TSP-x_central-n800-g1000-4,18564.91501053925,18059,0.36302989999967394,0.3592041000010795,0.003825799998594448,5.706710700003896,ok,2.801456395920322,2.801456395920322
Linear_V3,TSP-x_central-n800-g10000-1,184834.37249203448,182836,0.36238719999528257,0.3605277999959071,0.001859399999375455,5.395537000003969,ok,1.0929863331261256,1.0929863331261256
Linear_V3,TSP-x_central-n800-g10000-2,192723.83673980844,188775,0.36902749999717344,0.3663812999948277,0.002646200002345722,20.29143589999876,ok,2.091821872498179,2.091821872498179
Linear_V3,TSP-x_central-n800-g1000-2,18437.743177416407,18051,0.3994793999954709,0.39740180000080727,0.0020775999946636148,4.485592400000314,ok,2.1425027833161985,2.1425027833161985
Linear_V3,TSP-x_central-n800-g10000-4,188114.1939986843,183943,0.3591127999970922,0.35513019999780226,0.00398259999928996,145.07107299999916,ok,2.2676557404654116,2.2676557404654116
Linear_V3,TSP-x_central-n800-g10000-3,185438.7116710707,184203,0.370490700006485,0.36569240000244463,0.004798300004040357,9.309764700010419,ok,0.670842315852994,0.670842315852994
Linear_V3,TSP-x_central-n800-g1000-1,18600.485715322156,18210,0.41183819999423577,0.40986939999856986,0.001968799995665904,11.28831769998942,ok,2.144347695344077,2.144347695344077
Linear_V3,TSP-x_central-n900-g1000-3,19657.327219414023,19246,0.27700740000000224,0.2739877999993041,0.0030196000006981194,17.623551000011503,ok,2.137208871526669,2.137208871526669
Linear_V3,TSP-x_central-n900-g10000-3,191515.70593359112,190497,0.25285360000270884,0.2521660999991582,0.0006875000035506673,5.917373200005386,ok,0.534762192365821,0.534762192365821
Linear_V3,TSP-x_central-n900-g10000-4,194850.18173100345,192236,0.23114409999834606,0.22914529999980005,0.001998799998546019,12.522487899987027,ok,1.3598814639315493,1.3598814639315493
Linear_V3,TSP-x_central-n900-g10000-2,195011.4933892244,191391,0.2673313000050257,0.2665820000038366,0.0007493000011891127,5.857476100005442,ok,1.8916737930333196,1.8916737930333196
Linear_V3,TSP-x_central-n800-g1000-3,18600.144893502587,18388,0.4991766000021016,0.4985106000021915,0.0006659999999101274,6.0403096999943955,ok,1.1537137997747844,1.1537137997747844
Linear_V3,TSP-x_central-n800-g10000-5,182267.02833371598,177635,0.4489867000011145,0.4483422999983304,0.0006444000027840957,6.23708340000303,ok,2.6076101746367426,2.6076101746367426
Linear_V3,TSP-x_central-n900-g1000-1,19701.81837681972,19316,0.35032990000763675,0.3496644000042579,0.0006655000033788383,21.42157120000047,ok,1.9974030690604656,1.9974030690604656
Linear_V3,TSP-x_central-n900-g1000-2,20121.276921080273,19713,0.35615580000012415,0.3554650000005495,0.000690799999574665,39.72508390000439,ok,2.0711049616003274,2.0711049616003274
Linear_V3,TSP-x_central-n900-g1000-4,19809.32240163485,19080,0.350573899995652,0.3487920999978087,0.0017817999978433363,84.29449190000014,ok,3.822444453012843,3.822444453012843
Linear_V3,TSP-x_central-n900-g10000-1,201437.6873263498,197008,0.3465434000027017,0.34594189999916125,0.0006015000035404228,6.854846999995061,ok,2.2484809380074986,2.2484809380074986
Linear_V3,TSP-x_central-n900-g10000-5,200452.193613455,195816,0.19116290000238223,0.19055910000315635,0.0006037999992258847,11.512427000008756,ok,2.367627575609241,2.367627575609241
Linear_V3,TSP-x_central-n900-g1000-5,19603.009980726372,19388,0.3604552999968291,0.3598354999994626,0.0006197999973664992,14.305989399988903,ok,1.1089848397275237,1.1089848397275237
