model,instance,pred_cost,true_cost,prediction_time_s,feature_time_s,inference_time_s,optimal_solve_time_s,gap_pct,abs_gap_pct
Daganzo,TSP-boundary-n200-g1000-1,7924.97015073243,9326,0.048042499998700805,0.024021249999350403,0.024021249999350403,1.4348636000067927,-15.022837757533456,15.022837757533456
Daganzo,TSP-boundary-n10-g1000-3,1271.7439624389808,2942,0.002974700000777375,0.0014873500003886875,0.0014873500003886875,0.15743380000640173,-56.77280889058529,56.77280889058529
Daganzo,TSP-boundary-n10-g1000-1,1408.9144422213863,3399,0.0027853999999933876,0.0013926999999966938,0.0013926999999966938,0.07625080000434536,-58.549148507755625,58.549148507755625
Daganzo,TSP-boundary-n1000-g10000-2,179683.69077534552,202565,0.016223699996771757,0.008111849998385878,0.008111849998385878,6.294937500002561,-11.295786154890768,11.295786154890768
Daganzo,TSP-boundary-n20-g10000-1,22522.19629045977,37631,0.008206799997424241,0.004103399998712121,0.004103399998712121,0.04446159998769872,-40.14988628933653,40.14988628933653
Daganzo,TSP-boundary-n10-g10000-5,13216.767682852715,27743,0.003035099995031487,0.0015175499975157436,0.0015175499975157436,0.050072500001988374,-52.35999105052549,52.35999105052549
Daganzo,TSP-boundary-n20-g10000-5,23216.882984586882,41629,0.03404710000177147,0.017023550000885734,0.017023550000885734,0.045870599991758354,-44.22906391076681,44.22906391076681
Daganzo,TSP-boundary-n1000-g1000-2,17953.724240390904,20615,0.009680600000137929,0.0048403000000689644,0.0048403000000689644,12.61317229999986,-12.90941430807226,12.90941430807226
Daganzo,TSP-boundary-n10-g10000-2,16053.889512778514,36007,0.0038123999984236434,0.0019061999992118217,0.0019061999992118217,0.04179420000582468,-55.414531861086694,55.414531861086694
Daganzo,TSP-boundary-n100-g1000-4,5608.934678261104,7168,0.0032343000057153404,0.0016171500028576702,0.0016171500028576702,0.3713453000091249,-21.750353260866298,21.750353260866298
Daganzo,TSP-boundary-n20-g1000-1,2156.104395431724,4099,0.008070299998507835,0.0040351499992539175,0.0040351499992539175,0.04248050000751391,-47.39925846714507,47.39925846714507
Daganzo,TSP-boundary-n1000-g1000-3,17980.184480421773,20395,0.013744199997745454,0.006872099998872727,0.006872099998872727,24.521400800003903,-11.840232996215873,11.840232996215873
Daganzo,TSP-boundary-n100-g1000-1,5588.410347317025,6956,0.05545980000169948,0.02772990000084974,0.02772990000084974,0.21300820000760723,-19.660575800502798,19.660575800502798
Daganzo,TSP-boundary-n1000-g10000-5,179599.216373708,206702,0.09329169999546139,0.04664584999773069,0.04664584999773069,9.355593499989482,-13.11200841128387,13.11200841128387
Daganzo,TSP-boundary-n100-g10000-5,55462.81966439318,69815,0.055501100003311876,0.027750550001655938,0.027750550001655938,4.705000100002508,-20.557445155921823,20.557445155921823
Daganzo,TSP-boundary-n20-g10000-4,22829.568315826735,40020,0.007099000002199318,0.003549500001099659,0.003549500001099659,0.04199749999679625,-42.95460190947843,42.95460190947843
Daganzo,TSP-boundary-n20-g10000-2,21852.042354983663,37802,0.007445900002494454,0.003722950001247227,0.003722950001247227,0.04965489999449346,-42.193422689318915,42.193422689318915
Daganzo,TSP-boundary-n1000-g10000-1,179595.81717804563,207156,0.014743300002010074,0.007371650001005037,0.007371650001005037,95.81789179999032,-13.304071724668542,13.304071724668542
Daganzo,TSP-boundary-n20-g10000-3,22664.45164300253,39825,0.04758820000279229,0.023794100001396146,0.023794100001396146,0.052759100013645366,-43.08988915755799,43.08988915755799
Daganzo,TSP-boundary-n100-g10000-2,55021.22783935304,70034,0.008169200002157595,0.0040846000010787975,0.0040846000010787975,0.3339735999907134,-21.436405404013705,21.436405404013705
Daganzo,TSP-boundary-n10-g10000-1,13119.329191502133,31722,0.0034055999931297265,0.0017027999965648632,0.0017027999965648632,0.0441271999879973,-58.642805650645826,58.642805650645826
Daganzo,TSP-boundary-n100-g1000-2,5529.233577540381,6834,0.002940999998827465,0.0014704999994137324,0.0014704999994137324,0.06720600000699051,-19.092280106227967,19.092280106227967
Daganzo,TSP-boundary-n10-g1000-5,1236.3935944916568,3006,0.0029132999989087693,0.0014566499994543847,0.0014566499994543847,0.1571512999944389,-58.869141899811815,58.869141899811815
Daganzo,TSP-boundary-n20-g1000-2,2355.862475824936,4345,0.013335200004803482,0.006667600002401741,0.006667600002401741,0.1955378999991808,-45.77992000402909,45.77992000402909
Daganzo,TSP-boundary-n1000-g10000-3,179721.8718104449,203317,0.01497689999814611,0.007488449999073055,0.007488449999073055,14.201905299996724,-11.605093617137332,11.605093617137332
Daganzo,TSP-boundary-n100-g1000-5,5569.483388071105,7017,0.05398870000499301,0.026994350002496503,0.026994350002496503,0.14065890001074877,-20.62871044504625,20.62871044504625
Daganzo,TSP-boundary-n30-g1000-1,2873.2944663747917,4564,0.014601400005631149,0.007300700002815574,0.007300700002815574,0.04745119999279268,-37.044380666634716,37.044380666634716
Daganzo,TSP-boundary-n20-g1000-4,2390.048810798641,4313,0.006768100000044797,0.0033840500000223983,0.0033840500000223983,0.1820376999967266,-44.58500322748339,44.58500322748339
Daganzo,TSP-boundary-n10-g1000-2,1404.7817390968605,3247,0.002340899998671375,0.0011704499993356876,0.0011704499993356876,0.0730119000072591,-56.736010499018775,56.736010499018775
Daganzo,TSP-boundary-n200-g1000-4,7912.275511507419,9477,0.11430339999787975,0.057151699998939876,0.057151699998939876,1.0148306000046432,-16.510757502295885,16.510757502295885
Daganzo,TSP-boundary-n10-g10000-4,14892.66565998176,33497,0.004790500002854969,0.0023952500014274847,0.0023952500014274847,0.04994730000908021,-55.54030014633622,55.54030014633622
Daganzo,TSP-boundary-n10-g1000-4,1532.672659767897,3550,0.0022261999984038994,0.0011130999992019497,0.0011130999992019497,0.32430780000868253,-56.82612226005924,56.82612226005924
Daganzo,TSP-boundary-n100-g10000-1,55577.50253596323,70551,0.057879500003764406,0.028939750001882203,0.028939750001882203,0.21488880000833888,-21.223650216207812,21.223650216207812
Daganzo,TSP-boundary-n200-g1000-2,7897.81847221117,9755,0.08192309999867575,0.040961549999337876,0.040961549999337876,1.633126100001391,-19.03825246323762,19.03825246323762
Daganzo,TSP-boundary-n200-g1000-5,7979.44830235775,9490,0.08176629999798024,0.04088314999899012,0.04088314999899012,1.582245999990846,-15.917299237536877,15.917299237536877
Daganzo,TSP-boundary-n1000-g1000-4,17967.0745114501,20565,0.024643199998536147,0.012321599999268074,0.012321599999268074,14.657510000019101,-12.632752193289082,12.632752193289082
Daganzo,TSP-boundary-n100-g1000-3,5536.149758631896,7047,0.05377060000319034,0.02688530000159517,0.02688530000159517,0.3462584999942919,-21.43962312144323,21.43962312144323
Daganzo,TSP-boundary-n100-g10000-3,55464.08511974212,71693,0.055460200004745275,0.027730100002372637,0.027730100002372637,0.6195137000031536,-22.636679843580097,22.636679843580097
Daganzo,TSP-boundary-n1000-g1000-1,17960.676483640586,20552,0.015243000001646578,0.007621500000823289,0.007621500000823289,10.352445600001374,-12.608619678665894,12.608619678665894
Daganzo,TSP-boundary-n1000-g10000-4,179647.85002763045,208514,0.013240899999800604,0.006620449999900302,0.006620449999900302,16.147434299986344,-13.843746689608153,13.843746689608153
Daganzo,TSP-boundary-n1000-g1000-5,17971.55403547506,20398,0.01877760000206763,0.009388800001033815,0.009388800001033815,10.911729599989485,-11.895509189748704,11.895509189748704
Daganzo,TSP-boundary-n10-g10000-3,13554.456600376865,31281,0.003762699998333119,0.0018813499991665594,0.0018813499991665594,0.0424796999868704,-56.668723505077004,56.668723505077004
Daganzo,TSP-boundary-n100-g10000-4,55457.0420787117,71295,0.00607270000182325,0.003036350000911625,0.003036350000911625,0.5164423000096576,-22.214682546164955,22.214682546164955
Daganzo,TSP-boundary-n20-g1000-3,2150.165118310684,3809,0.009042099998623598,0.004521049999311799,0.004521049999311799,0.1841885000030743,-43.55040382487046,43.55040382487046
Daganzo,TSP-boundary-n20-g1000-5,2247.9046863690637,3865,0.008019399996555876,0.004009699998277938,0.004009699998277938,0.17787749999843072,-41.83946477699706,41.83946477699706
Daganzo,TSP-boundary-n30-g10000-3,27651.73035186044,42582,0.037534800001594704,0.018767400000797352,0.018767400000797352,0.05330300000787247,-35.06239643074436,35.06239643074436
Daganzo,TSP-boundary-n200-g10000-2,79891.5326619786,95920,0.024090200000500772,0.012045100000250386,0.012045100000250386,3.1889790999994148,-16.71024534822914,16.71024534822914
Daganzo,TSP-boundary-n30-g1000-5,2700.5776507073438,4111,0.04135659999883501,0.020678299999417504,0.020678299999417504,0.05177789999288507,-34.30849791517043,34.30849791517043
Daganzo,TSP-boundary-n30-g1000-4,2669.9410881141175,4117,0.037851599998248275,0.018925799999124138,0.018925799999124138,0.054444699999294244,-35.148382605923786,35.148382605923786
Daganzo,TSP-boundary-n30-g1000-3,2871.7344452438488,4735,0.007259899997734465,0.0036299499988672324,0.0036299499988672324,0.041289999993750826,-39.35090928735272,39.35090928735272
Daganzo,TSP-boundary-n30-g10000-1,27996.235030303626,43457,0.03825939999660477,0.019129699998302385,0.019129699998302385,0.04953029999160208,-35.577156659908354,35.577156659908354
Daganzo,TSP-boundary-n30-g1000-2,2979.3178085763193,4612,0.03977329999906942,0.01988664999953471,0.01988664999953471,0.052141499996650964,-35.400741357842165,35.400741357842165
Daganzo,TSP-boundary-n30-g10000-4,29128.619128676524,44131,0.006506599995191209,0.0032532999975956045,0.0032532999975956045,0.0445185999997193,-33.99510745580992,33.99510745580992
Daganzo,TSP-boundary-n200-g10000-1,79592.84473393322,92227,0.12262470000132453,0.061312350000662263,0.061312350000662263,1.2857908999867504,-13.698976727061252,13.698976727061252
Daganzo,TSP-boundary-n200-g1000-3,7947.331165240315,9384,0.008736100004171021,0.004368050002085511,0.004368050002085511,1.5555985999963013,-15.309770191386237,15.309770191386237
Daganzo,TSP-boundary-n30-g10000-5,28928.111830968155,43579,0.007342000004427973,0.0036710000022139866,0.0036710000022139866,0.04866580000089016,-33.61914722465372,33.61914722465372
Daganzo,TSP-boundary-n200-g10000-4,79279.12717563177,97285,0.004346599998825695,0.0021732999994128477,0.0021732999994128477,2.866724899999099,-18.508375211356558,18.508375211356558
Daganzo,TSP-boundary-n200-g10000-3,79561.80120528946,96954,0.01118750000023283,0.005593750000116415,0.005593750000116415,8.438265499993577,-17.938608819347873,17.938608819347873
Daganzo,TSP-boundary-n300-g1000-3,9754.542082025173,11257,0.008588600001530722,0.004294300000765361,0.004294300000765361,3.45801780000329,-13.346876769786151,13.346876769786151
Daganzo,TSP-boundary-n200-g10000-5,79629.04426985166,100841,0.005699000001186505,0.0028495000005932525,0.0028495000005932525,1.5299895999924047,-21.035050951645008,21.035050951645008
Daganzo,TSP-boundary-n300-g1000-2,9757.826487235769,11159,0.010178199998335913,0.005089099999167956,0.005089099999167956,6.341344900007243,-12.556443344065164,12.556443344065164
Daganzo,TSP-boundary-n30-g10000-2,28120.565173712275,47104,0.005426299998362083,0.0027131499991810415,0.0027131499991810415,0.046074200014118105,-40.30110994031871,40.30110994031871
Daganzo,TSP-boundary-n300-g1000-1,9789.21109870453,11846,0.011058999996748753,0.0055294999983743764,0.0055294999983743764,2.233340600010706,-17.36272920222412,17.36272920222412
Daganzo,TSP-boundary-n40-g1000-1,3308.478570884206,5030,0.003932499996153638,0.001966249998076819,0.001966249998076819,0.18475810000381898,-34.225078113634076,34.225078113634076
Daganzo,TSP-boundary-n300-g1000-4,9735.037659403277,11542,0.006253200001083314,0.003126600000541657,0.003126600000541657,2.966981300007319,-15.655539253133973,15.655539253133973
Daganzo,TSP-boundary-n40-g1000-5,3413.65666727045,4972,0.007255499993334524,0.003627749996667262,0.003627749996667262,0.047093500004848465,-31.34238400501911,31.34238400501911
Daganzo,TSP-boundary-n300-g10000-5,97998.08792211203,115441,0.008796599999186583,0.004398299999593291,0.004398299999593291,2.499435200006701,-15.109806808575787,15.109806808575787
Daganzo,TSP-boundary-n300-g10000-3,97082.06926757895,115554,0.008602300003985874,0.004301150001992937,0.004301150001992937,1.9706148999975994,-15.985539862247133,15.985539862247133
Daganzo,TSP-boundary-n300-g10000-2,97871.85087140733,116741,0.010148200002731755,0.005074100001365878,0.005074100001365878,6.775888300006045,-16.163258091495425,16.163258091495425
Daganzo,TSP-boundary-n300-g1000-5,9788.043584905003,11645,0.013091000000713393,0.0065455000003566965,0.0065455000003566965,1.4859470999945188,-15.9463839853585,15.9463839853585
Daganzo,TSP-boundary-n40-g1000-2,3483.0078423684317,4944,0.00718349999806378,0.00359174999903189,0.00359174999903189,0.04943250000360422,-29.550812249829455,29.550812249829455
Daganzo,TSP-boundary-n40-g10000-1,31652.523519586866,44362,0.005403000002843328,0.002701500001421664,0.002701500001421664,0.04612780000024941,-28.649466841921317,28.649466841921317
Daganzo,TSP-boundary-n300-g10000-1,97519.16310125921,119041,0.011458199995104223,0.005729099997552112,0.005729099997552112,11.337956400006078,-18.079348206702555,18.079348206702555
Daganzo,TSP-boundary-n400-g1000-3,11305.653644968961,13531,0.00480750000133412,0.00240375000066706,0.00240375000066706,2.497820899996441,-16.446281538918328,16.446281538918328
Daganzo,TSP-boundary-n40-g1000-4,3353.8366006709384,4900,0.006233899999642745,0.0031169499998213723,0.0031169499998213723,0.05236479999439325,-31.554355088348196,31.554355088348196
Daganzo,TSP-boundary-n40-g10000-2,33849.15079307012,49833,0.008090900002571288,0.004045450001285644,0.004045450001285644,0.06547339999815449,-32.07482834051709,32.07482834051709
Daganzo,TSP-boundary-n300-g10000-4,97465.5641490624,120861,0.012055400002282113,0.006027700001141056,0.006027700001141056,8.038870899996255,-19.357307858562812,19.357307858562812
Daganzo,TSP-boundary-n40-g10000-4,34900.89901460992,49599,0.00545599999895785,0.002727999999478925,0.002727999999478925,0.04674739998881705,-29.633865572673002,29.633865572673002
Daganzo,TSP-boundary-n40-g10000-5,34013.90129355937,47067,0.008139400000800379,0.004069700000400189,0.004069700000400189,0.08675380000204314,-27.733016139632078,27.733016139632078
Daganzo,TSP-boundary-n40-g1000-3,3478.588161884071,4794,0.013295999997353647,0.0066479999986768235,0.0066479999986768235,0.09592740000516642,-27.438711683686467,27.438711683686467
Daganzo,TSP-boundary-n400-g1000-2,11310.26225425388,13231,0.009478500003751833,0.0047392500018759165,0.0047392500018759165,9.881466000006185,-14.516950689638882,14.516950689638882
Daganzo,TSP-boundary-n40-g10000-3,34193.93247677137,49175,0.008127300003252458,0.004063650001626229,0.004063650001626229,0.0481084000057308,-30.4648043176993,30.4648043176993
Daganzo,TSP-boundary-n400-g1000-1,11303.943614509051,13501,0.008065499998338055,0.004032749999169027,0.004032749999169027,1.7832259999995586,-16.273286315761414,16.273286315761414
Daganzo,TSP-boundary-n400-g10000-5,113569.92803361283,135996,0.007038900002953596,0.003519450001476798,0.003519450001476798,3.306738500003121,-16.49024380598486,16.49024380598486
Daganzo,TSP-boundary-n5-g1000-2,665.4222088268469,2348,0.004600500004016794,0.002300250002008397,0.002300250002008397,0.04169709999405313,-71.66004221350737,71.66004221350737
Daganzo,TSP-boundary-n5-g10000-1,4828.682593006089,19819,0.006153200003609527,0.0030766000018047635,0.0030766000018047635,0.11042549999547191,-75.63609368279889,75.63609368279889
Daganzo,TSP-boundary-n5-g1000-1,858.4060905247585,2756,0.006017799998517148,0.003008899999258574,0.003008899999258574,0.04362689999106806,-68.85318974873881,68.85318974873881
Daganzo,TSP-boundary-n400-g10000-3,112990.23319296229,129635,0.011940500000491738,0.005970250000245869,0.005970250000245869,3.854709000006551,-12.839716748592364,12.839716748592364
Daganzo,TSP-boundary-n400-g1000-4,11284.603701504095,13726,0.008389299997361377,0.0041946499986806884,0.0041946499986806884,2.392791099991882,-17.786655241846898,17.786655241846898
Daganzo,TSP-boundary-n400-g10000-2,113266.31968798138,133755,0.011043099999369588,0.005521549999684794,0.005521549999684794,1.8698617999907583,-15.318066847608405,15.318066847608405
Daganzo,TSP-boundary-n5-g10000-3,6178.542272069521,22805,0.004208099999232218,0.002104049999616109,0.002104049999616109,0.08295179999549873,-72.90707181727902,72.90707181727902
Daganzo,TSP-boundary-n5-g10000-2,6330.371858271833,27529,0.0056240999983856454,0.0028120499991928227,0.0028120499991928227,0.12117869999201503,-77.00471554262111,77.00471554262111
Daganzo,TSP-boundary-n5-g1000-3,980.1713105370917,3301,0.003975599996920209,0.0019877999984601047,0.0019877999984601047,0.08774310001172125,-70.30683700281455,70.30683700281455
Daganzo,TSP-boundary-n400-g1000-5,11292.063976970727,13342,0.00890810000419151,0.004454050002095755,0.004454050002095755,3.0199887000053423,-15.364533226122571,15.364533226122571
Daganzo,TSP-boundary-n5-g1000-4,593.3238670827258,2219,0.007639899995410815,0.0038199499977054074,0.0038199499977054074,0.0393573000037577,-73.26165538158062,73.26165538158062
Daganzo,TSP-boundary-n400-g10000-4,113458.54882440544,127600,0.007051799999317154,0.003525899999658577,0.003525899999658577,3.810321799988742,-11.08264198714307,11.08264198714307
Daganzo,TSP-boundary-n5-g1000-5,358.05120653336724,1674,0.005454199999803677,0.0027270999999018386,0.0027270999999018386,0.07082110000192188,-78.61103903623851,78.61103903623851
Daganzo,TSP-boundary-n5-g10000-5,7603.058034452321,29308,0.005681599999661557,0.0028407999998307787,0.0028407999998307787,0.11882679999689572,-74.05807958764731,74.05807958764731
Daganzo,TSP-boundary-n400-g10000-1,113141.57707668742,134933,0.012052999998559244,0.006026499999279622,0.006026499999279622,15.880199499995797,-16.14980984882318,16.14980984882318
Daganzo,TSP-boundary-n50-g1000-2,3789.7874330231243,5332,0.00548529999650782,0.00274264999825391,0.00274264999825391,0.09713150000607129,-28.923716559956407,28.923716559956407
Daganzo,TSP-boundary-n50-g10000-1,37608.3285190262,50920,0.00493339999957243,0.002466699999786215,0.002466699999786215,0.06853440000850242,-26.142324196727802,26.142324196727802
Daganzo,TSP-boundary-n50-g1000-4,3866.9805721001494,5612,0.006277799999224953,0.0031388999996124767,0.0031388999996124767,0.11850419999973383,-31.094430290446372,31.094430290446372
Daganzo,TSP-boundary-n50-g1000-3,3843.2722883631336,5570,0.005807599998661317,0.0029037999993306585,0.0029037999993306585,0.1257521999941673,-31.0004975159222,31.0004975159222
Daganzo,TSP-boundary-n5-g10000-4,8220.86044584142,25809,0.0056024000004981644,0.0028012000002490822,0.0028012000002490822,0.1602507999923546,-68.14731122538099,68.14731122538099
Daganzo,TSP-boundary-n50-g1000-1,3865.722182206062,5448,0.009183100002701394,0.004591550001350697,0.004591550001350697,0.056435799997416325,-29.043278593868173,29.043278593868173
Daganzo,TSP-boundary-n50-g10000-3,38637.379154615286,52169,0.006841900001745671,0.0034209500008728355,0.0034209500008728355,0.18738160000066273,-25.93804911994616,25.93804911994616
Daganzo,TSP-boundary-n50-g10000-5,38547.541592039306,52923,0.008768700005020946,0.004384350002510473,0.004384350002510473,0.09546250000130385,-27.16296961238156,27.16296961238156
Daganzo,TSP-boundary-n500-g1000-2,12685.941948669006,14989,0.007785499998135492,0.003892749999067746,0.003892749999067746,11.302185699998518,-15.364988000073348,15.364988000073348
Daganzo,TSP-boundary-n50-g10000-2,38562.71526896154,57427,0.00838849999854574,0.00419424999927287,0.00419424999927287,0.056438100000377744,-32.84915585184402,32.84915585184402
Daganzo,TSP-boundary-n50-g10000-4,37591.32152345804,55788,0.01259839999693213,0.006299199998466065,0.006299199998466065,0.0942776000010781,-32.6175494309564,32.6175494309564
Daganzo,TSP-boundary-n60-g1000-2,4282.51170050941,5873,0.004941699997289106,0.002470849998644553,0.002470849998644553,0.2882640000025276,-27.081360454462626,27.081360454462626
Daganzo,TSP-boundary-n500-g1000-1,12637.797904500609,14788,0.014281100004154723,0.007140550002077362,0.007140550002077362,3.4455307999887737,-14.540181873812491,14.540181873812491
Daganzo,TSP-boundary-n500-g1000-5,12653.59881120782,14524,0.005564800005231518,0.002782400002615759,0.002782400002615759,8.848964500008151,-12.87800322770711,12.87800322770711
Daganzo,TSP-boundary-n50-g1000-5,3758.7534855321387,5766,0.012350099998002406,0.006175049999001203,0.006175049999001203,0.07307379999838304,-34.81176750724699,34.81176750724699
Daganzo,TSP-boundary-n500-g10000-2,126602.55904611485,145249,0.008517299997038208,0.004258649998519104,0.004258649998519104,2.2700855000002775,-12.83756924583656,12.83756924583656
Daganzo,TSP-boundary-n60-g1000-1,4208.872434987784,5869,0.011532199998327997,0.005766099999163998,0.005766099999163998,0.19682450000254903,-28.28637868482222,28.28637868482222
Daganzo,TSP-boundary-n500-g10000-1,126629.28326556222,147140,0.01539760000014212,0.00769880000007106,0.00769880000007106,5.54722939999192,-13.939592724233915,13.939592724233915
Daganzo,TSP-boundary-n500-g10000-4,126880.36085531517,147812,0.006770899999537505,0.0033854499997687526,0.0033854499997687526,4.768104300004779,-14.160987703762096,14.160987703762096
Daganzo,TSP-boundary-n500-g1000-4,12619.34494437013,14408,0.014718300000822637,0.007359150000411319,0.007359150000411319,13.337091900000814,-12.414318820307258,12.414318820307258
Daganzo,TSP-boundary-n60-g1000-5,4272.021282250358,5905,0.00455109999893466,0.00227554999946733,0.00227554999946733,0.1470638000027975,-27.654169648596817,27.654169648596817
Daganzo,TSP-boundary-n500-g10000-3,126730.0870239581,143473,0.011924799997359514,0.005962399998679757,0.005962399998679757,2.475389700004598,-11.669730873433958,11.669730873433958
Daganzo,TSP-boundary-n60-g10000-1,42434.987578153006,55252,0.006945699999050703,0.0034728499995253514,0.0034728499995253514,0.0560228999966057,-23.197372804327436,23.197372804327436
Daganzo,TSP-boundary-n60-g10000-3,42032.05914281383,59668,0.007286000000021886,0.003643000000010943,0.003643000000010943,0.2281517000083113,-29.556782290651896,29.556782290651896
Daganzo,TSP-boundary-n60-g1000-3,4278.439136647849,5606,0.008255400003690738,0.004127700001845369,0.004127700001845369,0.08199530000274535,-23.68107141191849,23.68107141191849
Daganzo,TSP-boundary-n60-g1000-4,4177.669172876186,6019,0.011737099994206801,0.0058685499971034005,0.0058685499971034005,0.14975489999051206,-30.59197253902332,30.59197253902332
Daganzo,TSP-boundary-n500-g10000-5,126436.43425719895,146350,0.013456300002872013,0.006728150001436006,0.006728150001436006,9.705489499989199,-13.606809527024971,13.606809527024971
Daganzo,TSP-boundary-n60-g10000-5,42629.39411793229,57474,0.007670400002098177,0.0038352000010490883,0.0038352000010490883,0.10765269999683369,-25.828384803681164,25.828384803681164
Daganzo,TSP-boundary-n60-g10000-4,41542.31652167462,61590,0.008533899999747518,0.004266949999873759,0.004266949999873759,0.2693680999946082,-32.5502248389761,32.5502248389761
Daganzo,TSP-boundary-n600-g1000-3,13888.400616341678,16513,0.01251139999658335,0.006255699998291675,0.006255699998291675,5.026221600011922,-15.894140275288088,15.894140275288088
Daganzo,TSP-boundary-n600-g1000-4,13892.831831199856,16025,0.010182600002735853,0.005091300001367927,0.005091300001367927,4.481437099995674,-13.305261583776254,13.305261583776254
Daganzo,TSP-boundary-n600-g1000-1,13850.018298543866,15758,0.013605400003143586,0.006802700001571793,0.006802700001571793,3.878137199993944,-12.10801942794856,12.10801942794856
Daganzo,TSP-boundary-n500-g1000-3,12650.3214247702,14577,0.027704200001608115,0.013852100000804057,0.013852100000804057,22.919459199998528,-13.217250293131647,13.217250293131647
Daganzo,TSP-boundary-n60-g10000-2,41248.945004108886,56792,0.016514999995706603,0.008257499997853301,0.008257499997853301,0.10136570000031497,-27.368388146026053,27.368388146026053
Daganzo,TSP-boundary-n70-g1000-4,4538.294575884205,6457,0.006207599995832425,0.0031037999979162123,0.0031037999979162123,0.36540580001019407,-29.715121946969102,29.715121946969102
Daganzo,TSP-boundary-n600-g1000-2,13871.023489634787,16239,0.017664099999819882,0.008832049999909941,0.008832049999909941,28.217762400003267,-14.582034056070036,14.582034056070036
Daganzo,TSP-boundary-n70-g1000-1,4650.932630182897,5786,0.0064751999962027185,0.0032375999981013592,0.0032375999981013592,0.16432139999233186,-19.61747960278436,19.61747960278436
Daganzo,TSP-boundary-n600-g10000-1,138779.9875885208,156725,0.013355199997022282,0.006677599998511141,0.006677599998511141,4.938473899994278,-11.44999994351839,11.44999994351839
Daganzo,TSP-boundary-n600-g10000-3,138965.94482361496,165575,0.0107164999935776,0.0053582499967888,0.0053582499967888,3.822116900002584,-16.070696165716466,16.070696165716466
Daganzo,TSP-boundary-n600-g1000-5,13908.121474879345,15884,0.013969300001917873,0.006984650000958936,0.006984650000958936,4.457909999997355,-12.439426625035605,12.439426625035605
Daganzo,TSP-boundary-n70-g10000-1,45351.26043584676,58320,0.004961999999068212,0.002480999999534106,0.002480999999534106,0.28271879999374505,-22.237207757464404,22.237207757464404
Daganzo,TSP-boundary-n600-g10000-4,139102.08376106375,164626,0.010479500000656117,0.005239750000328058,0.005239750000328058,9.074188800004777,-15.504182959518086,15.504182959518086
Daganzo,TSP-boundary-n70-g1000-3,4546.10806740227,6138,0.011629000000539236,0.005814500000269618,0.005814500000269618,0.1557941000064602,-25.935026598203493,25.935026598203493
Daganzo,TSP-boundary-n600-g10000-2,138859.84254329975,162343,0.014810499997111037,0.007405249998555519,0.007405249998555519,4.045419300004141,-14.465149379215767,14.465149379215767
Daganzo,TSP-boundary-n70-g1000-2,4629.727762136776,6063,0.009797200000321027,0.0048986000001605134,0.0048986000001605134,0.06939940000302158,-23.639654261309985,23.639654261309985
Daganzo,TSP-boundary-n70-g1000-5,4580.052506631338,6053,0.007168199997977354,0.003584099998988677,0.003584099998988677,0.09670480000204407,-24.334173027732735,24.334173027732735
Daganzo,TSP-boundary-n70-g10000-2,44975.9101206746,56270,0.010774800000945106,0.005387400000472553,0.005387400000472553,0.19556029999512248,-20.07124556482211,20.07124556482211
Daganzo,TSP-boundary-n70-g10000-4,45795.29654481451,59062,0.010872099999687634,0.005436049999843817,0.005436049999843817,0.05694979999680072,-22.462333573508328,22.462333573508328
Daganzo,TSP-boundary-n600-g10000-5,138743.46208023638,157015,0.01585680000425782,0.00792840000212891,0.00792840000212891,30.00891010000487,-11.636810444711411,11.636810444711411
Daganzo,TSP-boundary-n70-g10000-5,45317.16779437457,58924,0.006577700005436782,0.003288850002718391,0.003288850002718391,0.09208740000030957,-23.092173317536883,23.092173317536883
Daganzo,TSP-boundary-n70-g10000-3,46115.735654638534,60617,0.008565600001020357,0.0042828000005101785,0.0042828000005101785,0.21161279999068938,-23.922768110202526,23.922768110202526
Daganzo,TSP-boundary-n8-g1000-1,1335.5867519558583,3320,0.0043107999954372644,0.0021553999977186322,0.0021553999977186322,0.04225949999818113,-59.77148337482354,59.77148337482354
Daganzo,TSP-boundary-n8-g1000-2,1259.9321053136155,3121,0.006044999994628597,0.0030224999973142985,0.0030224999973142985,0.05101590001140721,-59.630499669541315,59.630499669541315
Daganzo,TSP-boundary-n8-g1000-4,1002.9868750886026,2637,0.003741999993508216,0.001870999996754108,0.001870999996754108,0.04904900000838097,-61.96485115325739,61.96485115325739
Daganzo,TSP-boundary-n8-g1000-5,1105.947485010025,2807,0.003906500001903623,0.0019532500009518117,0.0019532500009518117,0.13262140000006184,-60.6003745988591,60.6003745988591
Daganzo,TSP-boundary-n700-g10000-3,149778.19115884328,171652,0.005089099999167956,0.002544549999583978,0.002544549999583978,8.618686699992395,-12.743113299674174,12.743113299674174
Daganzo,TSP-boundary-n700-g1000-3,15005.621063788063,17579,0.01578519999748096,0.00789259999874048,0.00789259999874048,4.697206400000141,-14.638938143306996,14.638938143306996
Daganzo,TSP-boundary-n8-g1000-3,1321.200982288463,3478,0.0035446000038064085,0.0017723000019032042,0.0017723000019032042,0.05060580000281334,-62.012622705909635,62.012622705909635
Daganzo,TSP-boundary-n700-g10000-4,150033.91744480646,173365,0.008093700002063997,0.0040468500010319985,0.0040468500010319985,12.89531399999396,-13.457781302565996,13.457781302565996
Daganzo,TSP-boundary-n8-g10000-3,13235.407511625775,34166,0.0038153999994392507,0.0019076999997196253,0.0019076999997196253,0.4614666999987094,-61.26146604335956,61.26146604335956
Daganzo,TSP-boundary-n700-g10000-2,150138.7875890504,175350,0.013170499994885176,0.006585249997442588,0.006585249997442588,6.62368739998783,-14.377651788394417,14.377651788394417
Daganzo,TSP-boundary-n700-g1000-5,14997.081836644085,17318,0.021796100001665764,0.010898050000832882,0.010898050000832882,12.508719899997232,-13.401767890956892,13.401767890956892
Daganzo,TSP-boundary-n700-g1000-1,15038.168066456763,17144,0.02107080000132555,0.010535400000662776,0.010535400000662776,24.911428599996725,-12.28320073228673,12.28320073228673
Daganzo,TSP-boundary-n700-g10000-1,150049.11579659508,175616,0.017808099997637328,0.008904049998818664,0.008904049998818664,10.379001500026789,-14.55840253929307,14.55840253929307
Daganzo,TSP-boundary-n700-g1000-4,14975.600464922934,17464,0.016673199999786448,0.008336599999893224,0.008336599999893224,8.795029400003841,-14.248737603510452,14.248737603510452
Daganzo,TSP-boundary-n8-g10000-5,12187.685830952485,31031,0.006044500005373266,0.003022250002686633,0.003022250002686633,0.36348919999727514,-60.72416025602628,60.72416025602628
Daganzo,TSP-boundary-n8-g10000-2,11071.1908057083,29005,0.007721699999819975,0.0038608499999099877,0.0038608499999099877,0.3940565999946557,-61.83006100428099,61.83006100428099
Daganzo,TSP-boundary-n8-g10000-4,10231.15405654709,25701,0.007431500001985114,0.003715750000992557,0.003715750000992557,0.26537049999751616,-60.19161100133423,60.19161100133423
Daganzo,TSP-boundary-n700-g10000-5,150148.90004282413,173629,0.009492600001976825,0.004746300000988413,0.004746300000988413,7.7317230999906315,-13.523144150560029,13.523144150560029
Daganzo,TSP-boundary-n80-g1000-2,4979.539052161354,6217,0.007387300000118557,0.0036936500000592787,0.0036936500000592787,0.10330799999064766,-19.904470771089684,19.904470771089684
Daganzo,TSP-boundary-n80-g10000-1,48483.29748043134,63622,0.0065638000014587305,0.0032819000007293653,0.0032819000007293653,0.34240709998994134,-23.794760490975854,23.794760490975854
Daganzo,TSP-boundary-n700-g1000-2,14971.191875398566,17373,0.021554400002059992,0.010777200001029996,0.010777200001029996,6.92876479998813,-13.824947473674284,13.824947473674284
Daganzo,TSP-boundary-n80-g1000-1,4854.336322093885,5681,0.007528800000727642,0.003764400000363821,0.003764400000363821,0.1822433000052115,-14.551376129310237,14.551376129310237
Daganzo,TSP-boundary-n80-g1000-4,5019.691982183767,6664,0.008181500001228414,0.004090750000614207,0.004090750000614207,0.08627420000266284,-24.6744900632688,24.6744900632688
Daganzo,TSP-boundary-n80-g1000-3,4925.751227579402,6742,0.01383440000063274,0.00691720000031637,0.00691720000031637,0.34194030000071507,-26.93931730080981,26.93931730080981
Daganzo,TSP-boundary-n80-g1000-5,5009.884317227295,6794,0.0076839000030304305,0.0038419500015152153,0.0038419500015152153,0.1019769999984419,-26.260166069660073,26.260166069660073
Daganzo,TSP-boundary-n8-g10000-1,13047.645232654053,33402,0.022412500002246816,0.011206250001123408,0.011206250001123408,0.44203390000620857,-60.937532984090616,60.937532984090616
Daganzo,TSP-boundary-n80-g10000-3,49346.05848819133,69194,0.007892199995694682,0.003946099997847341,0.003946099997847341,0.22685530000308063,-28.684483498292728,28.684483498292728
Daganzo,TSP-boundary-n80-g10000-4,49591.91725948897,63042,0.012642100002267398,0.006321050001133699,0.006321050001133699,0.11496600000828039,-21.335114273834954,21.335114273834954
Daganzo,TSP-boundary-n80-g10000-5,49666.288168253515,67313,0.012774399998306762,0.006387199999153381,0.006387199999153381,0.10997459999634884,-26.215904552978596,26.215904552978596
Daganzo,TSP-boundary-n800-g1000-1,16067.45781758894,18611,0.016721700005291495,0.008360850002645748,0.008360850002645748,16.465018899994902,-13.666875409226048,13.666875409226048
Daganzo,TSP-boundary-n80-g10000-2,48173.08819426049,61027,0.003629999999247957,0.0018149999996239785,0.0018149999996239785,0.11859060000278987,-21.06266374840564,21.06266374840564
Daganzo,TSP-boundary-n90-g1000-4,5237.495797898076,6519,0.0030083999954513274,0.0015041999977256637,0.0015041999977256637,0.09019919999991544,-19.657987453626696,19.657987453626696
Daganzo,TSP-boundary-n800-g1000-3,16029.879661432271,18426,0.015401600001496263,0.007700800000748131,0.007700800000748131,5.908687799994368,-13.004017901702644,13.004017901702644
Daganzo,TSP-boundary-n800-g10000-4,160630.8475563769,188036,0.009549899994453881,0.0047749499972269405,0.0047749499972269405,7.187218499995652,-14.574417900627068,14.574417900627068
Daganzo,TSP-boundary-n90-g1000-1,5231.480836197337,6593,0.0067303999967407435,0.0033651999983703718,0.0033651999983703718,0.16824620000261348,-20.650980794822733,20.650980794822733
Daganzo,TSP-boundary-n90-g10000-2,52817.8459985259,64465,0.0030467000033240765,0.0015233500016620383,0.0015233500016620383,0.19192660000408068,-18.067407122429373,18.067407122429373
Daganzo,TSP-boundary-n800-g1000-2,16067.174721151194,18571,0.020288899999286514,0.010144449999643257,0.010144449999643257,5.513284399989061,-13.48244725027627,13.48244725027627
Daganzo,TSP-boundary-n90-g1000-3,5293.411269729568,6498,0.008091700001386926,0.004045850000693463,0.004045850000693463,0.1539069999998901,-18.53783826208729,18.53783826208729
Daganzo,TSP-boundary-n800-g10000-5,160384.68648371636,178451,0.013151500003004912,0.006575750001502456,0.006575750001502456,18.041770399999223,-10.123963169880607,10.123963169880607
Daganzo,TSP-boundary-n800-g10000-1,160214.6959630108,186065,0.011662500000966247,0.005831250000483124,0.005831250000483124,6.679852500004927,-13.893157787326576,13.893157787326576
Daganzo,TSP-boundary-n90-g1000-2,5219.40070525343,6651,0.01001669999823207,0.005008349999116035,0.005008349999116035,0.1274632999993628,-21.524572165788154,21.524572165788154
Daganzo,TSP-boundary-n800-g10000-2,160251.49008143417,184854,0.020619399998395238,0.010309699999197619,0.010309699999197619,226.9496613999945,-13.309157453214878,13.309157453214878
Daganzo,TSP-boundary-n800-g10000-3,160461.64871482528,183429,0.020153599994955584,0.010076799997477792,0.010076799997477792,5.994047500003944,-12.521112411436972,12.521112411436972
Daganzo,TSP-boundary-n90-g1000-5,5115.270002551185,6637,0.01092639999842504,0.00546319999921252,0.00546319999921252,0.20075950000318699,-22.927979470375398,22.927979470375398
Daganzo,TSP-boundary-n90-g10000-1,52223.43961442506,67541,0.009626600003684871,0.0048133000018424354,0.0048133000018424354,0.14782820000255015,-22.67890671677195,22.67890671677195
Daganzo,TSP-boundary-n800-g1000-5,16025.748429324605,18162,0.026753800004371442,0.013376900002185721,0.013376900002185721,5.016360900001018,-11.762204441555966,11.762204441555966
Daganzo,TSP-boundary-n90-g10000-5,52881.938002899435,65189,0.006709799999953248,0.003354899999976624,0.003354899999976624,0.5789832000009483,-18.879047074047104,18.879047074047104
Daganzo,TSP-boundary-n90-g10000-4,52507.26707255862,64892,0.009277700002712663,0.004638850001356332,0.004638850001356332,0.18991210000240244,-19.085145977071715,19.085145977071715
Daganzo,TSP-boundary-n800-g1000-4,16042.295328287653,18601,0.02332360000582412,0.01166180000291206,0.01166180000291206,33.339048099995125,-13.755737173874236,13.755737173874236
Daganzo,TSP-boundary-n90-g10000-3,52515.67341586223,69192,0.008033899997826666,0.004016949998913333,0.004016949998913333,0.10653119999915361,-24.101524141718368,24.101524141718368
Daganzo,TSP-clustered-n100-g1000-c10-r10-3,4888.722891512669,5292,0.006804000004194677,0.0034020000020973384,0.0034020000020973384,2.5103675999998813,-7.620504695527799,7.620504695527799
Daganzo,TSP-boundary-n900-g10000-1,170186.64457440542,197681,0.011829700000816956,0.005914850000408478,0.005914850000408478,21.687275000003865,-13.90844614585852,13.90844614585852
Daganzo,TSP-boundary-n900-g1000-2,17057.007855424115,19832,0.020145399998000357,0.010072699999000179,0.010072699999000179,6.772020100004738,-13.992497703589576,13.992497703589576
Daganzo,TSP-clustered-n100-g1000-c10-r10-1,4008.42950917189,4656,0.006615500002226327,0.0033077500011131633,0.0033077500011131633,1.052139099992928,-13.908300919847724,13.908300919847724
Daganzo,TSP-clustered-n100-g1000-c10-r10-4,4617.689578133203,5263,0.008039100001042243,0.0040195500005211215,0.0040195500005211215,1.0690195000061067,-12.261265853444742,12.261265853444742
Daganzo,TSP-boundary-n900-g1000-1,17036.200583463436,19866,0.020695300001534633,0.010347650000767317,0.010347650000767317,10.823129700002028,-14.244434795814776,14.244434795814776
Daganzo,TSP-clustered-n100-g1000-c10-r10-2,4454.632964678459,5027,0.006636300000536721,0.0033181500002683606,0.0033181500002683606,0.7294317000050796,-11.385857078208497,11.385857078208497
Daganzo,TSP-clustered-n100-g1000-c10-r5-1,4233.049267962753,3980,0.004976099997293204,0.002488049998646602,0.002488049998646602,0.8031785999919521,6.358021808109378,6.358021808109378
Daganzo,TSP-clustered-n100-g1000-c10-r5-3,4757.149449512806,4370,0.006405499996617436,0.003202749998308718,0.003202749998308718,2.8935513000033097,8.859255137592822,8.859255137592822
Daganzo,TSP-clustered-n100-g1000-c10-r5-4,4248.467765559721,4259,0.0033658000029390678,0.0016829000014695339,0.0016829000014695339,1.2609677000000374,-0.24729360038223416,0.24729360038223416
Daganzo,TSP-boundary-n900-g1000-5,17043.1634691157,19786,0.020395400002598763,0.010197700001299381,0.010197700001299381,11.174093099994934,-13.862511527768618,13.862511527768618
Daganzo,TSP-clustered-n100-g1000-c10-r10-5,4320.921459017741,5213,0.006450699998822529,0.0032253499994112644,0.0032253499994112644,1.3023149999935413,-17.112575119552258,17.112575119552258
Daganzo,TSP-boundary-n900-g1000-4,17033.007773144473,19365,0.019806700001936406,0.009903350000968203,0.009903350000968203,10.63208169999416,-12.042304295665,12.042304295665
Daganzo,TSP-clustered-n100-g1000-c10-r5-2,4793.60172313053,4376,0.00448820000019623,0.002244100000098115,0.002244100000098115,1.0825814999989234,9.543000985615413,9.543000985615413
Daganzo,TSP-clustered-n100-g1000-c5-r5-4,3390.2543931097553,3194,0.0033335999978589825,0.0016667999989294913,0.0016667999989294913,1.6482375000050524,6.144470667180816,6.144470667180816
Daganzo,TSP-boundary-n900-g10000-5,170369.92427969788,192390,0.010199200005445164,0.005099600002722582,0.005099600002722582,11.862939899991034,-11.445540683144717,11.445540683144717
Daganzo,TSP-boundary-n900-g10000-2,170409.63496136304,196562,0.013369200001761783,0.0066846000008808915,0.0066846000008808915,80.47898859999259,-13.304893641007395,13.304893641007395
Daganzo,TSP-boundary-n900-g10000-3,170134.33192937574,195494,0.02073250000103144,0.01036625000051572,0.01036625000051572,14.352525299997069,-12.972095343398909,12.972095343398909
Daganzo,TSP-clustered-n100-g10000-c10-r10-4,41407.10516366725,46682,0.00551189999532653,0.002755949997663265,0.002755949997663265,0.062207200011471286,-11.299633341186647,11.299633341186647
Daganzo,TSP-clustered-n100-g1000-c10-r5-5,3909.0344837312446,3812,0.011179400004039053,0.0055897000020195264,0.0055897000020195264,3.3784310999908485,2.5455006225405183,2.5455006225405183
Daganzo,TSP-clustered-n100-g10000-c10-r10-1,48502.42220173132,50116,0.006618300001719035,0.0033091500008595176,0.0033091500008595176,0.37529219999851193,-3.2196859251909125,3.2196859251909125
Daganzo,TSP-boundary-n900-g10000-4,170201.163800692,192765,0.017091900001105387,0.008545950000552693,0.008545950000552693,9.116299999994226,-11.705359478799569,11.705359478799569
Daganzo,TSP-clustered-n100-g1000-c5-r5-5,2796.1797206188303,2920,0.004812699997273739,0.0024063499986368697,0.0024063499986368697,3.247115699996357,-4.240420526752387,4.240420526752387
Daganzo,TSP-boundary-n900-g1000-3,17025.12188546678,19767,0.023421000005328096,0.011710500002664048,0.011710500002664048,343.4526244000008,-13.870987577949215,13.870987577949215
Daganzo,TSP-clustered-n100-g1000-c5-r5-1,3349.988005202406,3294,0.006607399998756591,0.0033036999993782956,0.0033036999993782956,4.521199299997534,1.6996965756650253,1.6996965756650253
Daganzo,TSP-clustered-n100-g10000-c10-r5-1,35244.88840683142,33113,0.00599050000164425,0.002995250000822125,0.002995250000822125,0.43984540000383276,6.438221867035369,6.438221867035369
Daganzo,TSP-clustered-n100-g1000-c5-r5-3,2126.6538822760976,2413,0.006406499996955972,0.003203249998477986,0.003203249998477986,4.277486499995575,-11.866809686029937,11.866809686029937
Daganzo,TSP-clustered-n100-g10000-c10-r5-4,40301.60683930604,41412,0.005281599995214492,0.002640799997607246,0.002640799997607246,0.34294170000066515,-2.681331886153672,2.681331886153672
Daganzo,TSP-clustered-n100-g10000-c10-r10-3,39200.339478440736,45142,0.006089199996495154,0.003044599998247577,0.003044599998247577,1.0051226999930805,-13.162156133000897,13.162156133000897
Daganzo,TSP-clustered-n100-g10000-c10-r5-3,39312.345244019714,39588,0.00679830000444781,0.003399150002223905,0.003399150002223905,1.368008200006443,-0.6963088713253655,0.6963088713253655
Daganzo,TSP-clustered-n100-g1000-c5-r5-2,3581.0723484732894,3523,0.007842099999834318,0.003921049999917159,0.003921049999917159,3.1245721000013873,1.6483777596732716,1.6483777596732716
Daganzo,TSP-clustered-n100-g10000-c5-r5-2,35386.665290826706,35317,0.003201600004103966,0.001600800002051983,0.001600800002051983,1.541286499996204,0.19725710232099566,0.19725710232099566
Daganzo,TSP-clustered-n100-g10000-c10-r10-5,45427.52384050885,50639,0.007103399999323301,0.0035516999996616505,0.0035516999996616505,0.131095999997342,-10.291427870793553,10.291427870793553
Daganzo,TSP-clustered-n100-g10000-c5-r5-1,28921.45175194358,30848,0.010076999999000691,0.0050384999995003454,0.0050384999995003454,1.4352475000050617,-6.245293853917339,6.245293853917339
Daganzo,TSP-clustered-n100-g10000-c10-r5-2,34414.236089734724,37465,0.014453000003413763,0.0072265000017068814,0.0072265000017068814,0.5736953000014182,-8.14297053320506,8.14297053320506
Daganzo,TSP-clustered-n100-g10000-c5-r5-3,27895.402546208217,31841,0.009757299994817004,0.004878649997408502,0.004878649997408502,1.3821425999922212,-12.391562619866784,12.391562619866784
Daganzo,TSP-clustered-n100-g10000-c5-r5-5,20350.207422161577,26480,0.01252760000352282,0.00626380000176141,0.00626380000176141,2.1709877000103006,-23.148763511474407,23.148763511474407
Daganzo,TSP-clustered-n100-g10000-c10-r10-2,41170.55666954236,45066,0.01816759999928763,0.009083799999643816,0.009083799999643816,0.14058969999314286,-8.643863068516481,8.643863068516481
Daganzo,TSP-clustered-n100-g10000-c10-r5-5,46301.10982395562,43916,0.015902400002232753,0.007951200001116376,0.007951200001116376,0.5331836999976076,5.431072556598104,5.431072556598104
Daganzo,TSP-clustered-n100-g10000-c5-r5-4,25765.549483273204,25622,0.013854800003173295,0.006927400001586648,0.006927400001586648,1.2420207999966806,0.56025869671846,0.56025869671846
Daganzo,TSP-clustered-n500-g1000-c10-r5-2,9065.697240146508,6022,0.009277400000428315,0.004638700000214158,0.004638700000214158,37.60363919999509,50.54296313760393,50.54296313760393
Daganzo,TSP-clustered-n1000-g1000-c20-r10-2,16282.506701979271,15203,0.01921530000254279,0.009607650001271395,0.009607650001271395,15.93639620000613,7.100616338744138,7.100616338744138
Daganzo,TSP-clustered-n500-g1000-c10-r5-1,7148.610181356932,5453,0.010520999996515457,0.005260499998257728,0.005260499998257728,19.49607520000427,31.094996907334167,31.094996907334167
Daganzo,TSP-clustered-n1000-g10000-c20-r10-2,175237.63877418003,159532,0.013722499999857973,0.006861249999928987,0.006861249999928987,107.06078739999793,9.84482033333753,9.84482033333753
Daganzo,TSP-clustered-n1000-g1000-c20-r10-1,16156.795540886193,15160,0.02512399999977788,0.01256199999988894,0.01256199999988894,123.27919690000999,6.575168475502589,6.575168475502589
Daganzo,TSP-clustered-n1000-g10000-c20-r10-1,147535.19550534373,146479,0.016257399998721667,0.008128699999360833,0.008128699999360833,9.43321869999636,0.7210559229266494,0.7210559229266494
Daganzo,TSP-clustered-n500-g1000-c10-r5-4,8910.31431263791,6363,0.010390999996161554,0.005195499998080777,0.005195499998080777,50.842930500002694,40.033228235704996,40.033228235704996
Daganzo,TSP-clustered-n500-g1000-c20-r10-2,11707.770861696941,11918,0.005773199998657219,0.0028865999993286096,0.0028865999993286096,4.350630300003104,-1.7639632346287866,1.7639632346287866
Daganzo,TSP-clustered-n1000-g10000-c20-r10-4,166254.3551229561,152731,0.017091699999582488,0.008545849999791244,0.008545849999791244,18.410464400003548,8.854361670490011,8.854361670490011
Daganzo,TSP-clustered-n500-g1000-c20-r10-3,11897.81646038465,11762,0.010049899996374734,0.005024949998187367,0.005024949998187367,2.0465935000102036,1.1547054955335043,1.1547054955335043
Daganzo,TSP-clustered-n1000-g1000-c20-r10-3,15912.369551704109,15891,0.01444199999968987,0.007220999999844935,0.007220999999844935,51.62400969999726,0.13447581463790034,0.13447581463790034
Daganzo,TSP-clustered-n1000-g10000-c20-r10-5,167949.1352057223,161586,0.011618099997576792,0.005809049998788396,0.005809049998788396,224.62628540000878,3.9379248237609064,3.9379248237609064
Daganzo,TSP-clustered-n500-g1000-c10-r5-3,9355.4956228946,6167,0.009211399999912828,0.004605699999956414,0.004605699999956414,40.63895039999625,51.7025396934425,51.7025396934425
Daganzo,TSP-clustered-n500-g1000-c10-r5-5,9218.893198209858,6104,0.01064349999796832,0.00532174999898416,0.00532174999898416,32.13442910001322,51.03036039006976,51.03036039006976
Daganzo,TSP-clustered-n500-g1000-c20-r10-1,10803.131670955416,10713,0.009210199998051394,0.004605099999025697,0.004605099999025697,29.613700200003223,0.8413298885038343,0.8413298885038343
Daganzo,TSP-clustered-n1000-g1000-c20-r10-5,14734.163729238247,14436,0.027690499999152962,0.013845249999576481,0.013845249999576481,37.280576500008465,2.0654179082727033,2.0654179082727033
Daganzo,TSP-clustered-n1000-g1000-c20-r10-4,15963.618072041187,15543,0.025986400003603194,0.012993200001801597,0.012993200001801597,22.273392499992042,2.7061575760225614,2.7061575760225614
Daganzo,TSP-clustered-n500-g1000-c20-r10-5,11383.418753827867,11171,0.015174000000115484,0.007587000000057742,0.007587000000057742,10.501491299990448,1.9015195938400096,1.9015195938400096
Daganzo,TSP-clustered-n500-g1000-c20-r10-4,12268.834574848583,11066,0.011621700003161095,0.0058108500015805475,0.0058108500015805475,19.5994936000061,10.86964191983176,10.86964191983176
Daganzo,TSP-clustered-n500-g10000-c10-r5-1,93871.81026658109,61703,0.010887000004004221,0.005443500002002111,0.005443500002002111,8.997720400002436,52.13492093833539,52.13492093833539
Daganzo,TSP-clustered-n500-g10000-c10-r5-2,81910.77751202829,56755,0.006180500000482425,0.0030902500002412125,0.0030902500002412125,11.221550100002787,44.32345610435783,44.32345610435783
Daganzo,TSP-clustered-n500-g10000-c20-r10-3,118200.8537529446,118909,0.010784099999000318,0.005392049999500159,0.005392049999500159,10.678595999997924,-0.5955362899825885,0.5955362899825885
Daganzo,TSP-clustered-n500-g10000-c20-r10-1,112285.13138557124,112649,0.010266400000546128,0.005133200000273064,0.005133200000273064,8.870767899992643,-0.32301095831189264,0.32301095831189264
Daganzo,TSP-clustered-n500-g10000-c10-r5-4,83291.91727277622,56914,0.01096240000333637,0.005481200001668185,0.005481200001668185,29.798959199993988,46.34697486167941,46.34697486167941
Daganzo,TSP-clustered-n500-g10000-c20-r10-2,113471.46851279399,106730,0.008228200000303332,0.004114100000151666,0.004114100000151666,16.4446706000017,6.316376382267393,6.316376382267393
Daganzo,TSP-clustered-n500-g10000-c10-r5-3,106561.81099179012,68860,0.01339370000641793,0.006696850003208965,0.006696850003208965,97.15307070000563,54.751395573322846,54.751395573322846
Daganzo,TSP-correlated-n10-g1000-5,736.8283534853962,2249,0.008951000003435183,0.004475500001717592,0.004475500001717592,0.12945190000755247,-67.23751207268135,67.23751207268135
Daganzo,TSP-correlated-n10-g1000-4,648.3396089242119,2387,0.006703800005197991,0.0033519000025989953,0.0033519000025989953,0.12711860000854358,-72.8387260609882,72.8387260609882
Daganzo,TSP-correlated-n10-g1000-2,720.2711801814646,2486,0.0049954000060097314,0.0024977000030048657,0.0024977000030048657,0.044379200000548735,-71.02690345207301,71.02690345207301
Daganzo,TSP-correlated-n10-g1000-3,690.9613259799711,2640,0.005663299998559523,0.0028316499992797617,0.0028316499992797617,0.192071900004521,-73.82722250075867,73.82722250075867
Daganzo,TSP-clustered-n500-g10000-c10-r5-5,98832.03643341061,61953,0.009084299999813084,0.004542149999906542,0.004542149999906542,18.1173351000034,59.52744246995402,59.52744246995402
Daganzo,TSP-clustered-n500-g10000-c20-r10-4,123457.30583181375,115408,0.012781299999915063,0.006390649999957532,0.006390649999957532,4.342118600005051,6.974651524862876,6.974651524862876
Daganzo,TSP-clustered-n500-g10000-c20-r10-5,114193.93322469018,114328,0.00714950000110548,0.00357475000055274,0.00357475000055274,6.9921853999985615,-0.11726504033117359,0.11726504033117359
Daganzo,TSP-clustered-n1000-g10000-c20-r10-3,172350.74834302286,159226,0.040396899996267166,0.020198449998133583,0.020198449998133583,115.67414400000416,8.24284246481282,8.24284246481282
Daganzo,TSP-correlated-n10-g1000-1,734.7596270209733,2694,0.009543000000121538,0.004771500000060769,0.004771500000060769,0.07115970000450034,-72.72607175126305,72.72607175126305
Daganzo,TSP-correlated-n10-g10000-2,7013.028651624059,23420,0.0057054999997490086,0.0028527499998745043,0.0028527499998745043,0.041838999997708015,-70.05538577444894,70.05538577444894
Daganzo,TSP-correlated-n10-g10000-4,7313.920745058699,23264,0.009005500003695488,0.004502750001847744,0.004502750001847744,0.052583500000764616,-68.56120725129514,68.56120725129514
Daganzo,TSP-correlated-n100-g1000-1,3253.1473529491404,4639,0.006173299996589776,0.003086649998294888,0.003086649998294888,0.18923450000875164,-29.873952296849744,29.873952296849744
Daganzo,TSP-correlated-n10-g10000-5,6962.800930803637,23777,0.008073800003330689,0.0040369000016653445,0.0040369000016653445,0.04085029999259859,-70.71623446690651,70.71623446690651
Daganzo,TSP-correlated-n100-g1000-2,3307.085769979363,4929,0.007753799996862654,0.003876899998431327,0.003876899998431327,0.1714053000032436,-32.90554331549274,32.90554331549274
Daganzo,TSP-correlated-n10-g10000-3,7472.000945563377,24736,0.008076700003584847,0.004038350001792423,0.004038350001792423,0.055550299992319196,-69.7930104076513,69.7930104076513
Daganzo,TSP-correlated-n100-g10000-4,33025.25080230277,47860,0.00820699999894714,0.00410349999947357,0.00410349999947357,0.2945146999991266,-30.99613288277733,30.99613288277733
Daganzo,TSP-correlated-n100-g10000-2,33128.6483688212,46965,0.006780099996831268,0.003390049998415634,0.003390049998415634,0.1191878999961773,-29.460985055208766,29.460985055208766
Daganzo,TSP-correlated-n100-g1000-4,3162.521605459795,4543,0.005721599998651072,0.002860799999325536,0.002860799999325536,0.3382789000024786,-30.386933624041497,30.386933624041497
Daganzo,TSP-correlated-n100-g10000-1,34710.76883223706,49407,0.005153600002813619,0.0025768000014068093,0.0025768000014068093,0.3402922999957809,-29.74524089251106,29.74524089251106
Daganzo,TSP-correlated-n10-g10000-1,8253.883518956394,25534,0.015471800004888792,0.007735900002444396,0.007735900002444396,0.11964720000105444,-67.67492943151721,67.67492943151721
Daganzo,TSP-correlated-n100-g10000-3,36727.4812630134,50000,0.006812400002672803,0.0034062000013364013,0.0034062000013364013,0.507085500008543,-26.545037473973203,26.545037473973203
Daganzo,TSP-correlated-n100-g1000-5,3760.9505354364865,5080,0.015391200002341066,0.007695600001170533,0.007695600001170533,0.2262345000053756,-25.965540641014044,25.965540641014044
Daganzo,TSP-correlated-n100-g1000-3,3810.8453983335507,4989,0.01812680000148248,0.00906340000074124,0.00906340000074124,0.3519467000005534,-23.61504513262075,23.61504513262075
Daganzo,TSP-correlated-n100-g10000-5,34964.01233225386,49729,0.014885099997627549,0.0074425499988137744,0.0074425499988137744,0.3912067999917781,-29.690900013565813,29.690900013565813
Daganzo,TSP-correlated-n20-g1000-1,1210.3893295134421,2623,0.012769499997375533,0.0063847499986877665,0.0063847499986877665,0.05801619999692775,-53.85477203532436,53.85477203532436
Daganzo,TSP-correlated-n1000-g10000-2,128285.40224709902,145501,0.015397099996334873,0.007698549998167437,0.007698549998167437,2115.611118800007,-11.83194462780392,11.83194462780392
Daganzo,TSP-correlated-n20-g1000-3,1080.588314761917,2991,0.006421400001272559,0.0032107000006362796,0.0032107000006362796,0.07763019998674281,-63.87200552450963,63.87200552450963
Daganzo,TSP-correlated-n1000-g1000-1,12404.252988390715,14073,0.019768999998632353,0.009884499999316176,0.009884499999316176,9.94050110000535,-11.857791598161619,11.857791598161619
Daganzo,TSP-correlated-n20-g1000-5,1105.8778580837939,2761,0.008125899999868125,0.004062949999934062,0.004062949999934062,0.06756019999738783,-59.94647381080066,59.94647381080066
Daganzo,TSP-correlated-n20-g10000-5,12363.868410170013,28601,0.0046435000040219165,0.0023217500020109583,0.0023217500020109583,0.041203000000678,-56.77120236995206,56.77120236995206
Daganzo,TSP-correlated-n1000-g1000-3,12313.444706904724,14368,0.025538800000504125,0.012769400000252062,0.012769400000252062,16.153673600012553,-14.299521806064005,14.299521806064005
Daganzo,TSP-correlated-n20-g10000-2,12606.890131114811,27481,0.0068469999969238415,0.0034234999984619208,0.0034234999984619208,0.04422020001220517,-54.125067751847425,54.125067751847425
Daganzo,TSP-correlated-n20-g10000-1,10574.713830596078,27076,0.007478100000298582,0.003739050000149291,0.003739050000149291,0.05447940000158269,-60.94432770499307,60.94432770499307
Daganzo,TSP-correlated-n1000-g1000-5,12576.317296808314,14121,0.01111970000056317,0.005559850000281585,0.005559850000281585,253.13229649999994,-10.938904491124465,10.938904491124465
Daganzo,TSP-correlated-n1000-g10000-3,128607.67341317546,145136,0.015284499997505918,0.007642249998752959,0.007642249998752959,6.641579799994361,-11.388164608935437,11.388164608935437
Daganzo,TSP-correlated-n1000-g1000-4,12464.819637684292,14397,0.01711079999950016,0.00855539999975008,0.00855539999975008,17.90100720000919,-13.420715165074032,13.420715165074032
Daganzo,TSP-correlated-n20-g1000-2,1142.7185086450643,3010,0.00829630000225734,0.00414815000112867,0.00414815000112867,0.08906469999055844,-62.0359299453467,62.0359299453467
Daganzo,TSP-correlated-n20-g1000-4,1124.6794783403845,2974,0.005754099998739548,0.002877049999369774,0.002877049999369774,0.06534440000541508,-62.1829361687833,62.1829361687833
Daganzo,TSP-correlated-n1000-g10000-1,123641.78554538106,143934,0.020750199997564778,0.010375099998782389,0.010375099998782389,18.70663129998138,-14.098277303916335,14.098277303916335
Daganzo,TSP-correlated-n20-g10000-3,12101.599377355044,27248,0.008100800005195197,0.004050400002597598,0.004050400002597598,0.043154800005140714,-55.58720134558484,55.58720134558484
Daganzo,TSP-correlated-n1000-g10000-5,119639.0365470234,141657,0.017361199999868404,0.008680599999934202,0.008680599999934202,4.8632092000043485,-15.543152440738265,15.543152440738265
Daganzo,TSP-correlated-n1000-g10000-4,125939.0569348921,142064,0.012662600005569402,0.006331300002784701,0.006331300002784701,243.73681160001433,-11.350477999428357,11.350477999428357
Daganzo,TSP-correlated-n1000-g1000-2,12331.76919788884,14546,0.02030440000089584,0.01015220000044792,0.01015220000044792,19.935671100014588,-15.22226592954187,15.22226592954187
Daganzo,TSP-correlated-n20-g10000-4,10446.596061971572,25114,0.007535299999290146,0.003767649999645073,0.003767649999645073,0.044350500000291504,-58.40329671907474,58.40329671907474
Daganzo,TSP-correlated-n200-g1000-2,5015.702036604645,6390,0.009116100001847371,0.004558050000923686,0.004558050000923686,1.1352532000018982,-21.507010381773934,21.507010381773934
Daganzo,TSP-correlated-n200-g10000-1,51533.02004307528,66282,0.006178800002089702,0.003089400001044851,0.003089400001044851,1.1826494000124512,-22.251863185970127,22.251863185970127
Daganzo,TSP-correlated-n200-g1000-3,5413.412767376972,7272,0.008701999999175314,0.004350999999587657,0.004350999999587657,1.07515040000726,-25.558130261592797,25.558130261592797
Daganzo,TSP-correlated-n200-g1000-1,5134.371304259168,6771,0.01011859999562148,0.00505929999781074,0.00505929999781074,0.9605453999974998,-24.171151908740686,24.171151908740686
Daganzo,TSP-correlated-n200-g10000-2,47902.854938093195,61838,0.005055699999502394,0.002527849999751197,0.002527849999751197,1.1510228000115603,-22.534921992798612,22.534921992798612
Daganzo,TSP-correlated-n200-g10000-3,52183.60895674043,69044,0.0071020000032149255,0.0035510000016074628,0.0035510000016074628,2.7228700000123354,-24.41977730615198,24.41977730615198
Daganzo,TSP-correlated-n30-g1000-1,1470.3613759889097,3128,0.003734700003406033,0.0018673500017030165,0.0018673500017030165,0.044945300003746524,-52.99356214869214,52.99356214869214
Daganzo,TSP-correlated-n200-g1000-4,5300.163321068512,6818,0.010493300003872719,0.005246650001936359,0.005246650001936359,1.1035255000024335,-22.262198282949367,22.262198282949367
Daganzo,TSP-correlated-n30-g1000-3,1736.5945951775846,3279,0.006212200001755264,0.003106100000877632,0.003106100000877632,0.0734733999997843,-47.03889615194923,47.03889615194923
Daganzo,TSP-correlated-n30-g1000-4,1603.7514975830888,3172,0.009362700002384372,0.004681350001192186,0.004681350001192186,0.11305780000111554,-49.4403689286542,49.4403689286542
Daganzo,TSP-correlated-n30-g1000-2,1504.4599047498739,3151,0.007277299999259412,0.003638649999629706,0.003638649999629706,0.05031389999203384,-52.254525396703464,52.254525396703464
Daganzo,TSP-correlated-n200-g1000-5,4972.4782352464845,6192,0.011619999997492414,0.005809999998746207,0.005809999998746207,0.9919045999995433,-19.695118939817757,19.695118939817757
Daganzo,TSP-correlated-n30-g10000-2,17177.806113558272,33943,0.005289700005960185,0.0026448500029800925,0.0026448500029800925,0.08699280000291765,-49.39219835147667,49.39219835147667
Daganzo,TSP-correlated-n30-g10000-3,15394.193520334216,31821,0.006332299999485258,0.003166149999742629,0.003166149999742629,0.0533492000104161,-51.6225337973847,51.6225337973847
Daganzo,TSP-correlated-n200-g10000-5,50042.96293746004,65583,0.011479499997221865,0.005739749998610932,0.005739749998610932,1.777247999998508,-23.69522141795886,23.69522141795886
Daganzo,TSP-correlated-n30-g1000-5,1420.6934123870635,2946,0.011540499996044673,0.0057702499980223365,0.0057702499980223365,0.057796099994448014,-51.77551213893199,51.77551213893199
Daganzo,TSP-correlated-n30-g10000-1,16643.67092910996,32711,0.007230499999423046,0.003615249999711523,0.003615249999711523,0.055189100006828085,-49.11903968356222,49.11903968356222
Daganzo,TSP-correlated-n200-g10000-4,48771.34811187814,62683,0.011574199997994583,0.0057870999989972916,0.0057870999989972916,1.3322217999957502,-22.19365998456018,22.19365998456018
Daganzo,TSP-correlated-n30-g10000-4,14905.116362175773,30655,0.009799499996006489,0.004899749998003244,0.004899749998003244,0.1596713000035379,-51.377862136109044,51.377862136109044
Daganzo,TSP-correlated-n300-g1000-2,6425.209804356586,8169,0.00859659999696305,0.004298299998481525,0.004298299998481525,2.150467400002526,-21.346434026728048,21.346434026728048
Daganzo,TSP-correlated-n300-g1000-3,6230.996916224561,8036,0.012214299997140188,0.006107149998570094,0.006107149998570094,2.180775500004529,-22.461461968335485,22.461461968335485
Daganzo,TSP-correlated-n300-g10000-4,62204.36337569093,76189,0.01044950000505196,0.00522475000252598,0.00522475000252598,6.393391400008113,-18.355191201235176,18.355191201235176
Daganzo,TSP-correlated-n300-g1000-4,6328.459493826282,8036,0.009691599996585865,0.004845799998292932,0.004845799998292932,1.6500839999935124,-21.248637458607746,21.248637458607746
Daganzo,TSP-correlated-n300-g10000-1,61973.65256364997,76971,0.009368000006361399,0.004684000003180699,0.004684000003180699,1.5343295999919064,-19.484412878032025,19.484412878032025
Daganzo,TSP-correlated-n40-g1000-4,1536.6929374471658,3108,0.004647900001145899,0.0023239500005729496,0.0023239500005729496,0.06814760000270326,-50.55685529449273,50.55685529449273
Daganzo,TSP-correlated-n300-g10000-2,65235.43917879299,82442,0.013039299999945797,0.0065196499999728985,0.0065196499999728985,2.7626813999959268,-20.8711103820953,20.8711103820953
Daganzo,TSP-correlated-n30-g10000-5,17284.920308479876,34043,0.016482799997902475,0.008241399998951238,0.008241399998951238,0.09290290001081303,-49.22621299979475,49.22621299979475
Daganzo,TSP-correlated-n40-g1000-2,1885.6854371819281,3295,0.011254699995333795,0.005627349997666897,0.005627349997666897,0.045490499993320554,-42.771306914053774,42.771306914053774
Daganzo,TSP-correlated-n300-g1000-5,6491.1639041084145,7980,0.012671999997110106,0.006335999998555053,0.006335999998555053,2.6704618000076152,-18.657093933478517,18.657093933478517
Daganzo,TSP-correlated-n40-g1000-1,2158.2581643538383,3609,0.009028399996168446,0.004514199998084223,0.004514199998084223,0.05630179999570828,-40.19788959950573,40.19788959950573
Daganzo,TSP-correlated-n40-g1000-5,1914.2582506025667,3317,0.007486299997253809,0.0037431499986269046,0.0037431499986269046,0.07137550000334159,-42.28947088928047,42.28947088928047
Daganzo,TSP-correlated-n40-g1000-3,1747.8880616332385,3285,0.00908029999845894,0.00454014999922947,0.00454014999922947,0.08617850000155158,-46.79183982851633,46.79183982851633
Daganzo,TSP-correlated-n40-g10000-5,19413.211930229365,33983,0.0070434000008390285,0.0035217000004195143,0.0035217000004195143,0.05468570000084583,-42.87375472963139,42.87375472963139
Daganzo,TSP-correlated-n300-g10000-3,64632.29296234197,80614,0.014200000005075708,0.007100000002537854,0.007100000002537854,2.1563928999967175,-19.824977097846567,19.824977097846567
Daganzo,TSP-correlated-n300-g10000-5,64457.63665423981,78142,0.013979899995320011,0.0069899499976600055,0.0069899499976600055,2.6780951999971876,-17.512174433416334,17.512174433416334
Daganzo,TSP-correlated-n40-g10000-4,20310.42441092751,34842,0.009050400003616232,0.004525200001808116,0.004525200001808116,0.11325110000325367,-41.70706500508722,41.70706500508722
Daganzo,TSP-correlated-n40-g10000-1,18769.26341591486,35122,0.014468800000031479,0.007234400000015739,0.007234400000015739,0.09488409999175929,-46.55981032995029,46.55981032995029
Daganzo,TSP-correlated-n300-g1000-1,6308.733632037415,7762,0.018645199997990858,0.009322599998995429,0.009322599998995429,6.073619000002509,-18.722833908304366,18.722833908304366
Daganzo,TSP-correlated-n40-g10000-2,18346.03544273258,33765,0.012436700002581347,0.006218350001290673,0.006218350001290673,0.1057967000087956,-45.66552512147911,45.66552512147911
Daganzo,TSP-correlated-n400-g1000-3,7589.224110539892,9560,0.0115698000008706,0.0057849000004353,0.0057849000004353,7.199269799995818,-20.614810559206155,20.614810559206155
Daganzo,TSP-correlated-n40-g10000-3,20802.80530616003,35005,0.009691400002338924,0.004845700001169462,0.004845700001169462,0.09995040000649169,-40.57190313909433,40.57190313909433
Daganzo,TSP-correlated-n400-g1000-5,7521.313611331468,8948,0.009098300004552584,0.004549150002276292,0.004549150002276292,2.7345081999956165,-15.944192989143186,15.944192989143186
Daganzo,TSP-correlated-n400-g1000-2,7746.012687828493,9418,0.012878599998657592,0.006439299999328796,0.006439299999328796,1.7374679999920772,-17.753103760580878,17.753103760580878
Daganzo,TSP-correlated-n400-g10000-2,72577.6274978729,89824,0.011021400001482107,0.005510700000741053,0.005510700000741053,7.414559700002428,-19.20018313827829,19.20018313827829
Daganzo,TSP-correlated-n400-g1000-4,7263.598364447197,9030,0.009999100002460182,0.004999550001230091,0.004999550001230091,13.66952909999236,-19.561479906454075,19.561479906454075
Daganzo,TSP-correlated-n400-g1000-1,7552.42041467502,9016,0.014837599999736995,0.007418799999868497,0.007418799999868497,1.6924141999916174,-16.23313648319632,16.23313648319632
Daganzo,TSP-correlated-n5-g1000-4,553.3236650008745,2624,0.009319000004325062,0.004659500002162531,0.004659500002162531,0.03742190000775736,-78.91297008380815,78.91297008380815
Daganzo,TSP-correlated-n5-g1000-2,385.3511969619401,2249,0.007627200000570156,0.003813600000285078,0.003813600000285078,0.037372599996160716,-82.86566487496931,82.86566487496931
Daganzo,TSP-correlated-n5-g1000-3,386.5728485680287,2473,0.006857000000309199,0.0034285000001545995,0.0034285000001545995,0.08004669999354519,-84.36826330092887,84.36826330092887
Daganzo,TSP-correlated-n400-g10000-3,74240.14272265375,91906,0.01091120000637602,0.00545560000318801,0.00545560000318801,1.7399778999970295,-19.221658300161305,19.221658300161305
Daganzo,TSP-correlated-n400-g10000-4,76770.61626833536,92362,0.0108537999985856,0.0054268999992928,0.0054268999992928,1.9188904999900842,-16.880734210676078,16.880734210676078
Daganzo,TSP-correlated-n400-g10000-5,74030.37423530966,89783,0.006837400003860239,0.0034187000019301195,0.0034187000019301195,5.465811999994912,-17.545220993607185,17.545220993607185
Daganzo,TSP-correlated-n5-g10000-4,3014.905472771908,21395,0.005671400002029259,0.0028357000010146294,0.0028357000010146294,0.04538270000193734,-85.90836423102637,85.90836423102637
Daganzo,TSP-correlated-n50-g1000-1,2220.5999544042147,3758,0.004058099999383558,0.002029049999691779,0.002029049999691779,0.17227270000148565,-40.91005975507678,40.91005975507678
Daganzo,TSP-correlated-n5-g1000-5,423.9349852866593,2556,0.010477099996933248,0.005238549998466624,0.005238549998466624,0.15360240000882186,-83.41412420631224,83.41412420631224
Daganzo,TSP-correlated-n5-g1000-1,423.8822926237895,1996,0.006324299996776972,0.003162149998388486,0.003162149998388486,0.045453400001861155,-78.76341219319693,78.76341219319693
Daganzo,TSP-correlated-n400-g10000-1,74281.87688581919,92909,0.011138400004711002,0.005569200002355501,0.005569200002355501,2.9661297999991802,-20.048782264560817,20.048782264560817
Daganzo,TSP-correlated-n5-g10000-2,3635.0875773494095,16625,0.005532100003620144,0.002766050001810072,0.002766050001810072,0.051026200002525,-78.13481156481558,78.13481156481558
Daganzo,TSP-correlated-n5-g10000-3,3894.3016758142917,23603,0.0056688999975449406,0.0028344499987724703,0.0028344499987724703,0.057955199998104945,-83.50081906615985,83.50081906615985
Daganzo,TSP-correlated-n5-g10000-1,2850.9213985569645,19764,0.011463299997558352,0.005731649998779176,0.005731649998779176,0.05220239999471232,-85.57518013278201,85.57518013278201
Daganzo,TSP-correlated-n5-g10000-5,3622.6894726846244,23785,0.006723400001646951,0.0033617000008234754,0.0033617000008234754,0.06151720001071226,-84.76901630151514,84.76901630151514
Daganzo,TSP-correlated-n50-g10000-4,22002.695876301157,37634,0.005171400000108406,0.002585700000054203,0.002585700000054203,0.2106606000015745,-41.535059052183776,41.535059052183776
Daganzo,TSP-correlated-n50-g1000-3,2183.7826282622545,3677,0.011517800005094614,0.005758900002547307,0.005758900002547307,0.11122229999455158,-40.60966471954706,40.60966471954706
Daganzo,TSP-correlated-n50-g10000-1,21953.175016270427,36474,0.009039899996423628,0.004519949998211814,0.004519949998211814,0.0801904999971157,-39.81144098187633,39.81144098187633
Daganzo,TSP-correlated-n50-g1000-2,2170.212778162547,3711,0.011246699999901466,0.005623349999950733,0.005623349999950733,0.06190909999713767,-41.51946165016042,41.51946165016042
Daganzo,TSP-correlated-n50-g1000-5,2206.251619262862,3522,0.012989599999855272,0.006494799999927636,0.006494799999927636,0.13482859999930952,-37.35798923160529,37.35798923160529
Daganzo,TSP-correlated-n50-g10000-3,19934.19456047823,34342,0.009302500002377201,0.0046512500011886004,0.0046512500011886004,0.04768020000483375,-41.953891559960894,41.953891559960894
Daganzo,TSP-correlated-n500-g1000-4,8282.695281428623,10232,0.010911799996392801,0.005455899998196401,0.005455899998196401,5.149718999993638,-19.051062534903995,19.051062534903995
Daganzo,TSP-correlated-n50-g1000-4,2086.6185031049636,3680,0.012067899995599873,0.006033949997799937,0.006033949997799937,0.13982520000718068,-43.29841024171295,43.29841024171295
Daganzo,TSP-correlated-n500-g10000-1,83491.78341654345,100740,0.009396100002049934,0.004698050001024967,0.004698050001024967,8.223050400003558,-17.121517355029336,17.121517355029336
Daganzo,TSP-correlated-n50-g10000-5,21595.582710823062,37513,0.008319200002006255,0.0041596000010031275,0.0041596000010031275,0.11279840000497643,-42.43173643584075,42.43173643584075
Daganzo,TSP-correlated-n500-g1000-2,8568.784614809734,10307,0.015455000000656582,0.007727500000328291,0.007727500000328291,2.817902100010542,-16.864416272341764,16.864416272341764
Daganzo,TSP-correlated-n500-g10000-5,82402.30534927404,100578,0.008280400004878175,0.004140200002439087,0.004140200002439087,6.062073399996734,-18.071242866954957,18.071242866954957
Daganzo,TSP-correlated-n500-g10000-2,87646.64547402825,105714,0.013218000000051688,0.006609000000025844,0.006609000000025844,2.2101440000114962,-17.09078695912722,17.09078695912722
Daganzo,TSP-correlated-n500-g1000-3,8467.51739147904,10198,0.012168599998403806,0.006084299999201903,0.006084299999201903,4.867875299998559,-16.968842993929798,16.968842993929798
Daganzo,TSP-correlated-n500-g1000-1,8237.712886475225,10216,0.01185529999929713,0.005927649999648565,0.005927649999648565,4.51599780000106,-19.364595864572976,19.364595864572976
Daganzo,TSP-correlated-n500-g10000-4,87490.96441833294,103378,0.01124530000379309,0.005622650001896545,0.005622650001896545,9.414072300001862,-15.367907660882455,15.367907660882455
Daganzo,TSP-correlated-n500-g1000-5,8562.677850707685,10319,0.017286499998590443,0.008643249999295222,0.008643249999295222,2.551823100002366,-17.020274729065946,17.020274729065946
Daganzo,TSP-correlated-n60-g1000-1,2259.3602163001806,3823,0.010439600002428051,0.0052198000012140255,0.0052198000012140255,0.2623009999952046,-40.90085753857754,40.90085753857754
Daganzo,TSP-correlated-n50-g10000-2,21304.832972473636,36115,0.01140280000254279,0.005701400001271395,0.005701400001271395,0.054101299989270046,-41.00835394580192,41.00835394580192
Daganzo,TSP-correlated-n60-g1000-5,2439.9269290288175,3920,0.007150299999921117,0.0035751499999605585,0.0035751499999605585,0.16406549999373965,-37.756966096203634,37.756966096203634
Daganzo,TSP-correlated-n500-g10000-3,85445.50345732066,103144,0.009495099999185186,0.004747549999592593,0.004747549999592593,3.398781500000041,-17.159017046730142,17.159017046730142
Daganzo,TSP-correlated-n60-g1000-2,2345.3300929719894,3946,0.009163800001260825,0.004581900000630412,0.004581900000630412,0.06346749998920131,-40.56436662513965,40.56436662513965
Daganzo,TSP-correlated-n60-g10000-2,25838.156019131857,40743,0.0077543000006699,0.00387715000033495,0.00387715000033495,0.10982579999836162,-36.582588373139295,36.582588373139295
Daganzo,TSP-correlated-n60-g10000-5,21875.330755259445,37003,0.003898200004186947,0.0019491000020934734,0.0019491000020934734,0.3758683000050951,-40.88227777407387,40.88227777407387
Daganzo,TSP-correlated-n60-g1000-4,2244.646683556234,3692,0.007677800000237767,0.0038389000001188833,0.0038389000001188833,0.04435599999851547,-39.20241918861771,39.20241918861771
Daganzo,TSP-correlated-n60-g10000-4,25776.893969309025,41936,0.005797700003313366,0.002898850001656683,0.002898850001656683,0.057771499996306375,-38.53277859283426,38.53277859283426
Daganzo,TSP-correlated-n60-g1000-3,2627.1113874367793,4126,0.007432200000039302,0.003716100000019651,0.003716100000019651,0.0615923000004841,-36.327886877441124,36.327886877441124
Daganzo,TSP-correlated-n60-g10000-1,24462.968583473263,38293,0.007461100001819432,0.003730550000909716,0.003730550000909716,0.086310600003344,-36.116343500187334,36.116343500187334
Daganzo,TSP-correlated-n60-g10000-3,23234.298021158287,38548,0.007208600000012666,0.003604300000006333,0.003604300000006333,0.2666594000038458,-39.72632037678145,39.72632037678145
Daganzo,TSP-correlated-n70-g1000-1,2904.74622927718,4242,0.009030900000652764,0.004515450000326382,0.004515450000326382,0.08318600000347942,-31.524134151881654,31.524134151881654
Daganzo,TSP-correlated-n70-g1000-4,2752.8583589607365,4146,0.0037090999976499006,0.0018545499988249503,0.0018545499988249503,0.24823620000097435,-33.602065630469454,33.602065630469454
Daganzo,TSP-correlated-n70-g1000-3,2861.800504839566,4337,0.005017700001189951,0.0025088500005949754,0.0025088500005949754,0.07334149999951478,-34.01428395573977,34.01428395573977
Daganzo,TSP-correlated-n600-g1000-4,9315.085376420337,11436,0.013952500004961621,0.0069762500024808105,0.0069762500024808105,3.922088100007386,-18.54594809006351,18.54594809006351
Daganzo,TSP-correlated-n600-g10000-2,94464.37516074511,112362,0.012020200003462378,0.006010100001731189,0.006010100001731189,15.989772700006142,-15.928538864789598,15.928538864789598
Daganzo,TSP-correlated-n600-g1000-1,9582.415440273919,11680,0.02152110000315588,0.01076055000157794,0.01076055000157794,3.8594879000011133,-17.958771915463025,17.958771915463025
Daganzo,TSP-correlated-n70-g1000-2,2911.4133116924495,4261,0.009130599995842203,0.004565299997921102,0.004565299997921102,0.07410230000095908,-31.673003715267555,31.673003715267555
Daganzo,TSP-correlated-n600-g1000-5,9740.687956196933,11480,0.011540799998329021,0.0057703999991645105,0.0057703999991645105,4.827098800000385,-15.150801775288041,15.150801775288041
Daganzo,TSP-correlated-n600-g1000-3,9888.931626318386,11583,0.019486800003505778,0.009743400001752889,0.009743400001752889,5.945843399997102,-14.62547158492285,14.62547158492285
Daganzo,TSP-correlated-n70-g10000-2,27212.526698507805,41743,0.0063229000006685965,0.0031614500003342982,0.0031614500003342982,0.05644820000452455,-34.80936516659606,34.80936516659606
Daganzo,TSP-correlated-n70-g1000-5,2829.3031038579093,4149,0.009854900003119837,0.004927450001559919,0.004927450001559919,0.09927320000133477,-31.807589687685965,31.807589687685965
Daganzo,TSP-correlated-n70-g10000-1,29051.54318491532,43111,0.00870250000298256,0.00435125000149128,0.00435125000149128,0.09861749999981839,-32.612226148975154,32.612226148975154
Daganzo,TSP-correlated-n600-g10000-1,87657.22033734585,109530,0.018195999997260515,0.009097999998630257,0.009097999998630257,6.893852000008337,-19.969670101939336,19.969670101939336
Daganzo,TSP-correlated-n70-g10000-4,23843.715538910874,38370,0.01032649999979185,0.005163249999895925,0.005163249999895925,0.17998110000917222,-37.85844269243974,37.85844269243974
Daganzo,TSP-correlated-n70-g10000-3,27192.342002151996,41045,0.009921400000166614,0.004960700000083307,0.004960700000083307,1.2289904999925056,-33.74992812242174,33.74992812242174
Daganzo,TSP-correlated-n600-g10000-3,90817.1120733312,113170,0.015914899995550513,0.007957449997775257,0.007957449997775257,3.918597399999271,-19.751601949870814,19.751601949870814
Daganzo,TSP-correlated-n600-g10000-4,93949.99837142095,111193,0.015423299999383744,0.007711649999691872,0.007711649999691872,4.569467399996938,-15.507272605810659,15.507272605810659
Daganzo,TSP-correlated-n700-g1000-1,10368.06811175544,12104,0.012096200000087265,0.0060481000000436325,0.0060481000000436325,10.171494900001562,-14.341803438900863,14.341803438900863
Daganzo,TSP-correlated-n8-g10000-1,7752.331012050504,26603,0.008033800004341174,0.004016900002170587,0.004016900002170587,0.04170960000192281,-70.85918500901964,70.85918500901964
Daganzo,TSP-correlated-n600-g10000-5,97101.6048113521,114788,0.024254299998574425,0.012127149999287212,0.012127149999287212,14.73861419998866,-15.407878165529414,15.407878165529414
Daganzo,TSP-correlated-n8-g1000-1,389.16267344132586,1284,0.008729000001039822,0.004364500000519911,0.004364500000519911,0.040469999992637895,-69.69138057310546,69.69138057310546
Daganzo,TSP-correlated-n70-g10000-5,25859.903391640888,38287,0.00659349999477854,0.00329674999738927,0.00329674999738927,0.13563040000735782,-32.4577444259386,32.4577444259386
Daganzo,TSP-correlated-n600-g1000-2,9524.87908269706,11295,0.027807799997390248,0.013903899998695124,0.013903899998695124,4.308630799991079,-15.671721268728996,15.671721268728996
Daganzo,TSP-correlated-n8-g1000-2,674.1651957791947,2374,0.006206700003531296,0.003103350001765648,0.003103350001765648,0.043660600000293925,-71.60214002615018,71.60214002615018
Daganzo,TSP-correlated-n8-g1000-3,658.4474603185892,2608,0.00893999999971129,0.004469999999855645,0.004469999999855645,0.043881299992790446,-74.75278142950195,74.75278142950195
Daganzo,TSP-correlated-n700-g10000-4,103769.35030000428,120114,0.011041999998269603,0.005520999999134801,0.005520999999134801,2.2233338999940315,-13.607614183189067,13.607614183189067
Daganzo,TSP-correlated-n8-g1000-4,618.4045559340583,2567,0.011098700000729878,0.005549350000364939,0.005549350000364939,0.11194259999319911,-75.9094446461216,75.9094446461216
Daganzo,TSP-correlated-n700-g10000-5,102334.2356918006,120265,0.017639199999393895,0.008819599999696948,0.008819599999696948,18.47356209999998,-14.90937871217678,14.90937871217678
Daganzo,TSP-correlated-n8-g1000-5,591.7280885677137,2692,0.007121499998902436,0.003560749999451218,0.003560749999451218,0.10675679999985732,-78.01901602645938,78.01901602645938
Daganzo,TSP-correlated-n700-g1000-4,10341.755851401636,12183,0.014183600003889296,0.007091800001944648,0.007091800001944648,14.541918500006432,-15.113224563722921,15.113224563722921
Daganzo,TSP-correlated-n700-g10000-3,100349.14875535815,119040,0.018019000002823304,0.009009500001411652,0.009009500001411652,3.168343699988327,-15.70131992997467,15.70131992997467
Daganzo,TSP-correlated-n8-g10000-3,4419.539614303733,18709,0.005144799994013738,0.002572399997006869,0.002572399997006869,0.04605159998754971,-76.37746745254299,76.37746745254299
Daganzo,TSP-correlated-n8-g10000-4,5862.501180622481,24957,0.006396899996616412,0.003198449998308206,0.003198449998308206,0.050572899999679066,-76.5095917753637,76.5095917753637
Daganzo,TSP-correlated-n700-g1000-3,10456.877981979133,12419,0.020496600001933984,0.010248300000966992,0.010248300000966992,8.940812000000733,-15.7993559708581,15.7993559708581
Daganzo,TSP-correlated-n8-g10000-2,5062.575196597085,23828,0.014845499994407874,0.007422749997203937,0.007422749997203937,0.05568340000172611,-78.75367132534377,78.75367132534377
Daganzo,TSP-correlated-n80-g1000-3,2746.4821703408156,4279,0.004211999999824911,0.0021059999999124557,0.0021059999999124557,0.2305908999987878,-35.81485930495874,35.81485930495874
Daganzo,TSP-correlated-n80-g1000-2,3112.7574226078073,4562,0.0052610999991884455,0.0026305499995942228,0.0026305499995942228,0.20416710000426974,-31.767702266378624,31.767702266378624
Daganzo,TSP-correlated-n700-g1000-2,10628.774578473285,12343,0.011558700003661215,0.005779350001830608,0.005779350001830608,6.482417599996552,-13.888239662373126,13.888239662373126
Daganzo,TSP-correlated-n80-g10000-1,25441.628794320543,38558,0.0036910999988322146,0.0018455499994161073,0.0018455499994161073,1.7947728000144707,-34.0172498720874,34.0172498720874
Daganzo,TSP-correlated-n700-g1000-5,10634.849753522614,12603,0.011619899996730965,0.005809949998365482,0.005809949998365482,45.114398699995945,-15.616521831924032,15.616521831924032
Daganzo,TSP-correlated-n80-g1000-4,3104.532092280574,4559,0.005375699998694472,0.002687849999347236,0.002687849999347236,0.13206620000710245,-31.903222367173196,31.903222367173196
Daganzo,TSP-correlated-n700-g10000-2,100117.8864517974,121206,0.01925459999620216,0.00962729999810108,0.00962729999810108,10.811057099999744,-17.398572305168557,17.398572305168557
Daganzo,TSP-correlated-n80-g1000-5,3004.924094881599,4335,0.006100200000219047,0.0030501000001095235,0.0030501000001095235,0.11662979998800438,-30.682258480239927,30.682258480239927
Daganzo,TSP-correlated-n80-g1000-1,2833.6350555426147,4187,0.01144639999984065,0.005723199999920325,0.005723199999920325,0.2640415000059875,-32.323022318065085,32.323022318065085
Daganzo,TSP-correlated-n80-g10000-3,28332.08287853189,43542,0.011742800001229625,0.005871400000614813,0.005871400000614813,0.15920579999510664,-34.93159965428347,34.93159965428347
Daganzo,TSP-correlated-n80-g10000-5,27763.450559035344,39978,0.012575299995660316,0.006287649997830158,0.006287649997830158,0.06903879999299534,-30.553177850229268,30.553177850229268
Daganzo,TSP-correlated-n80-g10000-2,28306.94904768085,43552,0.008293599996250123,0.004146799998125061,0.004146799998125061,0.22338049999962095,-35.00424998236396,35.00424998236396
Daganzo,TSP-correlated-n80-g10000-4,28318.793211575943,43795,0.015420999996422324,0.007710499998211162,0.007710499998211162,0.1779269000107888,-35.33783945296051,35.33783945296051
Daganzo,TSP-correlated-n700-g10000-1,99742.8946969407,121620,0.02472009999473812,0.01236004999736906,0.01236004999736906,5.163903000007849,-17.98808197916404,17.98808197916404
Daganzo,TSP-correlated-n8-g10000-5,6552.753121001888,26244,0.011009400004695635,0.005504700002347818,0.005504700002347818,0.04532249999465421,-75.03142386449517,75.03142386449517
Daganzo,TSP-correlated-n800-g1000-5,10776.304889896166,12894,0.010237900001811795,0.0051189500009058975,0.0051189500009058975,19.85908140000538,-16.42388017763172,16.42388017763172
Daganzo,TSP-correlated-n90-g1000-3,2931.268712605516,4305,0.0057631999952718616,0.0028815999976359308,0.0028815999976359308,0.4682489999977406,-31.910134434250498,31.910134434250498
Daganzo,TSP-correlated-n800-g10000-2,111435.57320568686,127757,0.013496999999915715,0.006748499999957858,0.006748499999957858,14.896964100000332,-12.775367920593894,12.775367920593894
Daganzo,TSP-correlated-n90-g1000-2,3432.0215466980967,4923,0.006140999998024199,0.0030704999990120996,0.0030704999990120996,0.18474500000593252,-30.285973051023834,30.285973051023834
Daganzo,TSP-correlated-n90-g1000-5,3069.033188970103,4697,0.006504999997559935,0.0032524999987799674,0.0032524999987799674,0.20286760000453796,-34.65971494634654,34.65971494634654
Daganzo,TSP-correlated-n800-g1000-4,10966.023777103532,13148,0.017178099995362572,0.008589049997681286,0.008589049997681286,6.333797899991623,-16.595499109343383,16.595499109343383
Daganzo,TSP-correlated-n90-g1000-1,3215.8367477221227,4539,0.013595500000519678,0.006797750000259839,0.006797750000259839,0.32235170000058133,-29.150985950162532,29.150985950162532
Daganzo,TSP-correlated-n800-g1000-2,10672.683409527333,12605,0.01138389999687206,0.00569194999843603,0.00569194999843603,5.331236500001978,-15.329762716958879,15.329762716958879
Daganzo,TSP-correlated-n800-g10000-5,111884.2858199488,131045,0.017269899995881133,0.008634949997940566,0.008634949997940566,8.417655800003558,-14.621476729406849,14.621476729406849
Daganzo,TSP-correlated-n800-g1000-3,10812.14728534531,12915,0.0244652000037604,0.0122326000018802,0.0122326000018802,23.975514699995983,-16.28225098455044,16.28225098455044
Daganzo,TSP-correlated-n90-g1000-4,3129.8138922306543,4522,0.013398499999311753,0.006699249999655876,0.006699249999655876,0.21035990001109894,-30.786955059030202,30.786955059030202
Daganzo,TSP-correlated-n800-g1000-1,10663.894170517633,12977,0.026474500002223067,0.013237250001111533,0.013237250001111533,9.796043900001678,-17.82465769809946,17.82465769809946
Daganzo,TSP-correlated-n800-g10000-3,113991.27125582907,131398,0.01798869999765884,0.00899434999882942,0.00899434999882942,10.818744499993045,-13.247331575953162,13.247331575953162
Daganzo,TSP-correlated-n90-g10000-3,32695.633533998076,45328,0.015672699999413453,0.007836349999706727,0.007836349999706727,0.1843862999958219,-27.86879294476245,27.86879294476245
Daganzo,TSP-correlated-n90-g10000-4,32091.650684344673,46381,0.013988099999551196,0.006994049999775598,0.006994049999775598,0.47819939999317285,-30.80862705775064,30.80862705775064
Daganzo,TSP-correlated-n800-g10000-1,108344.84131678815,129520,0.03356060000078287,0.016780300000391435,0.016780300000391435,4.118495599992457,-16.348948952448925,16.348948952448925
Daganzo,TSP-correlated-n800-g10000-4,106883.90318116194,128194,0.02468119999684859,0.012340599998424295,0.012340599998424295,4.3185320000047795,-16.623318422732783,16.623318422732783
Daganzo,TSP-correlated-n90-g10000-5,34325.43551849706,50306,0.016158600003109314,0.008079300001554657,0.008079300001554657,0.10249390000535641,-31.766716657064638,31.766716657064638
Daganzo,TSP-correlated-n90-g10000-2,32293.53064286251,46120,0.02050020000024233,0.010250100000121165,0.010250100000121165,0.6369271000003209,-29.979335119552232,29.979335119552232
Daganzo,TSP-correlated-n90-g10000-1,32414.163668549274,46719,0.01061170000320999,0.005305850001604995,0.005305850001604995,0.1885383000044385,-30.618883819111552,30.618883819111552
Daganzo,TSP-grid-n10-g1000-2,1001.1421649795797,2482,0.00601240000105463,0.003006200000527315,0.003006200000527315,0.041028799998457544,-59.663893433538284,59.663893433538284
Daganzo,TSP-grid-n10-g1000-5,1008.6930719996046,2478,0.0035952000034740195,0.0017976000017370097,0.0017976000017370097,0.08275490000960417,-59.29406489105712,59.29406489105712
Daganzo,TSP-correlated-n900-g10000-1,115222.62649026448,134054,0.010644800000591204,0.005322400000295602,0.005322400000295602,11.238714699997217,-14.04760283895708,14.04760283895708
Daganzo,TSP-correlated-n900-g10000-4,117895.67190300074,139095,0.010468699998455122,0.005234349999227561,0.005234349999227561,12.135074999998324,-15.240898736115074,15.240898736115074
Daganzo,TSP-correlated-n900-g1000-5,11883.804907730519,13842,0.017781900001864415,0.008890950000932207,0.008890950000932207,13.971598600008292,-14.146764140077167,14.146764140077167
Daganzo,TSP-grid-n10-g1000-3,1013.3735986791839,2516,0.00460190000012517,0.002300950000062585,0.002300950000062585,0.0762648999952944,-59.72282994120891,59.72282994120891
Daganzo,TSP-correlated-n900-g10000-5,115908.38459138751,140149,0.010038299995358102,0.005019149997679051,0.005019149997679051,17.42656339998939,-17.29631706870009,17.29631706870009
Daganzo,TSP-grid-n10-g1000-1,1012.6262965674948,2480,0.008696199998666998,0.004348099999333499,0.004348099999333499,0.09385029999248218,-59.16829449324618,59.16829449324618
Daganzo,TSP-correlated-n900-g10000-3,117120.38482909367,137251,0.012197400006698444,0.006098700003349222,0.006098700003349222,3.2123751000035554,-14.667008015173899,14.667008015173899
Daganzo,TSP-grid-n10-g10000-4,10204.055957926728,25056,0.005323799996403977,0.0026618999982019886,0.0026618999982019886,0.04417490000196267,-59.27500016791696,59.27500016791696
Daganzo,TSP-correlated-n900-g1000-1,11442.864638280047,13406,0.02902110000286484,0.01451055000143242,0.01451055000143242,9.278989800004638,-14.643707009696799,14.643707009696799
Daganzo,TSP-grid-n10-g10000-2,9987.226254346097,24556,0.004196599998977035,0.0020982999994885176,0.0020982999994885176,0.03998929999943357,-59.32877400901573,59.32877400901573
Daganzo,TSP-correlated-n900-g1000-4,11464.526632181547,13638,0.01643540000077337,0.008217700000386685,0.008217700000386685,10.535639900001115,-15.93689227026289,15.93689227026289
Daganzo,TSP-correlated-n900-g10000-2,116695.730472477,134548,0.02412460000050487,0.012062300000252435,0.012062300000252435,13.909226300005685,-13.268327680473144,13.268327680473144
Daganzo,TSP-grid-n10-g10000-1,10092.275197199093,24644,0.004889499999990221,0.0024447499999951106,0.0024447499999951106,0.03960059999371879,-59.04773901477402,59.04773901477402
Daganzo,TSP-grid-n10-g10000-3,10033.950198227018,24850,0.010162000005948357,0.005081000002974179,0.005081000002974179,0.03743509999185335,-59.62193079184299,59.62193079184299
Daganzo,TSP-grid-n10-g1000-4,998.4465651701146,2493,0.006086000001232605,0.0030430000006163027,0.0030430000006163027,0.05365159999928437,-59.94999738587586,59.94999738587586
Daganzo,TSP-correlated-n900-g1000-2,11805.057792742902,13727,0.023131599999032915,0.011565799999516457,0.011565799999516457,9.894945000007283,-14.001181665747053,14.001181665747053
Daganzo,TSP-grid-n100-g1000-1,5157.942566566635,9835,0.006215800000063609,0.0031079000000318047,0.0031079000000318047,0.17688410000118893,-47.55523572377595,47.55523572377595
Daganzo,TSP-correlated-n900-g1000-3,11847.41880558799,13486,0.021420500001113396,0.010710250000556698,0.010710250000556698,76.60579800000414,-12.15023872469235,12.15023872469235
Daganzo,TSP-grid-n10-g10000-5,10101.963840560902,25164,0.004448800005775411,0.0022244000028877053,0.0022244000028877053,0.05464479999500327,-59.85549260625933,59.85549260625933
Daganzo,TSP-grid-n100-g1000-2,5167.967169013364,9837,0.013832099997671321,0.0069160499988356605,0.0069160499988356605,0.1075703000096837,-47.46399136918406,47.46399136918406
Daganzo,TSP-grid-n100-g1000-3,5160.89124134582,9829,0.013922599995566998,0.006961299997783499,0.006961299997783499,0.13890429999446496,-47.493221677222294,47.493221677222294
Daganzo,TSP-grid-n100-g10000-1,51613.65202075899,98611,0.013180200003262144,0.006590100001631072,0.006590100001631072,0.11029599999892525,-47.65933615848233,47.65933615848233
Daganzo,TSP-grid-n100-g10000-5,51679.84253376744,98857,0.011843399995996151,0.0059216999979980756,0.0059216999979980756,0.1966960999998264,-47.72262709391602,47.72262709391602
Daganzo,TSP-grid-n100-g10000-3,51504.16388400068,98398,0.012335799998254515,0.006167899999127258,0.006167899999127258,0.17797699999937322,-47.657306160693636,47.657306160693636
Daganzo,TSP-grid-n100-g1000-5,5148.36861442535,9823,0.011267900001257658,0.005633950000628829,0.005633950000628829,0.32669269999314565,-47.5886326537173,47.5886326537173
Daganzo,TSP-grid-n100-g10000-4,51614.48702534976,98586,0.017025699999067,0.0085128499995335,0.0085128499995335,0.16732530000444967,-47.64521633360745,47.64521633360745
Daganzo,TSP-grid-n100-g1000-4,5156.731437160559,9820,0.018239699995319825,0.009119849997659912,0.009119849997659912,0.12550710000505205,-47.48745990671529,47.48745990671529
Daganzo,TSP-grid-n20-g1000-3,1788.1146204871766,3971,0.002809900004649535,0.0014049500023247674,0.0014049500023247674,0.08281240001088008,-54.97067185879686,54.97067185879686
Daganzo,TSP-grid-n1000-g1000-4,17375.742043147395,30605,0.018626600001880433,0.009313300000940217,0.009313300000940217,4.232757299992954,-43.2258060998288,43.2258060998288
Daganzo,TSP-grid-n1000-g10000-5,173855.35978623148,306166,0.015137399997911416,0.007568699998955708,0.007568699998955708,5.344472299999325,-43.215327702543235,43.215327702543235
Daganzo,TSP-grid-n1000-g10000-3,173880.04901785022,306502,0.010368299997935537,0.005184149998967769,0.005184149998967769,2.79256620000524,-43.26952221589085,43.26952221589085
Daganzo,TSP-grid-n20-g1000-1,1769.276694584541,3940,0.011894900002516806,0.005947450001258403,0.005947450001258403,0.07376459999068175,-55.0945001374482,55.0945001374482
Daganzo,TSP-grid-n1000-g1000-3,17381.59835573242,30593,0.02240279999386985,0.011201399996934924,0.011201399996934924,5.707034100021701,-43.18439396027712,43.18439396027712
Daganzo,TSP-grid-n1000-g1000-1,17378.789628452265,30597,0.017024400003720075,0.008512200001860037,0.008512200001860037,4.669257900008233,-43.201001312376164,43.201001312376164
Daganzo,TSP-grid-n20-g1000-5,1776.01792389604,3966,0.006698500001220964,0.003349250000610482,0.003349250000610482,0.05906310000864323,-55.2189126602108,55.2189126602108
Daganzo,TSP-grid-n100-g10000-2,51585.88018586093,98648,0.012313100000028498,0.006156550000014249,0.006156550000014249,0.28052510000998154,-47.70712007758806,47.70712007758806
Daganzo,TSP-grid-n20-g1000-2,1782.2725145162285,3960,0.01347420000092825,0.006737100000464125,0.006737100000464125,0.17725400000927038,-54.99311832029726,54.99311832029726
Daganzo,TSP-grid-n20-g1000-4,1791.5209719676739,4005,0.006863699993118644,0.003431849996559322,0.003431849996559322,0.047304699997766875,-55.26789083726157,55.26789083726157
Daganzo,TSP-grid-n20-g10000-2,17699.89107576654,39556,0.007014900002104696,0.003507450001052348,0.003507450001052348,0.05433640000410378,-55.25358712770113,55.25358712770113
Daganzo,TSP-grid-n1000-g1000-2,17378.911146846913,30613,0.022812099996372126,0.011406049998186063,0.011406049998186063,7.380860800010851,-43.23029057313261,43.23029057313261
Daganzo,TSP-grid-n1000-g1000-5,17378.074522224837,30628,0.020518400000582915,0.010259200000291457,0.010259200000291457,5.714466100005666,-43.260824989470954,43.260824989470954
Daganzo,TSP-grid-n20-g10000-1,17668.79229421185,39395,0.005441900000732858,0.002720950000366429,0.002720950000366429,0.04273349999857601,-55.14965783928963,55.14965783928963
Daganzo,TSP-grid-n20-g10000-4,17784.429869804655,39643,0.003893900000548456,0.001946950000274228,0.001946950000274228,0.05821210000431165,-55.13853676612604,55.13853676612604
Daganzo,TSP-grid-n1000-g10000-4,173804.3108323266,306199,0.012091699994925875,0.006045849997462938,0.006045849997462938,3.5757956999877933,-43.23811938238642,43.23811938238642
Daganzo,TSP-grid-n1000-g10000-2,173920.89961660732,306071,0.019163600001775194,0.009581800000887597,0.009581800000887597,3.772795099997893,-43.17628928692777,43.17628928692777
Daganzo,TSP-grid-n200-g1000-5,7174.959763650247,13098,0.005036000002291985,0.0025180000011459924,0.0025180000011459924,0.8554424000030849,-45.22095156779473,45.22095156779473
Daganzo,TSP-grid-n200-g1000-1,7183.044923985927,13129,0.008270999998785555,0.004135499999392778,0.004135499999392778,0.3863897999981418,-45.28871259055581,45.28871259055581
Daganzo,TSP-grid-n1000-g10000-1,173837.29460949972,306285,0.021343500004149973,0.010671750002074987,0.010671750002074987,4.7623859999876,-43.24328824150718,43.24328824150718
Daganzo,TSP-grid-n200-g1000-4,7173.929513174769,13126,0.005731699995521922,0.002865849997760961,0.002865849997760961,0.4735019000072498,-45.34565356411116,45.34565356411116
Daganzo,TSP-grid-n200-g10000-2,71729.3308626255,131378,0.004444300000614021,0.0022221500003070105,0.0022221500003070105,0.5131672999996226,-45.402326978165675,45.402326978165675
Daganzo,TSP-grid-n20-g10000-3,17797.35810335343,39667,0.01419490000262158,0.00709745000131079,0.00709745000131079,0.06569229999149684,-55.13308769669138,55.13308769669138
Daganzo,TSP-grid-n200-g10000-1,71777.07431485348,131476,0.008337200000823941,0.0041686000004119705,0.0041686000004119705,0.49918610000167973,-45.40670973040442,45.40670973040442
Daganzo,TSP-grid-n200-g10000-4,71866.68999014772,131136,0.007539999998698477,0.0037699999993492384,0.0037699999993492384,1.003089200006798,-45.19682620321825,45.19682620321825
Daganzo,TSP-grid-n200-g1000-2,7176.141539155983,13079,0.006810700004280079,0.0034053500021400396,0.0034053500021400396,0.5038027999980841,-45.132337799862505,45.132337799862505
Daganzo,TSP-grid-n200-g10000-5,71755.21787828395,131362,0.004596000006131362,0.002298000003065681,0.002298000003065681,0.6499589000013657,-45.375970312355214,45.375970312355214
Daganzo,TSP-grid-n20-g10000-5,17776.34180783549,39582,0.012950800002727192,0.006475400001363596,0.006475400001363596,0.062058700001216494,-55.08983424830607,55.08983424830607
Daganzo,TSP-grid-n200-g10000-3,71857.7584554375,130973,0.008239900002081413,0.004119950001040706,0.004119950001040706,1.082463300001109,-45.13544130817992,45.13544130817992
Daganzo,TSP-grid-n30-g10000-1,23413.334008540944,49506,0.005335300003935117,0.0026676500019675586,0.0026676500019675586,0.07717039999261033,-52.70606793410709,52.70606793410709
Daganzo,TSP-grid-n30-g1000-4,2349.410771555285,4958,0.0036343999963719398,0.0018171999981859699,0.0018171999981859699,0.09981580000021495,-52.61373998476634,52.61373998476634
Daganzo,TSP-grid-n30-g10000-2,23494.679295715017,49710,0.0070940000005066395,0.0035470000002533197,0.0035470000002533197,0.05236999999033287,-52.73651318504322,52.73651318504322
Daganzo,TSP-grid-n30-g1000-1,2338.331474363718,4934,0.011632000001554843,0.0058160000007774215,0.0058160000007774215,0.04445050000504125,-52.607793385413096,52.607793385413096
Daganzo,TSP-grid-n30-g1000-5,2346.0562272673683,4975,0.004871199998888187,0.0024355999994440936,0.0024355999994440936,0.04143060000205878,-52.84309090919863,52.84309090919863
Daganzo,TSP-grid-n200-g1000-3,7172.670368837536,13063,0.00645049999729963,0.003225249998649815,0.003225249998649815,0.5988573000067845,-45.09170658472375,45.09170658472375
Daganzo,TSP-grid-n30-g1000-3,2348.1087562121133,4965,0.007755300001008436,0.003877650000504218,0.003877650000504218,0.05110929999500513,-52.70677228172984,52.70677228172984
Daganzo,TSP-grid-n30-g1000-2,2328.8009037914767,4935,0.01033109999843873,0.005165549999219365,0.005165549999219365,0.05559730000095442,-52.81051866683938,52.81051866683938
Daganzo,TSP-grid-n30-g10000-3,23388.224969287432,49470,0.00546339999709744,0.00273169999854872,0.00273169999854872,0.04316790000302717,-52.72240758179213,52.72240758179213
Daganzo,TSP-grid-n30-g10000-4,23509.07394675511,49487,0.007584799997857772,0.003792399998928886,0.003792399998928886,0.04761259999941103,-52.49444511335278,52.49444511335278
Daganzo,TSP-grid-n300-g10000-2,90290.55605756893,163706,0.009255100005248096,0.004627550002624048,0.004627550002624048,0.9038822000002256,-44.845909094615386,44.845909094615386
Daganzo,TSP-grid-n300-g10000-3,90236.04083045198,163735,0.007145900002797134,0.003572950001398567,0.003572950001398567,1.3851436999975704,-44.888972528505214,44.888972528505214
Daganzo,TSP-grid-n300-g1000-3,9020.237843593704,16327,0.006762299999536481,0.0033811499997682404,0.0033811499997682404,1.6555994999944232,-44.75263156983093,44.75263156983093
Daganzo,TSP-grid-n30-g10000-5,23433.73064992,49222,0.0093127000000095,0.00465635000000475,0.00465635000000475,0.07851030000892933,-52.39175439860225,52.39175439860225
Daganzo,TSP-grid-n40-g1000-4,2776.866607887386,5627,0.0057729999971343204,0.0028864999985671602,0.0028864999985671602,0.09563169999455567,-50.65102882730786,50.65102882730786
Daganzo,TSP-grid-n40-g1000-1,2782.4303473761925,5640,0.004503500000282656,0.002251750000141328,0.002251750000141328,0.05356900001061149,-50.666128592620694,50.666128592620694
Daganzo,TSP-grid-n300-g1000-2,9021.426392483618,16381,0.00764319999871077,0.003821599999355385,0.003821599999355385,1.3863742999965325,-44.92749897757391,44.92749897757391
Daganzo,TSP-grid-n300-g1000-5,9030.340919644175,16334,0.008684700005687773,0.004342350002843887,0.004342350002843887,0.6537748999980977,-44.71445500401509,44.71445500401509
Daganzo,TSP-grid-n300-g10000-1,90190.20796342028,163571,0.009214400000928435,0.004607200000464218,0.004607200000464218,0.9042711999936728,-44.861737127351255,44.861737127351255
Daganzo,TSP-grid-n40-g1000-2,2784.2735102715747,5633,0.004834400002437178,0.002417200001218589,0.002417200001218589,0.07462249998934567,-50.57210171717424,50.57210171717424
Daganzo,TSP-grid-n40-g10000-3,27851.058836532582,56559,0.007009000000834931,0.0035045000004174653,0.0035045000004174653,0.04884069999388885,-50.75751191404978,50.75751191404978
Daganzo,TSP-grid-n300-g10000-5,90254.18608291804,163778,0.010423299994727131,0.0052116499973635655,0.0052116499973635655,2.115101899995352,-44.89236278198657,44.89236278198657
Daganzo,TSP-grid-n300-g1000-4,9030.486632236381,16397,0.009264700005587656,0.004632350002793828,0.004632350002793828,0.8668343000026653,-44.92598260513276,44.92598260513276
Daganzo,TSP-grid-n300-g1000-1,9027.350593889658,16340,0.012078899999323767,0.006039449999661883,0.006039449999661883,0.8146417999960249,-44.75305634094457,44.75305634094457
Daganzo,TSP-grid-n40-g10000-4,27952.933666075187,56742,0.00781759999517817,0.003908799997589085,0.003908799997589085,0.04642430000239983,-50.73678462853761,50.73678462853761
Daganzo,TSP-grid-n40-g1000-5,2788.040085795037,5683,0.00667799999791896,0.00333899999895948,0.00333899999895948,0.09653580001031514,-50.94069882465182,50.94069882465182
Daganzo,TSP-grid-n40-g1000-3,2799.0819087693735,5666,0.008827099998597987,0.0044135499992989935,0.0044135499992989935,0.04810469999210909,-50.59862497759665,50.59862497759665
Daganzo,TSP-grid-n300-g10000-4,90208.84055440464,163853,0.011551800002052914,0.005775900001026457,0.005775900001026457,1.2446332999970764,-44.94526157323659,44.94526157323659
Daganzo,TSP-grid-n40-g10000-1,27846.214847910654,56451,0.009425600001122802,0.004712800000561401,0.004712800000561401,0.11959740000020247,-50.671883849868635,50.671883849868635
Daganzo,TSP-grid-n40-g10000-2,27977.67900587895,56537,0.015369599997939076,0.007684799998969538,0.007684799998969538,0.04967529998975806,-50.51439056568451,50.51439056568451
Daganzo,TSP-grid-n400-g1000-5,10872.325293146814,19597,0.00677690000156872,0.00338845000078436,0.00338845000078436,1.5967649999947753,-44.52046081978459,44.52046081978459
Daganzo,TSP-grid-n5-g1000-1,527.3393437815919,1818,0.004522699993685819,0.0022613499968429096,0.0022613499968429096,0.038117899995995685,-70.99343543555601,70.99343543555601
Daganzo,TSP-grid-n400-g10000-2,108693.29387225321,196178,0.008478700001433026,0.004239350000716513,0.004239350000716513,1.5804934999905527,-44.59455501011673,44.59455501011673
Daganzo,TSP-grid-n400-g1000-3,10874.611118564193,19564,0.009263400002964772,0.004631700001482386,0.004631700001482386,2.8931661999959033,-44.415195672847105,44.415195672847105
Daganzo,TSP-grid-n400-g1000-1,10869.650416641742,19598,0.011602400001720525,0.005801200000860263,0.005801200000860263,1.1264209999935701,-44.536940419217565,44.536940419217565
Daganzo,TSP-grid-n5-g1000-5,529.3064625054185,1829,0.0050246999962837435,0.0025123499981418718,0.0025123499981418718,0.04062010000052396,-71.06033556558674,71.06033556558674
Daganzo,TSP-grid-n40-g10000-5,27878.518778801717,56528,0.007054200003040023,0.0035271000015200116,0.0035271000015200116,0.048700500003178604,-50.68192970067628,50.68192970067628
Daganzo,TSP-grid-n400-g1000-4,10870.95954458483,19629,0.010899599998083431,0.005449799999041716,0.005449799999041716,1.3407510999968508,-44.61786364774146,44.61786364774146
Daganzo,TSP-grid-n400-g1000-2,10869.83872557454,19603,0.008764799997152295,0.0043823999985761475,0.0043823999985761475,2.483611600007862,-44.5501263807859,44.5501263807859
Daganzo,TSP-grid-n5-g10000-2,5205.73373315424,17927,0.0038630999988527037,0.0019315499994263519,0.0019315499994263519,0.040082699997583404,-70.96148974644815,70.96148974644815
Daganzo,TSP-grid-n5-g1000-2,519.5316272855773,1809,0.006303199996182229,0.0031515999980911147,0.0031515999980911147,0.03790960001060739,-71.280728176585,71.280728176585
Daganzo,TSP-grid-n5-g1000-3,516.2608032767934,1814,0.011312599999655504,0.005656299999827752,0.005656299999827752,0.038455600006273016,-71.54019827581072,71.54019827581072
Daganzo,TSP-grid-n5-g10000-1,5359.644182569398,18245,0.007368300000962336,0.003684150000481168,0.003684150000481168,0.09707699999853503,-70.62403846221213,70.62403846221213
Daganzo,TSP-grid-n5-g10000-3,5403.782180473228,18533,0.004114800001843832,0.002057400000921916,0.002057400000921916,0.04110439999203663,-70.84237748625031,70.84237748625031
Daganzo,TSP-grid-n5-g10000-4,5144.567121804321,17817,0.004745699996419717,0.0023728499982098583,0.0023728499982098583,0.04267490000347607,-71.12551427398371,71.12551427398371
Daganzo,TSP-grid-n5-g1000-4,516.8182487586907,1788,0.010736500000348315,0.005368250000174157,0.005368250000174157,0.042186400009086356,-71.0951762439211,71.0951762439211
Daganzo,TSP-grid-n400-g10000-5,108726.64043959051,196360,0.010283499999786727,0.0051417499998933636,0.0051417499998933636,1.3914100999973016,-44.628926237731456,44.628926237731456
Daganzo,TSP-grid-n400-g10000-3,108747.97578888536,196223,0.010571400001936127,0.005285700000968063,0.005285700000968063,1.2072048999980325,-44.579393960501385,44.579393960501385
Daganzo,TSP-grid-n400-g10000-1,108689.34543909995,196191,0.007777200000418816,0.003888600000209408,0.003888600000209408,1.0572685000079218,-44.600238828947326,44.600238828947326
Daganzo,TSP-grid-n50-g1000-3,3168.25541228923,6163,0.00755619999836199,0.003778099999180995,0.003778099999180995,0.0755187000031583,-48.59231847656611,48.59231847656611
Daganzo,TSP-grid-n400-g10000-4,108666.17206960039,196170,0.00820920000114711,0.004104600000573555,0.004104600000573555,1.1964666999992914,-44.60612118590998,44.60612118590998
Daganzo,TSP-grid-n50-g10000-1,31647.812648585998,61824,0.007180000000516884,0.003590000000258442,0.003590000000258442,0.15967629999795463,-48.80982684946623,48.80982684946623
Daganzo,TSP-grid-n5-g10000-5,5224.45797097651,18087,0.006384100001014303,0.0031920500005071517,0.0031920500005071517,0.07262249999621417,-71.11484507670421,71.11484507670421
Daganzo,TSP-grid-n50-g10000-4,31626.284218273253,61898,0.00836880000133533,0.004184400000667665,0.004184400000667665,0.1672893000068143,-48.90580597390343,48.90580597390343
Daganzo,TSP-grid-n50-g1000-2,3166.460304109306,6164,0.012661200002185069,0.0063306000010925345,0.0063306000010925345,0.06283460000122432,-48.62978091970626,48.62978091970626
Daganzo,TSP-grid-n50-g1000-1,3156.70533824429,6165,0.010314899998775218,0.005157449999387609,0.005157449999387609,0.074884599991492,-48.79634487843812,48.79634487843812
Daganzo,TSP-grid-n50-g10000-2,31607.06151439896,61797,0.013075500006380025,0.006537750003190013,0.006537750003190013,0.08784490000107326,-48.85340467272042,48.85340467272042
Daganzo,TSP-grid-n500-g1000-3,11898.813143545032,21297,0.01028490000317106,0.00514245000158553,0.00514245000158553,1.2492216999962693,-44.12915836246874,44.12915836246874
Daganzo,TSP-grid-n500-g10000-3,119057.99153259305,213038,0.007607499996083789,0.0038037499980418943,0.0038037499980418943,1.986009100000956,-44.114199564118586,44.114199564118586
Daganzo,TSP-grid-n50-g1000-4,3146.538108381972,6158,0.014640599998529069,0.0073202999992645346,0.0073202999992645346,0.07411390000197571,-48.903246047710745,48.903246047710745
Daganzo,TSP-grid-n500-g10000-2,119046.95901218979,213359,0.013164600000891369,0.006582300000445684,0.006582300000445684,1.5549931999994442,-44.20345098533936,44.20345098533936
Daganzo,TSP-grid-n50-g10000-3,31556.088038443548,61652,0.010910300006798934,0.005455150003399467,0.005455150003399467,0.04959779999626335,-48.81579180165518,48.81579180165518
Daganzo,TSP-grid-n50-g10000-5,31525.283470256058,61816,0.006112799994298257,0.0030563999971491285,0.0030563999971491285,0.09938770000007935,-49.001417965808116,49.001417965808116
Daganzo,TSP-grid-n500-g1000-2,11911.707884472318,21320,0.009558300000207964,0.004779150000103982,0.004779150000103982,2.667742100005853,-44.12894988521427,44.12894988521427
Daganzo,TSP-grid-n50-g1000-5,3160.529213201485,6165,0.017583100001502316,0.008791550000751158,0.008791550000751158,0.1778572999901371,-48.73431933168718,48.73431933168718
Daganzo,TSP-grid-n500-g10000-5,119111.40775372859,213394,0.008922199995140545,0.0044610999975702725,0.0044610999975702725,1.301349500005017,-44.182400745227795,44.182400745227795
Daganzo,TSP-grid-n500-g10000-4,119088.87790259841,213440,0.007267200002388563,0.0036336000011942815,0.0036336000011942815,9.563585800002329,-44.204985990161916,44.204985990161916
Daganzo,TSP-grid-n60-g1000-2,3806.8379327205403,7381,0.007094099993992131,0.0035470499969960656,0.0035470499969960656,0.08619880001060665,-48.42381882237447,48.42381882237447
Daganzo,TSP-grid-n500-g1000-5,11909.21530790337,21289,0.008426200001849793,0.0042131000009248964,0.0042131000009248964,2.378370799997356,-44.059301480091264,44.059301480091264
Daganzo,TSP-grid-n60-g1000-1,3800.1737985255354,7365,0.005875300004845485,0.0029376500024227425,0.0029376500024227425,0.10982250000233762,-48.402256639164484,48.402256639164484
Daganzo,TSP-grid-n500-g10000-1,119070.30788603426,213465,0.015188199999101926,0.007594099999550963,0.007594099999550963,1.925273400003789,-44.220219761537365,44.220219761537365
Daganzo,TSP-grid-n60-g1000-5,3800.8521494528036,7407,0.003949300000385847,0.0019746500001929235,0.0019746500001929235,0.18470709999382962,-48.68567369444035,48.68567369444035
Daganzo,TSP-grid-n60-g1000-4,3807.7698016030326,7409,0.007009300003119279,0.0035046500015596393,0.0035046500015596393,0.10058209999988321,-48.60615735452784,48.60615735452784
Daganzo,TSP-grid-n500-g1000-4,11909.53585997372,21281,0.012451299997337628,0.006225649998668814,0.006225649998668814,2.739613300000201,-44.03676584759307,44.03676584759307
Daganzo,TSP-grid-n60-g1000-3,3801.0201155742384,7377,0.008151599999109749,0.004075799999554874,0.004075799999554874,0.09731470000406262,-48.47471715366357,48.47471715366357
Daganzo,TSP-grid-n60-g10000-1,38100.01417275327,74039,0.008383299995330162,0.004191649997665081,0.004191649997665081,0.061049399999319576,-48.540614847913574,48.540614847913574
Daganzo,TSP-grid-n500-g1000-1,11917.059535598535,21303,0.01746139999886509,0.008730699999432545,0.008730699999432545,3.68159109998669,-44.05924266254267,44.05924266254267
Daganzo,TSP-grid-n60-g10000-4,37986.93624245051,74081,0.008703999999852385,0.004351999999926193,0.004351999999926193,0.0538078000099631,-48.72243052543768,48.72243052543768
Daganzo,TSP-grid-n60-g10000-2,38144.8633564206,74122,0.008063399996899534,0.004031699998449767,0.004031699998449767,0.05683679999492597,-48.5377305571617,48.5377305571617
Daganzo,TSP-grid-n60-g10000-3,38072.5269374125,74107,0.011882899998454377,0.0059414499992271885,0.0059414499992271885,0.19115240000246558,-48.6249248553949,48.6249248553949
Daganzo,TSP-grid-n600-g1000-4,13159.676794663308,23552,0.014657799998531118,0.007328899999265559,0.007328899999265559,3.067345200004638,-44.125013609615706,44.125013609615706
Daganzo,TSP-grid-n70-g1000-3,3951.523304182831,7692,0.004958100005751476,0.002479050002875738,0.002479050002875738,0.07036710000829771,-48.62814217131005,48.62814217131005
Daganzo,TSP-grid-n600-g1000-1,13156.7137743435,23532,0.01335069999913685,0.006675349999568425,0.006675349999568425,3.621342200000072,-44.090116546220045,44.090116546220045
Daganzo,TSP-grid-n600-g1000-3,13155.506152178257,23543,0.004711200002930127,0.0023556000014650635,0.0023556000014650635,2.954862200000207,-44.1213687627819,44.1213687627819
Daganzo,TSP-grid-n70-g1000-1,3956.6366370315072,7693,0.00858489999518497,0.004292449997592485,0.004292449997592485,0.11473169999953825,-48.56835256685939,48.56835256685939
Daganzo,TSP-grid-n60-g10000-5,38200.09642807201,74190,0.010293700004694983,0.005146850002347492,0.005146850002347492,0.06648649999988265,-48.51045096634047,48.51045096634047
Daganzo,TSP-grid-n70-g1000-2,3958.600550447089,7678,0.012170300004072487,0.006085150002036244,0.006085150002036244,0.07882970001082867,-48.44229551384359,48.44229551384359
Daganzo,TSP-grid-n600-g1000-2,13155.19126314779,23538,0.014426399997319095,0.007213199998659547,0.007213199998659547,4.385219600007986,-44.11083667623507,44.11083667623507
Daganzo,TSP-grid-n70-g1000-5,3944.508314986799,7643,0.0070400000040535815,0.0035200000020267908,0.0035200000020267908,0.12023299999418668,-48.390575494088715,48.390575494088715
Daganzo,TSP-grid-n600-g10000-2,131624.87047378242,235328,0.009990799997467548,0.004995399998733774,0.004995399998733774,2.3659398000017973,-44.06748433089883,44.06748433089883
Daganzo,TSP-grid-n70-g10000-1,39560.18226365369,76906,0.006875799997942522,0.003437899998971261,0.003437899998971261,0.09074679999321233,-48.56034345349688,48.56034345349688
Daganzo,TSP-grid-n600-g10000-5,131613.90930608357,235489,0.013740599999437109,0.006870299999718554,0.006870299999718554,2.3921645999944303,-44.11037912340552,44.11037912340552
Daganzo,TSP-grid-n600-g10000-4,131575.89268144828,235148,0.015975499998603482,0.007987749999301741,0.007987749999301741,1.4075776999961818,-44.04549786455837,44.04549786455837
Daganzo,TSP-grid-n70-g10000-2,39613.036260320914,76756,0.00729729999875417,0.003648649999377085,0.003648649999377085,0.08068470000580419,-48.39095802240748,48.39095802240748
Daganzo,TSP-grid-n600-g10000-3,131601.46038843945,235312,0.015108100000361446,0.007554050000180723,0.007554050000180723,2.6667087000096217,-44.07362973905307,44.07362973905307
Daganzo,TSP-grid-n70-g1000-4,3955.9841779890876,7666,0.009835700002440717,0.0049178500012203585,0.0049178500012203585,0.08937450000667013,-48.39571904527671,48.39571904527671
Daganzo,TSP-grid-n70-g10000-3,39578.319962625996,76944,0.009604699996998534,0.004802349998499267,0.004802349998499267,0.09185789999901317,-48.56217513694895,48.56217513694895
Daganzo,TSP-grid-n600-g1000-5,13158.317591926409,23515,0.014519899996230379,0.007259949998115189,0.007259949998115189,4.955286499985959,-44.04287649616666,44.04287649616666
Daganzo,TSP-grid-n600-g10000-1,131691.4457989584,235164,0.018769099995552097,0.009384549997776048,0.009384549997776048,1.8720173000037903,-44.00016762814104,44.00016762814104
Daganzo,TSP-grid-n70-g10000-4,39476.569384458926,76715,0.010812000000441913,0.005406000000220956,0.005406000000220956,0.14867889999004547,-48.54126391910458,48.54126391910458
Daganzo,TSP-grid-n70-g10000-5,39546.70986328067,76729,0.013201600006141234,0.006600800003070617,0.006600800003070617,0.09142960001190659,-48.45923983985108,48.45923983985108
Daganzo,TSP-grid-n700-g1000-1,14269.181839720175,25395,0.015045800006191712,0.007522900003095856,0.007522900003095856,2.8405992000043625,-43.81105792589023,43.81105792589023
Daganzo,TSP-grid-n700-g10000-4,142690.40902438047,254363,0.010528200000408106,0.005264100000204053,0.005264100000204053,1.7147016000089934,-43.902843957501496,43.902843957501496
Daganzo,TSP-grid-n700-g1000-5,14275.241185002793,25401,0.009812199998123106,0.004906099999061553,0.004906099999061553,5.014709800001583,-43.80047563086968,43.80047563086968
Daganzo,TSP-grid-n700-g1000-4,14275.320843679834,25374,0.014308000005257782,0.007154000002628891,0.007154000002628891,2.898427799998899,-43.740360827304194,43.740360827304194
Daganzo,TSP-grid-n700-g10000-3,142675.75223607547,254228,0.008108000001811888,0.004054000000905944,0.004054000000905944,2.0763944999926025,-43.878820493385675,43.878820493385675
Daganzo,TSP-grid-n8-g1000-2,1022.9135576381809,2677,0.006467900006100535,0.0032339500030502677,0.0032339500030502677,0.04195270000491291,-61.788809950011924,61.788809950011924
Daganzo,TSP-grid-n8-g1000-1,995.8250737955938,2616,0.007812399999238551,0.0039061999996192753,0.0039061999996192753,0.04424839999410324,-61.933292286101164,61.933292286101164
Daganzo,TSP-grid-n8-g10000-2,10360.330725126489,27360,0.005640000003040768,0.002820000001520384,0.002820000001520384,0.1788990999921225,-62.13329413330961,62.13329413330961
Daganzo,TSP-grid-n700-g10000-1,142691.82676493772,254476,0.011424000003898982,0.005712000001949491,0.005712000001949491,2.4335812000063015,-43.92719676317699,43.92719676317699
Daganzo,TSP-grid-n8-g1000-5,1008.1513154283933,2625,0.008072100004937965,0.004036050002468983,0.004036050002468983,0.04690129999653436,-61.59423560272786,61.59423560272786
Daganzo,TSP-grid-n8-g10000-1,9980.069236493302,26300,0.011654399997496512,0.005827199998748256,0.005827199998748256,0.1906726000015624,-62.05296868253497,62.05296868253497
Daganzo,TSP-grid-n700-g10000-5,142747.40639533525,254471,0.010270999999193009,0.0051354999995965045,0.0051354999995965045,3.5980706000118516,-43.90425376748814,43.90425376748814
Daganzo,TSP-grid-n8-g1000-4,1002.4120541972746,2626,0.008569000005081762,0.004284500002540881,0.004284500002540881,0.04676810000091791,-61.827416062556175,61.827416062556175
Daganzo,TSP-grid-n8-g10000-3,10051.637812277162,26819,0.007101600000169128,0.003550800000084564,0.003550800000084564,0.041545800006133504,-62.52046007577775,62.52046007577775
Daganzo,TSP-grid-n700-g10000-2,142655.84734056643,253901,0.01589300000341609,0.007946500001708046,0.007946500001708046,2.240805499997805,-43.81438145554116,43.81438145554116
Daganzo,TSP-grid-n80-g1000-5,4530.113863469659,8745,0.005686299999069888,0.002843149999534944,0.002843149999534944,0.20356809999793768,-48.197668799660846,48.197668799660846
Daganzo,TSP-grid-n700-g1000-2,14266.468044333888,25400,0.020869899999524932,0.010434949999762466,0.010434949999762466,2.633811200008495,-43.83280297506344,43.83280297506344
Daganzo,TSP-grid-n8-g1000-3,1018.9878378076942,2709,0.006274300001678057,0.0031371500008390285,0.0031371500008390285,0.04068299999926239,-62.38509273504267,62.38509273504267
Daganzo,TSP-grid-n8-g10000-4,10136.636022704966,26841,0.003824999999778811,0.0019124999998894054,0.0019124999998894054,0.04355290000967216,-62.234506826478274,62.234506826478274
Daganzo,TSP-grid-n8-g10000-5,10144.47548771251,26515,0.004664200001570862,0.002332100000785431,0.002332100000785431,0.04032440000446513,-61.7406166784367,61.7406166784367
Daganzo,TSP-grid-n700-g1000-3,14275.368638672697,25373,0.015440199997101445,0.007720099998550722,0.007720099998550722,3.028157499997178,-43.73795515440548,43.73795515440548
Daganzo,TSP-grid-n80-g1000-1,4536.342054563346,8739,0.005364800003007986,0.002682400001503993,0.002682400001503993,0.174717400004738,-48.09083356718908,48.09083356718908
Daganzo,TSP-grid-n80-g10000-3,45244.32137875426,87158,0.008473600006254856,0.004236800003127428,0.004236800003127428,0.07339349998801481,-48.08930748898063,48.08930748898063
Daganzo,TSP-grid-n80-g1000-2,4542.919309871131,8761,0.01051010000082897,0.005255050000414485,0.005255050000414485,0.24150979999103583,-48.14610992042996,48.14610992042996
Daganzo,TSP-grid-n80-g1000-4,4549.277092462054,8759,0.012686399997619446,0.006343199998809723,0.006343199998809723,0.17884320000302978,-48.061684068249185,48.061684068249185
Daganzo,TSP-grid-n80-g10000-4,45458.0679951975,87986,0.010766999999759719,0.005383499999879859,0.005383499999879859,0.06323759999941103,-48.334885100814326,48.334885100814326
Daganzo,TSP-grid-n80-g10000-2,45482.41200134399,87952,0.012445200001820922,0.006222600000910461,0.006222600000910461,0.11879389999376144,-48.287233944260514,48.287233944260514
Daganzo,TSP-grid-n80-g10000-5,45479.95374100549,87785,0.01137870000093244,0.00568935000046622,0.00568935000046622,0.13881319999927655,-48.19165718402291,48.19165718402291
Daganzo,TSP-grid-n80-g10000-1,45284.299509785946,87560,0.011358700001437683,0.005679350000718841,0.005679350000718841,0.18463280001014937,-48.28197863203981,48.28197863203981
Daganzo,TSP-grid-n800-g1000-3,15262.024353276336,27021,0.01255979999405099,0.006279899997025495,0.006279899997025495,2.087877900004969,-43.517914387786035,43.517914387786035
Daganzo,TSP-grid-n90-g1000-1,4612.948055311267,8855,0.005344999997760169,0.0026724999988800846,0.0026724999988800846,0.1393122999870684,-47.905724954135884,47.905724954135884
Daganzo,TSP-grid-n800-g1000-2,15262.624666812717,27039,0.016487699998833705,0.008243849999416852,0.008243849999416852,8.367211100005079,-43.55329462327484,43.55329462327484
Daganzo,TSP-grid-n80-g1000-3,4548.001389181845,8764,0.007838500001525972,0.003919250000762986,0.003919250000762986,0.23053190000064205,-48.1058718714988,48.1058718714988
Daganzo,TSP-grid-n800-g1000-4,15269.473381881902,27018,0.01695290000498062,0.00847645000249031,0.00847645000249031,5.775566800002707,-43.48407216714079,43.48407216714079
Daganzo,TSP-grid-n90-g1000-2,4616.783078237487,8837,0.004396999996970408,0.002198499998485204,0.002198499998485204,0.10096509999129921,-47.75621728824843,47.75621728824843
Daganzo,TSP-grid-n90-g10000-3,46186.628813775744,88919,0.005815700002131052,0.002907850001065526,0.002907850001065526,0.36175270000239834,-48.057638059609594,48.057638059609594
Daganzo,TSP-grid-n90-g1000-3,4622.962150396647,8868,0.005440299995825626,0.002720149997912813,0.002720149997912813,0.24863769998773932,-47.86916835366884,47.86916835366884
Daganzo,TSP-grid-n800-g1000-1,15262.254263378001,27028,0.015547000002698041,0.007773500001349021,0.007773500001349021,8.203661000006832,-43.531692084586346,43.531692084586346
Daganzo,TSP-grid-n800-g10000-5,152578.45942674868,270438,0.018759599995973986,0.009379799997986993,0.009379799997986993,3.465790999995079,-43.58098365364753,43.58098365364753
Daganzo,TSP-grid-n800-g10000-1,152651.99999410426,270423,0.01219219999620691,0.006096099998103455,0.006096099998103455,5.407338999997592,-43.55065952448414,43.55065952448414
Daganzo,TSP-grid-n90-g10000-4,46150.77892402792,88826,0.007724299997789785,0.0038621499988948926,0.0038621499988948926,0.3239789999934146,-48.043614567775286,48.043614567775286
Daganzo,TSP-grid-n90-g10000-2,46207.68948333166,88890,0.00814869999885559,0.004074349999427795,0.004074349999427795,0.18464799999492243,-48.0169991187629,48.0169991187629
Daganzo,TSP-grid-n800-g10000-3,152573.00850084855,270468,0.018280200005392544,0.009140100002696272,0.009140100002696272,3.1081610999972327,-43.58925695429827,43.58925695429827
Daganzo,TSP-grid-n800-g1000-5,15264.574458529783,27002,0.019983799997135065,0.009991899998567533,0.009991899998567533,5.092065099990577,-43.46872654421975,43.46872654421975
Daganzo,TSP-grid-n90-g1000-5,4616.686489355759,8870,0.011599299999943469,0.005799649999971734,0.005799649999971734,0.3668387000070652,-47.95167430264083,47.95167430264083
Daganzo,TSP-grid-n90-g1000-4,4611.201358648307,8867,0.014136400001007132,0.007068200000503566,0.007068200000503566,0.09052880000672303,-47.99592467973038,47.99592467973038
Daganzo,TSP-grid-n90-g10000-5,46193.80592932347,88945,0.012874700005340856,0.006437350002670428,0.006437350002670428,0.40716210000391584,-48.06475245452418,48.06475245452418
Daganzo,TSP-grid-n800-g10000-4,152638.34588726386,270129,0.030985899997176602,0.015492949998588301,0.015492949998588301,56.69785069998761,-43.49427648002848,43.49427648002848
Daganzo,TSP-grid-n800-g10000-2,152585.3874731129,270683,0.028069200001482386,0.014034600000741193,0.014034600000741193,6.033954600017751,-43.62949004070706,43.62949004070706
Daganzo,TSP-grid-n900-g1000-4,16565.469996049007,29360,0.007125299998733681,0.0035626499993668403,0.0035626499993668403,5.838307700003497,-43.57809946849793,43.57809946849793
Daganzo,TSP-grid-n90-g10000-1,46144.00860073819,88697,0.013714900000195485,0.006857450000097742,0.006857450000097742,0.2718501000053948,-47.97568282947767,47.97568282947767
Daganzo,TSP-line_noise-n10-g1000-1,762.6016345379807,2618,0.010959799998090602,0.005479899999045301,0.005479899999045301,0.07975809997878969,-70.87083137746446,70.87083137746446
Daganzo,TSP-grid-n900-g1000-3,16563.79740563739,29364,0.021969500005070586,0.010984750002535293,0.010984750002535293,3.4635525999910897,-43.59148138660472,43.59148138660472
Daganzo,TSP-grid-n900-g10000-2,165726.61137594952,294303,0.01179979999869829,0.005899899999349145,0.005899899999349145,358.9380663000047,-43.68843967749241,43.68843967749241
Daganzo,TSP-line_noise-n10-g1000-2,335.84320672004094,1864,0.008544099997379817,0.0042720499986899085,0.0042720499986899085,0.12451850000070408,-81.98266058368878,81.98266058368878
Daganzo,TSP-line_noise-n10-g1000-3,814.2854496428142,2738,0.005880299999262206,0.002940149999631103,0.002940149999631103,0.08182169997598976,-70.25984479025514,70.25984479025514
Daganzo,TSP-line_noise-n10-g1000-4,826.2306802582435,2814,0.0090898999987985,0.00454494999939925,0.00454494999939925,0.09469900000840425,-70.63856857646613,70.63856857646613
Daganzo,TSP-grid-n900-g1000-5,16565.884807640068,29413,0.02004260000103386,0.01002130000051693,0.01002130000051693,7.04349069998716,-43.67835716302292,43.67835716302292
Daganzo,TSP-grid-n900-g1000-1,16566.92179117774,29359,0.021685599996999372,0.010842799998499686,0.010842799998499686,5.37775519999559,-43.5712327014621,43.5712327014621
Daganzo,TSP-line_noise-n10-g10000-4,7839.651402900513,27665,0.0054862999968463555,0.0027431499984231777,0.0027431499984231777,0.7032987999846227,-71.66220349575092,71.66220349575092
Daganzo,TSP-grid-n900-g10000-3,165702.4093766895,294168,0.01572899999882793,0.007864499999413965,0.007864499999413965,2.381662599989795,-43.67082436679397,43.67082436679397
Daganzo,TSP-line_noise-n10-g1000-5,841.5949144333039,2970,0.00903929999913089,0.004519649999565445,0.004519649999565445,0.07959159999154508,-71.66347089450154,71.66347089450154
Daganzo,TSP-grid-n900-g10000-5,165716.78728058905,294175,0.013831999996909872,0.006915999998454936,0.006915999998454936,3.7926389999920502,-43.66727720554464,43.66727720554464
Daganzo,TSP-grid-n900-g1000-2,16567.349803755576,29361,0.01890879999700701,0.009454399998503504,0.009454399998503504,3.972894999998971,-43.57361873316448,43.57361873316448
Daganzo,TSP-line_noise-n10-g10000-1,4003.4287912363307,22756,0.010266700002830476,0.005133350001415238,0.005133350001415238,0.7442105999798514,-82.4071506801005,82.4071506801005
Daganzo,TSP-line_noise-n100-g1000-3,2451.2717291234762,3250,0.004655699995055329,0.0023278499975276645,0.0023278499975276645,0.7097790000261739,-24.57625448850842,24.57625448850842
Daganzo,TSP-line_noise-n10-g10000-2,8217.764051826993,28096,0.007544400003098417,0.0037722000015492085,0.0037722000015492085,0.516573500004597,-70.75112453079801,70.75112453079801
Daganzo,TSP-grid-n900-g10000-1,165768.58230184935,294220,0.015440200004377402,0.007720100002188701,0.007720100002188701,4.094849599990994,-43.6582889328226,43.6582889328226
Daganzo,TSP-line_noise-n100-g1000-2,3609.499965369165,3330,0.0056258000040543266,0.0028129000020271633,0.0028129000020271633,1.231738599948585,8.393392353428371,8.393392353428371
Daganzo,TSP-line_noise-n100-g1000-4,2409.3981582544634,3258,0.0077658999944105744,0.0038829499972052872,0.0038829499972052872,0.36008630000287667,-26.046710919138633,26.046710919138633
Daganzo,TSP-line_noise-n10-g10000-5,6554.999999999998,27923,0.006700200006889645,0.0033501000034448225,0.0033501000034448225,0.5960228000185452,-76.52472871826093,76.52472871826093
Daganzo,TSP-grid-n900-g10000-4,165739.94846970355,294012,0.018319199996767566,0.009159599998383783,0.009159599998383783,270.55115700000897,-43.628168758518854,43.628168758518854
Daganzo,TSP-line_noise-n10-g10000-3,11017.378998654805,31210,0.014941699999326374,0.007470849999663187,0.007470849999663187,0.8652230000006966,-64.69920218309898,64.69920218309898
Daganzo,TSP-line_noise-n100-g10000-1,34977.29191918665,33611,0.010621100002026651,0.0053105500010133255,0.0053105500010133255,2.862844999996014,4.065014189362569,4.065014189362569
Daganzo,TSP-line_noise-n100-g1000-1,3305.754301214777,3357,0.013840800005709752,0.006920400002854876,0.006920400002854876,1.2120501999743283,-1.5265325822229039,1.5265325822229039
Daganzo,TSP-line_noise-n100-g10000-3,17553.761034177263,31398,0.012635200000659097,0.0063176000003295485,0.0063176000003295485,3.346799099992495,-44.09274146704483,44.09274146704483
Daganzo,TSP-line_noise-n100-g1000-5,1681.794635203716,2577,0.011443300005339552,0.005721650002669776,0.005721650002669776,1.9219940999755636,-34.73827570028265,34.73827570028265
Daganzo,TSP-line_noise-n100-g10000-5,36777.933190297685,33338,0.009995600004913285,0.004997800002456643,0.004997800002456643,1.2547347999643534,10.318355001192888,10.318355001192888
Daganzo,TSP-line_noise-n100-g10000-2,31795.89826141101,33315,0.013471000005665701,0.0067355000028328504,0.0067355000028328504,1.0250083000282757,-4.559813112979109,4.559813112979109
Daganzo,TSP-line_noise-n1000-g10000-3,112320.07649236177,53234,0.012510799999290612,0.006255399999645306,0.006255399999645306,6.853039500012528,110.9931181056501,110.9931181056501
Daganzo,TSP-line_noise-n100-g10000-4,32322.475104174802,33689,0.010729200002970174,0.005364600001485087,0.005364600001485087,1.022647300036624,-4.056294030173641,4.056294030173641
Daganzo,TSP-line_noise-n1000-g10000-1,115134.35629732767,50575,0.011899900004209485,0.0059499500021047425,0.0059499500021047425,5.538742400007322,127.65072920875467,127.65072920875467
Daganzo,TSP-line_noise-n20-g1000-3,1191.0013261957351,2730,0.004076500001247041,0.0020382500006235205,0.0020382500006235205,0.07819570001447573,-56.37357779502802,56.37357779502802
Daganzo,TSP-line_noise-n1000-g1000-4,9415.651241417132,6799,0.021199800001340918,0.010599900000670459,0.010599900000670459,8.113024299964309,38.48582499510416,38.48582499510416
Daganzo,TSP-line_noise-n20-g1000-5,1238.6350503679444,2727,0.006745999999111518,0.003372999999555759,0.003372999999555759,0.2009057000395842,-54.578839370445756,54.578839370445756
Daganzo,TSP-line_noise-n20-g1000-1,1261.388235239254,2954,0.0038159000032464974,0.0019079500016232487,0.0019079500016232487,0.07944070000667125,-57.29897646448022,57.29897646448022
Daganzo,TSP-line_noise-n1000-g1000-5,8343.415766339347,7181,0.016069199999037664,0.008034599999518832,0.008034599999518832,52.331671399995685,16.187380118915847,16.187380118915847
Daganzo,TSP-line_noise-n1000-g1000-1,6729.5977665830815,7670,0.013088799998513423,0.0065443999992567115,0.0065443999992567115,12.204721199988853,-12.26078531182423,12.26078531182423
Daganzo,TSP-line_noise-n1000-g1000-3,11875.830650948168,5705,0.02204580000397982,0.01102290000198991,0.01102290000198991,8.106752499996219,108.16530501223782,108.16530501223782
Daganzo,TSP-line_noise-n1000-g10000-5,112008.76222689009,54135,0.01140770000347402,0.00570385000173701,0.00570385000173701,31.594816600030754,106.90636783391538,106.90636783391538
Daganzo,TSP-line_noise-n1000-g1000-2,9688.449140600367,6766,0.02307259999361122,0.01153629999680561,0.01153629999680561,16.23994640004821,43.193159039319646,43.193159039319646
Daganzo,TSP-line_noise-n20-g10000-2,12606.566950839551,28105,0.008041999994020443,0.004020999997010222,0.004020999997010222,0.6572273000492714,-55.14475377747892,55.14475377747892
Daganzo,TSP-line_noise-n20-g10000-1,13252.63827024642,29506,0.009437499997147825,0.004718749998573912,0.004718749998573912,0.6447151000029407,-55.08493774064116,55.08493774064116
Daganzo,TSP-line_noise-n20-g1000-2,1508.3679859371186,3056,0.01481200000125682,0.00740600000062841,0.00740600000062841,0.07877830002689734,-50.642408837136166,50.642408837136166
Daganzo,TSP-line_noise-n1000-g10000-2,111093.3684960538,55898,0.015978900002664886,0.007989450001332443,0.007989450001332443,4.287416699982714,98.74301137080718,98.74301137080718
Daganzo,TSP-line_noise-n20-g10000-4,13501.903199178993,29688,0.011311899994325358,0.005655949997162679,0.005655949997162679,0.49298979999730363,-54.52067098093845,54.52067098093845
Daganzo,TSP-line_noise-n200-g10000-1,49603.96565416921,37357,0.008783000004768837,0.004391500002384419,0.004391500002384419,2.2125010000308976,32.78358983368367,32.78358983368367
Daganzo,TSP-line_noise-n20-g1000-4,562.7866069834996,2187,0.004587299998092931,0.0022936499990464654,0.0022936499990464654,0.08504370000446215,-74.26673036197991,74.26673036197991
Daganzo,TSP-line_noise-n200-g1000-2,3269.2170989397446,3876,0.00541930000326829,0.002709650001634145,0.002709650001634145,1.6513824999565259,-15.654873608365724,15.654873608365724
Daganzo,TSP-line_noise-n200-g10000-2,23738.668128604015,34182,0.009036000003106892,0.004518000001553446,0.004518000001553446,2.721535100019537,-30.552138176221362,30.552138176221362
Daganzo,TSP-line_noise-n200-g1000-4,5233.456792598941,3597,0.005596200004220009,0.0027981000021100044,0.0027981000021100044,2.5976993999793194,45.49504566580321,45.49504566580321
Daganzo,TSP-line_noise-n1000-g10000-4,105412.03809930818,58129,0.01984919999813428,0.00992459999906714,0.00992459999906714,20.81497649999801,81.34156462231962,81.34156462231962
Daganzo,TSP-line_noise-n20-g10000-3,13876.925748954627,30353,0.013421700001345016,0.006710850000672508,0.006710850000672508,0.3574789999984205,-54.28153477760146,54.28153477760146
Daganzo,TSP-line_noise-n30-g1000-1,778.5791058074958,2229,0.004289800002879929,0.0021449000014399644,0.0021449000014399644,0.2931917999521829,-65.07047528903115,65.07047528903115
Daganzo,TSP-line_noise-n200-g1000-1,4994.107622989316,3530,0.008769299995037727,0.0043846499975188635,0.0043846499975188635,1.5834701999556273,41.47613662859253,41.47613662859253
Daganzo,TSP-line_noise-n200-g10000-4,50392.64232008478,36813,0.005623700002615806,0.002811850001307903,0.002811850001307903,2.6897398000000976,36.888170809455296,36.888170809455296
Daganzo,TSP-line_noise-n200-g10000-5,34704.34362511414,34437,0.006269799996516667,0.0031348999982583337,0.0031348999982583337,1.513278700003866,0.7763266983597272,0.7763266983597272
Daganzo,TSP-line_noise-n20-g10000-5,14161.936717765686,29754,0.005737899999076035,0.0028689499995380174,0.0028689499995380174,0.7500306000001729,-52.403250931754776,52.403250931754776
Daganzo,TSP-line_noise-n30-g1000-2,1849.6478043130264,3132,0.008181999997759704,0.004090999998879852,0.004090999998879852,0.08783239999320358,-40.943556694986384,40.943556694986384
Daganzo,TSP-line_noise-n30-g1000-3,1508.5262954287537,3073,0.005406199998105876,0.002703099999052938,0.002703099999052938,0.2558151000412181,-50.91030603876493,50.91030603876493
Daganzo,TSP-line_noise-n200-g10000-3,42872.086870130304,37416,0.009301599995524157,0.004650799997762078,0.004650799997762078,2.096996799984481,14.582229180378192,14.582229180378192
Daganzo,TSP-line_noise-n30-g10000-4,12985.03524950934,29650,0.00555270000040764,0.00277635000020382,0.00277635000020382,0.303669799992349,-56.20561467281841,56.20561467281841
Daganzo,TSP-line_noise-n200-g1000-5,5025.978030194719,3675,0.014082100002269726,0.007041050001134863,0.007041050001134863,2.4352190000354312,36.76130694407399,36.76130694407399
Daganzo,TSP-line_noise-n30-g10000-1,17765.154940768178,31004,0.008864600000379141,0.004432300000189571,0.004432300000189571,0.37545950000640005,-42.70044206951304,42.70044206951304
Daganzo,TSP-line_noise-n30-g1000-4,1775.8962663962104,2985,0.005351300002075732,0.002675650001037866,0.002675650001037866,0.3565535000525415,-40.505987725420084,40.505987725420084
Daganzo,TSP-line_noise-n200-g1000-3,5079.899353333685,3636,0.009001799997349735,0.004500899998674868,0.004500899998674868,1.9665618000435643,39.71120333701004,39.71120333701004
Daganzo,TSP-line_noise-n30-g10000-3,15426.833497464731,28660,0.008704499996383674,0.004352249998191837,0.004352249998191837,0.3613605000427924,-46.17294662433799,46.17294662433799
Daganzo,TSP-line_noise-n30-g10000-5,16217.961598456199,30832,0.010014699997554999,0.005007349998777499,0.005007349998777499,0.2116898000240326,-47.39893098580631,47.39893098580631
Daganzo,TSP-line_noise-n300-g1000-1,4818.393444396171,3806,0.007128099998226389,0.0035640499991131946,0.0035640499991131946,2.7189189000055194,26.59993285328877,26.59993285328877
Daganzo,TSP-line_noise-n30-g1000-5,867.9745068260928,2307,0.004908199996862095,0.0024540999984310474,0.0024540999984310474,0.2386623999918811,-62.37648431616417,62.37648431616417
Daganzo,TSP-line_noise-n30-g10000-2,15296.924767710661,29017,0.011826399997517001,0.0059131999987585004,0.0059131999987585004,0.4337746999808587,-47.282886695004095,47.282886695004095
Daganzo,TSP-line_noise-n300-g1000-3,6383.119492849872,3811,0.009941800002707168,0.004970900001353584,0.004970900001353584,2.0224242999684066,67.49198354368595,67.49198354368595
Daganzo,TSP-line_noise-n300-g1000-2,4949.851906875599,4031,0.010465699997439515,0.005232849998719757,0.005232849998719757,2.788598599960096,22.794639217950845,22.794639217950845
Daganzo,TSP-line_noise-n300-g1000-4,6032.706153957774,3829,0.009004199993796647,0.004502099996898323,0.004502099996898323,4.004447999992408,57.553046590696646,57.553046590696646
Daganzo,TSP-line_noise-n40-g1000-1,1969.5953899214933,3135,0.004133000002184417,0.0020665000010922085,0.0020665000010922085,0.11296519997995347,-37.17399075210548,37.17399075210548
Daganzo,TSP-line_noise-n40-g10000-3,22093.65881876517,31605,0.0045148999997763894,0.0022574499998881947,0.0022574499998881947,0.3684576000086963,-30.094419178088376,30.094419178088376
Daganzo,TSP-line_noise-n300-g10000-5,62860.431115289044,38501,0.008232899999711663,0.004116449999855831,0.004116449999855831,3.848907000035979,63.26960628370444,63.26960628370444
Daganzo,TSP-line_noise-n40-g10000-5,15525.514726539664,28524,0.005127700002049096,0.002563850001024548,0.002563850001024548,0.5050877000321634,-45.57034523019329,45.57034523019329
Daganzo,TSP-line_noise-n300-g10000-3,56495.87686557311,39004,0.007915100002719555,0.0039575500013597775,0.0039575500013597775,3.4552785000414588,44.84636669462904,44.84636669462904
Daganzo,TSP-line_noise-n40-g10000-2,22515.565663780242,31602,0.003374300002178643,0.0016871500010893214,0.0016871500010893214,0.1959509000298567,-28.752719246312758,28.752719246312758
Daganzo,TSP-line_noise-n300-g10000-1,62057.01281724733,37771,0.008681400002387818,0.004340700001193909,0.004340700001193909,4.770957400032785,64.29804034112766,64.29804034112766
Daganzo,TSP-line_noise-n300-g1000-5,6485.237466739363,3708,0.011568200003239326,0.005784100001619663,0.005784100001619663,5.204167800024152,74.89852930796556,74.89852930796556
Daganzo,TSP-line_noise-n40-g1000-3,963.6877917666073,2096,0.0085456000015256,0.0042728000007628,0.0042728000007628,0.0839632999850437,-54.02252901876873,54.02252901876873
Daganzo,TSP-line_noise-n300-g10000-2,37234.53700235845,43857,0.011239899999054614,0.005619949999527307,0.005619949999527307,4.430159299983643,-15.100127682334751,15.100127682334751
Daganzo,TSP-line_noise-n40-g10000-4,15555.99300764821,25494,0.009241899999324232,0.004620949999662116,0.004620949999662116,0.8476260000024922,-38.98174861674037,38.98174861674037
Daganzo,TSP-line_noise-n300-g10000-4,61575.83129767716,37360,0.010888299999351148,0.005444149999675574,0.005444149999675574,4.147504599997774,64.8175355933543,64.8175355933543
Daganzo,TSP-line_noise-n40-g1000-4,2061.1376547916443,3069,0.008760899996559601,0.004380449998279801,0.004380449998279801,0.06592279998585582,-32.84008944960429,32.84008944960429
Daganzo,TSP-line_noise-n400-g1000-1,6825.7351252447515,4242,0.0092062999974587,0.00460314999872935,0.00460314999872935,7.6729078000062145,60.90841879407712,60.90841879407712
Daganzo,TSP-line_noise-n40-g10000-1,20753.432453644866,29953,0.004873300000326708,0.002436650000163354,0.002436650000163354,0.382908400031738,-30.713342724785946,30.713342724785946
Daganzo,TSP-line_noise-n40-g1000-5,934.7999999999998,2331,0.01188949999777833,0.005944749998889165,0.005944749998889165,0.15857450000476092,-59.8970398970399,59.8970398970399
Daganzo,TSP-line_noise-n400-g1000-3,6836.075374072466,4382,0.01060190000134753,0.005300950000673765,0.005300950000673765,6.108798699977342,56.00354573419594,56.00354573419594
Daganzo,TSP-line_noise-n400-g1000-5,7109.506514519837,4275,0.00826260000030743,0.004131300000153715,0.004131300000153715,5.128029600018635,66.3042459536804,66.3042459536804
Daganzo,TSP-line_noise-n40-g1000-2,2155.1096222698275,3091,0.007699699999648146,0.003849849999824073,0.003849849999824073,0.15971170004922897,-30.27791581139348,30.27791581139348
Daganzo,TSP-line_noise-n400-g1000-2,7147.936362335634,4093,0.009671200001321267,0.004835600000660634,0.004835600000660634,6.153651600005105,74.63807384157425,74.63807384157425
Daganzo,TSP-line_noise-n5-g1000-3,524.7406502263761,2650,0.003938499998184852,0.001969249999092426,0.001969249999092426,0.08850280003389344,-80.19846602919336,80.19846602919336
Daganzo,TSP-line_noise-n400-g10000-1,35267.64441297433,44494,0.006381999999575783,0.0031909999997878913,0.0031909999997878913,2.7327393000014126,-20.736179230965227,20.736179230965227
Daganzo,TSP-line_noise-n5-g1000-4,427.9975105067787,2759,0.008817699999781325,0.004408849999890663,0.004408849999890663,0.09917760000098497,-84.48722325093226,84.48722325093226
Daganzo,TSP-line_noise-n5-g1000-1,135.66718468369587,1691,0.011019800003850833,0.005509900001925416,0.005509900001925416,0.09858960000565276,-91.97710321208184,91.97710321208184
Daganzo,TSP-line_noise-n5-g1000-2,352.69829528933076,2297,0.008555000000342261,0.0042775000001711305,0.0042775000001711305,0.10854649997781962,-84.64526359210576,84.64526359210576
Daganzo,TSP-line_noise-n400-g1000-4,6712.15116635494,4339,0.010169500004849397,0.005084750002424698,0.005084750002424698,7.506071400013752,54.693504640584,54.693504640584
Daganzo,TSP-line_noise-n5-g10000-1,3224.406922210655,27070,0.006088900001486763,0.0030444500007433817,0.0030444500007433817,1.3772024000063539,-88.0886334606182,88.0886334606182
Daganzo,TSP-line_noise-n5-g1000-5,372.8601748645194,2387,0.004926600006001536,0.002463300003000768,0.002463300003000768,0.1223815000266768,-84.37954860224049,84.37954860224049
Daganzo,TSP-line_noise-n400-g10000-3,74210.91134125761,40923,0.009796599995752331,0.0048982999978761654,0.0048982999978761654,5.136573399999179,81.3427933955419,81.3427933955419
Daganzo,TSP-line_noise-n400-g10000-4,53105.633284238305,39773,0.009378999995533377,0.0046894999977666885,0.0046894999977666885,9.524631700012833,33.5218195364652,33.5218195364652
Daganzo,TSP-line_noise-n5-g10000-2,3059.7386833273854,26730,0.0041885000027832575,0.0020942500013916288,0.0020942500013916288,6.8248636000207625,-88.55316616787361,88.55316616787361
Daganzo,TSP-line_noise-n400-g10000-2,67042.80683294815,41943,0.012033400002110284,0.006016700001055142,0.006016700001055142,6.300679000036325,59.84265987875962,59.84265987875962
Daganzo,TSP-line_noise-n50-g1000-2,2492.731935046366,3197,0.007846500004234258,0.003923250002117129,0.003923250002117129,0.160065800009761,-22.02902924471799,22.02902924471799
Daganzo,TSP-line_noise-n5-g10000-4,1651.3936375831174,17607,0.008338799998455215,0.004169399999227608,0.004169399999227608,1.8684281999594532,-90.62081196351951,90.62081196351951
Daganzo,TSP-line_noise-n50-g10000-4,9766.639380820812,23882,0.004487099999096245,0.0022435499995481223,0.0022435499995481223,0.35295059997588396,-59.104600197551235,59.104600197551235
Daganzo,TSP-line_noise-n50-g1000-1,2285.284189110842,3175,0.0067383999994490296,0.0033691999997245148,0.0033691999997245148,0.08859070000471547,-28.02254522485537,28.02254522485537
Daganzo,TSP-line_noise-n400-g10000-5,69922.06518689217,39735,0.010412700001324993,0.005206350000662496,0.005206350000662496,3.580055699974764,75.97097064777192,75.97097064777192
Daganzo,TSP-line_noise-n5-g10000-5,4858.593369124441,24050,0.009995699998398777,0.0049978499991993885,0.0049978499991993885,0.891630099969916,-79.79794856912915,79.79794856912915
Daganzo,TSP-line_noise-n50-g10000-1,22523.08118580804,33183,0.007501899999624584,0.003750949999812292,0.003750949999812292,0.3583539000246674,-32.12463856249272,32.12463856249272
Daganzo,TSP-line_noise-n5-g10000-3,5928.816167372706,28094,0.010253100001136772,0.005126550000568386,0.005126550000568386,2.5694832999724895,-78.89650399596815,78.89650399596815
Daganzo,TSP-line_noise-n50-g1000-3,2436.7083329770917,3245,0.014051599995582364,0.007025799997791182,0.007025799997791182,0.2650196999893524,-24.90883411472753,24.90883411472753
Daganzo,TSP-line_noise-n50-g1000-5,2344.9802771025597,3211,0.010034299994003959,0.0050171499970019795,0.0050171499970019795,0.0812335999798961,-26.970405571393343,26.970405571393343
Daganzo,TSP-line_noise-n50-g10000-5,24213.18940329836,32406,0.011145000004034955,0.0055725000020174775,0.0055725000020174775,0.5722340999636799,-25.281770649576135,25.281770649576135
Daganzo,TSP-line_noise-n500-g1000-3,8284.102407623894,4317,0.011675499998091254,0.005837749999045627,0.005837749999045627,4.864058099978138,91.89489014648815,91.89489014648815
Daganzo,TSP-line_noise-n50-g1000-4,2389.2520775338885,3168,0.017283299996051937,0.008641649998025969,0.008641649998025969,0.09449390001827851,-24.58168947178382,24.58168947178382
Daganzo,TSP-line_noise-n50-g10000-2,10425.702404754316,21675,0.01465499999903841,0.007327499999519205,0.007327499999519205,0.6534516999963671,-51.899873565147324,51.899873565147324
Daganzo,TSP-line_noise-n500-g1000-2,7196.010144517585,4844,0.009950500003469642,0.004975250001734821,0.004975250001734821,4.558396200009156,48.55512271919045,48.55512271919045
Daganzo,TSP-line_noise-n500-g1000-1,4362.790574850002,4954,0.014802899997448549,0.007401449998724274,0.007401449998724274,5.399986100033857,-11.93398112939036,11.93398112939036
Daganzo,TSP-line_noise-n500-g10000-5,83840.39300957504,41299,0.006302100002358202,0.003151050001179101,0.003151050001179101,7.745369500014931,103.008288359464,103.008288359464
Daganzo,TSP-line_noise-n50-g10000-3,24992.403845968875,31599,0.01437889999942854,0.00718944999971427,0.00718944999971427,0.3555882999789901,-20.90761148780381,20.90761148780381
Daganzo,TSP-line_noise-n60-g1000-5,2637.056195646956,3309,0.004308599993237294,0.002154299996618647,0.002154299996618647,0.18992749997414649,-20.30655195989858,20.30655195989858
Daganzo,TSP-line_noise-n60-g1000-3,2469.554190537231,3226,0.006129900000814814,0.003064950000407407,0.003064950000407407,1.4340310999541543,-23.44841318855452,23.44841318855452
Daganzo,TSP-line_noise-n500-g1000-4,7735.196125503219,4692,0.01617409999744268,0.00808704999872134,0.00808704999872134,5.222816299996339,64.85925246170544,64.85925246170544
Daganzo,TSP-line_noise-n500-g10000-1,77346.13314510298,42695,0.013724999997066334,0.006862499998533167,0.006862499998533167,7.234000599943101,81.15969819675134,81.15969819675134
Daganzo,TSP-line_noise-n500-g10000-3,61089.692494724506,50604,0.010698799997044262,0.005349399998522131,0.005349399998522131,4.054906699981075,20.721074410569333,20.721074410569333
Daganzo,TSP-line_noise-n60-g1000-1,2418.8794709534413,3190,0.013295699995069299,0.0066478499975346494,0.0066478499975346494,0.7722540999529883,-24.173057336882717,24.173057336882717
Daganzo,TSP-line_noise-n500-g10000-4,41595.00454111045,46660,0.008429399997112341,0.004214699998556171,0.004214699998556171,4.856502200011164,-10.855112427967315,10.855112427967315
Daganzo,TSP-line_noise-n500-g10000-2,80643.86308269217,40204,0.014891799997712951,0.007445899998856476,0.007445899998856476,6.720261800044682,100.58666571160127,100.58666571160127
Daganzo,TSP-line_noise-n60-g10000-2,24876.249513220435,32588,0.008450399996945634,0.004225199998472817,0.004225199998472817,0.7518795999931172,-23.664387157173085,23.664387157173085
Daganzo,TSP-line_noise-n60-g10000-3,27187.338703962912,32624,0.006766499995137565,0.0033832499975687824,0.0033832499975687824,0.36640780000016093,-16.664606719093573,16.664606719093573
Daganzo,TSP-line_noise-n60-g1000-2,2705.5492972777265,3219,0.015055700001539662,0.007527850000769831,0.007527850000769831,1.6379668000154197,-15.95062760864472,15.95062760864472
Daganzo,TSP-line_noise-n60-g1000-4,1104.4755728398884,2300,0.011723700001311954,0.005861850000655977,0.005861850000655977,0.06097860005684197,-51.979322920004854,51.979322920004854
Daganzo,TSP-line_noise-n500-g1000-5,7547.653444945654,4637,0.019849700001941528,0.009924850000970764,0.009924850000970764,9.103967800037935,62.77018427745642,62.77018427745642
Daganzo,TSP-line_noise-n60-g10000-1,25852.04369623415,32647,0.017354100004013162,0.008677050002006581,0.008677050002006581,0.8800307000055909,-20.81341717084526,20.81341717084526
Daganzo,TSP-line_noise-n60-g10000-5,13221.622616040739,22841,0.008574299994506873,0.004287149997253437,0.004287149997253437,0.6698989999713376,-42.11451943417215,42.11451943417215
Daganzo,TSP-line_noise-n70-g1000-1,2659.52495758171,3186,0.009367200000269804,0.004683600000134902,0.004683600000134902,1.7632248000008985,-16.524640377221903,16.524640377221903
Daganzo,TSP-line_noise-n600-g1000-1,5779.48800933093,6222,0.009984500000427943,0.004992250000213971,0.004992250000213971,10.337055499956477,-7.112053851961905,7.112053851961905
Daganzo,TSP-line_noise-n600-g1000-3,4780.359975985072,5911,0.015193600003840402,0.007596800001920201,0.007596800001920201,20.71598149999045,-19.12772837108658,19.12772837108658
Daganzo,TSP-line_noise-n60-g10000-4,15107.347894882148,28044,0.01827890000276966,0.00913945000138483,0.00913945000138483,1.6861372999846935,-46.129839199535915,46.129839199535915
Daganzo,TSP-line_noise-n70-g1000-2,2867.845832414985,3398,0.009288799999922048,0.004644399999961024,0.004644399999961024,1.491798699949868,-15.601947250883311,15.601947250883311
Daganzo,TSP-line_noise-n600-g10000-2,90106.0314292556,44975,0.014172700000926852,0.007086350000463426,0.007086350000463426,7.693786500021815,100.34692924792796,100.34692924792796
Daganzo,TSP-line_noise-n70-g1000-3,1369.4272242437712,2461,0.012677699996856973,0.006338849998428486,0.006338849998428486,0.5055124000064097,-44.354846637798815,44.354846637798815
Daganzo,TSP-line_noise-n600-g1000-2,7609.3078627428395,5498,0.01798949999647448,0.00899474999823724,0.00899474999823724,13.52973509998992,38.40137982435139,38.40137982435139
Daganzo,TSP-line_noise-n600-g10000-5,84421.02877624743,47020,0.01140980000491254,0.00570490000245627,0.00570490000245627,12.37861980003072,79.5428089669235,79.5428089669235
Daganzo,TSP-line_noise-n600-g1000-4,8195.914227223217,5154,0.01082989999849815,0.005414949999249075,0.005414949999249075,8.381685899978038,59.020454544493916,59.020454544493916
Daganzo,TSP-line_noise-n600-g10000-1,76692.7647790846,50254,0.018510999994759914,0.009255499997379957,0.009255499997379957,8.210245100024622,52.610269389669675,52.610269389669675
Daganzo,TSP-line_noise-n70-g1000-4,2739.5601836791243,3160,0.010279299996909685,0.005139649998454843,0.005139649998454843,0.1949113000300713,-13.305057478508726,13.305057478508726
Daganzo,TSP-line_noise-n70-g1000-5,2939.5129900206257,3341,0.0070763000039733015,0.0035381500019866508,0.0035381500019866508,0.37805280002066866,-12.016971265470646,12.016971265470646
Daganzo,TSP-line_noise-n70-g10000-1,27191.426574106034,32130,0.007247900000947993,0.0036239500004739966,0.0036239500004739966,0.8254399999859743,-15.370598897895944,15.370598897895944
Daganzo,TSP-line_noise-n70-g10000-3,13016.794176697267,26093,0.009031200002937112,0.004515600001468556,0.004515600001468556,1.5671040000161156,-50.11384594834911,50.11384594834911
Daganzo,TSP-line_noise-n600-g10000-4,59067.73342528051,52339,0.015311399998608977,0.007655699999304488,0.007655699999304488,6.83521109999856,12.856060347504744,12.856060347504744
Daganzo,TSP-line_noise-n70-g10000-2,22839.98819548732,32008,0.0076187000013305806,0.0038093500006652903,0.0038093500006652903,1.8043891999986954,-28.642876170059612,28.642876170059612
Daganzo,TSP-line_noise-n70-g10000-5,26709.984211676347,31929,0.0066643999962252565,0.0033321999981126282,0.0033321999981126282,0.4456309999804944,-16.345691341174646,16.345691341174646
Daganzo,TSP-line_noise-n70-g10000-4,29808.002799139358,33064,0.01018389999808278,0.00509194999904139,0.00509194999904139,0.22081799997249618,-9.847559886464559,9.847559886464559
Daganzo,TSP-line_noise-n600-g1000-5,7612.554330840601,5217,0.017043699997884687,0.008521849998942344,0.008521849998942344,9.14870229997905,45.918235208752186,45.918235208752186
Daganzo,TSP-line_noise-n600-g10000-3,82062.1855668005,47109,0.018696799997997005,0.009348399998998502,0.009348399998998502,4.125985699996818,74.1964074100501,74.1964074100501
Daganzo,TSP-line_noise-n700-g1000-1,9363.818019376497,5250,0.019386499996471684,0.009693249998235842,0.009693249998235842,11.70760419999715,78.35843846431422,78.35843846431422
Daganzo,TSP-line_noise-n8-g1000-4,694.6586047836736,2791,0.005106899996462744,0.002553449998231372,0.002553449998231372,0.0804704999900423,-75.11076299592713,75.11076299592713
Daganzo,TSP-line_noise-n8-g1000-5,811.4462022833061,2926,0.009143499999481719,0.0045717499997408595,0.0045717499997408595,0.091148899984546,-72.26773061232721,72.26773061232721
Daganzo,TSP-line_noise-n700-g1000-2,8855.598037117537,5554,0.015458400004717987,0.0077292000023589935,0.0077292000023589935,7.629846700001508,59.445409382742845,59.445409382742845
Daganzo,TSP-line_noise-n700-g1000-3,9685.16217468763,4953,0.019044499997107778,0.009522249998553889,0.009522249998553889,12.313857899978757,95.5413320146907,95.5413320146907
Daganzo,TSP-line_noise-n8-g10000-1,3092.271591629687,22445,0.005671899998560548,0.002835949999280274,0.002835949999280274,1.07303770002909,-86.22289333201297,86.22289333201297
Daganzo,TSP-line_noise-n8-g10000-3,6473.699361323476,21003,0.006906700000399724,0.003453350000199862,0.003453350000199862,0.7291148999938741,-69.17726343225502,69.17726343225502
Daganzo,TSP-line_noise-n8-g1000-3,823.9826629244087,2848,0.004881900000327732,0.002440950000163866,0.002440950000163866,0.08253690000856295,-71.0680244759688,71.0680244759688
Daganzo,TSP-line_noise-n8-g10000-5,5762.817832623203,24718,0.005763299996033311,0.0028816499980166554,0.0028816499980166554,0.9251907999860123,-76.68574386025082,76.68574386025082
Daganzo,TSP-line_noise-n700-g10000-3,97235.13987818394,45815,0.009561299993947614,0.004780649996973807,0.004780649996973807,10.93676949996734,112.23428981378139,112.23428981378139
Daganzo,TSP-line_noise-n700-g1000-4,6077.471138146194,6148,0.01817260000098031,0.009086300000490155,0.009086300000490155,9.766425499983598,-1.147183829762624,1.147183829762624
Daganzo,TSP-line_noise-n700-g10000-4,98908.5509447995,45250,0.012009400001261383,0.006004700000630692,0.006004700000630692,16.24251180002466,118.58243302718121,118.58243302718121
Daganzo,TSP-line_noise-n700-g10000-5,87311.23434106287,48945,0.015758600005938206,0.007879300002969103,0.007879300002969103,8.308387500001118,78.38642219034196,78.38642219034196
Daganzo,TSP-line_noise-n8-g1000-2,822.8557589274077,2894,0.009313000002293848,0.004656500001146924,0.004656500001146924,0.12341449997620657,-71.5668362499168,71.5668362499168
Daganzo,TSP-line_noise-n8-g1000-1,414.4491910958447,2212,0.006005199997161981,0.0030025999985809904,0.0030025999985809904,0.08938299998408183,-81.26359895588405,81.26359895588405
Daganzo,TSP-line_noise-n700-g10000-1,95907.70015619182,46256,0.01414719999593217,0.007073599997966085,0.007073599997966085,7.111163099994883,107.34110203258349,107.34110203258349
Daganzo,TSP-line_noise-n8-g10000-2,6391.755330455006,24508,0.01534189999802038,0.00767094999901019,0.00767094999901019,1.6604499000241049,-73.91971874304306,73.91971874304306
Daganzo,TSP-line_noise-n8-g10000-4,5499.499780561863,26291,0.006539699999848381,0.0032698499999241903,0.0032698499999241903,1.3732047999510542,-79.08219626274443,79.08219626274443
Daganzo,TSP-line_noise-n700-g1000-5,5028.723040196189,5946,0.011854399999720044,0.005927199999860022,0.005927199999860022,7.781146200024523,-15.426790444060062,15.426790444060062
Daganzo,TSP-line_noise-n700-g10000-2,89669.16588370831,50143,0.019506700002239086,0.009753350001119543,0.009753350001119543,13.898695099982433,78.82688687096565,78.82688687096565
Daganzo,TSP-line_noise-n80-g10000-3,26351.589852682515,29848,0.00815409999631811,0.004077049998159055,0.004077049998159055,0.9727469999925233,-11.71405168626871,11.71405168626871
Daganzo,TSP-line_noise-n80-g10000-2,29034.60962224221,33242,0.0073019999981625006,0.0036509999990812503,0.0036509999990812503,1.063296900014393,-12.656850904752392,12.656850904752392
Daganzo,TSP-line_noise-n80-g1000-1,3011.069981916727,3282,0.01539319999574218,0.00769659999787109,0.00769659999787109,0.25818669999716803,-8.255027973286804,8.255027973286804
Daganzo,TSP-line_noise-n80-g10000-5,14954.642794129184,29035,0.011032399997930042,0.005516199998965021,0.005516199998965021,1.1700560000026599,-48.494428124232186,48.494428124232186
Daganzo,TSP-line_noise-n80-g1000-5,2328.476162643715,3112,0.014292300002125558,0.007146150001062779,0.007146150001062779,0.1451355000026524,-25.17750120039477,25.17750120039477
Daganzo,TSP-line_noise-n80-g1000-4,3115.4596116785083,3360,0.010417600002256222,0.005208800001128111,0.005208800001128111,1.092907100042794,-7.2779877476634445,7.2779877476634445
Daganzo,TSP-line_noise-n80-g10000-1,14233.521119807283,24267,0.013550600000598934,0.006775300000299467,0.006775300000299467,3.1960871999617666,-41.34618568505673,41.34618568505673
Daganzo,TSP-line_noise-n80-g1000-2,2795.0768196956587,3262,0.016753300005802885,0.008376650002901442,0.008376650002901442,0.6281069999677129,-14.314015337349517,14.314015337349517
Daganzo,TSP-line_noise-n80-g10000-4,31199.36537816114,31798,0.018227699998533353,0.009113849999266677,0.009113849999266677,0.5696435000281781,-1.8826172144124182,1.8826172144124182
Daganzo,TSP-line_noise-n80-g1000-3,3156.668028158805,3254,0.012538699993456248,0.006269349996728124,0.006269349996728124,0.21894509997218847,-2.9911484892807283,2.9911484892807283
Daganzo,TSP-line_noise-n800-g1000-5,9419.063303747353,5950,0.012547299993457273,0.006273649996728636,0.006273649996728636,16.351178300043102,58.3035849369303,58.3035849369303
Daganzo,TSP-line_noise-n800-g10000-2,62455.62595635401,70959,0.016477400000439957,0.008238700000219978,0.008238700000219978,6.932110099995043,-11.983503211214916,11.983503211214916
Daganzo,TSP-line_noise-n90-g1000-1,3271.0069683508773,3259,0.0072472000028938055,0.0036236000014469028,0.0036236000014469028,1.4284902000217699,0.36842492638469737,0.36842492638469737
Daganzo,TSP-line_noise-n800-g1000-3,9044.79189810357,6314,0.01950550000037765,0.009752750000188826,0.009752750000188826,20.711412400007248,43.24979249451329,43.24979249451329
Daganzo,TSP-line_noise-n90-g1000-4,2809.8167200015023,3320,0.006175299997266848,0.003087649998633424,0.003087649998633424,1.1694689999567345,-15.366966265014991,15.366966265014991
Daganzo,TSP-line_noise-n90-g1000-3,3392.1073069701083,3372,0.011852700001327321,0.0059263500006636605,0.0059263500006636605,0.25822119996882975,0.5963021046888586,0.5963021046888586
Daganzo,TSP-line_noise-n800-g1000-4,10444.739475927581,5100,0.016997799997625407,0.008498899998812703,0.008498899998812703,29.788645900029223,104.798813253482,104.798813253482
Daganzo,TSP-line_noise-n90-g10000-5,28744.601542376615,31583,0.005263500002911314,0.002631750001455657,0.002631750001455657,1.276886499952525,-8.987108436891319,8.987108436891319
Daganzo,TSP-line_noise-n90-g10000-2,28944.00549556851,33492,0.007325999999011401,0.0036629999995057005,0.0036629999995057005,1.1277326999697834,-13.579345827157209,13.579345827157209
Daganzo,TSP-line_noise-n800-g10000-1,103709.74550041089,47711,0.024635699999635108,0.012317849999817554,0.012317849999817554,14.519427600025665,117.37072268535744,117.37072268535744
Daganzo,TSP-line_noise-n90-g1000-2,3313.1134161087816,3224,0.011699700000463054,0.005849850000231527,0.005849850000231527,0.2745590000413358,2.7640637750862784,2.7640637750862784
Daganzo,TSP-line_noise-n800-g1000-1,6110.857259010391,6968,0.030767500000365544,0.015383750000182772,0.015383750000182772,15.473641899996437,-12.301130037164304,12.301130037164304
Daganzo,TSP-line_noise-n800-g10000-5,71308.12905580961,60616,0.014222799996787217,0.007111399998393608,0.007111399998393608,15.078985700034536,17.639120126385126,17.639120126385126
Daganzo,TSP-line_noise-n800-g10000-3,102587.72906619972,48573,0.021901899999647867,0.010950949999823933,0.010950949999823933,15.851468199980445,111.20319738578989,111.20319738578989
Daganzo,TSP-line_noise-n90-g10000-3,30528.43536990554,33531,0.0169778999988921,0.00848894999944605,0.00848894999944605,1.219951500010211,-8.954593152886764,8.954593152886764
Daganzo,TSP-line_noise-n800-g10000-4,61579.31363696741,67801,0.031865800003288314,0.015932900001644157,0.015932900001644157,5.459234500012826,-9.176393214012462,9.176393214012462
Daganzo,TSP-line_noise-n90-g1000-5,3212.001840752897,3270,0.011563699998077936,0.005781849999038968,0.005781849999038968,0.3904834999702871,-1.7736440136728777,1.7736440136728777
Daganzo,TSP-line_noise-n90-g10000-1,33905.89793826437,32853,0.014866799996525515,0.0074333999982627574,0.0074333999982627574,0.3434183999779634,3.204876079092827,3.204876079092827
Daganzo,TSP-line_noise-n900-g1000-2,10624.647101904138,5834,0.021320900006685406,0.010660450003342703,0.010660450003342703,9.920081200019922,82.11599420473325,82.11599420473325
Daganzo,TSP-line_noise-n900-g1000-1,5803.6931435940005,6719,0.019165500001690816,0.009582750000845408,0.009582750000845408,51.92699680000078,-13.622664926417613,13.622664926417613
Daganzo,TSP-line_noise-n800-g1000-2,10594.403407459995,5077,0.031355099999927916,0.015677549999963958,0.015677549999963958,34.633051500015426,108.6744811396493,108.6744811396493
Daganzo,TSP-line_noise-n90-g10000-4,28932.84172650519,31805,0.019654499999887776,0.009827249999943888,0.009827249999943888,0.6601830000290647,-9.030524362505297,9.030524362505297
Daganzo,TSP-normal-n10-g1000-2,719.3966816020212,1725,0.00843650000024354,0.00421825000012177,0.00421825000012177,0.22163930001261178,-58.29584454481036,58.29584454481036
Daganzo,TSP-line_noise-n900-g1000-5,6004.438006175097,5860,0.013397000002441928,0.006698500001220964,0.006698500001220964,18.306119600019883,2.4648123920665044,2.4648123920665044
Daganzo,TSP-line_noise-n900-g10000-1,114476.6138060521,48182,0.018108199998096097,0.009054099999048049,0.009054099999048049,23.48611030000029,137.59207547642708,137.59207547642708
Daganzo,TSP-line_noise-n900-g10000-5,103776.0102335795,52602,0.012387200004013721,0.0061936000020068604,0.0061936000020068604,8.514512499968987,97.28529377890479,97.28529377890479
Daganzo,TSP-normal-n10-g10000-2,5320.3135586166345,13553,0.0034167999983765185,0.0017083999991882592,0.0017083999991882592,0.03860869999334682,-60.74438457451018,60.74438457451018
Daganzo,TSP-line_noise-n900-g1000-4,10194.612138772129,5990,0.017179299997224007,0.008589649998612003,0.008589649998612003,14.459175299969502,70.193858744109,70.193858744109
Daganzo,TSP-normal-n10-g10000-4,6595.580811876995,18893,0.005805699998745695,0.0029028499993728474,0.0029028499993728474,0.0539128999953391,-65.0898173298206,65.0898173298206
Daganzo,TSP-line_noise-n900-g1000-3,6714.8044323718,6156,0.022814800002379343,0.011407400001189671,0.011407400001189671,13.94544479995966,9.077394937813523,9.077394937813523
Daganzo,TSP-normal-n10-g1000-4,616.0352627893958,1414,0.008191599998099264,0.004095799999049632,0.004095799999049632,0.09682239999528974,-56.43314973200878,56.43314973200878
Daganzo,TSP-normal-n10-g10000-1,6366.384963501658,15502,0.009759000000485685,0.004879500000242842,0.004879500000242842,0.04032240000378806,-58.931847738990726,58.931847738990726
Daganzo,TSP-normal-n10-g1000-5,927.9400427829374,2295,0.007286699998076074,0.003643349999038037,0.003643349999038037,0.3092878000024939,-59.566882667410134,59.566882667410134
Daganzo,TSP-line_noise-n900-g10000-3,105717.18991781797,52911,0.014395300000614952,0.007197650000307476,0.007197650000307476,17.803887100017164,99.80191249044239,99.80191249044239
Daganzo,TSP-normal-n10-g1000-3,772.7968264686391,1826,0.009779899999557529,0.004889949999778764,0.004889949999778764,0.4622107000031974,-57.67815846283465,57.67815846283465
Daganzo,TSP-normal-n100-g1000-3,4204.946829628169,6267,0.006681200000457466,0.003340600000228733,0.003340600000228733,0.2873156999994535,-32.90335360414601,32.90335360414601
Daganzo,TSP-normal-n100-g1000-1,4079.7170140832072,5922,0.006261499998799991,0.0031307499993999954,0.0031307499993999954,0.3882884000049671,-31.10913518940886,31.10913518940886
Daganzo,TSP-normal-n100-g1000-2,4055.6471351684427,5934,0.007290800000191666,0.003645400000095833,0.003645400000095833,0.3067337999964366,-31.65407591559753,31.65407591559753
Daganzo,TSP-normal-n100-g1000-4,4036.372807360588,5712,0.008220099996833596,0.004110049998416798,0.004110049998416798,0.5022791999945184,-29.335209955171777,29.335209955171777
Daganzo,TSP-line_noise-n900-g10000-2,58119.31663711299,68595,0.021902899999986403,0.010951449999993201,0.010951449999993201,6.014943999995012,-15.271788560225977,15.271788560225977
Daganzo,TSP-normal-n100-g10000-2,39099.6511721652,55767,0.012486800005717669,0.006243400002858834,0.006243400002858834,0.2106460000068182,-29.887476155853467,29.887476155853467
Daganzo,TSP-normal-n10-g10000-5,6500.248236067603,16328,0.013756899999862071,0.0068784499999310356,0.0068784499999310356,0.041454399994108826,-60.189562493461516,60.189562493461516
Daganzo,TSP-line_noise-n900-g10000-4,106249.57819106858,54372,0.026100700000824872,0.013050350000412436,0.013050350000412436,3.147703199996613,95.41230447853412,95.41230447853412
Daganzo,TSP-normal-n10-g10000-3,5182.250696608569,12592,0.0179744999986724,0.0089872499993362,0.0089872499993362,0.08179120000568219,-58.84489599262572,58.84489599262572
Daganzo,TSP-normal-n100-g10000-4,37922.62197521421,55631,0.01130130000092322,0.00565065000046161,0.00565065000046161,0.46938670000236016,-31.8318527885276,31.8318527885276
Daganzo,TSP-normal-n10-g1000-1,538.4448815802783,1391,0.02839480000693584,0.01419740000346792,0.01419740000346792,0.42171830000006594,-61.29080650033944,61.29080650033944
Daganzo,TSP-normal-n100-g10000-5,40284.705541185234,56177,0.009793099998205435,0.004896549999102717,0.004896549999102717,0.3129428999964148,-28.289681646963643,28.289681646963643
Daganzo,TSP-normal-n100-g1000-5,3501.9159727212186,4925,0.014612300001317635,0.007306150000658818,0.007306150000658818,0.26402539999980945,-28.89510715286866,28.89510715286866
Daganzo,TSP-normal-n1000-g1000-1,15586.837341167064,17225,0.01924480000161566,0.00962240000080783,0.00962240000080783,15.173178299999563,-9.5103782805976,9.5103782805976
Daganzo,TSP-normal-n100-g10000-1,39759.7744188143,58587,0.01976200000353856,0.00988100000176928,0.00988100000176928,0.40119920000142884,-32.13550033486218,32.13550033486218
Daganzo,TSP-normal-n20-g1000-1,1216.504731186854,2489,0.009846499997365754,0.004923249998682877,0.004923249998682877,0.2674762999959057,-51.12475969518465,51.12475969518465
Daganzo,TSP-normal-n20-g1000-2,1189.262348264671,2258,0.00818759999674512,0.00409379999837256,0.00409379999837256,0.11164119999739341,-47.331162610067715,47.331162610067715
Daganzo,TSP-normal-n1000-g1000-3,15389.910277516241,17980,0.016091400000732392,0.008045700000366196,0.008045700000366196,11.482060599999386,-14.405393339731695,14.405393339731695
Daganzo,TSP-normal-n1000-g1000-5,15910.567554301762,18070,0.018149100003938656,0.009074550001969328,0.009074550001969328,7.670901399993454,-11.950373246808176,11.950373246808176
Daganzo,TSP-normal-n20-g1000-5,1007.6706917440836,1958,0.004778299997269642,0.002389149998634821,0.002389149998634821,0.260193199996138,-48.53571543697224,48.53571543697224
Daganzo,TSP-normal-n1000-g10000-1,159760.29968628,181880,0.00889889999962179,0.004449449999810895,0.004449449999810895,12.874840300006326,-12.16170019447988,12.16170019447988
Daganzo,TSP-normal-n1000-g1000-2,15570.24670324783,17952,0.021653199997672345,0.010826599998836173,0.010826599998836173,124.55442600000242,-13.267342339305754,13.267342339305754
Daganzo,TSP-normal-n1000-g10000-2,156375.20338547922,177384,0.027411099996243138,0.013705549998121569,0.013705549998121569,403.48446769997827,-11.84368185096783,11.84368185096783
Daganzo,TSP-normal-n1000-g1000-4,15844.31348938792,18507,0.018824300001142547,0.009412150000571273,0.009412150000571273,16.51826450000226,-14.387456155033664,14.387456155033664
Daganzo,TSP-normal-n20-g1000-4,1131.2769766949204,2287,0.015736900000774767,0.007868450000387384,0.007868450000387384,0.11200259999895934,-50.5344566377385,50.5344566377385
Daganzo,TSP-normal-n1000-g10000-4,156220.15123488387,180381,0.020978200001991354,0.010489100000995677,0.010489100000995677,157.87843359998078,-13.394342400317177,13.394342400317177
Daganzo,TSP-normal-n100-g10000-3,41540.194724447305,59777,0.01109359999827575,0.005546799999137875,0.005546799999137875,0.7494975000008708,-30.50806376290663,30.50806376290663
Daganzo,TSP-normal-n200-g1000-3,6691.523248110254,8691,0.0066537999955471605,0.0033268999977735803,0.0033268999977735803,1.765908400004264,-23.006291012423727,23.006291012423727
Daganzo,TSP-normal-n1000-g10000-3,159895.80778979164,183242,0.01644500000111293,0.008222500000556465,0.008222500000556465,19.90178860000742,-12.740633812231017,12.740633812231017
Daganzo,TSP-normal-n20-g10000-1,10588.793516543798,21298,0.013960599993879441,0.006980299996939721,0.006980299996939721,0.05145440000342205,-50.28268609003758,50.28268609003758
Daganzo,TSP-normal-n20-g10000-4,13280.683805248882,25866,0.007803399996191729,0.0039016999980958644,0.0039016999980958644,0.07278170000063255,-48.655826934010356,48.655826934010356
Daganzo,TSP-normal-n200-g1000-2,5907.7110973709605,7692,0.009907599996950012,0.004953799998475006,0.004953799998475006,1.8592062999960035,-23.196683601521574,23.196683601521574
Daganzo,TSP-normal-n20-g10000-3,10078.348258420127,19809,0.012678700004471466,0.006339350002235733,0.006339350002235733,0.09427990000403952,-49.12237741218574,49.12237741218574
Daganzo,TSP-normal-n200-g1000-4,6657.607320201455,8396,0.005842499995196704,0.002921249997598352,0.002921249997598352,0.888798100000713,-20.7050104787821,20.7050104787821
Daganzo,TSP-normal-n200-g1000-1,5958.588724689765,7863,0.009267900000850204,0.004633950000425102,0.004633950000425102,0.703337900005863,-24.21990684611771,24.21990684611771
Daganzo,TSP-normal-n20-g1000-3,1258.2031831147146,2562,0.010615699997288175,0.0053078499986440875,0.0053078499986440875,0.41137699999671895,-50.88980549903533,50.88980549903533
Daganzo,TSP-normal-n20-g10000-2,10079.515346830918,20051,0.01232700000400655,0.006163500002003275,0.006163500002003275,0.04734580000513233,-49.73061020981039,49.73061020981039
Daganzo,TSP-normal-n20-g10000-5,12763.101004340597,26410,0.010378200000559445,0.005189100000279723,0.005189100000279723,0.11478059999353718,-51.673226034302935,51.673226034302935
Daganzo,TSP-normal-n200-g10000-2,62406.48689887934,79426,0.004918000006000511,0.0024590000030002557,0.0024590000030002557,3.170084699988365,-21.428138268477152,21.428138268477152
Daganzo,TSP-normal-n1000-g10000-5,149879.32847827947,172250,0.022584700003790203,0.011292350001895102,0.011292350001895102,11.887558999995235,-12.987327443669397,12.987327443669397
Daganzo,TSP-normal-n200-g10000-1,59595.6352128241,80738,0.005085400000098161,0.0025427000000490807,0.0025427000000490807,1.1923419000086142,-26.186386567881176,26.186386567881176
Daganzo,TSP-normal-n30-g1000-3,1600.4403320648976,2846,0.007985199998074677,0.003992599999037338,0.003992599999037338,0.08830409999063704,-43.765272942203175,43.765272942203175
Daganzo,TSP-normal-n200-g10000-5,60933.7448878698,81601,0.011541799998667557,0.005770899999333778,0.005770899999333778,2.3244549999944866,-25.327208137314745,25.327208137314745
Daganzo,TSP-normal-n200-g10000-4,62295.82910837611,78691,0.011065200000302866,0.005532600000151433,0.005532600000151433,2.373877399993944,-20.834874244353095,20.834874244353095
Daganzo,TSP-normal-n30-g1000-4,1906.702398383135,3423,0.006839699999545701,0.0034198499997728504,0.0034198499997728504,0.07966210000449792,-44.29732987487189,44.29732987487189
Daganzo,TSP-normal-n200-g1000-5,5894.720527726483,7731,0.009207399998558685,0.004603699999279343,0.004603699999279343,1.0683924999902956,-23.75215977588303,23.75215977588303
Daganzo,TSP-normal-n30-g1000-1,1597.2855447602349,2882,0.015473499996005557,0.007736749998002779,0.007736749998002779,0.13309980000485666,-44.57718442886069,44.57718442886069
Daganzo,TSP-normal-n30-g1000-5,1947.9156849052783,3512,0.008068999995884951,0.004034499997942476,0.004034499997942476,0.07404819999646861,-44.53543038424606,44.53543038424606
Daganzo,TSP-normal-n300-g1000-5,8035.183677738799,10302,0.007001899997703731,0.0035009499988518655,0.0035009499988518655,2.172930800006725,-22.0036529048845,22.0036529048845
Daganzo,TSP-normal-n30-g1000-2,1791.2226193301597,3334,0.011939099997107405,0.005969549998553703,0.005969549998553703,0.0881272000115132,-46.27406660677386,46.27406660677386
Daganzo,TSP-normal-n30-g10000-2,13426.44425354308,23176,0.009633200003008824,0.004816600001504412,0.004816600001504412,0.06597199999669101,-42.06746525050448,42.06746525050448
Daganzo,TSP-normal-n200-g10000-3,59329.68509666977,78801,0.016924099996685982,0.008462049998342991,0.008462049998342991,1.6053994999965653,-24.709476914417625,24.709476914417625
Daganzo,TSP-normal-n300-g1000-2,7790.8689698261505,9885,0.014352999998664018,0.007176499999332009,0.007176499999332009,1.661686399995233,-21.18493707813707,21.18493707813707
Daganzo,TSP-normal-n30-g10000-5,14405.97988742869,25634,0.010469600005308166,0.005234800002654083,0.005234800002654083,0.04102009999041911,-43.801279989745304,43.801279989745304
Daganzo,TSP-normal-n30-g10000-4,17890.418755831288,32625,0.011268599999311846,0.005634299999655923,0.005634299999655923,0.06995940000342671,-45.16346741507651,45.16346741507651
Daganzo,TSP-normal-n30-g10000-1,17511.36936281683,31191,0.010509899999306072,0.005254949999653036,0.005254949999653036,0.0482044000091264,-43.85762122786435,43.85762122786435
Daganzo,TSP-normal-n30-g10000-3,14614.036738064537,26166,0.007867200001783203,0.003933600000891602,0.003933600000891602,0.04836439999053255,-44.14875510943768,44.14875510943768
Daganzo,TSP-normal-n300-g10000-1,75760.5029128635,96936,0.006357999998726882,0.003178999999363441,0.003178999999363441,6.655078499999945,-21.84482244690981,21.84482244690981
Daganzo,TSP-normal-n300-g1000-4,7996.068001836901,10095,0.01334359999600565,0.006671799998002825,0.006671799998002825,1.2414698999928078,-20.79179790156611,20.79179790156611
Daganzo,TSP-normal-n300-g10000-5,82842.48440884662,104753,0.011524300003657117,0.005762150001828559,0.005762150001828559,2.0307541999936802,-20.916360954963945,20.916360954963945
Daganzo,TSP-normal-n300-g10000-2,78761.03854835205,104592,0.013332599999557715,0.0066662999997788575,0.0066662999997788575,6.159889999995357,-24.696880690347207,24.696880690347207
Daganzo,TSP-normal-n40-g1000-3,2205.217956574814,3836,0.0033723000015015714,0.0016861500007507857,0.0016861500007507857,0.1753612000029534,-42.51256630409766,42.51256630409766
Daganzo,TSP-normal-n300-g10000-3,81796.78902573133,102031,0.011336800002027303,0.0056684000010136515,0.0056684000010136515,2.0054638000001432,-19.83143453878593,19.83143453878593
Daganzo,TSP-normal-n300-g1000-3,7586.688223131355,9380,0.01156240000273101,0.005781200001365505,0.005781200001365505,1.4728497000032803,-19.118462439964233,19.118462439964233
Daganzo,TSP-normal-n40-g10000-1,19755.09549134096,33003,0.005950799997663125,0.0029753999988315627,0.0029753999988315627,0.09574059999431483,-40.14151594903203,40.14151594903203
Daganzo,TSP-normal-n40-g1000-1,2184.4464516210965,3837,0.00876579999749083,0.004382899998745415,0.004382899998745415,0.09924959999625571,-43.06889623088099,43.06889623088099
Daganzo,TSP-normal-n300-g1000-1,7462.300372204271,9433,0.010928799994871952,0.005464399997435976,0.005464399997435976,2.0983821999980137,-20.89154699242795,20.89154699242795
Daganzo,TSP-normal-n40-g10000-2,21347.901743028513,36588,0.008012300000700634,0.004006150000350317,0.004006150000350317,0.09743730000627693,-41.653269533648974,41.653269533648974
Daganzo,TSP-normal-n300-g10000-4,76710.65368366378,96793,0.01331439999921713,0.006657199999608565,0.006657199999608565,2.5949337000056403,-20.74772588548368,20.74772588548368
Daganzo,TSP-normal-n40-g1000-2,1981.89418032346,3390,0.011096900001575705,0.005548450000787852,0.005548450000787852,0.26955709999310784,-41.537044828216516,41.537044828216516
Daganzo,TSP-normal-n40-g10000-4,22432.500012838518,37987,0.010001000002375804,0.005000500001187902,0.005000500001187902,0.09582410000439268,-40.94690285403291,40.94690285403291
Daganzo,TSP-normal-n40-g1000-5,2016.989922136449,3414,0.00870799999393057,0.004353999996965285,0.004353999996965285,0.12443140000686981,-40.920037430098155,40.920037430098155
Daganzo,TSP-normal-n400-g1000-4,9748.30324620649,11988,0.011699299997417256,0.005849649998708628,0.005849649998708628,1.148556500003906,-18.682822437383308,18.682822437383308
Daganzo,TSP-normal-n400-g1000-3,8695.6746006276,10789,0.010715000003983732,0.005357500001991866,0.005357500001991866,2.805910099996254,-19.402404294859572,19.402404294859572
Daganzo,TSP-normal-n40-g1000-4,2275.9436917463486,3831,0.013622500002384186,0.006811250001192093,0.006811250001192093,0.0888660000055097,-40.591394107378,40.591394107378
Daganzo,TSP-normal-n40-g10000-3,20344.545688955553,34790,0.009716499997011852,0.004858249998505926,0.004858249998505926,0.14555449999170378,-41.521857749481015,41.521857749481015
Daganzo,TSP-normal-n400-g1000-1,9057.065037858567,11159,0.010311199999705423,0.005155599999852711,0.005155599999852711,2.0033210999972653,-18.83623050579293,18.83623050579293
Daganzo,TSP-normal-n5-g1000-1,388.6923577844051,1398,0.00620119999803137,0.003100599999015685,0.003100599999015685,0.041640600000391714,-72.19654093101538,72.19654093101538
Daganzo,TSP-normal-n400-g1000-5,9336.224168259885,11979,0.01030499999615131,0.005152499998075655,0.005152499998075655,4.767353099989123,-22.061739976125843,22.061739976125843
Daganzo,TSP-normal-n400-g10000-1,85349.70710670308,107821,0.006834699997853022,0.003417349998926511,0.003417349998926511,5.13986379999551,-20.841295196016475,20.841295196016475
Daganzo,TSP-normal-n400-g10000-5,94620.40277625117,119100,0.006064500004868023,0.0030322500024340115,0.0030322500024340115,3.4818306999950437,-20.553817988034282,20.553817988034282
Daganzo,TSP-normal-n400-g1000-2,9591.43185139737,11626,0.009570000001986045,0.004785000000993023,0.004785000000993023,6.361773500000709,-17.500156103583603,17.500156103583603
Daganzo,TSP-normal-n400-g10000-3,95010.49646412757,114917,0.012129500006267335,0.006064750003133668,0.006064750003133668,9.561253699997906,-17.322505404659385,17.322505404659385
Daganzo,TSP-normal-n400-g10000-4,94999.51508076237,113234,0.01409589999821037,0.007047949999105185,0.007047949999105185,5.958339799995883,-16.103365525582095,16.103365525582095
Daganzo,TSP-normal-n5-g1000-3,421.5621119716524,1586,0.00816760000452632,0.00408380000226316,0.00408380000226316,0.0925812999921618,-73.41979117454902,73.41979117454902
Daganzo,TSP-normal-n5-g1000-5,190.654136461814,782,0.005912799999350682,0.002956399999675341,0.002956399999675341,0.04529960000945721,-75.61967564426931,75.61967564426931
Daganzo,TSP-normal-n5-g1000-4,267.7923453909763,1032,0.008403400002862327,0.004201700001431163,0.004201700001431163,0.06045579999045003,-74.05112932257981,74.05112932257981
Daganzo,TSP-normal-n40-g10000-5,17907.92886064717,30291,0.016952199999650475,0.008476099999825237,0.008476099999825237,0.04626970000390429,-40.88036426447733,40.88036426447733
Daganzo,TSP-normal-n5-g1000-2,416.2190583094436,1724,0.010541199997533113,0.005270599998766556,0.005270599998766556,0.0895170000003418,-75.85736320710885,75.85736320710885
Daganzo,TSP-normal-n5-g10000-3,2151.845123725219,8077,0.007953899999847636,0.003976949999923818,0.003976949999923818,0.11666670000704471,-73.35836172186184,73.35836172186184
Daganzo,TSP-normal-n400-g10000-2,86140.55482349763,105955,0.01552359999914188,0.00776179999957094,0.00776179999957094,3.256970500005991,-18.70081183191201,18.70081183191201
Daganzo,TSP-normal-n5-g10000-4,2796.5687990374918,9361,0.007776399994327221,0.0038881999971636105,0.0038881999971636105,0.16913179999392014,-70.12531995473249,70.12531995473249
Daganzo,TSP-normal-n50-g1000-1,2301.191022057925,3602,0.006758700001228135,0.0033793500006140675,0.0033793500006140675,0.29346369999984745,-36.113519654138685,36.113519654138685
Daganzo,TSP-normal-n50-g1000-3,2397.4768502531992,3807,0.006640999999945052,0.003320499999972526,0.003320499999972526,0.1676826000039,-37.02451141966905,37.02451141966905
Daganzo,TSP-normal-n50-g10000-3,22476.200255214404,34719,0.004234400003042538,0.002117200001521269,0.002117200001521269,0.0479784000053769,-35.26253562828882,35.26253562828882
Daganzo,TSP-normal-n5-g10000-1,1463.5372990634717,5091,0.009270799993828405,0.004635399996914202,0.004635399996914202,0.3351690999988932,-71.25245926019502,71.25245926019502
Daganzo,TSP-normal-n5-g10000-5,2843.3231789580304,10464,0.007815899996785447,0.0039079499983927235,0.0039079499983927235,0.11719550000270829,-72.82756900842861,72.82756900842861
Daganzo,TSP-normal-n50-g1000-2,2466.037330921817,4038,0.00555750000057742,0.00277875000028871,0.00277875000028871,0.33447360001446214,-38.92923895686436,38.92923895686436
Daganzo,TSP-normal-n50-g1000-4,2475.519909029212,3904,0.008063699999183882,0.004031849999591941,0.004031849999591941,0.06197160000738222,-36.590166264620585,36.590166264620585
Daganzo,TSP-normal-n50-g10000-2,26489.022006578492,42468,0.005328599996573757,0.0026642999982868787,0.0026642999982868787,0.05188900000939611,-37.62592538716565,37.62592538716565
Daganzo,TSP-normal-n50-g10000-1,23497.614315234216,35838,0.011397099995519966,0.005698549997759983,0.005698549997759983,0.13719829999899957,-34.433801229883876,34.433801229883876
Daganzo,TSP-normal-n50-g1000-5,2422.4379697940667,4069,0.011104600001999643,0.005552300000999821,0.005552300000999821,0.19536640000296757,-40.46601204733186,40.46601204733186
Daganzo,TSP-normal-n5-g10000-2,3111.156521496467,13829,0.013848200003849342,0.006924100001924671,0.006924100001924671,0.3294030999968527,-77.50266453469906,77.50266453469906
Daganzo,TSP-normal-n500-g10000-1,109219.7513233069,128012,0.009697199995571282,0.004848599997785641,0.004848599997785641,2.730625500000315,-14.680068022289392,14.680068022289392
Daganzo,TSP-normal-n60-g1000-2,2679.3832066354375,4402,0.0021305999980540946,0.0010652999990270473,0.0010652999990270473,0.22121129999868572,-39.132594124592515,39.132594124592515
Daganzo,TSP-normal-n50-g10000-5,28361.602271116488,47148,0.015265900001395494,0.007632950000697747,0.007632950000697747,0.0871703000011621,-39.84558778502484,39.84558778502484
Daganzo,TSP-normal-n60-g10000-1,29598.46717333517,45602,0.002077199998893775,0.0010385999994468875,0.0010385999994468875,0.2506388000037987,-35.093927517794896,35.093927517794896
Daganzo,TSP-normal-n500-g1000-1,10366.053756131116,12791,0.010701399995014071,0.005350699997507036,0.005350699997507036,77.9672806999879,-18.958222530442377,18.958222530442377
Daganzo,TSP-normal-n500-g1000-4,11068.612626476724,13268,0.007864200000767596,0.003932100000383798,0.003932100000383798,6.278650899999775,-16.576630792306872,16.576630792306872
Daganzo,TSP-normal-n50-g10000-4,23341.676949878725,38138,0.013094500005536247,0.0065472500027681235,0.0065472500027681235,0.2120961000036914,-38.79679860013969,38.79679860013969
Daganzo,TSP-normal-n500-g10000-3,100516.69319160376,124464,0.010474200003955048,0.005237100001977524,0.005237100001977524,2.4430739999952493,-19.240348059194822,19.240348059194822
Daganzo,TSP-normal-n500-g1000-3,10162.953742638014,12387,0.01437669999722857,0.007188349998614285,0.007188349998614285,6.492663900004118,-17.954680369435586,17.954680369435586
Daganzo,TSP-normal-n60-g1000-4,2635.0095730376383,4204,0.010685199995350558,0.005342599997675279,0.005342599997675279,0.16623229999095201,-37.321370765041905,37.321370765041905
Daganzo,TSP-normal-n60-g1000-1,2803.63178502456,4189,0.001688500000454951,0.0008442500002274755,0.0008442500002274755,0.20996720000403002,-33.071573525314875,33.071573525314875
Daganzo,TSP-normal-n500-g10000-2,102137.50658071206,126270,0.015211500001896638,0.007605750000948319,0.007605750000948319,4.750727799997549,-19.111818657866433,19.111818657866433
Daganzo,TSP-normal-n500-g1000-5,10417.258776904795,12849,0.02064490000338992,0.01032245000169496,0.01032245000169496,3.0283302000025287,-18.925529014671998,18.925529014671998
Daganzo,TSP-normal-n60-g1000-3,2986.109175833998,4589,0.010413300005893689,0.005206650002946844,0.005206650002946844,0.10353870000108145,-34.92897851745483,34.92897851745483
Daganzo,TSP-normal-n60-g10000-2,31772.08177754489,49528,0.010721899998316076,0.005360949999158038,0.005360949999158038,0.18823020000127144,-35.85026292694054,35.85026292694054
Daganzo,TSP-normal-n500-g1000-2,11259.86272673872,13098,0.018429900002956856,0.009214950001478428,0.009214950001478428,3.7578609000047436,-14.03372479203909,14.03372479203909
Daganzo,TSP-normal-n60-g1000-5,2501.812401240349,3868,0.0063365000023623,0.00316825000118115,0.00316825000118115,0.15825089999998454,-35.32025849947391,35.32025849947391
Daganzo,TSP-normal-n60-g10000-5,29039.8640707046,45553,0.013709799997741356,0.006854899998870678,0.006854899998870678,0.1528937999974005,-36.25038071981077,36.25038071981077
Daganzo,TSP-normal-n500-g10000-5,101922.3242375045,121579,0.020370899997942615,0.010185449998971308,0.010185449998971308,6.41481859999476,-16.16782155018178,16.16782155018178
Daganzo,TSP-normal-n500-g10000-4,100741.6990550586,120711,0.015701199998147786,0.007850599999073893,0.007850599999073893,5.673406199988676,-16.543066452056063,16.543066452056063
Daganzo,TSP-normal-n60-g10000-3,25097.36363817921,40741,0.018466699999407865,0.009233349999703933,0.009233349999703933,0.3193375999981072,-38.39777217500992,38.39777217500992
Daganzo,TSP-normal-n70-g1000-1,2824.6712178588145,4279,0.007684900003368966,0.003842450001684483,0.003842450001684483,0.25396670000918675,-33.98758546719293,33.98758546719293
Daganzo,TSP-normal-n600-g1000-2,11161.035206019196,13464,0.01351989999966463,0.006759949999832315,0.006759949999832315,5.113973300001817,-17.104610769316725,17.104610769316725
Daganzo,TSP-normal-n600-g10000-2,117380.32697011027,139835,0.016256800001428928,0.008128400000714464,0.008128400000714464,5.1638807999988785,-16.05797763785156,16.05797763785156
Daganzo,TSP-normal-n60-g10000-4,28362.027214499318,43580,0.0149061000047368,0.0074530500023684,0.0074530500023684,0.4391355999978259,-34.9196254830213,34.9196254830213
Daganzo,TSP-normal-n600-g1000-3,12012.929518231595,14088,0.011892900001839735,0.005946450000919867,0.005946450000919867,4.964504000003217,-14.729347542365174,14.729347542365174
Daganzo,TSP-normal-n70-g10000-2,34200.36144933997,53392,0.007707000004302245,0.0038535000021511223,0.0038535000021511223,0.33120710001094267,-35.94478302116427,35.94478302116427
Daganzo,TSP-normal-n70-g1000-2,3274.985583327047,4904,0.004878300002019387,0.0024391500010096934,0.0024391500010096934,0.13978290000522975,-33.21807538076984,33.21807538076984
Daganzo,TSP-normal-n600-g1000-4,11645.744475558442,13818,0.0157314000025508,0.0078657000012754,0.0078657000012754,10.097958300000755,-15.720477091051945,15.720477091051945
Daganzo,TSP-normal-n600-g10000-5,116883.56901224397,138198,0.010663499997463077,0.005331749998731539,0.005331749998731539,49.31183419999434,-15.423111034715431,15.423111034715431
Daganzo,TSP-normal-n600-g1000-1,11891.797040397214,13726,0.023242899995238986,0.011621449997619493,0.011621449997619493,3.7214328000118257,-13.362982366332405,13.362982366332405
Daganzo,TSP-normal-n70-g1000-3,3130.8844895652087,5003,0.00620869999693241,0.003104349998466205,0.003104349998466205,0.18454709999787156,-37.41985829371959,37.41985829371959
Daganzo,TSP-normal-n70-g10000-5,31768.878871365603,47149,0.0041731000019353814,0.0020865500009676907,0.0020865500009676907,0.11453719998826273,-32.620248846496,32.620248846496
Daganzo,TSP-normal-n600-g10000-1,112000.09180085521,133931,0.017613000003620982,0.008806500001810491,0.008806500001810491,5.754894099998637,-16.374781192662482,16.374781192662482
Daganzo,TSP-normal-n70-g1000-5,3505.3785832631543,5356,0.007816099998308346,0.003908049999154173,0.003908049999154173,0.26572500000474975,-34.55230427066553,34.55230427066553
Daganzo,TSP-normal-n600-g10000-3,113423.74443554576,137424,0.011333499998727348,0.005666749999363674,0.005666749999363674,5.790588900010334,-17.46438436114088,17.46438436114088
Daganzo,TSP-normal-n600-g1000-5,12082.050550299813,14133,0.016354899998987094,0.008177449999493547,0.008177449999493547,5.167093900003238,-14.51177704450709,14.51177704450709
Daganzo,TSP-normal-n600-g10000-4,121162.7644587643,143604,0.015102999997907318,0.007551499998953659,0.007551499998953659,5.879438299991307,-15.627166054730857,15.627166054730857
Daganzo,TSP-normal-n70-g10000-1,28109.397891710523,42337,0.007639399998879526,0.003819699999439763,0.003819699999439763,0.33238219999475405,-33.605598196115636,33.605598196115636
Daganzo,TSP-normal-n70-g10000-4,32786.2802670797,51254,0.009251399998902343,0.004625699999451172,0.004625699999451172,0.5323960999958217,-36.03176285347543,36.03176285347543
Daganzo,TSP-normal-n70-g10000-3,32394.9991335777,47244,0.015924199993605725,0.007962099996802863,0.007962099996802863,0.29369199999200646,-31.430448028156587,31.430448028156587
Daganzo,TSP-normal-n70-g1000-4,3017.978833673291,4660,0.021096200005558785,0.010548100002779393,0.010548100002779393,0.26756220000970643,-35.236505715165436,35.236505715165436
Daganzo,TSP-normal-n8-g1000-4,785.131498794947,2122,0.006657500001892913,0.0033287500009464566,0.0033287500009464566,0.05126790000940673,-63.00040062229279,63.00040062229279
Daganzo,TSP-normal-n700-g1000-4,12469.600410999543,14588,0.014843999997538049,0.007421999998769024,0.007421999998769024,3.94096890000219,-14.52152172333738,14.52152172333738
Daganzo,TSP-normal-n8-g10000-1,3827.051313008488,9684,0.0035927999997511506,0.0017963999998755753,0.0017963999998755753,0.1121285999979591,-60.48067623906973,60.48067623906973
Daganzo,TSP-normal-n700-g1000-3,12908.933977869745,15273,0.015371800000139046,0.007685900000069523,0.007685900000069523,7.548159199999645,-15.478727310484222,15.478727310484222
Daganzo,TSP-normal-n8-g1000-1,504.3852670330489,1540,0.004643899999791756,0.002321949999895878,0.002321949999895878,0.18267949999426492,-67.24770993291891,67.24770993291891
Daganzo,TSP-normal-n8-g1000-2,553.6774739864354,1378,0.008029799995711073,0.004014899997855537,0.004014899997855537,0.04318359999160748,-59.82021233770425,59.82021233770425
Daganzo,TSP-normal-n700-g1000-1,12607.777674515044,14755,0.014981000000261702,0.007490500000130851,0.007490500000130851,3.6613835000025574,-14.552506441782148,14.552506441782148
Daganzo,TSP-normal-n700-g10000-1,129466.72222942076,147108,0.013139100003172643,0.006569550001586322,0.006569550001586322,6.694900999995298,-11.992058739551377,11.992058739551377
Daganzo,TSP-normal-n8-g1000-5,404.2003394357802,1132,0.006388800000422634,0.003194400000211317,0.003194400000211317,0.03584039999986999,-64.29325623358831,64.29325623358831
Daganzo,TSP-normal-n700-g10000-3,129600.88978427192,152745,0.014975600002799183,0.0074878000013995916,0.0074878000013995916,4.217378200002713,-15.152122960311685,15.152122960311685
Daganzo,TSP-normal-n700-g1000-2,13199.316478325685,15427,0.016437699996458832,0.008218849998229416,0.008218849998229416,6.993793100002222,-14.440160249395962,14.440160249395962
Daganzo,TSP-normal-n8-g10000-3,5528.633777562049,14037,0.003457200000411831,0.0017286000002059154,0.0017286000002059154,0.20512719999533147,-60.61385069771285,60.61385069771285
Daganzo,TSP-normal-n8-g10000-5,4916.18520131209,12914,0.005343500000890344,0.002671750000445172,0.002671750000445172,0.12297669998952188,-61.931352010902195,61.931352010902195
Daganzo,TSP-normal-n700-g10000-2,123805.91907697708,146713,0.013279399994644336,0.006639699997322168,0.006639699997322168,8.715929900004994,-15.613531809057765,15.613531809057765
Daganzo,TSP-normal-n8-g10000-4,3643.033344014298,11189,0.00964160000148695,0.004820800000743475,0.004820800000743475,0.28646619999199174,-67.4409389220279,67.4409389220279
Daganzo,TSP-normal-n700-g1000-5,13064.393160992975,15063,0.01734020000003511,0.008670100000017555,0.008670100000017555,5.765825299997232,-13.268318655029043,13.268318655029043
Daganzo,TSP-normal-n8-g10000-2,7106.958592027957,20537,0.008083900000201538,0.004041950000100769,0.004041950000100769,0.16419979999773204,-65.39436825228633,65.39436825228633
Daganzo,TSP-normal-n8-g1000-3,773.7753674032276,1944,0.013015600001381245,0.006507800000690622,0.006507800000690622,0.048240200005238876,-60.19674035991628,60.19674035991628
Daganzo,TSP-normal-n80-g10000-1,29024.02432592696,42379,0.0074184000040986575,0.0037092000020493288,0.0037092000020493288,0.42639259999850765,-31.513192085875176,31.513192085875176
Daganzo,TSP-normal-n700-g10000-5,128306.30421068562,145264,0.022294000002148096,0.011147000001074048,0.011147000001074048,5.3572420999989845,-11.673708413174898,11.673708413174898
Daganzo,TSP-normal-n700-g10000-4,125329.39371921096,150690,0.01820669999870006,0.00910334999935003,0.00910334999935003,188.76747809999506,-16.82965444341963,16.82965444341963
Daganzo,TSP-normal-n80-g1000-5,3253.702596734987,4759,0.007357100002991501,0.0036785500014957506,0.0036785500014957506,0.4352184000017587,-31.630540098025072,31.630540098025072
Daganzo,TSP-normal-n80-g10000-2,35451.142370366564,51336,0.008794000001216773,0.0043970000006083865,0.0043970000006083865,0.8147386999917217,-30.942920425497576,30.942920425497576
Daganzo,TSP-normal-n80-g1000-1,3150.9979447787646,4673,0.008268799996585585,0.004134399998292793,0.004134399998292793,0.3770596999966074,-32.57012743893078,32.57012743893078
Daganzo,TSP-normal-n80-g1000-3,3735.84279166027,5513,0.008941300002334174,0.004470650001167087,0.004470650001167087,0.200509600006626,-32.23575563830455,32.23575563830455
Daganzo,TSP-normal-n80-g1000-2,3314.374290269582,4755,0.012098799998057075,0.006049399999028537,0.006049399999028537,0.25650360000145156,-30.29707065679112,30.29707065679112
Daganzo,TSP-normal-n80-g10000-3,31657.821962541893,47119,0.010841499999514781,0.0054207499997573905,0.0054207499997573905,0.2700178999948548,-32.813043650031,32.813043650031
Daganzo,TSP-normal-n80-g10000-5,33538.683752347824,50163,0.01301170000078855,0.006505850000394275,0.006505850000394275,0.48688810000021476,-33.14059415834814,33.14059415834814
Daganzo,TSP-normal-n80-g10000-4,35246.90873645517,51698,0.015490300000237767,0.007745150000118883,0.007745150000118883,0.31259339999814983,-31.82152358610552,31.82152358610552
Daganzo,TSP-normal-n800-g10000-3,139043.56755607214,160983,0.014258700000937097,0.007129350000468548,0.007129350000468548,15.26929189999646,-13.628415698507206,13.628415698507206
Daganzo,TSP-normal-n80-g1000-4,3388.42251969851,5179,0.007222899999760557,0.0036114499998802785,0.0036114499998802785,0.09070699999574572,-34.57380730452771,34.57380730452771
Daganzo,TSP-normal-n800-g1000-1,13286.043420070553,15590,0.0202729000011459,0.01013645000057295,0.01013645000057295,4.572412599998643,-14.778425785307551,14.778425785307551
Daganzo,TSP-normal-n90-g1000-5,3550.0810817501056,5271,0.0038380000041797757,0.0019190000020898879,0.0019190000020898879,0.16503360000206158,-32.64881271580145,32.64881271580145
Daganzo,TSP-normal-n800-g1000-2,14146.48135615355,16061,0.015791599995282013,0.007895799997641006,0.007895799997641006,8.728653400001349,-11.920295397836062,11.920295397836062
Daganzo,TSP-normal-n90-g1000-1,3658.8525992447408,5294,0.010559199996350799,0.005279599998175399,0.005279599998175399,0.13032840000232682,-30.886803943242526,30.886803943242526
Daganzo,TSP-normal-n90-g1000-2,3155.3786294199303,4450,0.007891799999924842,0.003945899999962421,0.003945899999962421,0.5734568999905605,-29.09261506921505,29.09261506921505
Daganzo,TSP-normal-n800-g1000-5,13669.141940882755,16043,0.013928599997598212,0.006964299998799106,0.006964299998799106,11.790015199992922,-14.796846344930778,14.796846344930778
Daganzo,TSP-normal-n800-g1000-3,13427.709594714954,15356,0.013820300002407748,0.006910150001203874,0.006910150001203874,8.453636700010975,-12.557244108394414,12.557244108394414
Daganzo,TSP-normal-n90-g1000-3,3838.367260893621,5363,0.008760599994275253,0.004380299997137627,0.004380299997137627,0.12777180000557564,-28.42872905288792,28.42872905288792
Daganzo,TSP-normal-n90-g1000-4,3460.997334223185,5223,0.007285200001206249,0.0036426000006031245,0.0036426000006031245,0.5060649000079138,-33.7354521496614,33.7354521496614
Daganzo,TSP-normal-n90-g10000-2,35671.10270858613,54146,0.019112000001769047,0.009556000000884524,0.009556000000884524,0.12512199999764562,-34.12052098292371,34.12052098292371
Daganzo,TSP-normal-n800-g10000-2,142508.34181983874,164163,0.02798830000392627,0.013994150001963135,0.013994150001963135,623.46235289998,-13.190949349220752,13.190949349220752
Daganzo,TSP-normal-n800-g10000-4,138376.61441659858,163028,0.02833210000244435,0.014166050001222175,0.014166050001222175,4.5217933999956585,-15.120951973526894,15.120951973526894
Daganzo,TSP-normal-n90-g10000-1,36964.0242644791,52381,0.022383600000466686,0.011191800000233343,0.011191800000233343,0.6527806000085548,-29.432381465647662,29.432381465647662
Daganzo,TSP-normal-n90-g10000-4,35776.54116925642,50817,0.022410800003854092,0.011205400001927046,0.011205400001927046,0.6267496000073152,-29.597297815186995,29.597297815186995
Daganzo,TSP-normal-n90-g10000-3,36282.108098689634,52843,0.021720500000810716,0.010860250000405358,0.010860250000405358,0.6286366999993334,-31.339802625343687,31.339802625343687
Daganzo,TSP-normal-n800-g10000-1,145653.62743495268,167378,0.037684700000681914,0.018842350000340957,0.018842350000340957,14.298034600011306,-12.979228193100239,12.979228193100239
Daganzo,TSP-normal-n800-g10000-5,137075.83371433493,159659,0.0351643999965745,0.01758219999828725,0.01758219999828725,9.288490399994771,-14.144624659846967,14.144624659846967
Daganzo,TSP-normal-n90-g10000-5,37565.49273747117,54842,0.0266704999958165,0.01333524999790825,0.01333524999790825,0.241166499996325,-31.502328986048706,31.502328986048706
Daganzo,TSP-normal-n900-g1000-4,15216.127313150348,18043,0.004873300000326708,0.002436650000163354,0.002436650000163354,11.02205810000305,-15.667420533445947,15.667420533445947
Daganzo,TSP-normal-n800-g1000-4,13906.743139930353,16167,0.03905730000406038,0.01952865000203019,0.01952865000203019,8.405030900001293,-13.98068200698736,13.98068200698736
Daganzo,TSP-normal-n900-g10000-2,148311.56154317502,166996,0.010801100004755426,0.005400550002377713,0.005400550002377713,14.222709800000302,-11.188554490421915,11.188554490421915
Daganzo,TSP-random-n10-g1000-1,1084.5199334267672,2702,0.004435100003320258,0.002217550001660129,0.002217550001660129,0.04523249999328982,-59.862326668143325,59.862326668143325
Daganzo,TSP-random-n10-g1000-2,1275.1812171217075,2913,0.005671400002029259,0.0028357000010146294,0.0028357000010146294,0.04246240000065882,-56.22446903118066,56.22446903118066
Daganzo,TSP-normal-n900-g1000-1,14439.413550591311,16790,0.007683700001507532,0.003841850000753766,0.003841850000753766,10.932252900005551,-13.99991929367891,13.99991929367891
Daganzo,TSP-normal-n900-g1000-5,15282.660423008816,16589,0.012512100001913495,0.006256050000956748,0.006256050000956748,8.060172199999215,-7.874733721087371,7.874733721087371
Daganzo,TSP-normal-n900-g10000-1,148055.26913814986,172711,0.019586000002163928,0.009793000001081964,0.009793000001081964,11.082975899989833,-14.275715421629279,14.275715421629279
Daganzo,TSP-random-n10-g10000-4,12743.86211224839,30435,0.005015000002458692,0.002507500001229346,0.002507500001229346,0.04178330001013819,-58.1276092911175,58.1276092911175
Daganzo,TSP-random-n10-g10000-1,11563.149166684652,27929,0.0032873000018298626,0.0016436500009149313,0.0016436500009149313,0.039886099999421276,-58.59805518749454,58.59805518749454
Daganzo,TSP-normal-n900-g10000-4,149170.6765572577,167800,0.010961100000713486,0.005480550000356743,0.005480550000356743,133.53628030000255,-11.10209978709314,11.10209978709314
Daganzo,TSP-random-n10-g1000-3,1273.1974287203063,3029,0.004638199992768932,0.002319099996384466,0.002319099996384466,0.1015629000030458,-57.966410408705634,57.966410408705634
Daganzo,TSP-random-n10-g10000-2,9096.283168085742,21593,0.006831999999121763,0.0034159999995608814,0.0034159999995608814,0.040850600009434856,-57.87392595708914,57.87392595708914
Daganzo,TSP-normal-n900-g10000-3,146252.99562208971,171173,0.01774660000228323,0.008873300001141615,0.008873300001141615,5.123346400010632,-14.558373328685182,14.558373328685182
Daganzo,TSP-normal-n900-g10000-5,148344.8609639208,172297,0.015031099996122066,0.007515549998061033,0.007515549998061033,13.272237199998926,-13.901657623800299,13.901657623800299
Daganzo,TSP-random-n10-g10000-3,14317.47604602501,34570,0.005040299998654518,0.002520149999327259,0.002520149999327259,0.03952200000640005,-58.58410168925366,58.58410168925366
Daganzo,TSP-random-n10-g1000-5,1311.6677212617528,3221,0.00918420000380138,0.00459210000190069,0.00459210000190069,0.11926120000134688,-59.27762430109429,59.27762430109429
Daganzo,TSP-normal-n900-g1000-2,15900.186525321014,17606,0.018365700001595542,0.009182850000797771,0.009182850000797771,9.373664500002633,-9.688819008741255,9.688819008741255
Daganzo,TSP-normal-n900-g1000-3,15343.56519831685,17132,0.0236263000042527,0.01181315000212635,0.01181315000212635,10.725538300001062,-10.439147803427213,10.439147803427213
Daganzo,TSP-random-n10-g1000-4,1068.039163607777,2509,0.00929599999653874,0.00464799999826937,0.00464799999826937,0.10254340000392403,-57.43167940981358,57.43167940981358
Daganzo,TSP-random-n10-g10000-5,11595.683803446003,28167,0.006069800001569092,0.003034900000784546,0.003034900000784546,0.038039999999455176,-58.83237901286611,58.83237901286611
Daganzo,TSP-random-n100-g1000-1,5168.3852246131955,7528,0.0063702999977977015,0.0031851499988988508,0.0031851499988988508,0.3027827000041725,-31.34451083138688,31.34451083138688
Daganzo,TSP-random-n100-g1000-2,5258.661650553303,7742,0.0068424999990384094,0.0034212499995192047,0.0034212499995192047,0.3697956999967573,-32.07618637880002,32.07618637880002
Daganzo,TSP-random-n100-g1000-4,5333.488507534257,7902,0.006989300003624521,0.0034946500018122606,0.0034946500018122606,0.13287750000017695,-32.504574695845896,32.504574695845896
Daganzo,TSP-random-n100-g1000-3,5260.731000060734,7651,0.0077155999970273115,0.0038577999985136557,0.0038577999985136557,0.27204540000821,-31.241262579261093,31.241262579261093
Daganzo,TSP-random-n100-g10000-1,54284.5919831309,77010,0.008961999999883119,0.0044809999999415595,0.0044809999999415595,0.30847150000045076,-29.50968447846916,29.50968447846916
Daganzo,TSP-random-n100-g10000-5,53315.284939077275,73429,0.009975399996619672,0.004987699998309836,0.004987699998309836,0.2555762000120012,-27.39205907873282,27.39205907873282
Daganzo,TSP-random-n100-g1000-5,5472.051952878371,8115,0.014195800002198666,0.007097900001099333,0.007097900001099333,0.3881559000001289,-32.56867587334109,32.56867587334109
Daganzo,TSP-random-n100-g10000-2,51470.01858698907,75973,0.009794400000828318,0.004897200000414159,0.004897200000414159,0.23526000000128988,-32.252223043727284,32.252223043727284
Daganzo,TSP-random-n100-g10000-3,55158.085666201274,78233,0.008225300000049174,0.004112650000024587,0.004112650000024587,0.10649020000710152,-29.495116298491336,29.495116298491336
Daganzo,TSP-random-n20-g1000-2,2208.858481206978,3821,0.0035543999983929098,0.0017771999991964549,0.0017771999991964549,0.26525630000105593,-42.19161263525313,42.19161263525313
Daganzo,TSP-random-n100-g10000-4,54517.84837775606,79511,0.017142899996542837,0.008571449998271419,0.008571449998271419,0.4347360999963712,-31.433577268860834,31.433577268860834
Daganzo,TSP-random-n20-g10000-2,21443.9215088099,41438,0.0038944000043557025,0.0019472000021778513,0.0019472000021778513,0.04067780000332277,-48.250587603624936,48.250587603624936
Daganzo,TSP-random-n1000-g1000-5,17901.06303407705,23228,0.014937399995687883,0.007468699997843942,0.007468699997843942,6.383347800001502,-22.933257128994956,22.933257128994956
Daganzo,TSP-random-n1000-g1000-3,17847.80046112125,23012,0.009836600002017803,0.004918300001008902,0.004918300001008902,18.3015388000058,-22.44133295184578,22.44133295184578
Daganzo,TSP-random-n20-g1000-3,2248.7276602559054,4029,0.006476700000348501,0.0032383500001742505,0.0032383500001742505,0.15647430000535678,-44.18645668265313,44.18645668265313
Daganzo,TSP-random-n20-g1000-5,1985.987485610118,3549,0.004633600001398008,0.002316800000699004,0.002316800000699004,0.15881729999091476,-44.040927427159254,44.040927427159254
Daganzo,TSP-random-n1000-g10000-1,178880.41380738135,228639,0.012042000002111308,0.006021000001055654,0.006021000001055654,240.1183488999959,-21.762947787830882,21.762947787830882
Daganzo,TSP-random-n1000-g10000-5,178652.46630161587,232824,0.016390699995099567,0.008195349997549783,0.008195349997549783,13.180065799999284,-23.267160472453067,23.267160472453067
Daganzo,TSP-random-n20-g10000-3,17480.93402124154,34103,0.005320299998857081,0.0026601499994285405,0.0026601499994285405,0.04657700000097975,-48.740773476698415,48.740773476698415
Daganzo,TSP-random-n20-g1000-4,1963.8406801469407,3983,0.009139100002357736,0.004569550001178868,0.004569550001178868,0.21198520000325516,-50.694434342281184,50.694434342281184
Daganzo,TSP-random-n20-g10000-1,21452.335259593532,42535,0.00943350000306964,0.00471675000153482,0.00471675000153482,0.04146609999588691,-49.56545137041605,49.56545137041605
Daganzo,TSP-random-n1000-g10000-2,177722.0823493805,228872,0.020585600002959836,0.010292800001479918,0.010292800001479918,10.267818099993747,-22.34870043107916,22.34870043107916
Daganzo,TSP-random-n1000-g10000-4,178699.5685779627,233816,0.01645769999595359,0.008228849997976795,0.008228849997976795,23.10038990000612,-23.57256621533056,23.57256621533056
Daganzo,TSP-random-n1000-g1000-1,17914.112492669014,23413,0.021950000002107117,0.010975000001053559,0.010975000001053559,6.084185999992769,-23.486471222530163,23.486471222530163
Daganzo,TSP-random-n20-g1000-1,1967.6479258241297,3609,0.014305100005003624,0.007152550002501812,0.007152550002501812,0.06740569999965373,-45.479414634964535,45.479414634964535
Daganzo,TSP-random-n20-g10000-4,18573.294095555582,36016,0.008099799997580703,0.004049899998790352,0.004049899998790352,0.044943499990040436,-48.43043620736455,48.43043620736455
Daganzo,TSP-random-n1000-g1000-4,17876.934816964567,23094,0.020414200000232086,0.010207100000116043,0.010207100000116043,11.101557000016328,-22.590565441393576,22.590565441393576
Daganzo,TSP-random-n200-g1000-2,7661.794466702952,10596,0.008220800002163742,0.004110400001081871,0.004110400001081871,10.384652599997935,-27.69163394957576,27.69163394957576
Daganzo,TSP-random-n1000-g1000-2,17873.822204553784,23122,0.031379599997308105,0.015689799998654053,0.015689799998654053,208.78109869999753,-22.697767474466808,22.697767474466808
Daganzo,TSP-random-n200-g10000-1,77889.38481089704,107741,0.0067777999938698485,0.0033888999969349243,0.0033888999969349243,3.15363640000578,-27.706829516250043,27.706829516250043
Daganzo,TSP-random-n20-g10000-5,17714.237119390717,32606,0.008573500002967194,0.004286750001483597,0.004286750001483597,0.03995700000086799,-45.671848373334,45.671848373334
Daganzo,TSP-random-n200-g1000-1,7885.778503736963,10677,0.006003000002237968,0.003001500001118984,0.003001500001118984,0.6748994000081439,-26.1423761006185,26.1423761006185
Daganzo,TSP-random-n200-g10000-3,77665.24724682205,105042,0.007058200004394166,0.003529100002197083,0.003529100002197083,0.7069654000079026,-26.062672791053053,26.062672791053053
Daganzo,TSP-random-n1000-g10000-3,178473.00119261732,232731,0.019995800001197495,0.009997900000598747,0.009997900000598747,7.685093600011896,-23.313610480504394,23.313610480504394
Daganzo,TSP-random-n30-g1000-4,2303.5853796853285,4196,0.009117599998717196,0.004558799999358598,0.004558799999358598,0.11555349999980535,-45.10044376345738,45.10044376345738
Daganzo,TSP-random-n30-g1000-2,2720.357769577376,4942,0.0038466000041808,0.0019233000020904,0.0019233000020904,0.05056150000018533,-44.95431465849097,44.95431465849097
Daganzo,TSP-random-n200-g10000-2,76760.69921092433,106831,0.011316200005239807,0.0056581000026199035,0.0056581000026199035,4.046168900007615,-28.147542182583397,28.147542182583397
Daganzo,TSP-random-n200-g10000-4,78538.9232842544,105429,0.0106625000044005,0.00533125000220025,0.00533125000220025,3.482745100001921,-25.505389139369246,25.505389139369246
Daganzo,TSP-random-n200-g1000-4,7723.990058253571,10777,0.008062200002314057,0.004031100001157029,0.004031100001157029,0.6216893999953754,-28.328940723266484,28.328940723266484
Daganzo,TSP-random-n200-g10000-5,77485.7419265635,107384,0.005543300001590978,0.002771650000795489,0.002771650000795489,4.794464299993706,-27.8423769587988,27.8423769587988
Daganzo,TSP-random-n30-g1000-1,2526.4143249870954,4747,0.008333300000231247,0.004166650000115624,0.004166650000115624,0.08237979999103118,-46.77871655809784,46.77871655809784
Daganzo,TSP-random-n30-g10000-1,23602.90840800133,39213,0.007716899999650195,0.0038584499998250976,0.0038584499998250976,0.04343910000170581,-39.80846043913669,39.80846043913669
Daganzo,TSP-random-n30-g10000-3,27063.569777257762,48494,0.006608799994864967,0.0033043999974324834,0.0033043999974324834,0.06312809999508318,-44.19192110929649,44.19192110929649
Daganzo,TSP-random-n200-g1000-5,7759.879598292747,10650,0.013789600001473445,0.006894800000736723,0.006894800000736723,0.4686664000037126,-27.13728076720426,27.13728076720426
Daganzo,TSP-random-n30-g1000-3,2500.2428047091744,4144,0.011304899999231566,0.005652449999615783,0.005652449999615783,0.057911999989300966,-39.665955484817225,39.665955484817225
Daganzo,TSP-random-n30-g1000-5,2434.649094325505,4225,0.007011900001089089,0.0035059500005445443,0.0035059500005445443,0.12440030000288971,-42.37516936507681,42.37516936507681
Daganzo,TSP-random-n30-g10000-4,26311.86738917441,44246,0.005270600006042514,0.002635300003021257,0.002635300003021257,0.05236980000336189,-40.53277722466571,40.53277722466571
Daganzo,TSP-random-n30-g10000-2,26269.123391607493,45722,0.010544800003117416,0.005272400001558708,0.005272400001558708,0.05783119999978226,-42.545987945392824,42.545987945392824
Daganzo,TSP-random-n200-g1000-3,7674.600738800684,10297,0.0211663999943994,0.0105831999971997,0.0105831999971997,0.7427278999966802,-25.46760475089168,25.46760475089168
Daganzo,TSP-random-n300-g1000-1,9665.252191743368,13264,0.008050700002058875,0.004025350001029437,0.004025350001029437,1.7148547999968287,-27.131693367435407,27.131693367435407
Daganzo,TSP-random-n300-g10000-2,96209.53240999563,127586,0.007179199994425289,0.0035895999972126447,0.0035895999972126447,2.6006177000090247,-24.592406369040777,24.592406369040777
Daganzo,TSP-random-n300-g1000-2,9768.314195653207,13240,0.009786299997358583,0.0048931499986792915,0.0048931499986792915,2.5219756000005873,-26.221191875731066,26.221191875731066
Daganzo,TSP-random-n300-g1000-4,9551.963672983686,12823,0.007440800000040326,0.003720400000020163,0.003720400000020163,1.731390900007682,-25.509134578618998,25.509134578618998
Daganzo,TSP-random-n300-g10000-1,95934.73693256264,126463,0.005964600000879727,0.0029823000004398637,0.0029823000004398637,3.151325500002713,-24.14007501596306,24.14007501596306
Daganzo,TSP-random-n30-g10000-5,25990.871881768417,47255,0.01105680000182474,0.00552840000091237,0.00552840000091237,0.05078079999657348,-44.998683987369766,44.998683987369766
Daganzo,TSP-random-n300-g10000-5,97048.84637838307,129198,0.00944570000137901,0.004722850000689505,0.004722850000689505,1.648648400005186,-24.883631032691632,24.883631032691632
Daganzo,TSP-random-n40-g1000-1,3206.8445182141268,5325,0.008449499997368548,0.004224749998684274,0.004224749998684274,0.10739119999925606,-39.77756773306804,39.77756773306804
Daganzo,TSP-random-n300-g1000-5,9485.342923163083,12482,0.008640799998829607,0.0043203999994148035,0.0043203999994148035,4.665502000003471,-24.0078278868524,24.0078278868524
Daganzo,TSP-random-n40-g1000-2,3330.0041999973514,5123,0.00914570000168169,0.004572850000840845,0.004572850000840845,0.17115239999839105,-34.99894202620825,34.99894202620825
Daganzo,TSP-random-n40-g10000-1,30461.83022771284,50986,0.009555099997669458,0.004777549998834729,0.004777549998834729,0.06329770000593271,-40.25452040224211,40.25452040224211
Daganzo,TSP-random-n300-g1000-3,9688.833944546679,13167,0.018688700001803227,0.009344350000901613,0.009344350000901613,0.6939643999940017,-26.415782300093575,26.415782300093575
Daganzo,TSP-random-n40-g10000-3,31471.621897480905,50615,0.007696900000155438,0.003848450000077719,0.003848450000077719,0.1536616000084905,-37.8215511261861,37.8215511261861
Daganzo,TSP-random-n300-g10000-3,96651.05056614747,127265,0.013375599999562837,0.006687799999781419,0.006687799999781419,3.8670590999972774,-24.055277911328744,24.055277911328744
Daganzo,TSP-random-n40-g1000-5,3137.671643432435,4940,0.011105199999292381,0.0055525999996461906,0.0055525999996461906,0.18733040000370238,-36.484379687602534,36.484379687602534
Daganzo,TSP-random-n400-g1000-2,11218.958301910208,15004,0.006861500005470589,0.0034307500027352944,0.0034307500027352944,2.5646183000062592,-25.226884151491547,25.226884151491547
Daganzo,TSP-random-n40-g1000-4,3090.955014554563,4904,0.011390100000426173,0.005695050000213087,0.005695050000213087,0.07400579999375623,-36.97073787613044,36.97073787613044
Daganzo,TSP-random-n40-g10000-5,32603.36801135735,53463,0.008938300001318567,0.004469150000659283,0.004469150000659283,0.254019399988465,-39.01695001897135,39.01695001897135
Daganzo,TSP-random-n40-g1000-3,3264.998610106901,5302,0.007493400000385009,0.0037467000001925044,0.0037467000001925044,0.06079809999209829,-38.419490567580134,38.419490567580134
Daganzo,TSP-random-n400-g1000-5,11062.409275560183,14529,0.008432799993897788,0.004216399996948894,0.004216399996948894,4.738981299989973,-23.859802632251476,23.859802632251476
Daganzo,TSP-random-n400-g1000-1,11202.465094790521,14263,0.013368900006753393,0.006684450003376696,0.006684450003376696,1.9016732000018237,-21.45786233758311,21.45786233758311
Daganzo,TSP-random-n300-g10000-4,96700.22054336277,131168,0.017114800000854302,0.008557400000427151,0.008557400000427151,4.820444699988002,-26.277582532810772,26.277582532810772
Daganzo,TSP-random-n400-g1000-3,11241.06767793878,14655,0.008614300000772346,0.004307150000386173,0.004307150000386173,4.3340305000019725,-23.29534167220212,23.29534167220212
Daganzo,TSP-random-n40-g10000-2,31974.2624603602,52007,0.009555700002238154,0.004777850001119077,0.004777850001119077,0.34867839999787975,-38.519309976810426,38.519309976810426
Daganzo,TSP-random-n400-g10000-5,110456.37781622208,144745,0.005177600003662519,0.0025888000018312596,0.0025888000018312596,2.071403800000553,-23.68898558415,23.68898558415
Daganzo,TSP-random-n400-g10000-2,112476.65556514384,149159,0.004793200001586229,0.0023966000007931143,0.0023966000007931143,9.24107940000249,-24.59277980869821,24.59277980869821
Daganzo,TSP-random-n400-g10000-4,112234.5467186463,145885,0.01135239999712212,0.00567619999856106,0.00567619999856106,1.6560611000022618,-23.06642443112979,23.06642443112979
Daganzo,TSP-random-n40-g10000-4,32267.505669791088,49715,0.017827799994847737,0.008913899997423869,0.008913899997423869,0.06551069999113679,-35.09503033331774,35.09503033331774
Daganzo,TSP-random-n5-g1000-4,511.96107298309306,1876,0.004550099998596124,0.002275049999298062,0.002275049999298062,0.04935499999555759,-72.70996412670078,72.70996412670078
Daganzo,TSP-random-n400-g1000-4,11121.165982036235,14812,0.011894900002516806,0.005947450001258403,0.005947450001258403,2.802323500000057,-24.917864015418346,24.917864015418346
Daganzo,TSP-random-n400-g10000-3,111166.9703814042,152936,0.00829890000022715,0.004149450000113575,0.004149450000113575,6.168977900000755,-27.311443753331982,27.311443753331982
Daganzo,TSP-random-n5-g10000-4,4571.029165133383,17225,0.0037760999985039234,0.0018880499992519617,0.0018880499992519617,0.1044434000068577,-73.46282052172202,73.46282052172202
Daganzo,TSP-random-n5-g1000-1,466.4658653106355,2085,0.008104200001980644,0.004052100000990322,0.004052100000990322,0.08784940000623465,-77.62753643594074,77.62753643594074
Daganzo,TSP-random-n400-g10000-1,111286.47827242983,150594,0.01182130000233883,0.005910650001169415,0.005910650001169415,3.423222800003714,-26.10165194335111,26.10165194335111
Daganzo,TSP-random-n5-g10000-2,3756.623584317438,12913,0.00531040000350913,0.002655200001754565,0.002655200001754565,0.16996389999985695,-70.90820425681532,70.90820425681532
Daganzo,TSP-random-n5-g10000-1,4253.7362774389285,20778,0.004281100002117455,0.0021405500010587275,0.0021405500010587275,0.1212286999943899,-79.52769141669587,79.52769141669587
Daganzo,TSP-random-n5-g1000-2,551.4665309427218,1825,0.008649099996546283,0.004324549998273142,0.004324549998273142,0.04721350000181701,-69.78265583875498,69.78265583875498
Daganzo,TSP-random-n5-g10000-5,4293.0597333370515,17554,0.005799500002467539,0.0028997500012337696,0.0028997500012337696,0.17221269999572542,-75.54369526411615,75.54369526411615
Daganzo,TSP-random-n50-g1000-3,3628.7271756085493,5438,0.0045166000054450706,0.0022583000027225353,0.0022583000027225353,0.06988530000671744,-33.27092358204212,33.27092358204212
Daganzo,TSP-random-n5-g10000-3,4579.116028612946,17620,0.004468800005270168,0.002234400002635084,0.002234400002635084,0.1542431999987457,-74.01182730639646,74.01182730639646
Daganzo,TSP-random-n5-g1000-3,502.2424578826445,1871,0.0070761999959358945,0.0035380999979679473,0.0035380999979679473,0.07531749999907333,-73.15646938093829,73.15646938093829
Daganzo,TSP-random-n5-g1000-5,728.5399427965497,2474,0.009154200000921264,0.004577100000460632,0.004577100000460632,0.043110900005558506,-70.55214459189371,70.55214459189371
Daganzo,TSP-random-n50-g1000-1,3781.9081195872545,5885,0.008754399997997098,0.004377199998998549,0.004377199998998549,0.1455631999997422,-35.73648055076883,35.73648055076883
Daganzo,TSP-random-n50-g1000-4,3575.754064529606,5485,0.0052400000058696605,0.0026200000029348303,0.0026200000029348303,0.18514120001054835,-34.80849472142925,34.80849472142925
Daganzo,TSP-random-n50-g1000-5,3700.833368648202,5981,0.008876200001395773,0.004438100000697887,0.004438100000697887,0.2594013000052655,-38.12350161096469,38.12350161096469
Daganzo,TSP-random-n50-g10000-4,35164.900056803795,56936,0.007019500000751577,0.0035097500003757887,0.0035097500003757887,0.14325530000496656,-38.23784590276135,38.23784590276135
Daganzo,TSP-random-n50-g10000-5,35468.33564875155,51711,0.006621299995458685,0.0033106499977293424,0.0033106499977293424,0.08606010000221431,-31.41046266993184,31.41046266993184
Daganzo,TSP-random-n50-g10000-1,36201.19777055035,58518,0.009727199998451397,0.004863599999225698,0.004863599999225698,0.1518523999984609,-38.13664552693128,38.13664552693128
Daganzo,TSP-random-n50-g10000-3,35214.16036468852,53597,0.011847300003864802,0.005923650001932401,0.005923650001932401,0.10334250000596512,-34.298262282052136,34.298262282052136
Daganzo,TSP-random-n50-g10000-2,34879.694581124124,54863,0.005190700001548976,0.002595350000774488,0.002595350000774488,0.22463189999689348,-36.424011481099974,36.424011481099974
Daganzo,TSP-random-n500-g1000-3,12487.290529774664,16376,0.009716000000480562,0.004858000000240281,0.004858000000240281,7.128763500004425,-23.746393931517687,23.746393931517687
Daganzo,TSP-random-n500-g1000-1,12548.760689805187,16538,0.011137399997096509,0.005568699998548254,0.005568699998548254,8.155299899997772,-24.12165503806272,24.12165503806272
Daganzo,TSP-random-n60-g1000-1,4045.7217136130353,6295,0.00537120000080904,0.00268560000040452,0.00268560000040452,0.19249509999644943,-35.73118802838705,35.73118802838705
Daganzo,TSP-random-n500-g10000-4,125745.20039558168,166830,0.007281300000613555,0.0036406500003067777,0.0036406500003067777,69.00190570000268,-24.626745552010025,24.626745552010025
Daganzo,TSP-random-n50-g1000-2,3781.834022336253,5978,0.01689829999668291,0.008449149998341454,0.008449149998341454,0.3436319000029471,-36.73747035235442,36.73747035235442
Daganzo,TSP-random-n500-g1000-4,12534.894869922124,16209,0.010108399997989181,0.005054199998994591,0.005054199998994591,2.000128899991978,-22.66706848095426,22.66706848095426
Daganzo,TSP-random-n500-g1000-2,12405.765520515048,16778,0.013841699998010881,0.006920849999005441,0.006920849999005441,4.804231499991147,-26.05933054884344,26.05933054884344
Daganzo,TSP-random-n60-g1000-3,4087.5558051236435,6103,0.005339800001820549,0.0026699000009102747,0.0026699000009102747,0.2260995999968145,-33.023827541804955,33.023827541804955
Daganzo,TSP-random-n500-g10000-2,125607.86411905107,165668,0.00766509999812115,0.003832549999060575,0.003832549999060575,2.306263799997396,-24.180973924323908,24.180973924323908
Daganzo,TSP-random-n500-g1000-5,12545.540083033493,16389,0.013201299996580929,0.006600649998290464,0.006600649998290464,6.187833200005116,-23.451460839383167,23.451460839383167
Daganzo,TSP-random-n60-g1000-5,4135.361981374786,6442,0.006356199999572709,0.0031780999997863546,0.0031780999997863546,0.8923648000054527,-35.80624058716569,35.80624058716569
Daganzo,TSP-random-n500-g10000-1,126188.74520604046,168002,0.011348599997290876,0.005674299998645438,0.005674299998645438,4.751961800007848,-24.888545847049166,24.888545847049166
Daganzo,TSP-random-n60-g10000-4,40857.09790707117,68411,0.005156499995791819,0.0025782499978959095,0.0025782499978959095,0.2974400999955833,-40.27700529582791,40.27700529582791
Daganzo,TSP-random-n60-g10000-1,41354.50579617655,64764,0.012403400003677234,0.006201700001838617,0.006201700001838617,0.16142780000518542,-36.145843684490536,36.145843684490536
Daganzo,TSP-random-n600-g1000-1,13803.764271386264,17855,0.013124200006132014,0.006562100003066007,0.006562100003066007,10.921744799998123,-22.689642837377406,22.689642837377406
Daganzo,TSP-random-n500-g10000-3,125878.82374569599,166758,0.014137700003630016,0.007068850001815008,0.007068850001815008,6.305559499989613,-24.514072041103883,24.514072041103883
Daganzo,TSP-random-n500-g10000-5,125758.21947183013,165349,0.014051899997866713,0.007025949998933356,0.007025949998933356,8.061607000010554,-23.943767744691453,23.943767744691453
Daganzo,TSP-random-n60-g10000-5,41419.97531306604,58065,0.013308800000231713,0.0066544000001158565,0.0066544000001158565,0.17341099999612197,-28.666192520337486,28.666192520337486
Daganzo,TSP-random-n60-g1000-4,4041.5974502664158,6189,0.012809599997126497,0.006404799998563249,0.006404799998563249,0.18764969999028835,-34.69708433888486,34.69708433888486
Daganzo,TSP-random-n60-g10000-3,40014.03739100817,64496,0.014162499996018596,0.007081249998009298,0.007081249998009298,0.3372514999937266,-37.95888521612477,37.95888521612477
Daganzo,TSP-random-n60-g10000-2,40512.8104083264,61745,0.015730999999505002,0.007865499999752501,0.007865499999752501,0.13683589998981915,-34.38689706320124,34.38689706320124
Daganzo,TSP-random-n70-g1000-1,4409.331702934131,6761,0.0038359999962267466,0.0019179999981133733,0.0019179999981133733,0.16908159999002237,-34.78284716855302,34.78284716855302
Daganzo,TSP-random-n60-g1000-2,3954.711593782787,6168,0.01342550000117626,0.00671275000058813,0.00671275000058813,0.25323079999361653,-35.883404770058576,35.883404770058576
Daganzo,TSP-random-n70-g1000-2,4385.604595719956,6707,0.005303199999616481,0.0026515999998082407,0.0026515999998082407,0.16010689998802263,-34.61153129983665,34.61153129983665
Daganzo,TSP-random-n70-g10000-2,43739.47641209254,63441,0.0029232999950181693,0.0014616499975090846,0.0014616499975090846,0.16388540000480134,-31.054875534602957,31.054875534602957
Daganzo,TSP-random-n70-g1000-4,4186.041929973946,6453,0.004346200003055856,0.002173100001527928,0.002173100001527928,0.1514255000074627,-35.130297071533455,35.130297071533455
Daganzo,TSP-random-n600-g1000-4,13821.247118476682,18032,0.017540200002258644,0.008770100001129322,0.008770100001129322,3.1755533999967156,-23.35155768369187,23.35155768369187
Daganzo,TSP-random-n600-g1000-2,13711.44922537366,17655,0.012604200004716404,0.006302100002358202,0.006302100002358202,6.261356799994246,-22.33673619159637,22.33673619159637
Daganzo,TSP-random-n70-g10000-1,43375.53743099328,62106,0.005319900003087241,0.0026599500015436206,0.0026599500015436206,0.06884859999991022,-30.158861573771805,30.158861573771805
Daganzo,TSP-random-n600-g1000-5,13772.157830928307,17939,0.019429300002229866,0.009714650001114933,0.009714650001114933,6.948963499991805,-23.227839729481538,23.227839729481538
Daganzo,TSP-random-n70-g1000-5,4379.796509485343,6505,0.008939799998188391,0.004469899999094196,0.004469899999094196,0.22235450000152923,-32.67030730998704,32.67030730998704
Daganzo,TSP-random-n600-g10000-4,137029.49719024,179720,0.011766999996325467,0.005883499998162733,0.005883499998162733,11.86760030000005,-23.753896511106156,23.753896511106156
Daganzo,TSP-random-n600-g10000-1,137915.86168552184,184472,0.01934330000221962,0.00967165000110981,0.00967165000110981,7.112428299995372,-25.237509385965435,25.237509385965435
Daganzo,TSP-random-n70-g1000-3,4326.861514943596,6638,0.009569099995133001,0.004784549997566501,0.004784549997566501,0.14467819999845233,-34.8167894705695,34.8167894705695
Daganzo,TSP-random-n70-g10000-3,42539.704288887566,62317,0.009841800005233381,0.0049209000026166905,0.0049209000026166905,0.24375449999934062,-31.736597896420616,31.736597896420616
Daganzo,TSP-random-n600-g10000-2,137654.02781023155,181526,0.018772299998090602,0.009386149999045301,0.009386149999045301,165.0315816999937,-24.168423360713316,24.168423360713316
Daganzo,TSP-random-n600-g10000-3,138172.87736440895,180509,0.021205600001849234,0.010602800000924617,0.010602800000924617,8.010176700001466,-23.453746148718928,23.453746148718928
Daganzo,TSP-random-n600-g1000-3,13791.334639185578,18015,0.017830000004323665,0.008915000002161833,0.008915000002161833,3.546943499997724,-23.445269835217445,23.445269835217445
Daganzo,TSP-random-n70-g10000-5,44270.930780236595,62967,0.009724999996251427,0.004862499998125713,0.004862499998125713,0.1913456999900518,-29.69185322432926,29.69185322432926
Daganzo,TSP-random-n70-g10000-4,43667.22582825705,67115,0.007978200002980884,0.003989100001490442,0.003989100001490442,0.1634836000012001,-34.93671187028675,34.93671187028675
Daganzo,TSP-random-n600-g10000-5,137096.23138398078,178870,0.02229809999698773,0.011149049998493865,0.011149049998493865,2.1575944000069285,-23.354262098741668,23.354262098741668
Daganzo,TSP-random-n700-g1000-1,14896.321045647479,19294,0.015944800004945137,0.007972400002472568,0.007972400002472568,7.7415841999900294,-22.792987220651607,22.792987220651607
Daganzo,TSP-random-n700-g1000-3,14911.195642201199,19314,0.012679899999056943,0.006339949999528471,0.006339949999528471,5.427546099992469,-22.795921910525013,22.795921910525013
Daganzo,TSP-random-n700-g1000-5,14918.777919621967,19425,0.01260809999803314,0.00630404999901657,0.00630404999901657,4.898728400003165,-23.19805446784058,23.19805446784058
Daganzo,TSP-random-n700-g1000-4,14893.28249765645,19565,0.012003999996522907,0.006001999998261454,0.006001999998261454,17.14373369999521,-23.877932544561975,23.877932544561975
Daganzo,TSP-random-n8-g10000-1,9246.945407214209,22038,0.0037580999996862374,0.0018790499998431187,0.0018790499998431187,0.13355820000288077,-58.04090476806331,58.04090476806331
Daganzo,TSP-random-n8-g1000-2,949.7438454657129,2327,0.00693429999955697,0.003467149999778485,0.003467149999778485,0.14020419999724254,-59.18591123911848,59.18591123911848
Daganzo,TSP-random-n8-g10000-2,10578.14722886763,26791,0.007117499997548293,0.0035587499987741467,0.0035587499987741467,0.1327263999992283,-60.51604184663645,60.51604184663645
Daganzo,TSP-random-n700-g10000-1,149281.51247540666,193018,0.011512299999594688,0.005756149999797344,0.005756149999797344,8.412648400000762,-22.659279199138595,22.659279199138595
Daganzo,TSP-random-n8-g1000-5,982.3751151164203,2650,0.005598800002189819,0.0027994000010949094,0.0027994000010949094,0.4495604999974603,-62.929240939003016,62.929240939003016
Daganzo,TSP-random-n700-g10000-2,149423.6431126279,195932,0.009993499996198807,0.0049967499980994035,0.0049967499980994035,6.1309748999919975,-23.736988795792467,23.736988795792467
Daganzo,TSP-random-n8-g10000-4,9126.98744697285,26803,0.007086400000844151,0.0035432000004220754,0.0035432000004220754,0.17286669999884907,-65.94788849392663,65.94788849392663
Daganzo,TSP-random-n8-g10000-5,7911.000902389026,20205,0.009103700002015103,0.004551850001007551,0.004551850001007551,0.19114409999747295,-60.84632070087094,60.84632070087094
Daganzo,TSP-random-n700-g1000-2,14938.5217868101,19738,0.020482599997194484,0.010241299998597242,0.010241299998597242,9.918509499999345,-24.31592974561708,24.31592974561708
Daganzo,TSP-random-n8-g1000-3,1017.2869701318305,2702,0.008916099999623839,0.004458049999811919,0.004458049999811919,0.125698600008036,-62.35059325936972,62.35059325936972
Daganzo,TSP-random-n700-g10000-4,149077.60657821817,192066,0.015972900000633672,0.007986450000316836,0.007986450000316836,10.673867699981201,-22.382094395562895,22.382094395562895
Daganzo,TSP-random-n8-g1000-1,1203.537689314298,3061,0.008529700004146434,0.004264850002073217,0.004264850002073217,0.1333987999969395,-60.68155212955577,60.68155212955577
Daganzo,TSP-random-n8-g10000-3,12533.751139415524,35741,0.004550799996650312,0.002275399998325156,0.002275399998325156,0.15303090000816155,-64.9317278771844,64.9317278771844
Daganzo,TSP-random-n700-g10000-5,149655.65905888754,198937,0.013632800000777934,0.006816400000388967,0.006816400000388967,3.473652900007437,-24.77233543338467,24.77233543338467
Daganzo,TSP-random-n80-g1000-1,4797.2440763421655,6898,0.00399219999962952,0.00199609999981476,0.00199609999981476,0.165887199997087,-30.454565434297397,30.454565434297397
Daganzo,TSP-random-n80-g1000-3,4810.293456744609,7219,0.00471560000005411,0.002357800000027055,0.002357800000027055,0.1037709999945946,-33.36620783010654,33.36620783010654
Daganzo,TSP-random-n80-g10000-1,46904.89125232036,69969,0.012240900003234856,0.006120450001617428,0.006120450001617428,0.3416850999929011,-32.96332482625111,32.96332482625111
Daganzo,TSP-random-n80-g1000-2,4734.39680466266,7124,0.014613300001656171,0.0073066500008280855,0.0073066500008280855,0.2649170999939088,-33.54299825010304,33.54299825010304
Daganzo,TSP-random-n8-g1000-4,816.3872632519445,2306,0.020263500002329238,0.010131750001164619,0.010131750001164619,0.45341430000553373,-64.59725658057482,64.59725658057482
Daganzo,TSP-random-n80-g10000-4,46645.58535111334,70766,0.015850600000703707,0.007925300000351854,0.007925300000351854,0.5228367999952752,-34.084750655521944,34.084750655521944
Daganzo,TSP-random-n80-g10000-5,46671.726140523235,70352,0.014699799998197705,0.007349899999098852,0.007349899999098852,0.6109234999894397,-33.65970243841932,33.65970243841932
Daganzo,TSP-random-n80-g1000-4,4747.811912028528,6950,0.017653499999141786,0.008826749999570893,0.008826749999570893,0.141978100000415,-31.686159539157867,31.686159539157867
Daganzo,TSP-random-n80-g1000-5,4722.442260102287,7181,0.014067900003283285,0.007033950001641642,0.007033950001641642,0.12841299999854527,-34.23698287004196,34.23698287004196
Daganzo,TSP-random-n700-g10000-3,148545.94696789945,192270,0.029174600000260398,0.014587300000130199,0.014587300000130199,5.40025059999607,-22.740964805794224,22.740964805794224
Daganzo,TSP-random-n80-g10000-2,47169.24192916396,69907,0.019447099999524653,0.009723549999762326,0.009723549999762326,0.36559799998940434,-32.52572427773476,32.52572427773476
Daganzo,TSP-random-n80-g10000-3,48147.898313010504,71179,0.008438999997451901,0.004219499998725951,0.004219499998725951,0.20380740000109654,-32.356596309289955,32.356596309289955
Daganzo,TSP-random-n800-g10000-3,159010.00747449824,208830,0.012457400000130292,0.006228700000065146,0.006228700000065146,220.91395429999102,-23.85672198702378,23.85672198702378
Daganzo,TSP-random-n800-g10000-2,159756.82074791047,207925,0.014174899995850865,0.007087449997925432,0.007087449997925432,5.770357299988973,-23.16613165905472,23.16613165905472
Daganzo,TSP-random-n800-g1000-1,15989.563761403873,20931,0.012748900000588037,0.0063744500002940185,0.0063744500002940185,6.499728300012066,-23.608218616387784,23.608218616387784
Daganzo,TSP-random-n800-g1000-3,15993.322427813428,20449,0.019994299997051712,0.009997149998525856,0.009997149998525856,4.541776700003538,-21.78921987474484,21.78921987474484
Daganzo,TSP-random-n800-g10000-1,159146.03540961992,209055,0.02167580000241287,0.010837900001206435,0.010837900001206435,160.99431039999763,-23.87360483622974,23.87360483622974
Daganzo,TSP-random-n90-g1000-3,4989.726086069254,7280,0.007215600002382416,0.003607800001191208,0.003607800001191208,0.23230689999763854,-31.45980651003772,31.45980651003772
Daganzo,TSP-random-n800-g1000-5,15987.617034442623,20575,0.02131830000143964,0.01065915000071982,0.01065915000071982,4.631545100011863,-22.295907487520665,22.295907487520665
Daganzo,TSP-random-n800-g10000-5,160297.99276759516,208259,0.011544299995875917,0.005772149997937959,0.005772149997937959,8.321390500001144,-23.029500397296076,23.029500397296076
Daganzo,TSP-random-n90-g1000-1,5078.53734588021,7440,0.005796299999929033,0.0028981499999645166,0.0028981499999645166,0.42916329999570735,-31.740089437093953,31.740089437093953
Daganzo,TSP-random-n90-g1000-4,5178.690605307484,7543,0.009786200003873091,0.004893100001936546,0.004893100001936546,0.07916090000071563,-31.34441727021764,31.34441727021764
Daganzo,TSP-random-n90-g10000-1,49307.597072352844,71346,0.012605299998540431,0.006302649999270216,0.006302649999270216,0.3756913999968674,-30.889472328718014,30.889472328718014
Daganzo,TSP-random-n90-g1000-5,5096.9001916360885,7410,0.01244280000537401,0.006221400002687005,0.006221400002687005,0.2710372000001371,-31.215921840268713,31.215921840268713
Daganzo,TSP-random-n90-g1000-2,5008.977931374822,7318,0.015856899997743312,0.007928449998871656,0.007928449998871656,0.33611020000535063,-31.552638270363182,31.552638270363182
Daganzo,TSP-random-n800-g1000-4,15915.551391013758,21013,0.020042099997226615,0.010021049998613307,0.010021049998613307,5.587421500007622,-24.25854760855776,24.25854760855776
Daganzo,TSP-random-n90-g10000-3,50704.9657314646,72103,0.009075400004803669,0.004537700002401834,0.004537700002401834,0.5491708000045037,-29.677037388923345,29.677037388923345
Daganzo,TSP-random-n800-g10000-4,159488.6841518231,206382,0.025497999995423015,0.012748999997711508,0.012748999997711508,4.722381700004917,-22.721611307273353,22.721611307273353
Daganzo,TSP-random-n800-g1000-2,15990.665040579144,20439,0.04025520000141114,0.02012760000070557,0.02012760000070557,15.43028630000481,-21.76395596370104,21.76395596370104
Daganzo,TSP-random-n90-g10000-2,50667.41715477511,72585,0.013088300001982134,0.006544150000991067,0.006544150000991067,0.8370904000039445,-30.195746841943777,30.195746841943777
Daganzo,TSP-random-n90-g10000-4,50084.59923882789,74766,0.01594230000046082,0.00797115000023041,0.00797115000023041,0.4835809999931371,-33.01153032283673,33.01153032283673
Daganzo,TSP-random-n90-g10000-5,50519.40967889965,76024,0.016509699999005534,0.008254849999502767,0.008254849999502767,0.7709039999899687,-33.548077345444014,33.548077345444014
Daganzo,TSP-random-n900-g1000-3,16927.384922958416,22037,0.019263199996203184,0.009631599998101592,0.009631599998101592,4.338619100002688,-23.186527553848457,23.186527553848457
Daganzo,TSP-random-n900-g1000-4,16863.166538939236,22190,0.016913400002522394,0.008456700001261197,0.008456700001261197,11.710626600004616,-24.005558634793886,24.005558634793886
Daganzo,TSP-random-n900-g1000-5,16946.99725172575,21894,0.01585509999858914,0.00792754999929457,0.00792754999929457,9.186235300003318,-22.595244122929806,22.595244122929806
Daganzo,TSP-random-n900-g10000-2,169660.53408701153,217201,0.01401639999676263,0.007008199998381315,0.007008199998381315,5.5039209999958985,-21.887774878102988,21.887774878102988
Daganzo,TSP-squeezed_uniform-n10-g1000-2,913.8017358814767,2484,0.006381400002283044,0.003190700001141522,0.003190700001141522,0.04143840000324417,-63.212490503966315,63.212490503966315
Daganzo,TSP-random-n900-g10000-3,168812.90228325262,221776,0.017660899997281376,0.008830449998640688,0.008830449998640688,365.2208775000181,-23.88134771875558,23.88134771875558
Daganzo,TSP-squeezed_uniform-n10-g1000-5,700.128473210453,1846,0.0037227000066195615,0.0018613500033097807,0.0018613500033097807,0.041265599997132085,-62.07321380225065,62.07321380225065
Daganzo,TSP-squeezed_uniform-n10-g10000-4,9008.866860155054,23222,0.006245200005650986,0.003122600002825493,0.003122600002825493,0.045218800005386584,-61.20546524780357,61.20546524780357
Daganzo,TSP-squeezed_uniform-n10-g1000-1,1213.236664876231,3081,0.007918199997220654,0.003959099998610327,0.003959099998610327,0.08000400000310037,-60.62198426237484,60.62198426237484
Daganzo,TSP-squeezed_uniform-n10-g10000-3,12664.916311646122,31600,0.0052467999994405545,0.0026233999997202773,0.0026233999997202773,0.11299579999467824,-59.921150912512275,59.921150912512275
Daganzo,TSP-random-n900-g10000-1,169775.52196855407,217290,0.014716899997438304,0.007358449998719152,0.007358449998719152,228.23099480000383,-21.866849846493597,21.866849846493597
Daganzo,TSP-random-n900-g10000-5,169882.7012196062,223658,0.013202099995396566,0.006601049997698283,0.006601049997698283,14.82572639999853,-24.04353914476289,24.04353914476289
Daganzo,TSP-random-n900-g1000-1,16940.2580747756,22361,0.01621549999981653,0.008107749999908265,0.008107749999908265,6.0358360999962315,-24.241947700122534,24.241947700122534
Daganzo,TSP-squeezed_uniform-n10-g1000-4,1007.8794414512084,2568,0.008019500004593283,0.0040097500022966415,0.0040097500022966415,0.0379708000109531,-60.752358198940485,60.752358198940485
Daganzo,TSP-squeezed_uniform-n10-g10000-2,5707.46396558927,18238,0.005534000003535766,0.002767000001767883,0.002767000001767883,0.05225829999835696,-68.70564773774937,68.70564773774937
Daganzo,TSP-random-n900-g1000-2,16928.35226033532,21858,0.01900329999625683,0.009501649998128414,0.009501649998128414,7.607948799995938,-22.553059473257758,22.553059473257758
Daganzo,TSP-squeezed_uniform-n10-g10000-5,9541.220703741214,24258,0.005938499998592306,0.002969249999296153,0.002969249999296153,0.04177289998915512,-60.6677355769593,60.6677355769593
Daganzo,TSP-random-n900-g10000-4,169676.34991309186,221030,0.012109700001019519,0.006054850000509759,0.006054850000509759,5.285031599996728,-23.23379183228889,23.23379183228889
Daganzo,TSP-squeezed_uniform-n10-g10000-1,7617.413228156918,19402,0.007569900000817142,0.003784950000408571,0.003784950000408571,0.04639879999740515,-60.739030882605306,60.739030882605306
Daganzo,TSP-squeezed_uniform-n100-g1000-5,4670.900466184223,6803,0.003979500004788861,0.0019897500023944303,0.0019897500023944303,0.38617109999177046,-31.34057818338641,31.34057818338641
Daganzo,TSP-squeezed_uniform-n100-g1000-1,4750.940596871318,6678,0.00784620000194991,0.003923100000974955,0.003923100000974955,0.26049260000581853,-28.856834428401946,28.856834428401946
Daganzo,TSP-squeezed_uniform-n10-g1000-3,1013.6476850957632,2559,0.01133490000211168,0.00566745000105584,0.00566745000105584,0.04178709999541752,-60.388914220564146,60.388914220564146
Daganzo,TSP-squeezed_uniform-n100-g1000-3,4566.393767515018,6776,0.007175999999162741,0.0035879999995813705,0.0035879999995813705,0.40163599999505095,-32.60930095166738,32.60930095166738
Daganzo,TSP-squeezed_uniform-n100-g1000-2,4459.890320960819,6287,0.011728400000720285,0.0058642000003601424,0.0058642000003601424,0.2112250999925891,-29.061709544125673,29.061709544125673
Daganzo,TSP-squeezed_uniform-n100-g10000-2,44776.157079019176,61862,0.024427999996987637,0.012213999998493819,0.012213999998493819,0.2962979000003543,-27.61928634861599,27.61928634861599
Daganzo,TSP-squeezed_uniform-n100-g10000-4,43080.877909926574,60452,0.024905799997213762,0.012452899998606881,0.012452899998606881,0.24667249999765772,-28.73539682735629,28.73539682735629
Daganzo,TSP-squeezed_uniform-n100-g1000-4,4248.7105655716305,6149,0.032915900002990384,0.016457950001495192,0.016457950001495192,0.22476639998785686,-30.90404024115091,30.90404024115091
Daganzo,TSP-squeezed_uniform-n100-g10000-1,45371.66003955552,64229,0.028303600003710017,0.014151800001855008,0.014151800001855008,0.25471619999734685,-29.359541578483984,29.359541578483984
Daganzo,TSP-squeezed_uniform-n100-g10000-3,45244.0978333086,64404,0.02328069999930449,0.011640349999652244,0.011640349999652244,0.3275506000063615,-29.749553081627532,29.749553081627532
Daganzo,TSP-squeezed_uniform-n100-g10000-5,47912.76972347768,65855,0.004844600000069477,0.0024223000000347383,0.0024223000000347383,0.1351101999898674,-27.24505394658313,27.24505394658313
Daganzo,TSP-squeezed_uniform-n1000-g10000-1,167623.04401274901,198144,0.025961899998947047,0.012980949999473523,0.012980949999473523,14.507904800004326,-15.403421747441753,15.403421747441753
Daganzo,TSP-squeezed_uniform-n20-g1000-4,1910.0180342080541,3859,0.0037968000033288263,0.0018984000016644131,0.0018984000016644131,0.04030599999532569,-50.5048449285293,50.5048449285293
Daganzo,TSP-squeezed_uniform-n1000-g10000-5,167751.00968399562,202136,0.023738500000035856,0.011869250000017928,0.011869250000017928,17.16014059999725,-17.010819604624793,17.010819604624793
Daganzo,TSP-squeezed_uniform-n20-g10000-3,14949.780553673689,31737,0.00378140000248095,0.001890700001240475,0.001890700001240475,0.04439539999293629,-52.894789823632706,52.894789823632706
Daganzo,TSP-squeezed_uniform-n1000-g10000-2,163571.9387416436,196434,0.013933200003521051,0.006966600001760526,0.006966600001760526,12.417774400004419,-16.729314303204337,16.729314303204337
Daganzo,TSP-squeezed_uniform-n1000-g10000-4,165678.12417516077,201108,0.011138900001242291,0.005569450000621146,0.005569450000621146,14.003085300006205,-17.61733786067149,17.61733786067149
Daganzo,TSP-squeezed_uniform-n20-g1000-2,1768.1552513849,3570,0.008537299996532965,0.004268649998266483,0.004268649998266483,0.036099200005992316,-50.47184169790195,50.47184169790195
Daganzo,TSP-squeezed_uniform-n1000-g1000-3,16788.633735357977,20242,0.012638299995160196,0.006319149997580098,0.006319149997580098,7.233491100007086,-17.060400477433177,17.060400477433177
Daganzo,TSP-squeezed_uniform-n1000-g1000-2,16794.046690717518,19959,0.029168499997467734,0.014584249998733867,0.014584249998733867,363.728197599994,-15.857273958026367,15.857273958026367
Daganzo,TSP-squeezed_uniform-n1000-g1000-5,16777.855838872856,19929,0.036678399999800604,0.018339199999900302,0.018339199999900302,9.074108199987677,-15.811852883371689,15.811852883371689
Daganzo,TSP-squeezed_uniform-n20-g1000-5,1753.3555783126249,3338,0.00730170000315411,0.003650850001577055,0.003650850001577055,0.04265839999425225,-47.472870631736825,47.472870631736825
Daganzo,TSP-squeezed_uniform-n1000-g10000-3,165295.25615606757,192489,0.028024399995047133,0.014012199997523567,0.014012199997523567,8.989063300017733,-14.127427460235356,14.127427460235356
Daganzo,TSP-squeezed_uniform-n20-g1000-1,1458.2511758952912,2793,0.0070467999976244755,0.0035233999988122378,0.0035233999988122378,0.04505570000037551,-47.78907354474431,47.78907354474431
Daganzo,TSP-squeezed_uniform-n20-g10000-4,19435.15928087547,36355,0.004985399995348416,0.002492699997674208,0.002492699997674208,0.04846170000382699,-46.54061537374373,46.54061537374373
Daganzo,TSP-squeezed_uniform-n20-g10000-1,16284.552150642643,31145,0.006324000001768582,0.003162000000884291,0.003162000000884291,0.05230419999861624,-47.71375132238676,47.71375132238676
Daganzo,TSP-squeezed_uniform-n20-g10000-2,16017.8151198283,31326,0.0066101999982493,0.00330509999912465,0.00330509999912465,0.051746700002695434,-48.86734623051682,48.86734623051682
Daganzo,TSP-squeezed_uniform-n1000-g1000-1,16560.42277992926,19948,0.018783999999868684,0.009391999999934342,0.009391999999934342,20.820528500000364,-16.98203940280098,16.98203940280098
Daganzo,TSP-squeezed_uniform-n200-g1000-1,7007.358932579376,9157,0.005103000003146008,0.002551500001573004,0.002551500001573004,1.2231018000020413,-23.475385687677445,23.475385687677445
Daganzo,TSP-squeezed_uniform-n20-g10000-5,15163.747185046312,29236,0.00681579999945825,0.003407899999729125,0.003407899999729125,0.05004860000917688,-48.13330419672216,48.13330419672216
Daganzo,TSP-squeezed_uniform-n1000-g1000-4,16981.212664294617,20364,0.01964179999777116,0.00982089999888558,0.00982089999888558,16.649420600006124,-16.611605459170022,16.611605459170022
Daganzo,TSP-squeezed_uniform-n200-g1000-4,6885.574047964338,9352,0.002491899998858571,0.0012459499994292855,0.0012459499994292855,1.1564733999985037,-26.373245851536158,26.373245851536158
Daganzo,TSP-squeezed_uniform-n200-g1000-5,6665.308593756181,8728,0.005300299999362323,0.0026501499996811617,0.0026501499996811617,3.5548223000077996,-23.63303627685402,23.63303627685402
Daganzo,TSP-squeezed_uniform-n200-g10000-2,70436.41228043915,92411,0.006736300005286466,0.003368150002643233,0.003368150002643233,1.78805669999565,-23.77919048550589,23.77919048550589
Daganzo,TSP-squeezed_uniform-n200-g1000-2,6466.229834300666,8708,0.006879500004288275,0.0034397500021441374,0.0034397500021441374,1.0000341999984812,-25.74380070853622,25.74380070853622
Daganzo,TSP-squeezed_uniform-n20-g1000-3,1591.4589862764292,2827,0.013289700000314042,0.006644850000157021,0.006644850000157021,0.03640750001068227,-43.70502347801807,43.70502347801807
Daganzo,TSP-squeezed_uniform-n200-g1000-3,6771.400880910833,9198,0.008923100001993589,0.0044615500009967946,0.0044615500009967946,1.4989088000002084,-26.381812558047045,26.381812558047045
Daganzo,TSP-squeezed_uniform-n30-g1000-3,2333.3303505933313,4394,0.006883500005642418,0.003441750002821209,0.003441750002821209,0.06546919999527745,-46.8973520575027,46.8973520575027
Daganzo,TSP-squeezed_uniform-n200-g10000-1,69797.18078475661,90275,0.006574999999429565,0.0032874999997147825,0.0032874999997147825,2.111510899994755,-22.683820786755348,22.683820786755348
Daganzo,TSP-squeezed_uniform-n30-g1000-5,2497.2860529983345,4196,0.006103799998527393,0.0030518999992636964,0.0030518999992636964,0.05670939999981783,-40.4841264776374,40.4841264776374
Daganzo,TSP-squeezed_uniform-n200-g10000-4,70479.10391257823,91891,0.006716600000800099,0.0033583000004000496,0.0033583000004000496,3.5181930999970064,-23.30140719702884,23.30140719702884
Daganzo,TSP-squeezed_uniform-n200-g10000-5,72014.18100659063,91622,0.009383500000694767,0.004691750000347383,0.004691750000347383,1.9688375999976415,-21.40077600730105,21.40077600730105
Daganzo,TSP-squeezed_uniform-n30-g1000-1,2289.8479258457314,4073,0.007739199994830415,0.0038695999974152073,0.0038695999974152073,0.11790060000203084,-43.779820136367995,43.779820136367995
Daganzo,TSP-squeezed_uniform-n30-g10000-1,24812.85864622414,42127,0.0060548000037670135,0.0030274000018835068,0.0030274000018835068,0.04203210001287516,-41.09986790840995,41.09986790840995
Daganzo,TSP-squeezed_uniform-n200-g10000-3,72082.32079698876,95372,0.00455849999707425,0.002279249998537125,0.002279249998537125,1.9878736999962712,-24.41982888375125,24.41982888375125
Daganzo,TSP-squeezed_uniform-n30-g1000-2,2201.7448074197882,3958,0.007513099997595418,0.003756549998797709,0.003756549998797709,0.07811360000050627,-44.37228884740303,44.37228884740303
Daganzo,TSP-squeezed_uniform-n30-g10000-3,22878.660078105535,39604,0.006030600001395214,0.003015300000697607,0.003015300000697607,0.14174069999717176,-42.23144107134245,42.23144107134245
Daganzo,TSP-squeezed_uniform-n30-g1000-4,1892.8471911382596,3165,0.06326519999856828,0.03163259999928414,0.03163259999928414,0.07471049999003299,-40.19440154381486,40.19440154381486
Daganzo,TSP-squeezed_uniform-n30-g10000-2,24350.906950481327,42520,0.062046499995631166,0.031023249997815583,0.031023249997815583,0.09294760000193492,-42.73069861128568,42.73069861128568
Daganzo,TSP-squeezed_uniform-n30-g10000-4,21182.48629571137,34865,0.06350150000071153,0.031750750000355765,0.031750750000355765,0.05038349999813363,-39.24426704227343,39.24426704227343
Daganzo,TSP-squeezed_uniform-n30-g10000-5,18297.93741290258,31716,0.0058492999960435554,0.0029246499980217777,0.0029246499980217777,0.11035420000553131,-42.30691949519934,42.30691949519934
Daganzo,TSP-squeezed_uniform-n300-g1000-2,8963.246828298325,11116,0.06425970000418602,0.03212985000209301,0.03212985000209301,1.1639710000017658,-19.366257392062572,19.366257392062572
Daganzo,TSP-squeezed_uniform-n300-g10000-2,89290.35381571179,112799,0.06375139999727253,0.031875699998636264,0.031875699998636264,1.792967299988959,-20.84118315258842,20.84118315258842
Daganzo,TSP-squeezed_uniform-n40-g1000-2,2713.969869766427,4320,0.004054499993799254,0.002027249996899627,0.002027249996899627,0.05784029999631457,-37.176623385036415,37.176623385036415
Daganzo,TSP-squeezed_uniform-n300-g1000-4,8612.038872706044,11210,0.06356889999733539,0.031784449998667696,0.031784449998667696,1.30159280000953,-23.175389181926462,23.175389181926462
Daganzo,TSP-squeezed_uniform-n40-g1000-1,2364.729344343661,3809,0.007209000003058463,0.0036045000015292317,0.0036045000015292317,0.07285509999201167,-37.91731834225096,37.91731834225096
Daganzo,TSP-squeezed_uniform-n300-g1000-1,8915.038711637768,11061,0.06577040000411216,0.03288520000205608,0.03288520000205608,1.1621943000063766,-19.4011507853018,19.4011507853018
Daganzo,TSP-squeezed_uniform-n40-g1000-4,2481.6441074416766,4227,0.006717399999615736,0.003358699999807868,0.003358699999807868,0.09781400000792928,-41.29065276930029,41.29065276930029
Daganzo,TSP-squeezed_uniform-n300-g10000-1,84878.36793635938,112674,0.0657221999936155,0.03286109999680775,0.03286109999680775,3.110577800005558,-24.669073667075473,24.669073667075473
Daganzo,TSP-squeezed_uniform-n40-g10000-3,27739.30811808398,45736,0.005594800000835676,0.002797400000417838,0.002797400000417838,0.0904480000026524,-39.34907268216726,39.34907268216726
Daganzo,TSP-squeezed_uniform-n40-g1000-3,2739.787877920478,4455,0.007346900005359203,0.0036734500026796013,0.0036734500026796013,0.09027079999214038,-38.500833267778276,38.500833267778276
Daganzo,TSP-squeezed_uniform-n300-g1000-3,8406.802445638888,10468,0.07025509999948554,0.03512754999974277,0.03512754999974277,1.6909853999968618,-19.690461925497818,19.690461925497818
Daganzo,TSP-squeezed_uniform-n300-g10000-4,88756.86543180759,113142,0.008683100000780541,0.004341550000390271,0.004341550000390271,2.868346899995231,-21.5526812043206,21.5526812043206
Daganzo,TSP-squeezed_uniform-n300-g1000-5,8720.849116341826,11139,0.010821700001542922,0.005410850000771461,0.005410850000771461,1.4115041999903042,-21.70886869250538,21.70886869250538
Daganzo,TSP-squeezed_uniform-n300-g10000-3,92420.72421518886,115849,0.007410300000628922,0.003705150000314461,0.003705150000314461,28.033932099991944,-20.223114385804916,20.223114385804916
Daganzo,TSP-squeezed_uniform-n40-g10000-4,25048.72221459609,41170,0.008208699997339863,0.004104349998669932,0.004104349998669932,0.07844899999327026,-39.157827994665794,39.157827994665794
Daganzo,TSP-squeezed_uniform-n40-g1000-5,2755.64671030232,4285,0.010804400000779424,0.005402200000389712,0.005402200000389712,0.0860376000055112,-35.69085856937409,35.69085856937409
Daganzo,TSP-squeezed_uniform-n40-g10000-2,25754.543578716355,41759,0.015077099997142795,0.007538549998571398,0.007538549998571398,0.08990500000072643,-38.32576551470017,38.32576551470017
Daganzo,TSP-squeezed_uniform-n40-g10000-1,24771.405712070515,41785,0.011486400006106123,0.005743200003053062,0.005743200003053062,0.6247832999943057,-40.7169900393191,40.7169900393191
Daganzo,TSP-squeezed_uniform-n400-g10000-1,104266.99351136963,129598,0.007466800001566298,0.003733400000783149,0.003733400000783149,3.049871200011694,-19.54583133121682,19.54583133121682
Daganzo,TSP-squeezed_uniform-n400-g1000-3,10257.17177685935,12466,0.007262400002218783,0.0036312000011093915,0.0036312000011093915,5.156594799991581,-17.718820978185867,17.718820978185867
Daganzo,TSP-squeezed_uniform-n400-g1000-4,10364.339952934773,12977,0.011117900001408998,0.005558950000704499,0.005558950000704499,2.422584799991455,-20.13300490918723,20.13300490918723
Daganzo,TSP-squeezed_uniform-n5-g1000-3,338.9212043381174,1166,0.009976800000004005,0.004988400000002002,0.004988400000002002,0.089763199997833,-70.93300134321463,70.93300134321463
Daganzo,TSP-squeezed_uniform-n40-g10000-5,28632.931362890526,43772,0.009417200002644677,0.004708600001322338,0.004708600001322338,0.06790469998668414,-34.5861935417835,34.5861935417835
Daganzo,TSP-squeezed_uniform-n5-g1000-1,522.850346179478,1828,0.007277199998497963,0.0036385999992489815,0.0036385999992489815,0.047415100008947775,-71.39768346939398,71.39768346939398
Daganzo,TSP-squeezed_uniform-n400-g10000-3,98934.03778791198,126536,0.009100900002522394,0.004550450001261197,0.004550450001261197,1.678967100000591,-21.81352517235255,21.81352517235255
Daganzo,TSP-squeezed_uniform-n400-g1000-5,10198.986920277915,13044,0.0128642999989097,0.00643214999945485,0.00643214999945485,7.67400970000017,-21.81089450875563,21.81089450875563
Daganzo,TSP-squeezed_uniform-n400-g10000-2,100740.32903192246,125445,0.010432799994305242,0.005216399997152621,0.005216399997152621,44.8171888999932,-19.693627460701933,19.693627460701933
Daganzo,TSP-squeezed_uniform-n400-g1000-1,10117.193319295622,12688,0.013017700002819765,0.006508850001409883,0.006508850001409883,3.0173847999976715,-20.26171721866628,20.26171721866628
Daganzo,TSP-squeezed_uniform-n5-g1000-2,580.2553806299429,1889,0.010978600002999883,0.005489300001499942,0.005489300001499942,0.09366220000083558,-69.2824044134493,69.2824044134493
Daganzo,TSP-squeezed_uniform-n400-g10000-5,92805.55366054339,116751,0.01093350000155624,0.00546675000077812,0.00546675000077812,4.86965790000977,-20.5098426047371,20.5098426047371
Daganzo,TSP-squeezed_uniform-n5-g10000-1,5764.379944300167,21178,0.004114099996513687,0.0020570499982568435,0.0020570499982568435,0.25831389999075327,-72.78128272594124,72.78128272594124
Daganzo,TSP-squeezed_uniform-n300-g10000-5,86373.74250071602,110278,0.024039100004301872,0.012019550002150936,0.012019550002150936,3.923994099997799,-21.676361104920275,21.676361104920275
Daganzo,TSP-squeezed_uniform-n5-g10000-4,2353.076054550722,15347,0.00883359999716049,0.004416799998580245,0.004416799998580245,0.0945542999979807,-84.66751772626102,84.66751772626102
Daganzo,TSP-squeezed_uniform-n5-g10000-3,5599.437727352631,20565,0.004920699997455813,0.0024603499987279065,0.0024603499987279065,0.4096152999991318,-72.7720022983096,72.7720022983096
Daganzo,TSP-squeezed_uniform-n5-g10000-5,5714.947887557681,21991,0.008159199998772237,0.004079599999386119,0.004079599999386119,0.14219389999925625,-74.01233282907698,74.01233282907698
Daganzo,TSP-squeezed_uniform-n5-g1000-4,343.56865252813736,1774,0.008759600001212675,0.0043798000006063376,0.0043798000006063376,0.16823670000303537,-80.63310865117602,80.63310865117602
Daganzo,TSP-squeezed_uniform-n5-g10000-2,2334.8660440162303,10405,0.006824399999459274,0.003412199999729637,0.003412199999729637,0.2729534000100102,-77.56015334919529,77.56015334919529
Daganzo,TSP-squeezed_uniform-n5-g1000-5,376.4730259261612,1552,0.006524500000523403,0.0032622500002617016,0.0032622500002617016,0.5055993999994826,-75.74271740166488,75.74271740166488
Daganzo,TSP-squeezed_uniform-n50-g1000-1,3404.429681312275,5438,0.004631299998436589,0.0023156499992182944,0.0023156499992182944,0.12247130001196638,-37.39555569488277,37.39555569488277
Daganzo,TSP-squeezed_uniform-n50-g1000-3,2807.6434749625887,4240,0.007974000000103842,0.003987000000051921,0.003987000000051921,0.11006090001319535,-33.781993515033285,33.781993515033285
Daganzo,TSP-squeezed_uniform-n400-g10000-4,102443.17003822165,129431,0.014339300003484823,0.007169650001742411,0.007169650001742411,9.07665870001074,-20.85113300660456,20.85113300660456
Daganzo,TSP-squeezed_uniform-n400-g1000-2,10297.147418581515,13117,0.01551340000150958,0.00775670000075479,0.00775670000075479,9.757436699990649,-21.49769445314085,21.49769445314085
Daganzo,TSP-squeezed_uniform-n50-g1000-2,3226.4442045384885,5118,0.008574299994506873,0.004287149997253437,0.004287149997253437,0.07756560000416357,-36.95888619502758,36.95888619502758
Daganzo,TSP-squeezed_uniform-n50-g10000-3,34342.79587839347,55017,0.007752000004984438,0.003876000002492219,0.003876000002492219,0.12064039999677334,-37.57784706837256,37.57784706837256
Daganzo,TSP-squeezed_uniform-n50-g10000-1,32843.571756319376,49669,0.009616100003768224,0.004808050001884112,0.004808050001884112,0.050544199999421835,-33.875109713665715,33.875109713665715
Daganzo,TSP-squeezed_uniform-n50-g1000-5,3209.668177943009,5142,0.011966199999733362,0.005983099999866681,0.005983099999866681,0.0750116999988677,-37.57938199255136,37.57938199255136
Daganzo,TSP-squeezed_uniform-n50-g1000-4,2884.9701293947564,4610,0.013738499997998588,0.006869249998999294,0.006869249998999294,0.1858805000083521,-37.41930305000528,37.41930305000528
Daganzo,TSP-squeezed_uniform-n50-g10000-2,29130.661545783678,43945,0.010562700001173653,0.005281350000586826,0.005281350000586826,0.10157739999704063,-33.71108989467817,33.71108989467817
Daganzo,TSP-squeezed_uniform-n60-g1000-2,3350.3841672261997,4837,0.0033868999962578528,0.0016934499981289264,0.0016934499981289264,0.1761621999903582,-30.734253313495973,30.734253313495973
Daganzo,TSP-squeezed_uniform-n500-g1000-3,11561.238493344907,13961,0.014501000005111564,0.007250500002555782,0.007250500002555782,3.7501296999980696,-17.189037365912853,17.189037365912853
Daganzo,TSP-squeezed_uniform-n500-g10000-5,114224.30873526876,142630,0.007776800004648976,0.003888400002324488,0.003888400002324488,3.0757080000039423,-19.915649768443693,19.915649768443693
Daganzo,TSP-squeezed_uniform-n60-g1000-1,3608.0770378416255,5591,0.00838110000040615,0.004190550000203075,0.004190550000203075,0.10697940000682138,-35.466338081888296,35.466338081888296
Daganzo,TSP-squeezed_uniform-n500-g10000-4,114756.69445570484,140767,0.009024099999805912,0.004512049999902956,0.004512049999902956,6.198698699998204,-18.477559047429555,18.477559047429555
Daganzo,TSP-squeezed_uniform-n500-g1000-2,11494.36835041404,13795,0.014571899999282323,0.007285949999641161,0.007285949999641161,1.7912158999970416,-16.677286332627467,16.677286332627467
Daganzo,TSP-squeezed_uniform-n50-g10000-5,30610.346953603777,48620,0.007850599999073893,0.003925299999536946,0.003925299999536946,0.04956119999405928,-37.04165579267014,37.04165579267014
Daganzo,TSP-squeezed_uniform-n500-g10000-2,116205.42868031166,136735,0.012548499995318707,0.0062742499976593535,0.0062742499976593535,35.89451360001112,-15.014130485748597,15.014130485748597
Daganzo,TSP-squeezed_uniform-n500-g10000-3,114557.68443135972,139131,0.006288600001425948,0.003144300000712974,0.003144300000712974,2.523257900000317,-17.66199881309002,17.66199881309002
Daganzo,TSP-squeezed_uniform-n500-g10000-1,117111.96127445735,143196,0.009446900003240444,0.004723450001620222,0.004723450001620222,4.276460299995961,-18.215619658050954,18.215619658050954
Daganzo,TSP-squeezed_uniform-n500-g1000-4,11860.226289999695,14197,0.01493760000448674,0.00746880000224337,0.00746880000224337,6.175206600004458,-16.459630274003697,16.459630274003697
Daganzo,TSP-squeezed_uniform-n50-g10000-4,29428.328839402348,46707,0.008715799995115958,0.004357899997557979,0.004357899997557979,0.10466929999529384,-36.99375074527941,36.99375074527941
Daganzo,TSP-squeezed_uniform-n60-g1000-3,3685.730366426714,5461,0.006651999996392988,0.003325999998196494,0.003325999998196494,0.13294820000010077,-32.508141980832924,32.508141980832924
Daganzo,TSP-squeezed_uniform-n500-g1000-5,11773.573872236075,14604,0.011112100000900682,0.005556050000450341,0.005556050000450341,3.0721726000047056,-19.381170417446764,19.381170417446764
Daganzo,TSP-squeezed_uniform-n60-g10000-3,35092.34777547663,52767,0.007741999994323123,0.0038709999971615616,0.0038709999971615616,0.21421360000385903,-33.49565490651993,33.49565490651993
Daganzo,TSP-squeezed_uniform-n60-g10000-1,33983.975157829904,51741,0.008882599999196827,0.004441299999598414,0.004441299999598414,0.1747590000013588,-34.31906001463075,34.31906001463075
Daganzo,TSP-squeezed_uniform-n60-g10000-2,35685.33443525505,54425,0.007889200001955032,0.003944600000977516,0.003944600000977516,0.23692599999776576,-34.43209106981158,34.43209106981158
Daganzo,TSP-squeezed_uniform-n60-g1000-4,3274.092602691622,5104,0.014679400002933107,0.007339700001466554,0.007339700001466554,0.1329362999967998,-35.85241765886321,35.85241765886321
Daganzo,TSP-squeezed_uniform-n500-g1000-1,11597.048881073148,14581,0.028550100003485568,0.014275050001742784,0.014275050001742784,9.311835500004236,-20.464653445764025,20.464653445764025
Daganzo,TSP-squeezed_uniform-n60-g10000-4,35856.27300084324,56062,0.01025610000215238,0.00512805000107619,0.00512805000107619,0.65956179999921,-36.041751987365345,36.041751987365345
Daganzo,TSP-squeezed_uniform-n60-g1000-5,3709.386403436557,5651,0.006262100003368687,0.0031310500016843434,0.0031310500016843434,0.14396660000784323,-34.35876122037592,34.35876122037592
Daganzo,TSP-squeezed_uniform-n70-g1000-2,3581.1524141678187,5112,0.004978099997970276,0.002489049998985138,0.002489049998985138,0.15626430000702385,-29.946157782319666,29.946157782319666
Daganzo,TSP-squeezed_uniform-n60-g10000-5,33726.77250356162,50282,0.010897299995122012,0.005448649997561006,0.005448649997561006,0.21599669998977333,-32.92475935014196,32.92475935014196
Daganzo,TSP-squeezed_uniform-n600-g10000-3,123414.05819180406,154317,0.010863000003155321,0.0054315000015776604,0.0054315000015776604,20.062011100002564,-20.02562375382877,20.02562375382877
Daganzo,TSP-squeezed_uniform-n70-g1000-5,3477.4057509154723,5307,0.0027344999980414286,0.0013672499990207143,0.0013672499990207143,0.2540863000031095,-34.47511304097471,34.47511304097471
Daganzo,TSP-squeezed_uniform-n70-g10000-1,34665.85322428975,52099,0.003505399996356573,0.0017526999981782865,0.0017526999981782865,0.13515230000484735,-33.46157656713229,33.46157656713229
Daganzo,TSP-squeezed_uniform-n600-g10000-2,125188.45066079378,154309,0.013668999999936204,0.006834499999968102,0.006834499999968102,57.62730530000408,-18.87158191628889,18.87158191628889
Daganzo,TSP-squeezed_uniform-n600-g1000-2,12337.070308626759,14986,0.015040499994938727,0.007520249997469364,0.007520249997469364,5.085278300000937,-17.676028902797555,17.676028902797555
Daganzo,TSP-squeezed_uniform-n600-g10000-4,127898.66552837836,157307,0.012277000001631677,0.006138500000815839,0.006138500000815839,7.379515399996308,-18.694867025384525,18.694867025384525
Daganzo,TSP-squeezed_uniform-n600-g1000-5,13051.169151076083,16110,0.017716900001687463,0.008858450000843732,0.008858450000843732,3.893309999999474,-18.987156107535178,18.987156107535178
Daganzo,TSP-squeezed_uniform-n70-g10000-2,38733.768797788056,56510,0.004425700004503597,0.0022128500022517983,0.0022128500022517983,0.11329490000207443,-31.456788536917262,31.456788536917262
Daganzo,TSP-squeezed_uniform-n70-g1000-3,3903.9133135867655,6026,0.015434699998877477,0.0077173499994387385,0.0077173499994387385,0.19068749999860302,-35.2155108930175,35.2155108930175
Daganzo,TSP-squeezed_uniform-n70-g10000-4,36978.60263438844,55339,0.0067896000036853366,0.0033948000018426683,0.0033948000018426683,0.5710421999974642,-33.178043270770274,33.178043270770274
Daganzo,TSP-squeezed_uniform-n70-g10000-3,37462.807786663565,55062,0.009332699999504257,0.0046663499997521285,0.0046663499997521285,0.1613389999984065,-31.9625008414813,31.9625008414813
Daganzo,TSP-squeezed_uniform-n600-g1000-4,12384.922171333981,15513,0.02497109999967506,0.01248554999983753,0.01248554999983753,9.99692020000657,-20.16423534239682,20.16423534239682
Daganzo,TSP-squeezed_uniform-n70-g10000-5,35261.32318894882,52051,0.009393799999088515,0.004696899999544257,0.004696899999544257,0.500084400002379,-32.25620412874138,32.25620412874138
Daganzo,TSP-squeezed_uniform-n600-g1000-1,13041.684702522138,15747,0.02341100000194274,0.01170550000097137,0.01170550000097137,12.258267199998954,-17.179877420955496,17.179877420955496
Daganzo,TSP-squeezed_uniform-n70-g1000-1,4035.5987923727,5834,0.015125099998840597,0.007562549999420298,0.007562549999420298,0.3724594000086654,-30.82621199224032,30.82621199224032
Daganzo,TSP-squeezed_uniform-n70-g1000-4,3383.4568154477747,5032,0.01744899999903282,0.00872449999951641,0.00872449999951641,0.15518149999843445,-32.761192061848675,32.761192061848675
Daganzo,TSP-squeezed_uniform-n600-g1000-3,12173.6948507838,15097,0.0215163000029861,0.01075815000149305,0.01075815000149305,12.408783199993195,-19.363483799537654,19.363483799537654
Daganzo,TSP-squeezed_uniform-n700-g10000-3,139971.7440974606,170693,0.007854699993913528,0.003927349996956764,0.003927349996956764,5.504404599996633,-17.997958851586993,17.997958851586993
Daganzo,TSP-squeezed_uniform-n600-g10000-1,123976.71902946134,155567,0.023030500000459142,0.011515250000229571,0.011515250000229571,4.811391499999445,-20.30654378533922,20.30654378533922
Daganzo,TSP-squeezed_uniform-n600-g10000-5,126822.1189695236,156206,0.02350980000483105,0.011754900002415525,0.011754900002415525,5.499487999986741,-18.810981031763443,18.810981031763443
Daganzo,TSP-squeezed_uniform-n700-g1000-1,13573.022594101873,16574,0.016732399999455083,0.008366199999727542,0.008366199999727542,22.089406800005236,-18.106536779884923,18.106536779884923
Daganzo,TSP-squeezed_uniform-n700-g1000-2,13504.186009345396,16408,0.014400000000023283,0.0072000000000116415,0.0072000000000116415,17.86578659999941,-17.69754991866531,17.69754991866531
Daganzo,TSP-squeezed_uniform-n700-g1000-4,13578.626330008494,16694,0.015266099995642435,0.007633049997821217,0.007633049997821217,3.6270723000052385,-18.66163693537502,18.66163693537502
Daganzo,TSP-squeezed_uniform-n8-g1000-1,777.2016363853077,2279,0.006334899997455068,0.003167449998727534,0.003167449998727534,0.08349599999201018,-65.89725158467277,65.89725158467277
Daganzo,TSP-squeezed_uniform-n700-g10000-2,132705.2881897515,163358,0.012141400002292357,0.006070700001146179,0.006070700001146179,9.388225399990915,-18.764132647466607,18.764132647466607
Daganzo,TSP-squeezed_uniform-n8-g1000-2,415.93287054523597,1522,0.009021500001836102,0.004510750000918051,0.004510750000918051,0.03680990000430029,-72.67195331503048,72.67195331503048
Daganzo,TSP-squeezed_uniform-n8-g10000-5,7235.676002199104,18981,0.003482399995846208,0.001741199997923104,0.001741199997923104,0.38135999999940395,-61.87937409936725,61.87937409936725
Daganzo,TSP-squeezed_uniform-n8-g10000-2,6082.130559828521,20330,0.010842399999091867,0.005421199999545934,0.005421199999545934,0.22044010000536218,-70.08297806282084,70.08297806282084
Daganzo,TSP-squeezed_uniform-n8-g10000-4,7588.440377389808,19723,0.0060754000005545095,0.0030377000002772547,0.0030377000002772547,0.30939150000631344,-61.52491823054399,61.52491823054399
Daganzo,TSP-squeezed_uniform-n700-g1000-5,13639.986261540002,16845,0.019053800002438948,0.009526900001219474,0.009526900001219474,7.519965999992564,-19.026498892609073,19.026498892609073
Daganzo,TSP-squeezed_uniform-n700-g10000-5,136914.2136311822,169241,0.009691400002338924,0.004845700001169462,0.004845700001169462,8.107015000001411,-19.101037200688832,19.101037200688832
Daganzo,TSP-squeezed_uniform-n700-g1000-3,13717.91361814908,16856,0.017286300004343502,0.008643150002171751,0.008643150002171751,6.892722300006426,-18.617028843444,18.617028843444
Daganzo,TSP-squeezed_uniform-n8-g10000-1,7269.155717275562,22070,0.004946299995935988,0.002473149997967994,0.002473149997967994,0.3478677999955835,-67.0631820694356,67.0631820694356
Daganzo,TSP-squeezed_uniform-n8-g10000-3,8019.896515990715,21716,0.006686900000204332,0.003343450000102166,0.003343450000102166,0.2111367000034079,-63.069181635703096,63.069181635703096
Daganzo,TSP-squeezed_uniform-n8-g1000-3,705.3173643119811,2119,0.010900699999183416,0.005450349999591708,0.005450349999591708,0.16017799999099225,-66.71461234959976,66.71461234959976
Daganzo,TSP-squeezed_uniform-n80-g1000-1,4574.395427594776,6727,0.00633870000456227,0.003169350002281135,0.003169350002281135,0.3328784000041196,-31.999473352240575,31.999473352240575
Daganzo,TSP-squeezed_uniform-n80-g1000-3,4337.276786187388,6485,0.007451400000718422,0.003725700000359211,0.003725700000359211,0.4077945000026375,-33.11832249518291,33.11832249518291
Daganzo,TSP-squeezed_uniform-n8-g1000-5,879.7476833729088,2427,0.010294700005033519,0.0051473500025167596,0.0051473500025167596,0.10282529999676626,-63.751640569719456,63.751640569719456
Daganzo,TSP-squeezed_uniform-n8-g1000-4,846.9578577473613,2290,0.005731699995521922,0.002865849997760961,0.002865849997760961,0.055098599987104535,-63.014940709722225,63.014940709722225
Daganzo,TSP-squeezed_uniform-n700-g10000-1,137215.97776237648,170338,0.021784399999887682,0.010892199999943841,0.010892199999943841,188.08393760000763,-19.444881493045308,19.444881493045308
Daganzo,TSP-squeezed_uniform-n80-g1000-4,4288.349078141843,6221,0.008140500001900364,0.004070250000950182,0.004070250000950182,0.3273258000117494,-31.066563604857045,31.066563604857045
Daganzo,TSP-squeezed_uniform-n80-g10000-3,37652.378993205726,55642,0.010462400001415517,0.005231200000707759,0.005231200000707759,0.21935420000227168,-32.331010759487924,32.331010759487924
Daganzo,TSP-squeezed_uniform-n80-g1000-5,3741.706812138011,5615,0.012483700003940612,0.006241850001970306,0.006241850001970306,0.5399780000007013,-33.362300763347974,33.362300763347974
Daganzo,TSP-squeezed_uniform-n80-g10000-1,36696.63081079788,55810,0.01184280000597937,0.005921400002989685,0.005921400002989685,0.2727240000094753,-34.2472123081923,34.2472123081923
Daganzo,TSP-squeezed_uniform-n80-g10000-2,40867.864436106756,60709,0.016955800005234778,0.008477900002617389,0.008477900002617389,0.1120299000031082,-32.682362687399305,32.682362687399305
Daganzo,TSP-squeezed_uniform-n700-g10000-4,134163.43872454594,164296,0.028401399998983834,0.014200699999491917,0.014200699999491917,4.943116299982648,-18.340410768036996,18.340410768036996
Daganzo,TSP-squeezed_uniform-n80-g1000-2,4107.3347285070395,6081,0.009731500002089888,0.004865750001044944,0.004865750001044944,0.32952660000592005,-32.456261659150805,32.456261659150805
Daganzo,TSP-squeezed_uniform-n800-g1000-3,14788.221312923335,17809,0.0181529000037699,0.00907645000188495,0.00907645000188495,8.546004100004211,-16.962090443464906,16.962090443464906
Daganzo,TSP-squeezed_uniform-n80-g10000-5,39578.74190501764,56490,0.013874700001906604,0.006937350000953302,0.006937350000953302,0.12364039999374654,-29.93672879267545,29.93672879267545
Daganzo,TSP-squeezed_uniform-n800-g1000-2,14890.477343591103,17713,0.011503699999593664,0.005751849999796832,0.005751849999796832,7.793820399994729,-15.93475219561281,15.93475219561281
Daganzo,TSP-squeezed_uniform-n90-g1000-2,4113.294724670237,5948,0.00842930000362685,0.004214650001813425,0.004214650001813425,0.4681224999949336,-30.8457510983484,30.8457510983484
Daganzo,TSP-squeezed_uniform-n800-g10000-2,147221.3972942792,175984,0.015824499998416286,0.007912249999208143,0.007912249999208143,14.868727900000522,-16.343873707678434,16.343873707678434
Daganzo,TSP-squeezed_uniform-n800-g10000-3,142379.60024849063,173257,0.01093879999825731,0.005469399999128655,0.005469399999128655,14.214093999995384,-17.821732889008445,17.821732889008445
Daganzo,TSP-squeezed_uniform-n90-g1000-1,4313.655910477793,6142,0.009340999997220933,0.004670499998610467,0.004670499998610467,0.34587780000583734,-29.76789465194084,29.76789465194084
Daganzo,TSP-squeezed_uniform-n800-g10000-1,147032.60563453264,177832,0.010818299997481517,0.005409149998740759,0.005409149998740759,9.867071999993641,-17.319376920614605,17.319376920614605
Daganzo,TSP-squeezed_uniform-n80-g10000-4,41250.48248096015,60429,0.005931200001214165,0.0029656000006070826,0.0029656000006070826,0.21272129999124445,-31.737274353439325,31.737274353439325
Daganzo,TSP-squeezed_uniform-n800-g1000-1,14757.43980235054,17772,0.025431699999899138,0.012715849999949569,0.012715849999949569,9.756313599995337,-16.96241389629451,16.96241389629451
Daganzo,TSP-squeezed_uniform-n800-g1000-5,14918.536727172675,17794,0.021524800002225675,0.010762400001112837,0.010762400001112837,9.829693599996972,-16.159735151328114,16.159735151328114
Daganzo,TSP-squeezed_uniform-n800-g10000-4,148537.9810737981,177691,0.014865099998132791,0.007432549999066396,0.007432549999066396,10.276672299980419,-16.40658160863629,16.40658160863629
Daganzo,TSP-squeezed_uniform-n90-g10000-2,40539.765448390295,57387,0.008164600003510714,0.004082300001755357,0.004082300001755357,0.12454560000333004,-29.357231692909032,29.357231692909032
Daganzo,TSP-squeezed_uniform-n90-g10000-4,40100.272044806625,57180,0.005923199998505879,0.0029615999992529396,0.0029615999992529396,0.5893178999976953,-29.87010835116015,29.87010835116015
Daganzo,TSP-squeezed_uniform-n800-g1000-4,15008.956166236212,18157,0.021418600001197774,0.010709300000598887,0.010709300000598887,11.364066900016041,-17.337907329205198,17.337907329205198
Daganzo,TSP-squeezed_uniform-n90-g1000-3,4466.068581705838,6342,0.010923100002401043,0.005461550001200521,0.005461550001200521,0.38366079999832436,-29.579492562191135,29.579492562191135
Daganzo,TSP-squeezed_uniform-n90-g1000-5,4336.224190468016,6269,0.015584100001433399,0.007792050000716699,0.007792050000716699,0.2285838999960106,-30.83068766201921,30.83068766201921
Daganzo,TSP-squeezed_uniform-n90-g1000-4,4667.989934757786,6757,0.01375230000121519,0.006876150000607595,0.006876150000607595,0.37567480000143405,-30.91623598108945,30.91623598108945
Daganzo,TSP-squeezed_uniform-n800-g10000-5,141331.05298779882,175386,0.021143300000403542,0.010571650000201771,0.010571650000201771,301.75869070002227,-19.417141055843217,19.417141055843217
Daganzo,TSP-squeezed_uniform-n90-g10000-1,47130.87004438811,65664,0.013221900000644382,0.006610950000322191,0.006610950000322191,0.18815519999770913,-28.224186701406996,28.224186701406996
Daganzo,TSP-squeezed_uniform-n90-g10000-5,43891.55403677341,61457,0.009569900001224596,0.004784950000612298,0.004784950000612298,0.12942659998952877,-28.581684695358696,28.581684695358696
Daganzo,TSP-squeezed_uniform-n90-g10000-3,46300.17769671084,68545,0.014679699997941498,0.007339849998970749,0.007339849998970749,0.39099040000292007,-32.45287373738297,32.45287373738297
Daganzo,TSP-squeezed_uniform-n900-g1000-1,15530.980274277601,18658,0.015340799996920396,0.007670399998460198,0.007670399998460198,15.1479238000029,-16.75967266439275,16.75967266439275
Daganzo,TSP-squeezed_uniform-n900-g1000-4,15999.02172509307,18734,0.017794100000173785,0.008897050000086892,0.008897050000086892,10.109083800009103,-14.599008620192864,14.599008620192864
Daganzo,TSP-triangular-n10-g1000-3,942.7186558035222,2251,0.008590000004915055,0.0042950000024575274,0.0042950000024575274,0.13050319999456406,-58.120006405885285,58.120006405885285
Daganzo,TSP-squeezed_uniform-n900-g10000-1,157870.39325193304,187825,0.016114900005050004,0.008057450002525002,0.008057450002525002,13.356180600007065,-15.948146811163028,15.948146811163028
Daganzo,TSP-triangular-n10-g1000-5,752.480961553181,2010,0.005687899996701162,0.002843949998350581,0.002843949998350581,0.046448199995211326,-62.563136241135275,62.563136241135275
Daganzo,TSP-squeezed_uniform-n900-g1000-3,15300.482405630219,18359,0.01565400000254158,0.00782700000127079,0.00782700000127079,6.943560100000468,-16.65949994209805,16.65949994209805
Daganzo,TSP-squeezed_uniform-n900-g1000-2,15716.383852686977,18786,0.01211660000262782,0.00605830000131391,0.00605830000131391,12.430654700001469,-16.339913485111378,16.339913485111378
Daganzo,TSP-triangular-n10-g10000-4,5439.510477837137,13893,0.007578600001579616,0.003789300000789808,0.003789300000789808,0.042560000001685694,-60.8471138138837,60.8471138138837
Daganzo,TSP-squeezed_uniform-n900-g10000-2,160912.62776275515,192021,0.014783300000999589,0.007391650000499794,0.007391650000499794,13.735678299999563,-16.200505276633727,16.200505276633727
Daganzo,TSP-triangular-n10-g10000-5,7522.783037945464,19644,0.004840499997953884,0.002420249998976942,0.002420249998976942,0.040115400013746694,-61.70442354945293,61.70442354945293
Daganzo,TSP-triangular-n10-g1000-4,708.4586385245083,1758,0.01211959999636747,0.006059799998183735,0.006059799998183735,0.06092920000082813,-59.700873804066646,59.700873804066646
Daganzo,TSP-triangular-n10-g10000-2,9402.864675778334,21890,0.005372199993871618,0.002686099996935809,0.002686099996935809,0.03919999999925494,-57.044930672552155,57.044930672552155
Daganzo,TSP-triangular-n10-g10000-1,4953.9362077039295,14788,0.00789210000220919,0.003946050001104595,0.003946050001104595,0.10472550000122283,-66.50029613400102,66.50029613400102
Daganzo,TSP-squeezed_uniform-n900-g10000-4,159824.39370307335,190929,0.013235099999292288,0.006617549999646144,0.006617549999646144,10.996957600000314,-16.2911900742824,16.2911900742824
Daganzo,TSP-triangular-n10-g1000-2,920.1404971524728,2529,0.009931200002029072,0.004965600001014536,0.004965600001014536,0.08028619999822695,-63.61642953133757,63.61642953133757
Daganzo,TSP-triangular-n10-g10000-3,6992.697066475853,17277,0.003778899997996632,0.001889449998998316,0.001889449998998316,0.051657399992109276,-59.52597634730652,59.52597634730652
Daganzo,TSP-squeezed_uniform-n900-g1000-5,15569.721374674626,19109,0.0235850000026403,0.01179250000132015,0.01179250000132015,7.20316129999992,-18.521527161679703,18.521527161679703
Daganzo,TSP-squeezed_uniform-n900-g10000-5,161149.17837238574,191034,0.015011499999673106,0.007505749999836553,0.007505749999836553,11.481866899994202,-15.64371872421363,15.64371872421363
Daganzo,TSP-triangular-n100-g1000-1,4454.983040371758,6323,0.011554899996554013,0.005777449998277007,0.005777449998277007,1.2930448000115575,-29.54320669979823,29.54320669979823
Daganzo,TSP-triangular-n100-g1000-3,4390.408118273288,6147,0.010555400003795512,0.005277700001897756,0.005277700001897756,0.3390816999890376,-28.576409333442527,28.576409333442527
Daganzo,TSP-squeezed_uniform-n900-g10000-3,156777.09219418824,188704,0.025001499998325016,0.012500749999162508,0.012500749999162508,196.56053090000933,-16.91904135885395,16.91904135885395
Daganzo,TSP-triangular-n100-g1000-4,4352.430572680051,6294,0.011164399998961017,0.005582199999480508,0.005582199999480508,0.09303329999966081,-30.84794133015489,30.84794133015489
Daganzo,TSP-triangular-n100-g10000-4,44745.862978939185,68053,0.011631300003500655,0.005815650001750328,0.005815650001750328,0.3019534999912139,-34.248507811648004,34.248507811648004
Daganzo,TSP-triangular-n10-g1000-1,669.3933518492695,1643,0.015285900000890251,0.007642950000445126,0.007642950000445126,0.20260039999266155,-59.25786050826114,59.25786050826114
Daganzo,TSP-triangular-n100-g1000-2,4341.522034955022,6360,0.0166899999967427,0.00834499999837135,0.00834499999837135,0.37686889999895357,-31.73707492209085,31.73707492209085
Daganzo,TSP-triangular-n100-g10000-5,46112.72785766419,66979,0.016284199999063276,0.008142099999531638,0.008142099999531638,0.3086417000013171,-31.15345428020097,31.15345428020097
Daganzo,TSP-triangular-n100-g1000-5,4475.071778753945,6267,0.017366000000038184,0.008683000000019092,0.008683000000019092,0.8648862999980338,-28.59307836677924,28.59307836677924
Daganzo,TSP-triangular-n100-g10000-1,44362.51446998919,63612,0.010332900004868861,0.005166450002434431,0.005166450002434431,0.40360980000696145,-30.260777101821684,30.260777101821684
Daganzo,TSP-triangular-n100-g10000-3,41911.49902669911,59468,0.013014999996812548,0.006507499998406274,0.006507499998406274,5.219169200005126,-29.522602026805835,29.522602026805835
Daganzo,TSP-triangular-n100-g10000-2,44479.49666745342,66089,0.018444100001943298,0.009222050000971649,0.009222050000971649,0.5108707999897888,-32.69757952540752,32.69757952540752
Daganzo,TSP-triangular-n1000-g10000-3,167631.56058839275,205982,0.013499799999408424,0.006749899999704212,0.006749899999704212,6.929742799999076,-18.61834500665459,18.61834500665459
Daganzo,TSP-triangular-n1000-g1000-3,16517.489662475953,20380,0.019763600001169834,0.009881800000584917,0.009881800000584917,21.08291569998255,-18.95245504182555,18.95245504182555
Daganzo,TSP-triangular-n1000-g10000-1,161556.3198151035,197324,0.014970700001867954,0.007485350000933977,0.007485350000933977,132.96062800000072,-18.12637093556613,18.12637093556613
Daganzo,TSP-triangular-n20-g1000-2,1528.1263085883968,3023,0.00768400000379188,0.00384200000189594,0.00384200000189594,0.24547449999954551,-49.450006331842644,49.450006331842644
Daganzo,TSP-triangular-n1000-g10000-5,167391.17660483182,205708,0.012121700005081948,0.006060850002540974,0.006060850002540974,5.907596500008367,-18.626802747179582,18.626802747179582
Daganzo,TSP-triangular-n20-g1000-3,1295.7430266067418,2495,0.009395500004757196,0.004697750002378598,0.004697750002378598,0.24446329999773297,-48.06641175924883,48.06641175924883
Daganzo,TSP-triangular-n1000-g10000-2,164368.65957657498,202479,0.01555019999796059,0.007775099998980295,0.007775099998980295,6.695150499988813,-18.82187309470366,18.82187309470366
Daganzo,TSP-triangular-n1000-g1000-1,16212.642775007409,19772,0.02564939999865601,0.012824699999328004,0.012824699999328004,10.944736899997224,-18.002009027880796,18.002009027880796
Daganzo,TSP-triangular-n1000-g1000-4,16350.571957885752,20047,0.0237185000005411,0.01185925000027055,0.01185925000027055,9.97155620000558,-18.438809009399154,18.438809009399154
Daganzo,TSP-triangular-n20-g10000-2,15139.803144988378,29626,0.007820300001185387,0.003910150000592694,0.003910150000592694,0.04581250000046566,-48.89690425643563,48.89690425643563
Daganzo,TSP-triangular-n20-g1000-1,1531.3397692870121,3015,0.007966899996972643,0.003983449998486321,0.003983449998486321,0.2646842999965884,-49.209294551011205,49.209294551011205
Daganzo,TSP-triangular-n1000-g1000-5,16241.714667792929,19915,0.012198600001283921,0.006099300000641961,0.006099300000641961,8.671551999999792,-18.444817133854237,18.444817133854237
Daganzo,TSP-triangular-n20-g1000-4,1322.4872169514529,2653,0.006747199993696995,0.0033735999968484975,0.0033735999968484975,0.2421321000001626,-50.151254543857796,50.151254543857796
Daganzo,TSP-triangular-n20-g1000-5,1589.1054115444954,3075,0.006559599998581689,0.0032797999992908444,0.0032797999992908444,0.2337998000002699,-48.32177523432535,48.32177523432535
Daganzo,TSP-triangular-n20-g10000-4,16239.447551102221,31057,0.0069055999992997386,0.0034527999996498693,0.0034527999996498693,0.04405570001108572,-47.71082992207161,47.71082992207161
Daganzo,TSP-triangular-n20-g10000-3,14611.176360444082,29867,0.008327099996677134,0.004163549998338567,0.004163549998338567,0.066075800001272,-51.07919656997997,51.07919656997997
Daganzo,TSP-triangular-n20-g10000-5,14251.152151422702,27846,0.0074987000043620355,0.0037493500021810178,0.0037493500021810178,0.042852600003243424,-48.82154653658442,48.82154653658442
Daganzo,TSP-triangular-n200-g1000-5,6488.062401056266,8953,0.004771699997945689,0.0023858499989728443,0.0023858499989728443,1.166234300006181,-27.53197362832273,27.53197362832273
Daganzo,TSP-triangular-n20-g10000-1,17420.34611739962,35657,0.013418800001090858,0.006709400000545429,0.006709400000545429,0.06495269999140874,-51.144666917015954,51.144666917015954
Daganzo,TSP-triangular-n200-g1000-2,6793.682680255238,9061,0.008218599999963772,0.004109299999981886,0.004109299999981886,1.067550299994764,-25.022815580452075,25.022815580452075
Daganzo,TSP-triangular-n200-g1000-3,6822.190439294405,9225,0.008658899998408742,0.004329449999204371,0.004329449999204371,1.114441199999419,-26.0467161052097,26.0467161052097
Daganzo,TSP-triangular-n200-g1000-1,6896.083699463052,9735,0.007339100004173815,0.0036695500020869076,0.0036695500020869076,0.7559660999977496,-29.161954807775537,29.161954807775537
Daganzo,TSP-triangular-n1000-g1000-2,16419.52253873419,20272,0.019714900001417845,0.009857450000708923,0.009857450000708923,16.009300699995947,-19.003933806559843,19.003933806559843
Daganzo,TSP-triangular-n1000-g10000-4,162021.92548710806,196710,0.026045900005556177,0.013022950002778089,0.013022950002778089,11.940346799994586,-17.634118505867487,17.634118505867487
Daganzo,TSP-triangular-n200-g1000-4,6589.138364763635,8925,0.0072253999969689175,0.0036126999984844588,0.0036126999984844588,0.32579509999777656,-26.172119162312214,26.172119162312214
Daganzo,TSP-triangular-n200-g10000-3,65283.00279651663,88356,0.008214200002839789,0.004107100001419894,0.004107100001419894,2.124054600004456,-26.113673325505193,26.113673325505193
Daganzo,TSP-triangular-n200-g10000-5,67719.37817331166,91566,0.009171099998638965,0.004585549999319483,0.004585549999319483,1.3482274999987567,-26.043096593373456,26.043096593373456
Daganzo,TSP-triangular-n30-g1000-1,1751.8043790617717,3241,0.007064199999149423,0.0035320999995747115,0.0035320999995747115,0.12444400000094902,-45.94864612583241,45.94864612583241
Daganzo,TSP-triangular-n200-g10000-1,66325.75108915089,90972,0.01019119999546092,0.00509559999773046,0.00509559999773046,2.7335846000059973,-27.092126050706938,27.092126050706938
Daganzo,TSP-triangular-n200-g10000-2,65138.28795931008,89508,0.005949200000031851,0.0029746000000159256,0.0029746000000159256,1.5262900000088848,-27.226294901785224,27.226294901785224
Daganzo,TSP-triangular-n30-g10000-2,19258.351079999036,32698,0.00846619999356335,0.004233099996781675,0.004233099996781675,0.048004199998104014,-41.102357697721466,41.102357697721466
Daganzo,TSP-triangular-n30-g1000-4,1880.1357332650216,3398,0.006483799996203743,0.0032418999981018715,0.0032418999981018715,0.09376570000313222,-44.669342752647985,44.669342752647985
Daganzo,TSP-triangular-n200-g10000-4,67874.90664325071,93564,0.01083949999883771,0.005419749999418855,0.005419749999418855,2.433846399988397,-27.456172627024593,27.456172627024593
Daganzo,TSP-triangular-n30-g10000-5,19999.51381736566,35090,0.006230799997865688,0.003115399998932844,0.003115399998932844,0.06956070000887848,-43.00509028963904,43.00509028963904
Daganzo,TSP-triangular-n300-g1000-2,8638.044872539154,11007,0.00581120000424562,0.00290560000212281,0.00290560000212281,1.008043900001212,-21.52225972073086,21.52225972073086
Daganzo,TSP-triangular-n30-g1000-3,1742.5744631148475,3361,0.010835900000529364,0.005417950000264682,0.005417950000264682,0.17098349999287166,-48.15309541461328,48.15309541461328
Daganzo,TSP-triangular-n30-g1000-2,1915.9937640817102,3350,0.016147600006661378,0.008073800003330689,0.008073800003330689,0.1264783999940846,-42.80615629606835,42.80615629606835
Daganzo,TSP-triangular-n30-g10000-3,21020.35146509211,37780,0.009146900003543124,0.004573450001771562,0.004573450001771562,0.054408099997090176,-44.36116605322364,44.36116605322364
Daganzo,TSP-triangular-n300-g1000-1,8326.473883043169,11168,0.009510500000033062,0.004755250000016531,0.004755250000016531,2.491443299993989,-25.443464514298274,25.443464514298274
Daganzo,TSP-triangular-n30-g10000-1,20461.15980165836,37316,0.011406800003896933,0.0057034000019484665,0.0057034000019484665,0.14686369999253657,-45.16786418249984,45.16786418249984
Daganzo,TSP-triangular-n30-g1000-5,2175.760259541478,3693,0.01515609999478329,0.007578049997391645,0.007578049997391645,0.17220099999394733,-41.084206348727925,41.084206348727925
Daganzo,TSP-triangular-n40-g1000-2,2339.8052188163015,3874,0.0034429999941494316,0.0017214999970747158,0.0017214999970747158,0.08352030000241939,-39.60234334495866,39.60234334495866
Daganzo,TSP-triangular-n300-g1000-3,8683.542647157321,11378,0.005229800000961404,0.002614900000480702,0.002614900000480702,3.774108800003887,-23.681291552493224,23.681291552493224
Daganzo,TSP-triangular-n30-g10000-4,19147.156550503783,33844,0.011351999994076323,0.005675999997038161,0.005675999997038161,0.06943580000370275,-43.42525543522106,43.42525543522106
Daganzo,TSP-triangular-n300-g1000-5,8492.148782846423,11239,0.007192099998064805,0.0035960499990324024,0.0035960499990324024,1.7380294000031427,-24.440352497140108,24.440352497140108
Daganzo,TSP-triangular-n300-g10000-4,82712.92213118817,110649,0.01160850000451319,0.005804250002256595,0.005804250002256595,2.96442869999737,-25.24747432765938,25.24747432765938
Daganzo,TSP-triangular-n300-g10000-2,87433.11547634567,115621,0.0069128000031923875,0.0034564000015961938,0.0034564000015961938,2.6061027999967337,-24.37955434017551,24.37955434017551
Daganzo,TSP-triangular-n300-g1000-4,8431.78556890532,11224,0.01083719999587629,0.005418599997938145,0.005418599997938145,3.746195200001239,-24.87717775387278,24.87717775387278
Daganzo,TSP-triangular-n300-g10000-1,86965.85108446302,109011,0.01833999999507796,0.00916999999753898,0.00916999999753898,41.04750159999821,-20.222866422229846,20.222866422229846
Daganzo,TSP-triangular-n300-g10000-5,80351.21812455612,107321,0.011145399999804795,0.005572699999902397,0.005572699999902397,2.4188916999992216,-25.130013581166665,25.130013581166665
Daganzo,TSP-triangular-n40-g1000-3,2295.1402310098615,3804,0.007249100002809428,0.003624550001404714,0.003624550001404714,0.09667120000813156,-39.665083306785974,39.665083306785974
Daganzo,TSP-triangular-n40-g1000-1,2483.2787757317947,4295,0.009848099994997028,0.004924049997498514,0.004924049997498514,0.055843199996161275,-42.18210068144832,42.18210068144832
Daganzo,TSP-triangular-n300-g10000-3,84185.3169167284,112247,0.01742519999970682,0.00871259999985341,0.00871259999985341,2.5403442999959225,-24.999940384394765,24.999940384394765
Daganzo,TSP-triangular-n40-g10000-1,25908.56282876377,43067,0.013087200000882149,0.006543600000441074,0.006543600000441074,0.07712709999759682,-39.841264010115005,39.841264010115005
Daganzo,TSP-triangular-n400-g1000-3,9910.4331479507,12850,0.009083599994482938,0.004541799997241469,0.004541799997241469,2.17433809999784,-22.87600663073385,22.87600663073385
Daganzo,TSP-triangular-n40-g10000-3,26356.71975117541,45773,0.010823000004165806,0.005411500002082903,0.005411500002082903,0.2046981000021333,-42.41863161432414,42.41863161432414
Daganzo,TSP-triangular-n40-g10000-2,27939.025829366343,47799,0.01194769999710843,0.005973849998554215,0.005973849998554215,0.10280029999557883,-41.548932343006456,41.548932343006456
Daganzo,TSP-triangular-n40-g10000-5,24210.451913997804,41802,0.010768699998152442,0.005384349999076221,0.005384349999076221,0.08674750001227949,-42.083029725855695,42.083029725855695
Daganzo,TSP-triangular-n40-g1000-4,2361.071831181762,3979,0.009218400002282578,0.004609200001141289,0.004609200001141289,0.07051160000264645,-40.661678030114054,40.661678030114054
Daganzo,TSP-triangular-n40-g10000-4,26352.68542277997,45634,0.01133770000160439,0.005668850000802195,0.005668850000802195,0.1724466999876313,-42.25208085466983,42.25208085466983
Daganzo,TSP-triangular-n40-g1000-5,2556.3009822788863,4247,0.014811699998972472,0.007405849999486236,0.007405849999486236,0.09142700000666082,-39.80925400803187,39.80925400803187
Daganzo,TSP-triangular-n400-g10000-2,99873.5733938663,129865,0.01100389999919571,0.005501949999597855,0.005501949999597855,2.9551033999887295,-23.09431071199607,23.09431071199607
Daganzo,TSP-triangular-n400-g10000-5,101090.46210142676,129463,0.005556699994485825,0.0027783499972429127,0.0027783499972429127,6.912994600003003,-21.915557262363176,21.915557262363176
Daganzo,TSP-triangular-n400-g10000-1,98646.93929514488,128847,0.01123350000125356,0.00561675000062678,0.00561675000062678,13.632044999991194,-23.438699158579645,23.438699158579645
Daganzo,TSP-triangular-n5-g1000-1,499.9780595186152,1758,0.004738200004794635,0.0023691000023973174,0.0023691000023973174,0.04504799999995157,-71.55983734251336,71.55983734251336
Daganzo,TSP-triangular-n400-g1000-5,9888.67699745522,12738,0.009973700005502906,0.004986850002751453,0.004986850002751453,1.881639899991569,-22.36868427182273,22.36868427182273
Daganzo,TSP-triangular-n400-g10000-4,97643.7790847937,123162,0.010531699997955002,0.005265849998977501,0.005265849998977501,2.1948649999976624,-20.719232324260975,20.719232324260975
Daganzo,TSP-triangular-n400-g1000-4,9560.31554813961,12332,0.016414400000940077,0.008207200000470039,0.008207200000470039,12.060511299991049,-22.47554696610761,22.47554696610761
Daganzo,TSP-triangular-n400-g1000-2,10129.042739568235,13224,0.0105729999995674,0.0052864999997837,0.0052864999997837,3.211410399992019,-23.40409301596919,23.40409301596919
Daganzo,TSP-triangular-n5-g1000-3,408.7341189575443,1381,0.00702389999787556,0.00351194999893778,0.00351194999893778,0.04630909999832511,-70.40303266056884,70.40303266056884
Daganzo,TSP-triangular-n400-g1000-1,10010.108842565098,12520,0.013880600003176369,0.006940300001588184,0.006940300001588184,2.2337031999923056,-20.04705397312222,20.04705397312222
Daganzo,TSP-triangular-n400-g10000-3,98470.4416839896,127744,0.010402500003692694,0.005201250001846347,0.005201250001846347,4.949057600009837,-22.91579903244802,22.91579903244802
Daganzo,TSP-triangular-n5-g10000-3,5277.8938315629275,19319,0.005714000006264541,0.0028570000031322706,0.0028570000031322706,0.2645178999955533,-72.68029488294981,72.68029488294981
Daganzo,TSP-triangular-n5-g10000-2,4742.365402518029,17062,0.008274200001324061,0.004137100000662031,0.004137100000662031,0.14757549999922048,-72.20510255235007,72.20510255235007
Daganzo,TSP-triangular-n5-g1000-2,350.8626654404825,1344,0.00871299999562325,0.004356499997811625,0.004356499997811625,0.04627679999975953,-73.89414691663076,73.89414691663076
Daganzo,TSP-triangular-n50-g1000-2,3202.743215588786,5483,0.005907500002649613,0.0029537500013248064,0.0029537500013248064,0.11680249999335501,-41.58775824204293,41.58775824204293
Daganzo,TSP-triangular-n5-g1000-4,454.6656727750622,1745,0.008301599998958409,0.004150799999479204,0.004150799999479204,0.042673100004321896,-73.94466058595633,73.94466058595633
Daganzo,TSP-triangular-n50-g1000-4,2488.1577296264795,4059,0.005951799998001661,0.0029758999990008306,0.0029758999990008306,0.13579709999612533,-38.700228390577,38.700228390577
Daganzo,TSP-triangular-n5-g10000-1,2559.289685391241,11428,0.00989079999999376,0.00494539999999688,0.00494539999999688,0.24099400000704918,-77.60509550760203,77.60509550760203
Daganzo,TSP-triangular-n5-g1000-5,459.6741666659113,1750,0.0066497999941930175,0.0033248999970965087,0.0033248999970965087,0.05020599999988917,-73.73290476194792,73.73290476194792
Daganzo,TSP-triangular-n50-g1000-3,2981.379265122101,4846,0.007823200001439545,0.003911600000719773,0.003911600000719773,0.2460060000012163,-38.47752238708004,38.47752238708004
Daganzo,TSP-triangular-n5-g10000-4,3918.137979480814,12844,0.007231499999761581,0.0036157499998807907,0.0036157499998807907,0.18117979999806266,-69.49441000092794,69.49441000092794
Daganzo,TSP-triangular-n50-g10000-1,27508.2826770411,46407,0.004305900001781993,0.0021529500008909963,0.0021529500008909963,0.052172499999869615,-40.72385054616523,40.72385054616523
Daganzo,TSP-triangular-n50-g1000-5,3074.493558295414,4907,0.003793199997744523,0.0018965999988722615,0.0018965999988722615,0.1487860999914119,-37.34474101700807,37.34474101700807
Daganzo,TSP-triangular-n50-g1000-1,2745.5146279887126,4338,0.012314500003412832,0.006157250001706416,0.006157250001706416,0.06495460000587627,-36.710128446548815,36.710128446548815
Daganzo,TSP-triangular-n5-g10000-5,4445.681190492634,15758,0.01374270000087563,0.006871350000437815,0.006871350000437815,0.3198285999969812,-71.7877827738759,71.7877827738759
Daganzo,TSP-triangular-n50-g10000-4,29844.589823785478,48902,0.01003340000170283,0.005016700000851415,0.005016700000851415,0.09900149999884889,-38.97061505912748,38.97061505912748
Daganzo,TSP-triangular-n500-g1000-3,11085.23611047595,14195,0.004887600000074599,0.0024438000000372995,0.0024438000000372995,11.466740000003483,-21.907459595097222,21.907459595097222
Daganzo,TSP-triangular-n50-g10000-3,27760.094770506454,43900,0.0059352999960538,0.0029676499980269,0.0029676499980269,0.20294609999109525,-36.7651599760673,36.7651599760673
Daganzo,TSP-triangular-n50-g10000-5,30733.958384253074,49518,0.012580100003106054,0.006290050001553027,0.006290050001553027,0.16690169999492355,-37.93376472342769,37.93376472342769
Daganzo,TSP-triangular-n500-g1000-5,11289.525964361832,14014,0.008067199996730778,0.004033599998365389,0.004033599998365389,3.115116200002376,-19.441087738248665,19.441087738248665
Daganzo,TSP-triangular-n500-g1000-1,10971.929985194034,14028,0.010391099996923003,0.005195549998461502,0.005195549998461502,5.66844459999993,-21.785500533261803,21.785500533261803
Daganzo,TSP-triangular-n50-g10000-2,28897.916473770216,46650,0.013082600002235267,0.006541300001117634,0.006541300001117634,0.09743819999857806,-38.05376961678411,38.05376961678411
Daganzo,TSP-triangular-n500-g10000-3,112430.77264832791,145292,0.0061592000056407414,0.0030796000028203707,0.0030796000028203707,7.8267557000071974,-22.617368713812247,22.617368713812247
Daganzo,TSP-triangular-n500-g1000-4,11206.68054666501,14057,0.01030670000181999,0.005153350000909995,0.005153350000909995,3.4482494999974733,-20.276868843529847,20.276868843529847
Daganzo,TSP-triangular-n500-g10000-2,111583.6952111508,143076,0.011429700003645848,0.005714850001822924,0.005714850001822924,2.948923800009652,-22.010892664632223,22.010892664632223
Daganzo,TSP-triangular-n60-g1000-4,3216.5519694231584,5177,0.006315300001006108,0.003157650000503054,0.003157650000503054,0.0976686000067275,-37.86841859333285,37.86841859333285
Daganzo,TSP-triangular-n60-g10000-2,32291.292456295396,51895,0.0056174999990616925,0.0028087499995308463,0.0028087499995308463,0.5443800000066403,-37.77571547105618,37.77571547105618
Daganzo,TSP-triangular-n60-g1000-3,3108.3563902808824,5110,0.010675599995010998,0.005337799997505499,0.005337799997505499,0.04806480000843294,-39.17110782229193,39.17110782229193
Daganzo,TSP-triangular-n60-g1000-2,2967.9052158045747,4613,0.006333799996355083,0.0031668999981775414,0.0031668999981775414,0.08776949999446515,-35.66214576621343,35.66214576621343
Daganzo,TSP-triangular-n60-g1000-5,3091.9035151504972,4874,0.00531040000350913,0.002655200001754565,0.002655200001754565,0.15846800000872463,-36.563325499579456,36.563325499579456
Daganzo,TSP-triangular-n500-g10000-4,112334.44252498873,144399,0.015180100002908148,0.007590050001454074,0.007590050001454074,3.104352900001686,-22.205525990492507,22.205525990492507
Daganzo,TSP-triangular-n60-g10000-1,29742.567338042623,45853,0.007626399994478561,0.0038131999972392805,0.0038131999972392805,0.11440600000787526,-35.13495880740056,35.13495880740056
Daganzo,TSP-triangular-n60-g1000-1,2985.720721032026,4846,0.01117750000412343,0.005588750002061715,0.005588750002061715,0.0886711000057403,-38.3879339448612,38.3879339448612
Daganzo,TSP-triangular-n500-g10000-1,111574.78536927597,143657,0.017616700002690777,0.008808350001345389,0.008808350001345389,6.635692500000005,-22.332510515132594,22.332510515132594
Daganzo,TSP-triangular-n60-g10000-5,31711.724780812532,48847,0.010748400003649294,0.005374200001824647,0.005374200001824647,0.19009879999794066,-35.079483323822274,35.079483323822274
Daganzo,TSP-triangular-n500-g1000-2,11566.734743435589,14529,0.020927499994286336,0.010463749997143168,0.010463749997143168,4.0448090999998385,-20.388638285941298,20.388638285941298
Daganzo,TSP-triangular-n600-g1000-1,12240.618282178395,15806,0.014917200001946185,0.007458600000973092,0.007458600000973092,45.856991599997855,-22.557141071881595,22.557141071881595
Daganzo,TSP-triangular-n60-g10000-3,31398.007660948806,48354,0.00835969999752706,0.00417984999876353,0.00417984999876353,0.14357310000923462,-35.06636956415435,35.06636956415435
Daganzo,TSP-triangular-n70-g1000-1,3544.5838530072883,5521,0.005708600001526065,0.0028543000007630326,0.0028543000007630326,0.1724135000113165,-35.79815517103263,35.79815517103263
Daganzo,TSP-triangular-n60-g10000-4,34806.44870151219,55542,0.014157900004647672,0.007078950002323836,0.007078950002323836,0.08855970000149682,-37.33310161407189,37.33310161407189
Daganzo,TSP-triangular-n600-g1000-5,12354.033041480825,15644,0.012468799999624025,0.0062343999998120125,0.0062343999998120125,3.5216347000095993,-21.030215792119503,21.030215792119503
Daganzo,TSP-triangular-n500-g10000-5,106702.09046768952,139987,0.025213600005372427,0.012606800002686214,0.012606800002686214,2.9702507000038167,-23.77714325781,23.77714325781
Daganzo,TSP-triangular-n70-g1000-3,3318.361613206131,5254,0.005688600002031308,0.002844300001015654,0.002844300001015654,0.15349199999764096,-36.84123309466823,36.84123309466823
Daganzo,TSP-triangular-n70-g1000-2,3639.4899488801993,5701,0.007181599998148158,0.003590799999074079,0.003590799999074079,0.18300499999895692,-36.160499054899155,36.160499054899155
Daganzo,TSP-triangular-n600-g1000-3,12172.838113603582,15578,0.016762700004619546,0.008381350002309773,0.008381350002309773,5.28204820000974,-21.85878730515097,21.85878730515097
Daganzo,TSP-triangular-n600-g10000-2,120178.25538436644,151962,0.01398670000344282,0.00699335000172141,0.00699335000172141,93.19249869999476,-20.915587196558064,20.915587196558064
Daganzo,TSP-triangular-n70-g1000-4,3346.6138804020993,5300,0.006076900004700292,0.003038450002350146,0.003038450002350146,0.6405033000046387,-36.85634187920567,36.85634187920567
Daganzo,TSP-triangular-n70-g10000-1,37797.3809250985,57680,0.005990700003167149,0.0029953500015835743,0.0029953500015835743,0.21034649999637622,-34.47056011598734,34.47056011598734
Daganzo,TSP-triangular-n600-g10000-3,124909.14478700106,159604,0.019004599998879712,0.009502299999439856,0.009502299999439856,12.190634099999443,-21.738086271646665,21.738086271646665
Daganzo,TSP-triangular-n70-g1000-5,3635.890334361035,5696,0.008802799995464738,0.004401399997732369,0.004401399997732369,0.19288760000199545,-36.16765564675149,36.16765564675149
Daganzo,TSP-triangular-n600-g10000-1,121725.273913555,155075,0.012474899995140731,0.006237449997570366,0.006237449997570366,3.1264514999929816,-21.505546404285028,21.505546404285028
Daganzo,TSP-triangular-n70-g10000-2,36131.58531238284,56787,0.006756700000551064,0.003378350000275532,0.003378350000275532,0.11678070000198204,-36.37349162240858,36.37349162240858
Daganzo,TSP-triangular-n600-g1000-2,12580.441062220352,16046,0.0245775999937905,0.01228879999689525,0.01228879999689525,4.9067257000133395,-21.59765011703632,21.59765011703632
Daganzo,TSP-triangular-n600-g1000-4,12216.399254281107,15522,0.01856200000474928,0.00928100000237464,0.00928100000237464,6.9041484000044875,-21.296229517580812,21.296229517580812
Daganzo,TSP-triangular-n600-g10000-4,124575.56677077571,156311,0.022129299999505747,0.011064649999752874,0.011064649999752874,9.489981899998384,-20.302751072684767,20.302751072684767
Daganzo,TSP-triangular-n70-g10000-5,34868.07198864026,52757,0.01520939999318216,0.00760469999659108,0.00760469999659108,0.2537753999931738,-33.908160076122115,33.908160076122115
Daganzo,TSP-triangular-n70-g10000-4,32366.30598973259,48957,0.009075699999812059,0.0045378499999060296,0.0045378499999060296,0.20488280001154635,-33.88829791504261,33.88829791504261
Daganzo,TSP-triangular-n70-g10000-3,36002.967624433404,54235,0.011609000001044478,0.005804500000522239,0.005804500000522239,0.3002564999915194,-33.61672789815911,33.61672789815911
Daganzo,TSP-triangular-n8-g1000-1,405.2279092066588,1314,0.004912500000500586,0.002456250000250293,0.002456250000250293,0.05374200000369456,-69.16073750329842,69.16073750329842
Daganzo,TSP-triangular-n600-g10000-5,121499.24044207024,150832,0.024974200001452118,0.012487100000726059,0.012487100000726059,3.6550115999998525,-19.447305318453488,19.447305318453488
Daganzo,TSP-triangular-n700-g1000-2,13828.029069429958,17552,0.01864499999646796,0.00932249999823398,0.00932249999823398,6.4097978999925544,-21.216789713822024,21.216789713822024
Daganzo,TSP-triangular-n8-g1000-2,643.3015050503146,1775,0.00546079999912763,0.002730399999563815,0.002730399999563815,0.04904339999484364,-63.757661687306225,63.757661687306225
Daganzo,TSP-triangular-n700-g10000-1,135063.19483427005,165609,0.009091899999475572,0.004545949999737786,0.004545949999737786,7.2020444000081625,-18.444532100145494,18.444532100145494
Daganzo,TSP-triangular-n700-g1000-1,13845.37802571674,16864,0.00901230000454234,0.00450615000227117,0.00450615000227117,7.726878000001307,-17.899798234601874,17.899798234601874
Daganzo,TSP-triangular-n700-g10000-3,134395.82258859463,169069,0.01610860000073444,0.00805430000036722,0.00805430000036722,7.961432399999467,-20.508299813333828,20.508299813333828
Daganzo,TSP-triangular-n700-g1000-3,13386.498844918337,16809,0.017831800003477838,0.008915900001738919,0.008915900001738919,6.711527799998294,-20.36112294057745,20.36112294057745
Daganzo,TSP-triangular-n8-g10000-3,7545.809064851826,21627,0.006038300001819152,0.003019150000909576,0.003019150000909576,0.24997910000092816,-65.10931213366705,65.10931213366705
Daganzo,TSP-triangular-n700-g1000-5,13810.91356663273,16781,0.015416399997775443,0.0077081999988877214,0.0077081999988877214,9.37491769999906,-17.699102755302253,17.699102755302253
Daganzo,TSP-triangular-n700-g10000-2,134104.24639199534,170555,0.015255099999194499,0.0076275499995972496,0.0076275499995972496,7.9023043000051985,-21.37184697487887,21.37184697487887
Daganzo,TSP-triangular-n8-g1000-5,755.9480886939261,2029,0.0094842000034987,0.00474210000174935,0.00474210000174935,0.04905210000288207,-62.74282460848072,62.74282460848072
Daganzo,TSP-triangular-n8-g1000-4,727.3932564988487,2074,0.007687099998292979,0.0038435499991464894,0.0038435499991464894,0.04027050000149757,-64.9280011331317,64.9280011331317
Daganzo,TSP-triangular-n8-g10000-1,9665.015940783544,26604,0.009546799999952782,0.004773399999976391,0.004773399999976391,0.18472300001303665,-63.67081664116845,63.67081664116845
Daganzo,TSP-triangular-n80-g1000-1,4059.4453990662314,5903,0.004862699999648612,0.002431349999824306,0.002431349999824306,0.15698970000084955,-31.230808079514972,31.230808079514972
Daganzo,TSP-triangular-n8-g1000-3,621.673264022187,1619,0.006910600000992417,0.0034553000004962087,0.0034553000004962087,0.05223739999928512,-61.60140432228616,61.60140432228616
Daganzo,TSP-triangular-n8-g10000-2,7587.396729840875,19937,0.007994300001882948,0.003997150000941474,0.003997150000941474,0.17040339999948628,-61.943137233079824,61.943137233079824
Daganzo,TSP-triangular-n700-g1000-4,13145.352432133568,16508,0.015485299998545088,0.007742649999272544,0.007742649999272544,7.460118999995757,-20.369805959937192,20.369805959937192
Daganzo,TSP-triangular-n8-g10000-4,5318.651521241074,15217,0.009700400005385745,0.004850200002692873,0.004850200002692873,0.20011279999744147,-65.04796266517005,65.04796266517005
Daganzo,TSP-triangular-n80-g1000-2,3797.8343328797264,5510,0.0037895999994361773,0.0018947999997180887,0.0018947999997180887,0.12456039999960922,-31.073787062073933,31.073787062073933
Daganzo,TSP-triangular-n80-g1000-3,3766.6003690330617,5680,0.0046432000017375685,0.0023216000008687843,0.0023216000008687843,0.17408609999984037,-33.68661322124891,33.68661322124891
Daganzo,TSP-triangular-n700-g10000-5,137889.35550668876,172370,0.012701399995421525,0.0063506999977107625,0.0063506999977107625,3.419658900005743,-20.003854785235966,20.003854785235966
Daganzo,TSP-triangular-n80-g10000-4,37220.598990182836,56945,0.005291300003591459,0.0026456500017957296,0.0026456500017957296,0.1972465999861015,-34.637634576902556,34.637634576902556
Daganzo,TSP-triangular-n700-g10000-4,138515.7231626251,168575,0.01970150000124704,0.00985075000062352,0.00985075000062352,12.31795919999422,-17.831396611226396,17.831396611226396
Daganzo,TSP-triangular-n8-g10000-5,6133.996676882048,17025,0.014499100005195942,0.007249550002597971,0.007249550002597971,0.17248759999347385,-63.97065094342409,63.97065094342409
Daganzo,TSP-triangular-n80-g1000-5,3760.412301330799,5522,0.00805689999833703,0.004028449999168515,0.004028449999168515,0.4272350999963237,-31.901262199732,31.901262199732
Daganzo,TSP-triangular-n80-g10000-1,40056.521979073514,58176,0.012979899998754263,0.0064899499993771315,0.0064899499993771315,0.2145435999991605,-31.14596744521192,31.14596744521192
Daganzo,TSP-triangular-n80-g10000-2,38961.16009484316,59114,0.015278099999704864,0.007639049999852432,0.007639049999852432,0.49646260000008624,-34.09148409032859,34.09148409032859
Daganzo,TSP-triangular-n80-g1000-4,3847.603865264718,5557,0.012529300001915544,0.006264650000957772,0.006264650000957772,0.332275100008701,-30.761132530777076,30.761132530777076
Daganzo,TSP-triangular-n80-g10000-5,39476.48272037416,59184,0.009580099998856895,0.004790049999428447,0.004790049999428447,0.399158999993233,-33.29872478985172,33.29872478985172
Daganzo,TSP-triangular-n80-g10000-3,37253.19029463114,53360,0.012363099995127413,0.006181549997563707,0.006181549997563707,0.21756839999579825,-30.185175609761732,30.185175609761732
Daganzo,TSP-triangular-n800-g1000-3,14782.938736259443,17783,0.011661099997581914,0.005830549998790957,0.005830549998790957,6.102861600011238,-16.870388931791922,16.870388931791922
Daganzo,TSP-triangular-n800-g1000-1,14792.790406140417,17965,0.014670000004116446,0.007335000002058223,0.007335000002058223,8.938091000003624,-17.657721090228684,17.657721090228684
Daganzo,TSP-triangular-n800-g1000-4,14374.32866745435,18099,0.011882300001161639,0.005941150000580819,0.005941150000580819,7.381425700004911,-20.579431640121825,20.579431640121825
Daganzo,TSP-triangular-n90-g1000-1,4086.2148693503623,6039,0.006451300003391225,0.0032256500016956124,0.0032256500016956124,0.20739029999822378,-32.33623332753167,32.33623332753167
Daganzo,TSP-triangular-n800-g10000-2,144006.78587136092,179821,0.012904300005175173,0.006452150002587587,0.006452150002587587,121.25551290001022,-19.916591570861623,19.916591570861623
Daganzo,TSP-triangular-n90-g1000-4,4072.5347219514283,6208,0.0066547000024002045,0.0033273500012001023,0.0033273500012001023,0.43298569999751635,-34.39860306134941,34.39860306134941
Daganzo,TSP-triangular-n90-g1000-3,4111.506447641788,5966,0.007586199993966147,0.0037930999969830737,0.0037930999969830737,0.22211000000243075,-31.084370639594567,31.084370639594567
Daganzo,TSP-triangular-n800-g10000-5,144005.59823242982,178130,0.006191199994646013,0.0030955999973230064,0.0030955999973230064,205.17986219999148,-19.157021146112488,19.157021146112488
Daganzo,TSP-triangular-n800-g10000-3,142483.5825982769,177229,0.018559699994511902,0.009279849997255951,0.009279849997255951,13.314660100004403,-19.604814901468213,19.604814901468213
Daganzo,TSP-triangular-n90-g10000-3,39982.148438296805,60895,0.006343099994410295,0.0031715499972051475,0.0031715499972051475,0.19248489999154117,-34.34247731620526,34.34247731620526
Daganzo,TSP-triangular-n800-g10000-4,138842.88952870434,176100,0.01188679999904707,0.005943399999523535,0.005943399999523535,4.883046899994952,-21.15679186331383,21.15679186331383
Daganzo,TSP-triangular-n90-g10000-2,43279.918932849214,61981,0.006030399999872316,0.003015199999936158,0.003015199999936158,0.14761269999144133,-30.172280323245488,30.172280323245488
Daganzo,TSP-triangular-n90-g10000-1,39817.20257327227,55385,0.010148399996978696,0.005074199998489348,0.005074199998489348,0.18369230000826064,-28.10832793486997,28.10832793486997
Daganzo,TSP-triangular-n800-g1000-2,14568.834267709963,18451,0.0244440999958897,0.01222204999794485,0.01222204999794485,5.090998200001195,-21.040408282965895,21.040408282965895
Daganzo,TSP-triangular-n90-g10000-5,41785.708669525986,61451,0.008000399997399654,0.004000199998699827,0.004000199998699827,0.16202280001016334,-32.00158065853121,32.00158065853121
Daganzo,TSP-triangular-n90-g1000-2,3994.7353150740787,5988,0.010874400002649054,0.005437200001324527,0.005437200001324527,0.34770389999903273,-33.28765338887644,33.28765338887644
Daganzo,TSP-triangular-n90-g10000-4,40589.171239709984,59885,0.006902900000568479,0.0034514500002842396,0.0034514500002842396,0.22859369999787305,-32.22147242262673,32.22147242262673
Daganzo,TSP-triangular-n90-g1000-5,4128.006940219456,6030,0.012581099996168632,0.006290549998084316,0.006290549998084316,0.2079177000123309,-31.542173462363916,31.542173462363916
Daganzo,TSP-triangular-n800-g10000-1,145198.32768871685,181268,0.023323100002016872,0.011661550001008436,0.011661550001008436,8.98983330000192,-19.898532731250498,19.898532731250498
Daganzo,TSP-triangular-n800-g1000-5,14622.912023259936,18489,0.028151700003945734,0.014075850001972867,0.014075850001972867,14.631282200003625,-20.91020594266896,20.91020594266896
Daganzo,TSP-triangular_squeezed-n10-g10000-3,7694.591489156523,19393,0.0034142000004067086,0.0017071000002033543,0.0017071000002033543,0.08767369999259245,-60.32284077163656,60.32284077163656
Daganzo,TSP-triangular_squeezed-n10-g1000-1,786.6196193205454,1897,0.0050069999997504056,0.0025034999998752028,0.0025034999998752028,0.041447099996730685,-58.53349397361384,58.53349397361384
Daganzo,TSP-triangular-n900-g1000-1,15658.810894509197,19174,0.018521600002713967,0.009260800001356984,0.009260800001356984,7.122879700007616,-18.33310266762701,18.33310266762701
Daganzo,TSP-triangular_squeezed-n10-g1000-3,816.0998762406473,2019,0.005357100002584048,0.002678550001292024,0.002678550001292024,0.0856701000011526,-59.57900563444045,59.57900563444045
Daganzo,TSP-triangular-n900-g1000-5,15211.456838514845,18849,0.017229700002644677,0.008614850001322338,0.008614850001322338,7.954745499999262,-19.29833498586214,19.29833498586214
Daganzo,TSP-triangular_squeezed-n10-g10000-1,8001.331019024271,20571,0.0034197999993921258,0.0017098999996960629,0.0017098999996960629,0.03846589999739081,-61.10383054287944,61.10383054287944
Daganzo,TSP-triangular-n900-g10000-4,156657.01142917285,192941,0.011018100005458109,0.0055090500027290545,0.0055090500027290545,10.341082500002813,-18.805742984035092,18.805742984035092
Daganzo,TSP-triangular-n900-g10000-5,157446.23889158166,189489,0.0080690999966464,0.0040345499983232,0.0040345499983232,95.66667430000962,-16.91009035269506,16.91009035269506
Daganzo,TSP-triangular_squeezed-n10-g10000-2,8399.723439107978,21839,0.004512999999860767,0.0022564999999303836,0.0022564999999303836,0.03964450000785291,-61.53796676080417,61.53796676080417
Daganzo,TSP-triangular_squeezed-n10-g1000-4,969.5354843944599,2475,0.0047851999988779426,0.0023925999994389713,0.0023925999994389713,0.12400070000148844,-60.82684911537536,60.82684911537536
Daganzo,TSP-triangular_squeezed-n10-g1000-2,1077.4515369611756,2528,0.008906100003514439,0.0044530500017572194,0.0044530500017572194,0.06438250000064727,-57.37929046830793,57.37929046830793
Daganzo,TSP-triangular-n900-g10000-3,156674.31630152406,193123,0.01410819999728119,0.007054099998640595,0.007054099998640595,9.282404400000814,-18.873300279343187,18.873300279343187
Daganzo,TSP-triangular-n900-g10000-1,154424.6997062646,190576,0.011374499998055398,0.005687249999027699,0.005687249999027699,3.996182000002591,-18.969492640067692,18.969492640067692
Daganzo,TSP-triangular-n900-g1000-2,15812.43389140331,19485,0.021258900000248104,0.010629450000124052,0.010629450000124052,104.54922740001348,-18.848170944812363,18.848170944812363
Daganzo,TSP-triangular_squeezed-n10-g10000-4,7505.249653442582,18120,0.009782499997527339,0.004891249998763669,0.004891249998763669,0.03860360001272056,-58.58029992581357,58.58029992581357
Daganzo,TSP-triangular-n900-g1000-4,15781.89191985549,19240,0.020230499998433515,0.010115249999216758,0.010115249999216758,15.13347440000507,-17.97353472008581,17.97353472008581
Daganzo,TSP-triangular-n900-g1000-3,15688.492829140723,19239,0.017015400000673253,0.008507700000336627,0.008507700000336627,8.780879300000379,-18.45473866032162,18.45473866032162
Daganzo,TSP-triangular-n900-g10000-2,156025.7694275532,193016,0.019932000002881978,0.009966000001440989,0.009966000001440989,246.75419380000676,-19.164333823334232,19.164333823334232
Daganzo,TSP-triangular_squeezed-n10-g1000-5,713.0390161134239,2002,0.010078699997393414,0.005039349998696707,0.005039349998696707,0.07593989999440964,-64.38366552880001,64.38366552880001
Daganzo,TSP-triangular_squeezed-n100-g1000-2,4196.833785128975,6078,0.006846099997346755,0.0034230499986733776,0.0034230499986733776,0.463298799993936,-30.950414854738806,30.950414854738806
Daganzo,TSP-triangular_squeezed-n100-g1000-3,3991.2639783657505,5558,0.007339600000705104,0.003669800000352552,0.003669800000352552,0.5930300000036368,-28.1888452974856,28.1888452974856
Daganzo,TSP-triangular_squeezed-n100-g1000-1,4354.260928676645,6370,0.007805200002621859,0.0039026000013109297,0.0039026000013109297,1.9238444000075106,-31.644255436787365,31.644255436787365
Daganzo,TSP-triangular_squeezed-n100-g1000-5,4540.728904041728,6559,0.008293500002764631,0.0041467500013823155,0.0041467500013823155,1.3573399000015343,-30.77101838631303,30.77101838631303
Daganzo,TSP-triangular_squeezed-n100-g1000-4,4349.0215589256395,6251,0.007967999998072628,0.003983999999036314,0.003983999999036314,0.3448382000060519,-30.426786771306357,30.426786771306357
Daganzo,TSP-triangular_squeezed-n100-g10000-1,42648.004506541685,57327,0.006690800000797026,0.003345400000398513,0.003345400000398513,0.14629509999940637,-25.60572765618001,25.60572765618001
Daganzo,TSP-triangular_squeezed-n10-g10000-5,8379.960802056296,21801,0.010501400000066496,0.005250700000033248,0.005250700000033248,0.04223679999995511,-61.561576065059874,61.561576065059874
Daganzo,TSP-triangular_squeezed-n100-g10000-2,39659.93459847103,55501,0.009190700002363883,0.0045953500011819415,0.0045953500011819415,0.5888818000094034,-28.54194591363934,28.54194591363934
Daganzo,TSP-triangular_squeezed-n100-g10000-3,38081.93824577473,55693,0.015273299999535084,0.007636649999767542,0.007636649999767542,0.4897190000046976,-31.621679123454065,31.621679123454065
Daganzo,TSP-triangular_squeezed-n20-g1000-4,1316.1829504290044,2613,0.0043231000017840415,0.0021615500008920208,0.0021615500008920208,0.13602070001070388,-49.62943167129719,49.62943167129719
Daganzo,TSP-triangular_squeezed-n1000-g1000-4,15717.624682184009,18919,0.017132900000433438,0.008566450000216719,0.008566450000216719,30.57855720000225,-16.921482730672825,16.921482730672825
Daganzo,TSP-triangular_squeezed-n20-g10000-1,14228.8740481459,27243,0.004170400003204122,0.002085200001602061,0.002085200001602061,0.050989600000320934,-47.77053170302133,47.77053170302133
Daganzo,TSP-triangular_squeezed-n1000-g10000-4,164282.49539101848,192554,0.009918499999912456,0.004959249999956228,0.004959249999956228,9.200077700021211,-14.682377207942455,14.682377207942455
Daganzo,TSP-triangular_squeezed-n100-g10000-5,40577.096568754154,55078,0.006338899998809211,0.0031694499994046055,0.0031694499994046055,0.3728717000049073,-26.327941158440478,26.327941158440478
Daganzo,TSP-triangular_squeezed-n100-g10000-4,43398.343907803675,62391,0.01001860000542365,0.005009300002711825,0.005009300002711825,0.7946131000062451,-30.44133944350359,30.44133944350359
Daganzo,TSP-triangular_squeezed-n20-g1000-2,1440.7746478891136,2761,0.0063735000003362074,0.0031867500001681037,0.0031867500001681037,0.07818630000110716,-47.81692691455583,47.81692691455583
Daganzo,TSP-triangular_squeezed-n20-g10000-2,14808.548441018786,30322,0.004609399999026209,0.0023046999995131046,0.0023046999995131046,0.06693089999316726,-51.16236250570944,51.16236250570944
Daganzo,TSP-triangular_squeezed-n20-g1000-3,1574.8719376508047,3077,0.005165800001122989,0.0025829000005614944,0.0025829000005614944,0.09434680000413209,-48.8179415778094,48.8179415778094
Daganzo,TSP-triangular_squeezed-n1000-g1000-3,15560.53021268877,18624,0.009043300000485033,0.004521650000242516,0.004521650000242516,22.387657400002354,-16.449043101971817,16.449043101971817
Daganzo,TSP-triangular_squeezed-n1000-g1000-1,16180.110401353879,18666,0.018672199999855366,0.009336099999927683,0.009336099999927683,12.057960800011642,-13.3177413406521,13.3177413406521
Daganzo,TSP-triangular_squeezed-n20-g1000-1,1466.8127978716302,2829,0.005621399999654386,0.002810699999827193,0.002810699999827193,0.07145800000580493,-48.150837827089774,48.150837827089774
Daganzo,TSP-triangular_squeezed-n1000-g10000-1,161228.86537310865,187045,0.017211799997312482,0.008605899998656241,0.008605899998656241,984.6872779999976,-13.802098226037234,13.802098226037234
Daganzo,TSP-triangular_squeezed-n1000-g10000-2,159212.99342578792,185473,0.009267100002034567,0.004633550001017284,0.004633550001017284,18.66497129999334,-14.158398567021656,14.158398567021656
Daganzo,TSP-triangular_squeezed-n1000-g1000-5,16185.55122323611,18657,0.0145600000032573,0.00728000000162865,0.00728000000162865,18.499614100001054,-13.24676409264024,13.24676409264024
Daganzo,TSP-triangular_squeezed-n1000-g10000-3,158626.8278646459,186679,0.014919300003384706,0.007459650001692353,0.007459650001692353,195.5342582000012,-15.026956505742001,15.026956505742001
Daganzo,TSP-triangular_squeezed-n20-g10000-3,15090.255292174483,27156,0.0062252000061562285,0.0031126000030781142,0.0031126000030781142,0.06239939999068156,-44.43122959134452,44.43122959134452
Daganzo,TSP-triangular_squeezed-n20-g1000-5,1684.2839327144336,2964,0.008398899997700937,0.0041994499988504685,0.0041994499988504685,0.045012600006884895,-43.17530591381803,43.17530591381803
Daganzo,TSP-triangular_squeezed-n1000-g1000-2,15376.018093121507,17963,0.026016599993454292,0.013008299996727146,0.013008299996727146,10.483574899990344,-14.401725251230266,14.401725251230266
Daganzo,TSP-triangular_squeezed-n20-g10000-5,15407.747272752105,30839,0.006028299998433795,0.0030141499992168974,0.0030141499992168974,0.07679279999865685,-50.038109949245744,50.038109949245744
Daganzo,TSP-triangular_squeezed-n200-g1000-4,6471.6992737611035,8782,0.006196800000907388,0.003098400000453694,0.003098400000453694,5.062674400003743,-26.307227581859443,26.307227581859443
Daganzo,TSP-triangular_squeezed-n20-g10000-4,14204.798788543258,26952,0.00985450000007404,0.00492725000003702,0.00492725000003702,0.042922900000121444,-47.29593800629542,47.29593800629542
Daganzo,TSP-triangular_squeezed-n200-g10000-1,65836.08644558089,85536,0.007428199998685159,0.0037140999993425794,0.0037140999993425794,3.1493176000076346,-23.031137245626528,23.031137245626528
Daganzo,TSP-triangular_squeezed-n200-g1000-2,6585.106167709067,8405,0.007037299998046365,0.0035186499990231823,0.0035186499990231823,0.5720157000032486,-21.652514363961124,21.652514363961124
Daganzo,TSP-triangular_squeezed-n200-g10000-2,62778.53205547259,85045,0.0040942000050563365,0.0020471000025281683,0.0020471000025281683,1.6126064999989467,-26.181983590484343,26.181983590484343
Daganzo,TSP-triangular_squeezed-n200-g10000-5,66781.29292414155,86666,0.0062136999986250885,0.0031068499993125442,0.0031068499993125442,1.1494477999949595,-22.944069272677226,22.944069272677226
Daganzo,TSP-triangular_squeezed-n200-g10000-4,67111.9077160678,87478,0.0051232999976491556,0.0025616499988245778,0.0025616499988245778,6.015568800008623,-23.28138764481607,23.28138764481607
Daganzo,TSP-triangular_squeezed-n1000-g10000-5,155600.85258828115,183843,0.02527399999962654,0.01263699999981327,0.01263699999981327,25.716037799982587,-15.362101038233083,15.362101038233083
Daganzo,TSP-triangular_squeezed-n200-g1000-1,6388.342228622381,8273,0.008181099998182617,0.0040905499990913086,0.0040905499990913086,1.203820700000506,-22.780826439956712,22.780826439956712
Daganzo,TSP-triangular_squeezed-n30-g1000-1,1895.3198558554702,3301,0.006425699997635093,0.0032128499988175463,0.0032128499988175463,0.05450779999955557,-42.5834639244026,42.5834639244026
Daganzo,TSP-triangular_squeezed-n200-g1000-3,6883.625006491855,8935,0.00899589999607997,0.004497949998039985,0.004497949998039985,0.7442269000021042,-22.958869541221542,22.958869541221542
Daganzo,TSP-triangular_squeezed-n200-g10000-3,61987.15118522547,83172,0.010619200002111029,0.0053096000010555144,0.0053096000010555144,1.6264150999923004,-25.471130686738963,25.471130686738963
Daganzo,TSP-triangular_squeezed-n30-g10000-1,21074.353395917038,37546,0.0044360000028973445,0.0022180000014486723,0.0022180000014486723,0.056561000004876405,-43.870576370540036,43.870576370540036
Daganzo,TSP-triangular_squeezed-n200-g1000-5,6405.374841490543,8218,0.008805299999949057,0.004402649999974528,0.004402649999974528,0.718381099999533,-22.056767565216074,22.056767565216074
Daganzo,TSP-triangular_squeezed-n30-g1000-2,2250.598642361627,4110,0.008781700002145953,0.004390850001072977,0.004390850001072977,0.04398490001040045,-45.24090894497259,45.24090894497259
Daganzo,TSP-triangular_squeezed-n30-g1000-4,2071.3963909643176,3653,0.00877559999935329,0.004387799999676645,0.004387799999676645,0.07566170000063721,-43.29601995717719,43.29601995717719
Daganzo,TSP-triangular_squeezed-n30-g10000-2,18732.929937999557,32796,0.009944299999915529,0.0049721499999577645,0.0049721499999577645,0.05421800000476651,-42.880442925967934,42.880442925967934
Daganzo,TSP-triangular_squeezed-n30-g1000-3,1655.7945687795934,2876,0.00838800000201445,0.004194000001007225,0.004194000001007225,0.05725660000462085,-42.42717076566087,42.42717076566087
Daganzo,TSP-triangular_squeezed-n30-g10000-4,19847.123919676626,34672,0.007811099996615667,0.0039055499983078334,0.0039055499983078334,0.0794954000011785,-42.75748754131107,42.75748754131107
Daganzo,TSP-triangular_squeezed-n30-g10000-5,18574.96778055079,31432,0.004682799997681286,0.002341399998840643,0.002341399998840643,0.04266000000643544,-40.904276595346175,40.904276595346175
Daganzo,TSP-triangular_squeezed-n300-g1000-4,8573.394992650228,10854,0.006263499999477062,0.003131749999738531,0.003131749999738531,1.9851769000088098,-21.011654757230254,21.011654757230254
Daganzo,TSP-triangular_squeezed-n30-g1000-5,2066.0829242796617,3657,0.012312000006204471,0.0061560000031022355,0.0061560000031022355,0.10359929999685846,-43.50333813837403,43.50333813837403
Daganzo,TSP-triangular_squeezed-n300-g1000-5,8368.177551593893,10394,0.010143999999854714,0.005071999999927357,0.005071999999927357,3.329705099997227,-19.490306411449936,19.490306411449936
Daganzo,TSP-triangular_squeezed-n300-g10000-3,79953.30915159172,103942,0.007576200005132705,0.0037881000025663525,0.0037881000025663525,1.9622209999943152,-23.078919828758618,23.078919828758618
Daganzo,TSP-triangular_squeezed-n300-g1000-3,8058.2377906090605,10429,0.009374900000693742,0.004687450000346871,0.004687450000346871,2.1763068000000203,-22.7324020461304,22.7324020461304
Daganzo,TSP-triangular_squeezed-n300-g1000-1,8180.629991632673,10549,0.011325899999064859,0.0056629499995324295,0.0056629499995324295,3.096262299994123,-22.451132888115712,22.451132888115712
Daganzo,TSP-triangular_squeezed-n30-g10000-3,18660.326455263315,32238,0.0075926999998046085,0.0037963499999023043,0.0037963499999023043,0.09429989999625832,-42.116984753200214,42.116984753200214
Daganzo,TSP-triangular_squeezed-n40-g1000-1,2380.125078225932,4071,0.006316999999398831,0.0031584999996994156,0.0031584999996994156,0.07142190000740811,-41.53463330321955,41.53463330321955
Daganzo,TSP-triangular_squeezed-n300-g10000-5,81470.71623813675,103601,0.009369100000185426,0.004684550000092713,0.004684550000092713,4.239763400008087,-21.361071574466703,21.361071574466703
Daganzo,TSP-triangular_squeezed-n300-g10000-2,80564.96426921568,104015,0.00894479999988107,0.004472399999940535,0.004472399999940535,2.969500200008042,-22.544859617155527,22.544859617155527
Daganzo,TSP-triangular_squeezed-n300-g1000-2,7787.568547370866,9476,0.014204300001438241,0.007102150000719121,0.007102150000719121,0.9884526999958325,-17.81797649460884,17.81797649460884
Daganzo,TSP-triangular_squeezed-n300-g10000-1,82372.53972929934,104360,0.016974099999060854,0.008487049999530427,0.008487049999530427,3.4674130999919726,-21.06885805931454,21.06885805931454
Daganzo,TSP-triangular_squeezed-n40-g1000-3,1904.4569225897442,3194,0.008800999996310566,0.004400499998155283,0.004400499998155283,0.12865769999916665,-40.373922273332994,40.373922273332994
Daganzo,TSP-triangular_squeezed-n40-g10000-2,24862.49336723893,41114,0.007046099999570288,0.003523049999785144,0.003523049999785144,0.11786309999297373,-39.52791417220672,39.52791417220672
Daganzo,TSP-triangular_squeezed-n300-g10000-4,82020.71521487726,102245,0.01264179999998305,0.006320899999991525,0.006320899999991525,2.857580700001563,-19.780218871458498,19.780218871458498
Daganzo,TSP-triangular_squeezed-n400-g1000-4,9183.497823814192,11632,0.008121999999275431,0.0040609999996377155,0.0040609999996377155,2.573381000009249,-21.04970921755337,21.04970921755337
Daganzo,TSP-triangular_squeezed-n40-g10000-4,23785.808783264023,40547,0.010069599993585143,0.005034799996792572,0.005034799996792572,0.15058260000660084,-41.33768519677405,41.33768519677405
Daganzo,TSP-triangular_squeezed-n40-g10000-1,23777.268072762272,40258,0.0076752999957534485,0.0038376499978767242,0.0038376499978767242,0.1326686999964295,-40.937781129807064,40.937781129807064
Daganzo,TSP-triangular_squeezed-n40-g1000-4,2286.7118458607765,3546,0.011031399997591507,0.005515699998795753,0.005515699998795753,0.054134999998495914,-35.51292030849474,35.51292030849474
Daganzo,TSP-triangular_squeezed-n40-g10000-5,23184.493796371746,39274,0.013243099994724616,0.006621549997362308,0.006621549997362308,0.15880609999294393,-40.96732241082715,40.96732241082715
Daganzo,TSP-triangular_squeezed-n40-g1000-2,1787.0186350455328,3166,0.0179984999995213,0.00899924999976065,0.00899924999976065,0.10236850001092535,-43.55594961953466,43.55594961953466
Daganzo,TSP-triangular_squeezed-n400-g1000-3,8969.996387959138,11097,0.012454199997591786,0.006227099998795893,0.006227099998795893,15.151830400005565,-19.167375074712645,19.167375074712645
Daganzo,TSP-triangular_squeezed-n40-g10000-3,18484.12993754372,30535,0.008721500002138782,0.004360750001069391,0.004360750001069391,0.11017849999188911,-39.46576080712717,39.46576080712717
Daganzo,TSP-triangular_squeezed-n400-g1000-5,9720.09620322762,12301,0.01326849999895785,0.006634249999478925,0.006634249999478925,11.604324899992207,-20.981251904498656,20.981251904498656
Daganzo,TSP-triangular_squeezed-n400-g10000-1,93561.43351809013,115579,0.013765400006377604,0.006882700003188802,0.006882700003188802,11.575960599991959,-19.04979839063314,19.04979839063314
Daganzo,TSP-triangular_squeezed-n5-g1000-1,270.05159923614605,1005,0.0033541999946464784,0.0016770999973232392,0.0016770999973232392,0.1149547000095481,-73.12919410585612,73.12919410585612
Daganzo,TSP-triangular_squeezed-n400-g1000-2,9620.640947462907,11795,0.011425600001530256,0.005712800000765128,0.005712800000765128,3.4248132000066107,-18.434582895609093,18.434582895609093
Daganzo,TSP-triangular_squeezed-n5-g1000-3,472.5975494540783,1730,0.005495199999131728,0.002747599999565864,0.002747599999565864,0.041604300000471994,-72.68222257490878,72.68222257490878
Daganzo,TSP-triangular_squeezed-n400-g1000-1,9274.413231035156,11566,0.012075300001015421,0.0060376500005077105,0.0060376500005077105,2.148988000000827,-19.81313132426806,19.81313132426806
Daganzo,TSP-triangular_squeezed-n400-g10000-3,94331.37052836662,118302,0.007452500001818407,0.0037262500009092037,0.0037262500009092037,3.261077400005888,-20.26223518759901,20.26223518759901
Daganzo,TSP-triangular_squeezed-n40-g1000-5,1952.9966820248312,3350,0.008270700003777165,0.0041353500018885825,0.0041353500018885825,0.08958040000288747,-41.701591581348325,41.701591581348325
Daganzo,TSP-triangular_squeezed-n5-g1000-2,464.5639875194804,1736,0.005746200004068669,0.0028731000020343345,0.0028731000020343345,0.044669800001429394,-73.23940164058293,73.23940164058293
Daganzo,TSP-triangular_squeezed-n5-g1000-4,437.8197420171914,1571,0.0050179000027128495,0.0025089500013564248,0.0025089500013564248,0.04405820000101812,-72.13114309247668,72.13114309247668
Daganzo,TSP-triangular_squeezed-n400-g10000-2,96539.31134372154,123739,0.009945400001015514,0.004972700000507757,0.004972700000507757,4.210296199991717,-21.98150030004967,21.98150030004967
Daganzo,TSP-triangular_squeezed-n400-g10000-5,95289.38274267495,117853,0.012541899995994754,0.006270949997997377,0.006270949997997377,8.34035969999968,-19.145560365306824,19.145560365306824
Daganzo,TSP-triangular_squeezed-n400-g10000-4,96953.27130396375,122112,0.010164500003156718,0.005082250001578359,0.005082250001578359,6.0863949000049615,-20.602994542744575,20.602994542744575
Daganzo,TSP-triangular_squeezed-n5-g1000-5,431.81779490891756,1465,0.007373000000370666,0.003686500000185333,0.003686500000185333,0.03954310000699479,-70.52438260007388,70.52438260007388
Daganzo,TSP-triangular_squeezed-n5-g10000-1,3775.616386465923,14790,0.007527200003096368,0.003763600001548184,0.003763600001548184,0.1614218000031542,-74.47182970611276,74.47182970611276
Daganzo,TSP-triangular_squeezed-n5-g10000-5,3585.3817836459198,12424,0.006289899996772874,0.003144949998386437,0.003144949998386437,0.2615675000124611,-71.1414859655029,71.1414859655029
Daganzo,TSP-triangular_squeezed-n5-g10000-2,4176.163942633239,15577,0.006396099997800775,0.0031980499989003874,0.0031980499989003874,0.15544789998966735,-73.19019103400373,73.19019103400373
Daganzo,TSP-triangular_squeezed-n5-g10000-3,3992.9716469692094,13942,0.006496500005596317,0.0032482500027981587,0.0032482500027981587,0.1289604000048712,-71.36012303134981,71.36012303134981
Daganzo,TSP-triangular_squeezed-n50-g1000-1,2487.8018776622866,4000,0.008045800001127645,0.004022900000563823,0.004022900000563823,0.06893819999822881,-37.804953058442834,37.804953058442834
Daganzo,TSP-triangular_squeezed-n50-g10000-3,26274.05354684541,41134,0.00933919999806676,0.00466959999903338,0.00466959999903338,0.14792210000450723,-36.12570246792092,36.12570246792092
Daganzo,TSP-triangular_squeezed-n5-g10000-4,4350.713517861178,17151,0.006957400000828784,0.003478700000414392,0.003478700000414392,0.1389155000069877,-74.6328871910607,74.6328871910607
Daganzo,TSP-triangular_squeezed-n50-g1000-3,2661.742848680165,4391,0.009658800001488999,0.004829400000744499,0.004829400000744499,0.2014558999944711,-39.38185268321191,39.38185268321191
Daganzo,TSP-triangular_squeezed-n50-g10000-5,29206.846026017596,47487,0.0073771999959717505,0.0036885999979858752,0.0036885999979858752,0.22066249999625143,-38.49507017495821,38.49507017495821
Daganzo,TSP-triangular_squeezed-n500-g1000-3,10790.906942884827,12653,0.010253300002659671,0.0051266500013298355,0.0051266500013298355,8.055051900009857,-14.716613112425298,14.716613112425298
Daganzo,TSP-triangular_squeezed-n50-g10000-2,28582.849917039413,47284,0.011608900000283029,0.0058044500001415145,0.0058044500001415145,0.19068099999276455,-39.550693856189376,39.550693856189376
Daganzo,TSP-triangular_squeezed-n500-g10000-1,104153.84327714461,128551,0.00849000000016531,0.004245000000082655,0.004245000000082655,3.8015035999997053,-18.97858182577762,18.97858182577762
Daganzo,TSP-triangular_squeezed-n50-g1000-5,2962.4622453290435,4665,0.008486299993819557,0.0042431499969097786,0.0042431499969097786,0.050365100003546104,-36.49598616657999,36.49598616657999
Daganzo,TSP-triangular_squeezed-n50-g10000-4,25467.355057013672,40678,0.013086800005112309,0.0065434000025561545,0.0065434000025561545,0.08448569999018218,-37.39280432417112,37.39280432417112
Daganzo,TSP-triangular_squeezed-n500-g1000-1,10620.837700012178,12976,0.01028740000037942,0.00514370000018971,0.00514370000018971,4.176170699996874,-18.150141029499242,18.150141029499242
Daganzo,TSP-triangular_squeezed-n500-g10000-3,106298.27974736936,128694,0.009041099998285063,0.004520549999142531,0.004520549999142531,3.290362300002016,-17.402303333978768,17.402303333978768
Daganzo,TSP-triangular_squeezed-n50-g1000-2,2511.4079686502546,4036,0.01758999999583466,0.00879499999791733,0.00879499999791733,0.12124120000225957,-37.774827337704295,37.774827337704295
Daganzo,TSP-triangular_squeezed-n50-g10000-1,28649.46733169746,45145,0.017721500000334345,0.008860750000167172,0.008860750000167172,0.30764210000052117,-36.53900247713488,36.53900247713488
Daganzo,TSP-triangular_squeezed-n50-g1000-4,2767.1680166733636,4340,0.01667789999919478,0.00833894999959739,0.00833894999959739,0.11112700001103804,-36.240368279415584,36.240368279415584
Daganzo,TSP-triangular_squeezed-n500-g10000-2,111642.76811352359,132065,0.0075970000034430996,0.0037985000017215498,0.0037985000017215498,5.237735700007761,-15.463773056053013,15.463773056053013
Daganzo,TSP-triangular_squeezed-n500-g1000-5,10766.197058386027,13013,0.0094260000041686,0.0047130000020843,0.0047130000020843,6.935657699999865,-17.265833717159552,17.265833717159552
Daganzo,TSP-triangular_squeezed-n500-g1000-2,10847.970091219831,13213,0.015328199995565228,0.007664099997782614,0.007664099997782614,9.156030000012834,-17.89926518413811,17.89926518413811
Daganzo,TSP-triangular_squeezed-n60-g1000-1,3208.5588087177084,4927,0.005858699994860217,0.0029293499974301085,0.0029293499974301085,0.10343590000411496,-34.878043257200964,34.878043257200964
Daganzo,TSP-triangular_squeezed-n500-g10000-5,108785.90893769285,134572,0.008954499993706122,0.004477249996853061,0.004477249996853061,8.393230200003018,-19.16155742822218,19.16155742822218
Daganzo,TSP-triangular_squeezed-n500-g1000-4,10506.191695852498,13202,0.02007630000298377,0.010038150001491886,0.010038150001491886,4.578208999999333,-20.419696289558413,20.419696289558413
Daganzo,TSP-triangular_squeezed-n60-g1000-4,2649.0065469907768,3937,0.008017599997401703,0.004008799998700852,0.004008799998700852,0.08655520000320394,-32.71509913663254,32.71509913663254
Daganzo,TSP-triangular_squeezed-n60-g10000-3,31067.291263207993,48640,0.00393150000309106,0.00196575000154553,0.00196575000154553,0.21198480000020936,-36.12810184373357,36.12810184373357
Daganzo,TSP-triangular_squeezed-n60-g10000-2,31013.392894086905,49909,0.009178400003293063,0.004589200001646532,0.004589200001646532,0.4993490000051679,-37.860119629551974,37.860119629551974
Daganzo,TSP-triangular_squeezed-n60-g1000-3,2981.526107214223,4705,0.007942099997308105,0.003971049998654053,0.003971049998654053,0.20091440000396688,-36.63068847578697,36.63068847578697
Daganzo,TSP-triangular_squeezed-n60-g10000-1,34366.76160434671,54011,0.0074068999965675175,0.0037034499982837588,0.0037034499982837588,0.5430014999874402,-36.37081038242819,36.37081038242819
Daganzo,TSP-triangular_squeezed-n60-g1000-2,3233.8235545558136,4988,0.013071499997749925,0.006535749998874962,0.006535749998874962,0.12317459999758285,-35.16793194555306,35.16793194555306
Daganzo,TSP-triangular_squeezed-n60-g1000-5,2877.3428367158476,4560,0.012114500001189299,0.0060572500005946495,0.0060572500005946495,0.1411740000039572,-36.900376387810354,36.900376387810354
Daganzo,TSP-triangular_squeezed-n60-g10000-4,31243.76778050304,49512,0.005669499994837679,0.0028347499974188395,0.0028347499974188395,0.19438950000039767,-36.89657501110228,36.89657501110228
Daganzo,TSP-triangular_squeezed-n70-g1000-3,3421.648090394452,5198,0.005621700001938734,0.002810850000969367,0.002810850000969367,0.1862152999965474,-34.17375739910635,34.17375739910635
Daganzo,TSP-triangular_squeezed-n600-g1000-1,11438.630422825976,14025,0.014089899996179156,0.007044949998089578,0.007044949998089578,4.250032899988582,-18.44113780516238,18.44113780516238
Daganzo,TSP-triangular_squeezed-n60-g10000-5,31759.603094812126,48920,0.01478520000091521,0.007392600000457605,0.007392600000457605,0.259095300003537,-35.0784891765901,35.0784891765901
Daganzo,TSP-triangular_squeezed-n70-g10000-1,34903.72268808156,51586,0.00326840000343509,0.001634200001717545,0.001634200001717545,0.4345132000016747,-32.338768875118134,32.338768875118134
Daganzo,TSP-triangular_squeezed-n70-g1000-1,3211.475555021398,4695,0.0060464999987743795,0.0030232499993871897,0.0030232499993871897,0.18713489999936428,-31.597964749277995,31.597964749277995
Daganzo,TSP-triangular_squeezed-n600-g10000-3,119706.155841711,149390,0.008476599999994505,0.004238299999997253,0.004238299999997253,7.592899499999476,-19.870034244788133,19.870034244788133
Daganzo,TSP-triangular_squeezed-n600-g1000-2,11764.862136463817,14132,0.011810799995146226,0.005905399997573113,0.005905399997573113,6.548584899996058,-16.750197166262264,16.750197166262264
Daganzo,TSP-triangular_squeezed-n70-g10000-2,35029.960016655736,52783,0.0054576999973505735,0.0027288499986752868,0.0027288499986752868,0.39020280000113416,-33.63401091894031,33.63401091894031
Daganzo,TSP-triangular_squeezed-n500-g10000-4,110407.69233221476,135814,0.021650900001986884,0.010825450000993442,0.010825450000993442,4.650067100010347,-18.706692732549836,18.706692732549836
Daganzo,TSP-triangular_squeezed-n600-g10000-5,121435.44422111691,146602,0.0161212999955751,0.00806064999778755,0.00806064999778755,4.068215899998904,-17.16658420682057,17.16658420682057
Daganzo,TSP-triangular_squeezed-n600-g1000-5,12328.459622759041,14723,0.015646499996364582,0.007823249998182291,0.007823249998182291,5.891517099997145,-16.263943335196355,16.263943335196355
Daganzo,TSP-triangular_squeezed-n70-g1000-5,3661.1406607777303,5438,0.006915999998454936,0.003457999999227468,0.003457999999227468,0.09762010000122245,-32.67486831964453,32.67486831964453
Daganzo,TSP-triangular_squeezed-n600-g10000-2,119598.8339562305,148275,0.012302399998588953,0.006151199999294477,0.006151199999294477,5.382003899998381,-19.339852330986,19.339852330986
Daganzo,TSP-triangular_squeezed-n70-g1000-4,3502.824613222877,5294,0.010212200002570171,0.0051061000012850855,0.0051061000012850855,0.1607944999996107,-33.83406472945076,33.83406472945076
Daganzo,TSP-triangular_squeezed-n70-g10000-3,29905.905748263165,45693,0.009886599997116718,0.004943299998558359,0.004943299998558359,0.07822229999874253,-34.550356185273095,34.550356185273095
Daganzo,TSP-triangular_squeezed-n600-g1000-3,11987.880573729451,14142,0.03083139999944251,0.015415699999721255,0.015415699999721255,10.292281900008675,-15.232070614273429,15.232070614273429
Daganzo,TSP-triangular_squeezed-n70-g1000-2,3294.6608947659543,5077,0.013833199998771306,0.006916599999385653,0.006916599999385653,0.10287899999821093,-35.10614743419433,35.10614743419433
Daganzo,TSP-triangular_squeezed-n600-g1000-4,12126.930509819867,14778,0.0230433999968227,0.01152169999841135,0.01152169999841135,5.911656199998106,-17.939298214779622,17.939298214779622
Daganzo,TSP-triangular_squeezed-n600-g10000-4,120155.97999051068,143546,0.02496110000356566,0.01248055000178283,0.01248055000178283,3.1173906000040006,-16.294442206323634,16.294442206323634
Daganzo,TSP-triangular_squeezed-n70-g10000-5,34401.393816551965,49387,0.008480199998302851,0.0042400999991514254,0.0042400999991514254,0.3081848000001628,-30.343220247125835,30.343220247125835
Daganzo,TSP-triangular_squeezed-n600-g10000-1,122492.351752589,142978,0.021314700003131293,0.010657350001565646,0.010657350001565646,9.704406899996684,-14.327832426954492,14.327832426954492
Daganzo,TSP-triangular_squeezed-n70-g10000-4,35700.783999479616,54129,0.015427799997269176,0.007713899998634588,0.007713899998634588,0.3565027999866288,-34.044996213712395,34.044996213712395
Daganzo,TSP-triangular_squeezed-n700-g10000-2,133600.26167330286,158755,0.011304399995424319,0.0056521999977121595,0.0056521999977121595,77.34696119998989,-15.845005402473713,15.845005402473713
Daganzo,TSP-triangular_squeezed-n700-g1000-5,13214.767445172844,15759,0.01593499999580672,0.00796749999790336,0.00796749999790336,27.610527400000137,-16.14463198697352,16.14463198697352
Daganzo,TSP-triangular_squeezed-n700-g1000-1,12607.976100469099,15292,0.017134199995780364,0.008567099997890182,0.008567099997890182,3.576170100001036,-17.551817287018707,17.551817287018707
Daganzo,TSP-triangular_squeezed-n700-g10000-5,130687.05246448476,156967,0.007591500005219132,0.003795750002609566,0.003795750002609566,7.553382500016596,-16.74233917671564,16.74233917671564
Daganzo,TSP-triangular_squeezed-n8-g10000-3,7972.562186624824,20966,0.003457999999227468,0.001728999999613734,0.001728999999613734,0.38000520000059623,-61.97385201457205,61.97385201457205
Daganzo,TSP-triangular_squeezed-n8-g10000-1,4469.039044626932,13689,0.0046835000030114315,0.0023417500015057158,0.0023417500015057158,0.7745091999968281,-67.35306417834077,67.35306417834077
Daganzo,TSP-triangular_squeezed-n8-g1000-4,537.3452610752233,1531,0.008857100001478102,0.004428550000739051,0.004428550000739051,0.09884930000407621,-64.9023343517163,64.9023343517163
Daganzo,TSP-triangular_squeezed-n8-g1000-1,669.5886827000588,1869,0.0109359999987646,0.0054679999993823,0.0054679999993823,0.28943179998896085,-64.17396026216913,64.17396026216913
Daganzo,TSP-triangular_squeezed-n700-g10000-4,125320.20213886107,151942,0.01589809999859426,0.00794904999929713,0.00794904999929713,8.177723799977684,-17.521026352910273,17.521026352910273
Daganzo,TSP-triangular_squeezed-n700-g10000-3,129545.13062182229,153174,0.008754700000281446,0.004377350000140723,0.004377350000140723,6.461945300005027,-15.426161997582952,15.426161997582952
Daganzo,TSP-triangular_squeezed-n8-g1000-5,512.238167652509,1329,0.008440899997367524,0.004220449998683762,0.004220449998683762,0.05070159999013413,-61.456872260909776,61.456872260909776
Daganzo,TSP-triangular_squeezed-n700-g1000-2,13612.835182650233,15828,0.021204800003033597,0.010602400001516799,0.010602400001516799,4.800051099999109,-13.99522881823204,13.99522881823204
Daganzo,TSP-triangular_squeezed-n8-g1000-2,767.3952994383012,2193,0.008125100001052488,0.004062550000526244,0.004062550000526244,0.29304819999379106,-65.00705428917915,65.00705428917915
Daganzo,TSP-triangular_squeezed-n8-g10000-5,5585.873435300875,16163,0.006358999999065418,0.003179499999532709,0.003179499999532709,1.106349699999555,-65.44036728762683,65.44036728762683
Daganzo,TSP-triangular_squeezed-n80-g1000-2,3771.9066833632023,5018,0.003921300005458761,0.0019606500027293805,0.0019606500027293805,0.16148429999884684,-24.832469442742084,24.832469442742084
Daganzo,TSP-triangular_squeezed-n700-g10000-1,127679.32445915039,154454,0.019201200004317798,0.009600600002158899,0.009600600002158899,3.779505699989386,-17.33504832561773,17.33504832561773
Daganzo,TSP-triangular_squeezed-n700-g1000-3,13091.591565008435,15296,0.01823359999980312,0.00911679999990156,0.00911679999990156,6.164405899995472,-14.411666023741923,14.411666023741923
Daganzo,TSP-triangular_squeezed-n8-g10000-2,7035.141543053701,18711,0.011015799995220732,0.005507899997610366,0.005507899997610366,0.6426394000009168,-62.40103926538559,62.40103926538559
Daganzo,TSP-triangular_squeezed-n8-g10000-4,5951.155092853822,18789,0.012496900002588518,0.006248450001294259,0.006248450001294259,0.40850409999256954,-68.32638728589163,68.32638728589163
Daganzo,TSP-triangular_squeezed-n700-g1000-4,12784.710549128595,15386,0.019521599999279715,0.009760799999639858,0.009760799999639858,6.1929145000030985,-16.90685981328094,16.90685981328094
Daganzo,TSP-triangular_squeezed-n80-g1000-1,3867.774890553999,5534,0.008213200002501253,0.0041066000012506265,0.0041066000012506265,0.22798370000964496,-30.10887440271054,30.10887440271054
Daganzo,TSP-triangular_squeezed-n8-g1000-3,716.6121972168768,1906,0.012450500005797949,0.006225250002898974,0.006225250002898974,0.15394329999980982,-62.40229815231497,62.40229815231497
Daganzo,TSP-triangular_squeezed-n80-g10000-1,33838.5852619166,52172,0.005636699999740813,0.0028183499998704065,0.0028183499998704065,0.410881400006474,-35.14033339355094,35.14033339355094
Daganzo,TSP-triangular_squeezed-n80-g1000-5,3565.4855489820734,5439,0.007685500000661705,0.0038427500003308523,0.0038427500003308523,0.5663825999945402,-34.4459358525083,34.4459358525083
Daganzo,TSP-triangular_squeezed-n80-g10000-2,35891.24010930801,52258,0.0068432999978540465,0.0034216499989270233,0.0034216499989270233,0.20188670000061393,-31.319147098419357,31.319147098419357
Daganzo,TSP-triangular_squeezed-n80-g10000-3,35384.45961435612,50981,0.007102600000507664,0.003551300000253832,0.003551300000253832,0.5635174000053667,-30.59284907248559,30.59284907248559
Daganzo,TSP-triangular_squeezed-n80-g1000-3,3402.0453700678354,4910,0.015553899997030385,0.007776949998515192,0.007776949998515192,0.38658080001187045,-30.711906923262006,30.711906923262006
Daganzo,TSP-triangular_squeezed-n80-g1000-4,3541.5013290975903,5264,0.016706900001736358,0.008353450000868179,0.008353450000868179,0.19475559999409597,-32.72223918887556,32.72223918887556
Daganzo,TSP-triangular_squeezed-n80-g10000-5,34427.67177658111,51885,0.01017820000561187,0.005089100002805935,0.005089100002805935,0.1540411000023596,-33.64619489914019,33.64619489914019
Daganzo,TSP-triangular_squeezed-n80-g10000-4,36090.23605957711,51423,0.017235200000868645,0.008617600000434322,0.008617600000434322,0.1063228999992134,-29.816937830198338,29.816937830198338
Daganzo,TSP-triangular_squeezed-n800-g1000-1,14689.09353772383,17291,0.01668929999868851,0.008344649999344256,0.008344649999344256,5.916690199999721,-15.047750056539073,15.047750056539073
Daganzo,TSP-triangular_squeezed-n800-g10000-3,139376.43356780228,168213,0.010099300001456868,0.005049650000728434,0.005049650000728434,6.421485900005791,-17.142888143126704,17.142888143126704
Daganzo,TSP-triangular_squeezed-n800-g10000-2,135477.4369234966,162307,0.013977500006149057,0.006988750003074529,0.006988750003074529,4.828040399996098,-16.530133066659726,16.530133066659726
Daganzo,TSP-triangular_squeezed-n800-g10000-4,146134.67908870912,169778,0.013059099997917656,0.006529549998958828,0.006529549998958828,83.43471080000745,-13.926021575993875,13.926021575993875
Daganzo,TSP-triangular_squeezed-n90-g1000-1,4039.0402709059485,5892,0.014425099994696211,0.0072125499973481055,0.0072125499973481055,0.19906369999807794,-31.448739461881388,31.448739461881388
Daganzo,TSP-triangular_squeezed-n800-g10000-1,140860.77298098287,167694,0.010062000001198612,0.005031000000599306,0.005031000000599306,5.477633699993021,-16.00130417249104,16.00130417249104
Daganzo,TSP-triangular_squeezed-n90-g1000-3,3942.1397389615704,5890,0.005379800000810064,0.002689900000405032,0.002689900000405032,0.35045650000392925,-33.07063261525347,33.07063261525347
Daganzo,TSP-triangular_squeezed-n90-g10000-2,39486.12741768304,56467,0.006109099995228462,0.003054549997614231,0.003054549997614231,0.5172821000014665,-30.072206035944816,30.072206035944816
Daganzo,TSP-triangular_squeezed-n800-g1000-3,13531.16131601423,16391,0.020251699999789707,0.010125849999894854,0.010125849999894854,17.15635299999849,-17.44761566704759,17.44761566704759
Daganzo,TSP-triangular_squeezed-n90-g10000-1,41977.29110241035,61387,0.005731199998990633,0.0028655999994953163,0.0028655999994953163,0.9552382999972906,-31.618598233485347,31.618598233485347
Daganzo,TSP-triangular_squeezed-n90-g1000-2,4154.0683359810055,5900,0.012700599996605888,0.006350299998302944,0.006350299998302944,0.27679789999092463,-29.592062102016857,29.592062102016857
Daganzo,TSP-triangular_squeezed-n90-g1000-5,3833.9481334519896,5270,0.007390799997665454,0.003695399998832727,0.003695399998832727,0.09457980000297539,-27.24956103506661,27.24956103506661
Daganzo,TSP-triangular_squeezed-n800-g10000-5,138485.74918568335,163722,0.0176456999979564,0.0088228499989782,0.0088228499989782,6.88886600000842,-15.414086570110705,15.414086570110705
Daganzo,TSP-triangular_squeezed-n90-g1000-4,4130.558005766291,6073,0.012200100005429704,0.006100050002714852,0.006100050002714852,0.28692660000524484,-31.984883817449518,31.984883817449518
Daganzo,TSP-triangular_squeezed-n800-g1000-5,14742.201256257491,17108,0.020433400000911206,0.010216700000455603,0.010216700000455603,3.843645800006925,-13.828610847220652,13.828610847220652
Daganzo,TSP-triangular_squeezed-n800-g1000-4,13874.296457838862,16411,0.022136300001875497,0.011068150000937749,0.011068150000937749,63.4398724000057,-15.457336799470708,15.457336799470708
Daganzo,TSP-triangular_squeezed-n90-g10000-3,39922.72311421779,55736,0.014333999999507796,0.007166999999753898,0.007166999999753898,0.19184210000094026,-28.37174696028098,28.37174696028098
Daganzo,TSP-triangular_squeezed-n90-g10000-5,40982.119503058886,58355,0.018473600001016166,0.009236800000508083,0.009236800000508083,0.4609316999994917,-29.7710230433401,29.7710230433401
Daganzo,TSP-triangular_squeezed-n800-g1000-2,14115.354601284374,16845,0.024677500005054753,0.012338750002527377,0.012338750002527377,9.886756499996409,-16.20448440911621,16.20448440911621
Daganzo,TSP-triangular_squeezed-n900-g1000-5,15163.892024806823,18079,0.010540400005993433,0.005270200002996717,0.005270200002996717,11.607890200000838,-16.124276648006955,16.124276648006955
Daganzo,TSP-triangular_squeezed-n900-g1000-3,14979.741523304065,17607,0.015176699998846743,0.007588349999423372,0.007588349999423372,15.218758500006516,-14.921670226023373,14.921670226023373
Daganzo,TSP-triangular_squeezed-n900-g1000-4,15124.111409765534,17622,0.021387699998740572,0.010693849999370286,0.010693849999370286,11.919158699995023,-14.174830270312485,14.174830270312485
Daganzo,TSP-truncated_exponential-n10-g1000-1,1304.5088541286332,3160,0.005441500004963018,0.002720750002481509,0.002720750002481509,0.04464429999643471,-58.718074236435655,58.718074236435655
Daganzo,TSP-triangular_squeezed-n900-g10000-2,148030.48913671466,176298,0.01492520000465447,0.007462600002327235,0.007462600002327235,8.23742210000637,-16.03393734658665,16.03393734658665
Daganzo,TSP-triangular_squeezed-n900-g1000-2,15123.84556453814,17859,0.01453849999961676,0.00726924999980838,0.00726924999980838,9.579674799984787,-15.315272050293185,15.315272050293185
Daganzo,TSP-triangular_squeezed-n900-g10000-5,151671.80050840034,176348,0.008636200000182725,0.004318100000091363,0.004318100000091363,6.6224700000020675,-13.9929001131851,13.9929001131851
Daganzo,TSP-triangular_squeezed-n90-g10000-4,39001.99904924746,54791,0.010390600000391714,0.005195300000195857,0.005195300000195857,0.2518701999943005,-28.816778213123577,28.816778213123577
Daganzo,TSP-truncated_exponential-n10-g1000-3,1052.2638452403464,3017,0.007245500004501082,0.003622750002250541,0.003622750002250541,0.036336899996967986,-65.12217947496366,65.12217947496366
Daganzo,TSP-triangular_squeezed-n900-g10000-3,146554.5217118701,175682,0.008678000005602371,0.0043390000028011855,0.0043390000028011855,253.7966535000014,-16.57966000394457,16.57966000394457
Daganzo,TSP-triangular_squeezed-n900-g10000-1,148248.96702285987,179093,0.013191700003517326,0.006595850001758663,0.006595850001758663,175.9013394000067,-17.222355411512527,17.222355411512527
Daganzo,TSP-triangular_squeezed-n900-g10000-4,146345.61587978987,173919,0.01468909999675816,0.00734454999837908,0.00734454999837908,4.578381300001638,-15.85415286438522,15.85415286438522
Daganzo,TSP-truncated_exponential-n10-g1000-2,1171.2119991700904,2913,0.00637529999949038,0.00318764999974519,0.00318764999974519,0.04415339999832213,-59.79361485856195,59.79361485856195
Daganzo,TSP-triangular_squeezed-n900-g1000-1,14930.190086532722,17756,0.02154809999774443,0.010774049998872215,0.010774049998872215,7.931720700013102,-15.914676241649456,15.914676241649456
Daganzo,TSP-truncated_exponential-n10-g10000-3,9741.695640005388,24455,0.003999399996246211,0.0019996999981231056,0.0019996999981231056,0.040986899999552406,-60.164810304619145,60.164810304619145
Daganzo,TSP-truncated_exponential-n10-g1000-4,1191.0797523675735,2703,0.01028750000114087,0.005143750000570435,0.005143750000570435,0.09959169999638107,-55.93489632380416,55.93489632380416
Daganzo,TSP-truncated_exponential-n10-g10000-1,12104.093874821856,31333,0.006660099999862723,0.0033300499999313615,0.0033300499999313615,0.04268640000373125,-61.36950220271964,61.36950220271964
Daganzo,TSP-truncated_exponential-n10-g10000-2,8758.23900869918,22602,0.007491899996239226,0.003745949998119613,0.003745949998119613,0.04130160000931937,-61.25015923945146,61.25015923945146
Daganzo,TSP-truncated_exponential-n100-g1000-5,5106.261576731062,7270,0.0026663999960874207,0.0013331999980437104,0.0013331999980437104,0.301127800004906,-29.762564281553484,29.762564281553484
Daganzo,TSP-truncated_exponential-n100-g1000-4,5256.85261920096,7405,0.006510300001536962,0.003255150000768481,0.003255150000768481,0.1083548000024166,-29.009417701540034,29.009417701540034
Daganzo,TSP-truncated_exponential-n100-g10000-2,52571.07697874374,79405,0.008352100005140528,0.004176050002570264,0.004176050002570264,0.0637948000075994,-33.79374475317204,33.79374475317204
Daganzo,TSP-truncated_exponential-n10-g10000-5,11866.223324229995,29806,0.006441899997298606,0.003220949998649303,0.003220949998649303,0.04128740000305697,-60.18847438693553,60.18847438693553
Daganzo,TSP-truncated_exponential-n100-g1000-2,4968.147597445148,7086,0.006823600000643637,0.0034118000003218185,0.0034118000003218185,0.19410179999249522,-29.88784084892538,29.88784084892538
Daganzo,TSP-truncated_exponential-n100-g1000-1,5296.885822820801,7837,0.009533700002066325,0.004766850001033163,0.004766850001033163,0.6997012999927392,-32.41181800662497,32.41181800662497
Daganzo,TSP-truncated_exponential-n10-g1000-5,1193.0380503152446,2813,0.013533999997889623,0.0067669999989448115,0.0067669999989448115,0.0824713000038173,-57.5884091604961,57.5884091604961
Daganzo,TSP-truncated_exponential-n100-g10000-4,51976.41069600709,76315,0.011846500005049165,0.005923250002524583,0.005923250002524583,0.5228781000041636,-31.89227452531338,31.89227452531338
Daganzo,TSP-truncated_exponential-n10-g10000-4,10897.3997710463,24968,0.019187500001862645,0.009593750000931323,0.009593750000931323,0.04577689999132417,-56.35453472025672,56.35453472025672
Daganzo,TSP-truncated_exponential-n100-g10000-1,51619.55357376698,77137,0.015948799999023322,0.007974399999511661,0.007974399999511661,0.26506429999426473,-33.08068297475015,33.08068297475015
Daganzo,TSP-truncated_exponential-n100-g10000-3,52818.8621577084,73946,0.01801049999630777,0.009005249998153886,0.009005249998153886,0.12365759999374859,-28.571035407312905,28.571035407312905
Daganzo,TSP-truncated_exponential-n1000-g1000-4,17890.551236616495,22741,0.009533800002827775,0.004766900001413887,0.004766900001413887,8.309754600006272,-21.329091787447805,21.329091787447805
Daganzo,TSP-truncated_exponential-n100-g1000-3,5389.662722286061,7820,0.022522200000821613,0.011261100000410806,0.011261100000410806,0.332545500001288,-31.07848181219871,31.07848181219871
Daganzo,TSP-truncated_exponential-n1000-g10000-2,177749.67133893663,226256,0.01641119999840157,0.008205599999200786,0.008205599999200786,295.771974400006,-21.438692746739697,21.438692746739697
Daganzo,TSP-truncated_exponential-n20-g1000-1,2077.5964396388435,3991,0.01288580000255024,0.00644290000127512,0.00644290000127512,0.13237439999647904,-47.94296067053762,47.94296067053762
Daganzo,TSP-truncated_exponential-n1000-g10000-4,178920.0750716643,227055,0.01770119999855524,0.00885059999927762,0.00885059999927762,88.68491149999318,-21.199676258323183,21.199676258323183
Daganzo,TSP-truncated_exponential-n1000-g1000-2,17833.563865643904,22288,0.027789499996288214,0.013894749998144107,0.013894749998144107,11.513538100000005,-19.985804622918593,19.985804622918593
Daganzo,TSP-truncated_exponential-n20-g1000-4,2264.5089242482572,4513,0.011152699997182935,0.005576349998591468,0.005576349998591468,0.06357900000875816,-49.82253657770314,49.82253657770314
Daganzo,TSP-truncated_exponential-n1000-g10000-3,177753.39052082805,225533,0.020873900000879075,0.010436950000439538,0.010436950000439538,271.41332669999974,-21.185196613875554,21.185196613875554
Daganzo,TSP-truncated_exponential-n20-g10000-3,18599.94484903114,35704,0.005341800002497621,0.0026709000012488104,0.0026709000012488104,0.04484339999908116,-47.9051511062314,47.9051511062314
Daganzo,TSP-truncated_exponential-n1000-g10000-1,178756.87383342773,228047,0.020070799997483846,0.010035399998741923,0.010035399998741923,176.77465229999507,-21.614020867002097,21.614020867002097
Daganzo,TSP-truncated_exponential-n20-g10000-2,20993.41649231968,39716,0.005009000000427477,0.0025045000002137385,0.0025045000002137385,0.060533200012287125,-47.14116101238876,47.14116101238876
Daganzo,TSP-truncated_exponential-n100-g10000-5,54312.59140061353,78035,0.021044099994469434,0.010522049997234717,0.010522049997234717,0.4397945999953663,-30.399703465607065,30.399703465607065
Daganzo,TSP-truncated_exponential-n20-g1000-2,1888.7962976456727,3427,0.0077165000038803555,0.0038582500019401778,0.0038582500019401778,0.07471960000111721,-44.884846873484896,44.884846873484896
Daganzo,TSP-truncated_exponential-n20-g1000-3,1822.6466385451677,3459,0.014599400004954077,0.007299700002477039,0.007299700002477039,0.07507009999244474,-47.307122331738434,47.307122331738434
Daganzo,TSP-truncated_exponential-n1000-g1000-3,17905.26874693591,22604,0.019469299993943423,0.009734649996971712,0.009734649996971712,20.387984699991648,-20.787167107875103,20.787167107875103
Daganzo,TSP-truncated_exponential-n20-g10000-1,18286.34908690086,36860,0.005190000003494788,0.002595000001747394,0.002595000001747394,0.042153999995207414,-50.38972032853809,50.38972032853809
Daganzo,TSP-truncated_exponential-n1000-g1000-1,17874.035787980283,22602,0.029850499995518476,0.014925249997759238,0.014925249997759238,825.8203237999987,-20.91834444748127,20.91834444748127
Daganzo,TSP-truncated_exponential-n20-g1000-5,1836.1486361403313,3465,0.007095500004652422,0.003547750002326211,0.003547750002326211,0.0884986999881221,-47.00869736968741,47.00869736968741
Daganzo,TSP-truncated_exponential-n20-g10000-4,19585.210368157906,36174,0.011045199993532151,0.0055225999967660755,0.0055225999967660755,0.06213170000410173,-45.858322640134055,45.858322640134055
Daganzo,TSP-truncated_exponential-n200-g1000-2,7808.28434676914,10597,0.00737469999876339,0.003687349999381695,0.003687349999381695,1.0069323000061559,-26.316086186947814,26.316086186947814
Daganzo,TSP-truncated_exponential-n1000-g10000-5,178690.85267914526,227519,0.024055699999735225,0.012027849999867612,0.012027849999867612,9.330240900017088,-21.461129541205235,21.461129541205235
Daganzo,TSP-truncated_exponential-n20-g10000-5,18502.316422923912,36813,0.010567600002104882,0.005283800001052441,0.005283800001052441,0.051857500002370216,-49.73972123183682,49.73972123183682
Daganzo,TSP-truncated_exponential-n200-g1000-1,7769.468003023115,10342,0.009938099996361416,0.004969049998180708,0.004969049998180708,2.285614299995359,-24.87460836372931,24.87460836372931
Daganzo,TSP-truncated_exponential-n200-g10000-1,76648.06404384914,105005,0.009081399999558926,0.004540699999779463,0.004540699999779463,1.6965166000009049,-27.005319704919632,27.005319704919632
Daganzo,TSP-truncated_exponential-n200-g1000-5,7791.078522900408,10500,0.010931700002402067,0.005465850001201034,0.005465850001201034,2.158831000007922,-25.799252162853257,25.799252162853257
Daganzo,TSP-truncated_exponential-n200-g10000-5,78763.13934900003,105489,0.005923699995037168,0.002961849997518584,0.002961849997518584,1.9917226000106893,-25.335210923413783,25.335210923413783
Daganzo,TSP-truncated_exponential-n200-g1000-3,7700.446850021107,10202,0.00901519999752054,0.00450759999876027,0.00450759999876027,1.4911900999868521,-24.52022299528419,24.52022299528419
Daganzo,TSP-truncated_exponential-n1000-g1000-5,17861.80743513937,22748,0.0278868000023067,0.01394340000115335,0.01394340000115335,14.08266439998988,-21.479657837439028,21.479657837439028
Daganzo,TSP-truncated_exponential-n200-g10000-4,76550.5165807521,105092,0.010192200003075413,0.005096100001537707,0.005096100001537707,0.8391531000088435,-27.15856908161221,27.15856908161221
Daganzo,TSP-truncated_exponential-n30-g1000-2,2548.0692729005623,4729,0.006166399994981475,0.0030831999974907376,0.0030831999974907376,0.06057570000120904,-46.118222184382276,46.118222184382276
Daganzo,TSP-truncated_exponential-n30-g10000-3,24158.071625773442,40865,0.009623599995393306,0.004811799997696653,0.004811799997696653,0.08298780000768602,-40.88322127548405,40.88322127548405
Daganzo,TSP-truncated_exponential-n30-g1000-5,2721.9606829452914,4742,0.009472200006712228,0.004736100003356114,0.004736100003356114,0.08608449999883305,-42.598889014228355,42.598889014228355
Daganzo,TSP-truncated_exponential-n30-g1000-3,2746.2514819295047,4678,0.007364400000369642,0.003682200000184821,0.003682200000184821,0.040607899994938634,-41.29432488393534,41.29432488393534
Daganzo,TSP-truncated_exponential-n200-g10000-3,77324.83570225026,103060,0.010805899997649249,0.005402949998824624,0.005402949998824624,3.369737000000896,-24.971050162769007,24.971050162769007
Daganzo,TSP-truncated_exponential-n200-g10000-2,76525.22342639712,103298,0.006705799998599105,0.0033528999992995523,0.0033528999992995523,2.098317900003167,-25.9180009037957,25.9180009037957
Daganzo,TSP-truncated_exponential-n30-g10000-1,25897.87764433603,44453,0.010836300003575161,0.0054181500017875805,0.0054181500017875805,0.0738238000049023,-41.7409901596382,41.7409901596382
Daganzo,TSP-truncated_exponential-n200-g1000-4,7809.085291505016,10684,0.010356699996918906,0.005178349998459453,0.005178349998459453,0.9528010000067297,-26.908598918897265,26.908598918897265
Daganzo,TSP-truncated_exponential-n30-g1000-1,2509.9912947060197,4289,0.011764099996071309,0.005882049998035654,0.005882049998035654,0.04335450001235586,-41.478403014548384,41.478403014548384
Daganzo,TSP-truncated_exponential-n30-g1000-4,2684.75264279598,4696,0.006599299995286856,0.003299649997643428,0.003299649997643428,0.05682659999001771,-42.82894712955749,42.82894712955749
Daganzo,TSP-truncated_exponential-n30-g10000-2,26150.635063388036,46258,0.00999519999459153,0.004997599997295765,0.004997599997295765,0.04513600000063889,-43.467864880911335,43.467864880911335
Daganzo,TSP-truncated_exponential-n300-g1000-2,9537.812742185703,12760,0.010030700002971571,0.0050153500014857855,0.0050153500014857855,2.168997600005241,-25.252251236789164,25.252251236789164
Daganzo,TSP-truncated_exponential-n30-g10000-4,27150.685943075176,49169,0.011665400001220405,0.0058327000006102026,0.0058327000006102026,0.06349420000333339,-44.78088644659201,44.78088644659201
Daganzo,TSP-truncated_exponential-n300-g1000-5,9427.255486089258,12563,0.006439299999328796,0.003219649999664398,0.003219649999664398,2.2624758000019938,-24.960156920407087,24.960156920407087
Daganzo,TSP-truncated_exponential-n300-g10000-4,96822.9334345691,126541,0.0026617000039550476,0.0013308500019775238,0.0013308500019775238,4.603071799996542,-23.484931022696912,23.484931022696912
Daganzo,TSP-truncated_exponential-n300-g10000-3,96881.18322742036,126249,0.007452799996826798,0.003726399998413399,0.003726399998413399,1.8545982999930857,-23.26182129963773,23.26182129963773
Daganzo,TSP-truncated_exponential-n30-g10000-5,24402.528423218766,39404,0.011765600000217091,0.005882800000108546,0.005882800000108546,0.04543859999103006,-38.07093588666439,38.07093588666439
Daganzo,TSP-truncated_exponential-n40-g10000-3,30861.090316578247,52285,0.004082299994479399,0.0020411499972396996,0.0020411499972396996,0.18777989999216516,-40.97525042253372,40.97525042253372
Daganzo,TSP-truncated_exponential-n40-g1000-5,3091.150518819813,4974,0.007052499997371342,0.003526249998685671,0.003526249998685671,0.11846440000226721,-37.853829537197164,37.853829537197164
Daganzo,TSP-truncated_exponential-n300-g10000-2,95312.82811384834,125893,0.013168699995731004,0.006584349997865502,0.006584349997865502,2.5521045999921625,-24.290605423773883,24.290605423773883
Daganzo,TSP-truncated_exponential-n300-g1000-1,9632.712466122923,12600,0.014235999995435122,0.007117999997717561,0.007117999997717561,1.387639600012335,-23.549901062516486,23.549901062516486
Daganzo,TSP-truncated_exponential-n40-g1000-2,2754.610144829936,4389,0.004223099997034296,0.002111549998517148,0.002111549998517148,0.07920230001036543,-37.23831978058929,37.23831978058929
Daganzo,TSP-truncated_exponential-n300-g10000-5,95881.75500740482,129012,0.007931800006190315,0.0039659000030951574,0.0039659000030951574,3.0175835999980336,-25.67997162480636,25.67997162480636
Daganzo,TSP-truncated_exponential-n300-g1000-3,9640.174606302522,12529,0.015669499996874947,0.007834749998437474,0.007834749998437474,4.253346700003021,-23.057110652865177,23.057110652865177
Daganzo,TSP-truncated_exponential-n40-g1000-4,2862.1209251182936,4666,0.007061300006171223,0.0035306500030856114,0.0035306500030856114,0.08003560001088772,-38.660074472389766,38.660074472389766
Daganzo,TSP-truncated_exponential-n300-g10000-1,95726.1609585906,127865,0.012803000005078502,0.006401500002539251,0.006401500002539251,1.1379304000001866,-25.134977547733474,25.134977547733474
Daganzo,TSP-truncated_exponential-n40-g10000-2,30400.79084096333,48314,0.010951500000373926,0.005475750000186963,0.005475750000186963,0.07073349998972844,-37.07664271026342,37.07664271026342
Daganzo,TSP-truncated_exponential-n40-g10000-1,32103.41074225603,50031,0.009075000001757871,0.004537500000878936,0.004537500000878936,0.050014699998428114,-35.83296207899896,35.83296207899896
Daganzo,TSP-truncated_exponential-n40-g1000-3,3122.326601750688,5336,0.008883999995305203,0.0044419999976526015,0.0044419999976526015,0.10925349999160971,-41.48563340047436,41.48563340047436
Daganzo,TSP-truncated_exponential-n40-g10000-4,31712.952363505985,51269,0.010265400000207592,0.005132700000103796,0.005132700000103796,0.09857479999482166,-38.144000539300585,38.144000539300585
Daganzo,TSP-truncated_exponential-n300-g1000-4,9618.219252023733,12948,0.020157400002062786,0.010078700001031393,0.010078700001031393,2.255364600001485,-25.716564318630418,25.716564318630418
Daganzo,TSP-truncated_exponential-n40-g1000-1,2942.666611085938,4882,0.013393900000664871,0.006696950000332436,0.006696950000332436,0.15118580000125803,-39.72415790483536,39.72415790483536
Daganzo,TSP-truncated_exponential-n5-g1000-2,459.93031211260677,2140,0.0029580000045825727,0.0014790000022912864,0.0014790000022912864,0.2812763999972958,-78.50792934053239,78.50792934053239
Daganzo,TSP-truncated_exponential-n40-g10000-5,29779.636116850048,48902,0.013723899995966349,0.006861949997983174,0.006861949997983174,0.15854709999985062,-39.10343929317809,39.10343929317809
Daganzo,TSP-truncated_exponential-n400-g1000-4,11147.541747847368,14603,0.013234300000476651,0.0066171500002383254,0.0066171500002383254,4.9380506000015885,-23.662660084589685,23.662660084589685
Daganzo,TSP-truncated_exponential-n400-g1000-1,11072.38461308132,14298,0.008510499996191356,0.004255249998095678,0.004255249998095678,2.5511390999890864,-22.55990618910813,22.55990618910813
Daganzo,TSP-truncated_exponential-n400-g1000-5,11104.21153346783,14139,0.005057500005932525,0.0025287500029662624,0.0025287500029662624,2.4753442000073846,-21.463954074065853,21.463954074065853
Daganzo,TSP-truncated_exponential-n400-g10000-2,110425.0865410573,142179,0.010365499998442829,0.005182749999221414,0.005182749999221414,4.294989900008659,-22.333757769391188,22.333757769391188
Daganzo,TSP-truncated_exponential-n400-g10000-1,111879.86426502312,147955,0.015572000003885478,0.007786000001942739,0.007786000001942739,5.3304494000039995,-24.382505312410448,24.382505312410448
Daganzo,TSP-truncated_exponential-n5-g10000-2,3404.8804601263164,13405,0.0073772999967332,0.0036886499983666,0.0036886499983666,0.04258899998967536,-74.59992196847209,74.59992196847209
Daganzo,TSP-truncated_exponential-n400-g1000-3,11226.467988641843,14641,0.015505800001847092,0.007752900000923546,0.007752900000923546,20.977293899995857,-23.321713075323792,23.321713075323792
Daganzo,TSP-truncated_exponential-n5-g1000-1,522.217687368017,2024,0.006277000000409316,0.003138500000204658,0.003138500000204658,0.3260444000043208,-74.19873086126398,74.19873086126398
Daganzo,TSP-truncated_exponential-n400-g1000-2,11030.65614095553,14389,0.012902700000267942,0.006451350000133971,0.006451350000133971,6.994770799996331,-23.339661262384247,23.339661262384247
Daganzo,TSP-truncated_exponential-n5-g10000-4,7267.629645902438,25989,0.00534410000545904,0.00267205000272952,0.00267205000272952,0.05640539999876637,-72.03574725498312,72.03574725498312
Daganzo,TSP-truncated_exponential-n400-g10000-3,109631.76909317843,146406,0.007738199994491879,0.0038690999972459394,0.0038690999972459394,7.362202599993907,-25.11798075681432,25.11798075681432
Daganzo,TSP-truncated_exponential-n5-g1000-4,566.6908065691555,1879,0.005709499993827194,0.002854749996913597,0.002854749996913597,0.04170390000217594,-69.840829879236,69.840829879236
Daganzo,TSP-truncated_exponential-n5-g10000-1,5310.933133052044,21555,0.00805689999833703,0.004028449999168515,0.004028449999168515,0.05520790000446141,-75.3610153882995,75.3610153882995
Daganzo,TSP-truncated_exponential-n400-g10000-4,111230.30445206916,143922,0.012604999996256083,0.006302499998128042,0.006302499998128042,7.679979199994705,-22.714870240776836,22.714870240776836
Daganzo,TSP-truncated_exponential-n400-g10000-5,111147.00029798374,145102,0.009857299999566749,0.004928649999783374,0.004928649999783374,4.465624500007834,-23.400779935504858,23.400779935504858
Daganzo,TSP-truncated_exponential-n5-g1000-3,389.7649830346487,1580,0.010884499999519903,0.005442249999759952,0.005442249999759952,0.03782070000306703,-75.33133018768046,75.33133018768046
Daganzo,TSP-truncated_exponential-n5-g1000-5,617.8771079268108,2111,0.009947400001692586,0.004973700000846293,0.004973700000846293,0.06702159999986179,-70.73059649801938,70.73059649801938
Daganzo,TSP-truncated_exponential-n5-g10000-3,5211.189969119337,19658,0.008699099998921156,0.004349549999460578,0.004349549999460578,0.058066400000825524,-73.49074183986501,73.49074183986501
Daganzo,TSP-truncated_exponential-n50-g10000-3,35105.02270569697,55596,0.005788499998743646,0.002894249999371823,0.002894249999371823,0.12238020000222605,-36.85692728668076,36.85692728668076
Daganzo,TSP-truncated_exponential-n50-g1000-1,3724.8507829173504,5762,0.007786300004227087,0.0038931500021135435,0.0038931500021135435,0.11494559999846388,-35.3548979014691,35.3548979014691
Daganzo,TSP-truncated_exponential-n5-g10000-5,4581.328770373285,18463,0.00526230000104988,0.00263115000052494,0.00263115000052494,0.04665610000665765,-75.18643356782059,75.18643356782059
Daganzo,TSP-truncated_exponential-n50-g1000-2,3640.575765589833,5834,0.005556600001000334,0.002778300000500167,0.002778300000500167,0.26554500000202097,-37.597261474291514,37.597261474291514
Daganzo,TSP-truncated_exponential-n50-g1000-3,3557.704211988399,5860,0.010804999998072162,0.005402499999036081,0.005402499999036081,0.1085212999896612,-39.28832402750172,39.28832402750172
Daganzo,TSP-truncated_exponential-n50-g10000-5,35757.201842181385,57598,0.00803250000171829,0.004016250000859145,0.004016250000859145,0.08984130001044832,-37.919369002081,37.919369002081
Daganzo,TSP-truncated_exponential-n50-g10000-2,36075.10783050412,55930,0.006902599998284131,0.0034512999991420656,0.0034512999991420656,0.0488830000103917,-35.499539012150684,35.499539012150684
Daganzo,TSP-truncated_exponential-n50-g1000-4,3806.5460367635114,6003,0.013633000002300832,0.006816500001150416,0.006816500001150416,0.1023159000033047,-36.58927141823236,36.58927141823236
Daganzo,TSP-truncated_exponential-n50-g10000-4,36764.86766255252,58885,0.0064395000008516945,0.0032197500004258472,0.0032197500004258472,0.16263930000422988,-37.564969580449144,37.564969580449144
Daganzo,TSP-truncated_exponential-n50-g10000-1,36850.552128733434,58660,0.012108299997635186,0.006054149998817593,0.006054149998817593,0.14064749999670312,-37.179420169223604,37.179420169223604
Daganzo,TSP-truncated_exponential-n60-g1000-1,3646.0525739489817,5554,0.003044099998078309,0.0015220499990391545,0.0015220499990391545,0.24908950000826735,-34.352672417195144,34.352672417195144
Daganzo,TSP-truncated_exponential-n500-g1000-3,12561.7803465512,16397,0.008892999998352025,0.004446499999176012,0.004446499999176012,3.1635340999928303,-23.389764307183018,23.389764307183018
Daganzo,TSP-truncated_exponential-n50-g1000-5,3675.8747142687,5920,0.017818799999076873,0.008909399999538437,0.008909399999538437,0.048714999997173436,-37.907521718434126,37.907521718434126
Daganzo,TSP-truncated_exponential-n500-g10000-1,125346.33986000546,164215,0.012903700000606477,0.006451850000303239,0.006451850000303239,1.9781532000051811,-23.669372554270034,23.669372554270034
Daganzo,TSP-truncated_exponential-n500-g1000-4,12567.16863696831,16140,0.01205840000329772,0.00602920000164886,0.00602920000164886,2.5999366999894846,-22.136501629688286,22.136501629688286
Daganzo,TSP-truncated_exponential-n500-g1000-2,12556.11158161634,16359,0.016542700002901256,0.008271350001450628,0.008271350001450628,4.6875983999925666,-23.24646016494688,23.24646016494688
Daganzo,TSP-truncated_exponential-n500-g10000-4,125322.57722433736,164609,0.006792000000132248,0.003396000000066124,0.003396000000066124,3.232200999991619,-23.866509592830667,23.866509592830667
Daganzo,TSP-truncated_exponential-n500-g10000-3,123857.86699327984,161995,0.009058199997525662,0.004529099998762831,0.004529099998762831,8.379511799998,-23.542166737689534,23.542166737689534
Daganzo,TSP-truncated_exponential-n500-g1000-1,12464.83918668829,16414,0.012522699995315634,0.006261349997657817,0.006261349997657817,3.767419299998437,-24.059710084755146,24.059710084755146
Daganzo,TSP-truncated_exponential-n60-g10000-1,39568.533413155455,61884,0.003236699994886294,0.001618349997443147,0.001618349997443147,0.16833640000550076,-36.060155430878005,36.060155430878005
Daganzo,TSP-truncated_exponential-n500-g10000-5,124549.92544608364,163037,0.011021300000720657,0.005510650000360329,0.005510650000360329,2.6203447000007145,-23.606343685124457,23.606343685124457
Daganzo,TSP-truncated_exponential-n60-g1000-3,3819.4219468396,5853,0.004918300001008902,0.002459150000504451,0.002459150000504451,0.14108519999717828,-34.74420046404237,34.74420046404237
Daganzo,TSP-truncated_exponential-n500-g1000-5,12574.825279104276,16160,0.009570000001986045,0.004785000000993023,0.004785000000993023,6.054392300007748,-22.18548713425572,22.18548713425572
Daganzo,TSP-truncated_exponential-n60-g1000-4,3880.0825705131583,6210,0.0061773999987053685,0.0030886999993526842,0.0030886999993526842,0.14274690000456758,-37.5187991865836,37.5187991865836
Daganzo,TSP-truncated_exponential-n60-g10000-5,38783.10095782698,57145,0.0032590999981039204,0.0016295499990519602,0.0016295499990519602,0.1644300000043586,-32.13211836936393,32.13211836936393
Daganzo,TSP-truncated_exponential-n60-g1000-5,3908.396938515841,6216,0.011214500002097338,0.005607250001048669,0.005607250001048669,0.16191219999745954,-37.123601375227786,37.123601375227786
Daganzo,TSP-truncated_exponential-n500-g10000-2,124784.33796705016,161898,0.011954299996432383,0.005977149998216191,0.005977149998216191,4.216196299996227,-22.924101615183535,22.924101615183535
Daganzo,TSP-truncated_exponential-n60-g1000-2,3838.637058514388,5856,0.009058299998287112,0.004529149999143556,0.004529149999143556,0.4917338999948697,-34.449503782199656,34.449503782199656
Daganzo,TSP-truncated_exponential-n60-g10000-2,39820.99914242484,61996,0.008322599998791702,0.004161299999395851,0.004161299999395851,0.37838249999913387,-35.76843805660875,35.76843805660875
Daganzo,TSP-truncated_exponential-n600-g1000-4,13739.630972118573,17679,0.009041999997862149,0.0045209999989310745,0.0045209999989310745,3.677389000004041,-22.28275936354673,22.28275936354673
Daganzo,TSP-truncated_exponential-n70-g1000-1,4429.1503307632265,6466,0.006289700002525933,0.0031448500012629665,0.0031448500012629665,0.21165920000930782,-31.500922815291887,31.500922815291887
Daganzo,TSP-truncated_exponential-n60-g10000-3,39369.30342243815,61070,0.012428899994120002,0.006214449997060001,0.006214449997060001,0.25879100000020117,-35.5341355453772,35.5341355453772
Daganzo,TSP-truncated_exponential-n70-g1000-2,4408.744949982931,6611,0.0059276000029058196,0.0029638000014529098,0.0029638000014529098,0.15514439999242313,-33.3119807898513,33.3119807898513
Daganzo,TSP-truncated_exponential-n70-g1000-3,4335.947888582149,6328,0.004310600001190323,0.0021553000005951617,0.0021553000005951617,0.058155999999144115,-31.479963834036834,31.479963834036834
Daganzo,TSP-truncated_exponential-n600-g10000-2,137151.82930486198,174065,0.011084900004789233,0.005542450002394617,0.005542450002394617,10.772619800001848,-21.206543931943823,21.206543931943823
Daganzo,TSP-truncated_exponential-n600-g1000-2,13736.75047491218,18017,0.010714099997130688,0.005357049998565344,0.005357049998565344,13.377880700005335,-23.756727119319642,23.756727119319642
Daganzo,TSP-truncated_exponential-n70-g1000-4,4265.020191276942,6208,0.006192699998791795,0.0030963499993958976,0.0030963499993958976,0.12485959999321494,-31.297999496183287,31.297999496183287
Daganzo,TSP-truncated_exponential-n600-g1000-3,13810.453059548769,17850,0.01447530000586994,0.00723765000293497,0.00723765000293497,2.7886001000006218,-22.63051507255592,22.63051507255592
Daganzo,TSP-truncated_exponential-n60-g10000-4,40843.330252245585,62797,0.019576900005631614,0.009788450002815807,0.009788450002815807,0.1359958000102779,-34.959742898155035,34.959742898155035
Daganzo,TSP-truncated_exponential-n70-g10000-1,44066.8147408285,63145,0.005014300004404504,0.002507150002202252,0.002507150002202252,0.19637260001036339,-30.213295208126535,30.213295208126535
Daganzo,TSP-truncated_exponential-n70-g10000-4,45047.039415371124,66938,0.005723700000089593,0.0028618500000447966,0.0028618500000447966,0.7296187999891117,-32.70333829010259,32.70333829010259
Daganzo,TSP-truncated_exponential-n70-g1000-5,4342.6120643571185,6778,0.005582799996773247,0.0027913999983866233,0.0027913999983866233,0.18696370000543538,-35.93077509062971,35.93077509062971
Daganzo,TSP-truncated_exponential-n600-g1000-1,13584.77784433739,17399,0.016116900005727075,0.008058450002863538,0.008058450002863538,10.212175900000148,-21.92207687604236,21.92207687604236
Daganzo,TSP-truncated_exponential-n70-g10000-3,43216.208185887845,63673,0.005516600002010819,0.0027583000010054093,0.0027583000010054093,0.19060529999842402,-32.1278906508444,32.1278906508444
Daganzo,TSP-truncated_exponential-n600-g10000-3,136916.38261249088,174914,0.013062400001217611,0.006531200000608806,0.006531200000608806,2.5016408000083175,-21.723599819059146,21.723599819059146
Daganzo,TSP-truncated_exponential-n600-g1000-5,13818.19318471123,17762,0.015398600000480656,0.007699300000240328,0.007699300000240328,4.5571600000112085,-22.203619047904347,22.203619047904347
Daganzo,TSP-truncated_exponential-n600-g10000-5,136401.3475256751,173690,0.0167280000023311,0.00836400000116555,0.00836400000116555,10.416173200006597,-21.468508534932862,21.468508534932862
Daganzo,TSP-truncated_exponential-n70-g10000-2,43614.75864920038,65592,0.009765599999809638,0.004882799999904819,0.004882799999904819,0.2971544000029098,-33.50597839797478,33.50597839797478
Daganzo,TSP-truncated_exponential-n70-g10000-5,45237.086182323896,67259,0.01174390000232961,0.005871950001164805,0.005871950001164805,0.1323019999981625,-32.74195842590004,32.74195842590004
Daganzo,TSP-truncated_exponential-n600-g10000-4,137943.3961689359,179838,0.016350699996110052,0.008175349998055026,0.008175349998055026,11.560473900011857,-23.295746077616577,23.295746077616577
Daganzo,TSP-truncated_exponential-n700-g1000-5,14888.07811673488,18831,0.01191370000015013,0.005956850000075065,0.005956850000075065,3.8636980000010226,-20.93846255252042,20.93846255252042
Daganzo,TSP-truncated_exponential-n600-g10000-1,136973.5354446982,177067,0.023087000001396518,0.011543500000698259,0.011543500000698259,3.631520900002215,-22.643103771624183,22.643103771624183
Daganzo,TSP-truncated_exponential-n700-g1000-2,14817.135473160797,19182,0.015413399996759836,0.007706699998379918,0.007706699998379918,7.5607866999926046,-22.75500222520698,22.75500222520698
Daganzo,TSP-truncated_exponential-n8-g1000-4,936.7880202052115,2564,0.006956899997021537,0.0034784499985107686,0.0034784499985107686,0.04673430000548251,-63.463805764227324,63.463805764227324
Daganzo,TSP-truncated_exponential-n8-g10000-2,5858.722311699026,17212,0.005104600000777282,0.002552300000388641,0.002552300000388641,0.11884500000451226,-65.96140883279674,65.96140883279674
Daganzo,TSP-truncated_exponential-n8-g1000-3,835.2427661464659,2492,0.007651699997950345,0.0038258499989751726,0.0038258499989751726,0.20416819999809377,-66.48303506635371,66.48303506635371
Daganzo,TSP-truncated_exponential-n8-g10000-1,8236.613210294629,24455,0.004160299999057315,0.0020801499995286576,0.0020801499995286576,0.1186230000021169,-66.3193080748533,66.3193080748533
Daganzo,TSP-truncated_exponential-n8-g1000-1,915.4718167152935,2417,0.00770619999821065,0.003853099999105325,0.003853099999105325,0.0814544000022579,-62.12363191082774,62.12363191082774
Daganzo,TSP-truncated_exponential-n700-g10000-2,146827.08250597023,188058,0.012226800005009864,0.006113400002504932,0.006113400002504932,17.016480899997987,-21.924575127901907,21.924575127901907
Daganzo,TSP-truncated_exponential-n8-g10000-3,9566.173586884152,23941,0.0044027999974787235,0.0022013999987393618,0.0022013999987393618,0.2171426999993855,-60.04271506251138,60.04271506251138
Daganzo,TSP-truncated_exponential-n700-g1000-1,14949.931921584124,19428,0.01714180000271881,0.008570900001359405,0.008570900001359405,5.695682100005797,-23.04955774354476,23.04955774354476
Daganzo,TSP-truncated_exponential-n700-g10000-1,149043.12330981594,187862,0.015053200004331302,0.007526600002165651,0.007526600002165651,444.88808599999174,-20.66350655810332,20.66350655810332
Daganzo,TSP-truncated_exponential-n700-g10000-3,146216.93445735003,186837,0.008149000001139939,0.004074500000569969,0.004074500000569969,4.971037100011017,-21.740910816727936,21.740910816727936
Daganzo,TSP-truncated_exponential-n700-g1000-3,14908.030454422878,19006,0.013666999999259133,0.0068334999996295664,0.0068334999996295664,11.388898500008509,-21.561451886652225,21.561451886652225
Daganzo,TSP-truncated_exponential-n8-g1000-2,1110.076134145762,2980,0.006235400003788527,0.0031177000018942636,0.0031177000018942636,0.05444520000310149,-62.749123015242894,62.749123015242894
Daganzo,TSP-truncated_exponential-n8-g10000-5,10244.556577226756,28059,0.006432300004235003,0.0032161500021175016,0.0032161500021175016,0.27362670000002254,-63.48923134385844,63.48923134385844
Daganzo,TSP-truncated_exponential-n80-g1000-4,4715.430549589294,6703,0.003340799994475674,0.001670399997237837,0.001670399997237837,0.3326336000027368,-29.65193869029846,29.65193869029846
Daganzo,TSP-truncated_exponential-n700-g1000-4,14933.177067020933,18979,0.01846119999390794,0.00923059999695397,0.00923059999695397,6.533752999996068,-21.317366209911302,21.317366209911302
Daganzo,TSP-truncated_exponential-n8-g10000-4,10192.286909737184,25097,0.004734699999971781,0.0023673499999858905,0.0023673499999858905,0.17451040000014473,-59.38842527099979,59.38842527099979
Daganzo,TSP-truncated_exponential-n8-g1000-5,1104.9893626637318,3197,0.006936099998711143,0.0034680499993555713,0.0034680499993555713,0.04234759999962989,-65.43667930360552,65.43667930360552
Daganzo,TSP-truncated_exponential-n80-g1000-2,4867.475609800216,7210,0.005509800001163967,0.0027549000005819835,0.0027549000005819835,0.5846137999906205,-32.48993606379727,32.48993606379727
Daganzo,TSP-truncated_exponential-n80-g1000-1,4541.515912115689,6538,0.0059448000029078685,0.0029724000014539342,0.0029724000014539342,0.25816100000520237,-30.53661804656333,30.53661804656333
Daganzo,TSP-truncated_exponential-n700-g10000-4,148208.8168156166,190909,0.013403899996774271,0.0067019499983871356,0.0067019499983871356,28.06956679999712,-22.366773271235722,22.366773271235722
Daganzo,TSP-truncated_exponential-n80-g1000-3,4682.103657972557,6915,0.011017099997843616,0.005508549998921808,0.005508549998921808,0.5491981999948621,-32.29061955209607,32.29061955209607
Daganzo,TSP-truncated_exponential-n80-g10000-2,46019.99296427586,66112,0.011044099999708124,0.005522049999854062,0.005522049999854062,0.10418560000834987,-30.390862529834433,30.390862529834433
Daganzo,TSP-truncated_exponential-n80-g1000-5,4738.3411236423235,7108,0.012544400000479072,0.006272200000239536,0.006272200000239536,0.31885529999271967,-33.33791328584238,33.33791328584238
Daganzo,TSP-truncated_exponential-n80-g10000-3,45000.41146371886,64164,0.00865930000145454,0.00432965000072727,0.00432965000072727,0.12855330000456888,-29.86657399208456,29.86657399208456
Daganzo,TSP-truncated_exponential-n700-g10000-5,148414.7714266339,189874,0.022606599995924626,0.011303299997962313,0.011303299997962313,5.156797800009372,-21.835126754250762,21.835126754250762
Daganzo,TSP-truncated_exponential-n80-g10000-4,44366.93706263707,61976,0.006981999998970423,0.0034909999994852114,0.0034909999994852114,0.12554340000497177,-28.412712884605213,28.412712884605213
Daganzo,TSP-truncated_exponential-n80-g10000-1,47437.52351411275,69201,0.009062100005394313,0.004531050002697157,0.004531050002697157,0.3808035999973072,-31.449656053940334,31.449656053940334
Daganzo,TSP-truncated_exponential-n80-g10000-5,47778.19236279246,72206,0.01041339999937918,0.00520669999968959,0.00520669999968959,0.7919456999952672,-33.8307171664509,33.8307171664509
Daganzo,TSP-truncated_exponential-n800-g1000-1,15928.243835401314,20348,0.012199699995107949,0.006099849997553974,0.006099849997553974,2.9449210000020685,-21.720838237658178,21.720838237658178
Daganzo,TSP-truncated_exponential-n800-g1000-4,15963.452198067935,20259,0.01647419999790145,0.008237099998950725,0.008237099998950725,57.34619060000114,-21.20315811210852,21.20315811210852
Daganzo,TSP-truncated_exponential-n90-g1000-2,4950.4883936335,7034,0.008715399999346118,0.004357699999673059,0.004357699999673059,0.19566430000122637,-29.62058013031703,29.62058013031703
Daganzo,TSP-truncated_exponential-n800-g1000-5,15960.337924993946,20559,0.013364300000830553,0.006682150000415277,0.006682150000415277,275.7566603999876,-22.3681213823924,22.3681213823924
Daganzo,TSP-truncated_exponential-n800-g10000-4,159652.0838014963,204181,0.008934400000725873,0.004467200000362936,0.004467200000362936,5.689506599999731,-21.8085503540994,21.8085503540994
Daganzo,TSP-truncated_exponential-n800-g1000-3,15937.220386253053,20201,0.01865929999621585,0.009329649998107925,0.009329649998107925,7.805563199988683,-21.106774980183886,21.106774980183886
Daganzo,TSP-truncated_exponential-n90-g1000-3,4993.72849086732,7038,0.0065847000005305745,0.0032923500002652872,0.0032923500002652872,1.6510513999965042,-29.04619933408184,29.04619933408184
Daganzo,TSP-truncated_exponential-n90-g1000-4,4851.407424912897,6930,0.006520900002215058,0.003260450001107529,0.003260450001107529,0.5220962999883341,-29.99412085262775,29.99412085262775
Daganzo,TSP-truncated_exponential-n90-g1000-1,4922.39175492971,6972,0.008630500000435859,0.0043152500002179295,0.0043152500002179295,0.21260110000730492,-29.39770862120324,29.39770862120324
Daganzo,TSP-truncated_exponential-n800-g10000-5,158739.34656360405,201949,0.014504499995382503,0.007252249997691251,0.007252249997691251,7.663514800005942,-21.396319583853323,21.396319583853323
Daganzo,TSP-truncated_exponential-n800-g10000-2,158470.58401343765,202341,0.012590799997269642,0.006295399998634821,0.006295399998634821,5.219515300006606,-21.681426891515983,21.681426891515983
Daganzo,TSP-truncated_exponential-n90-g1000-5,4875.296668819242,6853,0.007289299996045884,0.003644649998022942,0.003644649998022942,0.3133582999871578,-28.85894252416107,28.85894252416107
Daganzo,TSP-truncated_exponential-n90-g10000-2,49048.210676950286,65675,0.008586500000092201,0.0042932500000461005,0.0042932500000461005,0.25122420000843704,-25.316770952492902,25.316770952492902
Daganzo,TSP-truncated_exponential-n90-g10000-3,51621.17895913943,74850,0.00508119999722112,0.00254059999861056,0.00254059999861056,0.3857248999993317,-31.033829045905904,31.033829045905904
Daganzo,TSP-truncated_exponential-n800-g10000-1,159162.25446882812,207066,0.021319599996786565,0.010659799998393282,0.010659799998393282,7.033711900003254,-23.134529826804922,23.134529826804922
Daganzo,TSP-truncated_exponential-n90-g10000-5,50152.97987778492,69715,0.006061500003852416,0.003030750001926208,0.003030750001926208,0.3143764000124065,-28.059987265602928,28.059987265602928
Daganzo,TSP-truncated_exponential-n90-g10000-4,50527.142964628416,73220,0.00818779999826802,0.00409389999913401,0.00409389999913401,0.6640833999990718,-30.99270286174759,30.99270286174759
Daganzo,TSP-truncated_exponential-n90-g10000-1,50647.55771551576,73301,0.011384499994164798,0.005692249997082399,0.005692249997082399,0.2502978999982588,-30.904683816706786,30.904683816706786
Daganzo,TSP-truncated_exponential-n800-g1000-2,15825.310666144915,20175,0.026635399997758213,0.013317699998879107,0.013317699998879107,6.017228900003829,-21.559798432986792,21.559798432986792
Daganzo,TSP-truncated_exponential-n800-g10000-3,158550.5213100228,202869,0.02165870000317227,0.010829350001586135,0.010829350001586135,4.032514699996682,-21.84586047645387,21.84586047645387
Daganzo,TSP-uniform_triangular-n10-g10000-1,11413.01436383044,27793,0.0019648000015877187,0.0009824000007938594,0.0009824000007938594,0.038115899995318614,-58.93565155315928,58.93565155315928
Daganzo,TSP-truncated_exponential-n900-g10000-4,168148.00890092333,215586,0.014545199999702163,0.0072725999998510815,0.0072725999998510815,20.03683060000185,-22.004207647563696,22.004207647563696
Daganzo,TSP-uniform_triangular-n10-g10000-3,9377.857853049383,24214,0.005357000001822598,0.002678500000911299,0.002678500000911299,0.04058669999358244,-61.27092651751308,61.27092651751308
Daganzo,TSP-truncated_exponential-n900-g1000-1,16785.916925357396,21338,0.01946920000045793,0.009734600000228966,0.009734600000228966,18.191402099997504,-21.33322276990629,21.33322276990629
Daganzo,TSP-uniform_triangular-n10-g1000-4,1170.571712241501,2598,0.005019199998059776,0.002509599999029888,0.002509599999029888,0.04834370000753552,-54.94335210771744,54.94335210771744
Daganzo,TSP-truncated_exponential-n900-g10000-2,169294.60182381776,217885,0.012348300006124191,0.0061741500030620955,0.0061741500030620955,12.581449600009364,-22.30093773145569,22.30093773145569
Daganzo,TSP-truncated_exponential-n900-g10000-5,169921.20544275804,214709,0.010687800000596326,0.005343900000298163,0.005343900000298163,14.337211800011573,-20.85976580266405,20.85976580266405
Daganzo,TSP-uniform_triangular-n10-g1000-1,1077.7899679436618,2670,0.0064098000002559274,0.0032049000001279637,0.0032049000001279637,0.039127099997131154,-59.633334533945245,59.633334533945245
Daganzo,TSP-truncated_exponential-n900-g1000-3,16863.149198770672,21764,0.011699800001224503,0.0058499000006122515,0.0058499000006122515,10.076480599993374,-22.5181529187159,22.5181529187159
Daganzo,TSP-truncated_exponential-n900-g10000-3,168549.71972707342,215086,0.015233700003591366,0.007616850001795683,0.007616850001795683,10.437070799991488,-21.636127071462848,21.636127071462848
Daganzo,TSP-truncated_exponential-n900-g1000-4,16949.61540227388,21743,0.010453900002175942,0.005226950001087971,0.005226950001087971,505.8864300000132,-22.045645024725747,22.045645024725747
Daganzo,TSP-uniform_triangular-n10-g1000-5,1023.4627377193563,2598,0.0062796999991405755,0.0031398499995702878,0.0031398499995702878,0.04393580000032671,-60.60574527639121,60.60574527639121
Daganzo,TSP-truncated_exponential-n900-g1000-2,16871.288447833496,21377,0.020067200006451458,0.010033600003225729,0.010033600003225729,107.81922990000749,-21.077380138309884,21.077380138309884
Daganzo,TSP-uniform_triangular-n10-g1000-3,1112.9051118581494,2780,0.009040599994477816,0.004520299997238908,0.004520299997238908,0.037010399988503195,-59.967442019491024,59.967442019491024
Daganzo,TSP-uniform_triangular-n10-g10000-4,9994.473282044431,25658,0.00443039999663597,0.002215199998317985,0.002215199998317985,0.10192139999708161,-61.047340860377155,61.047340860377155
Daganzo,TSP-uniform_triangular-n10-g10000-2,8827.377926683552,21960,0.009078800001589116,0.004539400000794558,0.004539400000794558,0.03740960000141058,-59.802468457725176,59.802468457725176
Daganzo,TSP-truncated_exponential-n900-g1000-5,16881.17768122236,21512,0.016994999998132698,0.008497499999066349,0.008497499999066349,21.06411059999664,-21.52669356069932,21.52669356069932
Daganzo,TSP-truncated_exponential-n900-g10000-1,168518.59131339187,210638,0.01489669999864418,0.00744834999932209,0.00744834999932209,4.239378199999919,-19.99611118915302,19.99611118915302
Daganzo,TSP-uniform_triangular-n10-g10000-5,7756.059977269385,19647,0.007678499998291954,0.003839249999145977,0.003839249999145977,0.051638299992191605,-60.522929825065475,60.522929825065475
Daganzo,TSP-uniform_triangular-n10-g1000-2,942.6299064319993,2466,0.009181399997032713,0.004590699998516357,0.004590699998516357,0.07378099999914411,-61.774942967072214,61.774942967072214
Daganzo,TSP-uniform_triangular-n100-g1000-2,5255.999640410947,7566,0.0061593999998876825,0.0030796999999438412,0.0030796999999438412,0.45138180001231376,-30.531329098454307,30.531329098454307
Daganzo,TSP-uniform_triangular-n100-g1000-4,4870.999358447914,6854,0.010706300003221259,0.005353150001610629,0.005353150001610629,0.7597837000066647,-28.93201986507274,28.93201986507274
Daganzo,TSP-uniform_triangular-n100-g1000-3,5093.346305229989,7523,0.015518899999733549,0.007759449999866774,0.007759449999866774,0.2793161000008695,-32.2963404861094,32.2963404861094
Daganzo,TSP-uniform_triangular-n100-g10000-1,49606.68066868614,72457,0.010667700000340119,0.0053338500001700595,0.0053338500001700595,0.19156780000776052,-31.536386175681937,31.536386175681937
Daganzo,TSP-uniform_triangular-n100-g10000-2,49177.48062192694,73999,0.01526939999894239,0.007634699999471195,0.007634699999471195,0.38209810000262223,-33.543047038572226,33.543047038572226
Daganzo,TSP-uniform_triangular-n100-g10000-5,46531.679696954845,65984,0.00635790000524139,0.003178950002620695,0.003178950002620695,0.3678485999989789,-29.480359334149426,29.480359334149426
Daganzo,TSP-uniform_triangular-n100-g1000-5,4857.771285270644,7071,0.016947700001765043,0.008473850000882521,0.008473850000882521,2.3517431000072975,-31.300080819252674,31.300080819252674
Daganzo,TSP-uniform_triangular-n100-g10000-4,50162.006295103456,73229,0.015294799995899666,0.007647399997949833,0.007647399997949833,0.7512664999958361,-31.499807050344188,31.499807050344188
Daganzo,TSP-uniform_triangular-n100-g10000-3,50858.76545690035,75205,0.013417900001513772,0.006708950000756886,0.006708950000756886,0.49826790000952315,-32.37315942171352,32.37315942171352
Daganzo,TSP-uniform_triangular-n100-g1000-1,4764.9272649223085,7095,0.021556600004259963,0.010778300002129981,0.010778300002129981,0.38197099999524653,-32.841053348522784,32.841053348522784
Daganzo,TSP-uniform_triangular-n20-g1000-1,1610.6045715817395,3120,0.005208200003835373,0.0026041000019176863,0.0026041000019176863,0.06552579998970032,-48.37805860314938,48.37805860314938
Daganzo,TSP-uniform_triangular-n1000-g1000-3,17085.74405754692,21841,0.02009419999376405,0.010047099996882025,0.010047099996882025,8.907673300011083,-21.772153026203384,21.772153026203384
Daganzo,TSP-uniform_triangular-n1000-g1000-5,16954.117982071493,21233,0.015435599998454563,0.007717799999227282,0.007717799999227282,60.90263229999982,-20.152037008093565,20.152037008093565
Daganzo,TSP-uniform_triangular-n20-g1000-4,1979.1061596084223,3821,0.0038694000031682663,0.0019347000015841331,0.0019347000015841331,0.15424040000652894,-48.204497262276305,48.204497262276305
Daganzo,TSP-uniform_triangular-n1000-g1000-1,17330.273288381806,21758,0.015716100002464373,0.007858050001232186,0.007858050001232186,6.220243300005677,-20.34987917831691,20.34987917831691
Daganzo,TSP-uniform_triangular-n1000-g10000-1,172762.9280533008,215362,0.010917799998424016,0.005458899999212008,0.005458899999212008,7.368569099984597,-19.78021746951607,19.78021746951607
Daganzo,TSP-uniform_triangular-n20-g10000-4,16744.444221352944,34268,0.005372700004954822,0.002686350002477411,0.002686350002477411,0.10125909998896532,-51.13679169676391,51.13679169676391
Daganzo,TSP-uniform_triangular-n1000-g10000-2,172182.29323989735,213786,0.016021099996578414,0.008010549998289207,0.008010549998289207,5.789386899996316,-19.460444912249937,19.460444912249937
Daganzo,TSP-uniform_triangular-n20-g1000-3,1587.6265162184714,3115,0.006929299997864291,0.0034646499989321455,0.0034646499989321455,0.041855899995425716,-49.03285662219996,49.03285662219996
Daganzo,TSP-uniform_triangular-n1000-g1000-4,17293.09453076574,21525,0.02495900000212714,0.01247950000106357,0.01247950000106357,168.18047389999265,-19.660420298417012,19.660420298417012
Daganzo,TSP-uniform_triangular-n1000-g10000-4,172309.52502676685,212579,0.015810599994438235,0.007905299997219117,0.007905299997219117,10.348479400010547,-18.943298713999575,18.943298713999575
Daganzo,TSP-uniform_triangular-n1000-g1000-2,17302.43895958023,21762,0.024923500001023058,0.012461750000511529,0.012461750000511529,95.60107259999495,-20.492422757190372,20.492422757190372
Daganzo,TSP-uniform_triangular-n20-g10000-2,19722.466290730477,39057,0.00987159999931464,0.00493579999965732,0.00493579999965732,0.12039070000173524,-49.50337637112303,49.50337637112303
Daganzo,TSP-uniform_triangular-n20-g1000-5,2009.0781841431656,3801,0.007530599999881815,0.0037652999999409076,0.0037652999999409076,0.1420730999961961,-47.14343109331319,47.14343109331319
Daganzo,TSP-uniform_triangular-n1000-g10000-5,171069.6773292976,218764,0.015512700003455393,0.0077563500017276965,0.0077563500017276965,23.482761599996593,-21.80172362486624,21.80172362486624
Daganzo,TSP-uniform_triangular-n1000-g10000-3,170473.80668610058,213598,0.014872899999318179,0.007436449999659089,0.007436449999659089,11.144670300011057,-20.18941811903642,20.18941811903642
Daganzo,TSP-uniform_triangular-n20-g10000-1,16678.731809703037,31436,0.008537699999578763,0.004268849999789381,0.004268849999789381,0.043070899992017075,-46.94384842313578,46.94384842313578
Daganzo,TSP-uniform_triangular-n20-g1000-2,1525.3332062208572,3077,0.008601500005170237,0.004300750002585119,0.004300750002585119,0.054151699994690716,-50.42791010006964,50.42791010006964
Daganzo,TSP-uniform_triangular-n200-g10000-2,71709.98082749709,100016,0.006934100005310029,0.0034670500026550144,0.0034670500026550144,2.598225599998841,-28.30149093395348,28.30149093395348
Daganzo,TSP-uniform_triangular-n20-g10000-3,15116.100381646054,28959,0.011879599995154422,0.005939799997577211,0.005939799997577211,0.04300409999268595,-47.80171835475654,47.80171835475654
Daganzo,TSP-uniform_triangular-n20-g10000-5,16419.332083705474,31335,0.008279099994979333,0.0041395499974896666,0.0041395499974896666,0.14119900000514463,-47.6006635273481,47.6006635273481
Daganzo,TSP-uniform_triangular-n200-g1000-1,7046.977567014103,9508,0.0084220999997342,0.0042110499998671,0.0042110499998671,0.9862868000054732,-25.883702492489448,25.883702492489448
Daganzo,TSP-uniform_triangular-n200-g10000-4,74960.36019237101,98589,0.005033299996284768,0.002516649998142384,0.002516649998142384,1.3945509000041056,-23.966811518150088,23.966811518150088
Daganzo,TSP-uniform_triangular-n200-g1000-4,7088.7767611908885,9962,0.012884299998404458,0.006442149999202229,0.006442149999202229,1.4906371999968542,-28.841831347210515,28.841831347210515
Daganzo,TSP-uniform_triangular-n200-g10000-1,72156.06991036859,97287,0.0067742000028374605,0.0033871000014187302,0.0033871000014187302,1.366396999990684,-25.831745340725288,25.831745340725288
Daganzo,TSP-uniform_triangular-n200-g1000-5,7105.076865171832,9406,0.01113210000039544,0.00556605000019772,0.00556605000019772,0.8812077999900794,-24.462291461069192,24.462291461069192
Daganzo,TSP-uniform_triangular-n200-g10000-3,72959.49367793063,99992,0.00965590000123484,0.00482795000061742,0.00482795000061742,2.162948700002744,-27.034669095597017,27.034669095597017
Daganzo,TSP-uniform_triangular-n30-g1000-2,2483.2463938361007,4344,0.005463300003611948,0.002731650001805974,0.002731650001805974,0.0991340000036871,-42.83502776620394,42.83502776620394
Daganzo,TSP-uniform_triangular-n30-g1000-4,2348.536270318174,4175,0.004045400004542898,0.002022700002271449,0.002022700002271449,0.03524040000047535,-43.74763424387607,43.74763424387607
Daganzo,TSP-uniform_triangular-n30-g1000-3,2319.6650556707536,3959,0.008988900000986177,0.004494450000493089,0.004494450000493089,0.1262745999993058,-41.407803595080736,41.407803595080736
Daganzo,TSP-uniform_triangular-n30-g10000-1,22077.346039583197,40027,0.008270700003777165,0.0041353500018885825,0.0041353500018885825,0.06891190000169445,-44.84386529196993,44.84386529196993
Daganzo,TSP-uniform_triangular-n200-g1000-3,7234.51490979181,9944,0.012968299997737631,0.006484149998868816,0.006484149998868816,1.410049700003583,-27.247436546743664,27.247436546743664
Daganzo,TSP-uniform_triangular-n30-g1000-1,2198.732425057674,3892,0.007703199997195043,0.0038515999985975213,0.0038515999985975213,0.054722400003811345,-43.506361123903545,43.506361123903545
Daganzo,TSP-uniform_triangular-n200-g1000-2,7075.493366543424,9935,0.013242000000900589,0.0066210000004502945,0.0066210000004502945,1.4681482000014512,-28.782150311591103,28.782150311591103
Daganzo,TSP-uniform_triangular-n30-g1000-5,1885.4265415284679,3299,0.008854699997755233,0.004427349998877617,0.004427349998877617,0.04404320000321604,-42.84854375482062,42.84854375482062
Daganzo,TSP-uniform_triangular-n30-g10000-5,23755.185172378682,41266,0.007056099995679688,0.003528049997839844,0.003528049997839844,0.06501019999268465,-42.4340009393237,42.4340009393237
Daganzo,TSP-uniform_triangular-n200-g10000-5,70293.50698933721,96125,0.017045600005076267,0.008522800002538133,0.008522800002538133,0.5895320999989053,-26.87281457546194,26.87281457546194
Daganzo,TSP-uniform_triangular-n300-g1000-1,9120.278761364698,12042,0.005816600001708139,0.0029083000008540694,0.0029083000008540694,1.411576899990905,-24.262757337944713,24.262757337944713
Daganzo,TSP-uniform_triangular-n30-g10000-2,23413.482523537587,38650,0.01198129999829689,0.005990649999148445,0.005990649999148445,0.0448640999966301,-39.42177872305928,39.42177872305928
Daganzo,TSP-uniform_triangular-n300-g1000-5,8991.462285412756,11922,0.006053199998859782,0.003026599999429891,0.003026599999429891,1.1917872000049101,-24.580923625123674,24.580923625123674
Daganzo,TSP-uniform_triangular-n300-g10000-4,89175.44552109062,119905,0.008140999998431653,0.004070499999215826,0.004070499999215826,2.4900805999932345,-25.628251097876976,25.628251097876976
Daganzo,TSP-uniform_triangular-n30-g10000-4,22055.66845190823,38728,0.008326700000907294,0.004163350000453647,0.004163350000453647,0.07114549999823794,-43.04981292112108,43.04981292112108
Daganzo,TSP-uniform_triangular-n300-g10000-2,90321.32346696986,121847,0.008783599994785618,0.004391799997392809,0.004391799997392809,7.510787400009576,-25.873165964718165,25.873165964718165
Daganzo,TSP-uniform_triangular-n300-g1000-4,9079.05601343003,11690,0.016139400002430193,0.008069700001215097,0.008069700001215097,3.8687978999951156,-22.334850184516423,22.334850184516423
Daganzo,TSP-uniform_triangular-n30-g10000-3,22974.727575348963,40231,0.006971099996007979,0.0034855499980039895,0.0034855499980039895,0.062312000009114854,-42.89297413599224,42.89297413599224
Daganzo,TSP-uniform_triangular-n300-g10000-1,91495.24584214743,121897,0.005993700004182756,0.002996850002091378,0.002996850002091378,4.730563100005384,-24.94052696772896,24.94052696772896
Daganzo,TSP-uniform_triangular-n300-g1000-3,9007.5240799012,11961,0.009289900001022033,0.004644950000511017,0.004644950000511017,3.5800809000065783,-24.692550122053333,24.692550122053333
Daganzo,TSP-uniform_triangular-n40-g1000-1,2761.7979372140894,4644,0.006320200001937337,0.0031601000009686686,0.0031601000009686686,0.05339739999908488,-40.52976018057517,40.52976018057517
Daganzo,TSP-uniform_triangular-n300-g10000-5,89054.97796235199,119328,0.014017300003615674,0.007008650001807837,0.007008650001807837,2.158868499987875,-25.369588057830526,25.369588057830526
Daganzo,TSP-uniform_triangular-n300-g1000-2,8878.158505850186,11692,0.006801199997426011,0.0034005999987130053,0.0034005999987130053,1.0158741000050213,-24.06638294688517,24.06638294688517
Daganzo,TSP-uniform_triangular-n40-g1000-5,2907.6090538447565,4711,0.00563490000058664,0.00281745000029332,0.00281745000029332,0.04130440000153612,-38.28042764073962,38.28042764073962
Daganzo,TSP-uniform_triangular-n40-g1000-2,2750.1232975995817,4407,0.0054419999942183495,0.0027209999971091747,0.0027209999971091747,0.0599930000025779,-37.59647611528065,37.59647611528065
Daganzo,TSP-uniform_triangular-n300-g10000-3,89331.93109809613,116450,0.013681300006282981,0.006840650003141491,0.006840650003141491,2.0110162000055425,-23.287306914473053,23.287306914473053
Daganzo,TSP-uniform_triangular-n40-g10000-2,27611.331751692094,45123,0.007230100003653206,0.003615050001826603,0.003615050001826603,0.06620859999384265,-38.80874110388916,38.80874110388916
Daganzo,TSP-uniform_triangular-n40-g10000-5,27588.826134324743,47103,0.004489200000534765,0.0022446000002673827,0.0022446000002673827,0.12637440000253264,-41.42872824591907,41.42872824591907
Daganzo,TSP-uniform_triangular-n40-g1000-4,3215.3679285580984,5454,0.007329899999604095,0.0036649499998020474,0.0036649499998020474,0.04572870000265539,-41.045692545689434,41.045692545689434
Daganzo,TSP-uniform_triangular-n40-g10000-3,27454.03908283807,45668,0.006681999999273103,0.0033409999996365514,0.0033409999996365514,0.14810669999860693,-39.883421470530635,39.883421470530635
Daganzo,TSP-uniform_triangular-n40-g10000-4,29325.397203754976,49679,0.009104299999307841,0.0045521499996539205,0.0045521499996539205,0.13802359999681357,-40.970234497967,40.970234497967
Daganzo,TSP-uniform_triangular-n40-g1000-3,2898.087632215423,4864,0.010497999996005092,0.005248999998002546,0.005248999998002546,0.17867789999581873,-40.41760624557107,40.41760624557107
Daganzo,TSP-uniform_triangular-n5-g1000-1,359.7248729932363,1551,0.005273700000543613,0.0026368500002718065,0.0026368500002718065,0.4574391000060132,-76.8069069636856,76.8069069636856
Daganzo,TSP-uniform_triangular-n40-g10000-1,31980.887448193174,52662,0.012189799999759998,0.006094899999879999,0.006094899999879999,0.09842680000292603,-39.27141497057997,39.27141497057997
Daganzo,TSP-uniform_triangular-n5-g1000-2,531.9591993282943,2000,0.0045118000052752905,0.0022559000026376452,0.0022559000026376452,0.29695219999121036,-73.40204003358528,73.40204003358528
Daganzo,TSP-uniform_triangular-n5-g1000-3,787.3647912499009,2554,0.005692799997632392,0.002846399998816196,0.002846399998816196,0.0457380000007106,-69.17130809514876,69.17130809514876
Daganzo,TSP-uniform_triangular-n400-g1000-4,10475.722324498678,13464,0.013043099999777041,0.006521549999888521,0.006521549999888521,3.791962200004491,-22.194575724163116,22.194575724163116
Daganzo,TSP-uniform_triangular-n400-g1000-3,10708.930274308444,14312,0.0052021999945282005,0.0026010999972641002,0.0026010999972641002,25.691910099994857,-25.175165774815227,25.175165774815227
Daganzo,TSP-uniform_triangular-n400-g1000-2,10775.982285620183,13742,0.012626600000658073,0.006313300000329036,0.006313300000329036,5.4762487999978475,-21.583595651141156,21.583595651141156
Daganzo,TSP-uniform_triangular-n5-g10000-4,2718.568376002339,17232,0.0027054000020143576,0.0013527000010071788,0.0013527000010071788,0.2638720000104513,-84.22372112347762,84.22372112347762
Daganzo,TSP-uniform_triangular-n400-g1000-1,10606.026009773877,13705,0.01161829999909969,0.005809149999549845,0.005809149999549845,4.24215569999069,-22.61199555071961,22.61199555071961
Daganzo,TSP-uniform_triangular-n400-g10000-5,102352.53499801556,137764,0.012561399998958223,0.006280699999479111,0.006280699999479111,3.829834199990728,-25.704440203525188,25.704440203525188
Daganzo,TSP-uniform_triangular-n400-g10000-4,104652.09841498638,136495,0.009714300002087839,0.0048571500010439195,0.0048571500010439195,5.1945746000128565,-23.328987570983276,23.328987570983276
Daganzo,TSP-uniform_triangular-n400-g1000-5,10798.667676153387,13871,0.016473300005600322,0.008236650002800161,0.008236650002800161,5.402125900000101,-22.149321057217307,22.149321057217307
Daganzo,TSP-uniform_triangular-n5-g10000-5,7148.843673804876,26796,0.004028600000310689,0.0020143000001553446,0.0020143000001553446,0.15634429999045096,-73.32122826614092,73.32122826614092
Daganzo,TSP-uniform_triangular-n5-g10000-1,4169.843171511369,18755,0.008452299996861257,0.004226149998430628,0.004226149998430628,0.23734790000889916,-77.76676528119772,77.76676528119772
Daganzo,TSP-uniform_triangular-n400-g10000-1,105491.32830123998,135634,0.011425600001530256,0.005712800000765128,0.005712800000765128,2.5031051999976626,-22.223536649188276,22.223536649188276
Daganzo,TSP-uniform_triangular-n400-g10000-3,104335.64840408093,134843,0.013383100005739834,0.006691550002869917,0.006691550002869917,5.719065299999784,-22.624349499728623,22.624349499728623
Daganzo,TSP-uniform_triangular-n5-g1000-5,742.3295380085585,2419,0.004846900003030896,0.002423450001515448,0.002423450001515448,0.08552090000011958,-69.31254493557013,69.31254493557013
Daganzo,TSP-uniform_triangular-n400-g10000-2,104119.13452560003,133888,0.015206299998681061,0.0076031499993405305,0.0076031499993405305,2.885844399992493,-22.234155020912976,22.234155020912976
Daganzo,TSP-uniform_triangular-n50-g1000-1,3335.2209477034653,5394,0.00396520000504097,0.001982600002520485,0.001982600002520485,0.21626929999911226,-38.16794683530839,38.16794683530839
Daganzo,TSP-uniform_triangular-n50-g10000-4,32935.36156959568,53406,0.002986100000271108,0.001493050000135554,0.001493050000135554,0.3292180999997072,-38.33022212935685,38.33022212935685
Daganzo,TSP-uniform_triangular-n5-g1000-4,715.2784625584638,2477,0.00814869999885559,0.004074349999427795,0.004074349999427795,0.1290967999957502,-71.12319489065547,71.12319489065547
Daganzo,TSP-uniform_triangular-n5-g10000-3,4721.565419566904,17033,0.011029599998437334,0.005514799999218667,0.005514799999218667,0.15653539999038912,-72.27989538210001,72.27989538210001
Daganzo,TSP-uniform_triangular-n50-g1000-5,3260.6939552800713,5259,0.004538299996056594,0.002269149998028297,0.002269149998028297,0.06928369999513961,-37.99783313785755,37.99783313785755
Daganzo,TSP-uniform_triangular-n5-g10000-2,4030.364156437976,15758,0.009848000001511537,0.004924000000755768,0.004924000000755768,0.14323579998745117,-74.42337760859262,74.42337760859262
Daganzo,TSP-uniform_triangular-n50-g1000-2,3040.1659485955697,4766,0.009484700000029989,0.004742350000014994,0.004742350000014994,0.09536150000349153,-36.211373298456365,36.211373298456365
Daganzo,TSP-uniform_triangular-n50-g10000-3,33536.17452121664,53897,0.006151900000986643,0.0030759500004933216,0.0030759500004933216,0.11879370000679046,-37.77728904908132,37.77728904908132
Daganzo,TSP-uniform_triangular-n50-g1000-3,3261.5146477518692,5124,0.010674099998141173,0.005337049999070587,0.005337049999070587,0.10216029999719467,-36.34826995019772,36.34826995019772
Daganzo,TSP-uniform_triangular-n50-g10000-1,32176.986944942495,50423,0.007813600001099985,0.0039068000005499925,0.0039068000005499925,0.15758710000955034,-36.18589345151519,36.18589345151519
Daganzo,TSP-uniform_triangular-n50-g1000-4,3287.31779533102,5083,0.007210699994175229,0.0036053499970876146,0.0036053499970876146,0.08920810000563506,-35.327212368069645,35.327212368069645
Daganzo,TSP-uniform_triangular-n60-g1000-1,3710.9666033258773,5705,0.005455699996673502,0.002727849998336751,0.002727849998336751,0.2479909000103362,-34.95238206264895,34.95238206264895
Daganzo,TSP-uniform_triangular-n50-g10000-5,31539.05638121565,47770,0.008202800003346056,0.004101400001673028,0.004101400001673028,0.14231840000138618,-33.97727364200199,33.97727364200199
Daganzo,TSP-uniform_triangular-n50-g10000-2,31505.74300968793,50370,0.01334330000099726,0.00667165000049863,0.00667165000049863,0.3083958000061102,-37.4513738143976,37.4513738143976
Daganzo,TSP-uniform_triangular-n500-g1000-1,12036.029489619903,15491,0.005118299995956477,0.0025591499979782384,0.0025591499979782384,5.692511699991883,-22.303082501969513,22.303082501969513
Daganzo,TSP-uniform_triangular-n500-g1000-4,11945.114667720858,15434,0.008619299995189067,0.0043096499975945335,0.0043096499975945335,5.538398000004236,-22.605191993515238,22.605191993515238
Daganzo,TSP-uniform_triangular-n60-g1000-3,3879.587663141535,5692,0.009409600002982188,0.004704800001491094,0.004704800001491094,0.12388110000756569,-31.841397344667342,31.841397344667342
Daganzo,TSP-uniform_triangular-n500-g1000-3,11837.508536427755,15017,0.020612300002539996,0.010306150001269998,0.010306150001269998,2.912811000001966,-21.172614127803456,21.172614127803456
Daganzo,TSP-uniform_triangular-n500-g1000-5,11653.430096971448,15196,0.015664400001696777,0.007832200000848388,0.007832200000848388,5.67578869999852,-23.312515813559834,23.312515813559834
Daganzo,TSP-uniform_triangular-n500-g10000-2,119605.62440265925,154814,0.0130046999984188,0.0065023499992094,0.0065023499992094,2.6223631000029854,-22.742371876794575,22.742371876794575
Daganzo,TSP-uniform_triangular-n60-g1000-5,3649.719836781996,5689,0.005525699998543132,0.002762849999271566,0.002762849999271566,0.08094780000101309,-35.84602150145903,35.84602150145903
Daganzo,TSP-uniform_triangular-n500-g10000-1,119772.7831579445,155159,0.010844799995538779,0.005422399997769389,0.005422399997769389,4.280106500009424,-22.80642234227824,22.80642234227824
Daganzo,TSP-uniform_triangular-n500-g1000-2,12229.99390637624,16061,0.011231200005568098,0.005615600002784049,0.005615600002784049,4.310285699990345,-23.852849097962523,23.852849097962523
Daganzo,TSP-uniform_triangular-n500-g10000-4,117531.79337162348,148726,0.0085936000032234,0.0042968000016117,0.0042968000016117,7.273675799995544,-20.974279297753263,20.974279297753263
Daganzo,TSP-uniform_triangular-n500-g10000-5,120256.67855133867,154892,0.01048340000124881,0.005241700000624405,0.005241700000624405,3.025432800000999,-22.36094920890771,22.36094920890771
Daganzo,TSP-uniform_triangular-n60-g10000-1,37440.600277159014,55239,0.009942000004230067,0.004971000002115034,0.004971000002115034,0.13756719999946654,-32.22071312449716,32.22071312449716
Daganzo,TSP-uniform_triangular-n60-g10000-4,33711.82260080282,54532,0.002820699999574572,0.001410349999787286,0.001410349999787286,0.6207149999972899,-38.17974290177727,38.17974290177727
Daganzo,TSP-uniform_triangular-n60-g1000-4,3648.8157212991723,5778,0.009662399999797344,0.004831199999898672,0.004831199999898672,0.07575840000936296,-36.849849060242775,36.849849060242775
Daganzo,TSP-uniform_triangular-n500-g10000-3,120902.5722195355,156205,0.013023599996813573,0.0065117999984067865,0.0065117999984067865,5.235114100010833,-22.600062597525366,22.600062597525366
Daganzo,TSP-uniform_triangular-n60-g10000-3,37281.073689796,52534,0.009754300001077354,0.004877150000538677,0.004877150000538677,0.11176490000798367,-29.034389747980356,29.034389747980356
Daganzo,TSP-uniform_triangular-n60-g10000-2,37782.1193366386,61276,0.014827700004389044,0.007413850002194522,0.007413850002194522,0.13029000000096858,-38.34108078752105,38.34108078752105
Daganzo,TSP-uniform_triangular-n60-g1000-2,3668.8978845151846,5323,0.01525059999403311,0.007625299997016555,0.007625299997016555,0.13327299999946263,-31.07462174497117,31.07462174497117
Daganzo,TSP-uniform_triangular-n600-g1000-1,13162.672470664913,17091,0.014752700000826735,0.0073763500004133675,0.0073763500004133675,7.305737999995472,-22.984772859019877,22.984772859019877
Daganzo,TSP-uniform_triangular-n600-g1000-3,13238.32332057198,16736,0.011790600001404528,0.005895300000702264,0.005895300000702264,3.024464399990393,-20.899119738456136,20.899119738456136
Daganzo,TSP-uniform_triangular-n70-g1000-1,4042.012638154413,5918,0.006975800002692267,0.0034879000013461336,0.0034879000013461336,0.2860698999866145,-31.699685059911914,31.699685059911914
Daganzo,TSP-uniform_triangular-n60-g10000-5,35535.05189325042,55930,0.011911500005226117,0.005955750002613058,0.005955750002613058,0.15202599999611266,-36.465131605130665,36.465131605130665
Daganzo,TSP-uniform_triangular-n600-g10000-1,132313.73449525185,168165,0.015001100000517908,0.007500550000258954,0.007500550000258954,5.980743899999652,-21.319100588557756,21.319100588557756
Daganzo,TSP-uniform_triangular-n70-g1000-5,4064.357611049992,5831,0.005421599998953752,0.002710799999476876,0.002710799999476876,0.17057470000872854,-30.297417063111094,30.297417063111094
Daganzo,TSP-uniform_triangular-n70-g1000-4,4089.3843495078813,6283,0.005109099998662714,0.002554549999331357,0.002554549999331357,0.1889865999983158,-34.9135070904364,34.9135070904364
Daganzo,TSP-uniform_triangular-n600-g10000-2,130494.29482184268,167899,0.011251999996602535,0.005625999998301268,0.005625999998301268,1.981133299996145,-22.27809884404155,22.27809884404155
Daganzo,TSP-uniform_triangular-n70-g1000-3,3993.8185977207318,6016,0.007011500005319249,0.0035057500026596244,0.0035057500026596244,6.287103499998921,-33.6133876708655,33.6133876708655
Daganzo,TSP-uniform_triangular-n600-g1000-5,13232.431837723554,16864,0.009896700001263525,0.004948350000631763,0.004948350000631763,7.462122099997941,-21.53444118996944,21.53444118996944
Daganzo,TSP-uniform_triangular-n600-g10000-4,130704.14987700275,168054,0.015512500001932494,0.007756250000966247,0.007756250000966247,6.6689427999954205,-22.22490992359435,22.22490992359435
Daganzo,TSP-uniform_triangular-n70-g10000-2,38068.83114848681,58121,0.009686799996416084,0.004843399998208042,0.004843399998208042,0.32703400000173133,-34.500729257089844,34.500729257089844
Daganzo,TSP-uniform_triangular-n70-g1000-2,3833.3216201487708,6046,0.010985699998855125,0.005492849999427563,0.005492849999427563,0.12887919999775477,-36.59739298463826,36.59739298463826
Daganzo,TSP-uniform_triangular-n600-g10000-5,131654.19894800166,171914,0.016615799999271985,0.008307899999635993,0.008307899999635993,4.205813799999305,-23.418570361924182,23.418570361924182
Daganzo,TSP-uniform_triangular-n70-g10000-1,38832.566688135616,58369,0.009153600003628526,0.004576800001814263,0.004576800001814263,0.21001650000107475,-33.47056367569152,33.47056367569152
Daganzo,TSP-uniform_triangular-n600-g1000-2,13094.841627908294,16999,0.02027730000554584,0.01013865000277292,0.01013865000277292,4.447673999995459,-22.966988482214873,22.966988482214873
Daganzo,TSP-uniform_triangular-n70-g10000-4,42099.681548391774,65509,0.014366100003826432,0.007183050001913216,0.007183050001913216,0.18681289999221917,-35.734507398385304,35.734507398385304
Daganzo,TSP-uniform_triangular-n600-g10000-3,130096.35534230003,167523,0.021933600000920705,0.010966800000460353,0.010966800000460353,7.21799689999898,-22.341197720730868,22.341197720730868
Daganzo,TSP-uniform_triangular-n600-g1000-4,13249.686475535938,17142,0.015604799998982344,0.007802399999491172,0.007802399999491172,3.4802696999977343,-22.706297540917404,22.706297540917404
Daganzo,TSP-uniform_triangular-n8-g1000-1,905.2447063639753,2634,0.004082000006746966,0.002041000003373483,0.002041000003373483,0.07746670000778977,-65.63231942429859,65.63231942429859
Daganzo,TSP-uniform_triangular-n700-g10000-4,143921.09239942906,181002,0.005903199999011122,0.002951599999505561,0.002951599999505561,6.1015310999937356,-20.486462912327454,20.486462912327454
Daganzo,TSP-uniform_triangular-n700-g1000-2,14493.114502238639,18151,0.01613119999819901,0.008065599999099504,0.008065599999099504,4.003154899997753,-20.152528773959347,20.152528773959347
Daganzo,TSP-uniform_triangular-n70-g10000-3,40066.11359395867,61930,0.013120299998263363,0.006560149999131681,0.006560149999131681,0.45644400001037866,-35.30419248513052,35.30419248513052
Daganzo,TSP-uniform_triangular-n700-g1000-4,14212.155326691303,17884,0.013016799995966721,0.006508399997983361,0.006508399997983361,9.668563100000028,-20.531450868422592,20.531450868422592
Daganzo,TSP-uniform_triangular-n70-g10000-5,40336.98332241765,60645,0.006050099997082725,0.0030250499985413626,0.0030250499985413626,0.17355510000197683,-33.48671230535469,33.48671230535469
Daganzo,TSP-uniform_triangular-n700-g1000-3,14496.97036694219,18323,0.015877600002568215,0.007938800001284108,0.007938800001284108,5.669278500005021,-20.88102184717464,20.88102184717464
Daganzo,TSP-uniform_triangular-n700-g10000-2,142253.6573091532,182013,0.014299800001026597,0.0071499000005132984,0.0071499000005132984,6.5827489999937825,-21.84423238496525,21.84423238496525
Daganzo,TSP-uniform_triangular-n700-g1000-1,14207.950047948509,18184,0.019228400000429247,0.009614200000214623,0.009614200000214623,5.489431999987573,-21.86565085818022,21.86565085818022
Daganzo,TSP-uniform_triangular-n700-g10000-5,141351.25982556716,177837,0.010406099994725082,0.005203049997362541,0.005203049997362541,3.367106400008197,-20.516394324259203,20.516394324259203
Daganzo,TSP-uniform_triangular-n8-g1000-5,860.2529434997592,2469,0.006932800002687145,0.0034664000013435725,0.0034664000013435725,0.29106570000294596,-65.15783946943058,65.15783946943058
Daganzo,TSP-uniform_triangular-n700-g10000-1,139722.3663642296,176040,0.014918799999577459,0.0074593999997887295,0.0074593999997887295,9.548518799987505,-20.630330399778693,20.630330399778693
Daganzo,TSP-uniform_triangular-n700-g1000-5,14373.564107590017,18345,0.014295299995865207,0.007147649997932604,0.007147649997932604,138.67181749999872,-21.64860121237385,21.64860121237385
Daganzo,TSP-uniform_triangular-n700-g10000-3,141519.4544465177,180331,0.009985999997297768,0.004992999998648884,0.004992999998648884,6.642513899991172,-21.52239246357105,21.52239246357105
Daganzo,TSP-uniform_triangular-n8-g10000-3,8091.832987376839,24132,0.004855399994994514,0.002427699997497257,0.002427699997497257,0.5603211999987252,-66.46845272925229,66.46845272925229
Daganzo,TSP-uniform_triangular-n8-g1000-3,720.1498294105191,2134,0.006561000001966022,0.003280500000983011,0.003280500000983011,0.2708143000054406,-66.25352252059423,66.25352252059423
Daganzo,TSP-uniform_triangular-n8-g1000-4,736.0225287312883,2204,0.007824199994502123,0.003912099997251062,0.003912099997251062,0.16488850000314415,-66.60514842417022,66.60514842417022
Daganzo,TSP-uniform_triangular-n8-g10000-5,9298.654150230557,24747,0.00433300000440795,0.002166500002203975,0.002166500002203975,0.4846646999940276,-62.42512567086694,62.42512567086694
Daganzo,TSP-uniform_triangular-n80-g1000-4,4324.086271572296,6371,0.00477859999955399,0.002389299999776995,0.002389299999776995,0.8551331000053324,-32.12860976970184,32.12860976970184
Daganzo,TSP-uniform_triangular-n8-g10000-2,7436.377200545975,23059,0.009980700000596698,0.004990350000298349,0.004990350000298349,0.36064290000649635,-67.75065180386845,67.75065180386845
Daganzo,TSP-uniform_triangular-n8-g1000-2,894.6763287357054,2383,0.01383720000012545,0.006918600000062725,0.006918600000062725,0.05319530000269879,-62.45588213446474,62.45588213446474
Daganzo,TSP-uniform_triangular-n80-g1000-3,4408.091231814514,6364,0.0032634000017424114,0.0016317000008712057,0.0016317000008712057,0.33627529999648686,-30.733952988458302,30.733952988458302
Daganzo,TSP-uniform_triangular-n8-g10000-4,10523.056817769255,27073,0.010414600001240615,0.005207300000620307,0.005207300000620307,0.4745131000090623,-61.13080627278376,61.13080627278376
Daganzo,TSP-uniform_triangular-n80-g10000-4,40541.09490761196,60580,0.005952699997578748,0.002976349998789374,0.002976349998789374,0.1635413000039989,-33.078417121802644,33.078417121802644
Daganzo,TSP-uniform_triangular-n80-g1000-2,4276.004601961976,6256,0.012173800001619384,0.006086900000809692,0.006086900000809692,0.37982100000954233,-31.649542807513175,31.649542807513175
Daganzo,TSP-uniform_triangular-n8-g10000-1,9463.464717956103,25581,0.01341099999990547,0.006705499999952735,0.006705499999952735,0.2791293000045698,-63.00588437529376,63.00588437529376
Daganzo,TSP-uniform_triangular-n80-g1000-1,4198.796583308127,6207,0.013264799999888055,0.0066323999999440275,0.0066323999999440275,0.28403990001243073,-32.35384914921658,32.35384914921658
Daganzo,TSP-uniform_triangular-n80-g10000-1,47479.86915580117,71653,0.01139790000161156,0.00569895000080578,0.00569895000080578,0.1281788000051165,-33.73638346503123,33.73638346503123
Daganzo,TSP-uniform_triangular-n80-g10000-3,41277.17582243242,59691,0.0123680000033346,0.0061840000016673,0.0061840000016673,0.4073850999993738,-30.84857713485714,30.84857713485714
Daganzo,TSP-uniform_triangular-n80-g1000-5,4483.259260850302,6905,0.013161100003344472,0.006580550001672236,0.006580550001672236,0.17145690000324976,-35.072277178127415,35.072277178127415
Daganzo,TSP-uniform_triangular-n90-g1000-1,4533.807912285212,6943,0.005444999995233957,0.0027224999976169784,0.0027224999976169784,0.24918470000557136,-34.69958357647685,34.69958357647685
Daganzo,TSP-uniform_triangular-n800-g10000-2,152430.25685197802,193723,0.010485200000402983,0.005242600000201492,0.005242600000201492,9.740613000001758,-21.315353957982264,21.315353957982264
Daganzo,TSP-uniform_triangular-n800-g10000-3,153357.74907268296,190844,0.012801800003217068,0.006400900001608534,0.006400900001608534,266.0861375999957,-19.642352354445013,19.642352354445013
Daganzo,TSP-uniform_triangular-n800-g1000-2,15290.719326441118,19286,0.00928820000262931,0.004644100001314655,0.004644100001314655,6.982036899993545,-20.715963256034854,20.715963256034854
Daganzo,TSP-uniform_triangular-n800-g1000-3,15325.950721570258,19373,0.01946260000113398,0.00973130000056699,0.00973130000056699,4.906467000007979,-20.890152678623558,20.890152678623558
Daganzo,TSP-uniform_triangular-n800-g1000-4,15402.95254943025,19568,0.01728490000095917,0.008642450000479585,0.008642450000479585,9.366235900000902,-21.284993103892834,21.284993103892834
Daganzo,TSP-uniform_triangular-n80-g10000-5,41394.98344258637,61542,0.021984099999826867,0.010992049999913434,0.010992049999913434,0.10587129999476019,-32.73701952717435,32.73701952717435
Daganzo,TSP-uniform_triangular-n90-g10000-2,47142.42242594242,70791,0.007532600000558887,0.0037663000002794433,0.0037663000002794433,2.124446200003149,-33.40619227593561,33.40619227593561
Daganzo,TSP-uniform_triangular-n800-g1000-1,15569.386970590718,19768,0.011218899999221321,0.005609449999610661,0.005609449999610661,11.530591999995522,-21.23944268215946,21.23944268215946
Daganzo,TSP-uniform_triangular-n80-g10000-2,41517.80068813857,60470,0.025291800004197285,0.012645900002098642,0.012645900002098642,0.5580118999932893,-31.34149051076803,31.34149051076803
Daganzo,TSP-uniform_triangular-n90-g1000-3,4775.026118986157,7056,0.007743299996946007,0.0038716499984730035,0.0038716499984730035,0.2774613999936264,-32.326727338631564,32.326727338631564
Daganzo,TSP-uniform_triangular-n90-g1000-4,4509.9884410605755,6651,0.012463500002922956,0.006231750001461478,0.006231750001461478,0.6170681999938097,-32.19082181535746,32.19082181535746
Daganzo,TSP-uniform_triangular-n800-g10000-1,153806.9457566855,188238,0.020731799995701294,0.010365899997850647,0.010365899997850647,6.105051599995932,-18.291234630263013,18.291234630263013
Daganzo,TSP-uniform_triangular-n90-g1000-2,4498.114289399503,6475,0.015732699997897726,0.007866349998948863,0.007866349998948863,0.18472340000153054,-30.531053445567522,30.531053445567522
Daganzo,TSP-uniform_triangular-n90-g1000-5,4661.004876901545,6706,0.009723699993628543,0.0048618499968142714,0.0048618499968142714,0.1594521000079112,-30.495006309252243,30.495006309252243
Daganzo,TSP-uniform_triangular-n90-g10000-1,41034.830486916835,58861,0.009053499998117331,0.004526749999058666,0.004526749999058666,0.11604629999783356,-30.28519650206956,30.28519650206956
Daganzo,TSP-uniform_triangular-n90-g10000-3,45599.083448601246,68097,0.005714799997804221,0.0028573999989021104,0.0028573999989021104,0.8171608000120614,-33.03804360162526,33.03804360162526
Daganzo,TSP-uniform_triangular-n800-g10000-5,154692.0247556415,192954,0.02034070000081556,0.01017035000040778,0.01017035000040778,7.735573900019517,-19.829583861624275,19.829583861624275
Daganzo,TSP-uniform_triangular-n90-g10000-4,44276.456958405106,66666,0.015544999994745012,0.007772499997372506,0.007772499997372506,0.46317860000999644,-33.58465040889643,33.58465040889643
Daganzo,TSP-uniform_triangular-n800-g10000-4,151893.87721379686,189302,0.024165199996787123,0.012082599998393562,0.012082599998393562,10.015357299998868,-19.76108165059172,19.76108165059172
Daganzo,TSP-uniform_triangular-n800-g1000-5,15161.819998931525,18981,0.023876300001575146,0.011938150000787573,0.011938150000787573,12.430766299992683,-20.121068442487093,20.121068442487093
Daganzo,TSP-x_central-n10-g1000-5,1234.4942041176216,3056,0.005032299995946232,0.002516149997973116,0.002516149997973116,0.0849168999993708,-59.60424724746003,59.60424724746003
Daganzo,TSP-uniform_triangular-n900-g1000-4,16289.883994062078,20728,0.014242099998227786,0.007121049999113893,0.007121049999113893,7.775877199994284,-21.411211915949064,21.411211915949064
Daganzo,TSP-uniform_triangular-n90-g10000-5,46596.93428463937,69270,0.010610499994072597,0.005305249997036299,0.005305249997036299,0.621979100003955,-32.73143599734464,32.73143599734464
Daganzo,TSP-x_central-n10-g1000-1,1100.3140983373792,2584,0.011645500002487097,0.0058227500012435485,0.0058227500012435485,0.04906819999450818,-57.41818504886304,57.41818504886304
Daganzo,TSP-uniform_triangular-n900-g1000-1,16255.42765324862,20378,0.020984599999792408,0.010492299999896204,0.010492299999896204,8.067698500002734,-20.230505185746296,20.230505185746296
Daganzo,TSP-uniform_triangular-n900-g1000-3,16389.460187114153,20533,0.015400800002680626,0.007700400001340313,0.007700400001340313,228.70328859999427,-20.1799046066617,20.1799046066617
Daganzo,TSP-x_central-n10-g1000-2,1193.2096058530537,2866,0.006288999997195788,0.003144499998597894,0.003144499998597894,0.06476759999350179,-58.36672694162408,58.36672694162408
Daganzo,TSP-uniform_triangular-n900-g10000-1,164898.9241564814,203686,0.014399100000446197,0.007199550000223098,0.007199550000223098,4.311926099995617,-19.042583114950755,19.042583114950755
Daganzo,TSP-uniform_triangular-n900-g1000-2,16212.28806461321,20243,0.015338400000473484,0.007669200000236742,0.007669200000236742,9.895417499996256,-19.911633331950746,19.911633331950746
Daganzo,TSP-x_central-n10-g1000-3,958.0757300443425,2226,0.0071988999989116564,0.0035994499994558282,0.0035994499994558282,0.08083089999854565,-56.95976055506099,56.95976055506099
Daganzo,TSP-uniform_triangular-n900-g10000-2,161268.23877093714,205376,0.015182900002400856,0.007591450001200428,0.007591450001200428,11.75389239998185,-21.4765898785948,21.4765898785948
Daganzo,TSP-x_central-n10-g10000-1,9421.718181918837,24763,0.006175399998028297,0.0030876999990141485,0.0030876999990141485,0.04182450000371318,-61.95243636910376,61.95243636910376
Daganzo,TSP-x_central-n10-g10000-2,10725.8470010298,25768,0.005140000001119915,0.0025700000005599577,0.0025700000005599577,0.038138099989737384,-58.37532210093992,58.37532210093992
Daganzo,TSP-x_central-n100-g1000-1,5129.949333083126,6810,0.0039026000013109297,0.0019513000006554648,0.0019513000006554648,0.23730200000863988,-24.670347531819008,24.670347531819008
Daganzo,TSP-uniform_triangular-n900-g10000-3,161040.48676058144,200020,0.012735999996948522,0.006367999998474261,0.006367999998474261,10.554437599988887,-19.487807838925388,19.487807838925388
Daganzo,TSP-x_central-n10-g1000-4,1119.2505543889624,2785,0.009840600003371947,0.004920300001685973,0.004920300001685973,0.042448699998203665,-59.811470219426845,59.811470219426845
Daganzo,TSP-x_central-n100-g1000-2,5140.107542649278,6490,0.007595700000820216,0.003797850000410108,0.003797850000410108,0.4620758999953978,-20.799575614032698,20.799575614032698
Daganzo,TSP-x_central-n100-g1000-4,4897.3085108046835,6580,0.006906999995408114,0.003453499997704057,0.003453499997704057,0.3278513999975985,-25.572818984731256,25.572818984731256
Daganzo,TSP-uniform_triangular-n900-g10000-5,165648.3028325977,206129,0.018519899997045286,0.009259949998522643,0.009259949998522643,21.222674599994207,-19.63852595578609,19.63852595578609
Daganzo,TSP-x_central-n10-g10000-5,10509.816673091877,27001,0.005808000001707114,0.002904000000853557,0.002904000000853557,0.037459200000739656,-61.07619468504176,61.07619468504176
Daganzo,TSP-uniform_triangular-n900-g10000-4,165067.75348474333,208033,0.011520100000780076,0.005760050000390038,0.005760050000390038,20.23329139998532,-20.653091824497398,20.653091824497398
Daganzo,TSP-x_central-n10-g10000-4,10590.995127182336,25324,0.008787600003415719,0.004393800001707859,0.004393800001707859,0.039530499998363666,-58.17803219403596,58.17803219403596
Daganzo,TSP-x_central-n100-g10000-2,47872.12062845137,64732,0.007065500001772307,0.0035327500008861534,0.0035327500008861534,0.9099490999942645,-26.045664233375504,26.045664233375504
Daganzo,TSP-x_central-n100-g1000-3,5249.161535902662,6900,0.009583599996403791,0.0047917999982018955,0.0047917999982018955,0.27918379999755416,-23.92519513184548,23.92519513184548
Daganzo,TSP-x_central-n100-g1000-5,4980.394366915134,6703,0.012025400006677955,0.006012700003338978,0.006012700003338978,0.25569359998917207,-25.69902481105275,25.69902481105275
Daganzo,TSP-x_central-n10-g10000-3,12204.367355643633,29981,0.014791399997193366,0.007395699998596683,0.007395699998596683,0.04517219999979716,-59.29299437762705,59.29299437762705
Daganzo,TSP-x_central-n100-g10000-5,52459.39236814509,67007,0.005880099997739308,0.002940049998869654,0.002940049998869654,0.13793409999925643,-21.710578942282012,21.710578942282012
Daganzo,TSP-uniform_triangular-n900-g1000-5,16279.626596301277,20530,0.03161460000410443,0.015807300002052216,0.015807300002052216,54.39791149999655,-20.703231386744875,20.703231386744875
Daganzo,TSP-x_central-n100-g10000-1,49679.83220352098,69189,0.007234199998492841,0.0036170999992464203,0.0036170999992464203,1.7534918000019388,-28.19692118180494,28.19692118180494
Daganzo,TSP-x_central-n1000-g1000-4,17364.21060255835,20537,0.016685700000380166,0.008342850000190083,0.008342850000190083,13.117404799995711,-15.449137641533092,15.449137641533092
Daganzo,TSP-x_central-n100-g10000-3,51010.57609868762,69079,0.012919000000692904,0.006459500000346452,0.006459500000346452,0.8462066999927629,-26.15617467148103,26.15617467148103
Daganzo,TSP-x_central-n1000-g1000-3,17480.218911672702,20853,0.010737099997641053,0.0053685499988205265,0.0053685499988205265,11.459918099993956,-16.17408089160935,16.17408089160935
Daganzo,TSP-x_central-n100-g10000-4,51291.20905511002,68331,0.016057099994213786,0.008028549997106893,0.008028549997106893,0.2717040999996243,-24.937130943334623,24.937130943334623
Daganzo,TSP-x_central-n1000-g10000-3,173487.28664141355,204355,0.01576309999654768,0.00788154999827384,0.00788154999827384,6.575648700003512,-15.104946469910915,15.104946469910915
Daganzo,TSP-x_central-n1000-g10000-2,172596.04706075974,204313,0.010140500002307817,0.005070250001153909,0.005070250001153909,12.821099799999502,-15.523707712793733,15.523707712793733
Daganzo,TSP-x_central-n20-g1000-1,2015.4921123636282,3805,0.006101300001319032,0.003050650000659516,0.003050650000659516,0.1573733999975957,-47.03043068689545,47.03043068689545
Daganzo,TSP-x_central-n20-g1000-2,1887.4411988191841,3445,0.01103490000241436,0.00551745000120718,0.00551745000120718,0.1566205999988597,-45.21215678318769,45.21215678318769
Daganzo,TSP-x_central-n1000-g10000-1,171695.30216782284,204166,0.015775799998664297,0.007887899999332149,0.007887899999332149,16.461308400001144,-15.904067196387823,15.904067196387823
Daganzo,TSP-x_central-n20-g1000-4,1944.434509311126,3496,0.005672200000844896,0.002836100000422448,0.002836100000422448,0.14981360000092536,-44.38116392130647,44.38116392130647
Daganzo,TSP-x_central-n1000-g1000-1,17126.195186030083,20232,0.01890100000309758,0.00945050000154879,0.00945050000154879,18.986079299997073,-15.35095301487701,15.35095301487701
Daganzo,TSP-x_central-n20-g10000-4,19149.352540229655,34516,0.004515799999353476,0.002257899999676738,0.002257899999676738,0.04313229999388568,-44.52036000628794,44.52036000628794
Daganzo,TSP-x_central-n20-g1000-3,1855.6629920327666,3474,0.011040799996408168,0.005520399998204084,0.005520399998204084,0.15289179999672342,-46.5842546910545,46.5842546910545
Daganzo,TSP-x_central-n200-g10000-1,75151.3933601367,97936,0.0033989999938057736,0.0016994999969028868,0.0016994999969028868,2.209428999994998,-23.264791945620914,23.264791945620914
Daganzo,TSP-x_central-n20-g10000-2,20194.41640671995,36505,0.008856300002662465,0.0044281500013312325,0.0044281500013312325,0.04671260000031907,-44.68040978846747,44.68040978846747
Daganzo,TSP-x_central-n200-g1000-3,7335.596613773143,9515,0.004413599999679718,0.002206799999839859,0.002206799999839859,4.1945337999932235,-22.904922608795133,22.904922608795133
Daganzo,TSP-x_central-n1000-g10000-4,174488.12079064292,205450,0.014822299999650568,0.007411149999825284,0.007411149999825284,6.164587799998117,-15.07027462124949,15.07027462124949
Daganzo,TSP-x_central-n20-g10000-5,18343.328604236474,33005,0.006748300002072938,0.003374150001036469,0.003374150001036469,0.043387300000176765,-44.42257656647031,44.42257656647031
Daganzo,TSP-x_central-n20-g1000-5,1634.965290457262,2980,0.00955410000460688,0.00477705000230344,0.00477705000230344,0.15349910000804812,-45.135392937675775,45.135392937675775
Daganzo,TSP-x_central-n1000-g1000-2,17307.644293779555,20370,0.032591300005151425,0.016295650002575712,0.016295650002575712,9.945615799995721,-15.033655897007586,15.033655897007586
Daganzo,TSP-x_central-n200-g1000-5,7180.215135356322,8834,0.009345899998152163,0.0046729499990760814,0.0046729499990760814,1.6524760999891441,-18.720679925783084,18.720679925783084
Daganzo,TSP-x_central-n200-g1000-2,7173.727974351968,9044,0.012163399995188229,0.006081699997594114,0.006081699997594114,0.9782071000081487,-20.679699531711982,20.679699531711982
Daganzo,TSP-x_central-n1000-g1000-5,17459.56615440372,20631,0.019962200000009034,0.009981100000004517,0.009981100000004517,34.49818020001112,-15.372177042296926,15.372177042296926
Daganzo,TSP-x_central-n200-g1000-4,7564.378922290976,9379,0.005703599999833386,0.002851799999916693,0.002851799999916693,1.0917949000140652,-19.34770314222224,19.34770314222224
Daganzo,TSP-x_central-n200-g1000-1,7499.930819680939,9948,0.00722729999688454,0.00361364999844227,0.00361364999844227,2.292908699993859,-24.608656818647578,24.608656818647578
Daganzo,TSP-x_central-n200-g10000-3,73980.73741299148,93922,0.005794100005005021,0.0028970500025025103,0.0028970500025025103,1.2030369999993127,-21.231726951096142,21.231726951096142
Daganzo,TSP-x_central-n1000-g10000-5,171456.07011301757,202450,0.019318799997563474,0.009659399998781737,0.009659399998781737,11.06599180001649,-15.309424493446494,15.309424493446494
Daganzo,TSP-x_central-n200-g10000-2,71061.32803170793,86972,0.007542599996668287,0.0037712999983341433,0.0037712999983341433,0.5911682000005385,-18.294016428611585,18.294016428611585
Daganzo,TSP-x_central-n20-g10000-3,15423.200677161663,30141,0.01217729999916628,0.00608864999958314,0.00608864999958314,0.0960930000001099,-48.82983087103393,48.82983087103393
Daganzo,TSP-x_central-n200-g10000-5,73152.52332920581,95591,0.005035899994254578,0.002517949997127289,0.002517949997127289,3.163755500005209,-23.473419747459687,23.473419747459687
Daganzo,TSP-x_central-n30-g1000-2,2536.9642833512653,4135,0.010416999997687526,0.005208499998843763,0.005208499998843763,0.0892628000001423,-38.64657114023542,38.64657114023542
Daganzo,TSP-x_central-n20-g10000-1,18235.686014844625,34795,0.01494749999983469,0.007473749999917345,0.007473749999917345,0.04291269999521319,-47.591073387427436,47.591073387427436
Daganzo,TSP-x_central-n30-g10000-1,19129.622315064138,33895,0.0063236999994842336,0.0031618499997421168,0.0031618499997421168,0.04129709998960607,-43.56211147642974,43.56211147642974
Daganzo,TSP-x_central-n30-g1000-4,2493.546094520813,4113,0.004738299998280127,0.0023691499991400633,0.0023691499991400633,0.041284200007794425,-39.37403125405269,39.37403125405269
Daganzo,TSP-x_central-n200-g10000-4,72800.36407374623,88932,0.008297599997604266,0.004148799998802133,0.004148799998802133,0.9584848999948008,-18.139292859998395,18.139292859998395
Daganzo,TSP-x_central-n30-g10000-2,24073.504259517347,41479,0.009387199999764562,0.004693599999882281,0.004693599999882281,0.04394670001056511,-41.96218746952109,41.96218746952109
Daganzo,TSP-x_central-n30-g10000-4,26034.39349016988,43091,0.009745299998030532,0.004872649999015266,0.004872649999015266,0.15278280001075473,-39.58275860349056,39.58275860349056
Daganzo,TSP-x_central-n30-g10000-5,22652.972241937696,38927,0.006663400003162678,0.003331700001581339,0.003331700001581339,0.08007479998923372,-41.80652955034373,41.80652955034373
Daganzo,TSP-x_central-n30-g10000-3,22623.33058954848,39394,0.010338000000047032,0.005169000000023516,0.005169000000023516,0.11240490000636782,-42.571633777863426,42.571633777863426
Daganzo,TSP-x_central-n30-g1000-5,2479.126523596567,3999,0.008921799999370705,0.004460899999685353,0.004460899999685353,0.0853732000105083,-38.0063384947095,38.0063384947095
Daganzo,TSP-x_central-n30-g1000-1,2461.396357964316,4052,0.015135599998757243,0.007567799999378622,0.007567799999378622,0.05937370000174269,-39.2547789248688,39.2547789248688
Daganzo,TSP-x_central-n300-g1000-3,9137.076887057478,11509,0.010451999994984362,0.005225999997492181,0.005225999997492181,3.657017799996538,-20.60928936434549,20.60928936434549
Daganzo,TSP-x_central-n300-g1000-1,9216.627686144211,11206,0.009187999996356666,0.004593999998178333,0.004593999998178333,1.9687450000055833,-17.752742404567094,17.752742404567094
Daganzo,TSP-x_central-n300-g1000-4,9337.482101187663,11792,0.00882149999961257,0.004410749999806285,0.004410749999806285,3.291563699996914,-20.815111082194175,20.815111082194175
Daganzo,TSP-x_central-n40-g1000-4,2860.0075895004197,4375,0.002965899999253452,0.001482949999626726,0.001482949999626726,0.0459506000042893,-34.62839795427612,34.62839795427612
Daganzo,TSP-x_central-n300-g1000-5,9096.455326664338,11492,0.007350399995630141,0.0036751999978150707,0.0036751999978150707,4.994395500005339,-20.845324341591212,20.845324341591212
Daganzo,TSP-x_central-n300-g10000-4,92986.68108965927,116500,0.006441400000767317,0.0032207000003836583,0.0032207000003836583,1.442820299998857,-20.1831063608075,20.1831063608075
Daganzo,TSP-x_central-n30-g1000-3,2422.3474363724126,4075,0.007998399996722583,0.003999199998361291,0.003999199998361291,0.11194909999903757,-40.55589113196533,40.55589113196533
Daganzo,TSP-x_central-n300-g10000-2,91969.01072073136,116819,0.013033900002483279,0.006516950001241639,0.006516950001241639,4.107512700007646,-21.272215375297378,21.272215375297378
Daganzo,TSP-x_central-n300-g1000-2,9212.296020808275,11186,0.01709380000102101,0.008546900000510504,0.008546900000510504,2.1282528000010643,-17.6444124726598,17.6444124726598
Daganzo,TSP-x_central-n40-g1000-2,2987.10891532264,4499,0.005372499996155966,0.002686249998077983,0.002686249998077983,0.08917520000250079,-33.605047447818635,33.605047447818635
Daganzo,TSP-x_central-n300-g10000-1,93434.57968961491,116585,0.009079000003112014,0.004539500001556007,0.004539500001556007,12.376237200005562,-19.857117391075256,19.857117391075256
Daganzo,TSP-x_central-n300-g10000-5,89064.55890740154,111197,0.011684899996907916,0.005842449998453958,0.005842449998453958,2.8557293000048958,-19.90381133717497,19.90381133717497
Daganzo,TSP-x_central-n40-g1000-3,2896.9932474895413,4447,0.00810260000434937,0.004051300002174685,0.004051300002174685,0.06892550000338815,-34.85511024309554,34.85511024309554
Daganzo,TSP-x_central-n40-g1000-1,3028.9008382579973,4717,0.013262599997688085,0.006631299998844042,0.006631299998844042,0.05089489999227226,-35.787559078694144,35.787559078694144
Daganzo,TSP-x_central-n40-g10000-4,25141.120335776606,40391,0.00668799999402836,0.00334399999701418,0.00334399999701418,0.15554780000820756,-37.75563780105319,37.75563780105319
Daganzo,TSP-x_central-n40-g10000-2,28718.31718962655,44257,0.011113300002762116,0.005556650001381058,0.005556650001381058,0.22632510001130868,-35.11011322587038,35.11011322587038
Daganzo,TSP-x_central-n40-g10000-5,28636.396549705758,45193,0.007036900002276525,0.0035184500011382625,0.0035184500011382625,0.33258060000662226,-36.63532726372279,36.63532726372279
Daganzo,TSP-x_central-n40-g10000-3,30630.476795015777,48733,0.009576199998264201,0.0047880999991321005,0.0047880999991321005,0.07521370000904426,-37.14633452687958,37.14633452687958
Daganzo,TSP-x_central-n400-g1000-1,10505.970582483085,12623,0.006312099998467602,0.003156049999233801,0.003156049999233801,3.0487341999978526,-16.7712066665366,16.7712066665366
Daganzo,TSP-x_central-n400-g1000-3,10662.739397546955,13270,0.007904999998572748,0.003952499999286374,0.003952499999286374,2.1200391000020318,-19.64778148042988,19.64778148042988
Daganzo,TSP-x_central-n40-g10000-1,28961.45633827829,46078,0.011660500000289176,0.005830250000144588,0.005830250000144588,0.06236860000353772,-37.14688932184927,37.14688932184927
Daganzo,TSP-x_central-n400-g1000-4,10715.781699904115,12831,0.009669099999882746,0.004834549999941373,0.004834549999941373,3.1404117999918526,-16.485217832560867,16.485217832560867
Daganzo,TSP-x_central-n400-g1000-2,10526.126894541978,12598,0.008414399999310263,0.004207199999655131,0.004207199999655131,7.321551200002432,-16.44604782868727,16.44604782868727
Daganzo,TSP-x_central-n5-g1000-2,250.0572524443152,1771,0.0031843999968259595,0.0015921999984129798,0.0015921999984129798,0.09395529999164864,-85.88044876090822,85.88044876090822
Daganzo,TSP-x_central-n40-g1000-5,3045.1030356951796,4705,0.016284099998301826,0.008142049999150913,0.008142049999150913,0.05754219999653287,-35.279425383736886,35.279425383736886
Daganzo,TSP-x_central-n5-g1000-3,693.9653438753263,2433,0.0032675000038580038,0.0016337500019290019,0.0016337500019290019,0.07705939999141265,-71.47696901457763,71.47696901457763
Daganzo,TSP-x_central-n400-g10000-1,108080.44354673976,130233,0.008749400003580377,0.004374700001790188,0.004374700001790188,2.769838099993649,-17.009940992882175,17.009940992882175
Daganzo,TSP-x_central-n400-g10000-3,108508.06762863301,133125,0.007874700000684243,0.003937350000342121,0.003937350000342121,4.547308100009104,-18.491592391637173,18.491592391637173
Daganzo,TSP-x_central-n5-g1000-4,566.3861438983125,1997,0.006865800001833122,0.003432900000916561,0.003432900000916561,0.5113809000031324,-71.63815003012957,71.63815003012957
Daganzo,TSP-x_central-n300-g10000-3,90644.6327621222,109706,0.019928599998820573,0.009964299999410287,0.009964299999410287,5.164604899997357,-17.37495418470986,17.37495418470986
Daganzo,TSP-x_central-n400-g1000-5,10697.947933131847,13328,0.004979400000593159,0.0024897000002965797,0.0024897000002965797,2.6642310000024736,-19.73328381503716,19.73328381503716
Daganzo,TSP-x_central-n5-g10000-1,5576.819891591444,22620,0.006808500002080109,0.0034042500010400545,0.0034042500010400545,0.12842429999727756,-75.34562382143481,75.34562382143481
Daganzo,TSP-x_central-n400-g10000-5,105771.15179272654,127578,0.011957900002016686,0.005978950001008343,0.005978950001008343,7.2639613000064855,-17.09295349297956,17.09295349297956
Daganzo,TSP-x_central-n400-g10000-2,106333.2434920519,129522,0.011287500004982576,0.005643750002491288,0.005643750002491288,3.0588235000032,-17.90333418874639,17.90333418874639
Daganzo,TSP-x_central-n5-g1000-1,998.394498933162,3194,0.007336700000450946,0.003668350000225473,0.003668350000225473,0.04010319999360945,-68.7415623377219,68.7415623377219
Daganzo,TSP-x_central-n5-g10000-4,7237.413251293586,25453,0.007073799999488983,0.0035368999997444917,0.0035368999997444917,0.05011949999607168,-71.56557870862537,71.56557870862537
Daganzo,TSP-x_central-n400-g10000-4,107194.32517806154,130012,0.010758199998235796,0.005379099999117898,0.005379099999117898,2.988038700001198,-17.55043751495128,17.55043751495128
Daganzo,TSP-x_central-n5-g1000-5,287.1352016037043,1998,0.00664169999799924,0.00332084999899962,0.00332084999899962,0.3705061999935424,-85.6288687886034,85.6288687886034
Daganzo,TSP-x_central-n50-g10000-1,30520.488990143982,46191,0.004139500000746921,0.0020697500003734604,0.0020697500003734604,0.11976030000369065,-33.925463856283734,33.925463856283734
Daganzo,TSP-x_central-n50-g1000-3,3311.1333852625144,4968,0.006607399998756591,0.0033036999993782956,0.0033036999993782956,0.07986359999631532,-33.35077726927306,33.35077726927306
Daganzo,TSP-x_central-n5-g10000-3,7005.685110447799,24690,0.005855900002643466,0.002927950001321733,0.002927950001321733,0.03991770000720862,-71.62541470049494,71.62541470049494
Daganzo,TSP-x_central-n50-g1000-4,3210.6865971315224,4697,0.006501700001535937,0.0032508500007679686,0.0032508500007679686,0.08677539999189321,-31.64388764889243,31.64388764889243
Daganzo,TSP-x_central-n5-g10000-2,4910.266232369688,19552,0.009294600000430364,0.004647300000215182,0.004647300000215182,0.05195789999561384,-74.88611787863294,74.88611787863294
Daganzo,TSP-x_central-n50-g1000-5,3424.6826692410486,5200,0.007869399996707216,0.003934699998353608,0.003934699998353608,0.24380630000086967,-34.14071789921061,34.14071789921061
Daganzo,TSP-x_central-n50-g10000-5,34768.120467642475,51491,0.008118400000967085,0.004059200000483543,0.004059200000483543,0.0657400000054622,-32.47728638472262,32.47728638472262
Daganzo,TSP-x_central-n5-g10000-5,8040.492259883718,27691,0.011615199997322634,0.005807599998661317,0.005807599998661317,0.05157570001028944,-70.96351789432047,70.96351789432047
Daganzo,TSP-x_central-n50-g10000-4,32197.190305289067,48752,0.008791100000962615,0.0043955500004813075,0.0043955500004813075,0.6622628000041004,-33.95719087362761,33.95719087362761
Daganzo,TSP-x_central-n50-g1000-1,3548.692924162359,5215,0.01096230000257492,0.00548115000128746,0.00548115000128746,0.10983929999929387,-31.95219704386656,31.95219704386656
Daganzo,TSP-x_central-n50-g1000-2,3129.5673383073254,4461,0.011768800002755597,0.005884400001377799,0.005884400001377799,0.12091260000306647,-29.84605832084005,29.84605832084005
Daganzo,TSP-x_central-n50-g10000-3,34820.01575017593,50320,0.00387849999970058,0.00193924999985029,0.00193924999985029,0.1709599000023445,-30.802830385182965,30.802830385182965
Daganzo,TSP-x_central-n50-g10000-2,33680.63668960995,47735,0.009502599998086225,0.004751299999043113,0.004751299999043113,0.049094999994849786,-29.44247053606379,29.44247053606379
Daganzo,TSP-x_central-n500-g1000-3,12156.98560293628,14482,0.010923299996647984,0.005461649998323992,0.005461649998323992,6.805361599996104,-16.054511787485986,16.054511787485986
Daganzo,TSP-x_central-n500-g1000-4,12060.235594713728,14718,0.011526299997058231,0.005763149998529116,0.005763149998529116,3.219191600001068,-18.05791823132404,18.05791823132404
Daganzo,TSP-x_central-n60-g1000-1,3620.048863896729,5527,0.003992300000390969,0.0019961500001954846,0.0019961500001954846,0.078039500003797,-34.50246311024554,34.50246311024554
Daganzo,TSP-x_central-n500-g10000-4,119764.30756500452,141453,0.012064499998814426,0.006032249999407213,0.006032249999407213,4.812480699998559,-15.33279070432969,15.33279070432969
Daganzo,TSP-x_central-n500-g10000-1,120078.52985848468,142131,0.012515499998698942,0.006257749999349471,0.006257749999349471,3.234888899998623,-15.515594867773622,15.515594867773622
Daganzo,TSP-x_central-n60-g1000-4,3768.238917584711,5403,0.00818730000173673,0.004093650000868365,0.004093650000868365,0.1619697999994969,-30.25654418684599,30.25654418684599
Daganzo,TSP-x_central-n500-g1000-2,12110.665802300053,14587,0.015312900002754759,0.0076564500013773795,0.0076564500013773795,2.722562299997662,-16.97630902653011,16.97630902653011
Daganzo,TSP-x_central-n60-g10000-3,35104.164725613395,52806,0.006947900001250673,0.0034739500006253365,0.0034739500006253365,0.3188615999970352,-33.522393808253995,33.522393808253995
Daganzo,TSP-x_central-n500-g10000-3,120504.17001114524,143981,0.009021400001074653,0.0045107000005373266,0.0045107000005373266,4.404377200000454,-16.30550557980203,16.30550557980203
Daganzo,TSP-x_central-n500-g10000-5,121536.11624050276,148966,0.012268300000869203,0.006134150000434602,0.006134150000434602,8.994178900000406,-18.41351970214495,18.41351970214495
Daganzo,TSP-x_central-n60-g1000-2,3529.659818736078,5063,0.011234799996600486,0.005617399998300243,0.005617399998300243,0.11042589999851771,-30.285209979536287,30.285209979536287
Daganzo,TSP-x_central-n60-g10000-2,38958.17796952265,55329,0.0073668999975780025,0.0036834499987890013,0.0036834499987890013,0.3702412999991793,-29.588140090146847,29.588140090146847
Daganzo,TSP-x_central-n500-g1000-5,11991.667532082432,14627,0.012880999995104503,0.0064404999975522514,0.0064404999975522514,4.044636899998295,-18.016903451955752,18.016903451955752
Daganzo,TSP-x_central-n500-g1000-1,11948.296574198348,14835,0.015838899998925626,0.007919449999462813,0.007919449999462813,34.36202130001038,-19.45873559691036,19.45873559691036
Daganzo,TSP-x_central-n60-g10000-4,37535.39407135617,53840,0.008198399998946115,0.004099199999473058,0.004099199999473058,0.48202510000555776,-30.283443403870415,30.283443403870415
Daganzo,TSP-x_central-n60-g10000-5,37726.61045771273,55469,0.006037400002242066,0.003018700001121033,0.003018700001121033,0.3990036000031978,-31.986135575343468,31.986135575343468
Daganzo,TSP-x_central-n60-g10000-1,39631.73818402367,56573,0.007580400000733789,0.0037902000003668945,0.0037902000003668945,0.0961377000057837,-29.945843098255935,29.945843098255935
Daganzo,TSP-x_central-n60-g1000-5,3315.258870887762,4956,0.011288000001513865,0.005644000000756932,0.005644000000756932,0.359595600006287,-33.106156761748146,33.106156761748146
Daganzo,TSP-x_central-n60-g1000-3,3867.866031418358,5476,0.014945900002203416,0.007472950001101708,0.007472950001101708,0.10743940000247676,-29.36694610265964,29.36694610265964
Daganzo,TSP-x_central-n600-g1000-4,13234.479425349527,15724,0.007941799995023757,0.003970899997511879,0.003970899997511879,7.601117099999101,-15.832616221384333,15.832616221384333
Daganzo,TSP-x_central-n500-g10000-2,120662.97978015045,145334,0.018178099999204278,0.009089049999602139,0.009089049999602139,9.26238519999606,-16.97539475955355,16.97539475955355
Daganzo,TSP-x_central-n70-g1000-5,4096.523220549348,5978,0.0034335000018472783,0.0017167500009236392,0.0017167500009236392,0.12128310000116471,-31.47334860238629,31.47334860238629
Daganzo,TSP-x_central-n70-g1000-3,3955.3977353105715,5464,0.005327200000465382,0.002663600000232691,0.002663600000232691,0.11899080000875983,-27.609851110714285,27.609851110714285
Daganzo,TSP-x_central-n70-g10000-3,38851.90561529125,55476,0.0036835999999311753,0.0018417999999655876,0.0018417999999655876,0.1777909000084037,-29.966281607738026,29.966281607738026
Daganzo,TSP-x_central-n70-g1000-1,4131.153204675421,5971,0.0061417000033543445,0.0030708500016771723,0.0030708500016771723,0.14814150000165682,-30.81304296306446,30.81304296306446
Daganzo,TSP-x_central-n70-g10000-2,41243.856685214334,60053,0.008153000002494082,0.004076500001247041,0.004076500001247041,0.10480070000630803,-31.320905391546912,31.320905391546912
Daganzo,TSP-x_central-n600-g1000-5,13171.174403218567,15701,0.011780100001487881,0.0058900500007439405,0.0058900500007439405,4.6193940000084694,-16.112512558317515,16.112512558317515
Daganzo,TSP-x_central-n70-g1000-2,3925.0716936764347,5592,0.005591699999058619,0.0027958499995293096,0.0027958499995293096,0.09300129998882767,-29.809161414942153,29.809161414942153
Daganzo,TSP-x_central-n600-g10000-4,133633.1970225213,162037,0.008129699999699369,0.0040648499998496845,0.0040648499998496845,15.665911400006735,-17.52920812992015,17.52920812992015
Daganzo,TSP-x_central-n600-g1000-1,13428.505627209604,16298,0.018755199998850003,0.009377599999425001,0.009377599999425001,21.87597039999673,-17.606420252732825,17.606420252732825
Daganzo,TSP-x_central-n600-g1000-3,13324.294689401011,16132,0.018640700000105426,0.009320350000052713,0.009320350000052713,6.350640000004205,-17.40457048474454,17.40457048474454
Daganzo,TSP-x_central-n600-g10000-3,133929.1580870648,161999,0.013254799996502697,0.006627399998251349,0.006627399998251349,3.0855990999989444,-17.327169867057943,17.327169867057943
Daganzo,TSP-x_central-n70-g1000-4,4100.951148758053,5578,0.007681900002353359,0.0038409500011766795,0.0038409500011766795,0.16354340000543743,-26.479900524237127,26.479900524237127
Daganzo,TSP-x_central-n70-g10000-4,39651.93092377722,57792,0.006489699997473508,0.003244849998736754,0.003244849998736754,0.23373089999950025,-31.388546989588146,31.388546989588146
Daganzo,TSP-x_central-n70-g10000-1,41590.57279291786,58258,0.007883600002969615,0.003941800001484808,0.003941800001484808,0.1016933000064455,-28.60967971279848,28.60967971279848
Daganzo,TSP-x_central-n600-g1000-2,13151.515765492584,15650,0.020167400005448144,0.010083700002724072,0.010083700002724072,6.251740799998515,-15.964755492060165,15.964755492060165
Daganzo,TSP-x_central-n600-g10000-1,131321.80815481485,156797,0.017125700003816746,0.008562850001908373,0.008562850001908373,2.8907073000009404,-16.247244427626264,16.247244427626264
Daganzo,TSP-x_central-n70-g10000-5,40887.500977670425,57610,0.006883000001835171,0.0034415000009175856,0.0034415000009175856,0.23308540000289213,-29.02707693513205,29.02707693513205
Daganzo,TSP-x_central-n600-g10000-2,131650.66299567197,156991,0.02197379999415716,0.01098689999707858,0.01098689999707858,3.4218985000043176,-16.14126733655307,16.14126733655307
Daganzo,TSP-x_central-n600-g10000-5,133777.4556238083,160421,0.016509000000951346,0.008254500000475673,0.008254500000475673,5.2878381999908015,-16.608514082440397,16.608514082440397
Daganzo,TSP-x_central-n700-g1000-5,14296.056810883203,16871,0.010001999995438382,0.005000999997719191,0.005000999997719191,14.183969100005925,-15.262540389525203,15.262540389525203
Daganzo,TSP-x_central-n8-g1000-1,920.0485104601822,2600,0.009012199996504933,0.004506099998252466,0.004506099998252466,0.04496189999917988,-64.61351882845453,64.61351882845453
Daganzo,TSP-x_central-n700-g10000-3,144042.42706449374,171146,0.010546999998041429,0.005273499999020714,0.005273499999020714,12.027795600006357,-15.836521411839168,15.836521411839168
Daganzo,TSP-x_central-n8-g1000-2,678.047045270459,2072,0.005674400003044866,0.002837200001522433,0.002837200001522433,0.04534500000590924,-67.27572175335624,67.27572175335624
Daganzo,TSP-x_central-n700-g10000-4,146377.61449168038,174109,0.01089680000586668,0.00544840000293334,0.00544840000293334,5.048605400006636,-15.927600243709186,15.927600243709186
Daganzo,TSP-x_central-n700-g1000-2,14381.68681918084,17151,0.016134700003021862,0.008067350001510931,0.008067350001510931,35.42752479999035,-16.146657225929445,16.146657225929445
Daganzo,TSP-x_central-n700-g1000-3,14148.55912858267,16485,0.010604900002363138,0.005302450001181569,0.005302450001181569,5.921363300003577,-14.173132371351713,14.173132371351713
Daganzo,TSP-x_central-n700-g10000-2,142854.6031311557,170458,0.010086099995533004,0.005043049997766502,0.005043049997766502,8.67217740000342,-16.193664638118666,16.193664638118666
Daganzo,TSP-x_central-n8-g1000-3,729.5608114475449,2333,0.007069999999657739,0.0035349999998288695,0.0035349999998288695,0.1241810999927111,-68.7286407437829,68.7286407437829
Daganzo,TSP-x_central-n8-g10000-3,7316.411914128399,21558,0.003577600000426173,0.0017888000002130866,0.0017888000002130866,0.1509970000042813,-66.06173154221914,66.06173154221914
Daganzo,TSP-x_central-n700-g10000-1,142363.77670847313,166165,0.00923750000220025,0.004618750001100125,0.004618750001100125,21.0085878999962,-14.323848759682766,14.323848759682766
Daganzo,TSP-x_central-n8-g1000-4,910.8371711782518,2439,0.007056599999486934,0.003528299999743467,0.003528299999743467,0.18239109999558423,-62.65530253471703,62.65530253471703
Daganzo,TSP-x_central-n8-g10000-2,7160.031988280499,22823,0.005223000000114553,0.0026115000000572763,0.0026115000000572763,0.3277360999927623,-68.62799812346975,68.62799812346975
Daganzo,TSP-x_central-n8-g10000-4,9417.79674144648,26932,0.0068501999994623475,0.0034250999997311737,0.0034250999997311737,0.09991430000809487,-65.03120176204337,65.03120176204337
Daganzo,TSP-x_central-n8-g10000-5,6908.986811711251,21685,0.003975000006903429,0.0019875000034517143,0.0019875000034517143,0.09031200000026729,-68.13932759183191,68.13932759183191
Daganzo,TSP-x_central-n80-g1000-2,4219.540259317358,6101,0.0038568999952985905,0.0019284499976492953,0.0019284499976492953,1.0620810999971582,-30.838546806796302,30.838546806796302
Daganzo,TSP-x_central-n700-g10000-5,143177.24504567756,175955,0.01030709999758983,0.005153549998794915,0.005153549998794915,13.73669359998894,-18.628487371386118,18.628487371386118
Daganzo,TSP-x_central-n700-g1000-4,14465.524753184725,17316,0.018956700005219318,0.009478350002609659,0.009478350002609659,5.883497699993313,-16.461511011869224,16.461511011869224
Daganzo,TSP-x_central-n8-g1000-5,809.799704124421,2200,0.0051664999991771765,0.0025832499995885883,0.0025832499995885883,0.05690150000737049,-63.19092253979903,63.19092253979903
Daganzo,TSP-x_central-n8-g10000-1,10282.434864914048,26996,0.010904900002060458,0.005452450001030229,0.005452450001030229,0.35898610000731423,-61.911265132189776,61.911265132189776
Daganzo,TSP-x_central-n80-g1000-1,4612.35039952517,6851,0.005435000006400514,0.002717500003200257,0.002717500003200257,0.28639449999900535,-32.676245810463136,32.676245810463136
Daganzo,TSP-x_central-n80-g1000-3,4367.011021282176,5795,0.007984999996551778,0.003992499998275889,0.003992499998275889,0.32104640000034124,-24.641742514543978,24.641742514543978
Daganzo,TSP-x_central-n80-g1000-4,4233.4234231883775,6031,0.009522799999103881,0.004761399999551941,0.004761399999551941,0.5198122000001604,-29.805613941495977,29.805613941495977
Daganzo,TSP-x_central-n80-g1000-5,4440.448534101031,6130,0.011231999997107778,0.005615999998553889,0.005615999998553889,0.14223260000289883,-27.56201412559492,27.56201412559492
Daganzo,TSP-x_central-n80-g10000-2,43431.13599218883,57087,0.012171399997896515,0.006085699998948257,0.006085699998948257,0.30637550000392366,-23.9211449328414,23.9211449328414
Daganzo,TSP-x_central-n700-g1000-1,14275.35270702619,17327,0.038853400001244154,0.019426700000622077,0.019426700000622077,8.638238400002592,-17.612092647162292,17.612092647162292
Daganzo,TSP-x_central-n80-g10000-4,43846.99011850186,60170,0.012707699999737088,0.006353849999868544,0.006353849999868544,0.12610520000453107,-27.12815336795436,27.12815336795436
Daganzo,TSP-x_central-n800-g1000-1,15344.577859296096,18210,0.01664359999995213,0.008321799999976065,0.008321799999976065,11.28831769998942,-15.735431854497001,15.735431854497001
Daganzo,TSP-x_central-n80-g10000-5,44289.951163531434,63473,0.007768299998133443,0.0038841499990667216,0.0038841499990667216,0.1284099999902537,-30.222376185887807,30.222376185887807
Daganzo,TSP-x_central-n80-g10000-1,42004.35776249888,61185,0.015817100000276696,0.007908550000138348,0.007908550000138348,0.26307790000282694,-31.34860216965125,31.34860216965125
Daganzo,TSP-x_central-n80-g10000-3,45126.411065937864,59717,0.014750700000149664,0.007375350000074832,0.007375350000074832,0.784185399999842,-24.432890021371026,24.432890021371026
Daganzo,TSP-x_central-n800-g10000-3,155455.24049371894,184203,0.010606599993479904,0.005303299996739952,0.005303299996739952,9.309764700010419,-15.606564228748207,15.606564228748207
Daganzo,TSP-x_central-n90-g1000-3,4449.288889305794,6321,0.00527229999715928,0.00263614999857964,0.00263614999857964,0.24123660000623204,-29.610996846926206,29.610996846926206
Daganzo,TSP-x_central-n800-g10000-1,154138.2242466806,182836,0.00986850000481354,0.00493425000240677,0.00493425000240677,5.395537000003969,-15.695910954800702,15.695910954800702
Daganzo,TSP-x_central-n90-g1000-4,4436.067617045529,6411,0.004273899998224806,0.002136949999112403,0.002136949999112403,0.28609989999677055,-30.805371750966636,30.805371750966636
Daganzo,TSP-x_central-n800-g1000-2,15557.592154314883,18051,0.018732900003669783,0.009366450001834892,0.009366450001834892,4.485592400000314,-13.81312861162881,13.81312861162881
Daganzo,TSP-x_central-n800-g1000-3,15581.961047313654,18388,0.013770099998509977,0.0068850499992549885,0.0068850499992549885,6.0403096999943955,-15.260163980238989,15.260163980238989
Daganzo,TSP-x_central-n800-g10000-4,154626.29905795454,183943,0.007674700005736668,0.003837350002868334,0.003837350002868334,145.07107299999916,-15.937926934999133,15.937926934999133
Daganzo,TSP-x_central-n800-g1000-4,15303.199665429447,18059,0.01800389999698382,0.00900194999849191,0.00900194999849191,5.706710700003896,-15.259983025475124,15.259983025475124
Daganzo,TSP-x_central-n800-g10000-2,154704.81338717288,188775,0.011032599999452941,0.0055162999997264706,0.0055162999997264706,20.29143589999876,-18.048039524739572,18.048039524739572
Daganzo,TSP-x_central-n90-g1000-5,4738.213756311549,6358,0.006720500001392793,0.0033602500006963965,0.0033602500006963965,0.4880025000020396,-25.476348595288623,25.476348595288623
Daganzo,TSP-x_central-n800-g1000-5,15084.43158093801,17689,0.01934110000001965,0.009670550000009825,0.009670550000009825,23.95051059999969,-14.724226463123921,14.724226463123921
Daganzo,TSP-x_central-n90-g1000-2,4674.887933950929,6505,0.0068578999998862855,0.0034289499999431428,0.0034289499999431428,0.16731819999404252,-28.133928763244743,28.133928763244743
Daganzo,TSP-x_central-n90-g10000-1,44333.37999414211,56607,0.0067127000002074055,0.0033563500001037028,0.0033563500001037028,2.241472399997292,-21.68215946059302,21.68215946059302
Daganzo,TSP-x_central-n90-g1000-1,4800.736301495845,6468,0.01082969999697525,0.005414849998487625,0.005414849998487625,0.27796249999664724,-25.77711345862949,25.77711345862949
Daganzo,TSP-x_central-n90-g10000-2,48927.62253476047,66229,0.008734099996217992,0.004367049998108996,0.004367049998108996,0.3025821999908658,-26.12356741795819,26.12356741795819
Daganzo,TSP-x_central-n90-g10000-5,47398.93583066501,64957,0.00951520000671735,0.004757600003358675,0.004757600003358675,0.33589760000177193,-27.030287989493036,27.030287989493036
Daganzo,TSP-x_central-n90-g10000-4,46740.95010040446,62059,0.009185699993395247,0.004592849996697623,0.004592849996697623,0.33624499999859836,-24.68304339353767,24.68304339353767
Daganzo,TSP-x_central-n90-g10000-3,47058.58810557855,63393,0.007614100002683699,0.0038070500013418496,0.0038070500013418496,0.12946379999630153,-25.766901541844444,25.766901541844444
Daganzo,TSP-x_central-n800-g10000-5,154336.87476789206,177635,0.0235058999969624,0.0117529499984812,0.0117529499984812,6.23708340000303,-13.115729012924218,13.115729012924218
Daganzo,TSP-x_central-n900-g1000-2,16410.619743324747,19713,0.014198499993653968,0.007099249996826984,0.007099249996826984,39.72508390000439,-16.752296741618487,16.752296741618487
Daganzo,TSP-x_central-n900-g10000-2,161721.60666492587,191391,0.012955799997143913,0.0064778999985719565,0.0064778999985719565,5.857476100005442,-15.501979369497064,15.501979369497064
Daganzo,TSP-x_central-n900-g1000-3,16440.825213321863,19246,0.011796799997682683,0.005898399998841342,0.005898399998841342,17.623551000011503,-14.575365201486735,14.575365201486735
Daganzo,TSP-x_central-n900-g10000-3,161859.42560626488,190497,0.009706400000141002,0.004853200000070501,0.004853200000070501,5.917373200005386,-15.033084192262935,15.033084192262935
Daganzo,TSP-x_central-n900-g10000-1,163672.79314756318,197008,0.008126399996399414,0.004063199998199707,0.004063199998199707,6.854846999995061,-16.920737661636494,16.920737661636494
Daganzo,TSP-x_central-n900-g1000-1,16379.461524116108,19316,0.011329000000841916,0.005664500000420958,0.005664500000420958,21.42157120000047,-15.20262205365444,15.20262205365444
Daganzo,TSP-x_central-n900-g10000-5,163437.62155675783,195816,0.00506150000001071,0.002530750000005355,0.002530750000005355,11.512427000008756,-16.535103588696618,16.535103588696618
Daganzo,TSP-x_central-n900-g1000-4,16380.12650637961,19080,0.007415000000037253,0.0037075000000186265,0.0037075000000186265,84.29449190000014,-14.150280364886736,14.150280364886736
Daganzo,TSP-x_central-n900-g10000-4,164485.5955360073,192236,0.004513899999437854,0.002256949999718927,0.002256949999718927,12.522487899987027,-14.435591909940223,14.435591909940223
Daganzo,TSP-x_central-n900-g1000-5,16361.277855351027,19388,0.010131200004252605,0.005065600002126303,0.005065600002126303,14.305989399988903,-15.611317024184924,15.611317024184924
