model,instance,pred_cost,true_cost,prediction_time_s,feature_time_s,inference_time_s,optimal_solve_time_s,status,gap_pct,abs_gap_pct
Composite,TSP-boundary-n10-g10000-2,36008.05428116515,36007,0.002339600003324449,0.0011698000016622245,0.0011698000016622245,0.04179420000582468,ok,0.0029279894607900587,0.0029279894607900587
Composite,TSP-boundary-n10-g1000-3,2942.238428758161,2942,0.002304100002220366,0.001152050001110183,0.001152050001110183,0.15743380000640173,ok,0.008104308571067564,0.008104308571067564
Composite,TSP-boundary-n10-g10000-5,27742.301119226202,27743,0.0025777999981073663,0.0012888999990536831,0.0012888999990536831,0.050072500001988374,ok,-0.0025191247298345875,0.0025191247298345875
Composite,TSP-boundary-n10-g10000-3,31280.452919240008,31281,0.002329099996131845,0.0011645499980659224,0.0011645499980659224,0.0424796999868704,ok,-0.0017489234998633067,0.0017489234998633067
Composite,TSP-boundary-n10-g1000-1,3398.7907954221027,3399,0.002847199997631833,0.0014235999988159165,0.0014235999988159165,0.07625080000434536,ok,-0.006154886081119545,0.006154886081119545
Composite,TSP-boundary-n10-g10000-4,33497.12203388066,33497,0.022986199997831136,0.011493099998915568,0.011493099998915568,0.04994730000908021,ok,0.0003643128658080673,0.0003643128658080673
Composite,TSP-boundary-n10-g1000-5,3006.8374370139277,3006,0.0024655000015627593,0.0012327500007813796,0.0012327500007813796,0.1571512999944389,ok,0.027858849432058665,0.027858849432058665
Composite,TSP-boundary-n10-g10000-1,31722.209506673786,31722,0.0024902000004658476,0.0012451000002329238,0.0012451000002329238,0.0441271999879973,ok,0.0006604459800316945,0.0006604459800316945
Composite,TSP-boundary-n10-g1000-4,3549.1713069558878,3550,0.002292899996973574,0.001146449998486787,0.001146449998486787,0.32430780000868253,ok,-0.023343466031330768,0.023343466031330768
Composite,TSP-boundary-n10-g1000-2,3247.7385971728922,3247,0.00252580000233138,0.00126290000116569,0.00126290000116569,0.0730119000072591,ok,0.02274706414820577,0.02274706414820577
Composite,TSP-boundary-n100-g1000-4,7193.017786386171,7168,0.10925940000015544,0.05462970000007772,0.05462970000007772,0.3713453000091249,ok,0.3490204573963572,0.3490204573963572
Composite,TSP-boundary-n100-g10000-3,73462.64538321449,71693,0.10269249999691965,0.051346249998459825,0.051346249998459825,0.6195137000031536,ok,2.4683656468755535,2.4683656468755535
Composite,TSP-boundary-n100-g10000-1,68504.96472036935,70551,0.11216449999483302,0.05608224999741651,0.05608224999741651,0.21488880000833888,ok,-2.900079771556256,2.900079771556256
Composite,TSP-boundary-n100-g10000-4,71698.19720378572,71295,0.10589600000093924,0.05294800000046962,0.05294800000046962,0.5164423000096576,ok,0.5655336331940801,0.5655336331940801
Composite,TSP-boundary-n100-g10000-5,71645.81289612227,69815,0.1076524000018253,0.05382620000091265,0.05382620000091265,4.705000100002508,ok,2.622377563735971,2.622377563735971
Composite,TSP-boundary-n100-g1000-2,6699.746782651252,6834,0.1437727000011364,0.0718863500005682,0.0718863500005682,0.06720600000699051,ok,-1.9644895719746556,1.9644895719746556
Composite,TSP-boundary-n100-g1000-1,7009.240374502906,6956,0.14168919999792706,0.07084459999896353,0.07084459999896353,0.21300820000760723,ok,0.7653877875633407,0.7653877875633407
Composite,TSP-boundary-n100-g10000-2,70872.68210962853,70034,0.11544649999996182,0.05772324999998091,0.05772324999998091,0.3339735999907134,ok,1.1975356393016643,1.1975356393016643
Composite,TSP-boundary-n20-g1000-2,3413.6650390625,4345,0.011928200001420919,0.005964100000710459,0.005964100000710459,0.1955378999991808,ok,-21.434636615362486,21.434636615362486
Composite,TSP-boundary-n100-g1000-5,7488.664214086851,7017,0.119762800000899,0.0598814000004495,0.0598814000004495,0.14065890001074877,ok,6.721735985276482,6.721735985276482
Composite,TSP-boundary-n100-g1000-3,6805.623621321168,7047,0.14555729999847244,0.07277864999923622,0.07277864999923622,0.3462584999942919,ok,-3.4252359681968527,3.4252359681968527
Composite,TSP-boundary-n20-g1000-1,3389.5937728881836,4099,0.01638719999755267,0.008193599998776335,0.008193599998776335,0.04248050000751391,ok,-17.30681207884402,17.30681207884402
Composite,TSP-boundary-n20-g1000-5,3124.2762718200684,3865,0.009755899998708628,0.004877949999354314,0.004877949999354314,0.17787749999843072,ok,-19.16490887917029,19.16490887917029
Composite,TSP-boundary-n20-g1000-3,2897.064580460712,3809,0.010950399999273941,0.0054751999996369705,0.0054751999996369705,0.1841885000030743,ok,-23.941596732457022,23.941596732457022
Composite,TSP-boundary-n20-g1000-4,3330.791015625,4313,0.014493599999696016,0.007246799999848008,0.007246799999848008,0.1820376999967266,ok,-22.77322013389752,22.77322013389752
Composite,TSP-boundary-n20-g10000-3,31239.573944091797,39825,0.010959600003843661,0.005479800001921831,0.005479800001921831,0.052759100013645366,ok,-21.557880868570503,21.557880868570503
Composite,TSP-boundary-n20-g10000-1,31543.365936279297,37631,0.013993599997775164,0.006996799998887582,0.006996799998887582,0.04446159998769872,ok,-16.1771785594874,16.1771785594874
Composite,TSP-boundary-n20-g10000-2,30007.549697875977,37802,0.011824499997601379,0.005912249998800689,0.005912249998800689,0.04965489999449346,ok,-20.619147934299832,20.619147934299832
Composite,TSP-boundary-n20-g10000-5,33787.20910644531,41629,0.012110199997550808,0.006055099998775404,0.006055099998775404,0.045870599991758354,ok,-18.837327088219,18.837327088219
Composite,TSP-boundary-n20-g10000-4,30759.839415008653,40020,0.011509299998579081,0.005754649999289541,0.005754649999289541,0.04199749999679625,ok,-23.13883204645514,23.13883204645514
Composite,TSP-boundary-n200-g1000-2,9294.826809589751,9755,0.04089589999784948,0.02044794999892474,0.02044794999892474,1.633126100001391,ok,-4.717305898618647,4.717305898618647
Composite,TSP-boundary-n200-g10000-4,93959.41904051881,97285,0.03938740000012331,0.019693700000061654,0.019693700000061654,2.866724899999099,ok,-3.41839025490177,3.41839025490177
Composite,TSP-boundary-n200-g10000-1,91811.44436759454,92227,0.04446969999844441,0.022234849999222206,0.022234849999222206,1.2857908999867504,ok,-0.45057914971262564,0.45057914971262564
Composite,TSP-boundary-n200-g1000-4,9232.44466750063,9477,0.054018499999074265,0.027009249999537133,0.027009249999537133,1.0148306000046432,ok,-2.5805142186279486,2.5805142186279486
Composite,TSP-boundary-n30-g1000-1,4049.67423248291,4564,0.01678360000369139,0.008391800001845695,0.008391800001845695,0.04745119999279268,ok,-11.269188595904685,11.269188595904685
Composite,TSP-boundary-n30-g1000-2,4014.238731555462,4612,0.009810499999730382,0.004905249999865191,0.004905249999865191,0.052141499996650964,ok,-12.96099888214523,12.96099888214523
Composite,TSP-boundary-n200-g1000-3,9176.516313805725,9384,0.06046029999561142,0.03023014999780571,0.03023014999780571,1.5555985999963013,ok,-2.2110367241504147,2.2110367241504147
Composite,TSP-boundary-n200-g1000-1,9456.753299522283,9326,0.06493919999775244,0.03246959999887622,0.03246959999887622,1.4348636000067927,ok,1.4020298040133259,1.4020298040133259
Composite,TSP-boundary-n30-g1000-4,3598.1654357910156,4117,0.012485399995057378,0.006242699997528689,0.006242699997528689,0.054444699999294244,ok,-12.602248341243245,12.602248341243245
Composite,TSP-boundary-n200-g10000-3,98464.3607867935,96954,0.06465630000457168,0.03232815000228584,0.03232815000228584,8.438265499993577,ok,1.5578117321549458,1.5578117321549458
Composite,TSP-boundary-n200-g10000-2,93133.13660831079,95920,0.066161299997475,0.0330806499987375,0.0330806499987375,3.1889790999994148,ok,-2.905403869567571,2.905403869567571
Composite,TSP-boundary-n200-g10000-5,95358.49442821118,100841,0.06275810000079218,0.03137905000039609,0.03137905000039609,1.5299895999924047,ok,-5.436782233207542,5.436782233207542
Composite,TSP-boundary-n30-g1000-3,4129.246719360352,4735,0.018173399999795947,0.009086699999897974,0.009086699999897974,0.041289999993750826,ok,-12.793099907912323,12.793099907912323
Composite,TSP-boundary-n30-g10000-2,39739.17532348633,47104,0.01860080000187736,0.00930040000093868,0.00930040000093868,0.046074200014118105,ok,-15.635242604691049,15.635242604691049
Composite,TSP-boundary-n200-g1000-5,9229.828688180603,9490,0.07878660000278614,0.03939330000139307,0.03939330000139307,1.582245999990846,ok,-2.7415312098988047,2.7415312098988047
Composite,TSP-boundary-n30-g10000-4,39246.98156284837,44131,0.01333899999735877,0.006669499998679385,0.006669499998679385,0.0445185999997193,ok,-11.067092150985996,11.067092150985996
Composite,TSP-boundary-n30-g1000-5,3638.67304516358,4111,0.02249669999582693,0.011248349997913465,0.011248349997913465,0.05177789999288507,ok,-11.489344559387499,11.489344559387499
Composite,TSP-boundary-n30-g10000-1,37721.24298819857,43457,0.022023700003046542,0.011011850001523271,0.011011850001523271,0.04953029999160208,ok,-13.19869528913967,13.19869528913967
Composite,TSP-boundary-n30-g10000-3,37257.06826355934,42582,0.02279899999848567,0.011399499999242835,0.011399499999242835,0.05330300000787247,ok,-12.50512361195026,12.50512361195026
Composite,TSP-boundary-n30-g10000-5,38976.82436172552,43579,0.019886599999153987,0.009943299999576993,0.009943299999576993,0.04866580000089016,ok,-10.560535207954471,10.560535207954471
Composite,TSP-boundary-n300-g1000-3,11162.392256496945,11257,0.06543389999569627,0.03271694999784813,0.03271694999784813,3.45801780000329,ok,-0.8404347828289485,0.8404347828289485
Composite,TSP-boundary-n300-g1000-5,11237.261124478548,11645,0.06866879999870434,0.03433439999935217,0.03433439999935217,1.4859470999945188,ok,-3.5014072608110984,3.5014072608110984
Composite,TSP-boundary-n300-g1000-4,11297.42719642316,11542,0.06965700000000652,0.03482850000000326,0.03482850000000326,2.966981300007319,ok,-2.1189811434486283,2.1189811434486283
Composite,TSP-boundary-n300-g1000-1,11411.053777172585,11846,0.08531660000153352,0.04265830000076676,0.04265830000076676,2.233340600010706,ok,-3.6716716429800367,3.6716716429800367
Composite,TSP-boundary-n40-g1000-1,4457.739548138721,5030,0.02022170000418555,0.010110850002092775,0.010110850002092775,0.18475810000381898,ok,-11.376947353106935,11.376947353106935
Composite,TSP-boundary-n300-g10000-5,111896.68457786349,115441,0.07362009999633301,0.036810049998166505,0.036810049998166505,2.499435200006701,ok,-3.0702397087139848,3.0702397087139848
Composite,TSP-boundary-n40-g1000-2,4692.894777085888,4944,0.013757599997916259,0.0068787999989581294,0.0068787999989581294,0.04943250000360422,ok,-5.0789891366123046,5.0789891366123046
Composite,TSP-boundary-n300-g1000-2,11407.997380710265,11159,0.09521289999975124,0.04760644999987562,0.04760644999987562,6.341344900007243,ok,2.2313592679475325,2.2313592679475325
Composite,TSP-boundary-n300-g10000-4,113227.09952522907,120861,0.08463830000255257,0.042319150001276284,0.042319150001276284,8.038870899996255,ok,-6.31626453096609,6.31626453096609
Composite,TSP-boundary-n300-g10000-2,112125.1493771828,116741,0.08634429999801796,0.04317214999900898,0.04317214999900898,6.775888300006045,ok,-3.9539241764394726,3.9539241764394726
Composite,TSP-boundary-n300-g10000-1,115684.45442066451,119041,0.08920629999920493,0.044603149999602465,0.044603149999602465,11.337956400006078,ok,-2.81965505946312,2.81965505946312
Composite,TSP-boundary-n40-g1000-3,4686.939839170117,4794,0.018571000000520144,0.009285500000260072,0.009285500000260072,0.09592740000516642,ok,-2.2332115317038586,2.2332115317038586
Composite,TSP-boundary-n40-g1000-5,4599.453193795976,4972,0.019875300000421703,0.009937650000210851,0.009937650000210851,0.047093500004848465,ok,-7.492896343604658,7.492896343604658
Composite,TSP-boundary-n40-g1000-4,4518.8535251145295,4900,0.021408499997050967,0.010704249998525484,0.010704249998525484,0.05236479999439325,ok,-7.778499487458582,7.778499487458582
Composite,TSP-boundary-n300-g10000-3,113502.48500407841,115554,0.09710200000699842,0.04855100000349921,0.04855100000349921,1.9706148999975994,ok,-1.775373414958887,1.775373414958887
Composite,TSP-boundary-n40-g10000-1,42647.610636917045,44362,0.018820000004780013,0.009410000002390007,0.009410000002390007,0.04612780000024941,ok,-3.8645447975360785,3.8645447975360785
Composite,TSP-boundary-n40-g10000-2,45607.276858031335,49833,0.018054500003927387,0.009027250001963694,0.009027250001963694,0.06547339999815449,ok,-8.479768711433518,8.479768711433518
Composite,TSP-boundary-n40-g10000-3,46071.82481080775,49175,0.020542499994917307,0.010271249997458654,0.010271249997458654,0.0481084000057308,ok,-6.310473185952713,6.310473185952713
Composite,TSP-boundary-n40-g10000-4,47024.369198632325,49599,0.022720099994330667,0.011360049997165333,0.011360049997165333,0.04674739998881705,ok,-5.190892561075174,5.190892561075174
Composite,TSP-boundary-n40-g10000-5,45829.25647974316,47067,0.027792099994258024,0.013896049997129012,0.013896049997129012,0.08675380000204314,ok,-2.6297480618200386,2.6297480618200386
Composite,TSP-boundary-n400-g1000-1,12994.594353601813,13501,0.08398529999976745,0.041992649999883724,0.041992649999883724,1.7832259999995586,ok,-3.750875093683334,3.750875093683334
Composite,TSP-boundary-n5-g1000-1,2755.250397400151,2756,0.0001646999953663908,8.23499976831954e-05,8.23499976831954e-05,0.04362689999106806,ok,-0.027198933231092636,0.027198933231092636
Composite,TSP-boundary-n5-g1000-2,2349.046244364646,2348,0.00013139999646227807,6.569999823113903e-05,6.569999823113903e-05,0.04169709999405313,ok,0.044558959312014465,0.044558959312014465
Composite,TSP-boundary-n5-g1000-3,3300.01708522994,3301,0.00012959999730810523,6.479999865405262e-05,6.479999865405262e-05,0.08774310001172125,ok,-0.029776272949402566,0.029776272949402566
Composite,TSP-boundary-n5-g1000-4,2220.2122987281473,2219,0.00012730000162264332,6.365000081132166e-05,6.365000081132166e-05,0.0393573000037577,ok,0.05463266012380751,0.05463266012380751
Composite,TSP-boundary-n5-g1000-5,1674.6287188670458,1674,0.00011160000576637685,5.5800002883188426e-05,5.5800002883188426e-05,0.07082110000192188,ok,0.037557877362353095,0.037557877362353095
Composite,TSP-boundary-n5-g10000-1,19818.374518168486,19819,0.00011190000077476725,5.5950000387383625e-05,5.5950000387383625e-05,0.11042549999547191,ok,-0.00315597069233439,0.00315597069233439
Composite,TSP-boundary-n5-g10000-2,27529.469829294678,27529,0.0001260999997612089,6.304999988060445e-05,6.304999988060445e-05,0.12117869999201503,ok,0.0017066704009508723,0.0017066704009508723
Composite,TSP-boundary-n5-g10000-3,22805.99684390117,22805,0.00011059999815188348,5.529999907594174e-05,5.529999907594174e-05,0.08295179999549873,ok,0.004371163785011246,0.004371163785011246
Composite,TSP-boundary-n5-g10000-4,25809.193531695844,25809,0.00011140000424347818,5.570000212173909e-05,5.570000212173909e-05,0.1602507999923546,ok,0.0007498612725959371,0.0007498612725959371
Composite,TSP-boundary-n5-g10000-5,29307.683486880873,29308,0.00010440000187372789,5.2200000936863944e-05,5.2200000936863944e-05,0.11882679999689572,ok,-0.0010799546851617099,0.0010799546851617099
Composite,TSP-boundary-n1000-g10000-2,192054.71491992808,202565,0.39300250000087544,0.19650125000043772,0.19650125000043772,6.294937500002561,ok,-5.188598760927069,5.188598760927069
Composite,TSP-boundary-n50-g1000-1,5208.551992867116,5448,0.01265869999770075,0.006329349998850375,0.006329349998850375,0.056435799997416325,ok,-4.395154315948686,4.395154315948686
Composite,TSP-boundary-n1000-g1000-5,19222.687905318537,20398,0.40011909999884665,0.20005954999942333,0.20005954999942333,10.911729599989485,ok,-5.761898689486535,5.761898689486535
Composite,TSP-boundary-n1000-g1000-4,19564.283976503502,20565,0.40726059999724384,0.20363029999862192,0.20363029999862192,14.657510000019101,ok,-4.866112441023572,4.866112441023572
Composite,TSP-boundary-n400-g1000-5,12872.027412769452,13342,0.10739300000568619,0.053696500002843095,0.053696500002843095,3.0199887000053423,ok,-3.522504776124629,3.522504776124629
Composite,TSP-boundary-n400-g1000-4,13039.644370846463,13726,0.11477450000529643,0.057387250002648216,0.057387250002648216,2.392791099991882,ok,-5.0004052830652554,5.0004052830652554
Composite,TSP-boundary-n1000-g10000-5,193692.15427194955,206702,0.34188369999901624,0.17094184999950812,0.17094184999950812,9.355593499989482,ok,-6.294010569830215,6.294010569830215
Composite,TSP-boundary-n1000-g10000-3,194042.31847051278,203317,0.4084357000028831,0.20421785000144155,0.20421785000144155,14.201905299996724,ok,-4.561685215445448,4.561685215445448
Composite,TSP-boundary-n400-g10000-4,126233.75481189365,127600,0.10297069999796804,0.05148534999898402,0.05148534999898402,3.810321799988742,ok,-1.0707250690488608,1.0707250690488608
Composite,TSP-boundary-n50-g1000-4,5210.247507671781,5612,0.021957900004053954,0.010978950002026977,0.010978950002026977,0.11850419999973383,ok,-7.158811338706681,7.158811338706681
Composite,TSP-boundary-n400-g10000-2,131487.4773323816,133755,0.1240512999938801,0.06202564999694005,0.06202564999694005,1.8698617999907583,ok,-1.6952806755772944,1.6952806755772944
Composite,TSP-boundary-n400-g10000-1,127562.23822021662,134933,0.12364030000026105,0.061820150000130525,0.061820150000130525,15.880199499995797,ok,-5.46253457625887,5.46253457625887
Composite,TSP-boundary-n50-g1000-2,5106.2399097574735,5332,0.031892300001345575,0.015946150000672787,0.015946150000672787,0.09713150000607129,ok,-4.234060207099147,4.234060207099147
Composite,TSP-boundary-n50-g1000-3,5178.30371484717,5570,0.029717099998379126,0.014858549999189563,0.014858549999189563,0.1257521999941673,ok,-7.032249284610946,7.032249284610946
Composite,TSP-boundary-n1000-g10000-4,193587.4776994355,208514,0.42540599999483675,0.21270299999741837,0.21270299999741837,16.147434299986344,ok,-7.158522833269952,7.158522833269952
Composite,TSP-boundary-n50-g1000-5,5134.052444458008,5766,0.03076610000425717,0.015383050002128584,0.015383050002128584,0.07307379999838304,ok,-10.959895170690118,10.959895170690118
Composite,TSP-boundary-n50-g10000-1,50672.27421510899,50920,0.029378399995039217,0.014689199997519609,0.014689199997519609,0.06853440000850242,ok,-0.48649997032798215,0.48649997032798215
Composite,TSP-boundary-n50-g10000-2,51958.184783442935,57427,0.028498599996964913,0.014249299998482456,0.014249299998482456,0.056438100000377744,ok,-9.523073147747688,9.523073147747688
Composite,TSP-boundary-n50-g10000-3,52058.784545165865,52169,0.03186259999347385,0.015931299996736925,0.015931299996736925,0.18738160000066273,ok,-0.211266182664293,0.211266182664293
Composite,TSP-boundary-n400-g1000-2,12938.500579352374,13231,0.15724649999901885,0.07862324999950943,0.07862324999950943,9.881466000006185,ok,-2.2107128761818897,2.2107128761818897
Composite,TSP-boundary-n1000-g10000-1,195112.83551479876,207156,0.45131349999428494,0.22565674999714247,0.22565674999714247,95.81789179999032,ok,-5.813572614455405,5.813572614455405
Composite,TSP-boundary-n1000-g1000-1,19246.38447718659,20552,0.4598517999984324,0.2299258999992162,0.2299258999992162,10.352445600001374,ok,-6.35274193661643,6.35274193661643
Composite,TSP-boundary-n50-g10000-5,51937.74025032665,52923,0.03859360000205925,0.019296800001029624,0.019296800001029624,0.09546250000130385,ok,-1.8616853724719888,1.8616853724719888
Composite,TSP-boundary-n400-g1000-3,13048.44643238613,13531,0.16462099999625934,0.08231049999812967,0.08231049999812967,2.497820899996441,ok,-3.566281631910943,3.566281631910943
Composite,TSP-boundary-n50-g10000-4,50649.35952634347,55788,0.045196500002930406,0.022598250001465203,0.022598250001465203,0.0942776000010781,ok,-9.211013970130729,9.211013970130729
Composite,TSP-boundary-n1000-g1000-2,19177.8322906989,20615,0.4708119999995688,0.2354059999997844,0.2354059999997844,12.61317229999986,ok,-6.971465967989807,6.971465967989807
Composite,TSP-boundary-n400-g10000-5,130368.94471149691,135996,0.14881889999378473,0.07440944999689236,0.07440944999689236,3.306738500003121,ok,-4.137662349262547,4.137662349262547
Composite,TSP-boundary-n400-g10000-3,129741.31339890115,129635,0.16272860000026412,0.08136430000013206,0.08136430000013206,3.854709000006551,ok,0.08200979588934691,0.08200979588934691
Composite,TSP-boundary-n60-g1000-4,5628.85951713844,6019,0.02358509999612579,0.011792549998062896,0.011792549998062896,0.14975489999051206,ok,-6.4818156315261595,6.4818156315261595
Composite,TSP-boundary-n60-g1000-1,5670.901807141436,5869,0.035349400000995956,0.017674700000497978,0.017674700000497978,0.19682450000254903,ok,-3.375331280602561,3.375331280602561
Composite,TSP-boundary-n1000-g1000-3,19289.32943048597,20395,0.49230000000534346,0.24615000000267173,0.24615000000267173,24.521400800003903,ok,-5.421282517842755,5.421282517842755
Composite,TSP-boundary-n60-g1000-2,5770.121028054784,5873,0.036303599998063873,0.018151799999031937,0.018151799999031937,0.2882640000025276,ok,-1.751727770223329,1.751727770223329
Composite,TSP-boundary-n60-g1000-3,5764.633784114998,5606,0.03744709999591578,0.01872354999795789,0.01872354999795789,0.08199530000274535,ok,2.829714308151944,2.829714308151944
Composite,TSP-boundary-n60-g1000-5,5755.986569768905,5905,0.03364960000180872,0.01682480000090436,0.01682480000090436,0.1470638000027975,ok,-2.52351278968832,2.52351278968832
Composite,TSP-boundary-n60-g10000-1,57175.56221056405,55252,0.034226600000693,0.0171133000003465,0.0171133000003465,0.0560228999966057,ok,3.4814345373272473,3.4814345373272473
Composite,TSP-boundary-n60-g10000-4,55972.80541867739,61590,0.029901599998993333,0.014950799999496667,0.014950799999496667,0.2693680999946082,ok,-9.120302940936211,9.120302940936211
Composite,TSP-boundary-n60-g10000-2,55577.52590027304,56792,0.039332000000285916,0.019666000000142958,0.019666000000142958,0.10136570000031497,ok,-2.1384598178034966,2.1384598178034966
Composite,TSP-boundary-n60-g10000-3,56632.66916084391,59668,0.038640300001134165,0.019320150000567082,0.019320150000567082,0.2281517000083113,ok,-5.087032981088846,5.087032981088846
Composite,TSP-boundary-n60-g10000-5,57437.49944310877,57474,0.03317339999921387,0.016586699999606935,0.016586699999606935,0.10765269999683369,ok,-0.06350794601251192,0.06350794601251192
Composite,TSP-boundary-n500-g1000-2,14491.997085586521,14989,0.1581679000009899,0.07908395000049495,0.07908395000049495,11.302185699998518,ok,-3.3157843379376795,3.3157843379376795
Composite,TSP-boundary-n500-g10000-4,144053.92497220807,147812,0.14553390000219224,0.07276695000109612,0.07276695000109612,4.768104300004779,ok,-2.5424695070710963,2.5424695070710963
Composite,TSP-boundary-n500-g10000-1,141580.31698580488,147140,0.16866460000164807,0.08433230000082403,0.08433230000082403,5.54722939999192,ok,-3.778498718360148,3.778498718360148
Composite,TSP-boundary-n500-g1000-5,14121.420275976518,14524,0.17048329999670386,0.08524164999835193,0.08524164999835193,8.848964500008151,ok,-2.7718240431250507,2.7718240431250507
Composite,TSP-boundary-n500-g10000-3,140828.2734449055,143473,0.16751210000074934,0.08375605000037467,0.08375605000037467,2.475389700004598,ok,-1.8433618556066307,1.8433618556066307
Composite,TSP-boundary-n500-g1000-4,14214.12400048221,14408,0.17975160000059986,0.08987580000029993,0.08987580000029993,13.337091900000814,ok,-1.3456135446820499,1.3456135446820499
Composite,TSP-boundary-n500-g1000-1,14459.28005972161,14788,0.19152859999303473,0.09576429999651737,0.09576429999651737,3.4455307999887737,ok,-2.222883015136529,2.222883015136529
Composite,TSP-boundary-n70-g1000-2,6237.948984773762,6063,0.02497929999663029,0.012489649998315144,0.012489649998315144,0.06939940000302158,ok,2.8855184689718336,2.8855184689718336
Composite,TSP-boundary-n70-g1000-1,6266.519754351693,5786,0.03110430000378983,0.015552150001894915,0.015552150001894915,0.16432139999233186,ok,8.3048695878274,8.3048695878274
Composite,TSP-boundary-n500-g10000-5,142370.21346381455,146350,0.1726213000001735,0.08631065000008675,0.08631065000008675,9.705489499989199,ok,-2.7193621702667916,2.7193621702667916
Composite,TSP-boundary-n500-g1000-3,14192.456998945876,14577,0.19539030000305502,0.09769515000152751,0.09769515000152751,22.919459199998528,ok,-2.6380119438438916,2.6380119438438916
Composite,TSP-boundary-n70-g1000-4,6114.754796980826,6457,0.020526299995253794,0.010263149997626897,0.010263149997626897,0.36540580001019407,ok,-5.30037483381097,5.30037483381097
Composite,TSP-boundary-n500-g10000-2,143591.13610974664,145249,0.1897023999990779,0.09485119999953895,0.09485119999953895,2.2700855000002775,ok,-1.141394357450555,1.141394357450555
Composite,TSP-boundary-n70-g10000-1,61104.85616619354,58320,0.022408699995139614,0.011204349997569807,0.011204349997569807,0.28271879999374505,ok,4.77513060046903,4.77513060046903
Composite,TSP-boundary-n70-g1000-3,6125.282448710427,6138,0.029250100000353996,0.014625050000176998,0.014625050000176998,0.1557941000064602,ok,-0.20719373231627303,0.20719373231627303
Composite,TSP-boundary-n70-g10000-2,60599.12100469842,56270,0.027757000003475696,0.013878500001737848,0.013878500001737848,0.19556029999512248,ok,7.693479660029181,7.693479660029181
Composite,TSP-boundary-n70-g1000-5,6171.018114198013,6053,0.03458430000318913,0.017292150001594564,0.017292150001594564,0.09670480000204407,ok,1.9497458152653704,1.9497458152653704
Composite,TSP-boundary-n70-g10000-3,62134.88593467088,60617,0.02929740000399761,0.014648700001998805,0.014648700001998805,0.21161279999068938,ok,2.5040598094113498,2.5040598094113498
Composite,TSP-boundary-n70-g10000-4,61703.13639722377,59062,0.029862800001865253,0.014931400000932626,0.014931400000932626,0.05694979999680072,ok,4.471803185167734,4.471803185167734
Composite,TSP-boundary-n70-g10000-5,61058.92081768363,58924,0.03295359999901848,0.01647679999950924,0.01647679999950924,0.09208740000030957,ok,3.623177003739788,3.623177003739788
Composite,TSP-boundary-n600-g1000-3,15818.98720120551,16513,0.16829979999602074,0.08414989999801037,0.08414989999801037,5.026221600011922,ok,-4.202826856382794,4.202826856382794
Composite,TSP-boundary-n8-g1000-1,3320.472568960304,3320,0.0004647999958251603,0.00023239999791258015,0.00023239999791258015,0.04225949999818113,ok,0.014234004828440228,0.014234004828440228
Composite,TSP-boundary-n8-g1000-2,3121.1439871326065,3121,0.000436700000136625,0.0002183500000683125,0.0002183500000683125,0.05101590001140721,ok,0.004613493515108166,0.004613493515108166
Composite,TSP-boundary-n8-g1000-3,3478.8911893880077,3478,0.0004655999946407974,0.0002327999973203987,0.0002327999973203987,0.05060580000281334,ok,0.025623616676470975,0.025623616676470975
Composite,TSP-boundary-n8-g1000-4,2637.095654388666,2637,0.000450999999884516,0.000225499999942258,0.000225499999942258,0.04904900000838097,ok,0.0036273943369713566,0.0036273943369713566
Composite,TSP-boundary-n8-g1000-5,2805.916501906797,2807,0.000432699998782482,0.000216349999391241,0.000216349999391241,0.13262140000006184,ok,-0.038599860819492744,0.038599860819492744
Composite,TSP-boundary-n8-g10000-1,33403.42043826097,33402,0.0004593999983626418,0.0002296999991813209,0.0002296999991813209,0.44203390000620857,ok,0.004252554520590938,0.004252554520590938
Composite,TSP-boundary-n8-g10000-2,29005.817004221833,29005,0.00047419999464182183,0.00023709999732091092,0.00023709999732091092,0.3940565999946557,ok,0.0028167702873073113,0.0028167702873073113
Composite,TSP-boundary-n8-g10000-3,34166.43491356847,34166,0.00045709999540122226,0.00022854999770061113,0.00022854999770061113,0.4614666999987094,ok,0.0012729425992738142,0.0012729425992738142
Composite,TSP-boundary-n8-g10000-4,25701.51328397439,25701,0.0004518000059761107,0.00022590000298805535,0.00022590000298805535,0.26537049999751616,ok,0.0019971361985494586,0.0019971361985494586
Composite,TSP-boundary-n8-g10000-5,31030.736893207686,31031,0.0004437000025063753,0.00022185000125318766,0.00022185000125318766,0.36348919999727514,ok,-0.0008478837044050138,0.0008478837044050138
Composite,TSP-boundary-n600-g10000-4,156422.23011839378,164626,0.1748779999979888,0.0874389999989944,0.0874389999989944,9.074188800004777,ok,-4.9832771746906435,4.9832771746906435
Composite,TSP-boundary-n600-g10000-2,153731.8310334362,162343,0.18618270000297343,0.09309135000148672,0.09309135000148672,4.045419300004141,ok,-5.304305677832612,5.304305677832612
Composite,TSP-boundary-n600-g1000-1,15692.673728682046,15758,0.2031468000059249,0.10157340000296244,0.10157340000296244,3.878137199993944,ok,-0.4145594067645247,0.4145594067645247
Composite,TSP-boundary-n600-g1000-5,15448.193633624775,15884,0.1955584000024828,0.0977792000012414,0.0977792000012414,4.457909999997355,ok,-2.7436814805793595,2.7436814805793595
Composite,TSP-boundary-n600-g10000-1,155143.969036754,156725,0.2005795999939437,0.10028979999697185,0.10028979999697185,4.938473899994278,ok,-1.0087930854975353,1.0087930854975353
Composite,TSP-boundary-n600-g1000-2,15779.053806289598,16239,0.21700180000334512,0.10850090000167256,0.10850090000167256,28.217762400003267,ok,-2.8323554018745147,2.8323554018745147
Composite,TSP-boundary-n600-g10000-3,158788.67286642376,165575,0.2006325000038487,0.10031625000192435,0.10031625000192435,3.822116900002584,ok,-4.09864238778574,4.09864238778574
Composite,TSP-boundary-n80-g1000-3,6636.801654001722,6742,0.022310699998342898,0.011155349999171449,0.011155349999171449,0.34194030000071507,ok,-1.5603433105647813,1.5603433105647813
Composite,TSP-boundary-n80-g1000-2,6709.273670280562,6217,0.029499000003852416,0.014749500001926208,0.014749500001926208,0.10330799999064766,ok,7.918186750531805,7.918186750531805
Composite,TSP-boundary-n80-g1000-1,6540.5794655580785,5681,0.03137339999375399,0.015686699996876996,0.015686699996876996,0.1822433000052115,ok,15.130777425771491,15.130777425771491
Composite,TSP-boundary-n80-g1000-4,6763.374460205498,6664,0.02586380000138888,0.01293190000069444,0.01293190000069444,0.08627420000266284,ok,1.4912133884378391,1.4912133884378391
Composite,TSP-boundary-n80-g1000-5,6750.159922158882,6794,0.027322399997501634,0.013661199998750817,0.013661199998750817,0.1019769999984419,ok,-0.6452763885946102,0.6452763885946102
Composite,TSP-boundary-n600-g10000-5,154474.44204688928,157015,0.20397289999527857,0.10198644999763928,0.10198644999763928,30.00891010000487,ok,-1.6180351897020804,1.6180351897020804
Composite,TSP-boundary-n600-g1000-4,15700.43273059854,16025,0.2360977999996976,0.1180488999998488,0.1180488999998488,4.481437099995674,ok,-2.0253807762961578,2.0253807762961578
Composite,TSP-boundary-n80-g10000-1,65324.863973633815,63622,0.04124489999958314,0.02062244999979157,0.02062244999979157,0.34240709998994134,ok,2.676533233211492,2.676533233211492
Composite,TSP-boundary-n80-g10000-3,66487.32091040516,69194,0.035061700000369456,0.017530850000184728,0.017530850000184728,0.22685530000308063,ok,-3.9117251345417756,3.9117251345417756
Composite,TSP-boundary-n80-g10000-2,64906.897777529935,61027,0.03878719999920577,0.019393599999602884,0.019393599999602884,0.11859060000278987,ok,6.357674107411368,6.357674107411368
Composite,TSP-boundary-n80-g10000-5,66918.78826880474,67313,0.03629240000009304,0.01814620000004652,0.01814620000004652,0.10997459999634884,ok,-0.5856398187501086,0.5856398187501086
Composite,TSP-boundary-n80-g10000-4,66818.5832548904,63042,0.04954189999989467,0.024770949999947334,0.024770949999947334,0.11496600000828039,ok,5.9905828731486945,5.9905828731486945
Composite,TSP-boundary-n700-g1000-1,16780.79924022721,17144,0.20467520000238437,0.10233760000119219,0.10233760000119219,24.911428599996725,ok,-2.1185298633503833,2.1185298633503833
Composite,TSP-boundary-n700-g1000-3,16718.5137438217,17579,0.2177231000023312,0.1088615500011656,0.1088615500011656,4.697206400000141,ok,-4.894967041232727,4.894967041232727
Composite,TSP-boundary-n90-g1000-1,7048.7320740343075,6593,0.021723700003349222,0.010861850001674611,0.010861850001674611,0.16824620000261348,ok,6.9123627185546415,6.9123627185546415
Composite,TSP-boundary-n700-g10000-5,168876.02734467288,173629,0.21385069999814732,0.10692534999907366,0.10692534999907366,7.7317230999906315,ok,-2.737430184662192,2.737430184662192
Composite,TSP-boundary-n700-g1000-2,16799.327078587645,17373,0.24007269999856362,0.12003634999928181,0.12003634999928181,6.92876479998813,ok,-3.3020947528484155,3.3020947528484155
Composite,TSP-boundary-n700-g10000-4,168409.02179642828,173365,0.22223910000320757,0.11111955000160378,0.11111955000160378,12.89531399999396,ok,-2.8586959326113814,2.8586959326113814
Composite,TSP-boundary-n90-g1000-2,7032.455687078305,6651,0.026062900004035328,0.013031450002017664,0.013031450002017664,0.1274632999993628,ok,5.735313292411748,5.735313292411748
Composite,TSP-boundary-n700-g10000-3,165749.5746032076,171652,0.24123510000208626,0.12061755000104313,0.12061755000104313,8.618686699992395,ok,-3.438599839671187,3.438599839671187
Composite,TSP-boundary-n90-g1000-3,7132.175184477735,6498,0.03724550000333693,0.018622750001668464,0.018622750001668464,0.1539069999998901,ok,9.75954423634556,9.75954423634556
Composite,TSP-boundary-n700-g1000-4,16787.910542878446,17464,0.2615103000061936,0.1307551500030968,0.1307551500030968,8.795029400003841,ok,-3.8713322098119214,3.8713322098119214
Composite,TSP-boundary-n700-g10000-1,165073.66952121042,175616,0.2527561000024434,0.1263780500012217,0.1263780500012217,10.379001500026789,ok,-6.003058080578977,6.003058080578977
Composite,TSP-boundary-n700-g10000-2,165852.15933922929,175350,0.2567860999988625,0.12839304999943124,0.12839304999943124,6.62368739998783,ok,-5.416504511417573,5.416504511417573
Composite,TSP-boundary-n90-g1000-5,6892.153266595281,6637,0.03188650000083726,0.01594325000041863,0.01594325000041863,0.20075950000318699,ok,3.84440660833631,3.84440660833631
Composite,TSP-boundary-n90-g1000-4,7056.836443483724,6519,0.03553929999907268,0.01776964999953634,0.01776964999953634,0.09019919999991544,ok,8.250290588797728,8.250290588797728
Composite,TSP-boundary-n700-g1000-5,16830.325672912142,17318,0.2771190999992541,0.13855954999962705,0.13855954999962705,12.508719899997232,ok,-2.8159968072979433,2.8159968072979433
Composite,TSP-boundary-n90-g10000-2,71165.09776643492,64465,0.03670789999887347,0.018353949999436736,0.018353949999436736,0.19192660000408068,ok,10.393388298200449,10.393388298200449
Composite,TSP-boundary-n90-g10000-1,70364.21337522536,67541,0.044030999997630715,0.022015499998815358,0.022015499998815358,0.14782820000255015,ok,4.17999937108624,4.17999937108624
Composite,TSP-boundary-n90-g10000-5,71251.45330916977,65189,0.03413949999958277,0.017069749999791384,0.017069749999791384,0.5789832000009483,ok,9.299810258126014,9.299810258126014
Composite,TSP-boundary-n90-g10000-4,70746.63352934216,64892,0.04342429999815067,0.021712149999075336,0.021712149999075336,0.18991210000240244,ok,9.022119104577078,9.022119104577078
Composite,TSP-boundary-n90-g10000-3,70757.95997084597,69192,0.04978419999679318,0.02489209999839659,0.02489209999839659,0.10653119999915361,ok,2.2632095774742336,2.2632095774742336
Composite,TSP-boundary-n800-g1000-4,17938.523455701554,18601,0.23218009999982314,0.11609004999991157,0.11609004999991157,33.339048099995125,ok,-3.561510372014656,3.561510372014656
Composite,TSP-boundary-n800-g10000-1,176754.26872330654,186065,0.2288302000015392,0.1144151000007696,0.1144151000007696,6.679852500004927,ok,-5.004020786657063,5.004020786657063
Composite,TSP-boundary-n800-g1000-1,17650.62554234231,18611,0.2589518999957363,0.12947594999786816,0.12947594999786816,16.465018899994902,ok,-5.16025177399221,5.16025177399221
Composite,TSP-boundary-n800-g1000-3,17879.682681981238,18426,0.26193560000683647,0.13096780000341823,0.13096780000341823,5.908687799994368,ok,-2.9649262890413675,2.9649262890413675
Composite,TSP-boundary-n800-g1000-2,17670.722284842435,18571,0.2767498000030173,0.13837490000150865,0.13837490000150865,5.513284399989061,ok,-4.8477611068739686,4.8477611068739686
Composite,TSP-clustered-n100-g1000-c10-r10-1,6344.619173153956,4656,0.04017619999649469,0.020088099998247344,0.020088099998247344,1.052139099992928,ok,36.26759392512791,36.26759392512791
Composite,TSP-clustered-n100-g1000-c10-r10-2,7536.023289772687,5027,0.038139399999636225,0.019069699999818113,0.019069699999818113,0.7294317000050796,ok,49.91094668336358,49.91094668336358
Composite,TSP-boundary-n800-g10000-4,178678.66673934844,188036,0.2588218000018969,0.12941090000094846,0.12941090000094846,7.187218499995652,ok,-4.976352007408987,4.976352007408987
Composite,TSP-boundary-n800-g10000-2,177042.33140515457,184854,0.2699237999986508,0.1349618999993254,0.1349618999993254,226.9496613999945,ok,-4.225858566677175,4.225858566677175
Composite,TSP-boundary-n800-g1000-5,17713.782748456375,18162,0.28841120000288356,0.14420560000144178,0.14420560000144178,5.016360900001018,ok,-2.467884878006965,2.467884878006965
Composite,TSP-clustered-n100-g1000-c10-r10-3,8144.182450056076,5292,0.04490259999874979,0.022451299999374896,0.022451299999374896,2.5103675999998813,ok,53.89611583628262,53.89611583628262
Composite,TSP-boundary-n800-g10000-5,174914.77038438886,178451,0.25745110000571003,0.12872555000285502,0.12872555000285502,18.041770399999223,ok,-1.9816249926372733,1.9816249926372733
Composite,TSP-boundary-n800-g10000-3,177637.28694381303,183429,0.27608569999574684,0.13804284999787342,0.13804284999787342,5.994047500003944,ok,-3.157468587947909,3.157468587947909
Composite,TSP-clustered-n100-g1000-c10-r10-4,7386.550160004933,5263,0.04814809999516001,0.024074049997580005,0.024074049997580005,1.0690195000061067,ok,40.34866349999873,40.34866349999873
Composite,TSP-clustered-n100-g1000-c10-r10-5,6254.000991144747,5213,0.041615900001488626,0.020807950000744313,0.020807950000744313,1.3023149999935413,ok,19.969326513423113,19.969326513423113
Composite,TSP-clustered-n100-g1000-c10-r5-3,6551.026684761047,4370,0.029547600002842955,0.014773800001421478,0.014773800001421478,2.8935513000033097,ok,49.90907745448621,49.90907745448621
Composite,TSP-clustered-n100-g1000-c5-r5-1,4588.366792201996,3294,0.022235700002056547,0.011117850001028273,0.011117850001028273,4.521199299997534,ok,39.29468100188208,39.29468100188208
Composite,TSP-clustered-n100-g1000-c10-r5-1,6191.987044095993,3980,0.04558389999874635,0.022791949999373173,0.022791949999373173,0.8031785999919521,ok,55.57756392200987,55.57756392200987
Composite,TSP-clustered-n100-g1000-c10-r5-2,6867.410481929779,4376,0.03988440000102855,0.019942200000514276,0.019942200000514276,1.0825814999989234,ok,56.93351192709733,56.93351192709733
Composite,TSP-clustered-n100-g1000-c5-r5-3,3454.3882558345795,2413,0.025877000000036787,0.012938500000018394,0.012938500000018394,4.277486499995575,ok,43.15740803292911,43.15740803292911
Composite,TSP-clustered-n100-g1000-c10-r5-5,5746.074112723563,3812,0.03840900000068359,0.019204500000341795,0.019204500000341795,3.3784310999908485,ok,50.73646675560239,50.73646675560239
Composite,TSP-clustered-n100-g1000-c10-r5-4,6658.463868141174,4259,0.04295780000393279,0.021478900001966394,0.021478900001966394,1.2609677000000374,ok,56.338667953537794,56.338667953537794
Composite,TSP-clustered-n100-g1000-c5-r5-2,4693.70169878006,3523,0.04172400000243215,0.020862000001216074,0.020862000001216074,3.1245721000013873,ok,33.23024975248538,33.23024975248538
Composite,TSP-clustered-n100-g1000-c5-r5-4,4958.653856515884,3194,0.03766690000338713,0.018833450001693564,0.018833450001693564,1.6482375000050524,ok,55.24902493787991,55.24902493787991
Composite,TSP-clustered-n100-g10000-c10-r10-1,71036.32890889065,50116,0.0344152000034228,0.0172076000017114,0.0172076000017114,0.37529219999851193,ok,41.74381217353868,41.74381217353868
Composite,TSP-clustered-n100-g10000-c10-r10-2,68718.37738092485,45066,0.03436830000282498,0.01718415000141249,0.01718415000141249,0.14058969999314286,ok,52.48386229291451,52.48386229291451
Composite,TSP-clustered-n100-g1000-c5-r5-5,4056.3205716609955,2920,0.041251199996622745,0.020625599998311372,0.020625599998311372,3.247115699996357,ok,38.91508807058204,38.91508807058204
Composite,TSP-clustered-n100-g10000-c10-r10-3,70462.46825685551,45142,0.03077610000036657,0.015388050000183284,0.015388050000183284,1.0051226999930805,ok,56.09070988626006,56.09070988626006
Composite,TSP-clustered-n100-g10000-c10-r10-5,79569.7078781128,50639,0.032008700000005774,0.016004350000002887,0.016004350000002887,0.131095999997342,ok,57.131278023090495,57.131278023090495
Composite,TSP-clustered-n100-g10000-c10-r10-4,73170.36872672128,46682,0.03612489999795798,0.01806244999897899,0.01806244999897899,0.062207200011471286,ok,56.74214628062483,56.74214628062483
Composite,TSP-clustered-n100-g10000-c10-r5-1,54190.513889312744,33113,0.03217660000518663,0.016088300002593314,0.016088300002593314,0.43984540000383276,ok,63.65328991427157,63.65328991427157
Composite,TSP-clustered-n100-g10000-c10-r5-3,59718.32012748718,39588,0.03281499999866355,0.016407499999331776,0.016407499999331776,1.368008200006443,ok,50.849550690833546,50.849550690833546
Composite,TSP-clustered-n100-g10000-c10-r5-2,54412.326402664185,37465,0.037491799994313624,0.018745899997156812,0.018745899997156812,0.5736953000014182,ok,45.235089824273814,45.235089824273814
Composite,TSP-clustered-n100-g10000-c10-r5-5,70842.60420799255,43916,0.03626409999560565,0.018132049997802824,0.018132049997802824,0.5331836999976076,ok,61.31388151924709,61.31388151924709
Composite,TSP-clustered-n100-g10000-c10-r5-4,61771.76728057861,41412,0.039385999996738974,0.019692999998369487,0.019692999998369487,0.34294170000066515,ok,49.16393142224141,49.16393142224141
Composite,TSP-clustered-n100-g10000-c5-r5-3,42428.13952255249,31841,0.03743869999743765,0.018719349998718826,0.018719349998718826,1.3821425999922212,ok,33.25002205506262,33.25002205506262
Composite,TSP-clustered-n100-g10000-c5-r5-2,47519.55110549927,35317,0.040919599996414036,0.020459799998207018,0.020459799998207018,1.541286499996204,ok,34.55149391369388,34.55149391369388
Composite,TSP-clustered-n100-g10000-c5-r5-5,37342.323256492615,26480,0.032785099996544886,0.016392549998272443,0.016392549998272443,2.1709877000103006,ok,41.02085821938299,41.02085821938299
Composite,TSP-clustered-n100-g10000-c5-r5-1,43179.10634803772,30848,0.0518789999987348,0.0259394999993674,0.0259394999993674,1.4352475000050617,ok,39.97376279835879,39.97376279835879
Composite,TSP-clustered-n100-g10000-c5-r5-4,37535.52010059357,25622,0.05493399999977555,0.027466999999887776,0.027466999999887776,1.2420207999966806,ok,46.49722933648258,46.49722933648258
Composite,TSP-boundary-n900-g10000-1,188693.31593886117,197681,0.2879828999939491,0.14399144999697455,0.14399144999697455,21.687275000003865,ok,-4.546559386657712,4.546559386657712
Composite,TSP-boundary-n900-g10000-2,188341.68345398208,196562,0.2953632999997353,0.14768164999986766,0.14768164999986766,80.47898859999259,ok,-4.18204767249922,4.18204767249922
Composite,TSP-boundary-n900-g1000-3,18847.803149758638,19767,0.31933560000470607,0.15966780000235303,0.15966780000235303,343.4526244000008,ok,-4.650158598883807,4.650158598883807
Composite,TSP-boundary-n900-g10000-3,187304.28329993048,195494,0.3023804999975255,0.15119024999876274,0.15119024999876274,14.352525299997069,ok,-4.189241971656173,4.189241971656173
Composite,TSP-boundary-n900-g10000-5,185124.7098181429,192390,0.2975598999983049,0.14877994999915245,0.14877994999915245,11.862939899991034,ok,-3.7763346233468984,3.7763346233468984
Composite,TSP-boundary-n900-g1000-2,19058.597989438942,19832,0.34019679999619257,0.17009839999809628,0.17009839999809628,6.772020100004738,ok,-3.899768104886335,3.899768104886335
Composite,TSP-boundary-n900-g1000-4,18615.695150250525,19365,0.33951929999602726,0.16975964999801363,0.16975964999801363,10.63208169999416,ok,-3.869376967464367,3.869376967464367
Composite,TSP-boundary-n900-g1000-1,18859.621262888973,19866,0.3549313000039547,0.17746565000197734,0.17746565000197734,10.823129700002028,ok,-5.0658347785715625,5.0658347785715625
Composite,TSP-boundary-n900-g10000-4,186437.8731340348,192765,0.31615790000068955,0.15807895000034478,0.15807895000034478,9.116299999994226,ok,-3.2823006593340067,3.2823006593340067
Composite,TSP-boundary-n900-g1000-5,18747.75663113327,19786,0.34128989999589976,0.17064494999794988,0.17064494999794988,11.174093099994934,ok,-5.247363635230616,5.247363635230616
Composite,TSP-clustered-n500-g1000-c20-r10-2,16025.734063762748,11918,0.10096590000466676,0.05048295000233338,0.05048295000233338,4.350630300003104,ok,34.466639232780224,34.466639232780224
Composite,TSP-clustered-n500-g1000-c10-r5-1,9124.227470636368,5453,0.14199670000380138,0.07099835000190069,0.07099835000190069,19.49607520000427,ok,67.32491235350024,67.32491235350024
Composite,TSP-clustered-n500-g1000-c10-r5-2,9770.475751876831,6022,0.14938429999892833,0.07469214999946416,0.07469214999946416,37.60363919999509,ok,62.24635921416193,62.24635921416193
Composite,TSP-clustered-n500-g1000-c20-r10-1,14836.577858235665,10713,0.13741920000029495,0.06870960000014747,0.06870960000014747,29.613700200003223,ok,38.491345638342814,38.491345638342814
Composite,TSP-clustered-n500-g1000-c20-r10-4,16858.823774324697,11066,0.13206699999864213,0.06603349999932107,0.06603349999932107,19.5994936000061,ok,52.34794663224921,52.34794663224921
Composite,TSP-clustered-n500-g1000-c20-r10-5,16128.709253136485,11171,0.12763249999989057,0.06381624999994528,0.06381624999994528,10.501491299990448,ok,44.38017413961583,44.38017413961583
Composite,TSP-clustered-n500-g1000-c10-r5-4,9745.191293239594,6363,0.15616230000159703,0.07808115000079852,0.07808115000079852,50.842930500002694,ok,53.15403572590907,53.15403572590907
Composite,TSP-clustered-n500-g1000-c10-r5-3,9369.209899663925,6167,0.16484520000085467,0.08242260000042734,0.08242260000042734,40.63895039999625,ok,51.92492135015283,51.92492135015283
Composite,TSP-clustered-n1000-g1000-c20-r10-5,19463.69430960907,14436,0.27765219999855617,0.13882609999927809,0.13882609999927809,37.280576500008465,ok,34.82747512890737,34.82747512890737
Composite,TSP-clustered-n500-g1000-c10-r5-5,9604.305049419403,6104,0.1562813999989885,0.07814069999949425,0.07814069999949425,32.13442910001322,ok,57.34444707436768,57.34444707436768
Composite,TSP-clustered-n500-g1000-c20-r10-3,16553.63848316529,11762,0.147743100002117,0.0738715500010585,0.0738715500010585,2.0465935000102036,ok,40.73829691519546,40.73829691519546
Composite,TSP-correlated-n10-g1000-1,2694.2050008303167,2694,0.002413600006548222,0.001206800003274111,0.001206800003274111,0.07115970000450034,ok,0.0076095334193299466,0.0076095334193299466
Composite,TSP-correlated-n10-g1000-2,2486.655243982119,2486,0.0024110999947879463,0.0012055499973939732,0.0012055499973939732,0.044379200000548735,ok,0.02635736050357676,0.02635736050357676
Composite,TSP-clustered-n1000-g10000-c20-r10-4,235428.68959173124,152731,0.2781293000007281,0.13906465000036405,0.13906465000036405,18.410464400003548,ok,54.14597533685449,54.14597533685449
Composite,TSP-correlated-n10-g1000-4,2385.907248763303,2387,0.0023862999951234087,0.0011931499975617044,0.0011931499975617044,0.12711860000854358,ok,-0.04577927258889989,0.04577927258889989
Composite,TSP-correlated-n10-g1000-3,2639.892035365732,2640,0.0023045999987516552,0.0011522999993758276,0.0011522999993758276,0.192071900004521,ok,-0.0040895694798399,0.0040895694798399
Composite,TSP-correlated-n10-g10000-1,25533.41969091679,25534,0.002385899999353569,0.0011929499996767845,0.0011929499996767845,0.11964720000105444,ok,-0.0022726916394168704,0.0022726916394168704
Composite,TSP-correlated-n10-g1000-5,2250.0957134146583,2249,0.007808299997122958,0.003904149998561479,0.003904149998561479,0.12945190000755247,ok,0.048720027330295616,0.048720027330295616
Composite,TSP-correlated-n10-g10000-3,24736.59355345186,24736,0.0023443999962182716,0.0011721999981091358,0.0011721999981091358,0.055550299992319196,ok,0.0023995530880547614,0.0023995530880547614
Composite,TSP-correlated-n10-g10000-2,23420.556367728474,23420,0.0022889000028953888,0.0011444500014476944,0.0011444500014476944,0.041838999997708015,ok,0.002375609429861488,0.002375609429861488
Composite,TSP-correlated-n10-g10000-4,23263.381423056228,23264,0.0023927000002004206,0.0011963500001002103,0.0011963500001002103,0.052583500000764616,ok,-0.0026589449096135476,0.0026589449096135476
Composite,TSP-correlated-n10-g10000-5,23776.042782735014,23777,0.002369499998167157,0.0011847499990835786,0.0011847499990835786,0.04085029999259859,ok,-0.004025811771821326,0.004025811771821326
Composite,TSP-clustered-n1000-g10000-c20-r10-1,197913.0738638665,146479,0.3229922999962582,0.1614961499981291,0.1614961499981291,9.43321869999636,ok,35.11361619335639,35.11361619335639
Composite,TSP-clustered-n1000-g1000-c20-r10-1,18780.214788596364,15160,0.3663392999951611,0.18316964999758056,0.18316964999758056,123.27919690000999,ok,23.880044779659393,23.880044779659393
Composite,TSP-clustered-n1000-g1000-c20-r10-2,21929.029776657677,15203,0.3604036000033375,0.18020180000166874,0.18020180000166874,15.93639620000613,ok,44.24146403116278,44.24146403116278
Composite,TSP-clustered-n1000-g10000-c20-r10-5,210321.2246151326,161586,0.3226068000003579,0.16130340000017895,0.16130340000017895,224.62628540000878,ok,30.1605489430598,30.1605489430598
Composite,TSP-clustered-n1000-g10000-c20-r10-2,221829.8108392681,159532,0.34577790000184905,0.17288895000092452,0.17288895000092452,107.06078739999793,ok,39.050354060168544,39.050354060168544
Composite,TSP-clustered-n1000-g10000-c20-r10-3,224449.92051225732,159226,0.3501243999999133,0.17506219999995665,0.17506219999995665,115.67414400000416,ok,40.96310936169804,40.96310936169804
Composite,TSP-correlated-n100-g1000-1,7147.53502161933,4639,0.04163759999937611,0.020818799999688054,0.020818799999688054,0.18923450000875164,ok,54.07490885146217,54.07490885146217
Composite,TSP-correlated-n100-g1000-2,6807.023218766994,4929,0.044720300000335556,0.022360150000167778,0.022360150000167778,0.1714053000032436,ok,38.10150575709058,38.10150575709058
Composite,TSP-correlated-n100-g1000-3,6933.317716274182,4989,0.04377850000309991,0.021889250001549954,0.021889250001549954,0.3519467000005534,ok,38.97209292992949,38.97209292992949
Composite,TSP-clustered-n1000-g1000-c20-r10-3,20364.127494521104,15891,0.3912043999953312,0.1956021999976656,0.1956021999976656,51.62400969999726,ok,28.148810613058362,28.148810613058362
Composite,TSP-correlated-n100-g1000-4,6652.198313573483,4543,0.037660299996787217,0.018830149998393608,0.018830149998393608,0.3382789000024786,ok,46.42743371282154,46.42743371282154
Composite,TSP-correlated-n100-g10000-1,71964.00231409178,49407,0.030413200001930818,0.015206600000965409,0.015206600000965409,0.3402922999957809,ok,45.65547860443212,45.65547860443212
Composite,TSP-correlated-n100-g1000-5,7129.518875934704,5080,0.038964599996688776,0.019482299998344388,0.019482299998344388,0.2262345000053756,ok,40.34485976249417,40.34485976249417
Composite,TSP-clustered-n1000-g1000-c20-r10-4,21302.68142448037,15543,0.3920152999999118,0.1960076499999559,0.1960076499999559,22.273392499992042,ok,37.05643327852005,37.05643327852005
Composite,TSP-correlated-n100-g10000-2,71271.25352056228,46965,0.041468300005362835,0.020734150002681417,0.020734150002681417,0.1191878999961773,ok,51.753973215292845,51.753973215292845
Composite,TSP-correlated-n100-g10000-3,68789.66452276512,50000,0.04583419999835314,0.02291709999917657,0.02291709999917657,0.507085500008543,ok,37.57932904553024,37.57932904553024
Composite,TSP-correlated-n100-g10000-4,70742.7030251362,47860,0.04703689999587368,0.02351844999793684,0.02351844999793684,0.2945146999991266,ok,47.81174890333514,47.81174890333514
Composite,TSP-correlated-n100-g10000-5,71245.29716707596,49729,0.04815750000125263,0.024078750000626314,0.024078750000626314,0.3912067999917781,ok,43.26710202713901,43.26710202713901
Composite,TSP-clustered-n500-g10000-c10-r5-1,98462.63803291321,61703,0.2180547000025399,0.10902735000126995,0.10902735000126995,8.997720400002436,ok,59.57512281884707,59.57512281884707
Composite,TSP-clustered-n500-g10000-c10-r5-2,91431.63183116913,56755,0.22059100000478793,0.11029550000239396,0.11029550000239396,11.221550100002787,ok,61.098813903918824,61.098813903918824
Composite,TSP-correlated-n20-g1000-1,1770.3360767364502,2623,0.008154800001648255,0.004077400000824127,0.004077400000824127,0.05801619999692775,ok,-32.50720256437475,32.50720256437475
Composite,TSP-correlated-n20-g1000-2,1955.6042032241821,3010,0.0068648000014945865,0.0034324000007472932,0.0034324000007472932,0.08906469999055844,ok,-35.02976069022651,35.02976069022651
Composite,TSP-correlated-n20-g1000-3,2039.6074886322021,2991,0.007168899996031541,0.0035844499980157707,0.0035844499980157707,0.07763019998674281,ok,-31.808509239979866,31.808509239979866
Composite,TSP-correlated-n20-g1000-4,1851.462308883667,2974,0.010284399999363814,0.005142199999681907,0.005142199999681907,0.06534440000541508,ok,-37.745046775935876,37.745046775935876
Composite,TSP-clustered-n500-g10000-c10-r5-3,107427.62688016891,68860,0.228069199998572,0.114034599999286,0.114034599999286,97.15307070000563,ok,56.008752367366995,56.008752367366995
Composite,TSP-correlated-n20-g1000-5,2014.0188760757446,2761,0.008488499996019527,0.004244249998009764,0.004244249998009764,0.06756019999738783,ok,-27.054731036735074,27.054731036735074
Composite,TSP-clustered-n500-g10000-c20-r10-5,164123.99040257465,114328,0.1996588999973028,0.0998294499986514,0.0998294499986514,6.9921853999985615,ok,43.55537611309098,43.55537611309098
Composite,TSP-correlated-n20-g10000-1,18314.406539916992,27076,0.008524299999407958,0.004262149999703979,0.004262149999703979,0.05447940000158269,ok,-32.35926082169821,32.35926082169821
Composite,TSP-clustered-n500-g10000-c10-r5-4,92538.246083498,56914,0.21839799999725074,0.10919899999862537,0.10919899999862537,29.798959199993988,ok,62.593116076005906,62.593116076005906
Composite,TSP-correlated-n20-g10000-3,17823.420364379883,27248,0.008851799997501075,0.004425899998750538,0.004425899998750538,0.043154800005140714,ok,-34.58815192168275,34.58815192168275
Composite,TSP-correlated-n20-g10000-2,19810.024978637695,27481,0.010648700001183897,0.005324350000591949,0.005324350000591949,0.04422020001220517,ok,-27.913740480194697,27.913740480194697
Composite,TSP-correlated-n20-g10000-4,16256.76240158081,25114,0.010423699997772928,0.005211849998886464,0.005211849998886464,0.044350500000291504,ok,-35.26812773122238,35.26812773122238
Composite,TSP-correlated-n20-g10000-5,19760.585487365723,28601,0.009359299998322967,0.004679649999161484,0.004679649999161484,0.041203000000678,ok,-30.909459503633705,30.909459503633705
Composite,TSP-clustered-n500-g10000-c20-r10-1,153655.80351294455,112649,0.221701700000267,0.1108508500001335,0.1108508500001335,8.870767899992643,ok,36.4022792150348,36.4022792150348
Composite,TSP-clustered-n500-g10000-c20-r10-4,169557.7405051811,115408,0.22902910000266274,0.11451455000133137,0.11451455000133137,4.342118600005051,ok,46.92026593059502,46.92026593059502
Composite,TSP-clustered-n500-g10000-c20-r10-2,138974.77068586354,106730,0.23395909999817377,0.11697954999908688,0.11697954999908688,16.4446706000017,ok,30.211534419435527,30.211534419435527
Composite,TSP-clustered-n500-g10000-c20-r10-3,168574.61021145692,118909,0.23672559999977238,0.11836279999988619,0.11836279999988619,10.678595999997924,ok,41.76774694216327,41.76774694216327
Composite,TSP-clustered-n500-g10000-c10-r5-5,97948.67670607567,61953,0.2455508999992162,0.1227754499996081,0.1227754499996081,18.1173351000034,ok,58.10158782637752,58.10158782637752
Composite,TSP-correlated-n200-g1000-2,9610.921092140594,6390,0.051654999995662365,0.025827499997831183,0.025827499997831183,1.1352532000018982,ok,50.405650894219,50.405650894219
Composite,TSP-correlated-n200-g1000-1,9124.591499509213,6771,0.05994900000223424,0.02997450000111712,0.02997450000111712,0.9605453999974998,ok,34.75988036492709,34.75988036492709
Composite,TSP-correlated-n30-g1000-1,2196.8446617126465,3128,0.009882300000754185,0.0049411500003770925,0.0049411500003770925,0.044945300003746524,ok,-29.76839316775427,29.76839316775427
Composite,TSP-correlated-n200-g1000-3,9574.504852956565,7272,0.0633735000010347,0.03168675000051735,0.03168675000051735,1.07515040000726,ok,31.662607988951656,31.662607988951656
Composite,TSP-correlated-n200-g10000-4,90396.27379633111,62683,0.04449469999963185,0.022247349999815924,0.022247349999815924,1.3322217999957502,ok,44.21178596482477,44.21178596482477
Composite,TSP-correlated-n200-g10000-1,94665.18213019722,66282,0.06460860000515822,0.03230430000257911,0.03230430000257911,1.1826494000124512,ok,42.82185530037902,42.82185530037902
Composite,TSP-correlated-n30-g1000-2,2132.079204559326,3151,0.015281600004527718,0.007640800002263859,0.007640800002263859,0.05031389999203384,ok,-32.336426386565336,32.336426386565336
Composite,TSP-correlated-n200-g1000-4,9217.007748481712,6818,0.06564480000088224,0.03282240000044112,0.03282240000044112,1.1035255000024335,ok,35.18638528133928,35.18638528133928
Composite,TSP-correlated-n200-g10000-2,91288.36226864575,61838,0.05404649999400135,0.027023249997000676,0.027023249997000676,1.1510228000115603,ok,47.62502388279982,47.62502388279982
Composite,TSP-correlated-n30-g1000-3,2485.5125007629395,3279,0.010071400000015274,0.005035700000007637,0.005035700000007637,0.0734733999997843,ok,-24.19906981509791,24.19906981509791
Composite,TSP-correlated-n200-g1000-5,9121.696552823016,6192,0.07036439999501454,0.03518219999750727,0.03518219999750727,0.9919045999995433,ok,47.31422081432519,47.31422081432519
Composite,TSP-correlated-n30-g1000-4,2341.338819503784,3172,0.014721799998369534,0.007360899999184767,0.007360899999184767,0.11305780000111554,ok,-26.187300772264056,26.187300772264056
Composite,TSP-correlated-n30-g10000-1,23542.273376464844,32711,0.01409119999880204,0.00704559999940102,0.00704559999940102,0.055189100006828085,ok,-28.029490457445988,28.029490457445988
Composite,TSP-correlated-n200-g10000-3,95206.67274888839,69044,0.06747929999983171,0.033739649999915855,0.033739649999915855,2.7228700000123354,ok,37.89275353236833,37.89275353236833
Composite,TSP-correlated-n30-g1000-5,2092.767080307007,2946,0.020361899994895793,0.010180949997447897,0.010180949997447897,0.057796099994448014,ok,-28.96242089928694,28.96242089928694
Composite,TSP-correlated-n30-g10000-2,25037.166107177734,33943,0.016667099996993784,0.008333549998496892,0.008333549998496892,0.08699280000291765,ok,-26.23761568754166,26.23761568754166
Composite,TSP-correlated-n30-g10000-5,23761.459243774414,34043,0.018203200001153164,0.009101600000576582,0.009101600000576582,0.09290290001081303,ok,-30.201629575024487,30.201629575024487
Composite,TSP-correlated-n30-g10000-3,22879.652435302734,31821,0.02049809999880381,0.010249049999401905,0.010249049999401905,0.0533492000104161,ok,-28.0988893017104,28.0988893017104
Composite,TSP-correlated-n200-g10000-5,92979.2207957971,65583,0.06764020000264281,0.03382010000132141,0.03382010000132141,1.777247999998508,ok,41.773357113576836,41.773357113576836
Composite,TSP-correlated-n30-g10000-4,20310.21417236328,30655,0.024106299999402836,0.012053149999701418,0.012053149999701418,0.1596713000035379,ok,-33.74583535356946,33.74583535356946
Composite,TSP-correlated-n300-g1000-4,11233.184370604715,8036,0.06627010000374867,0.03313505000187433,0.03313505000187433,1.6500839999935124,ok,39.78576867352806,39.78576867352806
Composite,TSP-correlated-n300-g10000-5,114346.46754512395,78142,0.06784260000131326,0.03392130000065663,0.03392130000065663,2.6780951999971876,ok,46.33163669361412,46.33163669361412
Composite,TSP-correlated-n300-g10000-1,108233.25548212967,76971,0.07224359999963781,0.036121799999818904,0.036121799999818904,1.5343295999919064,ok,40.6156285901569,40.6156285901569
Composite,TSP-correlated-n300-g1000-1,11349.633281372991,7762,0.09385420000035083,0.046927100000175415,0.046927100000175415,6.073619000002509,ok,46.22047515296304,46.22047515296304
Composite,TSP-correlated-n300-g1000-2,11034.75446777401,8169,0.08911869999428745,0.04455934999714373,0.04455934999714373,2.150467400002526,ok,35.08084793455759,35.08084793455759
Composite,TSP-correlated-n300-g10000-2,113976.97740034269,82442,0.08041030000458704,0.04020515000229352,0.04020515000229352,2.7626813999959268,ok,38.25110671786551,38.25110671786551
Composite,TSP-correlated-n1000-g1000-1,19934.983844548224,14073,0.29618910000135656,0.14809455000067828,0.14809455000067828,9.94050110000535,ok,41.65411670964417,41.65411670964417
Composite,TSP-correlated-n300-g1000-5,11361.186407604499,7980,0.08606970000255387,0.043034850001276936,0.043034850001276936,2.6704618000076152,ok,42.37075698752504,42.37075698752504
Composite,TSP-correlated-n40-g1000-1,2907.9688951293824,3609,0.0215572000015527,0.01077860000077635,0.01077860000077635,0.05630179999570828,ok,-19.424524934070867,19.424524934070867
Composite,TSP-correlated-n40-g1000-3,2362.8527612686157,3285,0.016346899996278808,0.008173449998139404,0.008173449998139404,0.08617850000155158,ok,-28.071453233832095,28.071453233832095
Composite,TSP-correlated-n300-g1000-3,11456.080493042782,8036,0.09863229999609757,0.049316149998048786,0.049316149998048786,2.180775500004529,ok,42.55948846494253,42.55948846494253
Composite,TSP-correlated-n40-g1000-5,2579.2111166013533,3317,0.01444630000332836,0.00722315000166418,0.00722315000166418,0.07137550000334159,ok,-22.242655513977894,22.242655513977894
Composite,TSP-correlated-n40-g1000-4,2259.933187484741,3108,0.01817480000318028,0.00908740000159014,0.00908740000159014,0.06814760000270326,ok,-27.28657697925543,27.28657697925543
Composite,TSP-correlated-n40-g1000-2,2540.713010097756,3295,0.022753999997803476,0.011376999998901738,0.011376999998901738,0.045490499993320554,ok,-22.891866157882973,22.891866157882973
Composite,TSP-correlated-n40-g10000-3,28029.04293882615,35005,0.01503709999815328,0.00751854999907664,0.00751854999907664,0.09995040000649169,ok,-19.92845896635866,19.92845896635866
Composite,TSP-correlated-n40-g10000-2,25762.576889038086,33765,0.01603400000021793,0.008017000000108965,0.008017000000108965,0.1057967000087956,ok,-23.700349802937698,23.700349802937698
Composite,TSP-correlated-n300-g10000-4,110298.20459634783,76189,0.09582590000354685,0.047912950001773424,0.047912950001773424,6.393391400008113,ok,44.76919843592622,44.76919843592622
Composite,TSP-correlated-n40-g10000-1,27280.065296173096,35122,0.016837900002428796,0.008418950001214398,0.008418950001214398,0.09488409999175929,ok,-22.327699743257515,22.327699743257515
Composite,TSP-correlated-n40-g10000-4,27365.624469460232,34842,0.026660999996238388,0.013330499998119194,0.013330499998119194,0.11325110000325367,ok,-21.457940217380656,21.457940217380656
Composite,TSP-correlated-n300-g10000-3,116237.101439518,80614,0.10993790000065928,0.05496895000032964,0.05496895000032964,2.1563928999967175,ok,44.18972069307812,44.18972069307812
Composite,TSP-correlated-n40-g10000-5,26230.789321899414,33983,0.021820800000568852,0.010910400000284426,0.010910400000284426,0.05468570000084583,ok,-22.81202565429946,22.81202565429946
Composite,TSP-correlated-n5-g1000-1,1996.672187260005,1996,0.00014209999790182337,7.104999895091169e-05,7.104999895091169e-05,0.045453400001861155,ok,0.03367671643312139,0.03367671643312139
Composite,TSP-correlated-n5-g1000-2,2250.426400291646,2249,0.00012450000212993473,6.225000106496736e-05,6.225000106496736e-05,0.037372599996160716,ok,0.06342375685398542,0.06342375685398542
Composite,TSP-correlated-n5-g1000-3,2472.2449822168614,2473,0.0001292000015382655,6.460000076913275e-05,6.460000076913275e-05,0.08004669999354519,ok,-0.030530440078388812,0.030530440078388812
Composite,TSP-correlated-n5-g1000-4,2623.7573672472936,2624,0.00013520000356948003,6.760000178474002e-05,6.760000178474002e-05,0.03742190000775736,ok,-0.009246675026921234,0.009246675026921234
Composite,TSP-correlated-n5-g1000-5,2556.2204326585675,2556,0.00012969999806955457,6.484999903477728e-05,6.484999903477728e-05,0.15360240000882186,ok,0.00862412592204463,0.00862412592204463
Composite,TSP-correlated-n5-g10000-1,19764.01385026716,19764,0.00012250000145286322,6.125000072643161e-05,6.125000072643161e-05,0.05220239999471232,ok,7.007825926743165e-05,7.007825926743165e-05
Composite,TSP-correlated-n5-g10000-2,16624.56340196386,16625,0.00012040000001434237,6.0200000007171184e-05,6.0200000007171184e-05,0.051026200002525,ok,-0.0026261536008415783,0.0026261536008415783
Composite,TSP-correlated-n5-g10000-3,23603.11321315768,23603,0.0001083999959519133,5.419999797595665e-05,5.419999797595665e-05,0.057955199998104945,ok,0.0004796557966421948,0.0004796557966421948
Composite,TSP-correlated-n5-g10000-4,21394.024241541778,21395,0.00011519999679876491,5.759999839938246e-05,5.759999839938246e-05,0.04538270000193734,ok,-0.004560684544155724,0.004560684544155724
Composite,TSP-correlated-n5-g10000-5,23784.102708180213,23785,0.00010250000195810571,5.1250000979052857e-05,5.1250000979052857e-05,0.06151720001071226,ok,-0.0037725113297747102,0.0037725113297747102
Composite,TSP-correlated-n1000-g1000-5,19479.026111518102,14121,0.33293219999904977,0.16646609999952489,0.16646609999952489,253.13229649999994,ok,37.943673334169695,37.943673334169695
Composite,TSP-correlated-n1000-g10000-2,201166.4400484112,145501,0.32623880000028294,0.16311940000014147,0.16311940000014147,2115.611118800007,ok,38.257771457523454,38.257771457523454
Composite,TSP-correlated-n1000-g10000-5,194919.6620563419,141657,0.31219969999801833,0.15609984999900917,0.15609984999900917,4.8632092000043485,ok,37.59973884548022,37.59973884548022
Composite,TSP-correlated-n1000-g10000-4,198945.09587541013,142064,0.32025480000447715,0.16012740000223857,0.16012740000223857,243.73681160001433,ok,40.0390639960934,40.0390639960934
Composite,TSP-correlated-n1000-g1000-4,19441.497529061795,14397,0.3511432999948738,0.1755716499974369,0.1755716499974369,17.90100720000919,ok,35.03853253498503,35.03853253498503
Composite,TSP-correlated-n1000-g1000-2,19638.785613086002,14546,0.3693325999993249,0.18466629999966244,0.18466629999966244,19.935671100014588,ok,35.011588155410436,35.011588155410436
Composite,TSP-correlated-n50-g1000-3,3024.2636342048645,3677,0.02003550000517862,0.01001775000258931,0.01001775000258931,0.11122229999455158,ok,-17.751872879932975,17.751872879932975
Composite,TSP-correlated-n50-g1000-1,3002.189684867859,3758,0.029542899996158667,0.014771449998079333,0.014771449998079333,0.17227270000148565,ok,-20.11203605992925,20.11203605992925
Composite,TSP-correlated-n50-g1000-4,2863.9062509536743,3680,0.018527000000176486,0.009263500000088243,0.009263500000088243,0.13982520000718068,ok,-22.176460571911026,22.176460571911026
Composite,TSP-correlated-n50-g1000-2,2924.076164261116,3711,0.02877930000249762,0.01438965000124881,0.01438965000124881,0.06190909999713767,ok,-21.205169381268767,21.205169381268767
Composite,TSP-correlated-n1000-g10000-1,198732.69537570805,143934,0.3578216000023531,0.17891080000117654,0.17891080000117654,18.70663129998138,ok,38.072099278633296,38.072099278633296
Composite,TSP-correlated-n50-g1000-5,2972.633760691014,3522,0.026726600000984035,0.013363300000492018,0.013363300000492018,0.13482859999930952,ok,-15.59813285942607,15.59813285942607
Composite,TSP-correlated-n50-g10000-1,29579.01475876437,36474,0.025272200000472367,0.012636100000236183,0.012636100000236183,0.0801904999971157,ok,-18.90383627031757,18.90383627031757
Composite,TSP-correlated-n50-g10000-2,28705.45916291185,36115,0.021737800001574215,0.010868900000787107,0.010868900000787107,0.054101299989270046,ok,-20.516519000659418,20.516519000659418
Composite,TSP-correlated-n1000-g10000-3,201274.07427614875,145136,0.3632179999985965,0.18160899999929825,0.18160899999929825,6.641579799994361,ok,38.67963446432914,38.67963446432914
Composite,TSP-correlated-n50-g10000-4,29878.829544067383,37634,0.022750099997210782,0.011375049998605391,0.011375049998605391,0.2106606000015745,ok,-20.606819514089963,20.606819514089963
Composite,TSP-correlated-n50-g10000-3,27818.53593826294,34342,0.025171099994622637,0.012585549997311318,0.012585549997311318,0.04768020000483375,ok,-18.995585760110245,18.995585760110245
Composite,TSP-correlated-n50-g10000-5,30154.31842803955,37513,0.028524699999252334,0.014262349999626167,0.014262349999626167,0.11279840000497643,ok,-19.616350523712978,19.616350523712978
Composite,TSP-correlated-n1000-g1000-3,19727.211363403458,14368,0.4047502000030363,0.20237510000151815,0.20237510000151815,16.153673600012553,ok,37.299633653977295,37.299633653977295
Composite,TSP-correlated-n400-g1000-2,13127.53713011798,9418,0.13248720000410685,0.06624360000205343,0.06624360000205343,1.7374679999920772,ok,39.387737631322786,39.387737631322786
Composite,TSP-correlated-n400-g1000-3,12558.757913203759,9560,0.1374227999986033,0.06871139999930165,0.06871139999930165,7.199269799995818,ok,31.367760598365678,31.367760598365678
Composite,TSP-correlated-n400-g1000-1,12917.005957340727,9016,0.14119799999753013,0.07059899999876507,0.07059899999876507,1.6924141999916174,ok,43.26759047627248,43.26759047627248
Composite,TSP-correlated-n400-g10000-1,126064.66997387185,92909,0.1419118999983766,0.0709559499991883,0.0709559499991883,2.9661297999991802,ok,35.68617676852818,35.68617676852818
Composite,TSP-correlated-n400-g10000-2,127937.37839296443,89824,0.13956949999555945,0.06978474999777973,0.06978474999777973,7.414559700002428,ok,42.43117473388451,42.43117473388451
Composite,TSP-correlated-n400-g1000-4,12544.169800151245,9030,0.1518080999958329,0.07590404999791645,0.07590404999791645,13.66952909999236,ok,38.91660908251656,38.91660908251656
Composite,TSP-correlated-n60-g1000-1,3044.1906072255065,3823,0.027115500000945758,0.013557750000472879,0.013557750000472879,0.2623009999952046,ok,-20.371681736188687,20.371681736188687
Composite,TSP-correlated-n400-g10000-4,129860.86236075807,92362,0.14617819999693893,0.07308909999846946,0.07308909999846946,1.9188904999900842,ok,40.59988129399327,40.59988129399327
Composite,TSP-correlated-n60-g1000-4,3024.366057844189,3692,0.01787789999798406,0.00893894999899203,0.00893894999899203,0.04435599999851547,ok,-18.083259538348077,18.083259538348077
Composite,TSP-correlated-n60-g1000-2,3160.023704214891,3946,0.02165860000241082,0.01082930000120541,0.01082930000120541,0.06346749998920131,ok,-19.918304505451317,19.918304505451317
Composite,TSP-correlated-n400-g1000-5,13242.685168122582,8948,0.16279009999561822,0.08139504999780911,0.08139504999780911,2.7345081999956165,ok,47.996034511875074,47.996034511875074
Composite,TSP-correlated-n60-g1000-5,3287.480493849355,3920,0.023578599997563288,0.011789299998781644,0.011789299998781644,0.16406549999373965,ok,-16.13570168751646,16.13570168751646
Composite,TSP-correlated-n60-g1000-3,3539.6869220200815,4126,0.03237559999979567,0.016187799999897834,0.016187799999897834,0.0615923000004841,ok,-14.210205476973304,14.210205476973304
Composite,TSP-correlated-n400-g10000-5,129236.6493360345,89783,0.15929640000103973,0.07964820000051986,0.07964820000051986,5.465811999994912,ok,43.94334042751357,43.94334042751357
Composite,TSP-correlated-n400-g10000-3,130420.47498028578,91906,0.17388319999736268,0.08694159999868134,0.08694159999868134,1.7399778999970295,ok,41.906377146525564,41.906377146525564
Composite,TSP-correlated-n60-g10000-1,32974.934814453125,38293,0.02914720000262605,0.014573600001313025,0.014573600001313025,0.086310600003344,ok,-13.88782593567199,13.88782593567199
Composite,TSP-correlated-n60-g10000-3,31305.15943903433,38548,0.023780499999702442,0.011890249999851221,0.011890249999851221,0.2666594000038458,ok,-18.78914745503183,18.78914745503183
Composite,TSP-correlated-n60-g10000-2,35222.44378852844,40743,0.02599700000428129,0.012998500002140645,0.012998500002140645,0.10982579999836162,ok,-13.549704762711528,13.549704762711528
Composite,TSP-correlated-n60-g10000-4,34730.97292706901,41936,0.031974200006516185,0.015987100003258092,0.015987100003258092,0.057771499996306375,ok,-17.181006946134566,17.181006946134566
Composite,TSP-correlated-n60-g10000-5,29474.129859717992,37003,0.03404809999483405,0.017024049997417023,0.017024049997417023,0.3758683000050951,ok,-20.34664794822584,20.34664794822584
Composite,TSP-correlated-n500-g1000-2,14131.66062735978,10307,0.1544860000067274,0.0772430000033637,0.0772430000033637,2.817902100010542,ok,37.1074088227397,37.1074088227397
Composite,TSP-correlated-n500-g1000-1,14406.951798690916,10216,0.16732119999505812,0.08366059999752906,0.08366059999752906,4.51599780000106,ok,41.02341228162604,41.02341228162604
Composite,TSP-correlated-n500-g1000-4,14358.430792813291,10232,0.16479149999941,0.082395749999705,0.082395749999705,5.149718999993638,ok,40.32868249426594,40.32868249426594
Composite,TSP-correlated-n70-g1000-1,3913.7633404997796,4242,0.023519299997133203,0.011759649998566601,0.011759649998566601,0.08318600000347942,ok,-7.737780752008967,7.737780752008967
Composite,TSP-correlated-n500-g1000-5,14335.80664343995,10319,0.16761970000516158,0.08380985000258079,0.08380985000258079,2.551823100002366,ok,38.9263169245077,38.9263169245077
Composite,TSP-correlated-n500-g10000-4,145461.5699837268,103378,0.16227129999606404,0.08113564999803202,0.08113564999803202,9.414072300001862,ok,40.70843891710693,40.70843891710693
Composite,TSP-correlated-n500-g10000-2,146799.03178229832,105714,0.1701729000051273,0.08508645000256365,0.08508645000256365,2.2101440000114962,ok,38.86432429223974,38.86432429223974
Composite,TSP-correlated-n500-g1000-3,14384.409683333066,10198,0.18518020000192337,0.09259010000096168,0.09259010000096168,4.867875299998559,ok,41.05128146041445,41.05128146041445
Composite,TSP-correlated-n500-g10000-1,143422.7010724695,100740,0.17600620000303024,0.08800310000151512,0.08800310000151512,8.223050400003558,ok,42.369169220239726,42.369169220239726
Composite,TSP-correlated-n70-g1000-2,3922.7463568066696,4261,0.028055000002495944,0.014027500001247972,0.014027500001247972,0.07410230000095908,ok,-7.9383629005710015,7.9383629005710015
Composite,TSP-correlated-n500-g10000-3,143657.3446543402,103144,0.1711527000006754,0.0855763500003377,0.0855763500003377,3.398781500000041,ok,39.278430790293385,39.278430790293385
Composite,TSP-correlated-n500-g10000-5,144113.62493262815,100578,0.1677468999987468,0.0838734499993734,0.0838734499993734,6.062073399996734,ok,43.28543511764815,43.28543511764815
Composite,TSP-correlated-n70-g1000-4,3709.1144204944662,4146,0.029028199998720083,0.014514099999360042,0.014514099999360042,0.24823620000097435,ok,-10.537520007369363,10.537520007369363
Composite,TSP-correlated-n70-g1000-3,3855.8996275733107,4337,0.031635999999707565,0.015817999999853782,0.015817999999853782,0.07334149999951478,ok,-11.092929961417784,11.092929961417784
Composite,TSP-correlated-n70-g10000-3,36638.1029081627,41045,0.0182042000014917,0.00910210000074585,0.00910210000074585,1.2289904999925056,ok,-10.736745259684009,10.736745259684009
Composite,TSP-correlated-n70-g1000-5,3812.1136557243417,4149,0.029371500000706874,0.014685750000353437,0.014685750000353437,0.09927320000133477,ok,-8.11969978972423,8.11969978972423
Composite,TSP-correlated-n70-g10000-4,32421.64133453369,38370,0.025491099993814714,0.012745549996907357,0.012745549996907357,0.17998110000917222,ok,-15.502628786724806,15.502628786724806
Composite,TSP-correlated-n70-g10000-1,39143.1318702017,43111,0.03148700000019744,0.01574350000009872,0.01574350000009872,0.09861749999981839,ok,-9.203841548092827,9.203841548092827
Composite,TSP-correlated-n70-g10000-2,36665.299130621046,41743,0.032136900001205504,0.016068450000602752,0.016068450000602752,0.05644820000452455,ok,-12.164197277097847,12.164197277097847
Composite,TSP-correlated-n70-g10000-5,34842.81720136878,38287,0.033020099996065255,0.016510049998032628,0.016510049998032628,0.13563040000735782,ok,-8.995697752843576,8.995697752843576
Composite,TSP-correlated-n600-g1000-4,16023.735079191463,11436,0.16942050000216113,0.08471025000108057,0.08471025000108057,3.922088100007386,ok,40.116606148928504,40.116606148928504
Composite,TSP-correlated-n8-g1000-1,1284.4780898857819,1284,0.00047089999861782417,0.00023544999930891208,0.00023544999930891208,0.040469999992637895,ok,0.03723441478051835,0.03723441478051835
Composite,TSP-correlated-n8-g1000-2,2374.439746432042,2374,0.0004670999987865798,0.0002335499993932899,0.0002335499993932899,0.043660600000293925,ok,0.018523438586429207,0.018523438586429207
Composite,TSP-correlated-n8-g1000-3,2607.4808503827794,2608,0.0004465000019990839,0.00022325000099954195,0.00022325000099954195,0.043881299992790446,ok,-0.019906043605084033,0.019906043605084033
Composite,TSP-correlated-n8-g1000-4,2567.507114302001,2567,0.002222099996288307,0.0011110499981441535,0.0011110499981441535,0.11194259999319911,ok,0.019755134476077147,0.019755134476077147
Composite,TSP-correlated-n8-g1000-5,2691.633214275943,2692,0.0004563999973470345,0.00022819999867351726,0.00022819999867351726,0.10675679999985732,ok,-0.013625026896622625,0.013625026896622625
Composite,TSP-correlated-n8-g10000-1,26602.85456346571,26603,0.00043279999954393134,0.00021639999977196567,0.00021639999977196567,0.04170960000192281,ok,-0.0005466922312921044,0.0005466922312921044
Composite,TSP-correlated-n8-g10000-2,23828.033602963857,23828,0.00044979999802308157,0.00022489999901154079,0.00022489999901154079,0.05568340000172611,ok,0.00014102301433833233,0.00014102301433833233
Composite,TSP-correlated-n8-g10000-3,18709.81449685035,18709,0.0004378000012366101,0.00021890000061830506,0.00021890000061830506,0.04605159998754971,ok,0.004353502861463112,0.004353502861463112
Composite,TSP-correlated-n8-g10000-4,24957.132809873063,24957,0.00044489999709185213,0.00022244999854592606,0.00022244999854592606,0.050572899999679066,ok,0.0005321547985046164,0.0005321547985046164
Composite,TSP-correlated-n600-g1000-3,15889.084614264715,11583,0.1876205000007758,0.0938102500003879,0.0938102500003879,5.945843399997102,ok,37.17590101238638,37.17590101238638
Composite,TSP-correlated-n8-g10000-5,26244.111022574434,26244,0.00043759999971371144,0.00021879999985685572,0.00021879999985685572,0.04532249999465421,ok,0.0004230398355211603,0.0004230398355211603
Composite,TSP-correlated-n600-g10000-1,152350.45377497986,109530,0.1935169999997015,0.09675849999985076,0.09675849999985076,6.893852000008337,ok,39.094726353492064,39.094726353492064
Composite,TSP-correlated-n600-g1000-2,16057.390994049745,11295,0.2107177999932901,0.10535889999664505,0.10535889999664505,4.308630799991079,ok,42.16370955333993,42.16370955333993
Composite,TSP-correlated-n80-g1000-2,4194.031053618941,4562,0.02556639999966137,0.012783199999830686,0.012783199999830686,0.20416710000426974,ok,-8.0659567378575,8.0659567378575
Composite,TSP-correlated-n80-g1000-1,3817.9503906258396,4187,0.0302120999986073,0.01510604999930365,0.01510604999930365,0.2640415000059875,ok,-8.814177439077152,8.814177439077152
Composite,TSP-correlated-n600-g1000-5,15862.550093719945,11480,0.2117364000005182,0.1058682000002591,0.1058682000002591,4.827098800000385,ok,38.175523464459445,38.175523464459445
Composite,TSP-correlated-n600-g10000-3,156515.2661496525,113170,0.2079892999972799,0.10399464999863994,0.10399464999863994,3.918597399999271,ok,38.301021604358496,38.301021604358496
Composite,TSP-correlated-n600-g1000-1,15784.443999677955,11680,0.2321202999955858,0.1160601499977929,0.1160601499977929,3.8594879000011133,ok,35.14078766847564,35.14078766847564
Composite,TSP-correlated-n80-g1000-3,3700.5233453013107,4279,0.030719199996383395,0.015359599998191698,0.015359599998191698,0.2305908999987878,ok,-13.518968326681218,13.518968326681218
Composite,TSP-correlated-n600-g10000-5,159280.91904287197,114788,0.21354260000225622,0.10677130000112811,0.10677130000112811,14.73861419998866,ok,38.76094978819387,38.76094978819387
Composite,TSP-correlated-n600-g10000-4,160951.7746187798,111193,0.21630780000123195,0.10815390000061598,0.10815390000061598,4.569467399996938,ok,44.74991646846457,44.74991646846457
Composite,TSP-correlated-n80-g1000-5,4048.7398331036297,4335,0.02247979999810923,0.011239899999054614,0.011239899999054614,0.11662979998800438,ok,-6.603464057586396,6.603464057586396
Composite,TSP-correlated-n80-g1000-4,4182.9485032833,4559,0.03945110000495333,0.019725550002476666,0.019725550002476666,0.13206620000710245,ok,-8.248552242085985,8.248552242085985
Composite,TSP-correlated-n80-g10000-1,34279.24721761084,38558,0.03351340000517666,0.01675670000258833,0.01675670000258833,1.7947728000144707,ok,-11.096926143444053,11.096926143444053
Composite,TSP-correlated-n600-g10000-2,157818.4503935321,112362,0.24256600000080653,0.12128300000040326,0.12128300000040326,15.989772700006142,ok,40.45535892341905,40.45535892341905
Composite,TSP-correlated-n80-g10000-3,38173.75377317982,43542,0.03593840000394266,0.01796920000197133,0.01796920000197133,0.15920579999510664,ok,-12.328892165771387,12.328892165771387
Composite,TSP-correlated-n80-g10000-4,38155.84769559707,43795,0.03641039999638451,0.018205199998192256,0.018205199998192256,0.1779269000107888,ok,-12.876246841883617,12.876246841883617
Composite,TSP-correlated-n80-g10000-2,38139.88924319105,43552,0.043138599998201244,0.021569299999100622,0.021569299999100622,0.22338049999962095,ok,-12.426778923606149,12.426778923606149
Composite,TSP-correlated-n80-g10000-5,37407.59654270026,39978,0.04488380000111647,0.022441900000558235,0.022441900000558235,0.06903879999299534,ok,-6.429544892940468,6.429544892940468
Composite,TSP-correlated-n700-g10000-4,169071.90426615227,120114,0.19261839999671793,0.09630919999835896,0.09630919999835896,2.2233338999940315,ok,40.75953199972715,40.75953199972715
Composite,TSP-correlated-n700-g1000-3,17224.14577718435,12419,0.21771129999979166,0.10885564999989583,0.10885564999989583,8.940812000000733,ok,38.69188966248771,38.69188966248771
Composite,TSP-correlated-n700-g10000-2,169894.70783756522,121206,0.2152642000000924,0.1076321000000462,0.1076321000000462,10.811057099999744,ok,40.17021256172567,40.17021256172567
Composite,TSP-correlated-n700-g1000-5,17295.28512921779,12603,0.2231406999999308,0.1115703499999654,0.1115703499999654,45.114398699995945,ok,37.231493527079195,37.231493527079195
Composite,TSP-correlated-n700-g1000-1,16904.91672962762,12104,0.255645999997796,0.127822999998898,0.127822999998898,10.171494900001562,ok,39.66388573717466,39.66388573717466
Composite,TSP-correlated-n90-g1000-1,4332.9168811413865,4539,0.034522499998274725,0.017261249999137362,0.017261249999137362,0.32235170000058133,ok,-4.540275806534776,4.540275806534776
Composite,TSP-correlated-n700-g10000-1,166997.19547740638,121620,0.24378489999799058,0.12189244999899529,0.12189244999899529,5.163903000007849,ok,37.31063597879163,37.31063597879163
Composite,TSP-correlated-n700-g1000-2,17232.637820670025,12343,0.25752120000106515,0.12876060000053258,0.12876060000053258,6.482417599996552,ok,39.61466272923945,39.61466272923945
Composite,TSP-correlated-n700-g10000-5,170603.32924602795,120265,0.23372620000009192,0.11686310000004596,0.11686310000004596,18.47356209999998,ok,41.856175317863006,41.856175317863006
Composite,TSP-correlated-n90-g1000-2,4624.197452393226,4923,0.036317300000519026,0.018158650000259513,0.018158650000259513,0.18474500000593252,ok,-6.069521584537359,6.069521584537359
Composite,TSP-correlated-n700-g10000-3,165992.54985380918,119040,0.24621550000301795,0.12310775000150898,0.12310775000150898,3.168343699988327,ok,39.442666207837014,39.442666207837014
Composite,TSP-correlated-n90-g1000-4,4217.012402163408,4522,0.033839399999124,0.016919699999562,0.016919699999562,0.21035990001109894,ok,-6.744528921640683,6.744528921640683
Composite,TSP-correlated-n90-g1000-3,3949.4988969842752,4305,0.04068800000095507,0.020344000000477536,0.020344000000477536,0.4682489999977406,ok,-8.257865342990122,8.257865342990122
Composite,TSP-correlated-n700-g1000-4,16864.6372037591,12183,0.2706246000016108,0.1353123000008054,0.1353123000008054,14.541918500006432,ok,38.42762212721907,38.42762212721907
Composite,TSP-correlated-n90-g10000-2,43511.28339248844,46120,0.0283659999986412,0.0141829999993206,0.0141829999993206,0.6369271000003209,ok,-5.6563673189756285,5.6563673189756285
Composite,TSP-correlated-n90-g1000-5,4135.118401980771,4697,0.038018200000806246,0.019009100000403123,0.019009100000403123,0.20286760000453796,ok,-11.962563296130071,11.962563296130071
Composite,TSP-correlated-n90-g10000-3,44053.064130018465,45328,0.03478439999889815,0.017392199999449076,0.017392199999449076,0.1843862999958219,ok,-2.8126894413641343,2.8126894413641343
Composite,TSP-correlated-n90-g10000-1,43673.820521834816,46719,0.041563399994629435,0.020781699997314718,0.020781699997314718,0.1885383000044385,ok,-6.518075040487134,6.518075040487134
Composite,TSP-correlated-n90-g10000-4,43239.276711538085,46381,0.04653099999995902,0.02326549999997951,0.02326549999997951,0.47819939999317285,ok,-6.773729088337714,6.773729088337714
Composite,TSP-correlated-n90-g10000-5,46249.00785650132,50306,0.04490810000424972,0.02245405000212486,0.02245405000212486,0.10249390000535641,ok,-8.064628758992333,8.064628758992333
Composite,TSP-correlated-n800-g1000-2,18133.667798304952,12605,0.21800989999610465,0.10900494999805233,0.10900494999805233,5.331236500001978,ok,43.86091073625508,43.86091073625508
Composite,TSP-grid-n10-g1000-1,2480.560638079092,2480,0.002564499998698011,0.0012822499993490055,0.0012822499993490055,0.09385029999248218,ok,0.022606374156929808,0.022606374156929808
Composite,TSP-grid-n10-g1000-2,2483.1280644060703,2482,0.0023685999985900708,0.0011842999992950354,0.0011842999992950354,0.041028799998457544,ok,0.04544981491016437,0.04544981491016437
Composite,TSP-grid-n10-g1000-3,2516.741383716023,2516,0.0022779999999329448,0.0011389999999664724,0.0011389999999664724,0.0762648999952944,ok,0.029466761368161277,0.029466761368161277
Composite,TSP-grid-n10-g1000-4,2494.2890163313114,2493,0.002339199993002694,0.001169599996501347,0.001169599996501347,0.05365159999928437,ok,0.05170542845212029,0.05170542845212029
Composite,TSP-grid-n10-g1000-5,2478.159898768781,2478,0.00441069999942556,0.00220534999971278,0.00220534999971278,0.08275490000960417,ok,0.006452734817643427,0.006452734817643427
Composite,TSP-grid-n10-g10000-1,24645.190826735314,24644,0.0025030000033439137,0.0012515000016719569,0.0012515000016719569,0.03960059999371879,ok,0.004832116277040045,0.004832116277040045
Composite,TSP-grid-n10-g10000-2,24557.25894650606,24556,0.0023406999971484765,0.0011703499985742383,0.0011703499985742383,0.03998929999943357,ok,0.005126838679178802,0.005126838679178802
Composite,TSP-grid-n10-g10000-3,24850.30433050431,24850,0.002349900001718197,0.0011749500008590985,0.0011749500008590985,0.03743509999185335,ok,0.0012246700374655974,0.0012246700374655974
Composite,TSP-grid-n10-g10000-4,25056.572689532208,25056,0.002442900004098192,0.001221450002049096,0.001221450002049096,0.04417490000196267,ok,0.002285638299041078,0.002285638299041078
Composite,TSP-grid-n10-g10000-5,25164.52520598949,25164,0.0024017000032472424,0.0012008500016236212,0.0012008500016236212,0.05464479999500327,ok,0.00208713236960862,0.00208713236960862
Composite,TSP-correlated-n800-g10000-5,181796.32266770856,131045,0.23774740000226302,0.11887370000113151,0.11887370000113151,8.417655800003558,ok,38.72816411744711,38.72816411744711
Composite,TSP-correlated-n800-g1000-1,18094.51995491813,12977,0.28190840000024764,0.14095420000012382,0.14095420000012382,9.796043900001678,ok,39.43530827555006,39.43530827555006
Composite,TSP-grid-n100-g1000-1,9603.002075195312,9835,0.026243400003295392,0.013121700001647696,0.013121700001647696,0.17688410000118893,ok,-2.358901116468607,2.358901116468607
Composite,TSP-correlated-n800-g10000-2,182872.92438843142,127757,0.2646085000014864,0.1323042500007432,0.1323042500007432,14.896964100000332,ok,43.1412168322921,43.1412168322921
Composite,TSP-correlated-n800-g1000-4,18153.845929913252,13148,0.28802770000038436,0.14401385000019218,0.14401385000019218,6.333797899991623,ok,38.07306000846708,38.07306000846708
Composite,TSP-correlated-n800-g10000-4,178165.5148024218,128194,0.28531010000006063,0.14265505000003031,0.14265505000003031,4.3185320000047795,ok,38.98116511102063,38.98116511102063
Composite,TSP-correlated-n800-g10000-1,178646.47275412266,129520,0.2974837000001571,0.14874185000007856,0.14874185000007856,4.118495599992457,ok,37.92964233641342,37.92964233641342
Composite,TSP-correlated-n800-g1000-5,18045.788302578934,12894,0.301822399997036,0.150911199998518,0.150911199998518,19.85908140000538,ok,39.95492711787602,39.95492711787602
Composite,TSP-correlated-n800-g1000-3,17507.300608408306,12915,0.31491440000536386,0.15745720000268193,0.15745720000268193,23.975514699995983,ok,35.557883146792925,35.557883146792925
Composite,TSP-grid-n100-g1000-3,9622.362358093262,9829,0.03605660000175703,0.018028300000878517,0.018028300000878517,0.13890429999446496,ok,-2.10232619703671,2.10232619703671
Composite,TSP-grid-n100-g1000-5,9612.719757080078,9823,0.03173819999938132,0.01586909999969066,0.01586909999969066,0.32669269999314565,ok,-2.140692689808835,2.140692689808835
Composite,TSP-grid-n100-g1000-2,9630.093040466309,9837,0.03845930000534281,0.019229650002671406,0.019229650002671406,0.1075703000096837,ok,-2.1033542699368852,2.1033542699368852
Composite,TSP-grid-n100-g1000-4,9623.654624938965,9820,0.0386069000014686,0.0193034500007343,0.0193034500007343,0.12550710000505205,ok,-1.999443737892415,1.999443737892415
Composite,TSP-correlated-n800-g10000-3,182110.5804754596,131398,0.31531429999449756,0.15765714999724878,0.15765714999724878,10.818744499993045,ok,38.59463650547163,38.59463650547163
Composite,TSP-grid-n100-g10000-1,96481.70153808594,98611,0.04500980000011623,0.022504900000058115,0.022504900000058115,0.11029599999892525,ok,-2.15929101409991,2.15929101409991
Composite,TSP-grid-n100-g10000-4,96464.75030517578,98586,0.04032020000158809,0.020160100000794046,0.020160100000794046,0.16732530000444967,ok,-2.151674370421986,2.151674370421986
Composite,TSP-grid-n100-g10000-3,96284.25177001953,98398,0.042114600000786595,0.021057300000393298,0.021057300000393298,0.17797699999937322,ok,-2.148161781723682,2.148161781723682
Composite,TSP-grid-n100-g10000-2,96344.65057373047,98648,0.04806239999743411,0.024031199998717057,0.024031199998717057,0.28052510000998154,ok,-2.334917511018501,2.334917511018501
Composite,TSP-grid-n100-g10000-5,96993.8773803711,98857,0.04837910000060219,0.024189550000301097,0.024189550000301097,0.1966960999998264,ok,-1.8846643329545771,1.8846643329545771
Composite,TSP-correlated-n900-g10000-4,193818.6266158068,139095,0.2646716000017477,0.13233580000087386,0.13233580000087386,12.135074999998324,ok,39.342626705350156,39.342626705350156
Composite,TSP-correlated-n900-g1000-4,19035.436037135813,13638,0.3015995000023395,0.15079975000116974,0.15079975000116974,10.535639900001115,ok,39.5764484318508,39.5764484318508
Composite,TSP-correlated-n900-g10000-3,193717.35027827573,137251,0.2893054999949527,0.14465274999747635,0.14465274999747635,3.2123751000035554,ok,41.14093906658292,41.14093906658292
Composite,TSP-grid-n20-g1000-1,3706.072967529297,3940,0.010837400004675146,0.005418700002337573,0.005418700002337573,0.07376459999068175,ok,-5.937234326667592,5.937234326667592
Composite,TSP-correlated-n900-g10000-1,193826.7307929818,134054,0.2982542000027024,0.1491271000013512,0.1491271000013512,11.238714699997217,ok,44.58854699821103,44.58854699821103
Composite,TSP-grid-n20-g1000-2,3722.984375,3960,0.006347599999571685,0.0031737999997858424,0.0031737999997858424,0.17725400000927038,ok,-5.985243055555555,5.985243055555555
Composite,TSP-grid-n20-g1000-3,3729.0153198242188,3971,0.005993899998429697,0.0029969499992148485,0.0029969499992148485,0.08281240001088008,ok,-6.093797032882932,6.093797032882932
Composite,TSP-grid-n20-g1000-4,3723.0256958007812,4005,0.00867850000213366,0.00433925000106683,0.00433925000106683,0.047304699997766875,ok,-7.040556908844413,7.040556908844413
Composite,TSP-grid-n20-g1000-5,3718.9749450683594,3966,0.008987799999886192,0.004493899999943096,0.004493899999943096,0.05906310000864323,ok,-6.228569211589527,6.228569211589527
Composite,TSP-grid-n20-g10000-1,36649.49597167969,39395,0.01157729999977164,0.00578864999988582,0.00578864999988582,0.04273349999857601,ok,-6.9691687481160365,6.9691687481160365
Composite,TSP-grid-n20-g10000-2,36777.853271484375,39556,0.012021200003800914,0.006010600001900457,0.006010600001900457,0.05433640000410378,ok,-7.023325736969423,7.023325736969423
Composite,TSP-grid-n20-g10000-3,37133.642822265625,39667,0.009394300002895761,0.004697150001447881,0.004697150001447881,0.06569229999149684,ok,-6.386561065203759,6.386561065203759
Composite,TSP-correlated-n900-g1000-3,19078.70720038277,13486,0.33059510000020964,0.16529755000010482,0.16529755000010482,76.60579800000414,ok,41.47046715395796,41.47046715395796
Composite,TSP-correlated-n900-g10000-2,188393.10200199977,134548,0.31465169999864884,0.15732584999932442,0.15732584999932442,13.909226300005685,ok,40.01925112376235,40.01925112376235
Composite,TSP-grid-n20-g10000-4,37409.35437011719,39643,0.011805800000729505,0.0059029000003647525,0.0059029000003647525,0.05821210000431165,ok,-5.634401104565277,5.634401104565277
Composite,TSP-grid-n20-g10000-5,37203.32946777344,39582,0.015518100000917912,0.007759050000458956,0.007759050000458956,0.062058700001216494,ok,-6.0094753479525105,6.0094753479525105
Composite,TSP-correlated-n900-g1000-2,18802.607991110675,13727,0.35950920000323094,0.17975460000161547,0.17975460000161547,9.894945000007283,ok,36.97536235966108,36.97536235966108
Composite,TSP-correlated-n900-g10000-5,188980.1400196617,140149,0.3213277000031667,0.16066385000158334,0.16066385000158334,17.42656339998939,ok,34.842303562395514,34.842303562395514
Composite,TSP-correlated-n900-g1000-1,19054.31163872441,13406,0.3634042999983649,0.18170214999918244,0.18170214999918244,9.278989800004638,ok,42.13271399913779,42.13271399913779
Composite,TSP-correlated-n900-g1000-5,19199.87058282993,13842,0.3435355999972671,0.17176779999863356,0.17176779999863356,13.971598600008292,ok,38.70734419036217,38.70734419036217
Composite,TSP-grid-n200-g1000-1,12900.585845947266,13129,0.05590459999802988,0.02795229999901494,0.02795229999901494,0.3863897999981418,ok,-1.739768101551789,1.739768101551789
Composite,TSP-grid-n200-g1000-3,12883.78702545166,13063,0.05481829999916954,0.02740914999958477,0.02740914999958477,0.5988573000067845,ok,-1.3719128419837698,1.3719128419837698
Composite,TSP-grid-n200-g1000-4,12908.00965499878,13126,0.0614863000009791,0.03074315000048955,0.03074315000048955,0.4735019000072498,ok,-1.660752285549449,1.660752285549449
Composite,TSP-grid-n200-g1000-5,12876.954204559326,13098,0.06205559999943944,0.03102779999971972,0.03102779999971972,0.8554424000030849,ok,-1.6876301377360958,1.6876301377360958
Composite,TSP-grid-n30-g1000-1,4707.575607299805,4934,0.014316699998744298,0.007158349999372149,0.007158349999372149,0.04445050000504125,ok,-4.589063492099621,4.589063492099621
Composite,TSP-grid-n200-g10000-2,129196.42614746094,131378,0.04782510000222828,0.02391255000111414,0.02391255000111414,0.5131672999996226,ok,-1.6605320925414169,1.6605320925414169
Composite,TSP-grid-n30-g1000-2,4684.070861816406,4935,0.012727000001177657,0.006363500000588829,0.006363500000588829,0.05559730000095442,ok,-5.084683651136652,5.084683651136652
Composite,TSP-grid-n200-g10000-3,128730.44940185547,130973,0.05237689999921713,0.026188449999608565,0.026188449999608565,1.082463300001109,ok,-1.7122235866510893,1.7122235866510893
Composite,TSP-grid-n200-g10000-1,128909.12060546875,131476,0.06488550000358373,0.032442750001791865,0.032442750001791865,0.49918610000167973,ok,-1.9523558630710167,1.9523558630710167
Composite,TSP-grid-n200-g10000-5,128981.51593017578,131362,0.05410500000289176,0.02705250000144588,0.02705250000144588,0.6499589000013657,ok,-1.8121557755090656,1.8121557755090656
Composite,TSP-grid-n200-g1000-2,12891.872371673584,13079,0.07990019999851938,0.03995009999925969,0.03995009999925969,0.5038027999980841,ok,-1.4307487447543086,1.4307487447543086
Composite,TSP-grid-n30-g1000-4,4676.586639404297,4958,0.01084160000027623,0.005420800000138115,0.005420800000138115,0.09981580000021495,ok,-5.675945151184008,5.675945151184008
Composite,TSP-grid-n30-g1000-3,4725.554916381836,4965,0.016213800001423806,0.008106900000711903,0.008106900000711903,0.05110929999500513,ok,-4.822660294424251,4.822660294424251
Composite,TSP-grid-n30-g1000-5,4745.269912719727,4975,0.016603399999439716,0.008301699999719858,0.008301699999719858,0.04143060000205878,ok,-4.617690196588411,4.617690196588411
Composite,TSP-grid-n30-g10000-3,47047.23156738281,49470,0.01351779999822611,0.006758899999113055,0.006758899999113055,0.04316790000302717,ok,-4.897449833469148,4.897449833469148
Composite,TSP-grid-n200-g10000-4,128821.2730102539,131136,0.06605470000067726,0.03302735000033863,0.03302735000033863,1.003089200006798,ok,-1.7651346615316112,1.7651346615316112
Composite,TSP-grid-n30-g10000-1,47040.39587402344,49506,0.020411500001500826,0.010205750000750413,0.010205750000750413,0.07717039999261033,ok,-4.980414749679963,4.980414749679963
Composite,TSP-grid-n30-g10000-2,47221.478759765625,49710,0.018087000004015863,0.009043500002007931,0.009043500002007931,0.05236999999033287,ok,-5.00607773131035,5.00607773131035
Composite,TSP-grid-n30-g10000-4,46979.49255371094,49487,0.01652720000129193,0.008263600000645965,0.008263600000645965,0.04761259999941103,ok,-5.067002336551139,5.067002336551139
Composite,TSP-grid-n30-g10000-5,46795.5,49222,0.019682099999045022,0.009841049999522511,0.009841049999522511,0.07851030000892933,ok,-4.929706228922027,4.929706228922027
Composite,TSP-grid-n1000-g1000-4,30273.310258865356,30605,0.2738532999937888,0.1369266499968944,0.1369266499968944,4.232757299992954,ok,-1.083776314767664,1.083776314767664
Composite,TSP-grid-n40-g1000-1,5403.339340209961,5640,0.009619500000553671,0.004809750000276836,0.004809750000276836,0.05356900001061149,ok,-4.196110989185089,4.196110989185089
Composite,TSP-grid-n40-g1000-2,5422.361328125,5633,0.010987999994540587,0.0054939999972702935,0.0054939999972702935,0.07462249998934567,ok,-3.739369285904491,3.739369285904491
Composite,TSP-grid-n1000-g1000-1,30272.58909225464,30597,0.3039567999949213,0.15197839999746066,0.15197839999746066,4.669257900008233,ok,-1.060270313250846,1.060270313250846
Composite,TSP-grid-n300-g10000-1,161398.03338623047,163571,0.06647469999734312,0.03323734999867156,0.03323734999867156,0.9042711999936728,ok,-1.3284546855919028,1.3284546855919028
Composite,TSP-grid-n300-g10000-2,161197.47918701172,163706,0.07014869999693474,0.03507434999846737,0.03507434999846737,0.9038822000002256,ok,-1.532332848513971,1.532332848513971
Composite,TSP-grid-n40-g1000-3,5424.618881225586,5666,0.019738599999982398,0.009869299999991199,0.009869299999991199,0.04810469999210909,ok,-4.260167998136499,4.260167998136499
Composite,TSP-grid-n40-g1000-5,5448.170516967773,5683,0.013969799998449162,0.006984899999224581,0.006984899999224581,0.09653580001031514,ok,-4.132139416368583,4.132139416368583
Composite,TSP-grid-n1000-g1000-5,30306.589797973633,30628,0.30250879999948665,0.15125439999974333,0.15125439999974333,5.714466100005666,ok,-1.0493999021365,1.0493999021365
Composite,TSP-grid-n40-g1000-4,5432.878723144531,5627,0.01884839999547694,0.00942419999773847,0.00942419999773847,0.09563169999455567,ok,-3.4498183198057357,3.4498183198057357
Composite,TSP-grid-n300-g1000-2,16124.609321594238,16381,0.09403360000578687,0.04701680000289343,0.04701680000289343,1.3863742999965325,ok,-1.5651711031424316,1.5651711031424316
Composite,TSP-grid-n300-g10000-4,161336.0023803711,163853,0.08295290000387467,0.04147645000193734,0.04147645000193734,1.2446332999970764,ok,-1.5361315445117918,1.5361315445117918
Composite,TSP-grid-n40-g10000-1,54230.585205078125,56451,0.018737999998847954,0.009368999999423977,0.009368999999423977,0.11959740000020247,ok,-3.933348913078378,3.933348913078378
Composite,TSP-grid-n300-g1000-4,16154.331756591797,16397,0.095952199997555,0.0479760999987775,0.0479760999987775,0.8668343000026653,ok,-1.4799551345258468,1.4799551345258468
Composite,TSP-grid-n300-g10000-5,161287.50805664062,163778,0.08390610000060406,0.04195305000030203,0.04195305000030203,2.115101899995352,ok,-1.5206510907199837,1.5206510907199837
Composite,TSP-grid-n300-g1000-5,16107.730560302734,16334,0.09974840000359109,0.04987420000179554,0.04987420000179554,0.6537748999980977,ok,-1.385266558695149,1.385266558695149
Composite,TSP-grid-n300-g10000-3,161181.4733581543,163735,0.1003366000004462,0.0501683000002231,0.0501683000002231,1.3851436999975704,ok,-1.5595484422058223,1.5595484422058223
Composite,TSP-grid-n300-g1000-1,16127.17862701416,16340,0.11522850000619655,0.05761425000309828,0.05761425000309828,0.8146417999960249,ok,-1.3024563830222757,1.3024563830222757
Composite,TSP-grid-n1000-g1000-3,30245.615077972412,30593,0.34417280000343453,0.17208640000171727,0.17208640000171727,5.707034100021701,ok,-1.1355045991814725,1.1355045991814725
Composite,TSP-grid-n40-g10000-2,54343.031982421875,56537,0.028344999998807907,0.014172499999403954,0.014172499999403954,0.04967529998975806,ok,-3.8805879646569945,3.8805879646569945
Composite,TSP-grid-n40-g10000-3,54268.05065917969,56559,0.027061199994932394,0.013530599997466197,0.013530599997466197,0.04884069999388885,ok,-4.050547818773869,4.050547818773869
Composite,TSP-grid-n40-g10000-4,54537.451416015625,56742,0.024186499998904765,0.012093249999452382,0.012093249999452382,0.04642430000239983,ok,-3.8852148038214636,3.8852148038214636
Composite,TSP-grid-n5-g1000-1,1818.059015811674,1818,0.00013529999705497175,6.764999852748588e-05,6.764999852748588e-05,0.038117899995995685,ok,0.0032461942614985706,0.0032461942614985706
Composite,TSP-grid-n5-g1000-2,1809.1756004299175,1809,0.00012749999586958438,6.374999793479219e-05,6.374999793479219e-05,0.03790960001060739,ok,0.009707044218766982,0.009707044218766982
Composite,TSP-grid-n5-g1000-3,1814.0655347463894,1814,0.00011950000043725595,5.9750000218627974e-05,5.9750000218627974e-05,0.038455600006273016,ok,0.003612720308125863,0.003612720308125863
Composite,TSP-grid-n5-g1000-4,1788.0102937753395,1788,0.0001297999988310039,6.489999941550195e-05,6.489999941550195e-05,0.042186400009086356,ok,0.0005757145044466092,0.0005757145044466092
Composite,TSP-grid-n40-g10000-5,54525.74328613281,56528,0.03290890000062063,0.016454450000310317,0.016454450000310317,0.048700500003178604,ok,-3.5420618346079595,3.5420618346079595
Composite,TSP-grid-n300-g1000-3,16098.238410949707,16327,0.1255846999993082,0.0627923499996541,0.0627923499996541,1.6555994999944232,ok,-1.4011244506050895,1.4011244506050895
Composite,TSP-grid-n5-g10000-3,18532.389045989745,18533,0.0001249999986612238,6.24999993306119e-05,6.24999993306119e-05,0.04110439999203663,ok,-0.0032965737347176787,0.0032965737347176787
Composite,TSP-grid-n5-g1000-5,1828.7776335636045,1829,0.00012540000170702115,6.270000085351057e-05,6.270000085351057e-05,0.04062010000052396,ok,-0.01215781500248946,0.01215781500248946
Composite,TSP-grid-n5-g10000-2,17926.856901098712,17927,0.00011289999383734539,5.6449996918672696e-05,5.6449996918672696e-05,0.040082699997583404,ok,-0.0007982311668872949,0.0007982311668872949
Composite,TSP-grid-n5-g10000-4,17817.278965185204,17817,0.00011960000119870529,5.980000059935264e-05,5.980000059935264e-05,0.04267490000347607,ok,0.0015657247864599,0.0015657247864599
Composite,TSP-grid-n5-g10000-1,18244.467144569815,18245,0.00010920000204350799,5.4600001021753997e-05,5.4600001021753997e-05,0.09707699999853503,ok,-0.002920555934146391,0.002920555934146391
Composite,TSP-grid-n5-g10000-5,18087.46100428427,18087,0.00011680000170599669,5.8400000852998346e-05,5.8400000852998346e-05,0.07262249999621417,ok,0.0025488156370249947,0.0025488156370249947
Composite,TSP-grid-n1000-g10000-5,302772.2033691406,306166,0.31954419999965467,0.15977209999982733,0.15977209999982733,5.344472299999325,ok,-1.10848253263242,1.10848253263242
Composite,TSP-grid-n1000-g1000-2,30299.080541610718,30613,0.37385640000138665,0.18692820000069332,0.18692820000069332,7.380860800010851,ok,-1.02544493642989,1.02544493642989
Composite,TSP-grid-n50-g1000-4,5965.700088500977,6158,0.01602699999784818,0.00801349999892409,0.00801349999892409,0.07411390000197571,ok,-3.122765695014996,3.122765695014996
Composite,TSP-grid-n50-g1000-2,5958.438552856445,6164,0.016333599996869452,0.008166799998434726,0.008166799998434726,0.06283460000122432,ok,-3.334870978967467,3.334870978967467
Composite,TSP-grid-n50-g1000-1,5945.1816329956055,6165,0.019463500000711065,0.009731750000355532,0.009731750000355532,0.074884599991492,ok,-3.5655858394873405,3.5655858394873405
Composite,TSP-grid-n50-g1000-3,5969.306800842285,6163,0.020264899998437613,0.010132449999218807,0.010132449999218807,0.0755187000031583,ok,-3.1428395125379662,3.1428395125379662
Composite,TSP-grid-n50-g1000-5,5964.754585266113,6165,0.02500030000373954,0.01250015000186977,0.01250015000186977,0.1778572999901371,ok,-3.2481008067134907,3.2481008067134907
Composite,TSP-grid-n1000-g10000-2,302601.01263427734,306071,0.3548490999964997,0.17742454999824986,0.17742454999824986,3.772795099997893,ok,-1.1337197466348188,1.1337197466348188
Composite,TSP-grid-n50-g10000-5,59797.61877441406,61816,0.01431849999789847,0.007159249998949235,0.007159249998949235,0.09938770000007935,ok,-3.2651436935193763,3.2651436935193763
Composite,TSP-grid-n1000-g10000-1,302767.24200439453,306285,0.37867479999840725,0.18933739999920363,0.18933739999920363,4.7623859999876,ok,-1.1485244121016271,1.1485244121016271
Composite,TSP-grid-n1000-g10000-3,302940.6484375,306502,0.36598940000112634,0.18299470000056317,0.18299470000056317,2.79256620000524,ok,-1.1619342002662298,1.1619342002662298
Composite,TSP-grid-n1000-g10000-4,302738.1992492676,306199,0.3677172999960021,0.18385864999800106,0.18385864999800106,3.5757956999877933,ok,-1.1302456084874286,1.1302456084874286
Composite,TSP-grid-n50-g10000-1,59562.44616699219,61824,0.03228040000249166,0.01614020000124583,0.01614020000124583,0.15967629999795463,ok,-3.6580516191249557,3.6580516191249557
Composite,TSP-grid-n50-g10000-4,59512.02868652344,61898,0.02906740000616992,0.01453370000308496,0.01453370000308496,0.1672893000068143,ok,-3.8546824024630237,3.8546824024630237
Composite,TSP-grid-n50-g10000-3,59922.45666503906,61652,0.03160570000181906,0.01580285000090953,0.01580285000090953,0.04959779999626335,ok,-2.805332081620933,2.805332081620933
Composite,TSP-grid-n50-g10000-2,59678.27001953125,61797,0.031870899998466484,0.015935449999233242,0.015935449999233242,0.08784490000107326,ok,-3.4285320977858955,3.4285320977858955
Composite,TSP-grid-n400-g1000-1,19341.917011260986,19598,0.14516210000147112,0.07258105000073556,0.07258105000073556,1.1264209999935701,ok,-1.3066791955251233,1.3066791955251233
Composite,TSP-grid-n400-g10000-3,193344.03295898438,196223,0.13302249999833293,0.06651124999916647,0.06651124999916647,1.2072048999980325,ok,-1.4671914306761311,1.4671914306761311
Composite,TSP-grid-n400-g10000-5,193449.23666381836,196360,0.12817709999944782,0.06408854999972391,0.06408854999972391,1.3914100999973016,ok,-1.4823606315856797,1.4823606315856797
Composite,TSP-grid-n400-g10000-4,193607.31884765625,196170,0.1319770000045537,0.06598850000227685,0.06598850000227685,1.1964666999992914,ok,-1.30635731882742,1.30635731882742
Composite,TSP-grid-n400-g1000-3,19307.61443710327,19564,0.15777849999722093,0.07888924999861047,0.07888924999861047,2.8931661999959033,ok,-1.31049664126318,1.31049664126318
Composite,TSP-grid-n400-g1000-2,19357.773056030273,19603,0.15850199999840697,0.07925099999920349,0.07925099999920349,2.483611600007862,ok,-1.2509664029471335,1.2509664029471335
Composite,TSP-grid-n400-g1000-5,19333.007846832275,19597,0.15268720000312896,0.07634360000156448,0.07634360000156448,1.5967649999947753,ok,-1.3471049301817861,1.3471049301817861
Composite,TSP-grid-n400-g1000-4,19371.994457244873,19629,0.15731670000241138,0.07865835000120569,0.07865835000120569,1.3407510999968508,ok,-1.3093155166087267,1.3093155166087267
Composite,TSP-grid-n400-g10000-1,193510.6241760254,196191,0.15321669999684673,0.07660834999842336,0.07660834999842336,1.0572685000079218,ok,-1.366207330598554,1.366207330598554
Composite,TSP-grid-n400-g10000-2,193547.82257080078,196178,0.15141030000086175,0.07570515000043088,0.07570515000043088,1.5804934999905527,ok,-1.3407096765178659,1.3407096765178659
Composite,TSP-grid-n60-g1000-1,7164.023414611816,7365,0.02877210000588093,0.014386050002940465,0.014386050002940465,0.10982250000233762,ok,-2.7288063189162743,2.7288063189162743
Composite,TSP-grid-n60-g1000-3,7170.486480712891,7377,0.02329209999879822,0.01164604999939911,0.01164604999939911,0.09731470000406262,ok,-2.799424146497348,2.799424146497348
Composite,TSP-grid-n60-g1000-2,7173.830207824707,7381,0.025873099999444094,0.012936549999722047,0.012936549999722047,0.08619880001060665,ok,-2.8067984307721576,2.8067984307721576
Composite,TSP-grid-n60-g10000-1,71885.44714355469,74039,0.02041750000353204,0.01020875000176602,0.01020875000176602,0.061049399999319576,ok,-2.908673613157002,2.908673613157002
Composite,TSP-grid-n60-g1000-5,7196.129188537598,7407,0.022504799999296665,0.011252399999648333,0.011252399999648333,0.18470709999382962,ok,-2.846912534931853,2.846912534931853
Composite,TSP-grid-n60-g10000-2,71906.28601074219,74122,0.023947499998030253,0.011973749999015126,0.011973749999015126,0.05683679999492597,ok,-2.9892798214535663,2.9892798214535663
Composite,TSP-grid-n60-g10000-3,71718.01806640625,74107,0.021186899997701403,0.010593449998850701,0.010593449998850701,0.19115240000246558,ok,-3.223692678955767,3.223692678955767
Composite,TSP-grid-n60-g1000-4,7192.459678649902,7409,0.03454259999853093,0.017271299999265466,0.017271299999265466,0.10058209999988321,ok,-2.922665965043834,2.922665965043834
Composite,TSP-grid-n60-g10000-5,71967.79455566406,74190,0.0238658000016585,0.01193290000082925,0.01193290000082925,0.06648649999988265,ok,-2.995289721439463,2.995289721439463
Composite,TSP-grid-n60-g10000-4,71856.34582519531,74081,0.02969860000303015,0.014849300001515076,0.014849300001515076,0.0538078000099631,ok,-3.0030023552661107,3.0030023552661107
Composite,TSP-grid-n500-g1000-1,21059.782287597656,21303,0.15900150000379654,0.07950075000189827,0.07950075000189827,3.68159109998669,ok,-1.1417063906602063,1.1417063906602063
Composite,TSP-grid-n500-g10000-1,210762.08126831055,213465,0.15372329999809153,0.07686164999904577,0.07686164999904577,1.925273400003789,ok,-1.2662116654671507,1.2662116654671507
Composite,TSP-grid-n500-g1000-2,21055.840782165527,21320,0.17410030000610277,0.08705015000305139,0.08705015000305139,2.667742100005853,ok,-1.2390207215500593,1.2390207215500593
Composite,TSP-grid-n500-g10000-5,210566.2166442871,213394,0.153154400002677,0.0765772000013385,0.0765772000013385,1.301349500005017,ok,-1.3251466094233628,1.3251466094233628
Composite,TSP-grid-n500-g10000-2,210883.9084777832,213359,0.16602530000091065,0.08301265000045532,0.08301265000045532,1.5549931999994442,ok,-1.16005958137074,1.16005958137074
Composite,TSP-grid-n500-g1000-4,21032.518772125244,21281,0.1718844999995781,0.08594224999978906,0.08594224999978906,2.739613300000201,ok,-1.1676200736561058,1.1676200736561058
Composite,TSP-grid-n500-g10000-4,210751.24362182617,213440,0.16749999999592546,0.08374999999796273,0.08374999999796273,9.563585800002329,ok,-1.25972468992402,1.25972468992402
Composite,TSP-grid-n70-g1000-1,7467.555755615234,7693,0.02949359999911394,0.01474679999955697,0.01474679999955697,0.11473169999953825,ok,-2.9305114309731652,2.9305114309731652
Composite,TSP-grid-n70-g1000-2,7492.544525146484,7678,0.026394900000013877,0.013197450000006938,0.013197450000006938,0.07882970001082867,ok,-2.415413842843392,2.415413842843392
Composite,TSP-grid-n500-g1000-3,21055.45361328125,21297,0.19141990000207443,0.09570995000103721,0.09570995000103721,1.2492216999962693,ok,-1.1341803386333755,1.1341803386333755
Composite,TSP-grid-n500-g10000-3,210422.66119384766,213038,0.18164050000632415,0.09082025000316207,0.09082025000316207,1.986009100000956,ok,-1.2276395789259869,1.2276395789259869
Composite,TSP-grid-n500-g1000-5,21033.35251235962,21289,0.193545100002666,0.096772550001333,0.096772550001333,2.378370799997356,ok,-1.200843100382267,1.200843100382267
Composite,TSP-grid-n70-g1000-3,7485.840309143066,7692,0.031089600000996143,0.015544800000498071,0.015544800000498071,0.07036710000829771,ok,-2.6801831884676752,2.6801831884676752
Composite,TSP-grid-n70-g1000-5,7469.188896179199,7643,0.025615900005504955,0.012807950002752477,0.012807950002752477,0.12023299999418668,ok,-2.2741214682820985,2.2741214682820985
Composite,TSP-grid-n70-g1000-4,7432.441925048828,7666,0.028466299998399336,0.014233149999199668,0.014233149999199668,0.08937450000667013,ok,-3.0466746015023727,3.0466746015023727
Composite,TSP-grid-n70-g10000-1,74864.02124023438,76906,0.025241600000299513,0.012620800000149757,0.012620800000149757,0.09074679999321233,ok,-2.6551618336223766,2.6551618336223766
Composite,TSP-grid-n70-g10000-3,74631.63067626953,76944,0.0302220999947167,0.01511104999735835,0.01511104999735835,0.09185789999901317,ok,-3.005262689398093,3.005262689398093
Composite,TSP-grid-n70-g10000-2,74724.26440429688,76756,0.036658300006820355,0.018329150003410177,0.018329150003410177,0.08068470000580419,ok,-2.647005570513217,2.647005570513217
Composite,TSP-grid-n70-g10000-5,74528.7646484375,76729,0.031851699997787364,0.015925849998893682,0.015925849998893682,0.09142960001190659,ok,-2.8675407623747216,2.8675407623747216
Composite,TSP-grid-n70-g10000-4,74712.30334472656,76715,0.037827200001629535,0.018913600000814768,0.018913600000814768,0.14867889999004547,ok,-2.6105672362294694,2.6105672362294694
Composite,TSP-grid-n600-g10000-3,232361.77975463867,235312,0.17422859999351203,0.08711429999675602,0.08711429999675602,2.6667087000096217,ok,-1.2537483194062897,1.2537483194062897
Composite,TSP-grid-n600-g1000-3,23286.781894683838,23543,0.18500920000224141,0.09250460000112071,0.09250460000112071,2.954862200000207,ok,-1.0882984552357902,1.0882984552357902
Composite,TSP-grid-n8-g1000-1,2615.873257846709,2616,0.0004563000038615428,0.0002281500019307714,0.0002281500019307714,0.04424839999410324,ok,-0.004844883535594848,0.004844883535594848
Composite,TSP-grid-n8-g1000-3,2708.549139125494,2709,0.0004487000041990541,0.00022435000209952705,0.00022435000209952705,0.04068299999926239,ok,-0.01664307399431179,0.01664307399431179
Composite,TSP-grid-n600-g1000-2,23279.646083831787,23538,0.1872030000013183,0.09360150000065914,0.09360150000065914,4.385219600007986,ok,-1.0976035184306776,1.0976035184306776
Composite,TSP-grid-n8-g1000-2,2677.3309124934626,2677,0.0004626000009011477,0.00023130000045057386,0.00023130000045057386,0.04195270000491291,ok,0.012361318396063496,0.012361318396063496
Composite,TSP-grid-n8-g1000-4,2627.6516823413112,2626,0.00045060000411467627,0.00022530000205733813,0.00022530000205733813,0.04676810000091791,ok,0.0628972711847389,0.0628972711847389
Composite,TSP-grid-n8-g10000-1,26298.97984690808,26300,0.000454399996669963,0.0002271999983349815,0.0002271999983349815,0.1906726000015624,ok,-0.0038789090947470473,0.0038789090947470473
Composite,TSP-grid-n8-g10000-2,27360.412580739438,27360,0.0004566999996313825,0.00022834999981569126,0.00022834999981569126,0.1788990999921225,ok,0.001507970538879913,0.001507970538879913
Composite,TSP-grid-n600-g10000-1,232365.28509521484,235164,0.18295319999742787,0.09147659999871394,0.09147659999871394,1.8720173000037903,ok,-1.1901119664511388,1.1901119664511388
Composite,TSP-grid-n8-g10000-3,26819.445007756694,26819,0.0004486999969230965,0.00022434999846154824,0.00022434999846154824,0.041545800006133504,ok,0.0016593003344434717,0.0016593003344434717
Composite,TSP-grid-n8-g1000-5,2626.6377117996285,2625,0.0004295999970054254,0.0002147999985027127,0.0002147999985027127,0.04690129999653436,ok,0.06238902093822876,0.06238902093822876
Composite,TSP-grid-n8-g10000-5,26515.397824583313,26515,0.00045110000064596534,0.00022555000032298267,0.00022555000032298267,0.04032440000446513,ok,0.0015003755734987554,0.0015003755734987554
Composite,TSP-grid-n8-g10000-4,26842.426971052828,26841,0.0004638999962480739,0.00023194999812403694,0.00023194999812403694,0.04355290000967216,ok,0.005316385577392297,0.005316385577392297
Composite,TSP-grid-n600-g1000-4,23280.31768798828,23552,0.19518109999626176,0.09759054999813088,0.09759054999813088,3.067345200004638,ok,-1.153542425321496,1.153542425321496
Composite,TSP-grid-n600-g1000-1,23273.874996185303,23532,0.21914290000131587,0.10957145000065793,0.10957145000065793,3.621342200000072,ok,-1.0969106060457983,1.0969106060457983
Composite,TSP-grid-n600-g10000-4,232331.6450805664,235148,0.20038340000610333,0.10019170000305166,0.10019170000305166,1.4075776999961818,ok,-1.1976946091115355,1.1976946091115355
Composite,TSP-grid-n80-g1000-3,8530.908325195312,8764,0.021072800002002623,0.010536400001001311,0.010536400001001311,0.23053190000064205,ok,-2.6596494158453616,2.6596494158453616
Composite,TSP-grid-n600-g1000-5,23257.57416152954,23515,0.21329370000603376,0.10664685000301688,0.10664685000301688,4.955286499985959,ok,-1.0947303358301468,1.0947303358301468
Composite,TSP-grid-n80-g1000-2,8548.856521606445,8761,0.025513900000078138,0.012756950000039069,0.012756950000039069,0.24150979999103583,ok,-2.421452783855207,2.421452783855207
Composite,TSP-grid-n80-g1000-1,8536.392654418945,8739,0.027747600004659034,0.013873800002329517,0.013873800002329517,0.174717400004738,ok,-2.3184271150137854,2.3184271150137854
Composite,TSP-grid-n80-g1000-4,8559.58098602295,8759,0.028127900004619732,0.014063950002309866,0.014063950002309866,0.17884320000302978,ok,-2.2767326632840597,2.2767326632840597
Composite,TSP-grid-n600-g10000-5,232646.01568603516,235489,0.21361630000319565,0.10680815000159782,0.10680815000159782,2.3921645999944303,ok,-1.2072684133716836,1.2072684133716836
Composite,TSP-grid-n80-g1000-5,8526.18569946289,8745,0.03680030000396073,0.018400150001980364,0.018400150001980364,0.20356809999793768,ok,-2.5021646716650587,2.5021646716650587
Composite,TSP-grid-n600-g10000-2,232561.26806640625,235328,0.23244469999917783,0.11622234999958891,0.11622234999958891,2.3659398000017973,ok,-1.1756917721621523,1.1756917721621523
Composite,TSP-grid-n80-g10000-1,85504.04479980469,87560,0.03700309999840101,0.018501549999200506,0.018501549999200506,0.18463280001014937,ok,-2.348052992456958,2.348052992456958
Composite,TSP-grid-n80-g10000-3,85130.9575805664,87158,0.03351169999950798,0.01675584999975399,0.01675584999975399,0.07339349998801481,ok,-2.3257101120190846,2.3257101120190846
Composite,TSP-grid-n80-g10000-2,85572.7074584961,87952,0.04108039999846369,0.020540199999231845,0.020540199999231845,0.11879389999376144,ok,-2.7052170973984744,2.7052170973984744
Composite,TSP-grid-n80-g10000-4,85783.63891601562,87986,0.03832920000422746,0.01916460000211373,0.01916460000211373,0.06323759999941103,ok,-2.5030812674566123,2.5030812674566123
Composite,TSP-grid-n80-g10000-5,85467.81127929688,87785,0.04056190000119386,0.02028095000059693,0.02028095000059693,0.13881319999927655,ok,-2.6396180676688785,2.6396180676688785
Composite,TSP-grid-n700-g10000-1,251372.37182617188,254476,0.2060263000021223,0.10301315000106115,0.10301315000106115,2.4335812000063015,ok,-1.2196152776010802,1.2196152776010802
Composite,TSP-grid-n700-g1000-2,25134.87026977539,25400,0.22185130000434583,0.11092565000217292,0.11092565000217292,2.633811200008495,ok,-1.0438178355299583,1.0438178355299583
Composite,TSP-grid-n700-g1000-4,25108.82908630371,25374,0.22066029999405146,0.11033014999702573,0.11033014999702573,2.898427799998899,ok,-1.0450497111069956,1.0450497111069956
Composite,TSP-grid-n700-g1000-1,25112.135120391846,25395,0.24332739999954356,0.12166369999977178,0.12166369999977178,2.8405992000043625,ok,-1.1138605221821394,1.1138605221821394
Composite,TSP-grid-n90-g1000-1,8663.40640258789,8855,0.03007380000053672,0.01503690000026836,0.01503690000026836,0.1393122999870684,ok,-2.1636769894083496,2.1636769894083496
Composite,TSP-grid-n700-g10000-4,251282.9508972168,254363,0.21713869999803137,0.10856934999901569,0.10856934999901569,1.7147016000089934,ok,-1.2108872370522454,1.2108872370522454
Composite,TSP-grid-n700-g10000-2,250905.15921020508,253901,0.22880140000052052,0.11440070000026026,0.11440070000026026,2.240805499997805,ok,-1.1799247698098556,1.1799247698098556
Composite,TSP-grid-n90-g1000-2,8646.855918884277,8837,0.02594870000029914,0.01297435000014957,0.01297435000014957,0.10096509999129921,ok,-2.151681352446788,2.151681352446788
Composite,TSP-grid-n90-g1000-3,8680.05989074707,8868,0.026484699999855366,0.013242349999927683,0.013242349999927683,0.24863769998773932,ok,-2.1193065996045295,2.1193065996045295
Composite,TSP-grid-n700-g1000-3,25083.66753387451,25373,0.2614647000009427,0.13073235000047134,0.13073235000047134,3.028157499997178,ok,-1.1403163446399254,1.1403163446399254
Composite,TSP-grid-n700-g10000-5,251270.52102661133,254471,0.23559299999760697,0.11779649999880348,0.11779649999880348,3.5980706000118516,ok,-1.2576989021887257,1.2576989021887257
Composite,TSP-grid-n700-g10000-3,251059.08407592773,254228,0.24897419999615522,0.12448709999807761,0.12448709999807761,2.0763944999926025,ok,-1.246485801749715,1.246485801749715
Composite,TSP-grid-n700-g1000-5,25109.60702896118,25401,0.2677897000030498,0.1338948500015249,0.1338948500015249,5.014709800001583,ok,-1.1471712571899468,1.1471712571899468
Composite,TSP-grid-n90-g1000-4,8663.635108947754,8867,0.03519670000241604,0.01759835000120802,0.01759835000120802,0.09052880000672303,ok,-2.2935027749210115,2.2935027749210115
Composite,TSP-grid-n90-g1000-5,8653.94711303711,8870,0.04150200000003679,0.020751000000018394,0.020751000000018394,0.3668387000070652,ok,-2.43577099168986,2.43577099168986
Composite,TSP-grid-n90-g10000-1,86757.68536376953,88697,0.039905699995870236,0.019952849997935118,0.019952849997935118,0.2718501000053948,ok,-2.186448962456981,2.186448962456981
Composite,TSP-grid-n90-g10000-2,86740.00750732422,88890,0.043155399995157495,0.021577699997578748,0.021577699997578748,0.18464799999492243,ok,-2.4187113203687494,2.4187113203687494
Composite,TSP-grid-n90-g10000-3,86631.29040527344,88919,0.045392500003799796,0.022696250001899898,0.022696250001899898,0.36175270000239834,ok,-2.572801757472039,2.572801757472039
Composite,TSP-grid-n90-g10000-5,86733.87756347656,88945,0.03265529999771388,0.01632764999885694,0.01632764999885694,0.40716210000391584,ok,-2.485943489261271,2.485943489261271
Composite,TSP-grid-n90-g10000-4,86643.76000976562,88826,0.04686569999466883,0.023432849997334415,0.023432849997334415,0.3239789999934146,ok,-2.4567581454015435,2.4567581454015435
Composite,TSP-grid-n800-g1000-1,26738.336603164673,27028,0.24200150000251597,0.12100075000125798,0.12100075000125798,8.203661000006832,ok,-1.071715986515196,1.071715986515196
Composite,TSP-line_noise-n10-g1000-1,2619.8570197584486,2618,0.0025763000012375414,0.0012881500006187707,0.0012881500006187707,0.07975809997878969,ok,0.07093276388268094,0.07093276388268094
Composite,TSP-line_noise-n10-g1000-2,1865.6509249447472,1864,0.002572800003690645,0.0012864000018453225,0.0012864000018453225,0.12451850000070408,ok,0.0885689348040345,0.0885689348040345
Composite,TSP-line_noise-n10-g1000-3,2739.689292936717,2738,0.0023384000014630146,0.0011692000007315073,0.0011692000007315073,0.08182169997598976,ok,0.061698061969204195,0.061698061969204195
Composite,TSP-line_noise-n10-g1000-4,2814.5562743022147,2814,0.002340300001378637,0.0011701500006893184,0.0011701500006893184,0.09469900000840425,ok,0.01976809887045702,0.01976809887045702
Composite,TSP-line_noise-n10-g1000-5,2969.9847691082364,2970,0.002328700000362005,0.0011643500001810025,0.0011643500001810025,0.07959159999154508,ok,-0.0005128246385057883,0.0005128246385057883
Composite,TSP-line_noise-n10-g10000-1,22755.836383721144,22756,0.0023065999994287267,0.0011532999997143634,0.0011532999997143634,0.7442105999798514,ok,-0.0007190028074193726,0.0007190028074193726
Composite,TSP-line_noise-n10-g10000-2,28094.956914320763,28096,0.002476499998010695,0.0012382499990053475,0.0012382499990053475,0.516573500004597,ok,-0.0037125771612943658,0.0037125771612943658
Composite,TSP-line_noise-n10-g10000-3,31209.944465965058,31210,0.0024333999972441234,0.0012166999986220617,0.0012166999986220617,0.8652230000006966,ok,-0.00017793667075282485,0.00017793667075282485
Composite,TSP-line_noise-n10-g10000-4,27664.67947425688,27665,0.002373700001044199,0.0011868500005220994,0.0011868500005220994,0.7032987999846227,ok,-0.0011585965773294642,0.0011585965773294642
Composite,TSP-line_noise-n10-g10000-5,27921.80693329398,27923,0.0024122999966493808,0.0012061499983246904,0.0012061499983246904,0.5960228000185452,ok,-0.004272702453241866,0.004272702453241866
Composite,TSP-grid-n800-g1000-2,26740.262912750244,27039,0.2750190000006114,0.1375095000003057,0.1375095000003057,8.367211100005079,ok,-1.104837779687695,1.104837779687695
Composite,TSP-grid-n800-g1000-4,26717.596225738525,27018,0.2767003000044497,0.13835015000222484,0.13835015000222484,5.775566800002707,ok,-1.1118653277869368,1.1118653277869368
Composite,TSP-grid-n800-g1000-5,26697.424154281616,27002,0.28584479999699397,0.14292239999849699,0.14292239999849699,5.092065099990577,ok,-1.1279751341322264,1.1279751341322264
Composite,TSP-grid-n800-g10000-4,267028.5178222656,270129,0.27070850000018254,0.13535425000009127,0.13535425000009127,56.69785069998761,ok,-1.147778349505005,1.147778349505005
Composite,TSP-line_noise-n100-g1000-1,4053.869584083557,3357,0.027995299999020062,0.013997649999510031,0.013997649999510031,1.2120501999743283,ok,20.758700747201583,20.758700747201583
Composite,TSP-grid-n800-g1000-3,26723.838247299194,27021,0.2992088999963016,0.1496044499981508,0.1496044499981508,2.087877900004969,ok,-1.0997437278442903,1.0997437278442903
Composite,TSP-grid-n800-g10000-5,267000.93731689453,270438,0.27714779999951134,0.13857389999975567,0.13857389999975567,3.465790999995079,ok,-1.2709244570309899,1.2709244570309899
Composite,TSP-line_noise-n100-g1000-2,3860.7833213806152,3330,0.03447530000266852,0.01723765000133426,0.01723765000133426,1.231738599948585,ok,15.939439080498957,15.939439080498957
Composite,TSP-grid-n800-g10000-1,267451.17056274414,270423,0.29507339999690885,0.14753669999845442,0.14753669999845442,5.407338999997592,ok,-1.0989558718215018,1.0989558718215018
Composite,TSP-line_noise-n100-g1000-3,4504.065586090088,3250,0.033840000003692694,0.016920000001846347,0.016920000001846347,0.7097790000261739,ok,38.58663341815655,38.58663341815655
Composite,TSP-grid-n800-g10000-3,267150.54962158203,270468,0.30646620000334224,0.15323310000167112,0.15323310000167112,3.1081610999972327,ok,-1.2265592892386414,1.2265592892386414
Composite,TSP-line_noise-n100-g10000-2,41089.13340759277,33315,0.027067999995779246,0.013533999997889623,0.013533999997889623,1.0250083000282757,ok,23.335234601809315,23.335234601809315
Composite,TSP-line_noise-n100-g10000-1,40898.5823059082,33611,0.03640199999790639,0.018200999998953193,0.018200999998953193,2.862844999996014,ok,21.682134735378902,21.682134735378902
Composite,TSP-line_noise-n100-g1000-4,4318.11643242836,3258,0.03717770000366727,0.018588850001833634,0.018588850001833634,0.36008630000287667,ok,32.53887146802823,32.53887146802823
Composite,TSP-line_noise-n100-g1000-5,3729.9782724499687,2577,0.04008040000189794,0.02004020000094897,0.02004020000094897,1.9219940999755636,ok,44.74110486806243,44.74110486806243
Composite,TSP-line_noise-n100-g10000-4,41597.1040687561,33689,0.028342500001599547,0.014171250000799773,0.014171250000799773,1.022647300036624,ok,23.473846266603648,23.473846266603648
Composite,TSP-grid-n800-g10000-2,267215.06130981445,270683,0.3274712999991607,0.16373564999958035,0.16373564999958035,6.033954600017751,ok,-1.28118082413212,1.28118082413212
Composite,TSP-line_noise-n100-g10000-3,45600.18603515625,31398,0.04928450000443263,0.024642250002216315,0.024642250002216315,3.346799099992495,ok,45.23277290004539,45.23277290004539
Composite,TSP-line_noise-n100-g10000-5,39156.260818481445,33338,0.046815300003800076,0.023407650001900038,0.023407650001900038,1.2547347999643534,ok,17.45233912796642,17.45233912796642
Composite,TSP-grid-n900-g1000-4,29039.050987243652,29360,0.2765101999975741,0.13825509999878705,0.13825509999878705,5.838307700003497,ok,-1.0931505884071788,1.0931505884071788
Composite,TSP-line_noise-n20-g1000-1,1699.5546748486797,2954,0.008340200001839548,0.004170100000919774,0.004170100000919774,0.07944070000667125,ok,-42.46598934161545,42.46598934161545
Composite,TSP-line_noise-n20-g1000-2,2032.327391578434,3056,0.00954720000299858,0.00477360000149929,0.00477360000149929,0.07877830002689734,ok,-33.49714032793083,33.49714032793083
Composite,TSP-grid-n900-g1000-3,29058.29575920105,29364,0.3108035000041127,0.15540175000205636,0.15540175000205636,3.4635525999910897,ok,-1.041085140985391,1.041085140985391
Composite,TSP-grid-n900-g10000-5,290552.4404296875,294175,0.2813042999987374,0.1406521499993687,0.1406521499993687,3.7926389999920502,ok,-1.2314301250318687,1.2314301250318687
Composite,TSP-grid-n900-g1000-5,29091.710382461548,29413,0.29814909999549855,0.14907454999774927,0.14907454999774927,7.04349069998716,ok,-1.0923388214002385,1.0923388214002385
Composite,TSP-line_noise-n20-g1000-3,1604.7175763479381,2730,0.01136440000118455,0.005682200000592275,0.005682200000592275,0.07819570001447573,ok,-41.21913639751143,41.21913639751143
Composite,TSP-grid-n900-g10000-4,290486.90240478516,294012,0.2876752000011038,0.1438376000005519,0.1438376000005519,270.55115700000897,ok,-1.1989638501880344,1.1989638501880344
Composite,TSP-line_noise-n20-g1000-5,1668.8977520747042,2727,0.006775200003175996,0.003387600001587998,0.003387600001587998,0.2009057000395842,ok,-38.80096252017953,38.80096252017953
Composite,TSP-line_noise-n20-g10000-1,17856.1863009636,29506,0.0064438000044901855,0.0032219000022450928,0.0032219000022450928,0.6447151000029407,ok,-39.48286348212702,39.48286348212702
Composite,TSP-grid-n900-g1000-1,29021.968029022217,29359,0.329619800002547,0.1648099000012735,0.1648099000012735,5.37775519999559,ok,-1.1479681561966797,1.1479681561966797
Composite,TSP-line_noise-n20-g10000-2,16985.690207446976,28105,0.008064699999522418,0.004032349999761209,0.004032349999761209,0.6572273000492714,ok,-39.56345772123474,39.56345772123474
Composite,TSP-line_noise-n20-g1000-4,1206.8004169464111,2187,0.016014299995731562,0.008007149997865781,0.008007149997865781,0.08504370000446215,ok,-44.81936822375807,44.81936822375807
Composite,TSP-line_noise-n20-g10000-4,18192.037994683276,29688,0.007916400005342439,0.003958200002671219,0.003958200002671219,0.49298979999730363,ok,-38.7225882690539,38.7225882690539
Composite,TSP-line_noise-n20-g10000-3,18697.33153543361,30353,0.011348200001521036,0.005674100000760518,0.005674100000760518,0.3574789999984205,ok,-38.40038370034722,38.40038370034722
Composite,TSP-line_noise-n20-g10000-5,19081.346314463244,29754,0.008873600003425963,0.004436800001712982,0.004436800001712982,0.7500306000001729,ok,-35.8696433606801,35.8696433606801
Composite,TSP-grid-n900-g10000-1,290968.1272583008,294220,0.33233560000371654,0.16616780000185827,0.16616780000185827,4.094849599990994,ok,-1.1052521044453874,1.1052521044453874
Composite,TSP-grid-n900-g10000-2,290750.35232543945,294303,0.3365916999973706,0.1682958499986853,0.1682958499986853,358.9380663000047,ok,-1.2071394700565563,1.2071394700565563
Composite,TSP-grid-n900-g1000-2,29034.520223617554,29361,0.3651793999961228,0.1825896999980614,0.1825896999980614,3.972894999998971,ok,-1.1119504662049873,1.1119504662049873
Composite,TSP-grid-n900-g10000-3,290818.5082397461,294168,0.35041820000333246,0.17520910000166623,0.17520910000166623,2.381662599989795,ok,-1.1386322646426215,1.1386322646426215
Composite,TSP-line_noise-n200-g1000-3,4673.0201280117035,3636,0.048053900005470496,0.024026950002735248,0.024026950002735248,1.9665618000435643,ok,28.520905610882934,28.520905610882934
Composite,TSP-line_noise-n200-g1000-1,4306.470274925232,3530,0.05399780000152532,0.02699890000076266,0.02699890000076266,1.5834701999556273,ok,21.996325068703452,21.996325068703452
Composite,TSP-line_noise-n200-g1000-5,4817.086029052734,3675,0.050130899995565414,0.025065449997782707,0.025065449997782707,2.4352190000354312,ok,31.07717085857781,31.07717085857781
Composite,TSP-line_noise-n200-g1000-4,4437.364664077759,3597,0.056933899999421556,0.028466949999710778,0.028466949999710778,2.5976993999793194,ok,23.362932001049728,23.362932001049728
Composite,TSP-line_noise-n200-g10000-1,49543.18308258057,37357,0.05135970000264933,0.025679850001324667,0.025679850001324667,2.2125010000308976,ok,32.620882518886866,32.620882518886866
Composite,TSP-line_noise-n30-g1000-2,2492.1570416007094,3132,0.00970709999819519,0.004853549999097595,0.004853549999097595,0.08783239999320358,ok,-20.42921323113955,20.42921323113955
Composite,TSP-line_noise-n30-g1000-1,1270.1484661102295,2229,0.01498169999831589,0.007490849999157945,0.007490849999157945,0.2931917999521829,ok,-43.01711681874251,43.01711681874251
Composite,TSP-line_noise-n200-g1000-2,6135.477503299713,3876,0.0688494999994873,0.03442474999974365,0.03442474999974365,1.6513824999565259,ok,58.29405323270673,58.29405323270673
Composite,TSP-line_noise-n30-g1000-3,2032.5406927882157,3073,0.015507999996771105,0.007753999998385552,0.007753999998385552,0.2558151000412181,ok,-33.858096557493795,33.858096557493795
Composite,TSP-line_noise-n30-g1000-4,2392.786548407526,2985,0.01305109999520937,0.006525549997604685,0.006525549997604685,0.3565535000525415,ok,-19.839646619513367,19.839646619513367
Composite,TSP-line_noise-n30-g1000-5,1375.2763023376465,2307,0.01408409999567084,0.00704204999783542,0.00704204999783542,0.2386623999918811,ok,-40.38680960825113,40.38680960825113
Composite,TSP-line_noise-n200-g10000-2,43323.66961822263,34182,0.05703150000044843,0.028515750000224216,0.028515750000224216,2.721535100019537,ok,26.744103967651483,26.744103967651483
Composite,TSP-line_noise-n30-g10000-1,23936.20876229818,31004,0.013003700005356222,0.006501850002678111,0.006501850002678111,0.37545950000640005,ok,-22.79638510418597,22.79638510418597
Composite,TSP-line_noise-n30-g10000-2,20610.59337123121,29017,0.012276400004338939,0.006138200002169469,0.006138200002169469,0.4337746999808587,ok,-28.97062628379498,28.97062628379498
Composite,TSP-line_noise-n30-g10000-3,20785.628291320903,28660,0.013400000003457535,0.0067000000017287675,0.0067000000017287675,0.3613605000427924,ok,-27.475128083318552,27.475128083318552
Composite,TSP-line_noise-n30-g10000-4,17495.626441444165,29650,0.013926500003435649,0.0069632500017178245,0.0069632500017178245,0.303669799992349,ok,-40.99282819074481,40.99282819074481
Composite,TSP-line_noise-n30-g10000-5,21851.569311604144,30832,0.011098900002252776,0.005549450001126388,0.005549450001126388,0.2116898000240326,ok,-29.126980696665335,29.126980696665335
Composite,TSP-line_noise-n200-g10000-4,47049.89352893829,36813,0.05519279999862192,0.02759639999931096,0.02759639999931096,2.6897398000000976,ok,27.807822043675586,27.807822043675586
Composite,TSP-line_noise-n200-g10000-3,53837.665214538574,37416,0.0653152000013506,0.0326576000006753,0.0326576000006753,2.096996799984481,ok,43.889419538535854,43.889419538535854
Composite,TSP-line_noise-n200-g10000-5,52691.39179420471,34437,0.06294229999912204,0.03147114999956102,0.03147114999956102,1.513278700003866,ok,53.008077922596954,53.008077922596954
Composite,TSP-line_noise-n1000-g10000-1,78005.42051315308,50575,0.24110739999741782,0.12055369999870891,0.12055369999870891,5.538742400007322,ok,54.23711421285829,54.23711421285829
Composite,TSP-line_noise-n1000-g10000-2,86520.58578205109,55898,0.24120550000225194,0.12060275000112597,0.12060275000112597,4.287416699982714,ok,54.78297216725301,54.78297216725301
Composite,TSP-line_noise-n40-g1000-2,2903.726648953032,3091,0.011243000000831671,0.0056215000004158355,0.0056215000004158355,0.15971170004922897,ok,-6.058665514298543,6.058665514298543
Composite,TSP-line_noise-n40-g1000-1,2653.770630631065,3135,0.012101799999072682,0.006050899999536341,0.006050899999536341,0.11296519997995347,ok,-15.35021911862631,15.35021911862631
Composite,TSP-line_noise-n1000-g1000-2,11064.670783042908,6766,0.2664781999992556,0.1332390999996278,0.1332390999996278,16.23994640004821,ok,63.53341387884876,63.53341387884876
Composite,TSP-line_noise-n1000-g1000-3,8792.234148263931,5705,0.276734300001408,0.138367150000704,0.138367150000704,8.106752499996219,ok,54.114533711900634,54.114533711900634
Composite,TSP-line_noise-n40-g1000-3,1347.3914139270782,2096,0.014828200000920333,0.0074141000004601665,0.0074141000004601665,0.0839632999850437,ok,-35.7160584958455,35.7160584958455
Composite,TSP-line_noise-n1000-g10000-3,82515.83767557144,53234,0.26470269999845186,0.13235134999922593,0.13235134999922593,6.853039500012528,ok,55.005894119494016,55.005894119494016
Composite,TSP-line_noise-n40-g1000-5,1440.8538372516632,2331,0.017053299998224247,0.008526649999112124,0.008526649999112124,0.15857450000476092,ok,-38.18730856921222,38.18730856921222
Composite,TSP-line_noise-n300-g1000-5,4638.769191265106,3708,0.07117699999798788,0.03558849999899394,0.03558849999899394,5.204167800024152,ok,25.10165024986802,25.10165024986802
Composite,TSP-line_noise-n40-g1000-4,2777.1117875087425,3069,0.02264830000058282,0.01132415000029141,0.01132415000029141,0.06592279998585582,ok,-9.510857363677337,9.510857363677337
Composite,TSP-line_noise-n300-g10000-1,49730.77526092529,37771,0.07413250000536209,0.037066250002681045,0.037066250002681045,4.770957400032785,ok,31.6639095097437,31.6639095097437
Composite,TSP-line_noise-n300-g1000-2,6228.417441606522,4031,0.08557009999640286,0.04278504999820143,0.04278504999820143,2.788598599960096,ok,54.51296059554755,54.51296059554755
Composite,TSP-line_noise-n40-g10000-1,27962.51951648993,29953,0.016436400001111906,0.008218200000555953,0.008218200000555953,0.382908400031738,ok,-6.64534598707999,6.64534598707999
Composite,TSP-line_noise-n300-g10000-3,55246.67193984985,39004,0.07445420000294689,0.037227100001473445,0.037227100001473445,3.4552785000414588,ok,41.64360562980682,41.64360562980682
Composite,TSP-line_noise-n300-g1000-1,5674.387413024902,3806,0.09615979999944102,0.04807989999972051,0.04807989999972051,2.7189189000055194,ok,49.09057837690232,49.09057837690232
Composite,TSP-line_noise-n40-g10000-2,30336.76215751444,31602,0.01814419999573147,0.009072099997865735,0.009072099997865735,0.1959509000298567,ok,-4.003663826610846,4.003663826610846
Composite,TSP-line_noise-n40-g10000-3,29768.298197915185,31605,0.016906299999391194,0.008453149999695597,0.008453149999695597,0.3684576000086963,ok,-5.811427945213781,5.811427945213781
Composite,TSP-line_noise-n300-g1000-3,5066.517045497894,3811,0.09530559999984689,0.047652799999923445,0.047652799999923445,2.0224242999684066,ok,32.944556428703606,32.944556428703606
Composite,TSP-line_noise-n300-g1000-4,5290.102756738663,3829,0.09596420000161743,0.047982100000808714,0.047982100000808714,4.004447999992408,ok,38.15886019166003,38.15886019166003
Composite,TSP-line_noise-n40-g10000-4,20959.65373662075,25494,0.027927199997066054,0.013963599998533027,0.013963599998533027,0.8476260000024922,ok,-17.785934978344912,17.785934978344912
Composite,TSP-line_noise-n300-g10000-4,49749.674545288086,37360,0.09156319999601692,0.04578159999800846,0.04578159999800846,4.147504599997774,ok,33.162940431713295,33.162940431713295
Composite,TSP-line_noise-n5-g1000-2,2297.209414264207,2297,0.000133999994432088,6.6999997216044e-05,6.6999997216044e-05,0.10854649997781962,ok,0.009116859564964112,0.009116859564964112
Composite,TSP-line_noise-n40-g10000-5,20918.588263127134,28524,0.02839440000389004,0.01419720000194502,0.01419720000194502,0.5050877000321634,ok,-26.663201994365675,26.663201994365675
Composite,TSP-line_noise-n5-g1000-1,1690.6154770255414,1691,0.00012759999663103372,6.379999831551686e-05,6.379999831551686e-05,0.09858960000565276,ok,-0.02273938346887078,0.02273938346887078
Composite,TSP-line_noise-n5-g1000-3,2649.873253262912,2650,0.00012430000060703605,6.215000030351803e-05,6.215000030351803e-05,0.08850280003389344,ok,-0.004782895739172434,0.004782895739172434
Composite,TSP-line_noise-n5-g1000-4,2759.0278962451257,2759,0.00012799999967683107,6.399999983841553e-05,6.399999983841553e-05,0.09917760000098497,ok,0.0010110998595760418,0.0010110998595760418
Composite,TSP-line_noise-n5-g10000-2,26730.197072136616,26730,0.00012309999874560162,6.154999937280081e-05,6.154999937280081e-05,6.8248636000207625,ok,0.0007372694972541836,0.0007372694972541836
Composite,TSP-line_noise-n5-g10000-1,27069.82881214159,27070,0.000115999995614402,5.7999997807201e-05,5.7999997807201e-05,1.3772024000063539,ok,-0.0006323895766905113,0.0006323895766905113
Composite,TSP-line_noise-n5-g1000-5,2387.711452152001,2387,0.00011709999671438709,5.8549998357193545e-05,5.8549998357193545e-05,0.1223815000266768,ok,0.029805284960248406,0.029805284960248406
Composite,TSP-line_noise-n5-g10000-4,17607.519343673448,17607,0.00012820000119972974,6.410000059986487e-05,6.410000059986487e-05,1.8684281999594532,ok,0.002949643172874539,0.002949643172874539
Composite,TSP-line_noise-n5-g10000-3,28093.952449493787,28094,0.0001329000006080605,6.645000030403025e-05,6.645000030403025e-05,2.5694832999724895,ok,-0.00016925502318344146,0.00016925502318344146
Composite,TSP-line_noise-n5-g10000-5,24050.179957972654,24050,0.00010479999764356762,5.239999882178381e-05,5.239999882178381e-05,0.891630099969916,ok,0.0007482659985610717,0.0007482659985610717
Composite,TSP-line_noise-n1000-g1000-5,12163.345150470734,7181,0.32209290000173496,0.16104645000086748,0.16104645000086748,52.331671399995685,ok,69.3823304619236,69.3823304619236
Composite,TSP-line_noise-n1000-g1000-4,11255.784829616547,6799,0.3211645999981556,0.1605822999990778,0.1605822999990778,8.113024299964309,ok,65.55059316982714,65.55059316982714
Composite,TSP-line_noise-n1000-g10000-5,84093.13042116165,54135,0.29812220000167144,0.14906110000083572,0.14906110000083572,31.594816600030754,ok,55.33967012313965,55.33967012313965
Composite,TSP-line_noise-n300-g10000-2,71806.45360565186,43857,0.11533000000054017,0.057665000000270084,0.057665000000270084,4.430159299983643,ok,63.72860342853331,63.72860342853331
Composite,TSP-line_noise-n1000-g1000-1,13453.041224956512,7670,0.3562543999942136,0.1781271999971068,0.1781271999971068,12.204721199988853,ok,75.39819067739913,75.39819067739913
Composite,TSP-line_noise-n50-g1000-1,3079.1197495388196,3175,0.016503600003488827,0.008251800001744414,0.008251800001744414,0.08859070000471547,ok,-3.0198504082261532,3.0198504082261532
Composite,TSP-line_noise-n50-g1000-3,3283.1438591691353,3245,0.016903600000659935,0.008451800000329968,0.008451800000329968,0.2650196999893524,ok,1.1754656138408426,1.1754656138408426
Composite,TSP-line_noise-n50-g1000-2,3358.628291430893,3197,0.018950500001665205,0.009475250000832602,0.009475250000832602,0.160065800009761,ok,5.055623754485239,5.055623754485239
Composite,TSP-line_noise-n1000-g10000-4,90954.3574886322,58129,0.31916430000273976,0.15958215000136988,0.15958215000136988,20.81497649999801,ok,56.46984721676307,56.46984721676307
Composite,TSP-line_noise-n300-g10000-5,52413.07836151123,38501,0.10640039999998407,0.05320019999999204,0.05320019999999204,3.848907000035979,ok,36.13432991743391,36.13432991743391
Composite,TSP-line_noise-n50-g1000-5,3159.5523733592395,3211,0.02487249999830965,0.012436249999154825,0.012436249999154825,0.0812335999798961,ok,-1.602230664614155,1.602230664614155
Composite,TSP-line_noise-n50-g1000-4,3219.2027992035555,3168,0.02656550000392599,0.013282750001962995,0.013282750001962995,0.09449390001827851,ok,1.616249974859707,1.616249974859707
Composite,TSP-line_noise-n50-g10000-1,30346.888334562413,33183,0.029453600000124425,0.014726800000062212,0.014726800000062212,0.3583539000246674,ok,-8.546881431569139,8.546881431569139
Composite,TSP-line_noise-n50-g10000-3,33673.97570825281,31599,0.02058969999779947,0.010294849998899736,0.010294849998899736,0.3555882999789901,ok,6.566586626959108,6.566586626959108
Composite,TSP-line_noise-n50-g10000-5,32624.086774970427,32406,0.01959329999954207,0.009796649999771034,0.009796649999771034,0.5722340999636799,ok,0.6729827037290212,0.6729827037290212
Composite,TSP-line_noise-n50-g10000-2,14048.831645965576,21675,0.029443999999784864,0.014721999999892432,0.014721999999892432,0.6534516999963671,ok,-35.184167723342206,35.184167723342206
Composite,TSP-line_noise-n50-g10000-4,14949.36706161499,23882,0.022351999999955297,0.011175999999977648,0.011175999999977648,0.35295059997588396,ok,-37.40320299131149,37.40320299131149
Composite,TSP-line_noise-n400-g1000-5,6232.444921255112,4275,0.1189719999965746,0.0594859999982873,0.0594859999982873,5.128029600018635,ok,45.788185292517234,45.788185292517234
Composite,TSP-line_noise-n400-g10000-4,60482.770278930664,39773,0.11661779999849387,0.05830889999924693,0.05830889999924693,9.524631700012833,ok,52.069922507557045,52.069922507557045
Composite,TSP-line_noise-n400-g1000-1,6026.639426231384,4242,0.13377960000070743,0.06688980000035372,0.06688980000035372,7.6729078000062145,ok,42.07070783195154,42.07070783195154
Composite,TSP-line_noise-n400-g10000-2,62468.14507865906,41943,0.12397800000326242,0.06198900000163121,0.06198900000163121,6.300679000036325,ok,48.93580592389447,48.93580592389447
Composite,TSP-line_noise-n400-g1000-3,6341.33932185173,4382,0.13217620000068564,0.06608810000034282,0.06608810000034282,6.108798699977342,ok,44.71335741332109,44.71335741332109
Composite,TSP-line_noise-n400-g10000-3,56240.48406982422,40923,0.13210999999864725,0.06605499999932363,0.06605499999932363,5.136573399999179,ok,37.43001263305285,37.43001263305285
Composite,TSP-line_noise-n400-g1000-4,6431.486269712448,4339,0.14177090000157477,0.07088545000078739,0.07088545000078739,7.506071400013752,ok,48.22508111805596,48.22508111805596
Composite,TSP-line_noise-n60-g1000-1,3259.121813495163,3190,0.018862700002500787,0.009431350001250394,0.009431350001250394,0.7722540999529883,ok,2.166828009252766,2.166828009252766
Composite,TSP-line_noise-n400-g1000-2,5799.5947914123535,4093,0.14844689999881666,0.07422344999940833,0.07422344999940833,6.153651600005105,ok,41.695450559793635,41.695450559793635
Composite,TSP-line_noise-n60-g1000-2,3645.3716847531473,3219,0.018722200002230238,0.009361100001115119,0.009361100001115119,1.6379668000154197,ok,13.24547016940501,13.24547016940501
Composite,TSP-line_noise-n60-g1000-3,3327.3993304080595,3226,0.021082400002342183,0.010541200001171092,0.010541200001171092,1.4340310999541543,ok,3.1431906512107735,3.1431906512107735
Composite,TSP-line_noise-n400-g10000-5,57109.058161735535,39735,0.14157549999799812,0.07078774999899906,0.07078774999899906,3.580055699974764,ok,43.724822352423644,43.724822352423644
Composite,TSP-line_noise-n60-g1000-5,3553.0862425558994,3309,0.026207000002614222,0.013103500001307111,0.013103500001307111,0.18992749997414649,ok,7.37643525403141,7.37643525403141
Composite,TSP-line_noise-n60-g1000-4,1617.7511222362518,2300,0.029427499997837003,0.014713749998918502,0.014713749998918502,0.06097860005684197,ok,-29.662994685380355,29.662994685380355
Composite,TSP-line_noise-n400-g10000-1,75528.38018512726,44494,0.15330969999922672,0.07665484999961336,0.07665484999961336,2.7327393000014126,ok,69.74958462967425,69.74958462967425
Composite,TSP-line_noise-n60-g10000-1,34832.22729597864,32647,0.025198399998771492,0.012599199999385746,0.012599199999385746,0.8800307000055909,ok,6.693501075071652,6.693501075071652
Composite,TSP-line_noise-n60-g10000-2,33517.47302833912,32588,0.0246426999947289,0.01232134999736445,0.01232134999736445,0.7518795999931172,ok,2.852194146124703,2.852194146124703
Composite,TSP-line_noise-n500-g1000-2,7436.1222240924835,4844,0.11741890000121202,0.05870945000060601,0.05870945000060601,4.558396200009156,ok,53.51201948993566,53.51201948993566
Composite,TSP-line_noise-n60-g10000-4,20355.163479420156,28044,0.023050800002238248,0.011525400001119124,0.011525400001119124,1.6861372999846935,ok,-27.41704650042734,27.41704650042734
Composite,TSP-line_noise-n60-g10000-3,36631.36162218162,32624,0.026744499999040272,0.013372249999520136,0.013372249999520136,0.36640780000016093,ok,12.283477262695007,12.283477262695007
Composite,TSP-line_noise-n500-g1000-3,6192.006411075592,4317,0.12660090000281343,0.06330045000140672,0.06330045000140672,4.864058099978138,ok,43.43308804900607,43.43308804900607
Composite,TSP-line_noise-n60-g10000-5,17814.396787928577,22841,0.03476289999525761,0.017381449997628806,0.017381449997628806,0.6698989999713376,ok,-22.00693144814773,22.00693144814773
Composite,TSP-line_noise-n500-g10000-5,56567.096311569214,41299,0.12781040000118082,0.06390520000059041,0.06390520000059041,7.745369500014931,ok,36.9696513512899,36.9696513512899
Composite,TSP-line_noise-n70-g1000-1,3583.3599428469365,3186,0.02139790000364883,0.010698950001824414,0.010698950001824414,1.7632248000008985,ok,12.472063491743143,12.472063491743143
Composite,TSP-line_noise-n70-g1000-2,3864.0449110433487,3398,0.01875080000172602,0.00937540000086301,0.00937540000086301,1.491798699949868,ok,13.715271072494078,13.715271072494078
Composite,TSP-line_noise-n500-g1000-5,6997.544017314911,4637,0.14650019999680808,0.07325009999840404,0.07325009999840404,9.103967800037935,ok,50.90670729598686,50.90670729598686
Composite,TSP-line_noise-n500-g10000-2,56182.6956577301,40204,0.14094610000029206,0.07047305000014603,0.07047305000014603,6.720261800044682,ok,39.744044517287094,39.744044517287094
Composite,TSP-line_noise-n500-g10000-3,82065.7562789917,50604,0.1396043999993708,0.0698021999996854,0.0698021999996854,4.054906699981075,ok,62.172469130882334,62.172469130882334
Composite,TSP-line_noise-n500-g10000-1,61570.868602752686,42695,0.15006989999528741,0.07503494999764371,0.07503494999764371,7.234000599943101,ok,44.21095819827306,44.21095819827306
Composite,TSP-line_noise-n500-g1000-1,8482.381180524826,4954,0.17010319999826606,0.08505159999913303,0.08505159999913303,5.399986100033857,ok,71.22287405177283,71.22287405177283
Composite,TSP-line_noise-n500-g1000-4,7105.5709064006805,4692,0.16128659999958472,0.08064329999979236,0.08064329999979236,5.222816299996339,ok,51.440130144942046,51.440130144942046
Composite,TSP-line_noise-n500-g10000-4,77598.72635173798,46660,0.1560232999981963,0.07801164999909815,0.07801164999909815,4.856502200011164,ok,66.30674314560217,66.30674314560217
Composite,TSP-line_noise-n70-g1000-5,3921.6224269866943,3341,0.021734099995228462,0.010867049997614231,0.010867049997614231,0.37805280002066866,ok,17.378701795471247,17.378701795471247
Composite,TSP-line_noise-n70-g10000-1,36636.86948932182,32130,0.022189800001797266,0.011094900000898633,0.011094900000898633,0.8254399999859743,ok,14.026982537571802,14.026982537571802
Composite,TSP-line_noise-n70-g1000-3,1866.5657176971436,2461,0.03184309999778634,0.01592154999889317,0.01592154999889317,0.5055124000064097,ok,-24.15417644465081,24.15417644465081
Composite,TSP-line_noise-n70-g1000-4,3568.6498374938965,3160,0.028926599996339064,0.014463299998169532,0.014463299998169532,0.1949113000300713,ok,12.931956882718243,12.931956882718243
Composite,TSP-line_noise-n70-g10000-3,18552.687210083008,26093,0.030987400001322385,0.015493700000661192,0.015493700000661192,1.5671040000161156,ok,-28.897837695615653,28.897837695615653
Composite,TSP-line_noise-n70-g10000-2,30773.878831814498,32008,0.03249709999363404,0.01624854999681702,0.01624854999681702,1.8043891999986954,ok,-3.855664734396095,3.855664734396095
Composite,TSP-line_noise-n70-g10000-4,38141.19792175293,33064,0.034297100006369874,0.017148550003184937,0.017148550003184937,0.22081799997249618,ok,15.355667559136613,15.355667559136613
Composite,TSP-line_noise-n70-g10000-5,35988.18925362708,31929,0.03632330000255024,0.01816165000127512,0.01816165000127512,0.4456309999804944,ok,12.713173771891014,12.713173771891014
Composite,TSP-line_noise-n600-g10000-5,71554.37030410767,47020,0.1473651999986032,0.0736825999993016,0.0736825999993016,12.37861980003072,ok,52.178584228217076,52.178584228217076
Composite,TSP-line_noise-n8-g1000-1,2211.842677053196,2212,0.0004645000008167699,0.00023225000040838495,0.00023225000040838495,0.08938299998408183,ok,-0.007112248951356934,0.007112248951356934
Composite,TSP-line_noise-n8-g1000-2,2894.0636044657494,2894,0.000458399998024106,0.000229199999012053,0.000229199999012053,0.12341449997620657,ok,0.0021978046216119367,0.0021978046216119367
Composite,TSP-line_noise-n600-g10000-2,65322.5374212265,44975,0.15350719999696594,0.07675359999848297,0.07675359999848297,7.693786500021815,ok,45.24188420506171,45.24188420506171
Composite,TSP-line_noise-n8-g1000-4,2791.462528799071,2791,0.00045560000580735505,0.00022780000290367752,0.00022780000290367752,0.0804704999900423,ok,0.016572153316773607,0.016572153316773607
Composite,TSP-line_noise-n8-g1000-3,2847.615909578937,2848,0.00045510000200010836,0.00022755000100005418,0.00022755000100005418,0.08253690000856295,ok,-0.013486320964285991,0.013486320964285991
Composite,TSP-line_noise-n8-g10000-1,22446.128547865403,22445,0.0004226000019116327,0.00021130000095581636,0.00021130000095581636,1.07303770002909,ok,0.005028059101816226,0.005028059101816226
Composite,TSP-line_noise-n8-g1000-5,2926.148208191508,2926,0.0004557000065688044,0.0002278500032844022,0.0002278500032844022,0.091148899984546,ok,0.005065215020773059,0.005065215020773059
Composite,TSP-line_noise-n8-g10000-2,24508.345876548683,24508,0.0004545999981928617,0.00022729999909643084,0.00022729999909643084,1.6604499000241049,ok,0.0014112801888485754,0.0014112801888485754
Composite,TSP-line_noise-n8-g10000-3,21002.31054114533,21003,0.0004495000030146912,0.0002247500015073456,0.0002247500015073456,0.7291148999938741,ok,-0.0032826684505599295,0.0032826684505599295
Composite,TSP-line_noise-n600-g1000-2,8801.539610862732,5498,0.17674889999761945,0.08837444999880972,0.08837444999880972,13.52973509998992,ok,60.08620609062808,60.08620609062808
Composite,TSP-line_noise-n8-g10000-5,24717.259799939216,24718,0.00044209999759914353,0.00022104999879957177,0.00022104999879957177,0.9251907999860123,ok,-0.0029945790953294607,0.0029945790953294607
Composite,TSP-line_noise-n8-g10000-4,26291.946859806427,26291,0.00043759999971371144,0.00021879999985685572,0.00021879999985685572,1.3732047999510542,ok,0.003601459839590737,0.003601459839590737
Composite,TSP-line_noise-n600-g1000-4,7938.82781124115,5154,0.17020290000073146,0.08510145000036573,0.08510145000036573,8.381685899978038,ok,54.03235955066259,54.03235955066259
Composite,TSP-line_noise-n600-g10000-3,71095.06166553497,47109,0.17693080000026384,0.08846540000013192,0.08846540000013192,4.125985699996818,ok,50.91609175642653,50.91609175642653
Composite,TSP-line_noise-n600-g10000-1,78742.56556224823,50254,0.18026890000328422,0.09013445000164211,0.09013445000164211,8.210245100024622,ok,56.6891502412708,56.6891502412708
Composite,TSP-line_noise-n600-g1000-3,10139.04721403122,5911,0.19453129999601515,0.09726564999800758,0.09726564999800758,20.71598149999045,ok,71.52845904299137,71.52845904299137
Composite,TSP-line_noise-n80-g1000-3,3736.177255630493,3254,0.026157500004046597,0.013078750002023298,0.013078750002023298,0.21894509997218847,ok,14.817985729271454,14.817985729271454
Composite,TSP-line_noise-n80-g1000-1,3759.806800842285,3282,0.02782110000407556,0.01391055000203778,0.01391055000203778,0.25818669999716803,ok,14.558403438217098,14.558403438217098
Composite,TSP-line_noise-n80-g1000-4,4055.0758395195007,3360,0.026856800002860837,0.013428400001430418,0.013428400001430418,1.092907100042794,ok,20.68678093808038,20.68678093808038
Composite,TSP-line_noise-n80-g1000-2,3765.9982412741515,3262,0.027542000003450084,0.013771000001725042,0.013771000001725042,0.6281069999677129,ok,15.45058986125541,15.45058986125541
Composite,TSP-line_noise-n80-g10000-1,19177.796877214027,24267,0.02119640000455547,0.010598200002277736,0.010598200002277736,3.1960871999617666,ok,-20.971702817760633,20.971702817760633
Composite,TSP-line_noise-n600-g1000-5,8182.558016061783,5217,0.21181950000027427,0.10590975000013714,0.10590975000013714,9.14870229997905,ok,56.84412528391379,56.84412528391379
Composite,TSP-line_noise-n700-g1000-2,8849.312890291214,5554,0.1495753999988665,0.07478769999943324,0.07478769999943324,7.629846700001508,ok,59.33224505385694,59.33224505385694
Composite,TSP-line_noise-n80-g1000-5,3137.315250719953,3112,0.032238100000540726,0.016119050000270363,0.016119050000270363,0.1451355000026524,ok,0.8134720668365337,0.8134720668365337
Composite,TSP-line_noise-n600-g1000-1,10549.86859703064,6222,0.2294426000007661,0.11472130000038305,0.11472130000038305,10.337055499956477,ok,69.55751522067888,69.55751522067888
Composite,TSP-line_noise-n600-g10000-4,87408.03150844574,52339,0.21621759999834467,0.10810879999917233,0.10810879999917233,6.83521109999856,ok,67.0036330622399,67.0036330622399
Composite,TSP-line_noise-n80-g10000-2,39120.31612260004,33242,0.03973089999635704,0.01986544999817852,0.01986544999817852,1.063296900014393,ok,17.68340088622838,17.68340088622838
Composite,TSP-line_noise-n80-g10000-3,35074.797607421875,29848,0.031781000005139504,0.015890500002569752,0.015890500002569752,0.9727469999925233,ok,17.511383032102234,17.511383032102234
Composite,TSP-line_noise-n80-g10000-4,36235.508781433105,31798,0.02989009999873815,0.014945049999369076,0.014945049999369076,0.5696435000281781,ok,13.955307822608672,13.955307822608672
Composite,TSP-line_noise-n80-g10000-5,20513.426736831665,29035,0.03186439999990398,0.01593219999995199,0.01593219999995199,1.1700560000026599,ok,-29.349313804609384,29.349313804609384
Composite,TSP-line_noise-n700-g10000-2,76801.17924594879,50143,0.17116250000253785,0.08558125000126893,0.08558125000126893,13.898695099982433,ok,53.16430856938913,53.16430856938913
Composite,TSP-line_noise-n90-g1000-1,3865.1008319854736,3259,0.02749279999989085,0.013746399999945424,0.013746399999945424,1.4284902000217699,ok,18.597754893693576,18.597754893693576
Composite,TSP-line_noise-n700-g1000-3,7511.760334014893,4953,0.20253309999679914,0.10126654999839957,0.10126654999839957,12.313857899978757,ok,51.66081837300409,51.66081837300409
Composite,TSP-line_noise-n700-g10000-3,69227.12688064575,45815,0.1807803999981843,0.09039019999909215,0.09039019999909215,10.93676949996734,ok,51.10144468109954,51.10144468109954
Composite,TSP-line_noise-n700-g10000-1,68227.72667503357,46256,0.19983879999927012,0.09991939999963506,0.09991939999963506,7.111163099994883,ok,47.500273856437154,47.500273856437154
Composite,TSP-line_noise-n700-g1000-1,7967.802441596985,5250,0.21506360000057612,0.10753180000028806,0.10753180000028806,11.70760419999715,ok,51.76766555422828,51.76766555422828
Composite,TSP-line_noise-n90-g1000-2,3684.698980331421,3224,0.02559359999577282,0.01279679999788641,0.01279679999788641,0.2745590000413358,ok,14.289670605813305,14.289670605813305
Composite,TSP-line_noise-n700-g10000-4,65426.49620437622,45250,0.1940415000062785,0.09702075000313926,0.09702075000313926,16.24251180002466,ok,44.588941888124246,44.588941888124246
Composite,TSP-line_noise-n700-g10000-5,76814.67956066132,48945,0.1976016000044183,0.09880080000220914,0.09880080000220914,8.308387500001118,ok,56.94081021689921,56.94081021689921
Composite,TSP-line_noise-n90-g1000-5,3913.2254524230957,3270,0.022134899998491164,0.011067449999245582,0.011067449999245582,0.3904834999702871,ok,19.67050313220476,19.67050313220476
Composite,TSP-line_noise-n90-g1000-3,3926.5073268413544,3372,0.02671310000005178,0.01335655000002589,0.01335655000002589,0.25822119996882975,ok,16.444464022578718,16.444464022578718
Composite,TSP-line_noise-n90-g10000-1,38192.68926239014,32853,0.028935499998624437,0.014467749999312218,0.014467749999312218,0.3434183999779634,ok,16.253277516178542,16.253277516178542
Composite,TSP-line_noise-n90-g1000-4,3785.858317475708,3320,0.03771190000406932,0.01885595000203466,0.01885595000203466,1.1694689999567345,ok,14.03187703240085,14.03187703240085
Composite,TSP-line_noise-n90-g10000-2,38998.23898350283,33492,0.03146749999723397,0.015733749998616986,0.015733749998616986,1.1277326999697834,ok,16.440460359198703,16.440460359198703
Composite,TSP-line_noise-n700-g1000-4,10468.006647348404,6148,0.2437145000003511,0.12185725000017555,0.12185725000017555,9.766425499983598,ok,70.26686153787254,70.26686153787254
Composite,TSP-line_noise-n90-g10000-3,40263.632583618164,33531,0.03382410000631353,0.016912050003156764,0.016912050003156764,1.219951500010211,ok,20.078830287251094,20.078830287251094
Composite,TSP-line_noise-n90-g10000-4,37892.25046539307,31805,0.03648360000079265,0.018241800000396324,0.018241800000396324,0.6601830000290647,ok,19.139287739012943,19.139287739012943
Composite,TSP-line_noise-n90-g10000-5,37530.58874511719,31583,0.04160540000157198,0.02080270000078599,0.02080270000078599,1.276886499952525,ok,18.83161430236896,18.83161430236896
Composite,TSP-line_noise-n700-g1000-5,8211.042381130905,5946,0.2870436000011978,0.1435218000005989,0.1435218000005989,7.781146200024523,ok,38.093548286762605,38.093548286762605
Composite,TSP-line_noise-n800-g1000-2,7616.290864229202,5077,0.1962712000022293,0.09813560000111465,0.09813560000111465,34.633051500015426,ok,50.01557739273591,50.01557739273591
Composite,TSP-normal-n10-g1000-1,1390.150954548539,1391,0.0024113000035868026,0.0012056500017934013,0.0012056500017934013,0.42171830000006594,ok,-0.061038493994324365,0.061038493994324365
Composite,TSP-normal-n10-g1000-2,1725.4637568661337,1725,0.002299300002050586,0.001149650001025293,0.001149650001025293,0.22163930001261178,ok,0.02688445600775278,0.02688445600775278
Composite,TSP-normal-n10-g1000-3,1825.4671505541405,1826,0.0023991000052774325,0.0011995500026387163,0.0011995500026387163,0.4622107000031974,ok,-0.029181240189456913,0.029181240189456913
Composite,TSP-normal-n10-g1000-4,1414.230015016442,1414,0.0023564000002807006,0.0011782000001403503,0.0011782000001403503,0.09682239999528974,ok,0.016266974288680285,0.016266974288680285
Composite,TSP-normal-n10-g1000-5,2296.2436715939753,2295,0.0023702000034973025,0.0011851000017486513,0.0011851000017486513,0.3092878000024939,ok,0.0541904833976144,0.0541904833976144
Composite,TSP-normal-n10-g10000-1,15502.09409941965,15502,0.002372700000705663,0.0011863500003528316,0.0011863500003528316,0.04032240000378806,ok,0.0006070147055209973,0.0006070147055209973
Composite,TSP-normal-n10-g10000-2,13552.333968034933,13553,0.0024628000028315,0.00123140000141575,0.00123140000141575,0.03860869999334682,ok,-0.004914277024033827,0.004914277024033827
Composite,TSP-normal-n10-g10000-3,12592.564940555094,12592,0.002507600001990795,0.0012538000009953976,0.0012538000009953976,0.08179120000568219,ok,0.004486503772982262,0.004486503772982262
Composite,TSP-normal-n10-g10000-4,18891.92436357838,18893,0.002343600004678592,0.001171800002339296,0.001171800002339296,0.0539128999953391,ok,-0.005693306630081572,0.005693306630081572
Composite,TSP-line_noise-n800-g1000-5,9539.28455901146,5950,0.22113760000502225,0.11056880000251113,0.11056880000251113,16.351178300043102,ok,60.324110235486714,60.324110235486714
Composite,TSP-normal-n10-g10000-5,16327.52700174807,16328,0.0024229000046034344,0.0012114500023017172,0.0012114500023017172,0.041454399994108826,ok,-0.002896853576245172,0.002896853576245172
Composite,TSP-line_noise-n800-g10000-3,71128.28113174438,48573,0.21890340000391006,0.10945170000195503,0.10945170000195503,15.851468199980445,ok,46.43584117049469,46.43584117049469
Composite,TSP-line_noise-n800-g1000-4,7625.681934595108,5100,0.25187089999963064,0.12593544999981532,0.12593544999981532,29.788645900029223,ok,49.523175188139376,49.523175188139376
Composite,TSP-line_noise-n800-g1000-3,10098.78866481781,6314,0.2636638999974821,0.13183194999874104,0.13183194999874104,20.711412400007248,ok,59.94280432083956,59.94280432083956
Composite,TSP-normal-n100-g1000-2,6099.170410824986,5934,0.036854799996945076,0.018427399998472538,0.018427399998472538,0.3067337999964366,ok,2.7834582208457364,2.7834582208457364
Composite,TSP-line_noise-n800-g10000-1,72457.6138343811,47711,0.2615628999992623,0.13078144999963115,0.13078144999963115,14.519427600025665,ok,51.86773246081847,51.86773246081847
Composite,TSP-normal-n100-g1000-1,6037.7608937969,5922,0.03672970000479836,0.01836485000239918,0.01836485000239918,0.3882884000049671,ok,1.954760111396485,1.954760111396485
Composite,TSP-normal-n100-g1000-3,6162.760381968616,6267,0.03599120000581024,0.01799560000290512,0.01799560000290512,0.2873156999994535,ok,-1.6633096861558074,1.6633096861558074
Composite,TSP-line_noise-n800-g10000-5,99553.87594795227,60616,0.2589208999997936,0.1294604499998968,0.1294604499998968,15.078985700034536,ok,64.23696045260702,64.23696045260702
Composite,TSP-line_noise-n800-g1000-1,12081.42053604126,6968,0.303814600003534,0.151907300001767,0.151907300001767,15.473641899996437,ok,73.38433605110878,73.38433605110878
Composite,TSP-line_noise-n800-g10000-2,122148.58796024323,70959,0.28316809999523684,0.14158404999761842,0.14158404999761842,6.932110099995043,ok,72.13966933051935,72.13966933051935
Composite,TSP-normal-n100-g1000-4,6142.516597876181,5712,0.039247500004421454,0.019623750002210727,0.019623750002210727,0.5022791999945184,ok,7.53705528494714,7.53705528494714
Composite,TSP-normal-n100-g10000-1,62150.27109874842,58587,0.030661100005090702,0.015330550002545351,0.015330550002545351,0.40119920000142884,ok,6.082016656849501,6.082016656849501
Composite,TSP-normal-n100-g1000-5,5346.171599002304,4925,0.03344719999586232,0.01672359999793116,0.01672359999793116,0.26402539999980945,ok,8.551707593955411,8.551707593955411
Composite,TSP-normal-n100-g10000-2,57786.71998576818,55767,0.04366709999885643,0.021833549999428215,0.021833549999428215,0.2106460000068182,ok,3.6217117395021736,3.6217117395021736
Composite,TSP-normal-n100-g10000-3,64988.667660264065,59777,0.04744750000099884,0.02372375000049942,0.02372375000049942,0.7494975000008708,ok,8.71851658708879,8.71851658708879
Composite,TSP-normal-n100-g10000-4,54740.68025025442,55631,0.04552500000136206,0.02276250000068103,0.02276250000068103,0.46938670000236016,ok,-1.600402203349889,1.600402203349889
Composite,TSP-line_noise-n800-g10000-4,116019.79268026352,67801,0.3112957999983337,0.15564789999916684,0.15564789999916684,5.459234500012826,ok,71.11811430548741,71.11811430548741
Composite,TSP-normal-n100-g10000-5,57939.65308899649,56177,0.05070910000358708,0.02535455000179354,0.02535455000179354,0.3129428999964148,ok,3.1376774996822405,3.1376774996822405
Composite,TSP-line_noise-n900-g10000-1,70096.02080726624,48182,0.2568570000003092,0.1284285000001546,0.1284285000001546,23.48611030000029,ok,45.48175834806823,45.48175834806823
Composite,TSP-line_noise-n900-g10000-3,80880.9744310379,52911,0.25087960000382736,0.12543980000191368,0.12543980000191368,17.803887100017164,ok,52.86230543939428,52.86230543939428
Composite,TSP-normal-n20-g1000-1,1809.1866855621338,2489,0.006693000002996996,0.003346500001498498,0.003346500001498498,0.2674762999959057,ok,-27.312708494892174,27.312708494892174
Composite,TSP-line_noise-n900-g1000-1,9468.917985639044,6719,0.29053839999687625,0.14526919999843813,0.14526919999843813,51.92699680000078,ok,40.927488995967316,40.927488995967316
Composite,TSP-normal-n20-g1000-3,2038.125991821289,2562,0.010889499993936624,0.005444749996968312,0.005444749996968312,0.41137699999671895,ok,-20.447853558888017,20.447853558888017
Composite,TSP-normal-n20-g1000-2,1832.437385559082,2258,0.014625199997681193,0.0073125999988405965,0.0073125999988405965,0.11164119999739341,ok,-18.84688283617883,18.84688283617883
Composite,TSP-line_noise-n900-g1000-5,9903.663653612137,5860,0.29154120000021067,0.14577060000010533,0.14577060000010533,18.306119600019883,ok,69.00449920839824,69.00449920839824
Composite,TSP-normal-n20-g1000-4,1697.6581201553345,2287,0.013256799997179769,0.0066283999985898845,0.0066283999985898845,0.11200259999895934,ok,-25.769212061419566,25.769212061419566
Composite,TSP-line_noise-n900-g1000-2,9146.54244351387,5834,0.30672539999795845,0.15336269999897922,0.15336269999897922,9.920081200019922,ok,56.7799527513519,56.7799527513519
Composite,TSP-normal-n20-g10000-1,15301.979919433594,21298,0.011173899998539127,0.005586949999269564,0.005586949999269564,0.05145440000342205,ok,-28.15297248833884,28.15297248833884
Composite,TSP-line_noise-n900-g1000-4,9524.798795223236,5990,0.2964646999971592,0.1482323499985796,0.1482323499985796,14.459175299969502,ok,59.01166603043799,59.01166603043799
Composite,TSP-normal-n20-g1000-5,1494.2022304534912,1958,0.011755100000300445,0.005877550000150222,0.005877550000150222,0.260193199996138,ok,-23.68732224445908,23.68732224445908
Composite,TSP-normal-n20-g10000-2,14069.7001953125,20051,0.014212500005669426,0.007106250002834713,0.007106250002834713,0.04734580000513233,ok,-29.830431423308063,29.830431423308063
Composite,TSP-line_noise-n900-g10000-4,85210.31791305542,54372,0.27982690000499133,0.13991345000249567,0.13991345000249567,3.147703199996613,ok,56.717277115161146,56.717277115161146
Composite,TSP-normal-n20-g10000-3,15451.195114135742,19809,0.01791370000137249,0.008956850000686245,0.008956850000686245,0.09427990000403952,ok,-21.99911598699711,21.99911598699711
Composite,TSP-normal-n20-g10000-5,18341.877380371094,26410,0.014163199994072784,0.007081599997036392,0.007081599997036392,0.11478059999353718,ok,-30.54949874906818,30.54949874906818
Composite,TSP-normal-n20-g10000-4,20059.714309692383,25866,0.016088299998955335,0.008044149999477668,0.008044149999477668,0.07278170000063255,ok,-22.44755930684148,22.44755930684148
Composite,TSP-line_noise-n900-g10000-5,81221.2559709549,52602,0.26653390000137733,0.13326695000068867,0.13326695000068867,8.514512499968987,ok,54.40716317051613,54.40716317051613
Composite,TSP-line_noise-n900-g1000-3,10364.272050380707,6156,0.33628869999665767,0.16814434999832883,0.16814434999832883,13.94544479995966,ok,68.36049464556055,68.36049464556055
Composite,TSP-normal-n200-g10000-3,78622.27716353431,78801,0.040602200002467725,0.020301100001233863,0.020301100001233863,1.6053994999965653,ok,-0.22680275182509257,0.22680275182509257
Composite,TSP-normal-n200-g1000-3,8488.360050674988,8691,0.05456590000540018,0.02728295000270009,0.02728295000270009,1.765908400004264,ok,-2.331606826890023,2.331606826890023
Composite,TSP-normal-n200-g1000-4,8753.71712561989,8396,0.05389380000269739,0.026946900001348695,0.026946900001348695,0.888798100000713,ok,4.260566050737146,4.260566050737146
Composite,TSP-line_noise-n900-g10000-2,114893.35818771036,68595,0.34711869999591727,0.17355934999795863,0.17355934999795863,6.014943999995012,ok,67.49523753584133,67.49523753584133
Composite,TSP-normal-n200-g1000-5,7939.07480224524,7731,0.052782599996135104,0.026391299998067552,0.026391299998067552,1.0683924999902956,ok,2.6914345135847872,2.6914345135847872
Composite,TSP-normal-n200-g1000-1,7975.012318747955,7863,0.06942459999845596,0.03471229999922798,0.03471229999922798,0.703337900005863,ok,1.424549392699413,1.424549392699413
Composite,TSP-normal-n200-g1000-2,7888.410492682122,7692,0.06899619999603601,0.034498099998018006,0.034498099998018006,1.8592062999960035,ok,2.5534385424092814,2.5534385424092814
Composite,TSP-normal-n200-g10000-2,80412.47813509271,79426,0.0635340000008,0.0317670000004,0.0317670000004,3.170084699988365,ok,1.2420090840438998,1.2420090840438998
Composite,TSP-normal-n30-g1000-1,2401.437740802765,2882,0.015691300002799835,0.007845650001399918,0.007845650001399918,0.13309980000485666,ok,-16.674609965205935,16.674609965205935
Composite,TSP-normal-n200-g10000-1,77359.57691877564,80738,0.0690208999949391,0.03451044999746955,0.03451044999746955,1.1923419000086142,ok,-4.184427507771263,4.184427507771263
Composite,TSP-normal-n30-g10000-1,23594.26608884794,31191,0.013512799996533431,0.0067563999982667156,0.0067563999982667156,0.0482044000091264,ok,-24.35553175964881,24.35553175964881
Composite,TSP-normal-n30-g1000-3,2175.3348512649536,2846,0.01719489999959478,0.00859744999979739,0.00859744999979739,0.08830409999063704,ok,-23.56518442498406,23.56518442498406
Composite,TSP-normal-n30-g1000-2,2693.8212451934814,3334,0.017550799995660782,0.008775399997830391,0.008775399997830391,0.0881272000115132,ok,-19.20152233972761,19.20152233972761
Composite,TSP-normal-n30-g1000-4,2582.513346672058,3423,0.016833200003020465,0.008416600001510233,0.008416600001510233,0.07966210000449792,ok,-24.554094458894006,24.554094458894006
Composite,TSP-normal-n30-g1000-5,2689.1539001464844,3512,0.017358299999614246,0.008679149999807123,0.008679149999807123,0.07404819999646861,ok,-23.429558651865477,23.429558651865477
Composite,TSP-normal-n30-g10000-3,21618.359115600586,26166,0.011897299998963717,0.005948649999481859,0.005948649999481859,0.04836439999053255,ok,-17.379962105019544,17.379962105019544
Composite,TSP-normal-n30-g10000-2,18372.881622314453,23176,0.017689499996777158,0.008844749998388579,0.008844749998388579,0.06597199999669101,ok,-20.724535630331147,20.724535630331147
Composite,TSP-normal-n30-g10000-4,25281.48129272461,32625,0.01595660000020871,0.007978300000104355,0.007978300000104355,0.06995940000342671,ok,-22.508869600844108,22.508869600844108
Composite,TSP-normal-n30-g10000-5,22203.602905273438,25634,0.016042600000218954,0.008021300000109477,0.008021300000109477,0.04102009999041911,ok,-13.38221539645222,13.38221539645222
Composite,TSP-normal-n200-g10000-4,82407.53437938442,78691,0.07359849999920698,0.03679924999960349,0.03679924999960349,2.373877399993944,ok,4.722947197753774,4.722947197753774
Composite,TSP-normal-n200-g10000-5,81546.35753584416,81601,0.04918249999900581,0.024591249999502907,0.024591249999502907,2.3244549999944866,ok,-0.06696298348775208,0.06696298348775208
Composite,TSP-normal-n300-g1000-2,9757.169121930825,9885,0.07358609999937471,0.036793049999687355,0.036793049999687355,1.661686399995233,ok,-1.2931803547716236,1.2931803547716236
Composite,TSP-normal-n300-g10000-1,98660.72543938953,96936,0.0632467999967048,0.0316233999983524,0.0316233999983524,6.655078499999945,ok,1.7792413957554751,1.7792413957554751
Composite,TSP-normal-n300-g1000-3,9747.810854311785,9380,0.07548980000137817,0.037744900000689086,0.037744900000689086,1.4728497000032803,ok,3.921224459613913,3.921224459613913
Composite,TSP-normal-n300-g1000-1,9726.579614650836,9433,0.08237080000253627,0.041185400001268135,0.041185400001268135,2.0983821999980137,ok,3.112261365958194,3.112261365958194
Composite,TSP-normal-n300-g1000-4,10214.485887555804,10095,0.08321869999781484,0.04160934999890742,0.04160934999890742,1.2414698999928078,ok,1.1836145374522422,1.1836145374522422
Composite,TSP-normal-n40-g1000-2,2670.3416324358204,3390,0.012473800001316704,0.006236900000658352,0.006236900000658352,0.26955709999310784,ok,-21.228860400123292,21.228860400123292
Composite,TSP-normal-n40-g1000-1,3023.681137084961,3837,0.015877799996815156,0.007938899998407578,0.007938899998407578,0.09924959999625571,ok,-21.19673867383474,21.19673867383474
Composite,TSP-normal-n40-g1000-3,3022.780032634735,3836,0.017140299998573028,0.008570149999286514,0.008570149999286514,0.1753612000029534,ok,-21.199686323390637,21.199686323390637
Composite,TSP-normal-n40-g1000-5,2717.6285266680584,3414,0.01228850000188686,0.00614425000094343,0.00614425000094343,0.12443140000686981,ok,-20.397524116342755,20.397524116342755
Composite,TSP-normal-n40-g1000-4,3066.534658352976,3831,0.022147199997561984,0.011073599998780992,0.011073599998780992,0.0888660000055097,ok,-19.954720481519818,19.954720481519818
Composite,TSP-normal-n300-g1000-5,10352.627682161079,10302,0.0981683999998495,0.04908419999992475,0.04908419999992475,2.172930800006725,ok,0.4914354704045725,0.4914354704045725
Composite,TSP-normal-n300-g10000-2,101566.01793263538,104592,0.09184769999410491,0.04592384999705246,0.04592384999705246,6.159889999995357,ok,-2.893129558058568,2.893129558058568
Composite,TSP-normal-n40-g10000-2,30396.116256713867,36588,0.016741700004786253,0.008370850002393126,0.008370850002393126,0.09743730000627693,ok,-16.923263756658283,16.923263756658283
Composite,TSP-normal-n40-g10000-1,27984.911712646484,33003,0.019533699996827636,0.009766849998413818,0.009766849998413818,0.09574059999431483,ok,-15.204945875688622,15.204945875688622
Composite,TSP-normal-n40-g10000-3,28199.686042785645,34790,0.02022189999843249,0.010110949999216245,0.010110949999216245,0.14555449999170378,ok,-18.943127212458624,18.943127212458624
Composite,TSP-normal-n300-g10000-3,102189.10566714374,102031,0.10692800000106217,0.05346400000053109,0.05346400000053109,2.0054638000001432,ok,0.1549584608047946,0.1549584608047946
Composite,TSP-normal-n300-g10000-4,98317.6625148324,96793,0.10460510000120848,0.05230255000060424,0.05230255000060424,2.5949337000056403,ok,1.575178488973784,1.575178488973784
Composite,TSP-normal-n40-g10000-5,24401.360809326172,30291,0.023918200000480283,0.011959100000240142,0.011959100000240142,0.04626970000390429,ok,-19.443528410002404,19.443528410002404
Composite,TSP-normal-n300-g10000-5,106471.43997020494,104753,0.10459740000078455,0.05229870000039227,0.05229870000039227,2.0307541999936802,ok,1.6404685022910477,1.6404685022910477
Composite,TSP-normal-n40-g10000-4,30663.648567199707,37987,0.03305990000080783,0.016529950000403915,0.016529950000403915,0.09582410000439268,ok,-19.278572755943593,19.278572755943593
Composite,TSP-normal-n1000-g1000-3,17838.469638318762,17980,0.33318380000127945,0.16659190000063973,0.16659190000063973,11.482060599999386,ok,-0.7871544031214572,0.7871544031214572
Composite,TSP-normal-n5-g1000-1,1396.7783453782333,1398,0.0001362000039080158,6.81000019540079e-05,6.81000019540079e-05,0.041640600000391714,ok,-0.08738588138531292,0.08738588138531292
Composite,TSP-normal-n5-g1000-2,1724.3849414641827,1724,0.00013899999612476677,6.949999806238338e-05,6.949999806238338e-05,0.0895170000003418,ok,0.022328391193892256,0.022328391193892256
Composite,TSP-normal-n5-g1000-3,1585.9928933686647,1586,0.00012140000035287812,6.070000017643906e-05,6.070000017643906e-05,0.0925812999921618,ok,-0.0004480852039923408,0.0004480852039923408
Composite,TSP-normal-n5-g1000-4,1031.6126146013057,1032,0.00011139999696752056,5.569999848376028e-05,5.569999848376028e-05,0.06045579999045003,ok,-0.03753734483471683,0.03753734483471683
Composite,TSP-normal-n5-g1000-5,781.993224104553,782,0.00011209999502170831,5.6049997510854155e-05,5.6049997510854155e-05,0.04529960000945721,ok,-0.0008664827937403007,0.0008664827937403007
Composite,TSP-normal-n1000-g1000-2,18038.44768230302,17952,0.34164720000262605,0.17082360000131303,0.17082360000131303,124.55442600000242,ok,0.48154903243660857,0.48154903243660857
Composite,TSP-normal-n5-g10000-1,5090.942243571292,5091,0.00012969999806955457,6.484999903477728e-05,6.484999903477728e-05,0.3351690999988932,ok,-0.0011344810195985484,0.0011344810195985484
Composite,TSP-normal-n5-g10000-2,13829.524135086274,13829,0.0001269999993382953,6.349999966914766e-05,6.349999966914766e-05,0.3294030999968527,ok,0.003790115599640809,0.003790115599640809
Composite,TSP-normal-n5-g10000-3,8075.606211595029,8077,0.00011310000263620168,5.655000131810084e-05,5.655000131810084e-05,0.11666670000704471,ok,-0.01725626352570285,0.01725626352570285
Composite,TSP-normal-n5-g10000-4,9361.106732824244,9361,0.00011410000297473744,5.705000148736872e-05,5.705000148736872e-05,0.16913179999392014,ok,0.0011401861365700052,0.0011401861365700052
Composite,TSP-normal-n5-g10000-5,10464.19460727952,10464,0.00011699999595293775,5.8499997976468876e-05,5.8499997976468876e-05,0.11719550000270829,ok,0.0018597790473997926,0.0018597790473997926
Composite,TSP-normal-n1000-g10000-1,179822.718776102,181880,0.33045819999824744,0.16522909999912372,0.16522909999912372,12.874840300006326,ok,-1.131120092312512,1.131120092312512
Composite,TSP-normal-n50-g1000-1,3100.5521139306784,3602,0.00817040000401903,0.004085200002009515,0.004085200002009515,0.29346369999984745,ok,-13.92137384978683,13.92137384978683
Composite,TSP-normal-n1000-g1000-1,17539.87540098243,17225,0.3671930000054999,0.18359650000274996,0.18359650000274996,15.173178299999563,ok,1.8280139389400853,1.8280139389400853
Composite,TSP-normal-n50-g1000-2,3322.660824820975,4038,0.01858660000289092,0.00929330000144546,0.00929330000144546,0.33447360001446214,ok,-17.715185120827762,17.715185120827762
Composite,TSP-normal-n50-g1000-3,3230.28459823589,3807,0.021513599996978883,0.010756799998489441,0.010756799998489441,0.1676826000039,ok,-15.148815386501447,15.148815386501447
Composite,TSP-normal-n50-g1000-4,3335.437351113044,3904,0.019097999997029547,0.009548999998514773,0.009548999998514773,0.06197160000738222,ok,-14.563592440751949,14.563592440751949
Composite,TSP-normal-n1000-g10000-5,173840.65199669357,172250,0.3437428000033833,0.17187140000169165,0.17187140000169165,11.887558999995235,ok,0.9234554407509863,0.9234554407509863
Composite,TSP-normal-n50-g1000-5,3522.2776203155518,4069,0.02388030000292929,0.011940150001464644,0.011940150001464644,0.19536640000296757,ok,-13.436283600011015,13.436283600011015
Composite,TSP-normal-n1000-g1000-4,18384.630164574817,18507,0.3899784999957774,0.1949892499978887,0.1949892499978887,16.51826450000226,ok,-0.6612083829101574,0.6612083829101574
Composite,TSP-normal-n50-g10000-1,31659.943498420842,35838,0.025976700002502184,0.012988350001251092,0.012988350001251092,0.13719829999899957,ok,-11.658174288685636,11.658174288685636
Composite,TSP-normal-n1000-g1000-5,18410.611707063552,18070,0.3914731000040774,0.1957365500020387,0.1957365500020387,7.670901399993454,ok,1.8849568736223126,1.8849568736223126
Composite,TSP-normal-n1000-g10000-2,179006.48211697742,177384,0.3719870999993873,0.18599354999969364,0.18599354999969364,403.48446769997827,ok,0.9146721896999854,0.9146721896999854
Composite,TSP-normal-n50-g10000-2,35690.47175623208,42468,0.02543580000201473,0.012717900001007365,0.012717900001007365,0.05188900000939611,ok,-15.959141574286335,15.959141574286335
Composite,TSP-normal-n1000-g10000-3,182432.47254863835,183242,0.37737660000129836,0.18868830000064918,0.18868830000064918,19.90178860000742,ok,-0.441780515035661,0.441780515035661
Composite,TSP-normal-n50-g10000-3,30283.722449130993,34719,0.02717800000391435,0.013589000001957174,0.013589000001957174,0.0479784000053769,ok,-12.774784846536496,12.774784846536496
Composite,TSP-normal-n50-g10000-5,38213.52727055696,47148,0.02450420000241138,0.01225210000120569,0.01225210000120569,0.0871703000011621,ok,-18.94984459455977,18.94984459455977
Composite,TSP-normal-n50-g10000-4,31594.64338684082,38138,0.02765440000075614,0.01382720000037807,0.01382720000037807,0.2120961000036914,ok,-17.15705231831554,17.15705231831554
Composite,TSP-normal-n400-g1000-3,10866.626892080163,10789,0.13659480000205804,0.06829740000102902,0.06829740000102902,2.805910099996254,ok,0.7195003436848929,0.7195003436848929
Composite,TSP-normal-n1000-g10000-4,179889.11755189512,180381,0.4010210999986157,0.20051054999930784,0.20051054999930784,157.87843359998078,ok,-0.2726908311323696,0.2726908311323696
Composite,TSP-normal-n400-g1000-4,12273.071469313098,11988,0.1500783000010415,0.07503915000052075,0.07503915000052075,1.148556500003906,ok,2.377973551160307,2.377973551160307
Composite,TSP-normal-n400-g1000-2,11819.01917603396,11626,0.15771200000017416,0.07885600000008708,0.07885600000008708,6.361773500000709,ok,1.6602371927916766,1.6602371927916766
Composite,TSP-normal-n400-g1000-1,11252.17751233974,11159,0.15898110000125598,0.07949055000062799,0.07949055000062799,2.0033210999972653,ok,0.8349987663745867,0.8349987663745867
Composite,TSP-normal-n400-g10000-1,109179.20479058109,107821,0.14535670000623213,0.07267835000311607,0.07267835000311607,5.13986379999551,ok,1.2596848392994784,1.2596848392994784
Composite,TSP-normal-n400-g10000-3,118851.54978763331,114917,0.14982149999559624,0.07491074999779812,0.07491074999779812,9.561253699997906,ok,3.42381874538433,3.42381874538433
Composite,TSP-normal-n60-g1000-1,3777.5249314015123,4189,0.025633299999753945,0.012816649999876972,0.012816649999876972,0.20996720000403002,ok,-9.822751697266357,9.822751697266357
Composite,TSP-normal-n400-g1000-5,12052.940349959168,11979,0.16236189999472117,0.08118094999736059,0.08118094999736059,4.767353099989123,ok,0.6172497700907262,0.6172497700907262
Composite,TSP-normal-n60-g1000-3,4023.3892053342292,4589,0.020092599996132776,0.010046299998066388,0.010046299998066388,0.10353870000108145,ok,-12.325360528781232,12.325360528781232
Composite,TSP-normal-n60-g1000-2,3610.1163205193266,4402,0.026134699997783173,0.013067349998891586,0.013067349998891586,0.22121129999868572,ok,-17.989179452082542,17.989179452082542
Composite,TSP-normal-n60-g1000-4,3550.3286878822923,4204,0.021570700002484955,0.010785350001242477,0.010785350001242477,0.16623229999095201,ok,-15.548794293951183,15.548794293951183
Composite,TSP-normal-n400-g10000-2,109649.62129520901,105955,0.16548120000516064,0.08274060000258032,0.08274060000258032,3.256970500005991,ok,3.4869721062800374,3.4869721062800374
Composite,TSP-normal-n60-g1000-5,3370.863024829102,3868,0.02369180000096094,0.01184590000048047,0.01184590000048047,0.15825089999998454,ok,-12.852558820343795,12.852558820343795
Composite,TSP-normal-n400-g10000-5,118619.95728677577,119100,0.16018630000326084,0.08009315000163042,0.08009315000163042,3.4818306999950437,ok,-0.40305853335368014,0.40305853335368014
Composite,TSP-normal-n400-g10000-4,115678.16181461127,113234,0.17523890000302345,0.08761945000151172,0.08761945000151172,5.958339799995883,ok,2.1585052321840386,2.1585052321840386
Composite,TSP-normal-n60-g10000-1,39880.039980914764,45602,0.027715800002624746,0.013857900001312373,0.013857900001312373,0.2506388000037987,ok,-12.547607602923636,12.547607602923636
Composite,TSP-normal-n60-g10000-2,42808.699658165744,49528,0.02759439999499591,0.013797199997497955,0.013797199997497955,0.18823020000127144,ok,-13.566670048930416,13.566670048930416
Composite,TSP-normal-n60-g10000-5,39127.395800528306,45553,0.031200400000670925,0.015600200000335462,0.015600200000335462,0.1528937999974005,ok,-14.105776127745031,14.105776127745031
Composite,TSP-normal-n60-g10000-3,33815.39521775725,40741,0.03717060000053607,0.018585300000268035,0.018585300000268035,0.3193375999981072,ok,-16.999103562118627,16.999103562118627
Composite,TSP-normal-n60-g10000-4,38214.099825851714,43580,0.03559010000026319,0.017795050000131596,0.017795050000131596,0.4391355999978259,ok,-12.312758545544485,12.312758545544485
Composite,TSP-normal-n500-g1000-1,12838.876567697205,12791,0.16200369999569375,0.08100184999784688,0.08100184999784688,77.9672806999879,ok,0.3742988640231823,0.3742988640231823
Composite,TSP-normal-n500-g1000-2,13906.07200965628,13098,0.16654739999648882,0.08327369999824441,0.08327369999824441,3.7578609000047436,ok,6.169430521119866,6.169430521119866
Composite,TSP-normal-n500-g1000-5,12800.918116619734,12849,0.1716560000058962,0.0858280000029481,0.0858280000029481,3.0283302000025287,ok,-0.3742072019633118,0.3742072019633118
Composite,TSP-normal-n500-g1000-4,13432.082436877497,13268,0.1793896000017412,0.0896948000008706,0.0896948000008706,6.278650899999775,ok,1.2366779987752297,1.2366779987752297
Composite,TSP-normal-n500-g10000-2,125387.39335896935,126270,0.1700215000018943,0.08501075000094716,0.08501075000094716,4.750727799997549,ok,-0.6989836390517559,0.6989836390517559
Composite,TSP-normal-n500-g10000-5,127248.12240179916,121579,0.15189059999829624,0.07594529999914812,0.07594529999914812,6.41481859999476,ok,4.662912511041514,4.662912511041514
Composite,TSP-normal-n500-g1000-3,12723.824179471085,12387,0.18675190000067232,0.09337595000033616,0.09337595000033616,6.492663900004118,ok,2.7191747757413802,2.7191747757413802
Composite,TSP-normal-n500-g10000-1,133057.86908012864,128012,0.18267880000348669,0.09133940000174334,0.09133940000174334,2.730625500000315,ok,3.9417156830052202,3.9417156830052202
Composite,TSP-normal-n70-g1000-1,3805.872798799245,4279,0.025831300001300406,0.012915650000650203,0.012915650000650203,0.25396670000918675,ok,-11.056957261059939,11.056957261059939
Composite,TSP-normal-n70-g1000-2,4412.612154377495,4904,0.02899049999541603,0.014495249997708015,0.014495249997708015,0.13978290000522975,ok,-10.02014367093199,10.02014367093199
Composite,TSP-normal-n70-g1000-4,4066.329375896645,4660,0.019412300003750715,0.009706150001875358,0.009706150001875358,0.26756220000970643,ok,-12.739712963591304,12.739712963591304
Composite,TSP-normal-n70-g1000-3,4218.45489120365,5003,0.02776140000059968,0.01388070000029984,0.01388070000029984,0.18454709999787156,ok,-15.681493279959028,15.681493279959028
Composite,TSP-normal-n500-g10000-3,125021.53143859719,124464,0.19099629999982426,0.09549814999991213,0.09549814999991213,2.4430739999952493,ok,0.4479459430816838,0.4479459430816838
Composite,TSP-normal-n70-g10000-2,46080.48700542649,53392,0.019617899997683708,0.009808949998841854,0.009808949998841854,0.33120710001094267,ok,-13.694023439042386,13.694023439042386
Composite,TSP-normal-n70-g1000-5,4723.036406922987,5356,0.025694399999338202,0.012847199999669101,0.012847199999669101,0.26572500000474975,ok,-11.817841543633547,11.817841543633547
Composite,TSP-normal-n500-g10000-4,125828.0724322327,120711,0.19210029999521794,0.09605014999760897,0.09605014999760897,5.673406199988676,ok,4.239110298342902,4.239110298342902
Composite,TSP-normal-n70-g10000-5,42804.384163524184,47149,0.024781899999652524,0.012390949999826262,0.012390949999826262,0.11453719998826273,ok,-9.21465107738407,9.21465107738407
Composite,TSP-normal-n70-g10000-3,43647.998832609956,47244,0.036791700003959704,0.018395850001979852,0.018395850001979852,0.29369199999200646,ok,-7.611551027410981,7.611551027410981
Composite,TSP-normal-n70-g10000-1,37873.71505409418,42337,0.041008400003192946,0.020504200001596473,0.020504200001596473,0.33238219999475405,ok,-10.542279674766327,10.542279674766327
Composite,TSP-normal-n70-g10000-4,44175.198675644235,51254,0.03767410000000382,0.01883705000000191,0.01883705000000191,0.5323960999958217,ok,-13.81121731836689,13.81121731836689
Composite,TSP-normal-n600-g1000-2,13769.831927577985,13464,0.1897236000004341,0.09486180000021704,0.09486180000021704,5.113973300001817,ok,2.2714789629975116,2.2714789629975116
Composite,TSP-normal-n8-g1000-1,1540.1650737393438,1540,0.000483600000734441,0.0002418000003672205,0.0002418000003672205,0.18267949999426492,ok,0.010719073983365251,0.010719073983365251
Composite,TSP-normal-n8-g1000-2,1379.176484809486,1378,0.0004515999971772544,0.0002257999985886272,0.0002257999985886272,0.04318359999160748,ok,0.08537625613106352,0.08537625613106352
Composite,TSP-normal-n8-g1000-3,1943.3862979835758,1944,0.0004537999993772246,0.0002268999996886123,0.0002268999996886123,0.048240200005238876,ok,-0.03156903376667763,0.03156903376667763
Composite,TSP-normal-n8-g1000-4,2121.6293058477777,2122,0.00046239999937824905,0.00023119999968912452,0.00023119999968912452,0.05126790000940673,ok,-0.017469092941673578,0.017469092941673578
Composite,TSP-normal-n8-g1000-5,1131.8418795279522,1132,0.0004365999993751757,0.00021829999968758784,0.00021829999968758784,0.03584039999986999,ok,-0.013968239580195463,0.013968239580195463
Composite,TSP-normal-n8-g10000-1,9682.862871554666,9684,0.00045250000403029844,0.00022625000201514922,0.00022625000201514922,0.1121285999979591,ok,-0.011742342475571904,0.011742342475571904
Composite,TSP-normal-n8-g10000-2,20536.522582705617,20537,0.0004728999992948957,0.00023644999964744784,0.00023644999964744784,0.16419979999773204,ok,-0.002324669106410311,0.002324669106410311
Composite,TSP-normal-n600-g1000-3,14384.263209199176,14088,0.20254449999629287,0.10127224999814644,0.10127224999814644,4.964504000003217,ok,2.1029472543950622,2.1029472543950622
Composite,TSP-normal-n8-g10000-3,14036.332165660795,14037,0.00042579999717418104,0.00021289999858709052,0.00021289999858709052,0.20512719999533147,ok,-0.004757671434102735,0.004757671434102735
Composite,TSP-normal-n8-g10000-4,11190.468862890344,11189,0.0011089000036008656,0.0005544500018004328,0.0005544500018004328,0.28646619999199174,ok,0.013127740551828568,0.013127740551828568
Composite,TSP-normal-n8-g10000-5,12913.368862755722,12914,0.0004654000003938563,0.00023270000019692816,0.00023270000019692816,0.12297669998952188,ok,-0.004887232803762211,0.004887232803762211
Composite,TSP-normal-n600-g10000-1,139203.16143847784,133931,0.20302710000396473,0.10151355000198237,0.10151355000198237,5.754894099998637,ok,3.936475825968474,3.936475825968474
Composite,TSP-normal-n600-g10000-5,139741.04576554388,138198,0.19256200000381796,0.09628100000190898,0.09628100000190898,49.31183419999434,ok,1.1165471031012608,1.1165471031012608
Composite,TSP-normal-n600-g10000-2,142149.99830301187,139835,0.20979559999977937,0.10489779999988968,0.10489779999988968,5.1638807999988785,ok,1.6555213666191404,1.6555213666191404
Composite,TSP-normal-n600-g10000-3,139166.54409386197,137424,0.20091099999990547,0.10045549999995274,0.10045549999995274,5.790588900010334,ok,1.2680056568444902,1.2680056568444902
Composite,TSP-normal-n600-g1000-4,13893.762673577956,13818,0.2248433999993722,0.1124216999996861,0.1124216999996861,10.097958300000755,ok,0.5482897204946872,0.5482897204946872
Composite,TSP-normal-n600-g1000-1,14171.00209114675,13726,0.2338445999994292,0.1169222999997146,0.1169222999997146,3.7214328000118257,ok,3.242037674098433,3.242037674098433
Composite,TSP-normal-n600-g1000-5,14317.304850453887,14133,0.22154969999974128,0.11077484999987064,0.11077484999987064,5.167093900003238,ok,1.3040745096857524,1.3040745096857524
Composite,TSP-normal-n80-g1000-1,4245.555125596652,4673,0.03455329999997048,0.01727664999998524,0.01727664999998524,0.3770596999966074,ok,-9.147119075611982,9.147119075611982
Composite,TSP-normal-n80-g1000-2,4465.683254257964,4755,0.0340377999964403,0.01701889999822015,0.01701889999822015,0.25650360000145156,ok,-6.084474148097494,6.084474148097494
Composite,TSP-normal-n80-g1000-3,5033.556603500154,5513,0.03137160000187578,0.01568580000093789,0.01568580000093789,0.200509600006626,ok,-8.696597070557702,8.696597070557702
Composite,TSP-normal-n600-g10000-4,147242.5810343218,143604,0.2242534000033629,0.11212670000168146,0.11212670000168146,5.879438299991307,ok,2.5337602255660037,2.5337602255660037
Composite,TSP-normal-n80-g1000-4,4565.4535002253615,5179,0.030645600003481377,0.015322800001740688,0.015322800001740688,0.09070699999574572,ok,-11.846814052416267,11.846814052416267
Composite,TSP-normal-n80-g10000-1,39106.05382861738,42379,0.03000080000492744,0.01500040000246372,0.01500040000246372,0.42639259999850765,ok,-7.723037757810748,7.723037757810748
Composite,TSP-normal-n80-g1000-5,4383.936130337667,4759,0.03524979999929201,0.017624899999646004,0.017624899999646004,0.4352184000017587,ok,-7.881148763654817,7.881148763654817
Composite,TSP-normal-n80-g10000-3,42654.749591635395,47119,0.038850600001751445,0.019425300000875723,0.019425300000875723,0.2700178999948548,ok,-9.474416707410185,9.474416707410185
Composite,TSP-normal-n80-g10000-2,47765.74972007286,51336,0.04387420000421116,0.02193710000210558,0.02193710000210558,0.8147386999917217,ok,-6.954671731196702,6.954671731196702
Composite,TSP-normal-n80-g10000-4,47490.57177122381,51698,0.03854269999283133,0.019271349996415665,0.019271349996415665,0.31259339999814983,ok,-8.1384738844369,8.1384738844369
Composite,TSP-normal-n80-g10000-5,45188.96337158445,50163,0.04226810000545811,0.021134050002729055,0.021134050002729055,0.48688810000021476,ok,-9.915747918616418,9.915747918616418
Composite,TSP-normal-n700-g1000-3,15463.334037867999,15273,0.2226818999988609,0.11134094999943045,0.11134094999943045,7.548159199999645,ok,1.2462125179597894,1.2462125179597894
Composite,TSP-normal-n700-g1000-5,15203.056763685929,15063,0.22737869999400573,0.11368934999700286,0.11368934999700286,5.765825299997232,ok,0.9298065703108853,0.9298065703108853
Composite,TSP-normal-n700-g1000-1,14892.265766039482,14755,0.23970679999911226,0.11985339999955613,0.11985339999955613,3.6613835000025574,ok,0.9303000070449448,0.9303000070449448
Composite,TSP-normal-n700-g1000-2,15607.145264041008,15427,0.2431261000019731,0.12156305000098655,0.12156305000098655,6.993793100002222,ok,1.1677271280288324,1.1677271280288324
Composite,TSP-normal-n700-g10000-1,153215.01946785272,147108,0.23924679999618093,0.11962339999809046,0.11962339999809046,6.694900999995298,ok,4.151385014990836,4.151385014990836
Composite,TSP-normal-n700-g10000-4,149655.847410626,150690,0.22873300000355812,0.11436650000177906,0.11436650000177906,188.76747809999506,ok,-0.686278179954867,0.686278179954867
Composite,TSP-normal-n90-g1000-2,4251.457521744749,4450,0.018884799996158108,0.009442399998079054,0.009442399998079054,0.5734568999905605,ok,-4.461628724837099,4.461628724837099
Composite,TSP-normal-n90-g1000-1,4929.822449508704,5294,0.03321950000099605,0.016609750000498025,0.016609750000498025,0.13032840000232682,ok,-6.8790621551057,6.8790621551057
Composite,TSP-normal-n700-g10000-2,151003.7847733392,146713,0.2479788000055123,0.12398940000275616,0.12398940000275616,8.715929900004994,ok,2.9246111614779857,2.9246111614779857
Composite,TSP-normal-n700-g10000-3,156098.72083042047,152745,0.24523040000349283,0.12261520000174642,0.12261520000174642,4.217378200002713,ok,2.1956337886153188,2.1956337886153188
Composite,TSP-normal-n700-g1000-4,15260.862338674182,14588,0.2690865999975358,0.1345432999987679,0.1345432999987679,3.94096890000219,ok,4.612437199576241,4.612437199576241
Composite,TSP-normal-n90-g1000-3,5171.694835730353,5363,0.03543649999483023,0.017718249997415114,0.017718249997415114,0.12777180000557564,ok,-3.5671296712595066,3.5671296712595066
Composite,TSP-normal-n90-g1000-4,4663.2385134796605,5223,0.04030580000107875,0.020152900000539375,0.020152900000539375,0.5060649000079138,ok,-10.717240791122718,10.717240791122718
Composite,TSP-normal-n90-g1000-5,4783.267141726458,5271,0.03354870000475785,0.016774350002378924,0.016774350002378924,0.16503360000206158,ok,-9.253137132869318,9.253137132869318
Composite,TSP-normal-n90-g10000-1,49804.15900898237,52381,0.04062479999993229,0.020312399999966146,0.020312399999966146,0.6527806000085548,ok,-4.919419237925253,4.919419237925253
Composite,TSP-normal-n90-g10000-2,48062.11733367394,54146,0.039464700006647035,0.019732350003323518,0.019732350003323518,0.12512199999764562,ok,-11.236070376991952,11.236070376991952
Composite,TSP-normal-n700-g10000-5,150104.65840275164,145264,0.2767110999993747,0.13835554999968736,0.13835554999968736,5.3572420999989845,ok,3.3323179884566283,3.3323179884566283
Composite,TSP-normal-n90-g10000-5,50614.55863575064,54842,0.03858399999444373,0.019291999997221865,0.019291999997221865,0.241166499996325,ok,-7.708401160149812,7.708401160149812
Composite,TSP-normal-n90-g10000-4,48204.1817859455,50817,0.04524420000234386,0.02262210000117193,0.02262210000117193,0.6267496000073152,ok,-5.141622319409849,5.141622319409849
Composite,TSP-normal-n90-g10000-3,48885.36670139235,52843,0.0483167999991565,0.02415839999957825,0.02415839999957825,0.6286366999993334,ok,-7.48941827414729,7.48941827414729
Composite,TSP-normal-n800-g1000-2,16632.701879466058,16061,0.23660390000441112,0.11830195000220556,0.11830195000220556,8.728653400001349,ok,3.5595659016627734,3.5595659016627734
Composite,TSP-random-n10-g1000-1,2699.8860873086387,2702,0.002416600000287872,0.001208300000143936,0.001208300000143936,0.04523249999328982,ok,-0.0782351107091522,0.0782351107091522
Composite,TSP-random-n10-g1000-2,2913.0711791953213,2913,0.00240759999724105,0.001203799998620525,0.001203799998620525,0.04246240000065882,ok,0.0024435013841844267,0.0024435013841844267
Composite,TSP-random-n10-g1000-3,3028.7934662146213,3029,0.0023339000035775825,0.0011669500017887913,0.0011669500017887913,0.1015629000030458,ok,-0.006818546892661741,0.006818546892661741
Composite,TSP-random-n10-g1000-4,2509.242475257055,2509,0.002321699997992255,0.0011608499989961274,0.0011608499989961274,0.10254340000392403,ok,0.009664219093465449,0.009664219093465449
Composite,TSP-random-n10-g1000-5,3222.2656707285046,3221,0.002289700001711026,0.001144850000855513,0.001144850000855513,0.11926120000134688,ok,0.03929434115195821,0.03929434115195821
Composite,TSP-random-n10-g10000-1,27929.10423639666,27929,0.0022981000001891516,0.0011490500000945758,0.0011490500000945758,0.039886099999421276,ok,0.0003732192225248376,0.0003732192225248376
Composite,TSP-random-n10-g10000-2,21592.229838965315,21593,0.00232759999926202,0.00116379999963101,0.00116379999963101,0.040850600009434856,ok,-0.003566716226021679,0.003566716226021679
Composite,TSP-random-n10-g10000-3,34569.65232020097,34570,0.0023175000023911707,0.0011587500011955854,0.0011587500011955854,0.03952200000640005,ok,-0.0010057269280582008,0.0010057269280582008
Composite,TSP-random-n10-g10000-4,30434.942892369414,30435,0.0024398000023211353,0.0012199000011605676,0.0012199000011605676,0.04178330001013819,ok,-0.00018763801736803212,0.00018763801736803212
Composite,TSP-random-n10-g10000-5,28165.329891149056,28167,0.00239539999893168,0.00119769999946584,0.00119769999946584,0.038039999999455176,ok,-0.0059293103665406565,0.0059293103665406565
Composite,TSP-normal-n800-g10000-3,164114.07523288115,160983,0.2650477999995928,0.1325238999997964,0.1325238999997964,15.26929189999646,ok,1.9449725951691488,1.9449725951691488
Composite,TSP-normal-n800-g10000-5,165096.32369737953,159659,0.2587855999954627,0.12939279999773134,0.12939279999773134,9.288490399994771,ok,3.40558546488424,3.40558546488424
Composite,TSP-normal-n800-g1000-1,15966.250102466718,15590,0.30062480000196956,0.15031240000098478,0.15031240000098478,4.572412599998643,ok,2.41340668676535,2.41340668676535
Composite,TSP-normal-n800-g1000-4,16446.822540781195,16167,0.2907664000013028,0.1453832000006514,0.1453832000006514,8.405030900001293,ok,1.7308253898756427,1.7308253898756427
Composite,TSP-random-n100-g1000-1,7911.518473481091,7528,0.040125600004103035,0.020062800002051517,0.020062800002051517,0.3027827000041725,ok,5.094559955912473,5.094559955912473
Composite,TSP-normal-n800-g10000-1,172198.56258185615,167378,0.3006669000023976,0.1503334500011988,0.1503334500011988,14.298034600011306,ok,2.880045514856285,2.880045514856285
Composite,TSP-normal-n800-g1000-3,15945.004899345457,15356,0.3133012000034796,0.1566506000017398,0.1566506000017398,8.453636700010975,ok,3.8356661848492872,3.8356661848492872
Composite,TSP-normal-n800-g10000-4,163971.6300486357,163028,0.2954175999984727,0.14770879999923636,0.14770879999923636,4.5217933999956585,ok,0.5788147119732235,0.5788147119732235
Composite,TSP-normal-n800-g10000-2,168735.86157367704,164163,0.3005094000036479,0.15025470000182395,0.15025470000182395,623.46235289998,ok,2.7855616513325443,2.7855616513325443
Composite,TSP-normal-n800-g1000-5,16182.177071891521,16043,0.3160624999945867,0.15803124999729334,0.15803124999729334,11.790015199992922,ok,0.8675252252790708,0.8675252252790708
Composite,TSP-random-n100-g1000-2,7919.676234685339,7742,0.037287400002242066,0.018643700001121033,0.018643700001121033,0.3697956999967573,ok,2.294965573305855,2.294965573305855
Composite,TSP-random-n100-g1000-3,7634.665011066491,7651,0.03956820000166772,0.01978410000083386,0.01978410000083386,0.27204540000821,ok,-0.21350135843038312,0.21350135843038312
Composite,TSP-random-n100-g1000-4,7968.3202959121545,7902,0.04060809999646153,0.020304049998230767,0.020304049998230767,0.13287750000017695,ok,0.8392849394097003,0.8392849394097003
Composite,TSP-random-n100-g1000-5,8228.87015971072,8115,0.04448289999709232,0.02224144999854616,0.02224144999854616,0.3881559000001289,ok,1.4032059114075075,1.4032059114075075
Composite,TSP-random-n100-g10000-1,81417.88844759492,77010,0.03726650000317022,0.01863325000158511,0.01863325000158511,0.30847150000045076,ok,5.723787102447625,5.723787102447625
Composite,TSP-random-n100-g10000-5,79791.89447926798,73429,0.03753059999871766,0.01876529999935883,0.01876529999935883,0.2555762000120012,ok,8.665369920968532,8.665369920968532
Composite,TSP-random-n100-g10000-3,80655.33390028824,78233,0.046270900005765725,0.023135450002882862,0.023135450002882862,0.10649020000710152,ok,3.096307057492672,3.096307057492672
Composite,TSP-random-n100-g10000-4,77948.20783822544,79511,0.044577599997865036,0.022288799998932518,0.022288799998932518,0.4347360999963712,ok,-1.9655043475425533,1.9655043475425533
Composite,TSP-random-n100-g10000-2,73852.15802533871,75973,0.052525699997204356,0.026262849998602178,0.026262849998602178,0.23526000000128988,ok,-2.7915732887490194,2.7915732887490194
Composite,TSP-normal-n900-g1000-1,17202.48030918843,16790,0.31030160000227625,0.15515080000113812,0.15515080000113812,10.932252900005551,ok,2.4567022584182934,2.4567022584182934
Composite,TSP-normal-n900-g10000-5,172473.45518992806,172297,0.2736101999980747,0.13680509999903734,0.13680509999903734,13.272237199998926,ok,0.10241338498526567,0.10241338498526567
Composite,TSP-random-n20-g1000-2,3226.582019805908,3821,0.0058458999992581084,0.0029229499996290542,0.0029229499996290542,0.26525630000105593,ok,-15.556607699400466,15.556607699400466
Composite,TSP-random-n20-g1000-1,2975.8974838256836,3609,0.012681200001679827,0.006340600000839913,0.006340600000839913,0.06740569999965373,ok,-17.542325191862464,17.542325191862464
Composite,TSP-normal-n900-g1000-3,17879.729637254684,17132,0.3172476000036113,0.15862380000180565,0.15862380000180565,10.725538300001062,ok,4.364520413580927,4.364520413580927
Composite,TSP-normal-n900-g1000-2,18112.587576012393,17606,0.33148500000243075,0.16574250000121538,0.16574250000121538,9.373664500002633,ok,2.87735758271267,2.87735758271267
Composite,TSP-random-n20-g1000-4,3170.9560470581055,3983,0.008394999997108243,0.004197499998554122,0.004197499998554122,0.21198520000325516,ok,-20.387746747223062,20.387746747223062
Composite,TSP-random-n20-g1000-3,3185.6215896606445,4029,0.012391299998853356,0.006195649999426678,0.006195649999426678,0.15647430000535678,ok,-20.932698196558835,20.932698196558835
Composite,TSP-random-n20-g1000-5,2833.3463554382324,3549,0.008059100000537,0.0040295500002685,0.0040295500002685,0.15881729999091476,ok,-20.16493785747443,20.16493785747443
Composite,TSP-random-n20-g10000-1,33283.76142883301,42535,0.012382300003082491,0.006191150001541246,0.006191150001541246,0.04146609999588691,ok,-21.749708642687178,21.749708642687178
Composite,TSP-random-n20-g10000-2,33655.758728027344,41438,0.0110212999934447,0.00551064999672235,0.00551064999672235,0.04067780000332277,ok,-18.780446141157046,18.780446141157046
Composite,TSP-random-n20-g10000-3,28936.083282470703,34103,0.012458299999707378,0.006229149999853689,0.006229149999853689,0.04657700000097975,ok,-15.15091551338386,15.15091551338386
Composite,TSP-random-n20-g10000-4,28332.396911621094,36016,0.009635499998694286,0.004817749999347143,0.004817749999347143,0.044943499990040436,ok,-21.333860196520728,21.333860196520728
Composite,TSP-normal-n900-g10000-3,171349.05239274612,171173,0.3162349999984144,0.1581174999992072,0.1581174999992072,5.123346400010632,ok,0.102850562148305,0.102850562148305
Composite,TSP-normal-n900-g10000-4,175678.51377979937,167800,0.31271550000383286,0.15635775000191643,0.15635775000191643,133.53628030000255,ok,4.695181036829181,4.695181036829181
Composite,TSP-random-n20-g10000-5,24339.651611328125,32606,0.01200319999770727,0.006001599998853635,0.006001599998853635,0.03995700000086799,ok,-25.352230843010105,25.352230843010105
Composite,TSP-normal-n900-g10000-1,178016.83671605543,172711,0.33755740000196965,0.16877870000098483,0.16877870000098483,11.082975899989833,ok,3.072089627212762,3.072089627212762
Composite,TSP-normal-n900-g1000-4,18010.7991364894,18043,0.3620472999973572,0.1810236499986786,0.1810236499986786,11.02205810000305,ok,-0.17846734750650914,0.17846734750650914
Composite,TSP-normal-n900-g10000-2,172952.48404624648,166996,0.3508072999975411,0.17540364999877056,0.17540364999877056,14.222709800000302,ok,3.5668423472696817,3.5668423472696817
Composite,TSP-normal-n900-g1000-5,17575.657892124393,16589,0.36836820000462467,0.18418410000231233,0.18418410000231233,8.060172199999215,ok,5.9476634644908835,5.9476634644908835
Composite,TSP-random-n200-g1000-2,10707.625071171084,10596,0.058334300003480166,0.029167150001740083,0.029167150001740083,10.384652599997935,ok,1.0534642428377088,1.0534642428377088
Composite,TSP-random-n200-g1000-4,10968.36557050685,10777,0.06019570000353269,0.030097850001766346,0.030097850001766346,0.6216893999953754,ok,1.7756849819694758,1.7756849819694758
Composite,TSP-random-n200-g1000-5,10705.938147904313,10650,0.06166260000463808,0.03083130000231904,0.03083130000231904,0.4686664000037126,ok,0.5252408253926119,0.5252408253926119
Composite,TSP-random-n30-g1000-1,4029.7471923828125,4747,0.009253600001102313,0.004626800000551157,0.004626800000551157,0.08237979999103118,ok,-15.109602014265588,15.109602014265588
Composite,TSP-random-n200-g1000-3,10520.402782478011,10297,0.06644139999843901,0.033220699999219505,0.033220699999219505,0.7427278999966802,ok,2.1695909728854175,2.1695909728854175
Composite,TSP-random-n200-g1000-1,10833.572414475571,10677,0.07095969999500085,0.03547984999750042,0.03547984999750042,0.6748994000081439,ok,1.4664457663723083,1.4664457663723083
Composite,TSP-random-n30-g1000-2,3984.535675048828,4942,0.012912199999846052,0.006456099999923026,0.006456099999923026,0.05056150000018533,ok,-19.37402519124184,19.37402519124184
Composite,TSP-random-n200-g10000-1,107809.17938367408,107741,0.06874020000395831,0.034370100001979154,0.034370100001979154,3.15363640000578,ok,0.06328081572853743,0.06328081572853743
Composite,TSP-random-n30-g1000-3,3493.0613679885864,4144,0.014832900000328664,0.007416450000164332,0.007416450000164332,0.057911999989300966,ok,-15.707978571703995,15.707978571703995
Composite,TSP-random-n30-g1000-5,3294.719094276428,4225,0.0118094999997993,0.00590474999989965,0.00590474999989965,0.12440030000288971,ok,-22.01848297570584,22.01848297570584
Composite,TSP-random-n30-g1000-4,3428.3504152297974,4196,0.016386600000259932,0.008193300000129966,0.008193300000129966,0.11555349999980535,ok,-18.294794679938096,18.294794679938096
Composite,TSP-random-n30-g10000-1,31801.81343393864,39213,0.014899400004651397,0.007449700002325699,0.007449700002325699,0.04343910000170581,ok,-18.899820381152573,18.899820381152573
Composite,TSP-random-n200-g10000-2,103658.43426295383,106831,0.07151860000158194,0.03575930000079097,0.03575930000079097,4.046168900007615,ok,-2.969705176443327,2.969705176443327
Composite,TSP-random-n200-g10000-4,110104.17713640427,105429,0.05761400000483263,0.028807000002416316,0.028807000002416316,3.482745100001921,ok,4.434431832232369,4.434431832232369
Composite,TSP-random-n30-g10000-2,36218.3193359375,45722,0.015702700002293568,0.007851350001146784,0.007851350001146784,0.05783119999978226,ok,-20.785793849924545,20.785793849924545
Composite,TSP-random-n30-g10000-4,35451.779219098156,44246,0.015349599998444319,0.007674799999222159,0.007674799999222159,0.05236980000336189,ok,-19.875741944812734,19.875741944812734
Composite,TSP-random-n30-g10000-5,38124.86470031738,47255,0.01606300000275951,0.008031500001379754,0.008031500001379754,0.05078079999657348,ok,-19.320993121749268,19.320993121749268
Composite,TSP-random-n30-g10000-3,40388.74080657959,48494,0.019601499996497296,0.009800749998248648,0.009800749998248648,0.06312809999508318,ok,-16.71394232981484,16.71394232981484
Composite,TSP-random-n200-g10000-3,107769.0586886475,105042,0.07664830000430811,0.038324150002154056,0.038324150002154056,0.7069654000079026,ok,2.596160286978072,2.596160286978072
Composite,TSP-random-n200-g10000-5,106378.05957877086,107384,0.07539460000407416,0.03769730000203708,0.03769730000203708,4.794464299993706,ok,-0.9367693708831307,0.9367693708831307
Composite,TSP-random-n1000-g10000-1,227184.88607459355,228639,0.295498100000259,0.1477490500001295,0.1477490500001295,240.1183488999959,ok,-0.6359868287590689,0.6359868287590689
Composite,TSP-random-n300-g10000-2,125738.2886875265,127586,0.07523410000430886,0.03761705000215443,0.03761705000215443,2.6006177000090247,ok,-1.4482085122768207,1.4482085122768207
Composite,TSP-random-n40-g1000-1,4548.813674926758,5325,0.022424399998271838,0.011212199999135919,0.011212199999135919,0.10739119999925606,ok,-14.576269015459948,14.576269015459948
Composite,TSP-random-n1000-g1000-3,22395.74858362293,23012,0.34285559999989346,0.17142779999994673,0.17142779999994673,18.3015388000058,ok,-2.677956789401479,2.677956789401479
Composite,TSP-random-n300-g1000-1,13202.15676998946,13264,0.09478490000037709,0.047392450000188546,0.047392450000188546,1.7148547999968287,ok,-0.4662487184148042,0.4662487184148042
Composite,TSP-random-n300-g10000-3,129115.04246040314,127265,0.07968690000416245,0.03984345000208123,0.03984345000208123,3.8670590999972774,ok,1.4536930502519494,1.4536930502519494
Composite,TSP-random-n1000-g1000-4,22403.204208908028,23094,0.3443976999988081,0.17219884999940405,0.17219884999940405,11.101557000016328,ok,-2.991234914228684,2.991234914228684
Composite,TSP-random-n300-g10000-1,126837.31730113432,126463,0.08772570000292035,0.043862850001460174,0.043862850001460174,3.151325500002713,ok,0.2959895788762855,0.2959895788762855
Composite,TSP-random-n300-g1000-4,12692.686081875538,12823,0.0952121000009356,0.0476060500004678,0.0476060500004678,1.731390900007682,ok,-1.0162514085975385,1.0162514085975385
Composite,TSP-random-n40-g10000-1,41043.30809628678,50986,0.007668499994906597,0.0038342499974532984,0.0038342499974532984,0.06329770000593271,ok,-19.500827489336714,19.500827489336714
Composite,TSP-random-n1000-g1000-1,22483.74401299694,23413,0.36402530000486877,0.18201265000243438,0.18201265000243438,6.084185999992769,ok,-3.9689744458337675,3.9689744458337675
Composite,TSP-random-n300-g1000-2,13158.280187826143,13240,0.10877590000018245,0.05438795000009122,0.05438795000009122,2.5219756000005873,ok,-0.6172191251801854,0.6172191251801854
Composite,TSP-random-n300-g1000-5,12954.759351122106,12482,0.10256810000282712,0.05128405000141356,0.05128405000141356,4.665502000003471,ok,3.7875288505215967,3.7875288505215967
Composite,TSP-random-n300-g1000-3,12995.704539294211,13167,0.11217949999991106,0.05608974999995553,0.05608974999995553,0.6939643999940017,ok,-1.3009452472528982,1.3009452472528982
Composite,TSP-random-n1000-g1000-2,22476.335754025728,23122,0.37082509999891045,0.18541254999945522,0.18541254999945522,208.78109869999753,ok,-2.7924238646063166,2.7924238646063166
Composite,TSP-random-n40-g1000-3,4399.156022038774,5302,0.02938480000011623,0.014692400000058115,0.014692400000058115,0.06079809999209829,ok,-17.028366238423732,17.028366238423732
Composite,TSP-random-n40-g1000-5,4315.986120223999,4940,0.02840250000008382,0.01420125000004191,0.01420125000004191,0.18733040000370238,ok,-12.631859914493948,12.631859914493948
Composite,TSP-random-n40-g1000-2,4486.742501049064,5123,0.0313663999986602,0.0156831999993301,0.0156831999993301,0.17115239999839105,ok,-12.419627151101615,12.419627151101615
Composite,TSP-random-n40-g1000-4,4243.074779510498,4904,0.03235599999607075,0.016177999998035375,0.016177999998035375,0.07400579999375623,ok,-13.477267954516762,13.477267954516762
Composite,TSP-random-n40-g10000-3,43867.4030456543,50615,0.024520899998606183,0.012260449999303091,0.012260449999303091,0.1536616000084905,ok,-13.331219903873759,13.331219903873759
Composite,TSP-random-n40-g10000-2,43626.413482666016,52007,0.03060879999975441,0.015304399999877205,0.015304399999877205,0.34867839999787975,ok,-16.11434329481413,16.11434329481413
Composite,TSP-random-n5-g1000-1,2084.505759087086,2085,0.0001588000013725832,7.94000006862916e-05,7.94000006862916e-05,0.08784940000623465,ok,-0.02370460013975721,0.02370460013975721
Composite,TSP-random-n1000-g10000-3,225045.42346723072,232731,0.3687567000015406,0.1843783500007703,0.1843783500007703,7.685093600011896,ok,-3.3023432773327484,3.3023432773327484
Composite,TSP-random-n300-g10000-4,131026.49026095428,131168,0.13943819999985863,0.06971909999992931,0.06971909999992931,4.820444699988002,ok,-0.10788434606437783,0.10788434606437783
Composite,TSP-random-n40-g10000-5,43928.748478460446,53463,0.04959170000074664,0.02479585000037332,0.02479585000037332,0.254019399988465,ok,-17.833364236087675,17.833364236087675
Composite,TSP-random-n5-g1000-3,1871.0158529366968,1871,0.00013469999976223335,6.734999988111667e-05,6.734999988111667e-05,0.07531749999907333,ok,0.0008472975252150787,0.0008472975252150787
Composite,TSP-random-n5-g1000-4,1875.5415627373043,1876,0.00012159999459981918,6.079999729990959e-05,6.079999729990959e-05,0.04935499999555759,ok,-0.024436954301477864,0.024436954301477864
Composite,TSP-random-n5-g1000-2,1825.6267886136366,1825,0.00013110000145388767,6.555000072694384e-05,6.555000072694384e-05,0.04721350000181701,ok,0.03434458156912675,0.03434458156912675
Composite,TSP-random-n1000-g10000-2,223216.23027340876,228872,0.3784799999993993,0.18923999999969965,0.18923999999969965,10.267818099993747,ok,-2.471149693536668,2.471149693536668
Composite,TSP-random-n5-g10000-2,12913.997041715866,12913,0.00012260000221431255,6.130000110715628e-05,6.130000110715628e-05,0.16996389999985695,ok,0.007721224470422324,0.007721224470422324
Composite,TSP-random-n5-g10000-1,20778.219225593766,20778,0.00012309999874560162,6.154999937280081e-05,6.154999937280081e-05,0.1212286999943899,ok,0.0010550851562526155,0.0010550851562526155
Composite,TSP-random-n5-g10000-4,17225.761673423243,17225,0.0001142999972216785,5.714999861083925e-05,5.714999861083925e-05,0.1044434000068577,ok,0.004421906666144193,0.004421906666144193
Composite,TSP-random-n40-g10000-4,43610.93487548828,49715,0.05896389999543317,0.029481949997716583,0.029481949997716583,0.06551069999113679,ok,-12.278115507415707,12.278115507415707
Composite,TSP-random-n5-g10000-3,17620.658037300575,17620,0.00012490000517573208,6.245000258786604e-05,6.245000258786604e-05,0.1542431999987457,ok,0.003734604430048274,0.003734604430048274
Composite,TSP-random-n5-g10000-5,17554.384150417067,17554,0.0001109000004362315,5.545000021811575e-05,5.545000021811575e-05,0.17221269999572542,ok,0.002188392486423884,0.002188392486423884
Composite,TSP-random-n5-g1000-5,2474.816842221646,2474,0.00012900000001536682,6.450000000768341e-05,6.450000000768341e-05,0.043110900005558506,ok,0.033017066355936,0.033017066355936
Composite,TSP-random-n300-g10000-5,131276.46433325228,129198,0.1411840000000666,0.0705920000000333,0.0705920000000333,1.648648400005186,ok,1.6087434273381034,1.6087434273381034
Composite,TSP-random-n1000-g1000-5,22361.97692862158,23228,0.4116490999949747,0.20582454999748734,0.20582454999748734,6.383347800001502,ok,-3.7283583234820847,3.7283583234820847
Composite,TSP-random-n50-g1000-2,5197.452642440796,5978,0.0200089999998454,0.0100044999999227,0.0100044999999227,0.3436319000029471,ok,-13.056998286370092,13.056998286370092
Composite,TSP-random-n50-g1000-1,5095.623571654406,5885,0.02434999999968568,0.01217499999984284,0.01217499999984284,0.1455631999997422,ok,-13.413363268404316,13.413363268404316
Composite,TSP-random-n50-g1000-3,4889.232405030467,5438,0.024657900001329836,0.012328950000664918,0.012328950000664918,0.06988530000671744,ok,-10.091349668435695,10.091349668435695
Composite,TSP-random-n50-g1000-4,4817.858107997785,5485,0.02074160000483971,0.010370800002419855,0.010370800002419855,0.18514120001054835,ok,-12.163024466767824,12.163024466767824
Composite,TSP-random-n1000-g10000-4,223840.22412955528,233816,0.3974216999995406,0.1987108499997703,0.1987108499997703,23.10038990000612,ok,-4.266506941545796,4.266506941545796
Composite,TSP-random-n50-g1000-5,5093.726943016052,5981,0.02817729999514995,0.014088649997574976,0.014088649997574976,0.2594013000052655,ok,-14.834861343988425,14.834861343988425
Composite,TSP-random-n50-g10000-1,48897.81278991699,58518,0.02825009999651229,0.014125049998256145,0.014125049998256145,0.1518523999984609,ok,-16.439706090575562,16.439706090575562
Composite,TSP-random-n50-g10000-3,47446.44764926453,53597,0.02170940000360133,0.010854700001800666,0.010854700001800666,0.10334250000596512,ok,-11.475553390554447,11.475553390554447
Composite,TSP-random-n50-g10000-2,46995.79901456725,54863,0.03221699999994598,0.01610849999997299,0.01610849999997299,0.22463189999689348,ok,-14.339720732429411,14.339720732429411
Composite,TSP-random-n1000-g10000-5,225020.7572627486,232824,0.422217899998941,0.2111089499994705,0.2111089499994705,13.180065799999284,ok,-3.3515628703447202,3.3515628703447202
Composite,TSP-random-n50-g10000-5,47788.915400423146,51711,0.024712900005397387,0.012356450002698693,0.012356450002698693,0.08606010000221431,ok,-7.584623386855513,7.584623386855513
Composite,TSP-random-n50-g10000-4,47542.79857635498,56936,0.028465999996114988,0.014232999998057494,0.014232999998057494,0.14325530000496656,ok,-16.49782461649048,16.49782461649048
Composite,TSP-random-n400-g1000-3,14723.72081063277,14655,0.1586038000023109,0.07930190000115545,0.07930190000115545,4.3340305000019725,ok,0.46892398930583923,0.46892398930583923
Composite,TSP-random-n400-g10000-3,148442.57333736014,152936,0.15581989999918733,0.07790994999959366,0.07790994999959366,6.168977900000755,ok,-2.9381091846523124,2.9381091846523124
Composite,TSP-random-n400-g1000-2,14804.721432819832,15004,0.17652280000038445,0.08826140000019222,0.08826140000019222,2.5646183000062592,ok,-1.328169602640419,1.328169602640419
Composite,TSP-random-n400-g1000-4,15012.714151284888,14812,0.17770549999841023,0.08885274999920512,0.08885274999920512,2.802323500000057,ok,1.355077985990335,1.355077985990335
Composite,TSP-random-n400-g1000-5,14930.054141306213,14529,0.17108240000379737,0.08554120000189869,0.08554120000189869,4.738981299989973,ok,2.7603698899181834,2.7603698899181834
Composite,TSP-random-n400-g1000-1,14645.874987845651,14263,0.18929919999936828,0.09464959999968414,0.09464959999968414,1.9016732000018237,ok,2.6843930999484753,2.6843930999484753
Composite,TSP-random-n400-g10000-4,151638.64827967164,145885,0.17157419999421109,0.08578709999710554,0.08578709999710554,1.6560611000022618,ok,3.943961531118103,3.943961531118103
Composite,TSP-random-n400-g10000-1,147458.89498400735,150594,0.1791114000006928,0.0895557000003464,0.0895557000003464,3.423222800003714,ok,-2.0818259797818324,2.0818259797818324
Composite,TSP-random-n400-g10000-2,147498.2848911402,149159,0.1785823000027449,0.08929115000137244,0.08929115000137244,9.24107940000249,ok,-1.1133857888962713,1.1133857888962713
Composite,TSP-random-n60-g1000-1,5451.077677289143,6295,0.030482499998470303,0.015241249999235151,0.015241249999235151,0.19249509999644943,ok,-13.406232290879377,13.406232290879377
Composite,TSP-random-n400-g10000-5,145452.73047916326,144745,0.1570309000017005,0.07851545000085025,0.07851545000085025,2.071403800000553,ok,0.4889498629750687,0.4889498629750687
Composite,TSP-random-n60-g1000-2,5365.5777759552,6168,0.027271099999779835,0.013635549999889918,0.013635549999889918,0.25323079999361653,ok,-13.009439430038908,13.009439430038908
Composite,TSP-random-n60-g1000-3,5507.443611113963,6103,0.025903599998855498,0.012951799999427749,0.012951799999427749,0.2260995999968145,ok,-9.758420266852974,9.758420266852974
Composite,TSP-random-n60-g1000-4,5452.928575515747,6189,0.029202000005170703,0.014601000002585351,0.014601000002585351,0.18764969999028835,ok,-11.89322062504852,11.89322062504852
Composite,TSP-random-n60-g10000-2,54585.681392271355,61745,0.021309000003384426,0.010654500001692213,0.010654500001692213,0.13683589998981915,ok,-11.594977095681665,11.594977095681665
Composite,TSP-random-n60-g10000-1,55719.7551780063,64764,0.02861099999427097,0.014305499997135485,0.014305499997135485,0.16142780000518542,ok,-13.964926227524089,13.964926227524089
Composite,TSP-random-n60-g1000-5,5571.856143326028,6442,0.03532969999650959,0.017664849998254795,0.017664849998254795,0.8923648000054527,ok,-13.507355738496921,13.507355738496921
Composite,TSP-random-n60-g10000-3,53913.65037946364,64496,0.029291800005012192,0.014645900002506096,0.014645900002506096,0.3372514999937266,ok,-16.407761133304955,16.407761133304955
Composite,TSP-random-n60-g10000-4,60033.02737617493,68411,0.03451580000546528,0.01725790000273264,0.01725790000273264,0.2974400999955833,ok,-12.246528517088002,12.246528517088002
Composite,TSP-random-n60-g10000-5,55807.96673760477,58065,0.033094400001573376,0.016547200000786688,0.016547200000786688,0.17341099999612197,ok,-3.88708044845471,3.88708044845471
Composite,TSP-random-n500-g1000-3,16520.72650603677,16376,0.1569043999988935,0.07845219999944675,0.07845219999944675,7.128763500004425,ok,0.8837720202538578,0.8837720202538578
Composite,TSP-random-n500-g1000-5,16408.589848621486,16389,0.15730839999741875,0.07865419999870937,0.07865419999870937,6.187833200005116,ok,0.11953046934826074,0.11953046934826074
Composite,TSP-random-n500-g1000-1,16454.73663995474,16538,0.1684903999994276,0.0842451999997138,0.0842451999997138,8.155299899997772,ok,-0.5034669249320409,0.5034669249320409
Composite,TSP-random-n500-g1000-4,16713.702661143416,16209,0.1751936000000569,0.08759680000002845,0.08759680000002845,2.000128899991978,ok,3.1137186818644933,3.1137186818644933
Composite,TSP-random-n70-g1000-1,5940.99429447967,6761,0.024389599995629396,0.012194799997814698,0.012194799997814698,0.16908159999002237,ok,-12.128467763945123,12.128467763945123
Composite,TSP-random-n500-g10000-2,164858.80509643457,165668,0.16958169999998063,0.08479084999999031,0.08479084999999031,2.306263799997396,ok,-0.48844369677030275,0.48844369677030275
Composite,TSP-random-n500-g1000-2,16087.679255656594,16778,0.18831689999933587,0.09415844999966794,0.09415844999966794,4.804231499991147,ok,-4.1144400068149105,4.1144400068149105
Composite,TSP-random-n70-g1000-3,5829.876567502953,6638,0.0267597999991267,0.01337989999956335,0.01337989999956335,0.14467819999845233,ok,-12.174200549819936,12.174200549819936
Composite,TSP-random-n70-g1000-2,5909.025139496362,6707,0.03105130000039935,0.015525650000199676,0.015525650000199676,0.16010689998802263,ok,-11.897642172411487,11.897642172411487
Composite,TSP-random-n500-g10000-3,164718.78787314473,166758,0.17708919999859063,0.08854459999929531,0.08854459999929531,6.305559499989613,ok,-1.2228571503947472,1.2228571503947472
Composite,TSP-random-n500-g10000-1,163447.55440043999,168002,0.19170009999652393,0.09585004999826197,0.09585004999826197,4.751961800007848,ok,-2.710947250366076,2.710947250366076
Composite,TSP-random-n500-g10000-5,164709.2029997544,165349,0.17847640000400133,0.08923820000200067,0.08923820000200067,8.061607000010554,ok,-0.38693732665186886,0.38693732665186886
Composite,TSP-random-n500-g10000-4,166755.66420983532,166830,0.18988589999935357,0.09494294999967678,0.09494294999967678,69.00190570000268,ok,-0.04455780744751027,0.04455780744751027
Composite,TSP-random-n70-g1000-5,5901.199507517095,6505,0.031473899995035026,0.015736949997517513,0.015736949997517513,0.22235450000152923,ok,-9.282098270298304,9.282098270298304
Composite,TSP-random-n70-g10000-2,58933.18927102996,63441,0.027962899999693036,0.013981449999846518,0.013981449999846518,0.16388540000480134,ok,-7.1055165097808075,7.1055165097808075
Composite,TSP-random-n70-g10000-1,58442.829380706746,62106,0.028507600000011735,0.014253800000005867,0.014253800000005867,0.06884859999991022,ok,-5.898255594134631,5.898255594134631
Composite,TSP-random-n70-g1000-4,5640.140705649107,6453,0.04334670000389451,0.021673350001947256,0.021673350001947256,0.1514255000074627,ok,-12.596610791118751,12.596610791118751
Composite,TSP-random-n70-g10000-4,58835.8411159674,67115,0.029315100000530947,0.014657550000265473,0.014657550000265473,0.1634836000012001,ok,-12.335780204175819,12.335780204175819
Composite,TSP-random-n70-g10000-3,57316.654199764314,62317,0.0351717000012286,0.0175858500006143,0.0175858500006143,0.24375449999934062,ok,-8.02404769201933,8.02404769201933
Composite,TSP-random-n70-g10000-5,59649.25410389773,62967,0.03058380000584293,0.015291900002921466,0.015291900002921466,0.1913456999900518,ok,-5.2690232917278434,5.2690232917278434
Composite,TSP-random-n600-g1000-5,17943.189011299193,17939,0.1710536000027787,0.08552680000138935,0.08552680000138935,6.948963499991805,ok,0.023351420364531052,0.023351420364531052
Composite,TSP-random-n8-g1000-1,3062.1783047888134,3061,0.0004743999961647205,0.00023719999808236025,0.00023719999808236025,0.1333987999969395,ok,0.038494112669500834,0.038494112669500834
Composite,TSP-random-n8-g1000-2,2327.3373240965598,2327,0.0008425999985774979,0.00042129999928874895,0.00042129999928874895,0.14020419999724254,ok,0.0144960935350137,0.0144960935350137
Composite,TSP-random-n8-g1000-3,2701.360004138525,2702,0.00045319999480852857,0.00022659999740426429,0.00022659999740426429,0.125698600008036,ok,-0.023686005235943726,0.023686005235943726
Composite,TSP-random-n8-g1000-4,2305.1527632000334,2306,0.00046720000682398677,0.00023360000341199338,0.00023360000341199338,0.45341430000553373,ok,-0.03674053772621834,0.03674053772621834
Composite,TSP-random-n8-g1000-5,2649.791843069819,2650,0.0004552000027615577,0.00022760000138077885,0.00022760000138077885,0.4495604999974603,ok,-0.007854978497390513,0.007854978497390513
Composite,TSP-random-n8-g10000-1,22037.506791473046,22038,0.00045220000174595043,0.00022610000087297522,0.00022610000087297522,0.13355820000288077,ok,-0.00223799131932944,0.00223799131932944
Composite,TSP-random-n8-g10000-2,26793.180597967956,26791,0.00044239999988349155,0.00022119999994174577,0.00022119999994174577,0.1327263999992283,ok,0.008139292926563738,0.008139292926563738
Composite,TSP-random-n8-g10000-3,35741.183008834945,35741,0.0004512000014074147,0.00022560000070370734,0.00022560000070370734,0.15303090000816155,ok,0.0005120417306320825,0.0005120417306320825
Composite,TSP-random-n8-g10000-4,26801.334333270242,26803,0.00044609999895328656,0.00022304999947664328,0.00022304999947664328,0.17286669999884907,ok,-0.006214478714164475,0.006214478714164475
Composite,TSP-random-n600-g1000-1,17819.171894623076,17855,0.20373899999685818,0.10186949999842909,0.10186949999842909,10.921744799998123,ok,-0.20066146948711405,0.20066146948711405
Composite,TSP-random-n8-g10000-5,20205.103802291065,20205,0.0004461999997147359,0.00022309999985736795,0.00022309999985736795,0.19114409999747295,ok,0.0005137455633022601,0.0005137455633022601
Composite,TSP-random-n600-g10000-3,183551.8191849766,180509,0.1810738999993191,0.09053694999965956,0.09053694999965956,8.010176700001466,ok,1.6856883507063918,1.6856883507063918
Composite,TSP-random-n600-g1000-3,18158.39751133338,18015,0.21604020000086166,0.10802010000043083,0.10802010000043083,3.546943499997724,ok,0.7959895161442129,0.7959895161442129
Composite,TSP-random-n600-g10000-2,181755.4752198437,181526,0.20449059999373276,0.10224529999686638,0.10224529999686638,165.0315816999937,ok,0.12641451904614515,0.12641451904614515
Composite,TSP-random-n600-g10000-5,180858.63172081576,178870,0.19079239999700803,0.09539619999850402,0.09539619999850402,2.1575944000069285,ok,1.1117748760640442,1.1117748760640442
Composite,TSP-random-n80-g1000-2,6378.976747334952,7124,0.028193300000566524,0.014096650000283262,0.014096650000283262,0.2649170999939088,ok,-10.457934484349353,10.457934484349353
Composite,TSP-random-n600-g10000-4,177870.23980344046,179720,0.20529379999788944,0.10264689999894472,0.10264689999894472,11.86760030000005,ok,-1.0292456023589687,1.0292456023589687
Composite,TSP-random-n80-g1000-3,6503.757818222046,7219,0.02709799999865936,0.01354899999932968,0.01354899999932968,0.1037709999945946,ok,-9.907773677489322,9.907773677489322
Composite,TSP-random-n600-g1000-4,17905.111993164937,18032,0.2267171000057715,0.11335855000288575,0.11335855000288575,3.1755533999967156,ok,-0.7036823804074018,0.7036823804074018
Composite,TSP-random-n80-g1000-1,6463.655176545235,6898,0.0345618999999715,0.01728094999998575,0.01728094999998575,0.165887199997087,ok,-6.296677637790156,6.296677637790156
Composite,TSP-random-n600-g10000-1,181886.02430710642,184472,0.2233805000068969,0.11169025000344845,0.11169025000344845,7.112428299995372,ok,-1.4018255848549277,1.4018255848549277
Composite,TSP-random-n80-g10000-1,63198.1692662843,69969,0.016781800004537217,0.008390900002268609,0.008390900002268609,0.3416850999929011,ok,-9.67690081852778,9.67690081852778
Composite,TSP-random-n80-g1000-5,6362.86957150624,7181,0.03217489999951795,0.016087449999758974,0.016087449999758974,0.12841299999854527,ok,-11.392987445951256,11.392987445951256
Composite,TSP-random-n80-g10000-2,63554.34702034723,69907,0.02800839999690652,0.01400419999845326,0.01400419999845326,0.36559799998940434,ok,-9.087291658421572,9.087291658421572
Composite,TSP-random-n600-g1000-2,17913.883214363614,17655,0.2617394000044442,0.1308697000022221,0.1308697000022221,6.261356799994246,ok,1.4663450261320514,1.4663450261320514
Composite,TSP-random-n80-g1000-4,6397.051839364756,6950,0.04137579999951413,0.020687899999757065,0.020687899999757065,0.141978100000415,ok,-7.956088642233723,7.956088642233723
Composite,TSP-random-n80-g10000-5,62884.009957757626,70352,0.0391377999985707,0.01956889999928535,0.01956889999928535,0.6109234999894397,ok,-10.615178022291298,10.615178022291298
Composite,TSP-random-n80-g10000-4,62848.78868360535,70766,0.03968400000303518,0.01984200000151759,0.01984200000151759,0.5228367999952752,ok,-11.187874567440083,11.187874567440083
Composite,TSP-random-n80-g10000-3,64872.95772700364,71179,0.04455189999862341,0.022275949999311706,0.022275949999311706,0.20380740000109654,ok,-8.859413974622235,8.859413974622235
Composite,TSP-random-n700-g1000-2,19131.131733905833,19738,0.2281001000010292,0.1140500500005146,0.1140500500005146,9.918509499999345,ok,-3.0746188372386603,3.0746188372386603
Composite,TSP-random-n700-g1000-3,19182.211995338366,19314,0.22165629999653902,0.11082814999826951,0.11082814999826951,5.427546099992469,ok,-0.6823444375149309,0.6823444375149309
Composite,TSP-random-n700-g10000-3,195700.46278950167,192270,0.21559820000402397,0.10779910000201198,0.10779910000201198,5.40025059999607,ok,1.7841903518498334,1.7841903518498334
Composite,TSP-random-n700-g10000-2,190263.26989577085,195932,0.219067999998515,0.1095339999992575,0.1095339999992575,6.1309748999919975,ok,-2.893213004628724,2.893213004628724
Composite,TSP-random-n700-g1000-4,19337.588462139967,19565,0.23970659999758936,0.11985329999879468,0.11985329999879468,17.14373369999521,ok,-1.1623385528240873,1.1623385528240873
Composite,TSP-random-n700-g1000-5,19324.26225745083,19425,0.2483345000000554,0.1241672500000277,0.1241672500000277,4.898728400003165,ok,-0.5185984172415373,0.5185984172415373
Composite,TSP-random-n90-g1000-4,6977.604183993242,7543,0.021153199995751493,0.010576599997875746,0.010576599997875746,0.07916090000071563,ok,-7.495635900924801,7.495635900924801
Composite,TSP-random-n90-g1000-1,6842.66084497544,7440,0.04112149999855319,0.020560749999276595,0.020560749999276595,0.42916329999570735,ok,-8.028752083663436,8.028752083663436
Composite,TSP-random-n90-g1000-3,6722.999358072259,7280,0.025216900001396425,0.012608450000698213,0.012608450000698213,0.23230689999763854,ok,-7.651107718787646,7.651107718787646
Composite,TSP-random-n90-g1000-2,6748.938686483973,7318,0.036032399999385234,0.018016199999692617,0.018016199999692617,0.33611020000535063,ok,-7.776186301120899,7.776186301120899
Composite,TSP-random-n700-g10000-1,194462.56035508795,193018,0.2582038999971701,0.12910194999858504,0.12910194999858504,8.412648400000762,ok,0.7484070682982654,0.7484070682982654
Composite,TSP-random-n700-g1000-1,19491.35405831966,19294,0.28296250000130385,0.14148125000065193,0.14148125000065193,7.7415841999900294,ok,1.022877880790189,1.022877880790189
Composite,TSP-random-n90-g1000-5,6867.402363467573,7410,0.034372699999948964,0.017186349999974482,0.017186349999974482,0.2710372000001371,ok,-7.322505216362035,7.322505216362035
Composite,TSP-random-n700-g10000-4,192313.02261224797,192066,0.26092050000443123,0.13046025000221562,0.13046025000221562,10.673867699981201,ok,0.12861339968967192,0.12861339968967192
Composite,TSP-random-n700-g10000-5,194968.4659297522,198937,0.26103569999395404,0.13051784999697702,0.13051784999697702,3.473652900007437,ok,-1.9948697679405107,1.9948697679405107
Composite,TSP-random-n90-g10000-2,68267.67785064437,72585,0.03816990000632359,0.019084950003161794,0.019084950003161794,0.8370904000039445,ok,-5.947953639671604,5.947953639671604
Composite,TSP-random-n90-g10000-3,68318.26961713127,72103,0.03477689999999711,0.017388449999998556,0.017388449999998556,0.5491708000045037,ok,-5.249060902970375,5.249060902970375
Composite,TSP-random-n90-g10000-5,68068.25725157006,76024,0.04080279999470804,0.02040139999735402,0.02040139999735402,0.7709039999899687,ok,-10.464777897019284,10.464777897019284
Composite,TSP-random-n90-g10000-1,66435.49921327543,71346,0.0498511999976472,0.0249255999988236,0.0249255999988236,0.3756913999968674,ok,-6.882657453430569,6.882657453430569
Composite,TSP-random-n90-g10000-4,67482.40739547339,74766,0.04492570000002161,0.022462850000010803,0.022462850000010803,0.4835809999931371,ok,-9.741851382348408,9.741851382348408
Composite,TSP-random-n800-g1000-1,20309.424922134767,20931,0.25035689999640454,0.12517844999820227,0.12517844999820227,6.499728300012066,ok,-2.969638707492393,2.969638707492393
Composite,TSP-random-n800-g10000-5,204770.21075744365,208259,0.21099379999941448,0.10549689999970724,0.10549689999970724,8.321390500001144,ok,-1.675216553693405,1.675216553693405
Composite,TSP-squeezed_uniform-n10-g1000-1,3081.0673864954356,3081,0.0023633000018890016,0.0011816500009445008,0.0011816500009445008,0.08000400000310037,ok,0.002187163110535052,0.002187163110535052
Composite,TSP-squeezed_uniform-n10-g1000-2,2484.0274643382436,2484,0.002286000002641231,0.0011430000013206154,0.0011430000013206154,0.04143840000324417,ok,0.0011056496877451586,0.0011056496877451586
Composite,TSP-squeezed_uniform-n10-g1000-4,2567.715690265612,2568,0.002299799998581875,0.0011498999992909376,0.0011498999992909376,0.0379708000109531,ok,-0.011071251339096144,0.011071251339096144
Composite,TSP-squeezed_uniform-n10-g1000-3,2559.4573867651916,2559,0.0023535000000265427,0.0011767500000132713,0.0011767500000132713,0.04178709999541752,ok,0.01787365241076929,0.01787365241076929
Composite,TSP-squeezed_uniform-n10-g1000-5,1846.9725753322055,1846,0.0023201000003609806,0.0011600500001804903,0.0011600500001804903,0.041265599997132085,ok,0.052685554290652845,0.052685554290652845
Composite,TSP-squeezed_uniform-n10-g10000-1,19402.026282523133,19402,0.0022754999954486266,0.0011377499977243133,0.0011377499977243133,0.04639879999740515,ok,0.00013546295811244757,0.00013546295811244757
Composite,TSP-squeezed_uniform-n10-g10000-2,18237.815855591474,18238,0.0023108000023057684,0.0011554000011528842,0.0011554000011528842,0.05225829999835696,ok,-0.0010096743531404404,0.0010096743531404404
Composite,TSP-squeezed_uniform-n10-g10000-3,31599.589444208726,31600,0.002369499998167157,0.0011847499990835786,0.0011847499990835786,0.11299579999467824,ok,-0.0012992271875743968,0.0012992271875743968
Composite,TSP-squeezed_uniform-n10-g10000-5,24257.930525145563,24258,0.0022902000055182725,0.0011451000027591363,0.0011451000027591363,0.04177289998915512,ok,-0.00028639976270686214,0.00028639976270686214
Composite,TSP-squeezed_uniform-n10-g10000-4,23222.78823274273,23222,0.0023959999962244183,0.0011979999981122091,0.0011979999981122091,0.045218800005386584,ok,0.0033943361585079827,0.0033943361585079827
Composite,TSP-random-n800-g10000-2,206605.39709438488,207925,0.2704747999960091,0.13523739999800455,0.13523739999800455,5.770357299988973,ok,-0.6346533151930343,0.6346533151930343
Composite,TSP-random-n800-g1000-3,20577.627597499468,20449,0.29698869999992894,0.14849434999996447,0.14849434999996447,4.541776700003538,ok,0.6290165655996274,0.6290165655996274
Composite,TSP-random-n800-g10000-4,204630.2371894937,206382,0.26319590000639437,0.13159795000319718,0.13159795000319718,4.722381700004917,ok,-0.8487963148464037,0.8487963148464037
Composite,TSP-random-n800-g1000-5,20603.288598991694,20575,0.28810389999853214,0.14405194999926607,0.14405194999926607,4.631545100011863,ok,0.13749015305805112,0.13749015305805112
Composite,TSP-random-n800-g1000-4,20369.97570318483,21013,0.2932543999995687,0.14662719999978435,0.14662719999978435,5.587421500007622,ok,-3.060126097250125,3.060126097250125
Composite,TSP-random-n800-g10000-3,206130.4842194951,208830,0.27900389999558683,0.13950194999779342,0.13950194999779342,220.91395429999102,ok,-1.2926858116673414,1.2926858116673414
Composite,TSP-squeezed_uniform-n100-g1000-1,7183.337971619526,6678,0.040014600002905354,0.020007300001452677,0.020007300001452677,0.26049260000581853,ok,7.56720532523998,7.56720532523998
Composite,TSP-random-n800-g10000-1,204533.52228190863,209055,0.3018579999989015,0.15092899999945075,0.15092899999945075,160.99431039999763,ok,-2.162817305537474,2.162817305537474
Composite,TSP-squeezed_uniform-n100-g1000-2,6942.5297986298065,6287,0.04396619999897666,0.02198309999948833,0.02198309999948833,0.2112250999925891,ok,10.426750415616453,10.426750415616453
Composite,TSP-random-n800-g1000-2,20651.980351273294,20439,0.32723010000336217,0.16361505000168108,0.16361505000168108,15.43028630000481,ok,1.042029215095133,1.042029215095133
Composite,TSP-squeezed_uniform-n100-g1000-4,6291.862111258308,6149,0.03205399999569636,0.01602699999784818,0.01602699999784818,0.22476639998785686,ok,2.3233389373606728,2.3233389373606728
Composite,TSP-squeezed_uniform-n100-g1000-3,6763.624224250409,6776,0.04299430000537541,0.021497150002687704,0.021497150002687704,0.40163599999505095,ok,-0.18264131861852734,0.18264131861852734
Composite,TSP-squeezed_uniform-n100-g10000-2,66114.86943172704,61862,0.036271600001782645,0.018135800000891322,0.018135800000891322,0.2962979000003543,ok,6.874768729958686,6.874768729958686
Composite,TSP-squeezed_uniform-n100-g1000-5,7037.150759900978,6803,0.04701799999747891,0.023508999998739455,0.023508999998739455,0.38617109999177046,ok,3.441875053667181,3.441875053667181
Composite,TSP-squeezed_uniform-n100-g10000-1,70162.22447420363,64229,0.04991929999960121,0.024959649999800604,0.024959649999800604,0.25471619999734685,ok,9.237609917955483,9.237609917955483
Composite,TSP-squeezed_uniform-n100-g10000-5,72090.21944636914,65855,0.035616100001789164,0.017808050000894582,0.017808050000894582,0.1351101999898674,ok,9.468103327566837,9.468103327566837
Composite,TSP-squeezed_uniform-n100-g10000-3,69312.87050510432,64404,0.04046530000050552,0.02023265000025276,0.02023265000025276,0.3275506000063615,ok,7.621996312502828,7.621996312502828
Composite,TSP-squeezed_uniform-n100-g10000-4,68198.30942100374,60452,0.04459879999922123,0.022299399999610614,0.022299399999610614,0.24667249999765772,ok,12.813983691199196,12.813983691199196
Composite,TSP-random-n900-g1000-3,21859.994710662864,22037,0.2996181999988039,0.14980909999940195,0.14980909999940195,4.338619100002688,ok,-0.8032186292922618,0.8032186292922618
Composite,TSP-random-n900-g1000-1,21517.270683552844,22361,0.3141618000008748,0.1570809000004374,0.1570809000004374,6.0358360999962315,ok,-3.7732181764999586,3.7732181764999586
Composite,TSP-squeezed_uniform-n20-g1000-1,1964.8015843641824,2793,0.007083600001351442,0.003541800000675721,0.003541800000675721,0.04505570000037551,ok,-29.65264646028706,29.65264646028706
Composite,TSP-squeezed_uniform-n20-g1000-2,2810.581422805786,3570,0.006744300000718795,0.0033721500003593974,0.0033721500003593974,0.036099200005992316,ok,-21.27222905305921,21.27222905305921
Composite,TSP-squeezed_uniform-n20-g1000-3,2335.219181060791,2827,0.007906900005764328,0.003953450002882164,0.003953450002882164,0.03640750001068227,ok,-17.395854932409232,17.395854932409232
Composite,TSP-squeezed_uniform-n20-g1000-4,2971.447078704834,3859,0.008524600001692306,0.004262300000846153,0.004262300000846153,0.04030599999532569,ok,-22.99955743185193,22.99955743185193
Composite,TSP-random-n900-g1000-5,21762.692850919244,21894,0.32078249999904074,0.16039124999952037,0.16039124999952037,9.186235300003318,ok,-0.5997403356205173,0.5997403356205173
Composite,TSP-random-n900-g1000-2,22023.546015184336,21858,0.3337173000036273,0.16685865000181366,0.16685865000181366,7.607948799995938,ok,0.7573703686720481,0.7573703686720481
Composite,TSP-squeezed_uniform-n20-g1000-5,2752.4708137512207,3338,0.012743100000079721,0.006371550000039861,0.006371550000039861,0.04265839999425225,ok,-17.541317742623704,17.541317742623704
Composite,TSP-random-n900-g10000-3,213723.70719842144,221776,0.3044011000019964,0.1522005500009982,0.1522005500009982,365.2208775000181,ok,-3.6308224521943573,3.6308224521943573
Composite,TSP-squeezed_uniform-n20-g10000-2,24350.885009765625,31326,0.008529999999154825,0.004264999999577412,0.004264999999577412,0.051746700002695434,ok,-22.26621653014868,22.26621653014868
Composite,TSP-squeezed_uniform-n20-g10000-1,24553.93148803711,31145,0.013166099997761194,0.006583049998880597,0.006583049998880597,0.05230419999861624,ok,-21.162525323367763,21.162525323367763
Composite,TSP-random-n900-g1000-4,21660.38026994293,22190,0.3333735999985947,0.16668679999929736,0.16668679999929736,11.710626600004616,ok,-2.386749572136418,2.386749572136418
Composite,TSP-squeezed_uniform-n20-g10000-3,24866.29818725586,31737,0.008171900000888854,0.004085950000444427,0.004085950000444427,0.04439539999293629,ok,-21.648869813606016,21.648869813606016
Composite,TSP-squeezed_uniform-n20-g10000-4,27353.049224853516,36355,0.010630099997797515,0.005315049998898758,0.005315049998898758,0.04846170000382699,ok,-24.76124542744185,24.76124542744185
Composite,TSP-squeezed_uniform-n20-g10000-5,22581.343536376953,29236,0.011245700006838888,0.005622850003419444,0.005622850003419444,0.05004860000917688,ok,-22.76185683275088,22.76185683275088
Composite,TSP-random-n900-g10000-1,218916.3106541728,217290,0.3302789000008488,0.1651394500004244,0.1651394500004244,228.23099480000383,ok,0.7484516794020849,0.7484516794020849
Composite,TSP-random-n900-g10000-5,219971.35184446795,223658,0.3280360999997356,0.1640180499998678,0.1640180499998678,14.82572639999853,ok,-1.6483417340457527,1.6483417340457527
Composite,TSP-random-n900-g10000-4,217264.04262544893,221030,0.33357660000183387,0.16678830000091693,0.16678830000091693,5.285031599996728,ok,-1.7038218226263728,1.7038218226263728
Composite,TSP-random-n900-g10000-2,218938.5369479828,217201,0.35011040000244975,0.17505520000122488,0.17505520000122488,5.5039209999958985,ok,0.7999672874355059,0.7999672874355059
Composite,TSP-squeezed_uniform-n200-g1000-4,9674.817713224189,9352,0.04962030000024242,0.02481015000012121,0.02481015000012121,1.1564733999985037,ok,3.451857498120071,3.451857498120071
Composite,TSP-squeezed_uniform-n200-g1000-1,9408.768820177673,9157,0.060860799996589776,0.030430399998294888,0.030430399998294888,1.2231018000020413,ok,2.7494683867824916,2.7494683867824916
Composite,TSP-squeezed_uniform-n30-g1000-1,3405.7921981811523,4073,0.011082900004112162,0.005541450002056081,0.005541450002056081,0.11790060000203084,ok,-16.38123746179346,16.38123746179346
Composite,TSP-squeezed_uniform-n200-g10000-1,96538.65309784262,90275,0.055953400005819276,0.027976700002909638,0.027976700002909638,2.111510899994755,ok,6.938413844190104,6.938413844190104
Composite,TSP-squeezed_uniform-n200-g1000-3,9190.65782143393,9198,0.06259009999484988,0.03129504999742494,0.03129504999742494,1.4989088000002084,ok,-0.07982364172722645,0.07982364172722645
Composite,TSP-squeezed_uniform-n200-g1000-2,8711.28185872758,8708,0.06864009999844711,0.034320049999223556,0.034320049999223556,1.0000341999984812,ok,0.03768785860794298,0.03768785860794298
Composite,TSP-squeezed_uniform-n200-g10000-2,95097.91855105323,92411,0.05185859999619424,0.02592929999809712,0.02592929999809712,1.78805669999565,ok,2.9075743699919125,2.9075743699919125
Composite,TSP-squeezed_uniform-n30-g1000-2,3213.1528720855713,3958,0.012650100004975684,0.006325050002487842,0.006325050002487842,0.07811360000050627,ok,-18.818775338919373,18.818775338919373
Composite,TSP-squeezed_uniform-n200-g1000-5,9289.45203283276,8728,0.0697306000001845,0.03486530000009225,0.03486530000009225,3.5548223000077996,ok,6.432768478835471,6.432768478835471
Composite,TSP-squeezed_uniform-n30-g1000-4,2603.9193363189697,3165,0.012774199996783864,0.006387099998391932,0.006387099998391932,0.07471049999003299,ok,-17.72766709892671,17.72766709892671
Composite,TSP-squeezed_uniform-n30-g10000-2,32809.64304906958,42520,0.009374799999932293,0.004687399999966146,0.004687399999966146,0.09294760000193492,ok,-22.83715181310071,22.83715181310071
Composite,TSP-squeezed_uniform-n200-g10000-3,97377.26671901817,95372,0.053510500001721084,0.026755250000860542,0.026755250000860542,1.9878736999962712,ok,2.102573836155441,2.102573836155441
Composite,TSP-squeezed_uniform-n30-g1000-5,3364.7643661451248,4196,0.01569549999840092,0.00784774999920046,0.00784774999920046,0.05670939999981783,ok,-19.810191464606177,19.810191464606177
Composite,TSP-squeezed_uniform-n30-g1000-3,3482.8273887634277,4394,0.019032599993806798,0.009516299996903399,0.009516299996903399,0.06546919999527745,ok,-20.736745817855535,20.736745817855535
Composite,TSP-squeezed_uniform-n30-g10000-1,35079.71984863281,42127,0.019797100001596846,0.009898550000798423,0.009898550000798423,0.04203210001287516,ok,-16.72865419177057,16.72865419177057
Composite,TSP-squeezed_uniform-n30-g10000-3,30910.69728088379,39604,0.01707940000051167,0.008539700000255834,0.008539700000255834,0.14174069999717176,ok,-21.950567415201018,21.950567415201018
Composite,TSP-squeezed_uniform-n200-g10000-4,97360.99828397729,91891,0.06223659999523079,0.031118299997615395,0.031118299997615395,3.5181930999970064,ok,5.9527029676217325,5.9527029676217325
Composite,TSP-squeezed_uniform-n30-g10000-4,29074.3409576416,34865,0.021453199995448813,0.010726599997724406,0.010726599997724406,0.05038349999813363,ok,-16.608802645513833,16.608802645513833
Composite,TSP-squeezed_uniform-n30-g10000-5,24990.215255737305,31716,0.022863099999085534,0.011431549999542767,0.011431549999542767,0.11035420000553131,ok,-21.206283088228954,21.206283088228954
Composite,TSP-squeezed_uniform-n200-g10000-5,99871.42859874407,91622,0.07658899999660207,0.038294499998301035,0.038294499998301035,1.9688375999976415,ok,9.00376394178698,9.00376394178698
Composite,TSP-squeezed_uniform-n300-g1000-3,11171.892143588817,10468,0.0700522000042838,0.0350261000021419,0.0350261000021419,1.6909853999968618,ok,6.7242275849141855,6.7242275849141855
Composite,TSP-squeezed_uniform-n300-g1000-5,11484.038056164687,11139,0.06840550000197254,0.03420275000098627,0.03420275000098627,1.4115041999903042,ok,3.097567610779128,3.097567610779128
Composite,TSP-squeezed_uniform-n300-g1000-1,11724.36412489215,11061,0.08291680000547785,0.04145840000273893,0.04145840000273893,1.1621943000063766,ok,5.997325060050179,5.997325060050179
Composite,TSP-squeezed_uniform-n300-g1000-2,11833.125685817246,11116,0.08472970000002533,0.042364850000012666,0.042364850000012666,1.1639710000017658,ok,6.451292603609622,6.451292603609622
Composite,TSP-squeezed_uniform-n40-g1000-1,3190.0849075317383,3809,0.017525399998703506,0.008762699999351753,0.008762699999351753,0.07285509999201167,ok,-16.24875538115678,16.24875538115678
Composite,TSP-squeezed_uniform-n1000-g10000-1,205532.12324558396,198144,0.2857173999946099,0.14285869999730494,0.14285869999730494,14.507904800004326,ok,3.728663621196687,3.728663621196687
Composite,TSP-squeezed_uniform-n300-g1000-4,11475.167307848616,11210,0.09152870000252733,0.045764350001263665,0.045764350001263665,1.30159280000953,ok,2.3654532368297634,2.3654532368297634
Composite,TSP-squeezed_uniform-n40-g1000-2,3709.1920204162598,4320,0.017547799994645175,0.008773899997322587,0.008773899997322587,0.05784029999631457,ok,-14.139073601475468,14.139073601475468
Composite,TSP-squeezed_uniform-n300-g10000-2,119907.81620590661,112799,0.09010760000091977,0.04505380000045989,0.04505380000045989,1.792967299988959,ok,6.302197897061684,6.302197897061684
Composite,TSP-squeezed_uniform-n40-g1000-4,3343.6889026582603,4227,0.020371000005980022,0.010185500002990011,0.010185500002990011,0.09781400000792928,ok,-20.896879520741418,20.896879520741418
Composite,TSP-squeezed_uniform-n300-g10000-3,122526.48845474755,115849,0.08712889999878826,0.04356444999939413,0.04356444999939413,28.033932099991944,ok,5.763958648540386,5.763958648540386
Composite,TSP-squeezed_uniform-n40-g1000-3,3691.5036670928557,4455,0.023505800003476907,0.011752900001738453,0.011752900001738453,0.09027079999214038,ok,-17.137964823953855,17.137964823953855
Composite,TSP-squeezed_uniform-n40-g10000-1,33857.56384277344,41785,0.01477090000116732,0.00738545000058366,0.00738545000058366,0.6247832999943057,ok,-18.971966392788232,18.971966392788232
Composite,TSP-squeezed_uniform-n300-g10000-4,119681.07974837722,113142,0.08783569999650354,0.04391784999825177,0.04391784999825177,2.868346899995231,ok,5.779533460940427,5.779533460940427
Composite,TSP-squeezed_uniform-n300-g10000-1,110637.61501647063,112674,0.11157660000026226,0.05578830000013113,0.05578830000013113,3.110577800005558,ok,-1.8073246565572945,1.8073246565572945
Composite,TSP-squeezed_uniform-n40-g1000-5,3712.8713570389164,4285,0.029105000001436565,0.014552500000718283,0.014552500000718283,0.0860376000055112,ok,-13.351893651367181,13.351893651367181
Composite,TSP-squeezed_uniform-n1000-g10000-5,205016.6943602523,202136,0.3041159999993397,0.15205799999966985,0.15205799999966985,17.16014059999725,ok,1.425126825628436,1.425126825628436
Composite,TSP-squeezed_uniform-n40-g10000-3,37375.06778015527,45736,0.026668400001653936,0.013334200000826968,0.013334200000826968,0.0904480000026524,ok,-18.280855824393768,18.280855824393768
Composite,TSP-squeezed_uniform-n1000-g1000-2,20583.446343403084,19959,0.3447234999985085,0.17236174999925424,0.17236174999925424,363.728197599994,ok,3.128645440167764,3.128645440167764
Composite,TSP-squeezed_uniform-n40-g10000-2,35614.0115776062,41759,0.030023899998923298,0.015011949999461649,0.015011949999461649,0.08990500000072643,ok,-14.715362969404916,14.715362969404916
Composite,TSP-squeezed_uniform-n1000-g1000-1,20476.041785086094,19948,0.3558714000027976,0.1779357000013988,0.1779357000013988,20.820528500000364,ok,2.647091362974203,2.647091362974203
Composite,TSP-squeezed_uniform-n40-g10000-4,33999.68231201172,41170,0.03311810000013793,0.016559050000068964,0.016559050000068964,0.07844899999327026,ok,-17.41636552826884,17.41636552826884
Composite,TSP-squeezed_uniform-n5-g1000-2,1889.2162421176465,1889,0.00013870000111637637,6.935000055818819e-05,6.935000055818819e-05,0.09366220000083558,ok,0.011447438731948964,0.011447438731948964
Composite,TSP-squeezed_uniform-n5-g1000-1,1827.8457352334622,1828,0.00012209999840706587,6.104999920353293e-05,6.104999920353293e-05,0.047415100008947775,ok,-0.008438991604914408,0.008438991604914408
Composite,TSP-squeezed_uniform-n5-g1000-3,1165.823108899501,1166,0.00010910000128205866,5.455000064102933e-05,5.455000064102933e-05,0.089763199997833,ok,-0.015170763336106854,0.015170763336106854
Composite,TSP-squeezed_uniform-n5-g1000-5,1553.1846916865195,1552,0.00013050000416114926,6.525000208057463e-05,6.525000208057463e-05,0.5055993999994826,ok,0.07633322722419458,0.07633322722419458
Composite,TSP-squeezed_uniform-n5-g1000-4,1774.9063914985613,1774,0.00013670000043930486,6.835000021965243e-05,6.835000021965243e-05,0.16823670000303537,ok,0.051093094620142825,0.051093094620142825
Composite,TSP-squeezed_uniform-n5-g10000-2,10405.304095061401,10405,0.00011600000289035961,5.8000001445179805e-05,5.8000001445179805e-05,0.2729534000100102,ok,0.002922585885644524,0.002922585885644524
Composite,TSP-squeezed_uniform-n5-g10000-1,21177.68265486177,21178,0.00011500000255182385,5.750000127591193e-05,5.750000127591193e-05,0.25831389999075327,ok,-0.0014984660413247617,0.0014984660413247617
Composite,TSP-squeezed_uniform-n5-g10000-3,20565.286414802787,20565,0.00012749999586958438,6.374999793479219e-05,6.374999793479219e-05,0.4096152999991318,ok,0.0013927294081569474,0.0013927294081569474
Composite,TSP-squeezed_uniform-n5-g10000-5,21991.486785823647,21991,0.00014250000094762072,7.125000047381036e-05,7.125000047381036e-05,0.14219389999925625,ok,0.0022135683854606057,0.0022135683854606057
Composite,TSP-squeezed_uniform-n5-g10000-4,15347.379717230102,15347,0.00012069999502273276,6.034999751136638e-05,6.034999751136638e-05,0.0945542999979807,ok,0.002474211442639995,0.002474211442639995
Composite,TSP-squeezed_uniform-n300-g10000-5,116159.24745643564,110278,0.11610749999817926,0.05805374999908963,0.05805374999908963,3.923994099997799,ok,5.33311037236406,5.33311037236406
Composite,TSP-squeezed_uniform-n40-g10000-5,38579.107520526195,43772,0.04055289999814704,0.02027644999907352,0.02027644999907352,0.06790469998668414,ok,-11.863502877350372,11.863502877350372
Composite,TSP-squeezed_uniform-n1000-g1000-3,20644.254557620327,20242,0.3679601000039838,0.1839800500019919,0.1839800500019919,7.233491100007086,ok,1.9872273373200597,1.9872273373200597
Composite,TSP-squeezed_uniform-n1000-g10000-4,202756.61549833525,201108,0.3407059000019217,0.17035295000096085,0.17035295000096085,14.003085300006205,ok,0.8197662441748943,0.8197662441748943
Composite,TSP-squeezed_uniform-n1000-g10000-3,202717.2214458816,192489,0.3475198000014643,0.17375990000073216,0.17375990000073216,8.989063300017733,ok,5.313665428092819,5.313665428092819
Composite,TSP-squeezed_uniform-n50-g1000-1,4587.021044294434,5438,0.0217728999996325,0.01088644999981625,0.01088644999981625,0.12247130001196638,ok,-15.64874872573677,15.64874872573677
Composite,TSP-squeezed_uniform-n1000-g1000-5,20404.28985906462,19929,0.37008090000017546,0.18504045000008773,0.18504045000008773,9.074108199987677,ok,2.38491574622218,2.38491574622218
Composite,TSP-squeezed_uniform-n50-g1000-2,4347.209033483438,5118,0.022404900002584327,0.011202450001292164,0.011202450001292164,0.07756560000416357,ok,-15.06039403119503,15.06039403119503
Composite,TSP-squeezed_uniform-n1000-g1000-4,20968.934190270273,20364,0.38105580000410555,0.19052790000205277,0.19052790000205277,16.649420600006124,ok,2.970605923542883,2.970605923542883
Composite,TSP-squeezed_uniform-n1000-g10000-2,202023.46262195683,196434,0.3572241000001668,0.1786120500000834,0.1786120500000834,12.417774400004419,ok,2.8454659692094193,2.8454659692094193
Composite,TSP-squeezed_uniform-n50-g1000-3,3782.930155739067,4240,0.027367700000468176,0.013683850000234088,0.013683850000234088,0.11006090001319535,ok,-10.779949157097482,10.779949157097482
Composite,TSP-squeezed_uniform-n50-g1000-5,4366.1658411026,5142,0.023588700001710095,0.011794350000855047,0.011794350000855047,0.0750116999988677,ok,-15.088178897265653,15.088178897265653
Composite,TSP-squeezed_uniform-n50-g1000-4,3887.1176480266204,4610,0.035494600000674836,0.017747300000337418,0.017747300000337418,0.1858805000083521,ok,-15.680745162112355,15.680745162112355
Composite,TSP-squeezed_uniform-n50-g10000-2,39249.73345116117,43945,0.024863099999492988,0.012431549999746494,0.012431549999746494,0.10157739999704063,ok,-10.684415858092684,10.684415858092684
Composite,TSP-squeezed_uniform-n50-g10000-4,40648.17427062988,46707,0.017839899999671616,0.008919949999835808,0.008919949999835808,0.10466929999529384,ok,-12.971986488899132,12.971986488899132
Composite,TSP-squeezed_uniform-n50-g10000-1,44252.391419040854,49669,0.035933299994212575,0.017966649997106288,0.017966649997106288,0.050544199999421835,ok,-10.905410982623257,10.905410982623257
Composite,TSP-squeezed_uniform-n50-g10000-3,46272.39865720384,55017,0.027161899997736327,0.013580949998868164,0.013580949998868164,0.12064039999677334,ok,-15.894362365807222,15.894362365807222
Composite,TSP-squeezed_uniform-n50-g10000-5,41243.41484275035,48620,0.035018100003071595,0.017509050001535797,0.017509050001535797,0.04956119999405928,ok,-15.171915173281873,15.171915173281873
Composite,TSP-squeezed_uniform-n400-g10000-1,136075.7819478024,129598,0.11670410000078846,0.05835205000039423,0.05835205000039423,3.049871200011694,ok,4.998365675243756,4.998365675243756
Composite,TSP-squeezed_uniform-n400-g1000-2,13370.36756855766,13117,0.13982199999736622,0.06991099999868311,0.06991099999868311,9.757436699990649,ok,1.9315969242788746,1.9315969242788746
Composite,TSP-squeezed_uniform-n400-g1000-4,13144.79929503335,12977,0.14292500000010477,0.07146250000005239,0.07146250000005239,2.422584799991455,ok,1.2930515144744552,1.2930515144744552
Composite,TSP-squeezed_uniform-n60-g1000-1,4861.409061512927,5591,0.018548699998063967,0.009274349999031983,0.009274349999031983,0.10697940000682138,ok,-13.049381836649488,13.049381836649488
Composite,TSP-squeezed_uniform-n400-g1000-1,13518.713442080383,12688,0.16184720000455854,0.08092360000227927,0.08092360000227927,3.0173847999976715,ok,6.547237090797471,6.547237090797471
Composite,TSP-squeezed_uniform-n400-g1000-3,13319.355466729357,12466,0.16122069999983069,0.08061034999991534,0.08061034999991534,5.156594799991581,ok,6.8454633942672665,6.8454633942672665
Composite,TSP-squeezed_uniform-n60-g1000-4,4411.408980468712,5104,0.013363700003537815,0.0066818500017689075,0.0066818500017689075,0.1329362999967998,ok,-13.569573266678841,13.569573266678841
Composite,TSP-squeezed_uniform-n400-g10000-5,128137.50478468629,116751,0.14847379999991972,0.07423689999995986,0.07423689999995986,4.86965790000977,ok,9.752811354666159,9.752811354666159
Composite,TSP-squeezed_uniform-n400-g10000-4,136512.24335249534,129431,0.15231889999995474,0.07615944999997737,0.07615944999997737,9.07665870001074,ok,5.47105666532387,5.47105666532387
Composite,TSP-squeezed_uniform-n400-g1000-5,13460.86881089192,13044,0.16915439999866067,0.08457719999933033,0.08457719999933033,7.67400970000017,ok,3.1958663821827624,3.1958663821827624
Composite,TSP-squeezed_uniform-n60-g1000-3,4966.036704238099,5461,0.03705459999764571,0.018527299998822855,0.018527299998822855,0.13294820000010077,ok,-9.063601826806455,9.063601826806455
Composite,TSP-squeezed_uniform-n400-g10000-2,135219.1768717581,125445,0.16949199999362463,0.08474599999681232,0.08474599999681232,44.8171888999932,ok,7.791603389340428,7.791603389340428
Composite,TSP-squeezed_uniform-n500-g10000-2,148336.79478249475,136735,0.11170590000256198,0.05585295000128099,0.05585295000128099,35.89451360001112,ok,8.4848756956849,8.4848756956849
Composite,TSP-squeezed_uniform-n60-g10000-1,45788.93494949714,51741,0.03357229999528499,0.016786149997642497,0.016786149997642497,0.1747590000013588,ok,-11.503575598660367,11.503575598660367
Composite,TSP-squeezed_uniform-n60-g1000-2,4514.201825315301,4837,0.05075159999978496,0.02537579999989248,0.02537579999989248,0.1761621999903582,ok,-6.673520253973517,6.673520253973517
Composite,TSP-squeezed_uniform-n60-g1000-5,4997.910101472414,5651,0.04653159999725176,0.02326579999862588,0.02326579999862588,0.14396660000784323,ok,-11.557067749559126,11.557067749559126
Composite,TSP-squeezed_uniform-n60-g10000-3,47282.321213273775,52767,0.03981260000000475,0.019906300000002375,0.019906300000002375,0.21421360000385903,ok,-10.394145558258428,10.394145558258428
Composite,TSP-squeezed_uniform-n60-g10000-2,48081.292712764705,54425,0.049489699995319825,0.024744849997659912,0.024744849997659912,0.23692599999776576,ok,-11.65587007300927,11.65587007300927
Composite,TSP-squeezed_uniform-n400-g10000-3,129107.42895346436,126536,0.19805780000024242,0.09902890000012121,0.09902890000012121,1.678967100000591,ok,2.0321718352598164,2.0321718352598164
Composite,TSP-squeezed_uniform-n60-g10000-4,48311.60993797826,56062,0.04961609999736538,0.02480804999868269,0.02480804999868269,0.65956179999921,ok,-13.824676361923832,13.824676361923832
Composite,TSP-squeezed_uniform-n60-g10000-5,45442.388215325125,50282,0.039044899996952154,0.019522449998476077,0.019522449998476077,0.21599669998977333,ok,-9.624938913875491,9.624938913875491
Composite,TSP-squeezed_uniform-n500-g1000-4,15431.915679734651,14197,0.16755110000667628,0.08377555000333814,0.08377555000333814,6.175206600004458,ok,8.698426989748901,8.698426989748901
Composite,TSP-squeezed_uniform-n500-g1000-3,15112.06146359259,13961,0.1778511000011349,0.08892555000056745,0.08892555000056745,3.7501296999980696,ok,8.244835352715354,8.244835352715354
Composite,TSP-squeezed_uniform-n70-g1000-1,5437.438372881113,5834,0.0293770000062068,0.0146885000031034,0.0146885000031034,0.3724594000086654,ok,-6.797422473755354,6.797422473755354
Composite,TSP-squeezed_uniform-n500-g10000-3,146235.5148415051,139131,0.16891860000032466,0.08445930000016233,0.08445930000016233,2.523257900000317,ok,5.106349297787763,5.106349297787763
Composite,TSP-squeezed_uniform-n500-g10000-1,151553.81814104773,143196,0.18470959999831393,0.09235479999915697,0.09235479999915697,4.276460299995961,ok,5.836628216603625,5.836628216603625
Composite,TSP-squeezed_uniform-n70-g1000-2,4825.131673826115,5112,0.024065099998551887,0.012032549999275943,0.012032549999275943,0.15626430000702385,ok,-5.6116652224938415,5.6116652224938415
Composite,TSP-squeezed_uniform-n70-g1000-3,5260.009517253748,6026,0.04066719999536872,0.02033359999768436,0.02033359999768436,0.19068749999860302,ok,-12.71142520322357,12.71142520322357
Composite,TSP-squeezed_uniform-n70-g10000-1,46707.67592325356,52099,0.025180800002999604,0.012590400001499802,0.012590400001499802,0.13515230000484735,ok,-10.348229479925598,10.348229479925598
Composite,TSP-squeezed_uniform-n500-g1000-1,14988.020857065569,14581,0.22778059999836842,0.11389029999918421,0.11389029999918421,9.311835500004236,ok,2.7914467942224035,2.7914467942224035
Composite,TSP-squeezed_uniform-n70-g1000-5,4685.34669597032,5307,0.0304660000037984,0.0152330000018992,0.0152330000018992,0.2540863000031095,ok,-11.71383651836593,11.71383651836593
Composite,TSP-squeezed_uniform-n500-g1000-2,15039.795434093634,13795,0.2295635000045877,0.11478175000229385,0.11478175000229385,1.7912158999970416,ok,9.023526162331526,9.023526162331526
Composite,TSP-squeezed_uniform-n70-g10000-2,52188.656906493394,56510,0.03395170000294456,0.01697585000147228,0.01697585000147228,0.11329490000207443,ok,-7.647041397109549,7.647041397109549
Composite,TSP-squeezed_uniform-n70-g1000-4,4558.762867129634,5032,0.04309590000048047,0.021547950000240235,0.021547950000240235,0.15518149999843445,ok,-9.404553514911878,9.404553514911878
Composite,TSP-squeezed_uniform-n500-g1000-5,15541.161846827003,14604,0.22711849999905098,0.11355924999952549,0.11355924999952549,3.0721726000047056,ok,6.417158633436062,6.417158633436062
Composite,TSP-squeezed_uniform-n500-g10000-4,153652.31810871823,140767,0.22162699999898905,0.11081349999949452,0.11081349999949452,6.198698699998204,ok,9.15364972523264,9.15364972523264
Composite,TSP-squeezed_uniform-n500-g10000-5,149542.1636336859,142630,0.22181889999774285,0.11090944999887142,0.11090944999887142,3.0757080000039423,ok,4.846220033433295,4.846220033433295
Composite,TSP-squeezed_uniform-n70-g10000-3,50476.204175715124,55062,0.03451930000301218,0.01725965000150609,0.01725965000150609,0.1613389999984065,ok,-8.328422186416905,8.328422186416905
Composite,TSP-squeezed_uniform-n70-g10000-5,47509.99334932052,52051,0.031381799999508075,0.015690899999754038,0.015690899999754038,0.500084400002379,ok,-8.724148720830499,8.724148720830499
Composite,TSP-squeezed_uniform-n70-g10000-4,49823.801444228644,55339,0.03826709999702871,0.019133549998514354,0.019133549998514354,0.5710421999974642,ok,-9.966205670090453,9.966205670090453
Composite,TSP-squeezed_uniform-n600-g1000-4,16358.868240475884,15513,0.2019371000060346,0.1009685500030173,0.1009685500030173,9.99692020000657,ok,5.452641271681066,5.452641271681066
Composite,TSP-squeezed_uniform-n8-g1000-1,2278.9986992409627,2279,0.0004944999964209273,0.00024724999821046367,0.00024724999821046367,0.08349599999201018,ok,-5.707586824699662e-05,5.707586824699662e-05
Composite,TSP-squeezed_uniform-n8-g1000-2,1524.1875541550871,1522,0.00044049999996786937,0.00022024999998393469,0.00022024999998393469,0.03680990000430029,ok,0.14372891951952219,0.14372891951952219
Composite,TSP-squeezed_uniform-n8-g1000-3,2119.6532692832066,2119,0.0004490999999688938,0.0002245499999844469,0.0002245499999844469,0.16017799999099225,ok,0.03082913087336267,0.03082913087336267
Composite,TSP-squeezed_uniform-n8-g1000-4,2291.08619716353,2290,0.00043290000030538067,0.00021645000015269034,0.00021645000015269034,0.055098599987104535,ok,0.04743219054715981,0.04743219054715981
Composite,TSP-squeezed_uniform-n8-g1000-5,2428.2504768626172,2427,0.000451300002168864,0.000225650001084432,0.000225650001084432,0.10282529999676626,ok,0.051523562530582344,0.051523562530582344
Composite,TSP-squeezed_uniform-n8-g10000-1,22071.056767485334,22070,0.0004307999988668598,0.0002153999994334299,0.0002153999994334299,0.3478677999955835,ok,0.004788253218548681,0.004788253218548681
Composite,TSP-squeezed_uniform-n8-g10000-2,20329.519696188156,20330,0.000425300000642892,0.000212650000321446,0.000212650000321446,0.22044010000536218,ok,-0.00236253719549607,0.00236253719549607
Composite,TSP-squeezed_uniform-n8-g10000-3,21714.54703959726,21716,0.00042550000216579065,0.00021275000108289532,0.00021275000108289532,0.2111367000034079,ok,-0.006690736796560855,0.006690736796560855
Composite,TSP-squeezed_uniform-n8-g10000-4,19723.53173772588,19723,0.00042470000335015357,0.00021235000167507678,0.00021235000167507678,0.30939150000631344,ok,0.0026960286258672275,0.0026960286258672275
Composite,TSP-squeezed_uniform-n8-g10000-5,18979.92023381553,18981,0.0004211000050418079,0.00021055000252090394,0.00021055000252090394,0.38135999999940395,ok,-0.005688668586849575,0.005688668586849575
Composite,TSP-squeezed_uniform-n600-g1000-3,15647.547055026276,15097,0.22758160000375938,0.11379080000187969,0.11379080000187969,12.408783199993195,ok,3.646731503121655,3.646731503121655
Composite,TSP-squeezed_uniform-n600-g10000-2,159125.39133571164,154309,0.21169259999442147,0.10584629999721074,0.10584629999721074,57.62730530000408,ok,3.1212640453321843,3.1212640453321843
Composite,TSP-squeezed_uniform-n600-g1000-2,16103.793589498324,14986,0.2392799000008381,0.11963995000041905,0.11963995000041905,5.085278300000937,ok,7.458918920981741,7.458918920981741
Composite,TSP-squeezed_uniform-n600-g1000-5,16661.26868914293,16110,0.23710510000091745,0.11855255000045872,0.11855255000045872,3.893309999999474,ok,3.4219037190746704,3.4219037190746704
Composite,TSP-squeezed_uniform-n600-g10000-3,160305.4985896457,154317,0.2226373000012245,0.11131865000061225,0.11131865000061225,20.062011100002564,ok,3.8806473620182436,3.8806473620182436
Composite,TSP-squeezed_uniform-n600-g1000-1,16557.7467263094,15747,0.26197689999389695,0.13098844999694848,0.13098844999694848,12.258267199998954,ok,5.148578943985523,5.148578943985523
Composite,TSP-squeezed_uniform-n600-g10000-1,158455.24361165045,155567,0.23547959999996237,0.11773979999998119,0.11773979999998119,4.811391499999445,ok,1.8565914439761992,1.8565914439761992
Composite,TSP-squeezed_uniform-n600-g10000-4,161417.96199282474,157307,0.23317920000408776,0.11658960000204388,0.11658960000204388,7.379515399996308,ok,2.613336973449841,2.613336973449841
Composite,TSP-squeezed_uniform-n80-g1000-2,5534.093107883171,6081,0.02732570000080159,0.013662850000400795,0.013662850000400795,0.32952660000592005,ok,-8.993699919697896,8.993699919697896
Composite,TSP-squeezed_uniform-n600-g10000-5,161664.27652981997,156206,0.22133810000377707,0.11066905000188854,0.11066905000188854,5.499487999986741,ok,3.494280968605538,3.494280968605538
Composite,TSP-squeezed_uniform-n80-g1000-1,6163.395944548752,6727,0.038364599997294135,0.019182299998647068,0.019182299998647068,0.3328784000041196,ok,-8.378237779860982,8.378237779860982
Composite,TSP-squeezed_uniform-n80-g1000-3,5843.909775073535,6485,0.03299899999547051,0.016499499997735256,0.016499499997735256,0.4077945000026375,ok,-9.885739782983276,9.885739782983276
Composite,TSP-squeezed_uniform-n80-g1000-4,5777.986126338485,6221,0.03429219999816269,0.017146099999081343,0.017146099999081343,0.3273258000117494,ok,-7.121264646544212,7.121264646544212
Composite,TSP-squeezed_uniform-n80-g10000-1,49443.8815134961,55810,0.026413999999931548,0.013206999999965774,0.013206999999965774,0.2727240000094753,ok,-11.406770267880134,11.406770267880134
Composite,TSP-squeezed_uniform-n80-g1000-5,5041.45759951227,5615,0.03306960000190884,0.01653480000095442,0.01653480000095442,0.5399780000007013,ok,-10.214468396931977,10.214468396931977
Composite,TSP-squeezed_uniform-n80-g10000-4,55579.59744803052,60429,0.02695349999703467,0.013476749998517334,0.013476749998517334,0.21272129999124445,ok,-8.024959128844557,8.024959128844557
Composite,TSP-squeezed_uniform-n80-g10000-3,50731.62643295088,55642,0.0347535999972024,0.0173767999986012,0.0173767999986012,0.21935420000227168,ok,-8.824940812783728,8.824940812783728
Composite,TSP-squeezed_uniform-n80-g10000-2,55064.06997707017,60709,0.03568039999663597,0.017840199998317985,0.017840199998317985,0.1120299000031082,ok,-9.298341305127462,9.298341305127462
Composite,TSP-squeezed_uniform-n80-g10000-5,53327.146987813256,56490,0.03413480000017444,0.01706740000008722,0.01706740000008722,0.12364039999374654,ok,-5.598960899604787,5.598960899604787
Composite,TSP-squeezed_uniform-n700-g1000-5,17642.273920638658,16845,0.1937720999994781,0.09688604999973904,0.09688604999973904,7.519965999992564,ok,4.733000419344956,4.733000419344956
Composite,TSP-squeezed_uniform-n90-g1000-1,5812.083753064817,6142,0.024350700005015824,0.012175350002507912,0.012175350002507912,0.34587780000583734,ok,-5.3714791099834445,5.3714791099834445
Composite,TSP-squeezed_uniform-n700-g1000-2,17211.5390202557,16408,0.23659300000144867,0.11829650000072434,0.11829650000072434,17.86578659999941,ok,4.89723927508349,4.89723927508349
Composite,TSP-squeezed_uniform-n700-g1000-3,17648.33510696209,16856,0.24294290000398178,0.12147145000199089,0.12147145000199089,6.892722300006426,ok,4.700611692940741,4.700611692940741
Composite,TSP-squeezed_uniform-n700-g10000-1,178150.05240072947,170338,0.2401097000038135,0.12005485000190674,0.12005485000190674,188.08393760000763,ok,4.586206484007957,4.586206484007957
Composite,TSP-squeezed_uniform-n700-g1000-4,17473.911167033148,16694,0.25128029999905266,0.12564014999952633,0.12564014999952633,3.6270723000052385,ok,4.671805241602658,4.671805241602658
Composite,TSP-squeezed_uniform-n700-g10000-4,174109.84775153172,164296,0.23178379999444587,0.11589189999722294,0.11589189999722294,4.943116299982648,ok,5.973272478655427,5.973272478655427
Composite,TSP-squeezed_uniform-n90-g1000-2,5542.123418503057,5948,0.03397529999347171,0.016987649996735854,0.016987649996735854,0.4681224999949336,ok,-6.82374884830099,6.82374884830099
Composite,TSP-squeezed_uniform-n700-g10000-5,175569.57516928655,169241,0.23188329999538837,0.11594164999769419,0.11594164999769419,8.107015000001411,ok,3.7393865371195782,3.7393865371195782
Composite,TSP-squeezed_uniform-n700-g10000-3,180397.37222765177,170693,0.23804840000229888,0.11902420000114944,0.11902420000114944,5.504404599996633,ok,5.685278381451943,5.685278381451943
Composite,TSP-squeezed_uniform-n90-g1000-3,6017.439773245761,6342,0.03160000000207219,0.015800000001036096,0.015800000001036096,0.38366079999832436,ok,-5.117632083794371,5.117632083794371
Composite,TSP-squeezed_uniform-n700-g1000-1,17332.25414068771,16574,0.27466950000234647,0.13733475000117323,0.13733475000117323,22.089406800005236,ok,4.574961630793471,4.574961630793471
Composite,TSP-squeezed_uniform-n90-g1000-5,5842.491540841115,6269,0.02155969999876106,0.01077984999938053,0.01077984999938053,0.2285838999960106,ok,-6.803452849878526,6.803452849878526
Composite,TSP-squeezed_uniform-n90-g1000-4,6289.502227884175,6757,0.036598400001821574,0.018299200000910787,0.018299200000910787,0.37567480000143405,ok,-6.9187179534678815,6.9187179534678815
Composite,TSP-squeezed_uniform-n700-g10000-2,169820.39556381342,163358,0.2607835000017076,0.1303917500008538,0.1303917500008538,9.388225399990915,ok,3.95597128014142,3.95597128014142
Composite,TSP-squeezed_uniform-n90-g10000-4,54029.84022879209,57180,0.03176979999989271,0.015884899999946356,0.015884899999946356,0.5893178999976953,ok,-5.509198620510509,5.509198620510509
Composite,TSP-squeezed_uniform-n90-g10000-3,62383.397317673545,68545,0.0402994000032777,0.02014970000163885,0.02014970000163885,0.39099040000292007,ok,-8.989135140894966,8.989135140894966
Composite,TSP-squeezed_uniform-n90-g10000-1,63502.64595454398,65664,0.050774299998010974,0.025387149999005487,0.025387149999005487,0.18815519999770913,ok,-3.291535766106269,3.291535766106269
Composite,TSP-squeezed_uniform-n90-g10000-5,59138.09386007365,61457,0.04257089999737218,0.02128544999868609,0.02128544999868609,0.12942659998952877,ok,-3.773217273746444,3.773217273746444
Composite,TSP-squeezed_uniform-n90-g10000-2,54621.99976204167,57387,0.061586600000737235,0.030793300000368617,0.030793300000368617,0.12454560000333004,ok,-4.818164807287942,4.818164807287942
Composite,TSP-squeezed_uniform-n800-g1000-1,18632.183841642334,17772,0.2532511000026716,0.1266255500013358,0.1266255500013358,9.756313599995337,ok,4.8401071440599495,4.8401071440599495
Composite,TSP-triangular-n10-g1000-1,1642.0217375475038,1643,0.0023511000035796314,0.0011755500017898157,0.0011755500017898157,0.20260039999266155,ok,-0.059541232653451626,0.059541232653451626
Composite,TSP-triangular-n10-g1000-2,2527.5053186210744,2529,0.002533999999286607,0.0012669999996433035,0.0012669999996433035,0.08028619999822695,ok,-0.059101675718688566,0.059101675718688566
Composite,TSP-triangular-n10-g1000-3,2250.1220645641597,2251,0.0023065999994287267,0.0011532999997143634,0.0011532999997143634,0.13050319999456406,ok,-0.039002018473580626,0.039002018473580626
Composite,TSP-triangular-n10-g1000-4,1757.7784904694638,1758,0.0024966000055428594,0.0012483000027714297,0.0012483000027714297,0.06092920000082813,ok,-0.012600087061217041,0.012600087061217041
Composite,TSP-triangular-n10-g1000-5,2009.9632758604653,2010,0.0024197000020649284,0.0012098500010324642,0.0012098500010324642,0.046448199995211326,ok,-0.0018270716186431055,0.0018270716186431055
Composite,TSP-squeezed_uniform-n800-g10000-2,185161.30306801948,175984,0.2420780999964336,0.1210390499982168,0.1210390499982168,14.868727900000522,ok,5.2148508205402075,5.2148508205402075
Composite,TSP-triangular-n10-g10000-1,14788.81678811885,14788,0.0023669000001973473,0.0011834500000986736,0.0011834500000986736,0.10472550000122283,ok,0.005523317006013101,0.005523317006013101
Composite,TSP-triangular-n10-g10000-2,21890.475800902983,21890,0.0022779999999329448,0.0011389999999664724,0.0011389999999664724,0.03919999999925494,ok,0.0021735993740652475,0.0021735993740652475
Composite,TSP-triangular-n10-g10000-3,17277.940040837755,17277,0.0023091999973985367,0.0011545999986992683,0.0011545999986992683,0.051657399992109276,ok,0.005440995761735704,0.005440995761735704
Composite,TSP-triangular-n10-g10000-4,13893.30432692562,13893,0.002333500000531785,0.0011667500002658926,0.0011667500002658926,0.042560000001685694,ok,0.0021905054748400953,0.0021905054748400953
Composite,TSP-triangular-n10-g10000-5,19643.86773891035,19644,0.002260599998407997,0.0011302999992039986,0.0011302999992039986,0.040115400013746694,ok,-0.0006732900104334463,0.0006732900104334463
Composite,TSP-squeezed_uniform-n800-g10000-1,185825.7231181365,177832,0.2679712000026484,0.1339856000013242,0.1339856000013242,9.867071999993641,ok,4.495098248985836,4.495098248985836
Composite,TSP-squeezed_uniform-n800-g1000-3,18632.814998477807,17809,0.2784084000013536,0.1392042000006768,0.1392042000006768,8.546004100004211,ok,4.625835243291631,4.625835243291631
Composite,TSP-squeezed_uniform-n800-g1000-2,18959.148823543055,17713,0.3002328000002308,0.1501164000001154,0.1501164000001154,7.793820399994729,ok,7.035221721577684,7.035221721577684
Composite,TSP-squeezed_uniform-n800-g10000-4,189073.0920514185,177691,0.27155929999571526,0.13577964999785763,0.13577964999785763,10.276672299980419,ok,6.4055534897200745,6.4055534897200745
Composite,TSP-squeezed_uniform-n800-g1000-4,18873.797581061535,18157,0.29545800000050804,0.14772900000025402,0.14772900000025402,11.364066900016041,ok,3.9477754092721007,3.9477754092721007
Composite,TSP-triangular-n100-g1000-1,6898.694718830167,6323,0.02987589999975171,0.014937949999875855,0.014937949999875855,1.2930448000115575,ok,9.10477176704361,9.10477176704361
Composite,TSP-triangular-n100-g1000-3,6453.054002120156,6147,0.03663560000131838,0.01831780000065919,0.01831780000065919,0.3390816999890376,ok,4.978916579146834,4.978916579146834
Composite,TSP-squeezed_uniform-n800-g1000-5,18785.601493843613,17794,0.30788079999911133,0.15394039999955567,0.15394039999955567,9.829693599996972,ok,5.572673338448988,5.572673338448988
Composite,TSP-squeezed_uniform-n800-g10000-5,180582.18751668555,175386,0.29170480000175303,0.14585240000087651,0.14585240000087651,301.75869070002227,ok,2.9627151064996897,2.9627151064996897
Composite,TSP-triangular-n100-g1000-4,6387.354709170769,6294,0.039348999998765066,0.019674499999382533,0.019674499999382533,0.09303329999966081,ok,1.4832333837109744,1.4832333837109744
Composite,TSP-triangular-n100-g1000-2,6571.378300878484,6360,0.04574190000130329,0.022870950000651646,0.022870950000651646,0.37686889999895357,ok,3.32355818991327,3.32355818991327
Composite,TSP-squeezed_uniform-n800-g10000-3,183856.45639071392,173257,0.30720930000097724,0.15360465000048862,0.15360465000048862,14.214093999995384,ok,6.1177651643015425,6.1177651643015425
Composite,TSP-triangular-n100-g1000-5,7151.198067643892,6267,0.041570300003513694,0.020785150001756847,0.020785150001756847,0.8648862999980338,ok,14.108793164893754,14.108793164893754
Composite,TSP-triangular-n100-g10000-1,67479.16278685014,63612,0.04176710000319872,0.02088355000159936,0.02088355000159936,0.40360980000696145,ok,6.079297596129878,6.079297596129878
Composite,TSP-triangular-n100-g10000-2,66691.0715039627,66089,0.042951800001901574,0.021475900000950787,0.021475900000950787,0.5108707999897888,ok,0.9110010803048855,0.9110010803048855
Composite,TSP-triangular-n100-g10000-3,63560.870887516794,59468,0.049948799998674076,0.024974399999337038,0.024974399999337038,5.219169200005126,ok,6.882476100620155,6.882476100620155
Composite,TSP-triangular-n100-g10000-4,68729.80974124382,68053,0.04663140000047861,0.023315700000239303,0.023315700000239303,0.3019534999912139,ok,0.9945332920573993,0.9945332920573993
Composite,TSP-triangular-n100-g10000-5,69414.59969710364,66979,0.04801469999802066,0.02400734999901033,0.02400734999901033,0.3086417000013171,ok,3.6363631841377697,3.6363631841377697
Composite,TSP-squeezed_uniform-n900-g1000-5,19598.400830105977,19109,0.28720689999317983,0.14360344999658992,0.14360344999658992,7.20316129999992,ok,2.5611012094090566,2.5611012094090566
Composite,TSP-triangular-n20-g1000-1,2288.41056060791,3015,0.008315200000652112,0.004157600000326056,0.004157600000326056,0.2646842999965884,ok,-24.099152218643113,24.099152218643113
Composite,TSP-squeezed_uniform-n900-g1000-3,19339.867370715718,18359,0.3011490999997477,0.15057454999987385,0.15057454999987385,6.943560100000468,ok,5.342705870231046,5.342705870231046
Composite,TSP-squeezed_uniform-n900-g1000-1,19815.52606297869,18658,0.3242674000066472,0.1621337000033236,0.1621337000033236,15.1479238000029,ok,6.203912868360435,6.203912868360435
Composite,TSP-triangular-n20-g1000-3,2078.148994445801,2495,0.010999199999787379,0.0054995999998936895,0.0054995999998936895,0.24446329999773297,ok,-16.707455132432834,16.707455132432834
Composite,TSP-triangular-n20-g1000-2,2218.228504180908,3023,0.013736299995798618,0.006868149997899309,0.006868149997899309,0.24547449999954551,ok,-26.621617460108894,26.621617460108894
Composite,TSP-squeezed_uniform-n900-g1000-4,19909.77429997795,18734,0.31458500000007916,0.15729250000003958,0.15729250000003958,10.109083800009103,ok,6.276151916184217,6.276151916184217
Composite,TSP-triangular-n20-g1000-4,2019.94681930542,2653,0.007177799998316914,0.003588899999158457,0.003588899999158457,0.2421321000001626,ok,-23.861785928932534,23.861785928932534
Composite,TSP-squeezed_uniform-n900-g1000-2,20034.89717961011,18786,0.3278437000044505,0.16392185000222526,0.16392185000222526,12.430654700001469,ok,6.648020758065104,6.648020758065104
Composite,TSP-triangular-n20-g1000-5,2453.7894945144653,3075,0.012346299998171162,0.006173149999085581,0.006173149999085581,0.2337998000002699,ok,-20.201967658066167,20.201967658066167
Composite,TSP-triangular-n20-g10000-3,22513.200592041016,29867,0.009913000001688488,0.004956500000844244,0.004956500000844244,0.066075800001272,ok,-24.6218214348913,24.6218214348913
Composite,TSP-triangular-n20-g10000-2,22205.72525024414,29626,0.011418800000683405,0.005709400000341702,0.005709400000341702,0.04581250000046566,ok,-25.046495476121848,25.046495476121848
Composite,TSP-triangular-n20-g10000-1,26473.59245300293,35657,0.014056500003789552,0.007028250001894776,0.007028250001894776,0.06495269999140874,ok,-25.754851914061955,25.754851914061955
Composite,TSP-triangular-n20-g10000-4,24122.005096435547,31057,0.011815999998361804,0.005907999999180902,0.005907999999180902,0.04405570001108572,ok,-22.329893111261402,22.329893111261402
Composite,TSP-triangular-n20-g10000-5,20407.236671447754,27846,0.009477699997660238,0.004738849998830119,0.004738849998830119,0.042852600003243424,ok,-26.713938549709997,26.713938549709997
Composite,TSP-squeezed_uniform-n900-g10000-4,196291.00608679486,190929,0.31047380000381963,0.15523690000190982,0.15523690000190982,10.996957600000314,ok,2.808376981388298,2.808376981388298
Composite,TSP-squeezed_uniform-n900-g10000-2,201565.74804255494,192021,0.3134834000011324,0.1567417000005662,0.1567417000005662,13.735678299999563,ok,4.970679270785458,4.970679270785458
Composite,TSP-squeezed_uniform-n900-g10000-1,199528.2107681609,187825,0.33402790000400273,0.16701395000200137,0.16701395000200137,13.356180600007065,ok,6.2309121619384555,6.2309121619384555
Composite,TSP-triangular-n200-g1000-3,9488.326122873741,9225,0.051448600002913736,0.025724300001456868,0.025724300001456868,1.114441199999419,ok,2.854483716788521,2.854483716788521
Composite,TSP-squeezed_uniform-n900-g10000-5,203655.39104950588,191034,0.34422949999861885,0.17211474999930942,0.17211474999930942,11.481866899994202,ok,6.606882046916193,6.606882046916193
Composite,TSP-triangular-n200-g1000-2,9359.836024287244,9061,0.05755649999628076,0.02877824999814038,0.02877824999814038,1.067550299994764,ok,3.2980468412674546,3.2980468412674546
Composite,TSP-squeezed_uniform-n900-g10000-3,196445.9691613269,188704,0.36344419999659294,0.18172209999829647,0.18172209999829647,196.56053090000933,ok,4.1027053805573335,4.1027053805573335
Composite,TSP-triangular-n200-g1000-4,9097.244536957665,8925,0.05839550000382587,0.029197750001912937,0.029197750001912937,0.32579509999777656,ok,1.9299107782371465,1.9299107782371465
Composite,TSP-triangular-n200-g1000-5,8896.247616490155,8953,0.056152400000428315,0.028076200000214158,0.028076200000214158,1.166234300006181,ok,-0.6338923657974473,0.6338923657974473
Composite,TSP-triangular-n200-g10000-1,92214.33874783083,90972,0.05812990000413265,0.029064950002066325,0.029064950002066325,2.7335846000059973,ok,1.3656276083089618,1.3656276083089618
Composite,TSP-triangular-n200-g10000-2,91047.22757883533,89508,0.06359050000173738,0.03179525000086869,0.03179525000086869,1.5262900000088848,ok,1.7196536385969174,1.7196536385969174
Composite,TSP-triangular-n200-g1000-1,9607.053759979215,9735,0.07374200000049314,0.03687100000024657,0.03687100000024657,0.7559660999977496,ok,-1.3142911147486893,1.3142911147486893
Composite,TSP-triangular-n30-g1000-1,2584.8261280059814,3241,0.01725760000408627,0.008628800002043135,0.008628800002043135,0.12444400000094902,ok,-20.246031224746023,20.246031224746023
Composite,TSP-triangular-n30-g1000-2,2641.262182235718,3350,0.014281800002208911,0.0071409000011044554,0.0071409000011044554,0.1264783999940846,ok,-21.15635276908305,21.15635276908305
Composite,TSP-triangular-n30-g1000-3,2843.5443477630615,3361,0.015924299994367175,0.007962149997183587,0.007962149997183587,0.17098349999287166,ok,-15.395883732131463,15.395883732131463
Composite,TSP-triangular-n30-g1000-4,2788.626136779785,3398,0.014530499996908475,0.007265249998454237,0.007265249998454237,0.09376570000313222,ok,-17.9333096886467,17.9333096886467
Composite,TSP-triangular-n200-g10000-3,88931.6094992824,88356,0.06520060000184458,0.03260030000092229,0.03260030000092229,2.124054600004456,ok,0.6514662267218896,0.6514662267218896
Composite,TSP-triangular-n30-g10000-1,30923.028579711914,37316,0.010952500000712462,0.005476250000356231,0.005476250000356231,0.14686369999253657,ok,-17.13198472582293,17.13198472582293
Composite,TSP-triangular-n30-g10000-2,25995.194595336914,32698,0.010335400002077222,0.005167700001038611,0.005167700001038611,0.048004199998104014,ok,-20.499129624634797,20.499129624634797
Composite,TSP-triangular-n30-g10000-3,30292.38543701172,37780,0.012713799995253794,0.006356899997626897,0.006356899997626897,0.054408099997090176,ok,-19.81899037318232,19.81899037318232
Composite,TSP-triangular-n30-g1000-5,2954.6536712646484,3693,0.018966800002090167,0.009483400001045084,0.009483400001045084,0.17220099999394733,ok,-19.993131024515343,19.993131024515343
Composite,TSP-triangular-n30-g10000-5,28901.30397796631,35090,0.013272399999550544,0.006636199999775272,0.006636199999775272,0.06956070000887848,ok,-17.63663728137273,17.63663728137273
Composite,TSP-triangular-n30-g10000-4,27997.59172821045,33844,0.015142000003834255,0.0075710000019171275,0.0075710000019171275,0.06943580000370275,ok,-17.27457827617761,17.27457827617761
Composite,TSP-triangular-n200-g10000-4,92622.46022497294,93564,0.06305279999651248,0.03152639999825624,0.03152639999825624,2.433846399988397,ok,-1.0063056036799025,1.0063056036799025
Composite,TSP-triangular-n200-g10000-5,94894.1303197204,91566,0.06238840000150958,0.03119420000075479,0.03119420000075479,1.3482274999987567,ok,3.634679160081685,3.634679160081685
Composite,TSP-triangular-n300-g1000-2,11491.775398676096,11007,0.06872220000514062,0.03436110000257031,0.03436110000257031,1.008043900001212,ok,4.404246376633926,4.404246376633926
Composite,TSP-triangular-n300-g10000-3,112589.91973857587,112247,0.0659696000002441,0.03298480000012205,0.03298480000012205,2.5403442999959225,ok,0.30550459128161495,0.30550459128161495
Composite,TSP-triangular-n300-g1000-1,11001.77515491939,11168,0.08529799999814713,0.04264899999907357,0.04264899999907357,2.491443299993989,ok,-1.488402982455311,1.488402982455311
Composite,TSP-triangular-n300-g1000-4,11045.646663234467,11224,0.07959130000381265,0.039795650001906324,0.039795650001906324,3.746195200001239,ok,-1.5890354309117314,1.5890354309117314
Composite,TSP-triangular-n300-g1000-3,11474.776366311304,11378,0.0839265999966301,0.04196329999831505,0.04196329999831505,3.774108800003887,ok,0.8505569195931071,0.8505569195931071
Composite,TSP-triangular-n40-g1000-1,3441.79070854187,4295,0.014206799998646602,0.007103399999323301,0.007103399999323301,0.055843199996161275,ok,-19.865175586918042,19.865175586918042
Composite,TSP-triangular-n300-g10000-1,111476.70188848133,109011,0.086266300000716,0.043133150000358,0.043133150000358,41.04750159999821,ok,2.2618835608161834,2.2618835608161834
Composite,TSP-triangular-n300-g10000-2,113058.11050337079,115621,0.08442650000506546,0.04221325000253273,0.04221325000253273,2.6061027999967337,ok,-2.2166297615737744,2.2166297615737744
Composite,TSP-triangular-n40-g1000-2,3152.579663247228,3874,0.018544300000939984,0.009272150000469992,0.009272150000469992,0.08352030000241939,ok,-18.62210471741797,18.62210471741797
Composite,TSP-triangular-n300-g1000-5,11326.079069881007,11239,0.09027259999857051,0.045136299999285256,0.045136299999285256,1.7380294000031427,ok,0.7747937528339438,0.7747937528339438
Composite,TSP-triangular-n40-g1000-3,3092.39946915013,3804,0.01747560000512749,0.008737800002563745,0.008737800002563745,0.09667120000813156,ok,-18.70663856072214,18.70663856072214
Composite,TSP-triangular-n40-g1000-4,3234.4929723739624,3979,0.01518470000155503,0.007592350000777515,0.007592350000777515,0.07051160000264645,ok,-18.710907957427434,18.710907957427434
Composite,TSP-triangular-n40-g10000-1,35940.97505569458,43067,0.02103969999734545,0.010519849998672726,0.010519849998672726,0.07712709999759682,ok,-16.546369480821557,16.546369480821557
Composite,TSP-triangular-n40-g1000-5,3444.2792182283947,4247,0.01991709999856539,0.009958549999282695,0.009958549999282695,0.09142700000666082,ok,-18.90088961082188,18.90088961082188
Composite,TSP-triangular-n40-g10000-2,37644.16111746203,47799,0.02028240000072401,0.010141200000362005,0.010141200000362005,0.10280029999557883,ok,-21.244877262156056,21.244877262156056
Composite,TSP-triangular-n40-g10000-3,36644.91439819336,45773,0.019763600001169834,0.009881800000584917,0.009881800000584917,0.2046981000021333,ok,-19.942074152462457,19.942074152462457
Composite,TSP-triangular-n300-g10000-4,110109.51700006361,110649,0.08269960000325227,0.041349800001626136,0.041349800001626136,2.96442869999737,ok,-0.4875624722648976,0.4875624722648976
Composite,TSP-triangular-n1000-g10000-5,201760.6839017478,205708,0.2884239000050002,0.1442119500025001,0.1442119500025001,5.907596500008367,ok,-1.9188928472651503,1.9188928472651503
Composite,TSP-triangular-n40-g10000-4,36117.904357910156,45634,0.02604570000403328,0.01302285000201664,0.01302285000201664,0.1724466999876313,ok,-20.85308244311225,20.85308244311225
Composite,TSP-triangular-n1000-g1000-5,19346.533327994868,19915,0.3184583000038401,0.15922915000192006,0.15922915000192006,8.671551999999792,ok,-2.8544648355768607,2.8544648355768607
Composite,TSP-triangular-n40-g10000-5,32620.39836833389,41802,0.024815799995849375,0.012407899997924687,0.012407899997924687,0.08674750001227949,ok,-21.96450320957397,21.96450320957397
Composite,TSP-triangular-n5-g1000-1,1758.610747166998,1758,0.00013890000263927504,6.945000131963752e-05,6.945000131963752e-05,0.04504799999995157,ok,0.03474102201353545,0.03474102201353545
Composite,TSP-triangular-n5-g1000-2,1344.2224570022922,1344,0.00011419999646022916,5.709999823011458e-05,5.709999823011458e-05,0.04627679999975953,ok,0.016551860289600505,0.016551860289600505
Composite,TSP-triangular-n5-g1000-3,1381.0026203047682,1381,0.00012119999882997945,6.0599999414989725e-05,6.0599999414989725e-05,0.04630909999832511,ok,0.00018973966460846716,0.00018973966460846716
Composite,TSP-triangular-n5-g1000-4,1744.422681599237,1745,0.0001221999991685152,6.10999995842576e-05,6.10999995842576e-05,0.042673100004321896,ok,-0.033084149040861516,0.033084149040861516
Composite,TSP-triangular-n300-g10000-5,106891.3415748915,107321,0.09541770000214456,0.04770885000107228,0.04770885000107228,2.4188916999992216,ok,-0.40034888335787083,0.40034888335787083
Composite,TSP-triangular-n5-g10000-1,11428.497461658842,11428,0.00012250000145286322,6.125000072643161e-05,6.125000072643161e-05,0.24099400000704918,ok,0.004353007165229608,0.004353007165229608
Composite,TSP-triangular-n5-g1000-5,1750.1338292935984,1750,0.000112599998828955,5.62999994144775e-05,5.62999994144775e-05,0.05020599999988917,ok,0.007647388205623429,0.007647388205623429
Composite,TSP-triangular-n5-g10000-2,17061.768344979435,17062,0.00010420000035082921,5.210000017541461e-05,5.210000017541461e-05,0.14757549999922048,ok,-0.0013577248890228905,0.0013577248890228905
Composite,TSP-triangular-n5-g10000-3,19319.613459022912,19319,0.00012569999671541154,6.284999835770577e-05,6.284999835770577e-05,0.2645178999955533,ok,0.003175418100896209,0.003175418100896209
Composite,TSP-triangular-n5-g10000-4,12844.426118540212,12844,0.0001264000020455569,6.320000102277845e-05,6.320000102277845e-05,0.18117979999806266,ok,0.003317646684926608,0.003317646684926608
Composite,TSP-triangular-n5-g10000-5,15758.379878969385,15758,0.00012170000263722613,6.085000131861307e-05,6.085000131861307e-05,0.3198285999969812,ok,0.002410705479024387,0.002410705479024387
Composite,TSP-triangular-n1000-g10000-2,198657.33241060958,202479,0.3402000999994925,0.17010004999974626,0.17010004999974626,6.695150499988813,ok,-1.8874389884335745,1.8874389884335745
Composite,TSP-triangular-n50-g1000-1,3699.219709290055,4338,0.027507400001923088,0.013753700000961544,0.013753700000961544,0.06495460000587627,ok,-14.725225696402603,14.725225696402603
Composite,TSP-triangular-n1000-g1000-3,20009.86903450064,20380,0.3711470999987796,0.1855735499993898,0.1855735499993898,21.08291569998255,ok,-1.8161480152078517,1.8161480152078517
Composite,TSP-triangular-n1000-g10000-1,196888.95833468257,197324,0.3585040000034496,0.1792520000017248,0.1792520000017248,132.96062800000072,ok,-0.2204707310400319,0.2204707310400319
Composite,TSP-triangular-n1000-g1000-4,19770.68763033304,20047,0.36852779999753693,0.18426389999876847,0.18426389999876847,9.97155620000558,ok,-1.3783227897788242,1.3783227897788242
Composite,TSP-triangular-n1000-g10000-3,198754.8113685154,205982,0.3412860999960685,0.17064304999803426,0.17064304999803426,6.929742799999076,ok,-3.5086505769846905,3.5086505769846905
Composite,TSP-triangular-n50-g1000-2,4488.35587978363,5483,0.027689599999575876,0.013844799999787938,0.013844799999787938,0.11680249999335501,ok,-18.14050921423253,18.14050921423253
Composite,TSP-triangular-n1000-g1000-1,19531.20667538808,19772,0.38539529999980005,0.19269764999990002,0.19269764999990002,10.944736899997224,ok,-1.2178501143633471,1.2178501143633471
Composite,TSP-triangular-n50-g1000-3,4017.016273006621,4846,0.022384299998520873,0.011192149999260437,0.011192149999260437,0.2460060000012163,ok,-17.106556479434154,17.106556479434154
Composite,TSP-triangular-n1000-g1000-2,19879.424841162006,20272,0.3921775999988313,0.19608879999941564,0.19608879999941564,16.009300699995947,ok,-1.9365388656175688,1.9365388656175688
Composite,TSP-triangular-n50-g10000-2,38936.14009097461,46650,0.02049040000565583,0.010245200002827914,0.010245200002827914,0.09743819999857806,ok,-16.535605378403844,16.535605378403844
Composite,TSP-triangular-n50-g1000-4,3430.3503873348236,4059,0.023400099998980295,0.011700049999490147,0.011700049999490147,0.13579709999612533,ok,-15.487795335431793,15.487795335431793
Composite,TSP-triangular-n50-g10000-1,37410.82257080078,46407,0.024669899998116307,0.012334949999058153,0.012334949999058153,0.052172499999869615,ok,-19.385388905120386,19.385388905120386
Composite,TSP-triangular-n50-g10000-3,37403.0750592087,43900,0.022492499992949888,0.011246249996474944,0.011246249996474944,0.20294609999109525,ok,-14.799373441438043,14.799373441438043
Composite,TSP-triangular-n50-g10000-4,41501.49703979492,48902,0.018989199998031836,0.009494599999015918,0.009494599999015918,0.09900149999884889,ok,-15.133333933591834,15.133333933591834
Composite,TSP-triangular-n50-g1000-5,4142.47553117698,4907,0.02795239999977639,0.013976199999888195,0.013976199999888195,0.1487860999914119,ok,-15.580282633442422,15.580282633442422
Composite,TSP-triangular-n50-g10000-5,41409.964980888355,49518,0.023429299995768815,0.011714649997884408,0.011714649997884408,0.16690169999492355,ok,-16.373914574723624,16.373914574723624
Composite,TSP-triangular-n1000-g10000-4,196593.9946207108,196710,0.3923085999995237,0.19615429999976186,0.19615429999976186,11.940346799994586,ok,-0.058972792074228064,0.058972792074228064
Composite,TSP-triangular-n400-g1000-5,12785.574688071196,12738,0.14417880000110017,0.07208940000055009,0.07208940000055009,1.881639899991569,ok,0.3734863249426586,0.3734863249426586
Composite,TSP-triangular-n400-g10000-4,127011.57898873957,123162,0.13958149999962188,0.06979074999981094,0.06979074999981094,2.1948649999976624,ok,3.125622341907054,3.125622341907054
Composite,TSP-triangular-n400-g1000-1,12736.375637780655,12520,0.1654080000007525,0.08270400000037625,0.08270400000037625,2.2337031999923056,ok,1.7282399183758377,1.7282399183758377
Composite,TSP-triangular-n400-g1000-3,12758.288678009216,12850,0.15764439999475144,0.07882219999737572,0.07882219999737572,2.17433809999784,ok,-0.7137067859204995,0.7137067859204995
Composite,TSP-triangular-n400-g1000-4,12489.7359351155,12332,0.16023410000343574,0.08011705000171787,0.08011705000171787,12.060511299991049,ok,1.2790782931843916,1.2790782931843916
Composite,TSP-triangular-n400-g10000-5,130533.2278456202,129463,0.14878399999724934,0.07439199999862467,0.07439199999862467,6.912994600003003,ok,0.8266669593785126,0.8266669593785126
Composite,TSP-triangular-n400-g10000-1,129700.09389195647,128847,0.15899830000125803,0.07949915000062902,0.07949915000062902,13.632044999991194,ok,0.6620983740067407,0.6620983740067407
Composite,TSP-triangular-n400-g1000-2,13211.622670732213,13224,0.1775627999959397,0.08878139999796986,0.08878139999796986,3.211410399992019,ok,-0.09359746875217022,0.09359746875217022
Composite,TSP-triangular-n400-g10000-3,126181.7076582937,127744,0.16084919999411795,0.08042459999705898,0.08042459999705898,4.949057600009837,ok,-1.2229868656894252,1.2229868656894252
Composite,TSP-triangular-n60-g1000-5,4165.9331572554065,4874,0.015246499999193475,0.007623249999596737,0.007623249999596737,0.15846800000872463,ok,-14.527428041538643,14.527428041538643
Composite,TSP-triangular-n400-g10000-2,130180.7762731756,129865,0.17017830000258982,0.08508915000129491,0.08508915000129491,2.9551033999887295,ok,0.24315733505994214,0.24315733505994214
Composite,TSP-triangular-n60-g1000-1,4060.6762914657593,4846,0.030515800004650373,0.015257900002325187,0.015257900002325187,0.0886711000057403,ok,-16.205606862035506,16.205606862035506
Composite,TSP-triangular-n60-g1000-2,3998.86176445248,4613,0.028203000001667533,0.014101500000833767,0.014101500000833767,0.08776949999446515,ok,-13.3132069271086,13.3132069271086
Composite,TSP-triangular-n60-g1000-3,4269.499676942825,5110,0.02401100000133738,0.01200550000066869,0.01200550000066869,0.04806480000843294,ok,-16.44814722225391,16.44814722225391
Composite,TSP-triangular-n60-g1000-4,4356.652050018311,5177,0.029964199995447416,0.014982099997723708,0.014982099997723708,0.0976686000067275,ok,-15.846010237235648,15.846010237235648
Composite,TSP-triangular-n60-g10000-1,40074.195992310066,45853,0.030490999997709878,0.015245499998854939,0.015245499998854939,0.11440600000787526,ok,-12.602891866813371,12.602891866813371
Composite,TSP-triangular-n60-g10000-2,43508.26773058748,51895,0.029721799997787457,0.014860899998893728,0.014860899998893728,0.5443800000066403,ok,-16.16096400310727,16.16096400310727
Composite,TSP-triangular-n60-g10000-3,42304.68400633102,48354,0.029761199999484234,0.014880599999742117,0.014880599999742117,0.14357310000923462,ok,-12.510476886439545,12.510476886439545
Composite,TSP-triangular-n60-g10000-4,46897.10982940591,55542,0.034563399996841326,0.017281699998420663,0.017281699998420663,0.08855970000149682,ok,-15.564600069486312,15.564600069486312
Composite,TSP-triangular-n60-g10000-5,42727.376546779,48847,0.037067600002046674,0.018533800001023337,0.018533800001023337,0.19009879999794066,ok,-12.528145952097367,12.528145952097367
Composite,TSP-triangular-n500-g10000-4,144168.91364204948,144399,0.1639703999971971,0.08198519999859855,0.08198519999859855,3.104352900001686,ok,-0.15934068653558817,0.15934068653558817
Composite,TSP-triangular-n500-g1000-2,14970.718309086416,14529,0.17999260000215145,0.08999630000107572,0.08999630000107572,4.0448090999998385,ok,3.0402526607916336,3.0402526607916336
Composite,TSP-triangular-n500-g10000-1,144158.6298682861,143657,0.1679292999979225,0.08396464999896125,0.08396464999896125,6.635692500000005,ok,0.34918581641417323,0.34918581641417323
Composite,TSP-triangular-n500-g10000-3,143685.33860289384,145292,0.16755960000591585,0.08377980000295793,0.08377980000295793,7.8267557000071974,ok,-1.105815459286237,1.105815459286237
Composite,TSP-triangular-n500-g1000-3,14138.969870826433,14195,0.17395140000007814,0.08697570000003907,0.08697570000003907,11.466740000003483,ok,-0.3947173594474591,0.3947173594474591
Composite,TSP-triangular-n500-g10000-2,144794.94469460455,143076,0.18159589999413583,0.09079794999706792,0.09079794999706792,2.948923800009652,ok,1.2014207096959308,1.2014207096959308
Composite,TSP-triangular-n500-g1000-5,14497.599351839928,14014,0.1837837999992189,0.09189189999960945,0.09189189999960945,3.115116200002376,ok,3.4508302543165987,3.4508302543165987
Composite,TSP-triangular-n500-g1000-1,14128.829839257663,14028,0.20582869999634568,0.10291434999817284,0.10291434999817284,5.66844459999993,ok,0.7187755863819751,0.7187755863819751
Composite,TSP-triangular-n70-g1000-1,4775.860349315084,5521,0.02161750000232132,0.01080875000116066,0.01080875000116066,0.1724135000113165,ok,-13.496461704128166,13.496461704128166
Composite,TSP-triangular-n70-g1000-3,4471.055647267209,5254,0.022838800003228243,0.011419400001614122,0.011419400001614122,0.15349199999764096,ok,-14.901871959131924,14.901871959131924
Composite,TSP-triangular-n70-g1000-2,4903.733825859638,5701,0.029177599994000047,0.014588799997000024,0.014588799997000024,0.18300499999895692,ok,-13.984672410811466,13.984672410811466
Composite,TSP-triangular-n70-g1000-4,4509.121859910198,5300,0.027457500000309665,0.013728750000154832,0.013728750000154832,0.6405033000046387,ok,-14.922229058298159,14.922229058298159
Composite,TSP-triangular-n70-g1000-5,4898.883818928553,5696,0.0295101000010618,0.0147550500005309,0.0147550500005309,0.19288760000199545,ok,-13.994314976675678,13.994314976675678
Composite,TSP-triangular-n70-g10000-1,50926.99745697483,57680,0.023715199997241143,0.011857599998620572,0.011857599998620572,0.21034649999637622,ok,-11.707702051014511,11.707702051014511
Composite,TSP-triangular-n500-g1000-4,14356.72101269442,14057,0.20846899999742163,0.10423449999871082,0.10423449999871082,3.4482494999974733,ok,2.132183344201602,2.132183344201602
Composite,TSP-triangular-n70-g10000-2,48682.557052473734,56787,0.0317914000042947,0.01589570000214735,0.01589570000214735,0.11678070000198204,ok,-14.271651870192589,14.271651870192589
Composite,TSP-triangular-n70-g10000-3,48509.26164134186,54235,0.03039899999566842,0.01519949999783421,0.01519949999783421,0.3002564999915194,ok,-10.557275483835424,10.557275483835424
Composite,TSP-triangular-n500-g10000-5,136719.28686113778,139987,0.19959080000262475,0.09979540000131237,0.09979540000131237,2.9702507000038167,ok,-2.3342975696759143,2.3342975696759143
Composite,TSP-triangular-n70-g10000-4,43609.338596692345,48957,0.037621400006173644,0.018810700003086822,0.018810700003086822,0.20488280001154635,ok,-10.92318034868896,10.92318034868896
Composite,TSP-triangular-n70-g10000-5,46980.13910048372,52757,0.03481479999754811,0.017407399998774054,0.017407399998774054,0.2537753999931738,ok,-10.949941997301362,10.949941997301362
Composite,TSP-triangular-n600-g1000-2,15759.764421618067,16046,0.18071799999597715,0.09035899999798858,0.09035899999798858,4.9067257000133395,ok,-1.7838438139220554,1.7838438139220554
Composite,TSP-triangular-n8-g1000-1,1314.7643166973994,1314,0.0004852999991271645,0.00024264999956358224,0.00024264999956358224,0.05374200000369456,ok,0.05816717636220765,0.05816717636220765
Composite,TSP-triangular-n8-g1000-2,1776.0058221183658,1775,0.00046440000005532056,0.00023220000002766028,0.00023220000002766028,0.04904339999484364,ok,0.05666603483751061,0.05666603483751061
Composite,TSP-triangular-n8-g1000-3,1619.536764335524,1619,0.0004456000024219975,0.00022280000121099874,0.00022280000121099874,0.05223739999928512,ok,0.03315406643137199,0.03315406643137199
Composite,TSP-triangular-n8-g1000-4,2073.7229906257476,2074,0.000454699998954311,0.0002273499994771555,0.0002273499994771555,0.04027050000149757,ok,-0.013356286125960922,0.013356286125960922
Composite,TSP-triangular-n8-g1000-5,2029.1720348849392,2029,0.000451600004453212,0.000225800002226606,0.000225800002226606,0.04905210000288207,ok,0.008478801623420105,0.008478801623420105
Composite,TSP-triangular-n8-g10000-1,26602.85387408371,26604,0.00045339999633142725,0.00022669999816571362,0.00022669999816571362,0.18472300001303665,ok,-0.004308096212185189,0.004308096212185189
Composite,TSP-triangular-n8-g10000-2,19936.56291666021,19937,0.00044410000555217266,0.00022205000277608633,0.00022205000277608633,0.17040339999948628,ok,-0.0021923225148797226,0.0021923225148797226
Composite,TSP-triangular-n8-g10000-3,21625.924761001716,21627,0.0004394999996293336,0.0002197499998146668,0.0002197499998146668,0.24997910000092816,ok,-0.004971743645833801,0.004971743645833801
Composite,TSP-triangular-n8-g10000-4,15217.8165028197,15217,0.00043819999700644985,0.00021909999850322492,0.00021909999850322492,0.20011279999744147,ok,0.005365727933889485,0.005365727933889485
Composite,TSP-triangular-n8-g10000-5,17024.376560164103,17025,0.0004622999986167997,0.00023114999930839986,0.00023114999930839986,0.17248759999347385,ok,-0.0036619079935238954,0.0036619079935238954
Composite,TSP-triangular-n600-g10000-2,154277.60698268338,151962,0.1885709999987739,0.09428549999938696,0.09428549999938696,93.19249869999476,ok,1.5238065981517648,1.5238065981517648
Composite,TSP-triangular-n600-g1000-5,15690.510032003438,15644,0.1957849000027636,0.0978924500013818,0.0978924500013818,3.5216347000095993,ok,0.29730268475733845,0.29730268475733845
Composite,TSP-triangular-n600-g10000-1,155967.91910333696,155075,0.19591049999871757,0.09795524999935878,0.09795524999935878,3.1264514999929816,ok,0.5757982288163515,0.5757982288163515
Composite,TSP-triangular-n80-g1000-1,5469.56853768924,5903,0.02167139999801293,0.010835699999006465,0.010835699999006465,0.15698970000084955,ok,-7.3425624650306665,7.3425624650306665
Composite,TSP-triangular-n600-g1000-1,15550.214620644992,15806,0.21957300000212854,0.10978650000106427,0.10978650000106427,45.856991599997855,ok,-1.6182802692332503,1.6182802692332503
Composite,TSP-triangular-n80-g1000-2,5117.082048511632,5510,0.02353669999865815,0.011768349999329075,0.011768349999329075,0.12456039999960922,ok,-7.1309973046890756,7.1309973046890756
Composite,TSP-triangular-n600-g1000-4,15598.651938782861,15522,0.2311041000066325,0.11555205000331625,0.11555205000331625,6.9041484000044875,ok,0.4938277205441385,0.4938277205441385
Composite,TSP-triangular-n80-g1000-3,5074.998391960336,5680,0.02447760000359267,0.012238800001796335,0.012238800001796335,0.17408609999984037,ok,-10.651436761261682,10.651436761261682
Composite,TSP-triangular-n600-g10000-4,157227.1853973866,156311,0.20750269999552984,0.10375134999776492,0.10375134999776492,9.489981899998384,ok,0.5861298292420938,0.5861298292420938
Composite,TSP-triangular-n80-g1000-5,5066.660784950972,5522,0.02234929999394808,0.01117464999697404,0.01117464999697404,0.4272350999963237,ok,-8.245911174375735,8.245911174375735
Composite,TSP-triangular-n600-g1000-3,15717.865558199626,15578,0.24177339999732794,0.12088669999866397,0.12088669999866397,5.28204820000974,ok,0.8978402760279005,0.8978402760279005
Composite,TSP-triangular-n80-g1000-4,5184.139944777726,5557,0.03387329999532085,0.016936649997660425,0.016936649997660425,0.332275100008701,ok,-6.709736462520681,6.709736462520681
Composite,TSP-triangular-n600-g10000-5,155585.1853217783,150832,0.2130001000041375,0.10650005000206875,0.10650005000206875,3.6550115999998525,ok,3.151310943154166,3.151310943154166
Composite,TSP-triangular-n80-g10000-1,53970.89277180433,58176,0.029503800004022196,0.014751900002011098,0.014751900002011098,0.2145435999991605,ok,-7.228250873548668,7.228250873548668
Composite,TSP-triangular-n600-g10000-3,156791.06977883267,159604,0.23669510000036098,0.11834755000018049,0.11834755000018049,12.190634099999443,ok,-1.7624434357330236,1.7624434357330236
Composite,TSP-triangular-n80-g10000-2,52495.03675936764,59114,0.03480919999856269,0.017404599999281345,0.017404599999281345,0.49646260000008624,ok,-11.19694698486375,11.19694698486375
Composite,TSP-triangular-n80-g10000-5,53189.36619166204,59184,0.034684499994909856,0.017342249997454928,0.017342249997454928,0.399158999993233,ok,-10.128808137905446,10.128808137905446
Composite,TSP-triangular-n80-g10000-4,50149.85969203583,56945,0.03712219999579247,0.018561099997896235,0.018561099997896235,0.1972465999861015,ok,-11.932812903616064,11.932812903616064
Composite,TSP-triangular-n80-g10000-3,50193.772186450384,53360,0.04245719999744324,0.02122859999872162,0.02122859999872162,0.21756839999579825,ok,-5.933710295257902,5.933710295257902
Composite,TSP-triangular-n700-g1000-5,17178.764463327283,16781,0.21104140000534244,0.10552070000267122,0.10552070000267122,9.37491769999906,ok,2.3703263412626363,2.3703263412626363
Composite,TSP-triangular-n700-g1000-1,17104.725574050124,16864,0.22310730000026524,0.11155365000013262,0.11155365000013262,7.726878000001307,ok,1.4274524077924817,1.4274524077924817
Composite,TSP-triangular-n700-g1000-3,16828.210921004767,16809,0.23154069999873172,0.11577034999936586,0.11577034999936586,6.711527799998294,ok,0.1142894937519629,0.1142894937519629
Composite,TSP-triangular-n700-g10000-2,168651.67488787242,170555,0.2158343999981298,0.1079171999990649,0.1079171999990649,7.9023043000051985,ok,-1.1159597268491588,1.1159597268491588
Composite,TSP-triangular-n700-g1000-4,16741.08175916041,16508,0.23184730000502896,0.11592365000251448,0.11592365000251448,7.460118999995757,ok,1.4119321490211412,1.4119321490211412
Composite,TSP-triangular-n700-g1000-2,17236.690004668206,17552,0.24614480000309413,0.12307240000154707,0.12307240000154707,6.4097978999925544,ok,-1.7964334282805048,1.7964334282805048
Composite,TSP-triangular-n700-g10000-1,170560.88795626294,165609,0.23230739999416983,0.11615369999708491,0.11615369999708491,7.2020444000081625,ok,2.990107999120183,2.990107999120183
Composite,TSP-triangular-n90-g1000-1,5505.636876598383,6039,0.03105649999633897,0.015528249998169485,0.015528249998169485,0.20739029999822378,ok,-8.831977536042665,8.831977536042665
Composite,TSP-triangular-n90-g1000-2,5382.380213994548,5988,0.03287570000247797,0.016437850001238985,0.016437850001238985,0.34770389999903273,ok,-10.113890881854571,10.113890881854571
Composite,TSP-triangular-n90-g1000-5,5561.946193137794,6030,0.02121229999465868,0.01060614999732934,0.01060614999732934,0.2079177000123309,ok,-7.76208634929032,7.76208634929032
Composite,TSP-triangular-n90-g1000-3,5539.713950506831,5966,0.029756999996607192,0.014878499998303596,0.014878499998303596,0.22211000000243075,ok,-7.145257282822145,7.145257282822145
Composite,TSP-triangular-n700-g10000-5,173837.79475818438,172370,0.2368614000006346,0.1184307000003173,0.1184307000003173,3.419658900005743,ok,0.8515372502084912,0.8515372502084912
Composite,TSP-triangular-n700-g10000-4,170258.06435053554,168575,0.24344910000218078,0.12172455000109039,0.12172455000109039,12.31795919999422,ok,0.9984068518674418,0.9984068518674418
Composite,TSP-triangular-n90-g1000-4,5487.2046779977145,6208,0.035881700001482386,0.017940850000741193,0.017940850000741193,0.43298569999751635,ok,-11.610749387923413,11.610749387923413
Composite,TSP-triangular-n90-g10000-1,53648.441361882644,55385,0.030465399999229703,0.015232699999614852,0.015232699999614852,0.18369230000826064,ok,-3.1354313227721518,3.1354313227721518
Composite,TSP-triangular-n700-g10000-3,169641.38482761153,169069,0.25483489999896847,0.12741744999948423,0.12741744999948423,7.961432399999467,ok,0.33855102213388105,0.33855102213388105
Composite,TSP-triangular-n90-g10000-3,53870.68421159992,60895,0.03915520000009565,0.019577600000047823,0.019577600000047823,0.19248489999154117,ok,-11.535127331308125,11.535127331308125
Composite,TSP-triangular-n90-g10000-2,58313.99603583894,61981,0.04171130000031553,0.020855650000157766,0.020855650000157766,0.14761269999144133,ok,-5.9163355934254955,5.9163355934254955
Composite,TSP-triangular-n90-g10000-4,54688.56756508293,59885,0.04910700000618817,0.024553500003094086,0.024553500003094086,0.22859369999787305,ok,-8.677352316802322,8.677352316802322
Composite,TSP-triangular-n90-g10000-5,56300.7443126245,61451,0.051669000000401866,0.025834500000200933,0.025834500000200933,0.16202280001016334,ok,-8.381077097810454,8.381077097810454
Composite,TSP-triangular-n800-g10000-5,181334.45168779697,178130,0.21092569999746047,0.10546284999873023,0.10546284999873023,205.17986219999148,ok,1.7989399246600641,1.7989399246600641
Composite,TSP-triangular_squeezed-n10-g1000-1,1896.7316232416829,1897,0.0023742999983369373,0.0011871499991684686,0.0011871499991684686,0.041447099996730685,ok,-0.014147430591308248,0.014147430591308248
Composite,TSP-triangular_squeezed-n10-g1000-2,2529.2972670607487,2528,0.002559300002758391,0.0012796500013791956,0.0012796500013791956,0.06438250000064727,ok,0.05131594385873057,0.05131594385873057
Composite,TSP-triangular-n800-g1000-4,17953.853431141742,18099,0.24710999999660999,0.12355499999830499,0.12355499999830499,7.381425700004911,ok,-0.801959052203202,0.801959052203202
Composite,TSP-triangular_squeezed-n10-g1000-3,2018.848799855429,2019,0.002337500001885928,0.001168750000942964,0.001168750000942964,0.0856701000011526,ok,-0.007488863029768259,0.007488863029768259
Composite,TSP-triangular_squeezed-n10-g1000-4,2475.9515864644454,2475,0.0023017999992589466,0.0011508999996294733,0.0011508999996294733,0.12400070000148844,ok,0.03844793795739098,0.03844793795739098
Composite,TSP-triangular_squeezed-n10-g1000-5,2000.770020124841,2002,0.0024704999959794804,0.0012352499979897402,0.0012352499979897402,0.07593989999440964,ok,-0.061437556201746284,0.061437556201746284
Composite,TSP-triangular_squeezed-n10-g10000-2,21839.89478172454,21839,0.002416600000287872,0.001208300000143936,0.001208300000143936,0.03964450000785291,ok,0.004097173517738523,0.004097173517738523
Composite,TSP-triangular_squeezed-n10-g10000-1,20572.239582212827,20571,0.0027035000020987354,0.0013517500010493677,0.0013517500010493677,0.03846589999739081,ok,0.006025872406919314,0.006025872406919314
Composite,TSP-triangular_squeezed-n10-g10000-3,19395.268670751237,19393,0.002351800001633819,0.0011759000008169096,0.0011759000008169096,0.08767369999259245,ok,0.01169840020232373,0.01169840020232373
Composite,TSP-triangular_squeezed-n10-g10000-4,18120.273207106828,18120,0.0023500000024796464,0.0011750000012398232,0.0011750000012398232,0.03860360001272056,ok,0.0015077654902186132,0.0015077654902186132
Composite,TSP-triangular_squeezed-n10-g10000-5,21801.470650392155,21801,0.002344799999264069,0.0011723999996320345,0.0011723999996320345,0.04223679999995511,ok,0.0021588477232935242,0.0021588477232935242
Composite,TSP-triangular-n800-g1000-1,18247.54741449211,17965,0.2969394999963697,0.14846974999818485,0.14846974999818485,8.938091000003624,ok,1.5727660144286666,1.5727660144286666
Composite,TSP-triangular-n800-g1000-3,18185.840365712043,17783,0.29609809999965364,0.14804904999982682,0.14804904999982682,6.102861600011238,ok,2.2653116218413283,2.2653116218413283
Composite,TSP-triangular-n800-g10000-4,175242.0474328362,176100,0.26896680000209017,0.13448340000104508,0.13448340000104508,4.883046899994952,ok,-0.4871962334831326,0.4871962334831326
Composite,TSP-triangular-n800-g10000-1,180067.07195651124,181268,0.2857053000043379,0.14285265000216896,0.14285265000216896,8.98983330000192,ok,-0.6625151948985825,0.6625151948985825
Composite,TSP-triangular-n800-g10000-3,179527.91664064035,177229,0.2839767999976175,0.14198839999880875,0.14198839999880875,13.314660100004403,ok,1.2971447340109987,1.2971447340109987
Composite,TSP-triangular_squeezed-n100-g1000-1,6623.1920637318835,6370,0.03445820000342792,0.01722910000171396,0.01722910000171396,1.9238444000075106,ok,3.9747576724000555,3.9747576724000555
Composite,TSP-triangular-n800-g10000-2,180436.79175557135,179821,0.29421580000052927,0.14710790000026464,0.14710790000026464,121.25551290001022,ok,0.34244707546468445,0.34244707546468445
Composite,TSP-triangular_squeezed-n100-g1000-2,6327.041982285618,6078,0.0422446000011405,0.02112230000057025,0.02112230000057025,0.463298799993936,ok,4.097433074788062,4.097433074788062
Composite,TSP-triangular_squeezed-n100-g1000-5,6815.052257906758,6559,0.030723600000783335,0.015361800000391668,0.015361800000391668,1.3573399000015343,ok,3.9038307349711587,3.9038307349711587
Composite,TSP-triangular_squeezed-n100-g1000-4,6430.380592583539,6251,0.03657999999995809,0.018289999999979045,0.018289999999979045,0.3448382000060519,ok,2.8696303404821406,2.8696303404821406
Composite,TSP-triangular-n800-g1000-2,18152.35909820263,18451,0.3361925999997766,0.1680962999998883,0.1680962999998883,5.090998200001195,ok,-1.6185621472948406,1.6185621472948406
Composite,TSP-triangular-n800-g1000-5,18467.544642006273,18489,0.3327058000068064,0.1663529000034032,0.1663529000034032,14.631282200003625,ok,-0.1160439071541315,0.1160439071541315
Composite,TSP-triangular_squeezed-n100-g1000-3,6139.535254767414,5558,0.04341769999882672,0.02170884999941336,0.02170884999941336,0.5930300000036368,ok,10.463030852238463,10.463030852238463
Composite,TSP-triangular_squeezed-n100-g10000-1,61225.77785925355,57327,0.03547160000016447,0.017735800000082236,0.017735800000082236,0.14629509999940637,ok,6.800945207761695,6.800945207761695
Composite,TSP-triangular_squeezed-n100-g10000-3,56626.71903030096,55693,0.0398674000025494,0.0199337000012747,0.0199337000012747,0.4897190000046976,ok,1.6765464785537914,1.6765464785537914
Composite,TSP-triangular_squeezed-n100-g10000-5,62388.49453933585,55078,0.04166830000031041,0.020834150000155205,0.020834150000155205,0.3728717000049073,ok,13.272984747695723,13.272984747695723
Composite,TSP-triangular_squeezed-n100-g10000-4,68511.45336302939,62391,0.04544919999898411,0.022724599999492057,0.022724599999492057,0.7946131000062451,ok,9.809833730873665,9.809833730873665
Composite,TSP-triangular_squeezed-n100-g10000-2,58230.47544475296,55501,0.051260599997476675,0.025630299998738337,0.025630299998738337,0.5888818000094034,ok,4.917885163786171,4.917885163786171
Composite,TSP-triangular-n900-g1000-5,19004.69795104971,18849,0.3005572000038228,0.1502786000019114,0.1502786000019114,7.954745499999262,ok,0.8260276462927013,0.8260276462927013
Composite,TSP-triangular-n900-g1000-4,19380.270434730544,19240,0.30334030000085477,0.15167015000042738,0.15167015000042738,15.13347440000507,ok,0.7290563135683179,0.7290563135683179
Composite,TSP-triangular_squeezed-n20-g1000-1,2097.579905986786,2829,0.008006600000953767,0.004003300000476884,0.004003300000476884,0.07145800000580493,ok,-25.854368823372713,25.854368823372713
Composite,TSP-triangular-n900-g10000-3,191439.38704676382,193123,0.29913549999764655,0.14956774999882327,0.14956774999882327,9.282404400000814,ok,-0.8717827256391941,0.8717827256391941
Composite,TSP-triangular_squeezed-n20-g1000-2,2130.937593460083,2761,0.01443709999875864,0.00721854999937932,0.00721854999937932,0.07818630000110716,ok,-22.820079918142593,22.820079918142593
Composite,TSP-triangular-n900-g1000-1,19356.29493632027,19174,0.33713929999794345,0.16856964999897173,0.16856964999897173,7.122879700007616,ok,0.9507402540955019,0.9507402540955019
Composite,TSP-triangular_squeezed-n20-g1000-3,2217.6394176483154,3077,0.013478000000759494,0.006739000000379747,0.006739000000379747,0.09434680000413209,ok,-27.928520713411913,27.928520713411913
Composite,TSP-triangular_squeezed-n20-g1000-5,2553.7839889526367,2964,0.009303700004238635,0.004651850002119318,0.004651850002119318,0.045012600006884895,ok,-13.839946391611447,13.839946391611447
Composite,TSP-triangular_squeezed-n20-g1000-4,2041.7855706214905,2613,0.01295409999875119,0.006477049999375595,0.006477049999375595,0.13602070001070388,ok,-21.86048332868387,21.86048332868387
Composite,TSP-triangular-n900-g1000-3,19273.200892878085,19239,0.3386003999985405,0.16930019999927026,0.16930019999927026,8.780879300000379,ok,0.17776855802320882,0.17776855802320882
Composite,TSP-triangular-n900-g10000-2,192354.8916559965,193016,0.32249880000017583,0.16124940000008792,0.16124940000008792,246.75419380000676,ok,-0.3425147884131367,0.3425147884131367
Composite,TSP-triangular_squeezed-n20-g10000-3,22671.584060668945,27156,0.008572999999159947,0.0042864999995799735,0.0042864999995799735,0.06239939999068156,ok,-16.513536379919923,16.513536379919923
Composite,TSP-triangular_squeezed-n20-g10000-2,21140.02392578125,30322,0.0135491999972146,0.0067745999986073,0.0067745999986073,0.06693089999316726,ok,-30.28156478536624,30.28156478536624
Composite,TSP-triangular_squeezed-n20-g10000-1,21248.34848022461,27243,0.015163100004428998,0.007581550002214499,0.007581550002214499,0.050989600000320934,ok,-22.00437367314683,22.00437367314683
Composite,TSP-triangular-n900-g1000-2,19632.507764691713,19485,0.3523700999940047,0.17618504999700235,0.17618504999700235,104.54922740001348,ok,0.7570324079636259,0.7570324079636259
Composite,TSP-triangular_squeezed-n20-g10000-4,22010.631061553955,26952,0.014368200005264953,0.007184100002632476,0.007184100002632476,0.042922900000121444,ok,-18.33396014561459,18.33396014561459
Composite,TSP-triangular_squeezed-n20-g10000-5,23438.093055725098,30839,0.013988200000312645,0.0069941000001563225,0.0069941000001563225,0.07679279999865685,ok,-23.998530900077508,23.998530900077508
Composite,TSP-triangular-n900-g10000-1,192000.23097451119,190576,0.343523900002765,0.1717619500013825,0.1717619500013825,3.996182000002591,ok,0.7473296608760732,0.7473296608760732
Composite,TSP-triangular-n900-g10000-4,194071.33645563392,192941,0.33395349999773316,0.16697674999886658,0.16697674999886658,10.341082500002813,ok,0.5858456500349444,0.5858456500349444
Composite,TSP-triangular-n900-g10000-5,191821.98986650552,189489,0.3373665000035544,0.1686832500017772,0.1686832500017772,95.66667430000962,ok,1.2312006852669666,1.2312006852669666
Composite,TSP-triangular_squeezed-n200-g1000-1,8767.3976569286,8273,0.051485299998603296,0.025742649999301648,0.025742649999301648,1.203820700000506,ok,5.97603840116766,5.97603840116766
Composite,TSP-triangular_squeezed-n200-g1000-2,9031.022512149992,8405,0.05071189999580383,0.025355949997901917,0.025355949997901917,0.5720157000032486,ok,7.44821549256385,7.44821549256385
Composite,TSP-triangular_squeezed-n200-g1000-5,8708.376113781924,8218,0.0557321000014781,0.02786605000073905,0.02786605000073905,0.718381099999533,ok,5.9670980017269875,5.9670980017269875
Composite,TSP-triangular_squeezed-n200-g10000-2,87182.50975493122,85045,0.04946449999988545,0.024732249999942724,0.024732249999942724,1.6126064999989467,ok,2.5133867422320177,2.5133867422320177
Composite,TSP-triangular_squeezed-n30-g1000-2,3032.3855391819825,4110,0.011430000005930196,0.005715000002965098,0.005715000002965098,0.04398490001040045,ok,-26.219329946910403,26.219329946910403
Composite,TSP-triangular_squeezed-n30-g1000-1,2613.0037574768066,3301,0.014666199997009244,0.007333099998504622,0.007333099998504622,0.05450779999955557,ok,-20.842055211244876,20.842055211244876
Composite,TSP-triangular_squeezed-n200-g1000-3,9436.434719016203,8935,0.06565760000376031,0.032828800001880154,0.032828800001880154,0.7442269000021042,ok,5.612028192682737,5.612028192682737
Composite,TSP-triangular_squeezed-n200-g1000-4,8688.346152092205,8782,0.0648972999988473,0.03244864999942365,0.03244864999942365,5.062674400003743,ok,-1.0664296049623703,1.0664296049623703
Composite,TSP-triangular_squeezed-n200-g10000-3,87069.80022407557,83172,0.05991850000282284,0.02995925000141142,0.02995925000141142,1.6264150999923004,ok,4.686433203572806,4.686433203572806
Composite,TSP-triangular_squeezed-n30-g1000-4,2790.9340846677123,3653,0.011217899998882785,0.005608949999441393,0.005608949999441393,0.07566170000063721,ok,-23.59884794230188,23.59884794230188
Composite,TSP-triangular_squeezed-n30-g10000-3,25310.982299804688,32238,0.008856799999193754,0.004428399999596877,0.004428399999596877,0.09429989999625832,ok,-21.487119859157865,21.487119859157865
Composite,TSP-triangular_squeezed-n30-g10000-1,29274.192169189453,37546,0.012854200002038851,0.006427100001019426,0.006427100001019426,0.056561000004876405,ok,-22.031129363475596,22.031129363475596
Composite,TSP-triangular_squeezed-n30-g1000-3,2234.694924354553,2876,0.015381899997009896,0.007690949998504948,0.007690949998504948,0.05725660000462085,ok,-22.298507498103156,22.298507498103156
Composite,TSP-triangular_squeezed-n30-g1000-5,2805.7886686325073,3657,0.017755400003807154,0.008877700001903577,0.008877700001903577,0.10359929999685846,ok,-23.276219069387274,23.276219069387274
Composite,TSP-triangular_squeezed-n200-g10000-1,89786.60082240246,85536,0.07427430000097957,0.03713715000048978,0.03713715000048978,3.1493176000076346,ok,4.969370583616787,4.969370583616787
Composite,TSP-triangular_squeezed-n30-g10000-4,27043.261505126953,34672,0.01329249999980675,0.006646249999903375,0.006646249999903375,0.0794954000011785,ok,-22.002591413454798,22.002591413454798
Composite,TSP-triangular_squeezed-n30-g10000-2,25240.158232252037,32796,0.018892100000812206,0.009446050000406103,0.009446050000406103,0.05421800000476651,ok,-23.038912573935733,23.038912573935733
Composite,TSP-triangular_squeezed-n30-g10000-5,25388.397064208984,31432,0.017501900001661852,0.008750950000830926,0.008750950000830926,0.04266000000643544,ok,-19.227548154081877,19.227548154081877
Composite,TSP-triangular_squeezed-n200-g10000-4,91704.0473864511,87478,0.07273290000011912,0.03636645000005956,0.03636645000005956,6.015568800008623,ok,4.830983088835022,4.830983088835022
Composite,TSP-triangular_squeezed-n200-g10000-5,91385.74280597709,86666,0.06581030000234023,0.032905150001170114,0.032905150001170114,1.1494477999949595,ok,5.445898975350299,5.445898975350299
Composite,TSP-triangular_squeezed-n300-g1000-4,11056.517548269529,10854,0.06152940000174567,0.030764700000872836,0.030764700000872836,1.9851769000088098,ok,1.8658333173901656,1.8658333173901656
Composite,TSP-triangular_squeezed-n300-g10000-3,109508.54577436781,103942,0.06276960000104737,0.03138480000052368,0.03138480000052368,1.9622209999943152,ok,5.355434544618934,5.355434544618934
Composite,TSP-triangular_squeezed-n300-g1000-3,10688.582801351089,10429,0.07673540000541834,0.03836770000270917,0.03836770000270917,2.1763068000000203,ok,2.4890478603038555,2.4890478603038555
Composite,TSP-triangular_squeezed-n300-g10000-2,109082.03564463636,104015,0.07121069999993779,0.035605349999968894,0.035605349999968894,2.969500200008042,ok,4.871447045749515,4.871447045749515
Composite,TSP-triangular_squeezed-n1000-g1000-2,18981.597536167013,17963,0.3042392999996082,0.1521196499998041,0.1521196499998041,10.483574899990344,ok,5.6705312930301925,5.6705312930301925
Composite,TSP-triangular_squeezed-n40-g1000-1,3269.740598678589,4071,0.020971699996152893,0.010485849998076446,0.010485849998076446,0.07142190000740811,ok,-19.682127273923143,19.682127273923143
Composite,TSP-triangular_squeezed-n300-g10000-4,109578.84894638351,102245,0.07237760000134585,0.03618880000067293,0.03618880000067293,2.857580700001563,ok,7.1728191563240395,7.1728191563240395
Composite,TSP-triangular_squeezed-n300-g1000-2,10527.894324708595,9476,0.09083280000049854,0.04541640000024927,0.04541640000024927,0.9884526999958325,ok,11.10061549924647,11.10061549924647
Composite,TSP-triangular_squeezed-n300-g1000-5,11288.212913025412,10394,0.08303600000363076,0.04151800000181538,0.04151800000181538,3.329705099997227,ok,8.603164450889095,8.603164450889095
Composite,TSP-triangular_squeezed-n40-g1000-2,2532.986828804016,3166,0.01799590000155149,0.008997950000775745,0.008997950000775745,0.10236850001092535,ok,-19.994098900694375,19.994098900694375
Composite,TSP-triangular_squeezed-n1000-g1000-1,19432.23159956942,18666,0.31583859999955166,0.15791929999977583,0.15791929999977583,12.057960800011642,ok,4.104958746219967,4.104958746219967
Composite,TSP-triangular_squeezed-n300-g10000-1,110457.25446222517,104360,0.0926647000014782,0.0463323500007391,0.0463323500007391,3.4674130999919726,ok,5.842520565566475,5.842520565566475
Composite,TSP-triangular_squeezed-n40-g1000-3,2595.2333097457886,3194,0.023389699999825098,0.011694849999912549,0.011694849999912549,0.12865769999916665,ok,-18.746608962248324,18.746608962248324
Composite,TSP-triangular_squeezed-n300-g1000-1,11054.424795444296,10549,0.1042927000016789,0.05214635000083945,0.05214635000083945,3.096262299994123,ok,4.791210498097414,4.791210498097414
Composite,TSP-triangular_squeezed-n40-g1000-4,3081.0433291597833,3546,0.024129700002958998,0.012064850001479499,0.012064850001479499,0.054134999998495914,ok,-13.112145257761329,13.112145257761329
Composite,TSP-triangular_squeezed-n40-g10000-3,26145.994079589844,30535,0.01790130000154022,0.00895065000077011,0.00895065000077011,0.11017849999188911,ok,-14.373688948453106,14.373688948453106
Composite,TSP-triangular_squeezed-n40-g10000-5,32480.677612304688,39274,0.015468499994312879,0.007734249997156439,0.007734249997156439,0.15880609999294393,ok,-17.29725107627263,17.29725107627263
Composite,TSP-triangular_squeezed-n40-g10000-2,33498.938431648254,41114,0.01803729999664938,0.00901864999832469,0.00901864999832469,0.11786309999297373,ok,-18.52182120044692,18.52182120044692
Composite,TSP-triangular_squeezed-n40-g10000-4,32568.97361755371,40547,0.017672600006335415,0.008836300003167707,0.008836300003167707,0.15058260000660084,ok,-19.67599670122645,19.67599670122645
Composite,TSP-triangular_squeezed-n40-g10000-1,32219.988426208496,40258,0.0264958999978262,0.0132479499989131,0.0132479499989131,0.1326686999964295,ok,-19.966246643627365,19.966246643627365
Composite,TSP-triangular_squeezed-n40-g1000-5,2757.5196194648743,3350,0.029562399999122135,0.014781199999561068,0.014781199999561068,0.08958040000288747,ok,-17.68598150851122,17.68598150851122
Composite,TSP-triangular_squeezed-n5-g1000-1,1005.5126586327419,1005,0.00013320000289240852,6.660000144620426e-05,6.660000144620426e-05,0.1149547000095481,ok,0.051010809228052914,0.051010809228052914
Composite,TSP-triangular_squeezed-n300-g10000-5,107633.4755504529,103601,0.09694640000088839,0.048473200000444194,0.048473200000444194,4.239763400008087,ok,3.89231334683343,3.89231334683343
Composite,TSP-triangular_squeezed-n5-g1000-2,1735.1132919298648,1736,0.000127500003145542,6.3750001572771e-05,6.3750001572771e-05,0.044669800001429394,ok,-0.051077653809632945,0.051077653809632945
Composite,TSP-triangular_squeezed-n5-g1000-3,1730.3767590112352,1730,0.00012569999671541154,6.284999835770577e-05,6.284999835770577e-05,0.041604300000471994,ok,0.021777977528046714,0.021777977528046714
Composite,TSP-triangular_squeezed-n5-g1000-4,1571.5097316378324,1571,0.00012229999992996454,6.114999996498227e-05,6.114999996498227e-05,0.04405820000101812,ok,0.03244631685756677,0.03244631685756677
Composite,TSP-triangular_squeezed-n5-g1000-5,1465.140916819896,1465,0.00011110000195913017,5.5550000979565084e-05,5.5550000979565084e-05,0.03954310000699479,ok,0.009618895556033607,0.009618895556033607
Composite,TSP-triangular_squeezed-n5-g10000-1,14790.139106487853,14790,0.00013339999713934958,6.669999856967479e-05,6.669999856967479e-05,0.1614218000031542,ok,0.000940544204553727,0.000940544204553727
Composite,TSP-triangular_squeezed-n5-g10000-3,13942.519689183693,13942,0.00012029999925289303,6.0149999626446515e-05,6.0149999626446515e-05,0.1289604000048712,ok,0.003727508131495605,0.003727508131495605
Composite,TSP-triangular_squeezed-n5-g10000-2,15578.06526345948,15577,0.0001109000004362315,5.545000021811575e-05,5.545000021811575e-05,0.15544789998966735,ok,0.006838694610520479,0.006838694610520479
Composite,TSP-triangular_squeezed-n5-g10000-4,17150.837547067036,17151,0.00012710000009974465,6.355000004987232e-05,6.355000004987232e-05,0.1389155000069877,ok,-0.0009471921926639149,0.0009471921926639149
Composite,TSP-triangular_squeezed-n5-g10000-5,12423.833937307776,12424,0.00011549999908311293,5.774999954155646e-05,5.774999954155646e-05,0.2615675000124611,ok,-0.0013366282374753032,0.0013366282374753032
Composite,TSP-triangular_squeezed-n1000-g10000-5,191583.39170786086,183843,0.3261514999976498,0.1630757499988249,0.1630757499988249,25.716037799982587,ok,4.210327131226571,4.210327131226571
Composite,TSP-triangular_squeezed-n1000-g1000-4,19139.861763111767,18919,0.34749079999892274,0.17374539999946137,0.17374539999946137,30.57855720000225,ok,1.1674071732743103,1.1674071732743103
Composite,TSP-triangular_squeezed-n1000-g10000-1,194414.60569591715,187045,0.35749190000206,0.17874595000103,0.17874595000103,984.6872779999976,ok,3.9400174802412007,3.9400174802412007
Composite,TSP-triangular_squeezed-n50-g1000-1,3351.985687797608,4000,0.017469200000050478,0.008734600000025239,0.008734600000025239,0.06893819999822881,ok,-16.2003578050598,16.2003578050598
Composite,TSP-triangular_squeezed-n50-g1000-2,3383.791789339291,4036,0.020650899998145178,0.010325449999072589,0.010325449999072589,0.12124120000225957,ok,-16.15976736027525,16.15976736027525
Composite,TSP-triangular_squeezed-n1000-g1000-5,19072.036581947537,18657,0.37107599999581,0.185537999997905,0.185537999997905,18.499614100001054,ok,2.2245622658923585,2.2245622658923585
Composite,TSP-triangular_squeezed-n50-g1000-3,3586.348259274328,4391,0.024294800001371186,0.012147400000685593,0.012147400000685593,0.2014558999944711,ok,-18.325022562643404,18.325022562643404
Composite,TSP-triangular_squeezed-n1000-g10000-2,191563.12007103063,185473,0.363079499999003,0.1815397499995015,0.1815397499995015,18.66497129999334,ok,3.2835615270312277,3.2835615270312277
Composite,TSP-triangular_squeezed-n50-g1000-4,3728.394801412532,4340,0.02856880000035744,0.01428440000017872,0.01428440000017872,0.11112700001103804,ok,-14.09228568173889,14.09228568173889
Composite,TSP-triangular_squeezed-n1000-g10000-3,191199.85927043058,186679,0.36216720000084024,0.18108360000042012,0.18108360000042012,195.5342582000012,ok,2.421728887786295,2.421728887786295
Composite,TSP-triangular_squeezed-n50-g1000-5,3991.528077917028,4665,0.02565419999882579,0.012827099999412894,0.012827099999412894,0.050365100003546104,ok,-14.436697150760386,14.436697150760386
Composite,TSP-triangular_squeezed-n1000-g1000-3,18836.831079212407,18624,0.39059399999678135,0.19529699999839067,0.19529699999839067,22.387657400002354,ok,1.14277856106318,1.14277856106318
Composite,TSP-triangular_squeezed-n1000-g10000-4,199444.2971395728,192554,0.37556790000235196,0.18778395000117598,0.18778395000117598,9.200077700021211,ok,3.5783713345725325,3.5783713345725325
Composite,TSP-triangular_squeezed-n50-g10000-1,38601.38756270816,45145,0.03667010000208393,0.018335050001041964,0.018335050001041964,0.30764210000052117,ok,-14.494655969192252,14.494655969192252
Composite,TSP-triangular_squeezed-n50-g10000-3,35400.8300420654,41134,0.03357969999342458,0.01678984999671229,0.01678984999671229,0.14792210000450723,ok,-13.937788588356595,13.937788588356595
Composite,TSP-triangular_squeezed-n50-g10000-5,39352.382014002666,47487,0.029717799996433314,0.014858899998216657,0.014858899998216657,0.22066249999625143,ok,-17.13019981468051,17.13019981468051
Composite,TSP-triangular_squeezed-n50-g10000-2,38511.62936190574,47284,0.03977329999906942,0.01988664999953471,0.01988664999953471,0.19068099999276455,ok,-18.552513827286738,18.552513827286738
Composite,TSP-triangular_squeezed-n50-g10000-4,34313.909971555266,40678,0.032782800000859424,0.016391400000429712,0.016391400000429712,0.08448569999018218,ok,-15.645041615725292,15.645041615725292
Composite,TSP-triangular_squeezed-n400-g10000-1,121761.84190914349,115579,0.11605839999538148,0.05802919999769074,0.05802919999769074,11.575960599991959,ok,5.349450946230276,5.349450946230276
Composite,TSP-triangular_squeezed-n60-g1000-1,4323.110815956491,4927,0.016092699996079318,0.008046349998039659,0.008046349998039659,0.10343590000411496,ok,-12.256731967597096,12.256731967597096
Composite,TSP-triangular_squeezed-n400-g1000-5,12636.772723672993,12301,0.144405299994105,0.0722026499970525,0.0722026499970525,11.604324899992207,ok,2.729637620299109,2.729637620299109
Composite,TSP-triangular_squeezed-n400-g1000-3,11952.394026183256,11097,0.15389879999565892,0.07694939999782946,0.07694939999782946,15.151830400005565,ok,7.708335822143425,7.708335822143425
Composite,TSP-triangular_squeezed-n400-g10000-2,126400.25619352346,123739,0.14531089999945834,0.07265544999972917,0.07265544999972917,4.210296199991717,ok,2.1507012288150507,2.1507012288150507
Composite,TSP-triangular_squeezed-n400-g1000-4,11969.544516295862,11632,0.16299630000139587,0.08149815000069793,0.08149815000069793,2.573381000009249,ok,2.9018613849369173,2.9018613849369173
Composite,TSP-triangular_squeezed-n400-g10000-3,123578.5634506142,118302,0.1540895000071032,0.0770447500035516,0.0770447500035516,3.261077400005888,ok,4.460248728351333,4.460248728351333
Composite,TSP-triangular_squeezed-n60-g1000-2,4357.151736664676,4988,0.022226700006285682,0.011113350003142841,0.011113350003142841,0.12317459999758285,ok,-12.647318831903052,12.647318831903052
Composite,TSP-triangular_squeezed-n400-g10000-4,125699.34776697346,122112,0.15431660000467673,0.07715830000233836,0.07715830000233836,6.0863949000049615,ok,2.937752036633137,2.937752036633137
Composite,TSP-triangular_squeezed-n400-g1000-2,12531.75508731035,11795,0.17008000000350876,0.08504000000175438,0.08504000000175438,3.4248132000066107,ok,6.2463339322624,6.2463339322624
Composite,TSP-triangular_squeezed-n400-g10000-5,123416.37295206466,117853,0.1599248999991687,0.07996244999958435,0.07996244999958435,8.34035969999968,ok,4.720603592665999,4.720603592665999
Composite,TSP-triangular_squeezed-n60-g1000-3,4017.214123404427,4705,0.02786550000018906,0.01393275000009453,0.01393275000009453,0.20091440000396688,ok,-14.618190788428755,14.618190788428755
Composite,TSP-triangular_squeezed-n60-g1000-5,3876.8408747329313,4560,0.023758999996061902,0.011879499998030951,0.011879499998030951,0.1411740000039572,ok,-14.981559764628699,14.981559764628699
Composite,TSP-triangular_squeezed-n400-g1000-1,12112.233669296429,11566,0.18649709999590414,0.09324854999795207,0.09324854999795207,2.148988000000827,ok,4.722753495559649,4.722753495559649
Composite,TSP-triangular_squeezed-n60-g10000-3,41859.08717569078,48640,0.021166099999391008,0.010583049999695504,0.010583049999695504,0.21198480000020936,ok,-13.941021431556786,13.941021431556786
Composite,TSP-triangular_squeezed-n60-g1000-4,3569.187768577047,3937,0.0369358000025386,0.0184679000012693,0.0184679000012693,0.08655520000320394,ok,-9.342449363041736,9.342449363041736
Composite,TSP-triangular_squeezed-n60-g10000-2,41786.466215190776,49909,0.02606299999752082,0.01303149999876041,0.01303149999876041,0.4993490000051679,ok,-16.27468750087003,16.27468750087003
Composite,TSP-triangular_squeezed-n60-g10000-1,46304.68931954085,54011,0.027822399999422487,0.013911199999711243,0.013911199999711243,0.5430014999874402,ok,-14.26803925211374,14.26803925211374
Composite,TSP-triangular_squeezed-n60-g10000-4,42096.866062151465,49512,0.027015100000426173,0.013507550000213087,0.013507550000213087,0.19438950000039767,ok,-14.9764379096957,14.9764379096957
Composite,TSP-triangular_squeezed-n60-g10000-5,42791.886275115285,48920,0.029431299997668248,0.014715649998834124,0.014715649998834124,0.259095300003537,ok,-12.526806469510865,12.526806469510865
Composite,TSP-triangular_squeezed-n500-g10000-5,138477.96766759187,134572,0.13444889999664156,0.06722444999832078,0.06722444999832078,8.393230200003018,ok,2.902511419605768,2.902511419605768
Composite,TSP-triangular_squeezed-n500-g10000-1,134217.71075247624,128551,0.1531676000013249,0.07658380000066245,0.07658380000066245,3.8015035999997053,ok,4.408142101170928,4.408142101170928
Composite,TSP-triangular_squeezed-n500-g1000-4,13927.790032257659,13202,0.1745054999992135,0.08725274999960675,0.08725274999960675,4.578208999999333,ok,5.497576369168753,5.497576369168753
Composite,TSP-triangular_squeezed-n500-g10000-2,139073.9089192495,132065,0.16399639999872306,0.08199819999936153,0.08199819999936153,5.237735700007761,ok,5.30716610703024,5.30716610703024
Composite,TSP-triangular_squeezed-n70-g1000-1,4327.040747818306,4695,0.027162400001543574,0.013581200000771787,0.013581200000771787,0.18713489999936428,ok,-7.837257767448221,7.837257767448221
Composite,TSP-triangular_squeezed-n500-g1000-3,13548.142782069264,12653,0.18838440000399714,0.09419220000199857,0.09419220000199857,8.055051900009857,ok,7.074549767401124,7.074549767401124
Composite,TSP-triangular_squeezed-n500-g1000-1,13566.578303488957,12976,0.19641910000063945,0.09820955000031972,0.09820955000031972,4.176170699996874,ok,4.5513124498224204,4.5513124498224204
Composite,TSP-triangular_squeezed-n70-g1000-2,4439.122047684655,5077,0.02379579999978887,0.011897899999894435,0.011897899999894435,0.10287899999821093,ok,-12.564072332388129,12.564072332388129
Composite,TSP-triangular_squeezed-n500-g1000-2,13986.232148813058,13213,0.1987200000003213,0.09936000000016065,0.09936000000016065,9.156030000012834,ok,5.852055920783004,5.852055920783004
Composite,TSP-triangular_squeezed-n500-g10000-4,138006.49076380066,135814,0.17791700000088895,0.08895850000044447,0.08895850000044447,4.650067100010347,ok,1.6143333999445235,1.6143333999445235
Composite,TSP-triangular_squeezed-n500-g1000-5,13944.733690918905,13013,0.19387650000135181,0.09693825000067591,0.09693825000067591,6.935657699999865,ok,7.160022215622111,7.160022215622111
Composite,TSP-triangular_squeezed-n500-g10000-3,137627.12681790805,128694,0.1843308999959845,0.09216544999799225,0.09216544999799225,3.290362300002016,ok,6.941370085558029,6.941370085558029
Composite,TSP-triangular_squeezed-n70-g10000-1,47028.17372709937,51586,0.02425490000314312,0.01212745000157156,0.01212745000157156,0.4345132000016747,ok,-8.83539385279074,8.83539385279074
Composite,TSP-triangular_squeezed-n70-g1000-3,4610.220584952525,5198,0.03483089999645017,0.017415449998225085,0.017415449998225085,0.1862152999965474,ok,-11.307799443006438,11.307799443006438
Composite,TSP-triangular_squeezed-n70-g1000-4,4719.595268342404,5294,0.032470700003614184,0.016235350001807092,0.016235350001807092,0.1607944999996107,ok,-10.850108267049418,10.850108267049418
Composite,TSP-triangular_squeezed-n70-g10000-3,40294.27300818617,45693,0.029075700003886595,0.014537850001943298,0.014537850001943298,0.07822229999874253,ok,-11.815216754894259,11.815216754894259
Composite,TSP-triangular_squeezed-n70-g1000-5,4932.905311363679,5438,0.04001800000696676,0.02000900000348338,0.02000900000348338,0.09762010000122245,ok,-9.288243630678942,9.288243630678942
Composite,TSP-triangular_squeezed-n70-g10000-4,48102.10896771991,54129,0.031883199997537304,0.015941599998768652,0.015941599998768652,0.3565027999866288,ok,-11.13431068794932,11.13431068794932
Composite,TSP-triangular_squeezed-n70-g10000-2,47198.261917178264,52783,0.037072699997224845,0.018536349998612422,0.018536349998612422,0.39020280000113416,ok,-10.580562080256401,10.580562080256401
Composite,TSP-triangular_squeezed-n70-g10000-5,46351.35166861739,49387,0.030392500004381873,0.015196250002190936,0.015196250002190936,0.3081848000001628,ok,-6.1466546487590055,6.1466546487590055
Composite,TSP-triangular_squeezed-n600-g1000-1,14812.483847138185,14025,0.19061640000290936,0.09530820000145468,0.09530820000145468,4.250032899988582,ok,5.614858090111833,5.614858090111833
Composite,TSP-triangular_squeezed-n8-g1000-1,1869.0805191476516,1869,0.0004557999927783385,0.00022789999638916925,0.00022789999638916925,0.28943179998896085,ok,0.004308140591308584,0.004308140591308584
Composite,TSP-triangular_squeezed-n8-g1000-2,2193.220722844002,2193,0.00046210000436985865,0.00023105000218492933,0.00023105000218492933,0.29304819999379106,ok,0.010064881167442394,0.010064881167442394
Composite,TSP-triangular_squeezed-n8-g1000-3,1905.7733050957038,1906,0.00046660000225529075,0.00023330000112764537,0.00023330000112764537,0.15394329999980982,ok,-0.011893751537051923,0.011893751537051923
Composite,TSP-triangular_squeezed-n8-g1000-4,1532.09300392166,1531,0.00046520000614691526,0.00023260000307345763,0.00023260000307345763,0.09884930000407621,ok,0.07139150370085279,0.07139150370085279
Composite,TSP-triangular_squeezed-n8-g1000-5,1328.5826687452573,1329,0.0004415000003064051,0.00022075000015320256,0.00022075000015320256,0.05070159999013413,ok,-0.03140190028162141,0.03140190028162141
Composite,TSP-triangular_squeezed-n600-g10000-1,154306.96386992457,142978,0.1852385999955004,0.0926192999977502,0.0926192999977502,9.704406899996684,ok,7.923571367570234,7.923571367570234
Composite,TSP-triangular_squeezed-n8-g10000-1,13687.739350623413,13689,0.0004532000020844862,0.0002266000010422431,0.0002266000010422431,0.7745091999968281,ok,-0.009209214526897696,0.009209214526897696
Composite,TSP-triangular_squeezed-n8-g10000-2,18710.46208965573,18711,0.00044469999556895345,0.00022234999778447673,0.00022234999778447673,0.6426394000009168,ok,-0.002874834825868803,0.002874834825868803
Composite,TSP-triangular_squeezed-n600-g1000-2,15031.606388471033,14132,0.2045083999983035,0.10225419999915175,0.10225419999915175,6.548584899996058,ok,6.365740082585853,6.365740082585853
Composite,TSP-triangular_squeezed-n8-g10000-3,20966.088739497336,20966,0.0004528999998001382,0.0002264499999000691,0.0002264499999000691,0.38000520000059623,ok,0.0004232543038064687,0.0004232543038064687
Composite,TSP-triangular_squeezed-n8-g10000-5,16163.463483787018,16163,0.00044359999446896836,0.00022179999723448418,0.00022179999723448418,1.106349699999555,ok,0.0028675603973151585,0.0028675603973151585
Composite,TSP-triangular_squeezed-n8-g10000-4,18789.531759793903,18789,0.00045849999878555536,0.00022924999939277768,0.00022924999939277768,0.40850409999256954,ok,0.002830165489929708,0.002830165489929708
Composite,TSP-triangular_squeezed-n600-g1000-5,15572.205892482463,14723,0.20688779999909457,0.10344389999954728,0.10344389999954728,5.891517099997145,ok,5.767886249286581,5.767886249286581
Composite,TSP-triangular_squeezed-n600-g1000-4,15914.051930563463,14778,0.21214460000192048,0.10607230000096024,0.10607230000096024,5.911656199998106,ok,7.687453854130888,7.687453854130888
Composite,TSP-triangular_squeezed-n600-g10000-3,153717.07762678398,149390,0.2105230000015581,0.10526150000077905,0.10526150000077905,7.592899499999476,ok,2.89649750772072,2.89649750772072
Composite,TSP-triangular_squeezed-n600-g1000-3,15050.505368972392,14142,0.22280920000048354,0.11140460000024177,0.11140460000024177,10.292281900008675,ok,6.424164679482335,6.424164679482335
Composite,TSP-triangular_squeezed-n600-g10000-4,151902.12828286007,143546,0.21141760000318754,0.10570880000159377,0.10570880000159377,3.1173906000040006,ok,5.821219875761127,5.821219875761127
Composite,TSP-triangular_squeezed-n80-g1000-1,5211.3177472727575,5534,0.028567699999257457,0.014283849999628728,0.014283849999628728,0.22798370000964496,ok,-5.830904458388914,5.830904458388914
Composite,TSP-triangular_squeezed-n80-g1000-2,5082.147952320947,5018,0.030162700000801124,0.015081350000400562,0.015081350000400562,0.16148429999884684,ok,1.278356961358057,1.278356961358057
Composite,TSP-triangular_squeezed-n80-g1000-3,4583.8084986177155,4910,0.032429300001240335,0.016214650000620168,0.016214650000620168,0.38658080001187045,ok,-6.64341143344775,6.64341143344775
Composite,TSP-triangular_squeezed-n600-g10000-2,154425.6466710868,148275,0.2235718999945675,0.11178594999728375,0.11178594999728375,5.382003899998381,ok,4.148134662678679,4.148134662678679
Composite,TSP-triangular_squeezed-n80-g1000-5,4804.022634417952,5439,0.028364400001009926,0.014182200000504963,0.014182200000504963,0.5663825999945402,ok,-11.674524096011181,11.674524096011181
Composite,TSP-triangular_squeezed-n80-g1000-4,4771.707053942017,5264,0.035231599998951424,0.017615799999475712,0.017615799999475712,0.19475559999409597,ok,-9.352069643958636,9.352069643958636
Composite,TSP-triangular_squeezed-n80-g10000-3,47675.90348039563,50981,0.02530040000419831,0.012650200002099155,0.012650200002099155,0.5635174000053667,ok,-6.482996645033187,6.482996645033187
Composite,TSP-triangular_squeezed-n600-g10000-5,155362.00572261453,146602,0.2375188000005437,0.11875940000027185,0.11875940000027185,4.068215899998904,ok,5.975365767598348,5.975365767598348
Composite,TSP-triangular_squeezed-n80-g10000-2,48358.72351569922,52258,0.03163520000089193,0.015817600000445964,0.015817600000445964,0.20188670000061393,ok,-7.461587669449238,7.461587669449238
Composite,TSP-triangular_squeezed-n80-g10000-1,45593.04119500344,52172,0.03568770000129007,0.017843850000645034,0.017843850000645034,0.410881400006474,ok,-12.610133414468605,12.610133414468605
Composite,TSP-triangular_squeezed-n80-g10000-4,48626.84437500917,51423,0.03766580000228714,0.01883290000114357,0.01883290000114357,0.1063228999992134,ok,-5.4375583396356335,5.4375583396356335
Composite,TSP-triangular_squeezed-n80-g10000-5,46386.75776213036,51885,0.04708350000146311,0.023541750000731554,0.023541750000731554,0.1540411000023596,ok,-10.596978390420436,10.596978390420436
Composite,TSP-triangular_squeezed-n700-g1000-1,15929.949576681192,15292,0.22043619999749353,0.11021809999874677,0.11021809999874677,3.576170100001036,ok,4.17178640257123,4.17178640257123
Composite,TSP-triangular_squeezed-n700-g10000-5,163253.55020454002,156967,0.19900459999917075,0.09950229999958538,0.09950229999958538,7.553382500016596,ok,4.005013923015679,4.005013923015679
Composite,TSP-triangular_squeezed-n700-g10000-1,164593.54813629415,154454,0.21876260000135517,0.10938130000067758,0.10938130000067758,3.779505699989386,ok,6.564768886719767,6.564768886719767
Composite,TSP-triangular_squeezed-n700-g1000-2,16730.22876619389,15828,0.2406730000002426,0.1203365000001213,0.1203365000001213,4.800051099999109,ok,5.700207014113532,5.700207014113532
Composite,TSP-triangular_squeezed-n700-g10000-3,162315.69290741908,153174,0.21916800000326475,0.10958400000163238,0.10958400000163238,6.461945300005027,ok,5.968175347917456,5.968175347917456
Composite,TSP-triangular_squeezed-n700-g10000-2,168496.9042487542,158755,0.22553029999835417,0.11276514999917708,0.11276514999917708,77.34696119998989,ok,6.136439323960948,6.136439323960948
Composite,TSP-triangular_squeezed-n700-g1000-5,16578.149529939292,15759,0.23317139999562642,0.11658569999781321,0.11658569999781321,27.610527400000137,ok,5.197979122655574,5.197979122655574
Composite,TSP-triangular_squeezed-n700-g10000-4,157040.00680078077,151942,0.22649629999796161,0.11324814999898081,0.11324814999898081,8.177723799977684,ok,3.355232128562722,3.355232128562722
Composite,TSP-triangular_squeezed-n90-g1000-1,5442.075312378542,5892,0.03566739999951096,0.01783369999975548,0.01783369999975548,0.19906369999807794,ok,-7.636196327587548,7.636196327587548
Composite,TSP-triangular_squeezed-n700-g1000-4,16234.468437234145,15386,0.2584807999955956,0.1292403999977978,0.1292403999977978,6.1929145000030985,ok,5.514548532654006,5.514548532654006
Composite,TSP-triangular_squeezed-n90-g1000-2,5597.060494795461,5900,0.04290840000612661,0.021454200003063306,0.021454200003063306,0.27679789999092463,ok,-5.134567884822699,5.134567884822699
Composite,TSP-triangular_squeezed-n90-g1000-3,5311.514595653485,5890,0.034691900000325404,0.017345950000162702,0.017345950000162702,0.35045650000392925,ok,-9.82148394476256,9.82148394476256
Composite,TSP-triangular_squeezed-n700-g1000-3,16611.72942675013,15296,0.26610239999718033,0.13305119999859016,0.13305119999859016,6.164405899995472,ok,8.601787570280669,8.601787570280669
Composite,TSP-triangular_squeezed-n90-g1000-5,5165.740642966893,5270,0.0289827000015066,0.0144913500007533,0.0144913500007533,0.09457980000297539,ok,-1.978355920931828,1.978355920931828
Composite,TSP-triangular_squeezed-n90-g10000-2,53202.36115224662,56467,0.035473399999318644,0.017736699999659322,0.017736699999659322,0.5172821000014665,ok,-5.781498658957225,5.781498658957225
Composite,TSP-triangular_squeezed-n90-g1000-4,5565.383418295634,6073,0.04160330000013346,0.02080165000006673,0.02080165000006673,0.28692660000524484,ok,-8.35858030140566,8.35858030140566
Composite,TSP-triangular_squeezed-n90-g10000-1,56558.87643272133,61387,0.04436330000316957,0.022181650001584785,0.022181650001584785,0.9552382999972906,ok,-7.865058672485496,7.865058672485496
Composite,TSP-triangular_squeezed-n90-g10000-3,53790.616406525034,55736,0.038923799998883624,0.019461899999441812,0.019461899999441812,0.19184210000094026,ok,-3.4903537991154114,3.4903537991154114
Composite,TSP-triangular_squeezed-n90-g10000-4,52550.0618768808,54791,0.04620910000085132,0.02310455000042566,0.02310455000042566,0.2518701999943005,ok,-4.089974855577014,4.089974855577014
Composite,TSP-triangular_squeezed-n90-g10000-5,55218.01364622671,58355,0.04852029999892693,0.024260149999463465,0.024260149999463465,0.4609316999994917,ok,-5.375694205763497,5.375694205763497
Composite,TSP-triangular_squeezed-n800-g1000-1,18118.007497727216,17291,0.2434745999998995,0.12173729999994976,0.12173729999994976,5.916690199999721,ok,4.782878362889457,4.782878362889457
Composite,TSP-truncated_exponential-n10-g1000-1,3161.216429774281,3160,0.002388100001553539,0.0011940500007767696,0.0011940500007767696,0.04464429999643471,ok,0.038494613110161266,0.038494613110161266
Composite,TSP-truncated_exponential-n10-g1000-2,2913.083110582007,2913,0.0023053999975672923,0.0011526999987836462,0.0011526999987836462,0.04415339999832213,ok,0.0028530924135621734,0.0028530924135621734
Composite,TSP-truncated_exponential-n10-g1000-3,3016.3112643846384,3017,0.002662300001247786,0.001331150000623893,0.001331150000623893,0.036336899996967986,ok,-0.022828492388517255,0.022828492388517255
Composite,TSP-truncated_exponential-n10-g1000-4,2704.7559790632054,2703,0.0023765000005369075,0.0011882500002684537,0.0011882500002684537,0.09959169999638107,ok,0.06496407928987641,0.06496407928987641
Composite,TSP-truncated_exponential-n10-g1000-5,2813.2211702328523,2813,0.002329000002646353,0.0011645000013231765,0.0011645000013231765,0.0824713000038173,ok,0.007862432735594501,0.007862432735594501
Composite,TSP-truncated_exponential-n10-g10000-1,31332.731583466764,31333,0.002299300002050586,0.001149650001025293,0.001149650001025293,0.04268640000373125,ok,-0.0008566576237057494,0.0008566576237057494
Composite,TSP-truncated_exponential-n10-g10000-2,22602.72184839803,22602,0.002576000006229151,0.0012880000031145755,0.0012880000031145755,0.04130160000931937,ok,0.0031937368287260825,0.0031937368287260825
Composite,TSP-truncated_exponential-n10-g10000-3,24453.42280112343,24455,0.0023177000039140694,0.0011588500019570347,0.0011588500019570347,0.040986899999552406,ok,-0.006449392257493507,0.006449392257493507
Composite,TSP-truncated_exponential-n10-g10000-4,24967.528759193596,24968,0.0023788999969838187,0.0011894499984919094,0.0011894499984919094,0.04577689999132417,ok,-0.0018873790708276166,0.0018873790708276166
Composite,TSP-truncated_exponential-n10-g10000-5,29805.522077820766,29806,0.002322100001038052,0.001161050000519026,0.001161050000519026,0.04128740000305697,ok,-0.0016034428612834862,0.0016034428612834862
Composite,TSP-triangular_squeezed-n800-g10000-2,171986.961187059,162307,0.2637421999970684,0.1318710999985342,0.1318710999985342,4.828040399996098,ok,5.963982568255837,5.963982568255837
Composite,TSP-triangular_squeezed-n800-g1000-2,17897.536703527163,16845,0.2895366999946418,0.1447683499973209,0.1447683499973209,9.886756499996409,ok,6.248362739846618,6.248362739846618
Composite,TSP-triangular_squeezed-n800-g10000-5,169533.35148123858,163722,0.2459619000001112,0.1229809500000556,0.1229809500000556,6.88886600000842,ok,3.5495238765948276,3.5495238765948276
Composite,TSP-triangular_squeezed-n800-g1000-5,17978.092168946052,17108,0.2878162999986671,0.14390814999933355,0.14390814999933355,3.843645800006925,ok,5.085878939362006,5.085878939362006
Composite,TSP-triangular_squeezed-n800-g1000-4,17537.37243105628,16411,0.2989557999972021,0.14947789999860106,0.14947789999860106,63.4398724000057,ok,6.863520998453959,6.863520998453959
Composite,TSP-triangular_squeezed-n800-g1000-3,17413.63813822361,16391,0.30480510000052163,0.15240255000026082,0.15240255000026082,17.15635299999849,ok,6.239022257480388,6.239022257480388
Composite,TSP-truncated_exponential-n100-g1000-1,7908.039648095543,7837,0.04083030000037979,0.020415150000189897,0.020415150000189897,0.6997012999927392,ok,0.9064648219413458,0.9064648219413458
Composite,TSP-truncated_exponential-n100-g1000-2,7733.205925809289,7086,0.03395099999761442,0.01697549999880721,0.01697549999880721,0.19410179999249522,ok,9.133586308344462,9.133586308344462
Composite,TSP-triangular_squeezed-n800-g10000-3,173418.72390305146,168213,0.29964119999931427,0.14982059999965713,0.14982059999965713,6.421485900005791,ok,3.0947215156090557,3.0947215156090557
Composite,TSP-truncated_exponential-n100-g1000-4,8239.032330079031,7405,0.03547439999965718,0.01773719999982859,0.01773719999982859,0.1083548000024166,ok,11.263096962579763,11.263096962579763
Composite,TSP-triangular_squeezed-n800-g10000-1,175404.43846751776,167694,0.3105987000017194,0.1552993500008597,0.1552993500008597,5.477633699993021,ok,4.597921492431308,4.597921492431308
Composite,TSP-truncated_exponential-n100-g1000-3,8319.702409542564,7820,0.048016299995651934,0.024008149997825967,0.024008149997825967,0.332545500001288,ok,6.3900563880123284,6.3900563880123284
Composite,TSP-triangular_squeezed-n800-g10000-4,182090.53761005215,169778,0.3100051000001258,0.1550025500000629,0.1550025500000629,83.43471080000745,ok,7.252139623539065,7.252139623539065
Composite,TSP-truncated_exponential-n100-g1000-5,8050.544264642474,7270,0.03897460000007413,0.019487300000037067,0.019487300000037067,0.301127800004906,ok,10.736509830020282,10.736509830020282
Composite,TSP-truncated_exponential-n100-g10000-2,79447.08467063005,79405,0.038969300003373064,0.019484650001686532,0.019484650001686532,0.0637948000075994,ok,0.053000025980795694,0.053000025980795694
Composite,TSP-truncated_exponential-n100-g10000-1,79987.12420728871,77137,0.047264099994208664,0.023632049997104332,0.023632049997104332,0.26506429999426473,ok,3.694885991532871,3.694885991532871
Composite,TSP-truncated_exponential-n100-g10000-4,79035.19629386354,76315,0.041560899997421075,0.020780449998710537,0.020780449998710537,0.5228781000041636,ok,3.5644320171179205,3.5644320171179205
Composite,TSP-truncated_exponential-n100-g10000-5,80748.88313728478,78035,0.038122400001157075,0.019061200000578538,0.019061200000578538,0.4397945999953663,ok,3.4777768146149524,3.4777768146149524
Composite,TSP-truncated_exponential-n100-g10000-3,79583.96513452711,73946,0.056670599995413795,0.028335299997706898,0.028335299997706898,0.12365759999374859,ok,7.624435580730685,7.624435580730685
Composite,TSP-triangular_squeezed-n900-g1000-5,19034.984465001402,18079,0.29112150000582915,0.14556075000291457,0.14556075000291457,11.607890200000838,ok,5.287817163567686,5.287817163567686
Composite,TSP-triangular_squeezed-n900-g1000-2,18902.626487879857,17859,0.31360180000046967,0.15680090000023483,0.15680090000023483,9.579674799984787,ok,5.8437005872661265,5.8437005872661265
Composite,TSP-triangular_squeezed-n900-g10000-3,182348.18175118524,175682,0.29593049999675713,0.14796524999837857,0.14796524999837857,253.7966535000014,ok,3.7944591655293327,3.7944591655293327
Composite,TSP-truncated_exponential-n20-g1000-1,3319.0601959228516,3991,0.010439500001666602,0.005219750000833301,0.005219750000833301,0.13237439999647904,ok,-16.83637695006636,16.83637695006636
Composite,TSP-triangular_squeezed-n900-g1000-1,18783.026962880605,17756,0.3224144999985583,0.16120724999927916,0.16120724999927916,7.931720700013102,ok,5.78411220365288,5.78411220365288
Composite,TSP-truncated_exponential-n20-g1000-2,3010.253351211548,3427,0.01084120000450639,0.005420600002253195,0.005420600002253195,0.07471960000111721,ok,-12.160684236604965,12.160684236604965
Composite,TSP-triangular_squeezed-n900-g10000-2,185933.9543876079,176298,0.3059995000003255,0.15299975000016275,0.15299975000016275,8.23742210000637,ok,5.465719626772792,5.465719626772792
Composite,TSP-truncated_exponential-n20-g1000-5,2536.3251094818115,3465,0.009516799997072667,0.0047583999985363334,0.0047583999985363334,0.0884986999881221,ok,-26.80158414193906,26.80158414193906
Composite,TSP-truncated_exponential-n20-g1000-3,2630.5245628356934,3459,0.01170500000444008,0.00585250000222004,0.00585250000222004,0.07507009999244474,ok,-23.95129913744743,23.95129913744743
Composite,TSP-truncated_exponential-n20-g1000-4,3621.782497406006,4513,0.012274200002138969,0.006137100001069484,0.006137100001069484,0.06357900000875816,ok,-19.7477842365166,19.7477842365166
Composite,TSP-triangular_squeezed-n900-g1000-4,18687.398052046083,17622,0.3283291999978246,0.1641645999989123,0.1641645999989123,11.919158699995023,ok,6.045840722086498,6.045840722086498
Composite,TSP-truncated_exponential-n20-g10000-2,31518.186096191406,39716,0.009461900001042522,0.004730950000521261,0.004730950000521261,0.060533200012287125,ok,-20.641086473483213,20.641086473483213
Composite,TSP-truncated_exponential-n20-g10000-1,27394.024627685547,36860,0.010061199995107017,0.005030599997553509,0.005030599997553509,0.042153999995207414,ok,-25.680888150608933,25.680888150608933
Composite,TSP-triangular_squeezed-n900-g1000-3,18650.743171894585,17607,0.3401434999977937,0.17007174999889685,0.17007174999889685,15.218758500006516,ok,5.928001203467851,5.928001203467851
Composite,TSP-truncated_exponential-n20-g10000-3,29064.257690429688,35704,0.008622200002719183,0.004311100001359591,0.004311100001359591,0.04484339999908116,ok,-18.596634297474548,18.596634297474548
Composite,TSP-truncated_exponential-n20-g10000-5,28149.023651123047,36813,0.007785300003888551,0.0038926500019442756,0.0038926500019442756,0.051857500002370216,ok,-23.53509996163571,23.53509996163571
Composite,TSP-truncated_exponential-n20-g10000-4,29316.992279052734,36174,0.015961700002662838,0.007980850001331419,0.007980850001331419,0.06213170000410173,ok,-18.955624816020528,18.955624816020528
Composite,TSP-triangular_squeezed-n900-g10000-1,184532.86867799214,179093,0.34161029999813763,0.17080514999906882,0.17080514999906882,175.9013394000067,ok,3.0374546620985416,3.0374546620985416
Composite,TSP-triangular_squeezed-n900-g10000-4,180462.03821380416,173919,0.3259068999977899,0.16295344999889494,0.16295344999889494,4.578381300001638,ok,3.762118120391769,3.762118120391769
Composite,TSP-truncated_exponential-n200-g1000-1,10658.638812028095,10342,0.05285799999546725,0.026428999997733627,0.026428999997733627,2.285614299995359,ok,3.0616787084518986,3.0616787084518986
Composite,TSP-truncated_exponential-n200-g10000-3,107201.14172218104,103060,0.035586500001954846,0.017793250000977423,0.017793250000977423,3.369737000000896,ok,4.018185253426199,4.018185253426199
Composite,TSP-triangular_squeezed-n900-g10000-5,189170.0104840982,176348,0.3491250000006403,0.17456250000032014,0.17456250000032014,6.6224700000020675,ok,7.270856762820216,7.270856762820216
Composite,TSP-truncated_exponential-n200-g1000-5,10893.947204993616,10500,0.05526149999786867,0.027630749998934334,0.027630749998934334,2.158831000007922,ok,3.75187814279634,3.75187814279634
Composite,TSP-truncated_exponential-n200-g1000-4,10725.69024651198,10684,0.05864049999945564,0.02932024999972782,0.02932024999972782,0.9528010000067297,ok,0.39021196660408225,0.39021196660408225
Composite,TSP-truncated_exponential-n200-g10000-2,107908.72040801277,103298,0.053118399999220856,0.026559199999610428,0.026559199999610428,2.098317900003167,ok,4.463513725350704,4.463513725350704
Composite,TSP-truncated_exponential-n30-g1000-1,3381.8830076039003,4289,0.012265799996384885,0.006132899998192443,0.006132899998192443,0.04335450001235586,ok,-21.149848272233616,21.149848272233616
Composite,TSP-truncated_exponential-n200-g1000-2,10866.333942528756,10597,0.07184950000373647,0.03592475000186823,0.03592475000186823,1.0069323000061559,ok,2.5416055726031503,2.5416055726031503
Composite,TSP-truncated_exponential-n200-g1000-3,10485.351802938349,10202,0.07171389999712119,0.035856949998560594,0.035856949998560594,1.4911900999868521,ok,2.7774142613051223,2.7774142613051223
Composite,TSP-truncated_exponential-n30-g1000-3,3961.996627807617,4678,0.014450499998929445,0.007225249999464722,0.007225249999464722,0.040607899994938634,ok,-15.305758276878642,15.305758276878642
Composite,TSP-truncated_exponential-n200-g10000-1,106126.58621502294,105005,0.06749370000034105,0.033746850000170525,0.033746850000170525,1.6965166000009049,ok,1.0681264844749647,1.0681264844749647
Composite,TSP-truncated_exponential-n30-g1000-4,3880.748031616211,4696,0.013960800002678297,0.006980400001339149,0.006980400001339149,0.05682659999001771,ok,-17.36056150732089,17.36056150732089
Composite,TSP-truncated_exponential-n30-g1000-2,3822.0189213752747,4729,0.018938000001071487,0.009469000000535743,0.009469000000535743,0.06057570000120904,ok,-19.179130442476747,19.179130442476747
Composite,TSP-truncated_exponential-n30-g10000-1,35889.093841552734,44453,0.01668200000131037,0.008341000000655185,0.008341000000655185,0.0738238000049023,ok,-19.265080328543103,19.265080328543103
Composite,TSP-truncated_exponential-n30-g1000-5,3859.448253631592,4742,0.020933599997079,0.0104667999985395,0.0104667999985395,0.08608449999883305,ok,-18.611382251548044,18.611382251548044
Composite,TSP-truncated_exponential-n30-g10000-4,39094.227630615234,49169,0.013458200002787635,0.006729100001393817,0.006729100001393817,0.06349420000333339,ok,-20.490090035153788,20.490090035153788
Composite,TSP-truncated_exponential-n30-g10000-2,38525.28079223633,46258,0.01523309999902267,0.007616549999511335,0.007616549999511335,0.04513600000063889,ok,-16.71650137871,16.71650137871
Composite,TSP-truncated_exponential-n30-g10000-3,32627.600143432617,40865,0.014486399995803367,0.007243199997901684,0.007243199997901684,0.08298780000768602,ok,-20.157591720463437,20.157591720463437
Composite,TSP-truncated_exponential-n30-g10000-5,32937.793060302734,39404,0.020192099997075275,0.010096049998537637,0.010096049998537637,0.04543859999103006,ok,-16.410026747785164,16.410026747785164
Composite,TSP-truncated_exponential-n200-g10000-4,103787.25693138024,105092,0.08535780000238447,0.04267890000119223,0.04267890000119223,0.8391531000088435,ok,-1.241524634244055,1.241524634244055
Composite,TSP-truncated_exponential-n200-g10000-5,109976.84583850509,105489,0.06916279999859398,0.03458139999929699,0.03458139999929699,1.9917226000106893,ok,4.254325890382021,4.254325890382021
Composite,TSP-truncated_exponential-n1000-g1000-1,22547.365698066693,22602,0.3025292000020272,0.1512646000010136,0.1512646000010136,825.8203237999987,ok,-0.24172330737681239,0.24172330737681239
Composite,TSP-truncated_exponential-n300-g10000-2,127764.10212099635,125893,0.07299920000514248,0.03649960000257124,0.03649960000257124,2.5521045999921625,ok,1.486263828009779,1.486263828009779
Composite,TSP-truncated_exponential-n300-g1000-5,12369.205635908862,12563,0.0793167000010726,0.0396583500005363,0.0396583500005363,2.2624758000019938,ok,-1.5425803079769007,1.5425803079769007
Composite,TSP-truncated_exponential-n300-g1000-4,12867.65870462558,12948,0.08151499999803491,0.040757499999017455,0.040757499999017455,2.255364600001485,ok,-0.6204919321471974,0.6204919321471974
Composite,TSP-truncated_exponential-n300-g1000-2,13010.304677742455,12760,0.09117080000578426,0.04558540000289213,0.04558540000289213,2.168997600005241,ok,1.9616354055051344,1.9616354055051344
Composite,TSP-truncated_exponential-n1000-g10000-3,224088.18784229382,225533,0.2807202999974834,0.1403601499987417,0.1403601499987417,271.41332669999974,ok,-0.6406211763716099,0.6406211763716099
Composite,TSP-truncated_exponential-n300-g1000-1,12926.53549945114,12600,0.1013024999992922,0.0506512499996461,0.0506512499996461,1.387639600012335,ok,2.591551582945555,2.591551582945555
Composite,TSP-truncated_exponential-n1000-g10000-1,224939.7129442341,228047,0.29250970000430243,0.14625485000215122,0.14625485000215122,176.77465229999507,ok,-1.362564320410218,1.362564320410218
Composite,TSP-truncated_exponential-n300-g1000-3,13065.952943070295,12529,0.09730940000008559,0.048654700000042794,0.048654700000042794,4.253346700003021,ok,4.285680765187126,4.285680765187126
Composite,TSP-truncated_exponential-n300-g10000-1,128100.2029982254,127865,0.09447240000008605,0.04723620000004303,0.04723620000004303,1.1379304000001866,ok,0.18394634827779496,0.18394634827779496
Composite,TSP-truncated_exponential-n300-g10000-3,131151.3735771012,126249,0.0941439000016544,0.0470719500008272,0.0470719500008272,1.8545982999930857,ok,3.8830989371014537,3.8830989371014537
Composite,TSP-truncated_exponential-n40-g1000-1,3964.856065463159,4882,0.022147299998323433,0.011073649999161717,0.011073649999161717,0.15118580000125803,ok,-18.786233808620253,18.786233808620253
Composite,TSP-truncated_exponential-n40-g1000-2,3711.4747214550725,4389,0.021298499996191822,0.010649249998095911,0.010649249998095911,0.07920230001036543,ok,-15.436894020162395,15.436894020162395
Composite,TSP-truncated_exponential-n40-g1000-3,4209.699611663818,5336,0.02306509999471018,0.01153254999735509,0.01153254999735509,0.10925349999160971,ok,-21.107578492057378,21.107578492057378
Composite,TSP-truncated_exponential-n40-g1000-5,4164.918593778276,4974,0.02165689999674214,0.01082844999837107,0.01082844999837107,0.11846440000226721,ok,-16.266212429065625,16.266212429065625
Composite,TSP-truncated_exponential-n40-g10000-3,42633.20358276367,52285,0.015180000002146699,0.007590000001073349,0.007590000001073349,0.18777989999216516,ok,-18.459972109087364,18.459972109087364
Composite,TSP-truncated_exponential-n40-g1000-4,3921.127456665039,4666,0.026668999998946674,0.013334499999473337,0.013334499999473337,0.08003560001088772,ok,-15.963835047898863,15.963835047898863
Composite,TSP-truncated_exponential-n40-g10000-4,42777.07321166992,51269,0.01854019999882439,0.009270099999412196,0.009270099999412196,0.09857479999482166,ok,-16.563472641030792,16.563472641030792
Composite,TSP-truncated_exponential-n40-g10000-1,43610.373931884766,50031,0.025892899997415952,0.012946449998707976,0.012946449998707976,0.050014699998428114,ok,-12.833295493024794,12.833295493024794
Composite,TSP-truncated_exponential-n1000-g1000-2,22528.41098948496,22288,0.34478390000003856,0.17239195000001928,0.17239195000001928,11.513538100000005,ok,1.0786566290603048,1.0786566290603048
Composite,TSP-truncated_exponential-n40-g10000-2,40961.06555414008,48314,0.02824660000624135,0.014123300003120676,0.014123300003120676,0.07073349998972844,ok,-15.219055441197007,15.219055441197007
Composite,TSP-truncated_exponential-n5-g1000-1,2025.0412931530568,2024,0.0001548000000184402,7.74000000092201e-05,7.74000000092201e-05,0.3260444000043208,ok,0.05144729017079115,0.05144729017079115
Composite,TSP-truncated_exponential-n5-g1000-2,2140.7256777563975,2140,0.0001283999954466708,6.41999977233354e-05,6.41999977233354e-05,0.2812763999972958,ok,0.03391017553259555,0.03391017553259555
Composite,TSP-truncated_exponential-n40-g10000-5,40514.07490539551,48902,0.03359700000146404,0.01679850000073202,0.01679850000073202,0.15854709999985062,ok,-17.15251951782032,17.15251951782032
Composite,TSP-truncated_exponential-n5-g1000-3,1579.980349379869,1580,0.0001218999968841672,6.09499984420836e-05,6.09499984420836e-05,0.03782070000306703,ok,-0.0012437101348709053,0.0012437101348709053
Composite,TSP-truncated_exponential-n1000-g1000-4,22761.934652386444,22741,0.3473230999952648,0.1736615499976324,0.1736615499976324,8.309754600006272,ok,0.09205686815199073,0.09205686815199073
Composite,TSP-truncated_exponential-n5-g1000-4,1879.4383061849148,1879,0.00012209999840706587,6.104999920353293e-05,6.104999920353293e-05,0.04170390000217594,ok,0.023326566520214805,0.023326566520214805
Composite,TSP-truncated_exponential-n5-g10000-1,21554.9624803907,21555,0.00012589999823831022,6.294999911915511e-05,6.294999911915511e-05,0.05520790000446141,ok,-0.00017406452934791723,0.00017406452934791723
Composite,TSP-truncated_exponential-n5-g1000-5,2110.5750021561666,2111,0.0001252999936696142,6.26499968348071e-05,6.26499968348071e-05,0.06702159999986179,ok,-0.020132536420338833,0.020132536420338833
Composite,TSP-truncated_exponential-n5-g10000-2,13404.390198589848,13405,0.0001221999991685152,6.10999995842576e-05,6.10999995842576e-05,0.04258899998967536,ok,-0.0045490593819597445,0.0045490593819597445
Composite,TSP-truncated_exponential-n5-g10000-4,25988.78323366823,25989,0.00012660000356845558,6.330000178422779e-05,6.330000178422779e-05,0.05640539999876637,ok,-0.0008340695362287368,0.0008340695362287368
Composite,TSP-truncated_exponential-n5-g10000-3,19658.801278158186,19658,0.0001227999964612536,6.13999982306268e-05,6.13999982306268e-05,0.058066400000825524,ok,0.004076091963503898,0.004076091963503898
Composite,TSP-truncated_exponential-n300-g10000-4,132773.08111765902,126541,0.11863269999594195,0.059316349997970974,0.059316349997970974,4.603071799996542,ok,4.924950109181231,4.924950109181231
Composite,TSP-truncated_exponential-n5-g10000-5,18462.66149717073,18463,0.00012119999882997945,6.0599999414989725e-05,6.0599999414989725e-05,0.04665610000665765,ok,-0.0018334118467675411,0.0018334118467675411
Composite,TSP-truncated_exponential-n1000-g1000-5,22554.626048182832,22748,0.36238930000399705,0.18119465000199853,0.18119465000199853,14.08266439998988,ok,-0.8500701240424118,0.8500701240424118
Composite,TSP-truncated_exponential-n1000-g10000-4,226480.75041818005,227055,0.3453836999979103,0.17269184999895515,0.17269184999895515,88.68491149999318,ok,-0.252912105798134,0.252912105798134
Composite,TSP-truncated_exponential-n50-g1000-1,5018.746318036009,5762,0.02159179999580374,0.01079589999790187,0.01079589999790187,0.11494559999846388,ok,-12.89923085671626,12.89923085671626
Composite,TSP-truncated_exponential-n50-g1000-2,4960.929204940796,5834,0.02241850000427803,0.011209250002139015,0.011209250002139015,0.26554500000202097,ok,-14.965217604717246,14.965217604717246
Composite,TSP-truncated_exponential-n50-g1000-3,4914.780340194702,5860,0.023027900002489332,0.011513950001244666,0.011513950001244666,0.1085212999896612,ok,-16.130028324322492,16.130028324322492
Composite,TSP-truncated_exponential-n50-g1000-4,5200.46755695343,6003,0.021242299997538794,0.010621149998769397,0.010621149998769397,0.1023159000033047,ok,-13.368856289298181,13.368856289298181
Composite,TSP-truncated_exponential-n300-g10000-5,129263.95548860531,129012,0.1331177999963984,0.0665588999981992,0.0665588999981992,3.0175835999980336,ok,0.1952961651670452,0.1952961651670452
Composite,TSP-truncated_exponential-n1000-g1000-3,22504.602371003508,22604,0.3969585999948322,0.1984792999974161,0.1984792999974161,20.387984699991648,ok,-0.4397346885351802,0.4397346885351802
Composite,TSP-truncated_exponential-n1000-g10000-5,228233.19288160032,227519,0.35759509999479633,0.17879754999739816,0.17879754999739816,9.330240900017088,ok,0.31390472074873754,0.31390472074873754
Composite,TSP-truncated_exponential-n50-g10000-1,50210.69691467285,58660,0.027508899998792913,0.013754449999396456,0.013754449999396456,0.14064749999670312,ok,-14.403857970213346,14.403857970213346
Composite,TSP-truncated_exponential-n1000-g10000-2,223223.418243983,226256,0.3846701000002213,0.19233505000011064,0.19233505000011064,295.771974400006,ok,-1.3403320822506348,1.3403320822506348
Composite,TSP-truncated_exponential-n50-g10000-2,48712.75170135498,55930,0.027904400005354546,0.013952200002677273,0.013952200002677273,0.0488830000103917,ok,-12.904073482290398,12.904073482290398
Composite,TSP-truncated_exponential-n50-g1000-5,4952.757509751513,5920,0.03310809999675257,0.016554049998376286,0.016554049998376286,0.048714999997173436,ok,-16.338555578521742,16.338555578521742
Composite,TSP-truncated_exponential-n50-g10000-4,50243.11267089844,58885,0.024052799999481067,0.012026399999740534,0.012026399999740534,0.16263930000422988,ok,-14.675872173051818,14.675872173051818
Composite,TSP-truncated_exponential-n50-g10000-3,47299.39901399171,55596,0.028897399999550544,0.014448699999775272,0.014448699999775272,0.12238020000222605,ok,-14.923017817843537,14.923017817843537
Composite,TSP-truncated_exponential-n50-g10000-5,48178.12458736018,57598,0.03532470000209287,0.017662350001046434,0.017662350001046434,0.08984130001044832,ok,-16.354518234382827,16.354518234382827
Composite,TSP-truncated_exponential-n400-g10000-4,145728.1409430235,143922,0.1174447000012151,0.05872235000060755,0.05872235000060755,7.679979199994705,ok,1.2549443052649996,1.2549443052649996
Composite,TSP-truncated_exponential-n400-g10000-1,150300.28226563722,147955,0.13879109999834327,0.06939554999917164,0.06939554999917164,5.3304494000039995,ok,1.5851321453396068,1.5851321453396068
Composite,TSP-truncated_exponential-n400-g10000-3,147291.22775876554,146406,0.13688320000073873,0.06844160000036936,0.06844160000036936,7.362202599993907,ok,0.6046389893621442,0.6046389893621442
Composite,TSP-truncated_exponential-n400-g1000-3,14783.630941981892,14641,0.15419419999670936,0.07709709999835468,0.07709709999835468,20.977293899995857,ok,0.9741885252502681,0.9741885252502681
Composite,TSP-truncated_exponential-n400-g1000-1,14993.24236780122,14298,0.15978060000634287,0.07989030000317143,0.07989030000317143,2.5511390999890864,ok,4.862514811870333,4.862514811870333
Composite,TSP-truncated_exponential-n60-g1000-1,4912.576099636523,5554,0.025425099993299227,0.012712549996649614,0.012712549996649614,0.24908950000826735,ok,-11.54886388843134,11.54886388843134
Composite,TSP-truncated_exponential-n400-g1000-4,14894.34999082134,14603,0.16343010000127833,0.08171505000063917,0.08171505000063917,4.9380506000015885,ok,1.995137922490857,1.995137922490857
Composite,TSP-truncated_exponential-n60-g1000-2,5172.05835252465,5856,0.02176379999582423,0.010881899997912114,0.010881899997912114,0.4917338999948697,ok,-11.679331411805837,11.679331411805837
Composite,TSP-truncated_exponential-n400-g1000-2,14546.466262243113,14389,0.17486680000001797,0.08743340000000899,0.08743340000000899,6.994770799996331,ok,1.0943516731052423,1.0943516731052423
Composite,TSP-truncated_exponential-n60-g1000-3,5146.168517847041,5853,0.025476499999058433,0.012738249999529216,0.012738249999529216,0.14108519999717828,ok,-12.07639641470971,12.07639641470971
Composite,TSP-truncated_exponential-n60-g1000-4,5300.19521522522,6210,0.021501399998669513,0.010750699999334756,0.010750699999334756,0.14274690000456758,ok,-14.650640656598716,14.650640656598716
Composite,TSP-truncated_exponential-n400-g1000-5,14652.928597329817,14139,0.17580029999953695,0.08790014999976847,0.08790014999976847,2.4753442000073846,ok,3.634829884219658,3.634829884219658
Composite,TSP-truncated_exponential-n400-g10000-2,145733.4357749306,142179,0.17126770000322722,0.08563385000161361,0.08563385000161361,4.294989900008659,ok,2.4999724114887623,2.4999724114887623
Composite,TSP-truncated_exponential-n60-g1000-5,5266.050611895028,6216,0.02160600000206614,0.01080300000103307,0.01080300000103307,0.16191219999745954,ok,-15.2823260634648,15.2823260634648
Composite,TSP-truncated_exponential-n400-g10000-5,148955.49096843964,145102,0.16645299999800045,0.08322649999900023,0.08322649999900023,4.465624500007834,ok,2.655711822331629,2.655711822331629
Composite,TSP-truncated_exponential-n60-g10000-1,53313.39238825157,61884,0.02515230000426527,0.012576150002132636,0.012576150002132636,0.16833640000550076,ok,-13.849472580551408,13.849472580551408
Composite,TSP-truncated_exponential-n60-g10000-2,53653.55673926716,61996,0.031091400000150315,0.015545700000075158,0.015545700000075158,0.37838249999913387,ok,-13.456421802588622,13.456421802588622
Composite,TSP-truncated_exponential-n60-g10000-4,55031.01339249933,62797,0.027130800001032185,0.013565400000516092,0.013565400000516092,0.1359958000102779,ok,-12.366811483829917,12.366811483829917
Composite,TSP-truncated_exponential-n60-g10000-3,53044.95619023246,61070,0.028671600004599895,0.014335800002299948,0.014335800002299948,0.25879100000020117,ok,-13.140729997981895,13.140729997981895
Composite,TSP-truncated_exponential-n60-g10000-5,52255.12550107215,57145,0.032059299999673385,0.016029649999836693,0.016029649999836693,0.1644300000043586,ok,-8.556959487142969,8.556959487142969
Composite,TSP-truncated_exponential-n500-g1000-2,16616.451613429588,16359,0.15453290000004927,0.07726645000002463,0.07726645000002463,4.6875983999925666,ok,1.573761314442131,1.573761314442131
Composite,TSP-truncated_exponential-n500-g1000-5,16810.413112776416,16160,0.1465124999958789,0.07325624999793945,0.07325624999793945,6.054392300007748,ok,4.024833618665939,4.024833618665939
Composite,TSP-truncated_exponential-n500-g10000-4,163187.18872214732,164609,0.15699109999695793,0.07849554999847896,0.07849554999847896,3.232200999991619,ok,-0.8637506320144613,0.8637506320144613
Composite,TSP-truncated_exponential-n500-g10000-3,163839.29406342827,161995,0.16104679999989457,0.08052339999994729,0.08052339999994729,8.379511799998,ok,1.1384882640996767,1.1384882640996767
Composite,TSP-truncated_exponential-n70-g1000-2,5940.203722082266,6611,0.022783099993830547,0.011391549996915273,0.011391549996915273,0.15514439999242313,ok,-10.146668853694361,10.146668853694361
Composite,TSP-truncated_exponential-n500-g10000-2,168667.14368288705,161898,0.17232630000216886,0.08616315000108443,0.08616315000108443,4.216196299996227,ok,4.18111630958199,4.18111630958199
Composite,TSP-truncated_exponential-n70-g1000-1,5967.697287765191,6466,0.031882200004474726,0.015941100002237363,0.015941100002237363,0.21165920000930782,ok,-7.706506530077473,7.706506530077473
Composite,TSP-truncated_exponential-n500-g1000-3,16398.710534992468,16397,0.19111459999840008,0.09555729999920004,0.09555729999920004,3.1635340999928303,ok,0.010431999710116048,0.010431999710116048
Composite,TSP-truncated_exponential-n500-g10000-1,163575.8236034655,164215,0.1830679999984568,0.0915339999992284,0.0915339999992284,1.9781532000051811,ok,-0.3892314322896734,0.3892314322896734
Composite,TSP-truncated_exponential-n500-g1000-1,16193.27480640595,16414,0.2033032000035746,0.1016516000017873,0.1016516000017873,3.767419299998437,ok,-1.3447373802488694,1.3447373802488694
Composite,TSP-truncated_exponential-n500-g10000-5,166806.65248010727,163037,0.1762384000030579,0.08811920000152895,0.08811920000152895,2.6203447000007145,ok,2.3121453903759677,2.3121453903759677
Composite,TSP-truncated_exponential-n70-g1000-3,5842.119260405422,6328,0.03160329999809619,0.015801649999048095,0.015801649999048095,0.058155999999144115,ok,-7.678267060596994,7.678267060596994
Composite,TSP-truncated_exponential-n70-g1000-4,5746.553520878406,6208,0.03163469999708468,0.01581734999854234,0.01581734999854234,0.12485959999321494,ok,-7.43309405801537,7.43309405801537
Composite,TSP-truncated_exponential-n500-g1000-4,16781.768848564723,16140,0.20214400000259047,0.10107200000129524,0.10107200000129524,2.5999366999894846,ok,3.9762630022597474,3.9762630022597474
Composite,TSP-truncated_exponential-n70-g1000-5,5851.098360396961,6778,0.027759299999161158,0.013879649999580579,0.013879649999580579,0.18696370000543538,ok,-13.6751495957958,13.6751495957958
Composite,TSP-truncated_exponential-n70-g10000-5,60951.02138249958,67259,0.022846799998660572,0.011423399999330286,0.011423399999330286,0.1323019999981625,ok,-9.378638721212655,9.378638721212655
Composite,TSP-truncated_exponential-n70-g10000-1,59374.234598168936,63145,0.03877919999649748,0.01938959999824874,0.01938959999824874,0.19637260001036339,ok,-5.971597754107314,5.971597754107314
Composite,TSP-truncated_exponential-n70-g10000-3,58228.15418730153,63673,0.03558740000153193,0.017793700000765966,0.017793700000765966,0.19060529999842402,ok,-8.551263192716647,8.551263192716647
Composite,TSP-truncated_exponential-n70-g10000-4,60694.958370184264,66938,0.032192500002565794,0.016096250001282897,0.016096250001282897,0.7296187999891117,ok,-9.326603169822427,9.326603169822427
Composite,TSP-truncated_exponential-n70-g10000-2,58765.14849576474,65592,0.04396399999677669,0.021981999998388346,0.021981999998388346,0.2971544000029098,ok,-10.408055104639681,10.408055104639681
Composite,TSP-truncated_exponential-n600-g1000-5,18211.85927083851,17762,0.17795979999937117,0.08897989999968559,0.08897989999968559,4.5571600000112085,ok,2.532706175197114,2.532706175197114
Composite,TSP-truncated_exponential-n8-g1000-1,2416.9631626061673,2417,0.000473000000056345,0.0002365000000281725,0.0002365000000281725,0.0814544000022579,ok,-0.0015240957315963604,0.0015240957315963604
Composite,TSP-truncated_exponential-n8-g1000-2,2979.8988341678278,2980,0.000451300002168864,0.000225650001084432,0.000225650001084432,0.05444520000310149,ok,-0.00339482658296067,0.00339482658296067
Composite,TSP-truncated_exponential-n8-g1000-3,2491.9289372404132,2492,0.00043880000157514587,0.00021940000078757294,0.00021940000078757294,0.20416819999809377,ok,-0.002851635617446482,0.002851635617446482
Composite,TSP-truncated_exponential-n8-g1000-4,2563.759634524379,2564,0.0004532000020844862,0.0002266000010422431,0.0002266000010422431,0.04673430000548251,ok,-0.009374628534353346,0.009374628534353346
Composite,TSP-truncated_exponential-n8-g1000-5,3197.4193499335133,3197,0.000458099995739758,0.000229049997869879,0.000229049997869879,0.04234759999962989,ok,0.013116982593472975,0.013116982593472975
Composite,TSP-truncated_exponential-n8-g10000-1,24455.19900827149,24455,0.0004558000000542961,0.00022790000002714805,0.00022790000002714805,0.1186230000021169,ok,0.0008137733448825951,0.0008137733448825951
Composite,TSP-truncated_exponential-n600-g1000-1,17825.718661209936,17399,0.19699039999977686,0.09849519999988843,0.09849519999988843,10.212175900000148,ok,2.4525470498875555,2.4525470498875555
Composite,TSP-truncated_exponential-n8-g10000-3,23939.919925894024,23941,0.0004459000047063455,0.00022295000235317275,0.00022295000235317275,0.2171426999993855,ok,-0.004511399298173237,0.004511399298173237
Composite,TSP-truncated_exponential-n8-g10000-2,17211.47091958409,17212,0.0004495999965001829,0.00022479999825009145,0.00022479999825009145,0.11884500000451226,ok,-0.0030739043452738687,0.0030739043452738687
Composite,TSP-truncated_exponential-n8-g10000-5,28058.063438061145,28059,0.00042559999565128237,0.00021279999782564119,0.00021279999782564119,0.27362670000002254,ok,-0.003337830781052239,0.003337830781052239
Composite,TSP-truncated_exponential-n8-g10000-4,25096.963706556133,25097,0.00044380000326782465,0.00022190000163391232,0.00022190000163391232,0.17451040000014473,ok,-0.00014461267827700535,0.00014461267827700535
Composite,TSP-truncated_exponential-n600-g1000-4,18072.753673689615,17679,0.20036919999984093,0.10018459999992047,0.10018459999992047,3.677389000004041,ok,2.2272395140540446,2.2272395140540446
Composite,TSP-truncated_exponential-n600-g10000-1,178567.92528760043,177067,0.1990695000058622,0.0995347500029311,0.0995347500029311,3.631520900002215,ok,0.84765952300566,0.84765952300566
Composite,TSP-truncated_exponential-n600-g10000-5,179931.56002256827,173690,0.18868339999607997,0.09434169999803999,0.09434169999803999,10.416173200006597,ok,3.593505684016508,3.593505684016508
Composite,TSP-truncated_exponential-n600-g1000-3,18118.886821710275,17850,0.21914539999852423,0.10957269999926211,0.10957269999926211,2.7886001000006218,ok,1.506368749077173,1.506368749077173
Composite,TSP-truncated_exponential-n600-g10000-2,179365.9787269961,174065,0.20266450000053737,0.10133225000026869,0.10133225000026869,10.772619800001848,ok,3.0454018481579346,3.0454018481579346
Composite,TSP-truncated_exponential-n80-g1000-2,6558.282926888714,7210,0.020464799999899697,0.010232399999949848,0.010232399999949848,0.5846137999906205,ok,-9.039071749116305,9.039071749116305
Composite,TSP-truncated_exponential-n600-g10000-3,181310.27387712512,174914,0.20367280000209576,0.10183640000104788,0.10183640000104788,2.5016408000083175,ok,3.6568107053324015,3.6568107053324015
Composite,TSP-truncated_exponential-n80-g1000-4,6353.422214183471,6703,0.021127699998032767,0.010563849999016384,0.010563849999016384,0.3326336000027368,ok,-5.215243709033706,5.215243709033706
Composite,TSP-truncated_exponential-n80-g1000-1,6119.0951236927185,6538,0.02821830000175396,0.01410915000087698,0.01410915000087698,0.25816100000520237,ok,-6.407232736422171,6.407232736422171
Composite,TSP-truncated_exponential-n80-g1000-3,6308.518612847235,6915,0.030319099998450838,0.015159549999225419,0.015159549999225419,0.5491981999948621,ok,-8.770518975455747,8.770518975455747
Composite,TSP-truncated_exponential-n600-g10000-4,178720.2543117079,179838,0.22103749999951106,0.11051874999975553,0.11051874999975553,11.560473900011857,ok,-0.6215292031117509,0.6215292031117509
Composite,TSP-truncated_exponential-n600-g1000-2,18334.075341303887,18017,0.24598830000468297,0.12299415000234148,0.12299415000234148,13.377880700005335,ok,1.7598675767546617,1.7598675767546617
Composite,TSP-truncated_exponential-n80-g10000-2,62005.885257129594,66112,0.03197079999517882,0.01598539999758941,0.01598539999758941,0.10418560000834987,ok,-6.2108463559874245,6.2108463559874245
Composite,TSP-truncated_exponential-n80-g10000-3,60632.13334058963,64164,0.030162700000801124,0.015081350000400562,0.015081350000400562,0.12855330000456888,ok,-5.504436536703402,5.504436536703402
Composite,TSP-truncated_exponential-n80-g10000-1,63915.82115585719,69201,0.03313650000200141,0.016568250001000706,0.016568250001000706,0.3808035999973072,ok,-7.637431314782744,7.637431314782744
Composite,TSP-truncated_exponential-n80-g10000-4,59778.609937026806,61976,0.03394790000311332,0.01697395000155666,0.01697395000155666,0.12554340000497177,ok,-3.545549991889109,3.545549991889109
Composite,TSP-truncated_exponential-n80-g10000-5,64374.827604604594,72206,0.0346473999961745,0.01732369999808725,0.01732369999808725,0.7919456999952672,ok,-10.845597866375932,10.845597866375932
Composite,TSP-truncated_exponential-n80-g1000-5,6384.29119817071,7108,0.039358900001388974,0.019679450000694487,0.019679450000694487,0.31885529999271967,ok,-10.181609479871831,10.181609479871831
Composite,TSP-truncated_exponential-n700-g1000-4,19234.96165299008,18979,0.21807999999873573,0.10903999999936786,0.10903999999936786,6.533752999996068,ok,1.348657215817911,1.348657215817911
Composite,TSP-truncated_exponential-n700-g1000-5,19541.506020203884,18831,0.22514940000110073,0.11257470000055037,0.11257470000055037,3.8636980000010226,ok,3.7730657968450108,3.7730657968450108
Composite,TSP-truncated_exponential-n700-g1000-3,19268.873755860608,19006,0.23517359999823384,0.11758679999911692,0.11758679999911692,11.388898500008509,ok,1.383109312115164,1.383109312115164
Composite,TSP-truncated_exponential-n700-g10000-3,188723.46460947828,186837,0.21821859999909066,0.10910929999954533,0.10910929999954533,4.971037100011017,ok,1.009684703499992,1.009684703499992
Composite,TSP-truncated_exponential-n700-g1000-1,19734.736707492513,19428,0.2494866999986698,0.1247433499993349,0.1247433499993349,5.695682100005797,ok,1.5788383132206776,1.5788383132206776
Composite,TSP-truncated_exponential-n700-g10000-4,197806.8545838556,190909,0.21811799999704817,0.10905899999852409,0.10905899999852409,28.06956679999712,ok,3.6131636454308604,3.6131636454308604
Composite,TSP-truncated_exponential-n700-g1000-2,19281.57072392034,19182,0.25147300000389805,0.12573650000194903,0.12573650000194903,7.5607866999926046,ok,0.5190841618201452,0.5190841618201452
Composite,TSP-truncated_exponential-n90-g1000-1,6632.275206642137,6972,0.03705939999781549,0.018529699998907745,0.018529699998907745,0.21260110000730492,ok,-4.872702142252766,4.872702142252766
Composite,TSP-truncated_exponential-n700-g10000-1,196327.22512759853,187862,0.24226220000127796,0.12113110000063898,0.12113110000063898,444.88808599999174,ok,4.5060869827844545,4.5060869827844545
Composite,TSP-truncated_exponential-n700-g10000-2,190291.95245257564,188058,0.2404521000062232,0.1202260500031116,0.1202260500031116,17.016480899997987,ok,1.1879060994882655,1.1879060994882655
Composite,TSP-truncated_exponential-n700-g10000-5,194064.4184039001,189874,0.23319489999994403,0.11659744999997201,0.11659744999997201,5.156797800009372,ok,2.2069469247501567,2.2069469247501567
Composite,TSP-truncated_exponential-n90-g1000-2,6670.131730369349,7034,0.03791810000257101,0.018959050001285505,0.018959050001285505,0.19566430000122637,ok,-5.172992175585036,5.172992175585036
Composite,TSP-truncated_exponential-n90-g1000-4,6536.633161987905,6930,0.03304759999446105,0.016523799997230526,0.016523799997230526,0.5220962999883341,ok,-5.676289148803684,5.676289148803684
Composite,TSP-truncated_exponential-n90-g1000-3,6728.392071905442,7038,0.03979859999526525,0.019899299997632625,0.019899299997632625,1.6510513999965042,ok,-4.399089629078684,4.399089629078684
Composite,TSP-truncated_exponential-n90-g10000-1,68240.9198693265,73301,0.036344200001622085,0.018172100000811042,0.018172100000811042,0.2502978999982588,ok,-6.9031529319838665,6.9031529319838665
Composite,TSP-truncated_exponential-n90-g1000-5,6568.820774830137,6853,0.040380499995080754,0.020190249997540377,0.020190249997540377,0.3133582999871578,ok,-4.1467857167643745,4.1467857167643745
Composite,TSP-truncated_exponential-n90-g10000-2,66086.01017525933,65675,0.03946939999877941,0.019734699999389704,0.019734699999389704,0.25122420000843704,ok,0.6258244008516677,0.6258244008516677
Composite,TSP-truncated_exponential-n90-g10000-3,69552.74638705104,74850,0.036660600002505817,0.018330300001252908,0.018330300001252908,0.3857248999993317,ok,-7.077159135536353,7.077159135536353
Composite,TSP-truncated_exponential-n90-g10000-5,67574.54130901548,69715,0.0371757000029902,0.0185878500014951,0.0185878500014951,0.3143764000124065,ok,-3.070298631549199,3.070298631549199
Composite,TSP-truncated_exponential-n90-g10000-4,68078.67683655198,73220,0.03971129999990808,0.01985564999995404,0.01985564999995404,0.6640833999990718,ok,-7.021747013723051,7.021747013723051
Composite,TSP-truncated_exponential-n800-g1000-2,20668.33343599,20175,0.23378409999713767,0.11689204999856884,0.11689204999856884,6.017228900003829,ok,2.4452710581908303,2.4452710581908303
Composite,TSP-uniform_triangular-n10-g1000-1,2669.6245141514623,2670,0.0023438999996869825,0.0011719499998434912,0.0011719499998434912,0.039127099997131154,ok,-0.01406314039466908,0.01406314039466908
Composite,TSP-uniform_triangular-n10-g1000-2,2466.7344262697834,2466,0.0023791999992681667,0.0011895999996340834,0.0011895999996340834,0.07378099999914411,ok,0.02978208717694235,0.02978208717694235
Composite,TSP-uniform_triangular-n10-g1000-3,2780.08378832719,2780,0.0023567000025650486,0.0011783500012825243,0.0011783500012825243,0.037010399988503195,ok,0.0030139686039632146,0.0030139686039632146
Composite,TSP-uniform_triangular-n10-g1000-4,2597.704007659726,2598,0.002337700003408827,0.0011688500017044134,0.0011688500017044134,0.04834370000753552,ok,-0.011393084691073785,0.011393084691073785
Composite,TSP-uniform_triangular-n10-g1000-5,2598.7152377610764,2598,0.0022759000057703815,0.0011379500028851908,0.0011379500028851908,0.04393580000032671,ok,0.02753032182742199,0.02753032182742199
Composite,TSP-uniform_triangular-n10-g10000-1,27793.348883693114,27793,0.002374800002144184,0.001187400001072092,0.001187400001072092,0.038115899995318614,ok,0.0012552933944293472,0.0012552933944293472
Composite,TSP-uniform_triangular-n10-g10000-2,21960.668849592326,21960,0.0023508000012952834,0.0011754000006476417,0.0011754000006476417,0.03740960000141058,ok,0.0030457631708847733,0.0030457631708847733
Composite,TSP-uniform_triangular-n10-g10000-3,24213.75976405553,24214,0.0022852999973110855,0.0011426499986555427,0.0011426499986555427,0.04058669999358244,ok,-0.00099213655105043,0.00099213655105043
Composite,TSP-uniform_triangular-n10-g10000-4,25658.49276688112,25658,0.0023625999965588562,0.0011812999982794281,0.0011812999982794281,0.10192139999708161,ok,0.0019205194524962862,0.0019205194524962862
Composite,TSP-uniform_triangular-n10-g10000-5,19646.54270745029,19647,0.002325300003576558,0.001162650001788279,0.001162650001788279,0.051638299992191605,ok,-0.0023275438983491343,0.0023275438983491343
Composite,TSP-truncated_exponential-n800-g10000-1,205483.11891607838,207066,0.2552482999963104,0.1276241499981552,0.1276241499981552,7.033711900003254,ok,-0.7644331198369683,0.7644331198369683
Composite,TSP-truncated_exponential-n800-g10000-2,209674.4408364781,202341,0.25517289999697823,0.12758644999848912,0.12758644999848912,5.219515300006606,ok,3.624298010031636,3.624298010031636
Composite,TSP-truncated_exponential-n800-g1000-1,20827.90838777199,20348,0.2882697000022745,0.14413485000113724,0.14413485000113724,2.9449210000020685,ok,2.358503969785677,2.358503969785677
Composite,TSP-truncated_exponential-n800-g1000-3,20685.332853390817,20201,0.29294430000300054,0.14647215000150027,0.14647215000150027,7.805563199988683,ok,2.39756870150397,2.39756870150397
Composite,TSP-uniform_triangular-n100-g1000-2,7574.696424121262,7566,0.031256299997039605,0.015628149998519802,0.015628149998519802,0.45138180001231376,ok,0.11494084220541594,0.11494084220541594
Composite,TSP-truncated_exponential-n800-g10000-5,205426.67404687486,201949,0.27780260000145063,0.13890130000072531,0.13890130000072531,7.663514800005942,ok,1.7220555916963496,1.7220555916963496
Composite,TSP-uniform_triangular-n100-g1000-1,7357.452651259114,7095,0.03670039999997243,0.018350199999986216,0.018350199999986216,0.38197099999524653,ok,3.6991212298677056,3.6991212298677056
Composite,TSP-uniform_triangular-n100-g1000-3,7229.481578656667,7523,0.035279700001410674,0.017639850000705337,0.017639850000705337,0.2793161000008695,ok,-3.9016140016394143,3.9016140016394143
Composite,TSP-truncated_exponential-n800-g10000-4,204057.74084579057,204181,0.286394199996721,0.1431970999983605,0.1431970999983605,5.689506599999731,ok,-0.060367592581792896,0.060367592581792896
Composite,TSP-truncated_exponential-n800-g1000-5,20966.072993906997,20559,0.3008428000030108,0.1504214000015054,0.1504214000015054,275.7566603999876,ok,1.9800233178024078,1.9800233178024078
Composite,TSP-uniform_triangular-n100-g1000-4,7354.5261990257395,6854,0.0348532999996678,0.0174266499998339,0.0174266499998339,0.7597837000066647,ok,7.302687467547994,7.302687467547994
Composite,TSP-uniform_triangular-n100-g1000-5,7372.455658374092,7071,0.03340319999551866,0.01670159999775933,0.01670159999775933,2.3517431000072975,ok,4.263267690200712,4.263267690200712
Composite,TSP-truncated_exponential-n800-g10000-3,204188.6132937447,202869,0.31920720000198344,0.15960360000099172,0.15960360000099172,4.032514699996682,ok,0.6504755747525305,0.6504755747525305
Composite,TSP-uniform_triangular-n100-g10000-1,72069.23877008796,72457,0.03569019999849843,0.017845099999249214,0.017845099999249214,0.19156780000776052,ok,-0.535160481267562,0.535160481267562
Composite,TSP-uniform_triangular-n100-g10000-2,74924.3760291187,73999,0.03851310000027297,0.019256550000136485,0.019256550000136485,0.38209810000262223,ok,1.2505250464448254,1.2505250464448254
Composite,TSP-truncated_exponential-n800-g1000-4,20814.65162885194,20259,0.33878839999670163,0.16939419999835081,0.16939419999835081,57.34619060000114,ok,2.742739665590313,2.742739665590313
Composite,TSP-uniform_triangular-n100-g10000-3,74349.58859626512,75205,0.040259399997012224,0.020129699998506112,0.020129699998506112,0.49826790000952315,ok,-1.137439536912276,1.137439536912276
Composite,TSP-uniform_triangular-n100-g10000-5,70135.02733028772,65984,0.045196700004453305,0.022598350002226653,0.022598350002226653,0.3678485999989789,ok,6.290960430237205,6.290960430237205
Composite,TSP-uniform_triangular-n100-g10000-4,74783.24652691113,73229,0.04820769999787444,0.02410384999893722,0.02410384999893722,0.7512664999958361,ok,2.122446745020589,2.122446745020589
Composite,TSP-truncated_exponential-n900-g1000-5,21594.55125871572,21512,0.29351210000459105,0.14675605000229552,0.14675605000229552,21.06411059999664,ok,0.38374515951897037,0.38374515951897037
Composite,TSP-truncated_exponential-n900-g10000-3,218174.69942175059,215086,0.2848039000018616,0.1424019500009308,0.1424019500009308,10.437070799991488,ok,1.4360299702214858,1.4360299702214858
Composite,TSP-uniform_triangular-n20-g1000-1,2393.164222717285,3120,0.008343599998624995,0.004171799999312498,0.004171799999312498,0.06552579998970032,ok,-23.296018502651116,23.296018502651116
Composite,TSP-truncated_exponential-n900-g1000-1,21873.137724890355,21338,0.32754750000458444,0.16377375000229222,0.16377375000229222,18.191402099997504,ok,2.507909480224742,2.507909480224742
Composite,TSP-truncated_exponential-n900-g1000-4,21899.79372782942,21743,0.3139554000008502,0.1569777000004251,0.1569777000004251,505.8864300000132,ok,0.7211227881590369,0.7211227881590369
Composite,TSP-uniform_triangular-n20-g1000-2,2438.1112213134766,3077,0.010967400005029049,0.005483700002514524,0.005483700002514524,0.054151699994690716,ok,-20.76336622315643,20.76336622315643
Composite,TSP-uniform_triangular-n20-g1000-3,2317.174385070801,3115,0.009610699999029748,0.004805349999514874,0.004805349999514874,0.041855899995425716,ok,-25.612379291467068,25.612379291467068
Composite,TSP-truncated_exponential-n900-g10000-2,220808.81972374674,217885,0.3045555999997305,0.15227779999986524,0.15227779999986524,12.581449600009364,ok,1.3419095962304606,1.3419095962304606
Composite,TSP-uniform_triangular-n20-g1000-4,2820.936731338501,3821,0.006971000002522487,0.0034855000012612436,0.0034855000012612436,0.15424040000652894,ok,-26.172815196584637,26.172815196584637
Composite,TSP-truncated_exponential-n900-g10000-4,218092.1110772597,215586,0.3088506999993115,0.15442534999965574,0.15442534999965574,20.03683060000185,ok,1.1624646671211036,1.1624646671211036
Composite,TSP-uniform_triangular-n20-g10000-2,32409.702026367188,39057,0.010624599999573547,0.005312299999786774,0.005312299999786774,0.12039070000173524,ok,-17.019479155165048,17.019479155165048
Composite,TSP-uniform_triangular-n20-g1000-5,2971.2432861328125,3801,0.016300700001011137,0.008150350000505568,0.008150350000505568,0.1420730999961961,ok,-21.82995827064424,21.82995827064424
Composite,TSP-uniform_triangular-n20-g10000-1,25035.878829956055,31436,0.017735300003550947,0.008867650001775473,0.008867650001775473,0.043070899992017075,ok,-20.35920972784052,20.35920972784052
Composite,TSP-uniform_triangular-n20-g10000-3,21634.88410949707,28959,0.013700600000447594,0.006850300000223797,0.006850300000223797,0.04300409999268595,ok,-25.291328742370006,25.291328742370006
Composite,TSP-truncated_exponential-n900-g1000-2,21687.834282389373,21377,0.3472589999946649,0.17362949999733246,0.17362949999733246,107.81922990000749,ok,1.454059420823187,1.454059420823187
Composite,TSP-uniform_triangular-n20-g10000-4,26063.161491394043,34268,0.014209900000423659,0.007104950000211829,0.007104950000211829,0.10125909998896532,ok,-23.94314961073292,23.94314961073292
Composite,TSP-truncated_exponential-n900-g10000-5,220729.16882236762,214709,0.3205311999990954,0.1602655999995477,0.1602655999995477,14.337211800011573,ok,2.8038735322541752,2.8038735322541752
Composite,TSP-truncated_exponential-n900-g1000-3,21924.623064986747,21764,0.344912699998531,0.1724563499992655,0.1724563499992655,10.076480599993374,ok,0.7380218019975493,0.7380218019975493
Composite,TSP-uniform_triangular-n20-g10000-5,24174.223266601562,31335,0.018190200004028156,0.009095100002014078,0.009095100002014078,0.14119900000514463,ok,-22.852327216845183,22.852327216845183
Composite,TSP-truncated_exponential-n900-g10000-1,217851.59720244815,210638,0.3532666999963112,0.1766333499981556,0.1766333499981556,4.239378199999919,ok,3.4246418986356426,3.4246418986356426
Composite,TSP-uniform_triangular-n200-g1000-1,9705.039926689213,9508,0.053664700004446786,0.026832350002223393,0.026832350002223393,0.9862868000054732,ok,2.0723593467523425,2.0723593467523425
Composite,TSP-uniform_triangular-n200-g1000-2,9736.993825724021,9935,0.04855590000079246,0.02427795000039623,0.02427795000039623,1.4681482000014512,ok,-1.9930163490284751,1.9930163490284751
Composite,TSP-uniform_triangular-n200-g1000-5,9767.675962971345,9406,0.04720570000063162,0.02360285000031581,0.02360285000031581,0.8812077999900794,ok,3.8451622684599736,3.8451622684599736
Composite,TSP-uniform_triangular-n200-g10000-1,98332.70906843212,97287,0.050087299998267554,0.025043649999133777,0.025043649999133777,1.366396999990684,ok,1.0748702996619441,1.0748702996619441
Composite,TSP-uniform_triangular-n30-g1000-2,3494.048807144165,4344,0.011145600001327693,0.005572800000663847,0.005572800000663847,0.0991340000036871,ok,-19.566095599812037,19.566095599812037
Composite,TSP-uniform_triangular-n200-g1000-3,9986.760921640931,9944,0.06135500000527827,0.030677500002639135,0.030677500002639135,1.410049700003583,ok,0.43001731336414895,0.43001731336414895
Composite,TSP-uniform_triangular-n200-g1000-4,9695.894301735514,9962,0.06228620000183582,0.03114310000091791,0.03114310000091791,1.4906371999968542,ok,-2.671207571416241,2.671207571416241
Composite,TSP-uniform_triangular-n200-g10000-2,99251.7662228557,100016,0.05446720000327332,0.02723360000163666,0.02723360000163666,2.598225599998841,ok,-0.7641115193012099,0.7641115193012099
Composite,TSP-uniform_triangular-n30-g1000-1,3205.5926818847656,3892,0.016618499998003244,0.008309249999001622,0.008309249999001622,0.054722400003811345,ok,-17.6363648025497,17.6363648025497
Composite,TSP-uniform_triangular-n30-g1000-3,3289.26531457901,3959,0.01703309999720659,0.008516549998603296,0.008516549998603296,0.1262745999993058,ok,-16.916763966178074,16.916763966178074
Composite,TSP-uniform_triangular-n200-g10000-3,102546.2173583155,99992,0.060294200004136655,0.030147100002068328,0.030147100002068328,2.162948700002744,ok,2.554421712052459,2.554421712052459
Composite,TSP-uniform_triangular-n200-g10000-4,101438.34827964021,98589,0.059574299993983004,0.029787149996991502,0.029787149996991502,1.3945509000041056,ok,2.890127985515838,2.890127985515838
Composite,TSP-uniform_triangular-n30-g10000-2,31601.49722290039,38650,0.01253730000462383,0.006268650002311915,0.006268650002311915,0.0448640999966301,ok,-18.236747159378034,18.236747159378034
Composite,TSP-uniform_triangular-n30-g1000-4,3407.8920707702637,4175,0.018462299995007925,0.009231149997503962,0.009231149997503962,0.03524040000047535,ok,-18.37384261628111,18.37384261628111
Composite,TSP-uniform_triangular-n30-g10000-3,32094.71809387207,40231,0.014653600002930034,0.007326800001465017,0.007326800001465017,0.062312000009114854,ok,-20.223911675394422,20.223911675394422
Composite,TSP-uniform_triangular-n30-g1000-5,2604.957317352295,3299,0.017977600000449456,0.008988800000224728,0.008988800000224728,0.04404320000321604,ok,-21.037971586774933,21.037971586774933
Composite,TSP-uniform_triangular-n30-g10000-5,33339.234619140625,41266,0.011072000001149718,0.005536000000574859,0.005536000000574859,0.06501019999268465,ok,-19.208950178983606,19.208950178983606
Composite,TSP-uniform_triangular-n30-g10000-4,31460.665184020996,38728,0.015392100001918152,0.007696050000959076,0.007696050000959076,0.07114549999823794,ok,-18.765066143304594,18.765066143304594
Composite,TSP-uniform_triangular-n30-g10000-1,33419.515869140625,40027,0.022700800000166055,0.011350400000083027,0.011350400000083027,0.06891190000169445,ok,-16.507567718938155,16.507567718938155
Composite,TSP-uniform_triangular-n200-g10000-5,97748.4945919145,96125,0.06688469999789959,0.033442349998949794,0.033442349998949794,0.5895320999989053,ok,1.6889410579084478,1.6889410579084478
Composite,TSP-uniform_triangular-n300-g1000-3,11778.044870625039,11961,0.07168929999897955,0.035844649999489775,0.035844649999489775,3.5800809000065783,ok,-1.5295972692497364,1.5295972692497364
Composite,TSP-uniform_triangular-n300-g1000-2,11523.121536578708,11692,0.07554349999554688,0.03777174999777344,0.03777174999777344,1.0158741000050213,ok,-1.4443932896107732,1.4443932896107732
Composite,TSP-uniform_triangular-n1000-g1000-1,21655.71289623888,21758,0.31241079999745125,0.15620539999872562,0.15620539999872562,6.220243300005677,ok,-0.47011261954737793,0.47011261954737793
Composite,TSP-uniform_triangular-n1000-g10000-1,212074.90550152992,215362,0.28652199999487493,0.14326099999743747,0.14326099999743747,7.368569099984597,ok,-1.5263112798312035,1.5263112798312035
Composite,TSP-uniform_triangular-n300-g1000-4,11796.191197443542,11690,0.07999079999717651,0.039995399998588255,0.039995399998588255,3.8687978999951156,ok,0.9083934768480965,0.9083934768480965
Composite,TSP-uniform_triangular-n300-g10000-2,118322.41975001233,121847,0.08106869999755872,0.04053434999877936,0.04053434999877936,7.510787400009576,ok,-2.8926278447460123,2.8926278447460123
Composite,TSP-uniform_triangular-n40-g1000-1,3917.8044471740723,4644,0.021696600000723265,0.010848300000361633,0.010848300000361633,0.05339739999908488,ok,-15.637285805898529,15.637285805898529
Composite,TSP-uniform_triangular-n300-g1000-5,11996.263409259715,11922,0.08970430000044871,0.044852150000224356,0.044852150000224356,1.1917872000049101,ok,0.6229106631413733,0.6229106631413733
Composite,TSP-uniform_triangular-n300-g1000-1,11962.133243067536,12042,0.10033799999655457,0.050168999998277286,0.050168999998277286,1.411576899990905,ok,-0.6632349853219095,0.6632349853219095
Composite,TSP-uniform_triangular-n40-g1000-2,3705.429285186806,4407,0.024453199999697972,0.012226599999848986,0.012226599999848986,0.0599930000025779,ok,-15.919462555325486,15.919462555325486
Composite,TSP-uniform_triangular-n40-g1000-3,3949.6455159187317,4864,0.021766199999547098,0.010883099999773549,0.010883099999773549,0.17867789999581873,ok,-18.798406333907653,18.798406333907653
Composite,TSP-uniform_triangular-n300-g10000-1,119987.10184735432,121897,0.09726990000490332,0.04863495000245166,0.04863495000245166,4.730563100005384,ok,-1.566813090269389,1.566813090269389
Composite,TSP-uniform_triangular-n40-g1000-4,4481.6934452056885,5454,0.019481299998005852,0.009740649999002926,0.009740649999002926,0.04572870000265539,ok,-17.827402911520196,17.827402911520196
Composite,TSP-uniform_triangular-n300-g10000-4,119204.03003951737,119905,0.09204719999979716,0.04602359999989858,0.04602359999989858,2.4900805999932345,ok,-0.5846044455882832,0.5846044455882832
Composite,TSP-uniform_triangular-n300-g10000-3,118470.57926272882,116450,0.09747060000518104,0.04873530000259052,0.04873530000259052,2.0110162000055425,ok,1.7351474991230722,1.7351474991230722
Composite,TSP-uniform_triangular-n40-g1000-5,4042.2495555877686,4711,0.02567510000517359,0.012837550002586795,0.012837550002586795,0.04130440000153612,ok,-14.195509327366407,14.195509327366407
Composite,TSP-uniform_triangular-n1000-g1000-4,21088.021606226437,21525,0.32158679999702144,0.16079339999851072,0.16079339999851072,168.18047389999265,ok,-2.0300970674729983,2.0300970674729983
Composite,TSP-uniform_triangular-n300-g10000-5,120941.87107737965,119328,0.1005561000056332,0.0502780500028166,0.0502780500028166,2.158868499987875,ok,1.3524663761897027,1.3524663761897027
Composite,TSP-uniform_triangular-n1000-g1000-2,21201.95313616856,21762,0.3544891999990796,0.1772445999995398,0.1772445999995398,95.60107259999495,ok,-2.5735082429530443,2.5735082429530443
Composite,TSP-uniform_triangular-n40-g10000-1,44185.90800476074,52662,0.03330129999812925,0.016650649999064626,0.016650649999064626,0.09842680000292603,ok,-16.09527172389818,16.09527172389818
Composite,TSP-uniform_triangular-n40-g10000-3,37770.833850860596,45668,0.026884099999733735,0.013442049999866867,0.013442049999866867,0.14810669999860693,ok,-17.2925596679062,17.2925596679062
Composite,TSP-uniform_triangular-n40-g10000-2,38234.00030517578,45123,0.02923729999747593,0.014618649998737965,0.014618649998737965,0.06620859999384265,ok,-15.267157978911461,15.267157978911461
Composite,TSP-uniform_triangular-n5-g1000-1,1549.8408975848351,1551,0.000134599999000784,6.7299999500392e-05,6.7299999500392e-05,0.4574391000060132,ok,-0.07473258640650242,0.07473258640650242
Composite,TSP-uniform_triangular-n5-g1000-2,1999.885056687154,2000,0.0003112999984296039,0.00015564999921480194,0.00015564999921480194,0.29695219999121036,ok,-0.005747165642299023,0.005747165642299023
Composite,TSP-uniform_triangular-n40-g10000-5,38669.23860168457,47103,0.029767899999569636,0.014883949999784818,0.014883949999784818,0.12637440000253264,ok,-17.90493471395756,17.90493471395756
Composite,TSP-uniform_triangular-n5-g1000-3,2552.854142533753,2554,0.00013079999916953966,6.539999958476983e-05,6.539999958476983e-05,0.0457380000007106,ok,-0.04486521011147142,0.04486521011147142
Composite,TSP-uniform_triangular-n5-g1000-4,2477.2822500662674,2477,0.00011539999832166359,5.7699999160831794e-05,5.7699999160831794e-05,0.1290967999957502,ok,0.011394835133926199,0.011394835133926199
Composite,TSP-uniform_triangular-n40-g10000-4,39512.114127164605,49679,0.034926200001791585,0.017463100000895793,0.017463100000895793,0.13802359999681357,ok,-20.465158060418677,20.465158060418677
Composite,TSP-uniform_triangular-n5-g1000-5,2419.439180316209,2419,0.00010679999832063913,5.339999916031957e-05,5.339999916031957e-05,0.08552090000011958,ok,0.01815544920251659,0.01815544920251659
Composite,TSP-uniform_triangular-n5-g10000-3,17033.426940383524,17033,0.0001337000066996552,6.68500033498276e-05,6.68500033498276e-05,0.15653539999038912,ok,0.0025065483680161886,0.0025065483680161886
Composite,TSP-uniform_triangular-n5-g10000-2,15757.645812860257,15758,0.0001266999970539473,6.334999852697365e-05,6.334999852697365e-05,0.14323579998745117,ok,-0.002247665565064489,0.002247665565064489
Composite,TSP-uniform_triangular-n5-g10000-1,18755.087138289156,18755,0.00012579999747686088,6.289999873843044e-05,6.289999873843044e-05,0.23734790000889916,ok,0.00046461364519556424,0.00046461364519556424
Composite,TSP-uniform_triangular-n5-g10000-4,17232.559898206164,17232,0.00012430000060703605,6.215000030351803e-05,6.215000030351803e-05,0.2638720000104513,ok,0.0032491771481185,0.0032491771481185
Composite,TSP-uniform_triangular-n5-g10000-5,26795.520500707586,26796,0.0001123000038205646,5.61500019102823e-05,5.61500019102823e-05,0.15634429999045096,ok,-0.0017894435453590183,0.0017894435453590183
Composite,TSP-uniform_triangular-n1000-g10000-3,210692.32388729224,213598,0.3381657999998424,0.1690828999999212,0.1690828999999212,11.144670300011057,ok,-1.3603479960991032,1.3603479960991032
Composite,TSP-uniform_triangular-n1000-g1000-5,20890.370306893674,21233,0.3481461000046693,0.17407305000233464,0.17407305000233464,60.90263229999982,ok,-1.6136659591500315,1.6136659591500315
Composite,TSP-uniform_triangular-n1000-g10000-4,211345.30198885626,212579,0.34313999999722,0.17156999999861,0.17156999999861,10.348479400010547,ok,-0.580348017040133,0.580348017040133
Composite,TSP-uniform_triangular-n1000-g1000-3,21181.156625515487,21841,0.3747282000040286,0.1873641000020143,0.1873641000020143,8.907673300011083,ok,-3.021122542395098,3.021122542395098
Composite,TSP-uniform_triangular-n50-g1000-2,4096.223593897189,4766,0.018977500003529713,0.009488750001764856,0.009488750001764856,0.09536150000349153,ok,-14.053218760025409,14.053218760025409
Composite,TSP-uniform_triangular-n50-g1000-3,4394.461841181466,5124,0.020786499997484498,0.010393249998742249,0.010393249998742249,0.10216029999719467,ok,-14.237668985529542,14.237668985529542
Composite,TSP-uniform_triangular-n50-g1000-1,4493.771382168879,5394,0.02187979999871459,0.010939899999357294,0.010939899999357294,0.21626929999911226,ok,-16.689444157047102,16.689444157047102
Composite,TSP-uniform_triangular-n50-g1000-4,4429.228187393375,5083,0.018643800001882482,0.009321900000941241,0.009321900000941241,0.08920810000563506,ok,-12.861928243293818,12.861928243293818
Composite,TSP-uniform_triangular-n50-g10000-1,43354.25609423831,50423,0.01808320000418462,0.00904160000209231,0.00904160000209231,0.15758710000955034,ok,-14.018888018883619,14.018888018883619
Composite,TSP-uniform_triangular-n50-g1000-5,4393.356066061571,5259,0.03041079999820795,0.015205399999103975,0.015205399999103975,0.06928369999513961,ok,-16.460238333113306,16.460238333113306
Composite,TSP-uniform_triangular-n50-g10000-2,42449.84321305322,50370,0.02410260000033304,0.01205130000016652,0.01205130000016652,0.3083958000061102,ok,-15.723956297293595,15.723956297293595
Composite,TSP-uniform_triangular-n1000-g10000-2,210595.47406752047,213786,0.3839589999988675,0.19197949999943376,0.19197949999943376,5.789386899996316,ok,-1.4923923608091894,1.4923923608091894
Composite,TSP-uniform_triangular-n50-g10000-3,46433.93565368652,53897,0.02547440000489587,0.012737200002447935,0.012737200002447935,0.11879370000679046,ok,-13.846901212151838,13.846901212151838
Composite,TSP-uniform_triangular-n50-g10000-5,42494.728597848465,47770,0.025081100000534207,0.012540550000267103,0.012540550000267103,0.14231840000138618,ok,-11.043063433434238,11.043063433434238
Composite,TSP-uniform_triangular-n50-g10000-4,44748.93142700195,53406,0.026341700002376456,0.013170850001188228,0.013170850001188228,0.3292180999997072,ok,-16.20991756169353,16.20991756169353
Composite,TSP-uniform_triangular-n1000-g10000-5,208138.11271497124,218764,0.38498190000245813,0.19249095000122907,0.19249095000122907,23.482761599996593,ok,-4.857237609948967,4.857237609948967
Composite,TSP-uniform_triangular-n400-g1000-3,13972.527598058019,14312,0.1312982000017655,0.06564910000088275,0.06564910000088275,25.691910099994857,ok,-2.371942439505177,2.371942439505177
Composite,TSP-uniform_triangular-n400-g1000-5,14135.051186277426,13871,0.13673130000097444,0.06836565000048722,0.06836565000048722,5.402125900000101,ok,1.9036204042781744,1.9036204042781744
Composite,TSP-uniform_triangular-n400-g1000-1,13838.456366091992,13705,0.14167250000173226,0.07083625000086613,0.07083625000086613,4.24215569999069,ok,0.973778665392135,0.973778665392135
Composite,TSP-uniform_triangular-n400-g10000-2,136469.36283575348,133888,0.13299759999790695,0.06649879999895347,0.06649879999895347,2.885844399992493,ok,1.9280016399927373,1.9280016399927373
Composite,TSP-uniform_triangular-n60-g1000-1,5000.039212902235,5705,0.018064000003505498,0.009032000001752749,0.009032000001752749,0.2479909000103362,ok,-12.35689372651648,12.35689372651648
Composite,TSP-uniform_triangular-n400-g10000-3,136262.64023654527,134843,0.1377474999972037,0.06887374999860185,0.06887374999860185,5.719065299999784,ok,1.052809739137565,1.052809739137565
Composite,TSP-uniform_triangular-n400-g10000-1,136205.02513542233,135634,0.14866469999833498,0.07433234999916749,0.07433234999916749,2.5031051999976626,ok,0.42100442029456414,0.42100442029456414
Composite,TSP-uniform_triangular-n400-g1000-4,13418.797236110955,13464,0.16098390000115614,0.08049195000057807,0.08049195000057807,3.791962200004491,ok,-0.3357305695858953,0.3357305695858953
Composite,TSP-uniform_triangular-n60-g1000-3,5227.23390402228,5692,0.01957770000444725,0.009788850002223626,0.009788850002223626,0.12388110000756569,ok,-8.165251159130717,8.165251159130717
Composite,TSP-uniform_triangular-n400-g10000-4,137850.67468434598,136495,0.14546210000116844,0.07273105000058422,0.07273105000058422,5.1945746000128565,ok,0.9932046480427738,0.9932046480427738
Composite,TSP-uniform_triangular-n60-g1000-2,4943.3571496625655,5323,0.023690100002568215,0.011845050001284108,0.011845050001284108,0.13327299999946263,ok,-7.132121930066401,7.132121930066401
Composite,TSP-uniform_triangular-n60-g1000-4,4916.299077118885,5778,0.021503399999346584,0.010751699999673292,0.010751699999673292,0.07575840000936296,ok,-14.913480839063947,14.913480839063947
Composite,TSP-uniform_triangular-n400-g1000-2,13675.195399293258,13742,0.16884709999430925,0.08442354999715462,0.08442354999715462,5.4762487999978475,ok,-0.48613448338482285,0.48613448338482285
Composite,TSP-uniform_triangular-n400-g10000-5,136621.84475595277,137764,0.15374729999894043,0.07687364999947022,0.07687364999947022,3.829834199990728,ok,-0.8290665515281421,0.8290665515281421
Composite,TSP-uniform_triangular-n60-g10000-2,52694.43112182617,61276,0.02418760000000475,0.012093800000002375,0.012093800000002375,0.13029000000096858,ok,-14.004779812934636,14.004779812934636
Composite,TSP-uniform_triangular-n60-g10000-4,45422.24518845012,54532,0.016075700004876126,0.008037850002438063,0.008037850002438063,0.6207149999972899,ok,-16.70533780449989,16.70533780449989
Composite,TSP-uniform_triangular-n60-g1000-5,4917.517253769426,5689,0.03405499999644235,0.017027499998221174,0.017027499998221174,0.08094780000101309,ok,-13.560955286176373,13.560955286176373
Composite,TSP-uniform_triangular-n60-g10000-1,50446.282478698464,55239,0.03773699999874225,0.018868499999371124,0.018868499999371124,0.13756719999946654,ok,-8.676329262480378,8.676329262480378
Composite,TSP-uniform_triangular-n60-g10000-5,47878.80676143215,55930,0.03378250000241678,0.01689125000120839,0.01689125000120839,0.15202599999611266,ok,-14.395124689018152,14.395124689018152
Composite,TSP-uniform_triangular-n60-g10000-3,50231.34139256725,52534,0.03640409999934491,0.018202049999672454,0.018202049999672454,0.11176490000798367,ok,-4.383177765699832,4.383177765699832
Composite,TSP-uniform_triangular-n500-g1000-2,15733.335720953322,16061,0.15847750000102678,0.07923875000051339,0.07923875000051339,4.310285699990345,ok,-2.0401237721603738,2.0401237721603738
Composite,TSP-uniform_triangular-n500-g1000-1,15396.187147745628,15491,0.16909859999577748,0.08454929999788874,0.08454929999788874,5.692511699991883,ok,-0.612051205566923,0.612051205566923
Composite,TSP-uniform_triangular-n70-g1000-1,5446.080186144894,5918,0.01862770000298042,0.00931385000149021,0.00931385000149021,0.2860698999866145,ok,-7.974312501776047,7.974312501776047
Composite,TSP-uniform_triangular-n500-g1000-3,15156.399138451983,15017,0.18405189999612048,0.09202594999806024,0.09202594999806024,2.912811000001966,ok,0.9282755440632827,0.9282755440632827
Composite,TSP-uniform_triangular-n500-g1000-4,15425.86403558003,15434,0.17669230000319658,0.08834615000159829,0.08834615000159829,5.538398000004236,ok,-0.052714555008223675,0.052714555008223675
Composite,TSP-uniform_triangular-n500-g10000-3,156623.1383367506,156205,0.16645360000256915,0.08322680000128457,0.08322680000128457,5.235114100010833,ok,0.26768562898152515,0.26768562898152515
Composite,TSP-uniform_triangular-n70-g1000-2,5301.862398147583,6046,0.022282400001131464,0.011141200000565732,0.011141200000565732,0.12887919999775477,ok,-12.307932548005574,12.307932548005574
Composite,TSP-uniform_triangular-n500-g10000-4,156473.23419258546,148726,0.17789410000114003,0.08894705000057002,0.08894705000057002,7.273675799995544,ok,5.209065121488816,5.209065121488816
Composite,TSP-uniform_triangular-n500-g1000-5,14881.382106901156,15196,0.1855333999992581,0.09276669999962905,0.09276669999962905,5.67578869999852,ok,-2.070399401808663,2.070399401808663
Composite,TSP-uniform_triangular-n500-g10000-1,154864.36672506243,155159,0.18304730000090785,0.09152365000045393,0.09152365000045393,4.280106500009424,ok,-0.18989119222060752,0.18989119222060752
Composite,TSP-uniform_triangular-n70-g1000-3,5381.145057981618,6016,0.03012000000308035,0.015060000001540175,0.015060000001540175,6.287103499998921,ok,-10.552774967060866,10.552774967060866
Composite,TSP-uniform_triangular-n70-g1000-4,5509.907334073777,6283,0.02411990000109654,0.01205995000054827,0.01205995000054827,0.1889865999983158,ok,-12.304514816587986,12.304514816587986
Composite,TSP-uniform_triangular-n500-g10000-2,151715.03486245766,154814,0.19115310000051977,0.09557655000025989,0.09557655000025989,2.6223631000029854,ok,-2.0017344281152494,2.0017344281152494
Composite,TSP-uniform_triangular-n70-g1000-5,5476.187096993674,5831,0.029016100001172163,0.014508050000586081,0.014508050000586081,0.17057470000872854,ok,-6.0849408850338955,6.0849408850338955
Composite,TSP-uniform_triangular-n70-g10000-2,51292.74091585592,58121,0.027584900002693757,0.013792450001346879,0.013792450001346879,0.32703400000173133,ok,-11.748350999026314,11.748350999026314
Composite,TSP-uniform_triangular-n70-g10000-1,52321.77406401431,58369,0.029298200002813246,0.014649100001406623,0.014649100001406623,0.21001650000107475,ok,-10.360338426194883,10.360338426194883
Composite,TSP-uniform_triangular-n500-g10000-5,155141.67716120594,154892,0.19450469999719644,0.09725234999859822,0.09725234999859822,3.025432800000999,ok,0.16119435555479839,0.16119435555479839
Composite,TSP-uniform_triangular-n70-g10000-3,53983.816210807476,61930,0.02831549999973504,0.01415774999986752,0.01415774999986752,0.45644400001037866,ok,-12.830911979965324,12.830911979965324
Composite,TSP-uniform_triangular-n70-g10000-5,54348.77752915222,60645,0.03692430000228342,0.01846215000114171,0.01846215000114171,0.17355510000197683,ok,-10.382096579846287,10.382096579846287
Composite,TSP-uniform_triangular-n70-g10000-4,56723.78145467525,65509,0.04063400000450201,0.020317000002251007,0.020317000002251007,0.18681289999221917,ok,-13.4107047051928,13.4107047051928
Composite,TSP-uniform_triangular-n600-g10000-1,169310.2539866497,168165,0.17700860000331886,0.08850430000165943,0.08850430000165943,5.980743899999652,ok,0.6810299328931169,0.6810299328931169
Composite,TSP-uniform_triangular-n600-g1000-1,16900.635954447614,17091,0.19288320000487147,0.09644160000243573,0.09644160000243573,7.305737999995472,ok,-1.1138262568157833,1.1138262568157833
Composite,TSP-uniform_triangular-n8-g1000-2,2383.551130911205,2383,0.00047280000580940396,0.00023640000290470198,0.00023640000290470198,0.05319530000269879,ok,0.023127608527269684,0.023127608527269684
Composite,TSP-uniform_triangular-n8-g1000-1,2633.6350227515723,2634,0.0004504000025917776,0.0002252000012958888,0.0002252000012958888,0.07746670000778977,ok,-0.013856387563695866,0.013856387563695866
Composite,TSP-uniform_triangular-n8-g1000-4,2203.026582459079,2204,0.0004594999991240911,0.00022974999956204556,0.00022974999956204556,0.16488850000314415,ok,-0.044165950132541675,0.044165950132541675
Composite,TSP-uniform_triangular-n8-g1000-3,2135.1054908193255,2134,0.00045140000293031335,0.00022570000146515667,0.00022570000146515667,0.2708143000054406,ok,0.05180369350166335,0.05180369350166335
Composite,TSP-uniform_triangular-n8-g10000-1,25581.568859463518,25581,0.00044409999827621505,0.00022204999913810752,0.00022204999913810752,0.2791293000045698,ok,0.0022237577245517504,0.0022237577245517504
Composite,TSP-uniform_triangular-n8-g1000-5,2469.1455339673157,2469,0.00046660000225529075,0.00023330000112764537,0.00023330000112764537,0.29106570000294596,ok,0.005894449871029328,0.005894449871029328
Composite,TSP-uniform_triangular-n600-g1000-3,17009.988544334108,16736,0.19760320000204956,0.09880160000102478,0.09880160000102478,3.024464399990393,ok,1.6371208432965352,1.6371208432965352
Composite,TSP-uniform_triangular-n8-g10000-2,23058.776470546818,23059,0.00045060000411467627,0.00022530000205733813,0.00022530000205733813,0.36064290000649635,ok,-0.0009693805159893395,0.0009693805159893395
Composite,TSP-uniform_triangular-n8-g10000-3,24131.338550557106,24132,0.0004406000007293187,0.00022030000036465935,0.00022030000036465935,0.5603211999987252,ok,-0.0027409640431546563,0.0027409640431546563
Composite,TSP-uniform_triangular-n8-g10000-5,24748.031188450637,24747,0.0004470999992918223,0.00022354999964591116,0.00022354999964591116,0.4846646999940276,ok,0.004166923063956332,0.004166923063956332
Composite,TSP-uniform_triangular-n8-g10000-4,27072.460900932572,27073,0.00044329999946057796,0.00022164999973028898,0.00022164999973028898,0.4745131000090623,ok,-0.0019912793832517336,0.0019912793832517336
Composite,TSP-uniform_triangular-n600-g1000-2,16691.39212196506,16999,0.20923539999785135,0.10461769999892567,0.10461769999892567,4.447673999995459,ok,-1.809564551061484,1.809564551061484
Composite,TSP-uniform_triangular-n600-g1000-5,16835.077828380327,16864,0.20359930000267923,0.10179965000133961,0.10179965000133961,7.462122099997941,ok,-0.1715024408187468,0.1715024408187468
Composite,TSP-uniform_triangular-n600-g10000-4,165983.42071772175,168054,0.1866946000009193,0.09334730000045965,0.09334730000045965,6.6689427999954205,ok,-1.232091638567516,1.232091638567516
Composite,TSP-uniform_triangular-n600-g10000-2,166795.87920662615,167899,0.20422279999911552,0.10211139999955776,0.10211139999955776,1.981133299996145,ok,-0.6570145107319566,0.6570145107319566
Composite,TSP-uniform_triangular-n80-g1000-1,5657.325922773056,6207,0.024113799998303875,0.012056899999151938,0.012056899999151938,0.28403990001243073,ok,-8.855712537891801,8.855712537891801
Composite,TSP-uniform_triangular-n80-g1000-3,5939.322922865872,6364,0.027759600001445506,0.013879800000722753,0.013879800000722753,0.33627529999648686,ok,-6.673115605501698,6.673115605501698
Composite,TSP-uniform_triangular-n80-g1000-2,5761.3535689592945,6256,0.031991500000003725,0.015995750000001863,0.015995750000001863,0.37982100000954233,ok,-7.9067524143335275,7.9067524143335275
Composite,TSP-uniform_triangular-n80-g1000-4,5826.137292223726,6371,0.022175499994773418,0.011087749997386709,0.011087749997386709,0.8551331000053324,ok,-8.552232110756144,8.552232110756144
Composite,TSP-uniform_triangular-n600-g10000-3,166168.7773031351,167523,0.21014459999423707,0.10507229999711853,0.10507229999711853,7.21799689999898,ok,-0.8083801608524741,0.8083801608524741
Composite,TSP-uniform_triangular-n80-g1000-5,6040.60195146146,6905,0.027149599998665508,0.013574799999332754,0.013574799999332754,0.17145690000324976,ok,-12.518436618950615,12.518436618950615
Composite,TSP-uniform_triangular-n80-g10000-1,63972.87633623739,71653,0.029141599996364675,0.014570799998182338,0.014570799998182338,0.1281788000051165,ok,-10.718495616042055,10.718495616042055
Composite,TSP-uniform_triangular-n600-g10000-5,166612.3939176334,171914,0.2266996000034851,0.11334980000174255,0.11334980000174255,4.205813799999305,ok,-3.0838710531815936,3.0838710531815936
Composite,TSP-uniform_triangular-n80-g10000-3,55615.56321338264,59691,0.03445410000131233,0.017227050000656163,0.017227050000656163,0.4073850999993738,ok,-6.827556560649619,6.827556560649619
Composite,TSP-uniform_triangular-n600-g1000-4,17117.63925035269,17142,0.2600278000027174,0.1300139000013587,0.1300139000013587,3.4802696999977343,ok,-0.1421114785165599,0.1421114785165599
Composite,TSP-uniform_triangular-n80-g10000-2,55939.77355875514,60470,0.04230039999674773,0.021150199998373864,0.021150199998373864,0.5580118999932893,ok,-7.4916924776663745,7.4916924776663745
Composite,TSP-uniform_triangular-n80-g10000-5,55774.29348053743,61542,0.0404601000045659,0.02023005000228295,0.02023005000228295,0.10587129999476019,ok,-9.371984205034884,9.371984205034884
Composite,TSP-uniform_triangular-n80-g10000-4,54623.791033414,60580,0.04621159999805968,0.02310579999902984,0.02310579999902984,0.1635413000039989,ok,-9.831972543060411,9.831972543060411
Composite,TSP-uniform_triangular-n700-g1000-3,18294.54650611635,18323,0.1982639999987441,0.09913199999937206,0.09913199999937206,5.669278500005021,ok,-0.1552884019191802,0.1552884019191802
Composite,TSP-uniform_triangular-n700-g10000-1,179035.15760368912,176040,0.20667149999644607,0.10333574999822304,0.10333574999822304,9.548518799987505,ok,1.701407409503022,1.701407409503022
Composite,TSP-uniform_triangular-n700-g10000-5,178395.68569553643,177837,0.18869660000200383,0.09434830000100192,0.09434830000100192,3.367106400008197,ok,0.31415605050492,0.31415605050492
Composite,TSP-uniform_triangular-n700-g10000-3,179847.06480569334,180331,0.21199340000021039,0.10599670000010519,0.10599670000010519,6.642513899991172,ok,-0.2683594026022468,0.2683594026022468
Composite,TSP-uniform_triangular-n90-g1000-1,6108.709608131655,6943,0.032657099996868055,0.016328549998434028,0.016328549998434028,0.24918470000557136,ok,-12.016281029358275,12.016281029358275
Composite,TSP-uniform_triangular-n700-g1000-2,18193.623837303792,18151,0.247383500005526,0.123691750002763,0.123691750002763,4.003154899997753,ok,0.2348291405641135,0.2348291405641135
Composite,TSP-uniform_triangular-n90-g1000-2,6060.617147822489,6475,0.03261209999618586,0.01630604999809293,0.01630604999809293,0.18472340000153054,ok,-6.3997351687646535,6.3997351687646535
Composite,TSP-uniform_triangular-n700-g1000-5,17992.471900214747,18345,0.24106010000105016,0.12053005000052508,0.12053005000052508,138.67181749999872,ok,-1.9216576712196964,1.9216576712196964
Composite,TSP-uniform_triangular-n90-g1000-3,6433.719402423454,7056,0.03457950000301935,0.017289750001509674,0.017289750001509674,0.2774613999936264,ok,-8.819169466787782,8.819169466787782
Composite,TSP-uniform_triangular-n700-g10000-2,181078.046803375,182013,0.24529469999833964,0.12264734999916982,0.12264734999916982,6.5827489999937825,ok,-0.5136738566063921,0.5136738566063921
Composite,TSP-uniform_triangular-n700-g1000-4,17669.204931388045,17884,0.2574581000008038,0.1287290500004019,0.1287290500004019,9.668563100000028,ok,-1.201046011026363,1.201046011026363
Composite,TSP-uniform_triangular-n700-g1000-1,18172.46791713296,18184,0.267119800002547,0.1335599000012735,0.1335599000012735,5.489431999987573,ok,-0.06341884550726477,0.06341884550726477
Composite,TSP-uniform_triangular-n90-g1000-4,6076.616004797407,6651,0.030177199994795956,0.015088599997397978,0.015088599997397978,0.6170681999938097,ok,-8.636054656481624,8.636054656481624
Composite,TSP-uniform_triangular-n90-g1000-5,6280.090781509451,6706,0.04744750000099884,0.02372375000049942,0.02372375000049942,0.1594521000079112,ok,-6.351166395624058,6.351166395624058
Composite,TSP-uniform_triangular-n90-g10000-2,63518.21126863823,70791,0.04318790000252193,0.021593950001260964,0.021593950001260964,2.124446200003149,ok,-10.273606434944792,10.273606434944792
Composite,TSP-uniform_triangular-n90-g10000-1,55289.03476131953,58861,0.045289499998034444,0.022644749999017222,0.022644749999017222,0.11604629999783356,ok,-6.068475286998975,6.068475286998975
Composite,TSP-uniform_triangular-n90-g10000-3,61438.765067589055,68097,0.0456694000022253,0.02283470000111265,0.02283470000111265,0.8171608000120614,ok,-9.777574536926657,9.777574536926657
Composite,TSP-uniform_triangular-n90-g10000-4,59656.69990185109,66666,0.03633280000212835,0.018166400001064176,0.018166400001064176,0.46317860000999644,ok,-10.514055287776241,10.514055287776241
Composite,TSP-uniform_triangular-n90-g10000-5,62783.237772987784,69270,0.036015599995153025,0.018007799997576512,0.018007799997576512,0.621979100003955,ok,-9.36446113326435,9.36446113326435
Composite,TSP-uniform_triangular-n700-g10000-4,184356.6993066258,181002,0.2835941999946954,0.1417970999973477,0.1417970999973477,6.1015310999937356,ok,1.8534045516766586,1.8534045516766586
Composite,TSP-uniform_triangular-n800-g1000-4,19413.30141419531,19568,0.23418409999430878,0.11709204999715439,0.11709204999715439,9.366235900000902,ok,-0.7905692242676312,0.7905692242676312
Composite,TSP-x_central-n10-g1000-1,2584.8314448571987,2584,0.0024231999996118248,0.0012115999998059124,0.0012115999998059124,0.04906819999450818,ok,0.03217665856032027,0.03217665856032027
Composite,TSP-x_central-n10-g1000-2,2867.2597748548233,2866,0.002525100004277192,0.001262550002138596,0.001262550002138596,0.06476759999350179,ok,0.043955856762849375,0.043955856762849375
Composite,TSP-uniform_triangular-n800-g10000-3,195885.56084891627,190844,0.2261249000002863,0.11306245000014314,0.11306245000014314,266.0861375999957,ok,2.6417182876675556,2.6417182876675556
Composite,TSP-x_central-n10-g1000-3,2228.123663619884,2226,0.0023746000006212853,0.0011873000003106426,0.0011873000003106426,0.08083089999854565,ok,0.09540267834160626,0.09540267834160626
Composite,TSP-x_central-n10-g1000-5,3056.896214140367,3056,0.002308800001628697,0.0011544000008143485,0.0011544000008143485,0.0849168999993708,ok,0.02932637893871702,0.02932637893871702
Composite,TSP-x_central-n10-g1000-4,2785.3891292143007,2785,0.002319599996553734,0.001159799998276867,0.001159799998276867,0.042448699998203665,ok,0.013972323673276039,0.013972323673276039
Composite,TSP-x_central-n10-g10000-1,24762.84491857813,24763,0.002318899998499546,0.001159449999249773,0.001159449999249773,0.04182450000371318,ok,-0.0006262626574798199,0.0006262626574798199
Composite,TSP-x_central-n10-g10000-2,25768.484644679287,25768,0.0023438999996869825,0.0011719499998434912,0.0011719499998434912,0.038138099989737384,ok,0.001880800525020015,0.001880800525020015
Composite,TSP-x_central-n10-g10000-3,29980.322411100897,29981,0.002306700000190176,0.001153350000095088,0.001153350000095088,0.04517219999979716,ok,-0.00226006103566687,0.00226006103566687
Composite,TSP-x_central-n10-g10000-5,27000.4284805835,27001,0.002326000001630746,0.001163000000815373,0.001163000000815373,0.037459200000739656,ok,-0.0021166601848029015,0.0021166601848029015
Composite,TSP-x_central-n10-g10000-4,25324.06082656667,25324,0.002302500004589092,0.001151250002294546,0.001151250002294546,0.039530499998363666,ok,0.00024019336072731294,0.00024019336072731294
Composite,TSP-uniform_triangular-n800-g1000-1,19717.531754292937,19768,0.28886860000056913,0.14443430000028457,0.14443430000028457,11.530591999995522,ok,-0.2553027403230627,0.2553027403230627
Composite,TSP-uniform_triangular-n800-g1000-3,19290.977962636454,19373,0.28567650000331923,0.14283825000165962,0.14283825000165962,4.906467000007979,ok,-0.42338325176041747,0.42338325176041747
Composite,TSP-x_central-n100-g1000-2,6958.648239627402,6490,0.022716600004059728,0.011358300002029864,0.011358300002029864,0.4620758999953978,ok,7.221082274690328,7.221082274690328
Composite,TSP-uniform_triangular-n800-g1000-2,19326.952219418286,19286,0.305349499998556,0.152674749999278,0.152674749999278,6.982036899993545,ok,0.2123416956252536,0.2123416956252536
Composite,TSP-x_central-n100-g1000-3,6840.527070477903,6900,0.02706390000093961,0.013531950000469806,0.013531950000469806,0.27918379999755416,ok,-0.8619265148129974,0.8619265148129974
Composite,TSP-x_central-n100-g1000-1,7034.483443048459,6810,0.037706299997807946,0.018853149998903973,0.018853149998903973,0.23730200000863988,ok,3.29637948676151,3.29637948676151
Composite,TSP-x_central-n100-g1000-4,6688.524996747423,6580,0.03275310000026366,0.01637655000013183,0.01637655000013183,0.3278513999975985,ok,1.6493160599912287,1.6493160599912287
Composite,TSP-uniform_triangular-n800-g10000-2,192007.23312802217,193723,0.3022631999992882,0.1511315999996441,0.1511315999996441,9.740613000001758,ok,-0.8856805190802487,0.8856805190802487
Composite,TSP-uniform_triangular-n800-g10000-1,194033.09995229953,188238,0.3052927000026102,0.1526463500013051,0.1526463500013051,6.105051599995932,ok,3.078602594746824,3.078602594746824
Composite,TSP-x_central-n100-g1000-5,6773.2346935596,6703,0.028257899997697677,0.014128949998848839,0.014128949998848839,0.25569359998917207,ok,1.0478098397672637,1.0478098397672637
Composite,TSP-x_central-n100-g10000-1,69516.73845197003,69189,0.0316856000063126,0.0158428000031563,0.0158428000031563,1.7534918000019388,ok,0.47368577659747657,0.47368577659747657
Composite,TSP-uniform_triangular-n800-g1000-5,19269.89874168095,18981,0.3151155000014114,0.1575577500007057,0.1575577500007057,12.430766299992683,ok,1.5220417347924267,1.5220417347924267
Composite,TSP-uniform_triangular-n800-g10000-5,195964.58012350718,192954,0.3026345999969635,0.15131729999848176,0.15131729999848176,7.735573900019517,ok,1.560257949307703,1.560257949307703
Composite,TSP-uniform_triangular-n800-g10000-4,194306.0784883688,189302,0.31217569999716943,0.15608784999858472,0.15608784999858472,10.015357299998868,ok,2.6434366717566657,2.6434366717566657
Composite,TSP-x_central-n100-g10000-3,71637.35702230773,69079,0.04265109999687411,0.021325549998437054,0.021325549998437054,0.8462066999927629,ok,3.703523534370396,3.703523534370396
Composite,TSP-x_central-n100-g10000-2,64784.89286364716,64732,0.05020879999938188,0.02510439999969094,0.02510439999969094,0.9099490999942645,ok,0.0817105352023126,0.0817105352023126
Composite,TSP-x_central-n100-g10000-4,71287.98719580266,68331,0.05213750000257278,0.02606875000128639,0.02606875000128639,0.2717040999996243,ok,4.327446101773226,4.327446101773226
Composite,TSP-x_central-n100-g10000-5,73815.57012061118,67007,0.051610400005301926,0.025805200002650963,0.025805200002650963,0.13793409999925643,ok,10.160983360859587,10.160983360859587
Composite,TSP-uniform_triangular-n900-g10000-1,205109.47046111815,203686,0.2643557999981567,0.13217789999907836,0.13217789999907836,4.311926099995617,ok,0.6988553268845927,0.6988553268845927
Composite,TSP-x_central-n20-g1000-1,2715.610425079415,3805,0.007067299993650522,0.003533649996825261,0.003533649996825261,0.1573733999975957,ok,-28.630475030764384,28.630475030764384
Composite,TSP-uniform_triangular-n900-g1000-2,20646.1233953188,20243,0.3159123999939766,0.1579561999969883,0.1579561999969883,9.895417499996256,ok,1.991421208905787,1.991421208905787
Composite,TSP-uniform_triangular-n900-g10000-2,204055.92065777435,205376,0.2873552000019117,0.14367760000095586,0.14367760000095586,11.75389239998185,ok,-0.6427622225701415,0.6427622225701415
Composite,TSP-x_central-n20-g1000-2,2605.2518587112427,3445,0.015980199998011813,0.007990099999005906,0.007990099999005906,0.1566205999988597,ok,-24.37585315787394,24.37585315787394
Composite,TSP-uniform_triangular-n900-g1000-1,20225.81417520686,20378,0.3226684000037494,0.1613342000018747,0.1613342000018747,8.067698500002734,ok,-0.7468143330706711,0.7468143330706711
Composite,TSP-uniform_triangular-n900-g10000-4,206258.45430384227,208033,0.2920197999992524,0.1460098999996262,0.1460098999996262,20.23329139998532,ok,-0.8530116357297781,0.8530116357297781
Composite,TSP-uniform_triangular-n900-g1000-3,20706.477145407465,20533,0.3226464999970631,0.16132324999853154,0.16132324999853154,228.70328859999427,ok,0.844869943054913,0.844869943054913
Composite,TSP-x_central-n20-g1000-3,2586.2986278533936,3474,0.009868100001767743,0.004934050000883872,0.004934050000883872,0.15289179999672342,ok,-25.552716526960463,25.552716526960463
Composite,TSP-x_central-n20-g1000-5,2202.900601879259,2980,0.007341700002143625,0.0036708500010718126,0.0036708500010718126,0.15349910000804812,ok,-26.077161010763128,26.077161010763128
Composite,TSP-x_central-n20-g1000-4,2619.869654650781,3496,0.013331800000742078,0.006665900000371039,0.006665900000371039,0.14981360000092536,ok,-25.06093665186554,25.06093665186554
Composite,TSP-uniform_triangular-n900-g1000-4,20402.161078051202,20728,0.3154718000005232,0.1577359000002616,0.1577359000002616,7.775877199994284,ok,-1.5719747295870228,1.5719747295870228
Composite,TSP-x_central-n20-g10000-3,22685.16148376465,30141,0.0054245999999693595,0.0027122999999846797,0.0027122999999846797,0.0960930000001099,ok,-24.73653334738513,24.73653334738513
Composite,TSP-x_central-n20-g10000-2,28839.465927124023,36505,0.009809899995161686,0.004904949997580843,0.004904949997580843,0.04671260000031907,ok,-20.99858669463355,20.99858669463355
Composite,TSP-x_central-n20-g10000-1,24570.187472632766,34795,0.01138859999628039,0.005694299998140195,0.005694299998140195,0.04291269999521319,ok,-29.385867300954832,29.385867300954832
Composite,TSP-x_central-n20-g10000-4,25801.232896309433,34516,0.011994399996183347,0.0059971999980916735,0.0059971999980916735,0.04313229999388568,ok,-25.248485061103736,25.248485061103736
Composite,TSP-x_central-n20-g10000-5,25498.38005065918,33005,0.011130999999295454,0.005565499999647727,0.005565499999647727,0.043387300000176765,ok,-22.743887136315166,22.743887136315166
Composite,TSP-uniform_triangular-n900-g10000-5,206796.3398075613,206129,0.31193110000458546,0.15596555000229273,0.15596555000229273,21.222674599994207,ok,0.32374862710307994,0.32374862710307994
Composite,TSP-uniform_triangular-n900-g1000-5,20300.18671023975,20530,0.33612600000196835,0.16806300000098418,0.16806300000098418,54.39791149999655,ok,-1.1194022881648895,1.1194022881648895
Composite,TSP-x_central-n200-g1000-5,9181.502942034362,8834,0.044734999995853286,0.022367499997926643,0.022367499997926643,1.6524760999891441,ok,3.9336986872805264,3.9336986872805264
Composite,TSP-x_central-n200-g1000-4,9491.934786170264,9379,0.04562199999782024,0.02281099999891012,0.02281099999891012,1.0917949000140652,ok,1.2041239595933946,1.2041239595933946
Composite,TSP-uniform_triangular-n900-g10000-3,204523.79419260667,200020,0.35830990000249585,0.17915495000124793,0.17915495000124793,10.554437599988887,ok,2.251671929110424,2.251671929110424
Composite,TSP-x_central-n200-g1000-1,9444.748148786271,9948,0.058571599998686,0.029285799999343,0.029285799999343,2.292908699993859,ok,-5.058824399012148,5.058824399012148
Composite,TSP-x_central-n200-g1000-2,9299.6917749963,9044,0.05568009999842616,0.02784004999921308,0.02784004999921308,0.9782071000081487,ok,2.8271978659475843,2.8271978659475843
Composite,TSP-x_central-n30-g1000-1,3320.566840171814,4052,0.01381260000198381,0.006906300000991905,0.006906300000991905,0.05937370000174269,ok,-18.051163865453752,18.051163865453752
Composite,TSP-x_central-n200-g1000-3,9158.991868217408,9515,0.0623833999998169,0.03119169999990845,0.03119169999990845,4.1945337999932235,ok,-3.741546314057715,3.741546314057715
Composite,TSP-x_central-n200-g10000-1,95905.9069379266,97936,0.05931060000148136,0.02965530000074068,0.02965530000074068,2.209428999994998,ok,-2.0728772484820697,2.0728772484820697
Composite,TSP-x_central-n30-g1000-3,3263.794440585988,4075,0.010136700002476573,0.0050683500012382865,0.0050683500012382865,0.11194909999903757,ok,-19.906884893595386,19.906884893595386
Composite,TSP-x_central-n30-g1000-2,3418.225560725916,4135,0.014871300001686905,0.007435650000843452,0.007435650000843452,0.0892628000001423,ok,-17.33432743105403,17.33432743105403
Composite,TSP-x_central-n30-g1000-4,3359.725264196464,4113,0.013379100004385691,0.006689550002192846,0.006689550002192846,0.041284200007794425,ok,-18.314484215986766,18.314484215986766
Composite,TSP-x_central-n30-g1000-5,3340.2967896880064,3999,0.011708000005455688,0.005854000002727844,0.005854000002727844,0.0853732000105083,ok,-16.471698182345428,16.471698182345428
Composite,TSP-x_central-n200-g10000-2,88589.82209711312,86972,0.06742269999813288,0.03371134999906644,0.03371134999906644,0.5911682000005385,ok,1.8601643024342585,1.8601643024342585
Composite,TSP-x_central-n30-g10000-2,32487.72119140625,41479,0.010201700002653524,0.005100850001326762,0.005100850001326762,0.04394670001056511,ok,-21.67670100193773,21.67670100193773
Composite,TSP-x_central-n30-g10000-5,31333.303817749023,38927,0.010624700000334997,0.005312350000167498,0.005312350000167498,0.08007479998923372,ok,-19.507529946440712,19.507529946440712
Composite,TSP-x_central-n30-g10000-3,31706.621780395508,39394,0.014037200002348982,0.007018600001174491,0.007018600001174491,0.11240490000636782,ok,-19.514083920405373,19.514083920405373
Composite,TSP-x_central-n30-g10000-1,27511.286651611328,33895,0.01674500000081025,0.008372500000405125,0.008372500000405125,0.04129709998960607,ok,-18.833790672337138,18.833790672337138
Composite,TSP-x_central-n30-g10000-4,35077.919649913114,43091,0.011919399999896996,0.005959699999948498,0.005959699999948498,0.15278280001075473,ok,-18.595716855229366,18.595716855229366
Composite,TSP-x_central-n200-g10000-4,92021.60019888163,88932,0.06235250000463566,0.03117625000231783,0.03117625000231783,0.9584848999948008,ok,3.474115277832083,3.474115277832083
Composite,TSP-x_central-n200-g10000-3,92055.04603977298,93922,0.06396630000381265,0.031983150001906324,0.031983150001906324,1.2030369999993127,ok,-1.9877706610027719,1.9877706610027719
Composite,TSP-x_central-n200-g10000-5,93819.03527358278,95591,0.07261809999909019,0.036309049999545095,0.036309049999545095,3.163755500005209,ok,-1.8536940992533015,1.8536940992533015
Composite,TSP-x_central-n300-g10000-1,113200.7686225804,116585,0.06506660000013653,0.032533300000068266,0.032533300000068266,12.376237200005562,ok,-2.9028017132732287,2.9028017132732287
Composite,TSP-x_central-n300-g1000-1,11070.937905186209,11206,0.08151519999955781,0.040757599999778904,0.040757599999778904,1.9687450000055833,ok,-1.2052658826859823,1.2052658826859823
Composite,TSP-x_central-n300-g1000-3,11329.904651634544,11509,0.07735069999762345,0.038675349998811726,0.038675349998811726,3.657017799996538,ok,-1.5561330121249086,1.5561330121249086
Composite,TSP-x_central-n300-g1000-4,11334.394699356024,11792,0.07864839999820106,0.03932419999910053,0.03932419999910053,3.291563699996914,ok,-3.8806419661124156,3.8806419661124156
Composite,TSP-x_central-n40-g1000-1,4081.045339968671,4717,0.015144899996812455,0.007572449998406228,0.007572449998406228,0.05089489999227226,ok,-13.482184863924715,13.482184863924715
Composite,TSP-x_central-n300-g1000-2,11358.46119278259,11186,0.09019789999729255,0.045098949998646276,0.045098949998646276,2.1282528000010643,ok,1.5417592775128726,1.5417592775128726
Composite,TSP-x_central-n300-g1000-5,11219.805863617825,11492,0.08921310000005178,0.04460655000002589,0.04460655000002589,4.994395500005339,ok,-2.3685532229566237,2.3685532229566237
Composite,TSP-x_central-n300-g10000-2,113745.01058334981,116819,0.08702009999979055,0.04351004999989527,0.04351004999989527,4.107512700007646,ok,-2.6314121989147234,2.6314121989147234
Composite,TSP-x_central-n40-g1000-4,3853.483910063724,4375,0.015093299996806309,0.007546649998403154,0.007546649998403154,0.0459506000042893,ok,-11.920367769972021,11.920367769972021
Composite,TSP-x_central-n40-g1000-2,4024.7362227505046,4499,0.021991000001435168,0.010995500000717584,0.010995500000717584,0.08917520000250079,ok,-10.541537613902987,10.541537613902987
Composite,TSP-x_central-n300-g10000-4,116154.00006145517,116500,0.0893768000023556,0.0446884000011778,0.0446884000011778,1.442820299998857,ok,-0.29699565540328915,0.29699565540328915
Composite,TSP-x_central-n40-g1000-5,4102.875669147191,4705,0.013697100002900697,0.006848550001450349,0.006848550001450349,0.05754219999653287,ok,-12.797541569666507,12.797541569666507
Composite,TSP-x_central-n40-g1000-3,3903.3172176701196,4447,0.021159099997021258,0.010579549998510629,0.010579549998510629,0.06892550000338815,ok,-12.22583274859187,12.22583274859187
Composite,TSP-x_central-n40-g10000-1,39021.75169789076,46078,0.017908399997395463,0.008954199998697732,0.008954199998697732,0.06236860000353772,ok,-15.313703507333742,15.313703507333742
Composite,TSP-x_central-n40-g10000-2,38694.153687075785,44257,0.021174800000153482,0.010587400000076741,0.010587400000076741,0.22632510001130868,ok,-12.569415714856893,12.569415714856893
Composite,TSP-x_central-n40-g10000-3,41270.537155389684,48733,0.02150380000239238,0.01075190000119619,0.01075190000119619,0.07521370000904426,ok,-15.312955994111416,15.312955994111416
Composite,TSP-x_central-n300-g10000-3,110676.42283259874,109706,0.10582750000321539,0.052913750001607696,0.052913750001607696,5.164604899997357,ok,0.8845667808494841,0.8845667808494841
Composite,TSP-x_central-n40-g10000-4,33874.35161030954,40391,0.018671100006031338,0.009335550003015669,0.009335550003015669,0.15554780000820756,ok,-16.133911984576912,16.133911984576912
Composite,TSP-x_central-n40-g10000-5,38583.77640381408,45193,0.017559599997184705,0.008779799998592352,0.008779799998592352,0.33258060000662226,ok,-14.62444094480543,14.62444094480543
Composite,TSP-x_central-n1000-g10000-5,192293.7771363214,202450,0.3031598000015947,0.15157990000079735,0.15157990000079735,11.06599180001649,ok,-5.016657378947191,5.016657378947191
Composite,TSP-x_central-n1000-g1000-4,19719.99411122381,20537,0.346831499999098,0.173415749999549,0.173415749999549,13.117404799995711,ok,-3.97821438757458,3.97821438757458
Composite,TSP-x_central-n1000-g1000-5,19821.501881160635,20631,0.34022879999974975,0.17011439999987488,0.17011439999987488,34.49818020001112,ok,-3.923697924673379,3.923697924673379
Composite,TSP-x_central-n5-g1000-1,3193.717748387909,3194,0.0001331999956164509,6.659999780822545e-05,6.659999780822545e-05,0.04010319999360945,ok,-0.00883693212557706,0.00883693212557706
Composite,TSP-x_central-n5-g1000-2,1771.745690342782,1771,0.00012309999874560162,6.154999937280081e-05,6.154999937280081e-05,0.09395529999164864,ok,0.04210560941738718,0.04210560941738718
Composite,TSP-x_central-n5-g1000-3,2433.7426750806108,2433,0.00012520000018412247,6.260000009206124e-05,6.260000009206124e-05,0.07705939999141265,ok,0.03052507524088582,0.03052507524088582
Composite,TSP-x_central-n5-g1000-4,1996.6528778885845,1997,0.00012380000407574698,6.190000203787349e-05,6.190000203787349e-05,0.5113809000031324,ok,-0.017382178839033622,0.017382178839033622
Composite,TSP-x_central-n1000-g1000-1,19520.478872718963,20232,0.36147319999872707,0.18073659999936353,0.18073659999936353,18.986079299997073,ok,-3.516810633061672,3.516810633061672
Composite,TSP-x_central-n5-g10000-1,22620.269686585118,22620,0.00010690000635804608,5.345000317902304e-05,5.345000317902304e-05,0.12842429999727756,ok,0.0011922483869036124,0.0011922483869036124
Composite,TSP-x_central-n5-g1000-5,1997.8575200011926,1998,0.0001038999980664812,5.19499990332406e-05,5.19499990332406e-05,0.3705061999935424,ok,-0.0071311310714415824,0.0071311310714415824
Composite,TSP-x_central-n5-g10000-2,19553.47634319011,19552,0.00011930000619031489,5.9650003095157444e-05,5.9650003095157444e-05,0.05195789999561384,ok,0.007550855104891108,0.007550855104891108
Composite,TSP-x_central-n5-g10000-5,27690.745017801415,27691,0.00012120000610593706,6.060000305296853e-05,6.060000305296853e-05,0.05157570001028944,ok,-0.0009208125332595865,0.0009208125332595865
Composite,TSP-x_central-n5-g10000-3,24690.08072799534,24690,0.0001190999973914586,5.95499986957293e-05,5.95499986957293e-05,0.03991770000720862,ok,0.0003269663642793311,0.0003269663642793311
Composite,TSP-x_central-n5-g10000-4,25453.368950804466,25453,0.00011350000568199903,5.6750002840999514e-05,5.6750002840999514e-05,0.05011949999607168,ok,0.0014495375966145222,0.0014495375966145222
Composite,TSP-x_central-n1000-g1000-3,19916.905464118237,20853,0.3604163999989396,0.1802081999994698,0.1802081999994698,11.459918099993956,ok,-4.489016140995361,4.489016140995361
Composite,TSP-x_central-n1000-g10000-1,196850.274031454,204166,0.3529359999956796,0.1764679999978398,0.1764679999978398,16.461308400001144,ok,-3.5832244196124727,3.5832244196124727
Composite,TSP-x_central-n50-g1000-3,4461.316561195809,4968,0.019424300000537187,0.009712150000268593,0.009712150000268593,0.07986359999631532,ok,-10.198942004915272,10.198942004915272
Composite,TSP-x_central-n300-g10000-5,107606.49328712252,111197,0.12845609999931185,0.06422804999965592,0.06422804999965592,2.8557293000048958,ok,-3.2289600554668585,3.2289600554668585
Composite,TSP-x_central-n50-g1000-2,4216.680203193028,4461,0.020522400001937058,0.010261200000968529,0.010261200000968529,0.12091260000306647,ok,-5.476794369131847,5.476794369131847
Composite,TSP-x_central-n50-g1000-1,4781.396782029285,5215,0.025926100002834573,0.012963050001417287,0.012963050001417287,0.10983929999929387,ok,-8.314539174893872,8.314539174893872
Composite,TSP-x_central-n1000-g10000-3,196044.20131784363,204355,0.35040090000256896,0.17520045000128448,0.17520045000128448,6.575648700003512,ok,-4.0668438169637975,4.0668438169637975
Composite,TSP-x_central-n50-g1000-4,4325.977730871947,4697,0.02342470000439789,0.011712350002198946,0.011712350002198946,0.08677539999189321,ok,-7.899132832191894,7.899132832191894
Composite,TSP-x_central-n1000-g1000-2,19832.045118345908,20370,0.39264160000311676,0.19632080000155838,0.19632080000155838,9.945615799995721,ok,-2.6409174357098273,2.6409174357098273
Composite,TSP-x_central-n1000-g10000-4,199375.7382188955,205450,0.3498464000003878,0.1749232000001939,0.1749232000001939,6.164587799998117,ok,-2.9565645077169584,2.9565645077169584
Composite,TSP-x_central-n50-g1000-5,4614.309280661624,5200,0.02508819999638945,0.012544099998194724,0.012544099998194724,0.24380630000086967,ok,-11.263283064199536,11.263283064199536
Composite,TSP-x_central-n50-g10000-3,46915.38964234231,50320,0.01997819999814965,0.009989099999074824,0.009989099999074824,0.1709599000023445,ok,-6.765918834772841,6.765918834772841
Composite,TSP-x_central-n50-g10000-1,41122.34306040453,46191,0.026024300001154188,0.013012150000577094,0.013012150000577094,0.11976030000369065,ok,-10.973256564255964,10.973256564255964
Composite,TSP-x_central-n50-g10000-4,43381.47746396843,48752,0.02282720000221161,0.011413600001105806,0.011413600001105806,0.6622628000041004,ok,-11.016004545519296,11.016004545519296
Composite,TSP-x_central-n50-g10000-5,46845.467577455136,51491,0.02538050000293879,0.012690250001469394,0.012690250001469394,0.0657400000054622,ok,-9.022027970994667,9.022027970994667
Composite,TSP-x_central-n50-g10000-2,45380.22627652709,47735,0.027946199996222276,0.013973099998111138,0.013973099998111138,0.049094999994849786,ok,-4.933012932801732,4.933012932801732
Composite,TSP-x_central-n1000-g10000-2,194729.89715830507,204313,0.3874978000021656,0.1937489000010828,0.1937489000010828,12.821099799999502,ok,-4.690402882682418,4.690402882682418
Composite,TSP-x_central-n400-g1000-1,12968.43874373882,12623,0.15834420000464888,0.07917210000232444,0.07917210000232444,3.0487341999978526,ok,2.7365819831959084,2.7365819831959084
Composite,TSP-x_central-n400-g1000-4,12833.371241104438,12831,0.1510450000059791,0.07552250000298955,0.07552250000298955,3.1404117999918526,ok,0.018480563513662326,0.018480563513662326
Composite,TSP-x_central-n400-g1000-5,13138.939334298735,13328,0.14924999999493593,0.07462499999746797,0.07462499999746797,2.6642310000024736,ok,-1.4185224017201752,1.4185224017201752
Composite,TSP-x_central-n400-g1000-2,12579.284832330055,12598,0.16234719999920344,0.08117359999960172,0.08117359999960172,7.321551200002432,ok,-0.14855665716736788,0.14855665716736788
Composite,TSP-x_central-n400-g10000-2,130396.0926093426,129522,0.14631070000177715,0.07315535000088857,0.07315535000088857,3.0588235000032,ok,0.6748603398207217,0.6748603398207217
Composite,TSP-x_central-n400-g10000-1,135129.09373505026,130233,0.15773799999442417,0.07886899999721209,0.07886899999721209,2.769838099993649,ok,3.7594877911514475,3.7594877911514475
Composite,TSP-x_central-n400-g10000-3,132193.92242105436,133125,0.15114700000412995,0.07557350000206497,0.07557350000206497,4.547308100009104,ok,-0.6994009982690241,0.6994009982690241
Composite,TSP-x_central-n400-g1000-3,12990.289416252519,13270,0.17350330000044778,0.08675165000022389,0.08675165000022389,2.1200391000020318,ok,-2.107841625828794,2.107841625828794
Composite,TSP-x_central-n400-g10000-5,128385.12905597499,127578,0.13884310000139521,0.06942155000069761,0.06942155000069761,7.2639613000064855,ok,0.6326553606225136,0.6326553606225136
Composite,TSP-x_central-n60-g1000-2,4755.752176823347,5063,0.0205363999994006,0.0102681999997003,0.0102681999997003,0.11042589999851771,ok,-6.068493446112042,6.068493446112042
Composite,TSP-x_central-n400-g10000-4,127742.25065215648,130012,0.16555150000203867,0.08277575000101933,0.08277575000101933,2.988038700001198,ok,-1.7457998860439965,1.7457998860439965
Composite,TSP-x_central-n60-g1000-4,5077.20612053519,5403,0.026189299998804927,0.013094649999402463,0.013094649999402463,0.1619697999994969,ok,-6.029870062276696,6.029870062276696
Composite,TSP-x_central-n60-g1000-3,5211.440547595262,5476,0.02756099999533035,0.013780499997665174,0.013780499997665174,0.10743940000247676,ok,-4.831253696215089,4.831253696215089
Composite,TSP-x_central-n60-g1000-5,4466.875110248774,4956,0.02810489999683341,0.014052449998416705,0.014052449998416705,0.359595600006287,ok,-9.869348057934342,9.869348057934342
Composite,TSP-x_central-n60-g1000-1,4877.5395218819085,5527,0.03352190000441624,0.01676095000220812,0.01676095000220812,0.078039500003797,ok,-11.750687138015044,11.750687138015044
Composite,TSP-x_central-n60-g10000-2,52491.01873788315,55329,0.030419299997447524,0.015209649998723762,0.015209649998723762,0.3702412999991793,ok,-5.1292834898820745,5.1292834898820745
Composite,TSP-x_central-n60-g10000-4,50574.00464351147,53840,0.02781949999916833,0.013909749999584164,0.013909749999584164,0.48202510000555776,ok,-6.066113217846451,6.066113217846451
Composite,TSP-x_central-n60-g10000-1,53398.552500579266,56573,0.03587409999454394,0.01793704999727197,0.01793704999727197,0.0961377000057837,ok,-5.611241227123776,5.611241227123776
Composite,TSP-x_central-n60-g10000-3,47298.24299872121,52806,0.03670050000073388,0.01835025000036694,0.01835025000036694,0.3188615999970352,ok,-10.430172710068536,10.430172710068536
Composite,TSP-x_central-n60-g10000-5,50831.643564076105,55469,0.033616599997913,0.0168082999989565,0.0168082999989565,0.3990036000031978,ok,-8.360266880462772,8.360266880462772
Composite,TSP-x_central-n500-g10000-1,143592.35484651904,142131,0.12740880000637844,0.06370440000318922,0.06370440000318922,3.234888899998623,ok,1.0281746040758453,1.0281746040758453
Composite,TSP-x_central-n500-g1000-4,14772.906002152955,14718,0.15261219999956666,0.07630609999978333,0.07630609999978333,3.219191600001068,ok,0.37305341862314784,0.37305341862314784
Composite,TSP-x_central-n500-g1000-1,14712.943829703614,14835,0.16390839999803575,0.08195419999901787,0.08195419999901787,34.36202130001038,ok,-0.8227581415327669,0.8227581415327669
Composite,TSP-x_central-n70-g1000-1,5566.185370510041,5971,0.01982760000100825,0.009913800000504125,0.009913800000504125,0.14814150000165682,ok,-6.779678939707902,6.779678939707902
Composite,TSP-x_central-n500-g1000-2,14420.613957107842,14587,0.17145809999783523,0.08572904999891762,0.08572904999891762,2.722562299997662,ok,-1.1406460745332008,1.1406460745332008
Composite,TSP-x_central-n500-g1000-5,14312.172113042865,14627,0.16967490000388352,0.08483745000194176,0.08483745000194176,4.044636899998295,ok,-2.15237497065109,2.15237497065109
Composite,TSP-x_central-n500-g1000-3,14432.805668184083,14482,0.18122199999925215,0.09061099999962607,0.09061099999962607,6.805361599996104,ok,-0.33969294169256586,0.33969294169256586
Composite,TSP-x_central-n500-g10000-5,145664.3253325655,148966,0.16329299999779323,0.08164649999889662,0.08164649999889662,8.994178900000406,ok,-2.2163947930631855,2.2163947930631855
Composite,TSP-x_central-n70-g1000-2,5288.517650427197,5592,0.026973800006089732,0.013486900003044866,0.013486900003044866,0.09300129998882767,ok,-5.4270806432904735,5.4270806432904735
Composite,TSP-x_central-n500-g10000-2,143755.29134194265,145334,0.16990870000154246,0.08495435000077123,0.08495435000077123,9.26238519999606,ok,-1.0862624424135798,1.0862624424135798
Composite,TSP-x_central-n70-g1000-3,5329.378001260559,5464,0.02636250000068685,0.013181250000343425,0.013181250000343425,0.11899080000875983,ok,-2.4637993912781964,2.4637993912781964
Composite,TSP-x_central-n70-g1000-4,5525.492074116114,5578,0.02597609999793349,0.012988049998966744,0.012988049998966744,0.16354340000543743,ok,-0.9413396537089629,0.9413396537089629
Composite,TSP-x_central-n500-g10000-3,142964.0183615671,143981,0.1801567000002251,0.09007835000011255,0.09007835000011255,4.404377200000454,ok,-0.7063304452899256,0.7063304452899256
Composite,TSP-x_central-n70-g1000-5,5519.526023477017,5978,0.033162400002765935,0.016581200001382967,0.016581200001382967,0.12128310000116471,ok,-7.6693539063730904,7.6693539063730904
Composite,TSP-x_central-n500-g10000-4,142842.60663579777,141453,0.18769199999951525,0.09384599999975762,0.09384599999975762,4.812480699998559,ok,0.9823804626255851,0.9823804626255851
Composite,TSP-x_central-n70-g10000-4,53425.75956045773,57792,0.025454000002355315,0.012727000001177657,0.012727000001177657,0.23373089999950025,ok,-7.55509489123455,7.55509489123455
Composite,TSP-x_central-n70-g10000-1,56037.82439466828,58258,0.03285979999782285,0.016429899998911424,0.016429899998911424,0.1016933000064455,ok,-3.810936876191634,3.810936876191634
Composite,TSP-x_central-n70-g10000-2,55570.670060078264,60053,0.03426939999917522,0.01713469999958761,0.01713469999958761,0.10480070000630803,ok,-7.463956738084251,7.463956738084251
Composite,TSP-x_central-n70-g10000-3,52347.83072376085,55476,0.034611700000823475,0.017305850000411738,0.017305850000411738,0.1777909000084037,ok,-5.638779429373327,5.638779429373327
Composite,TSP-x_central-n70-g10000-5,55090.52763307174,57610,0.03794529999868246,0.01897264999934123,0.01897264999934123,0.23308540000289213,ok,-4.3733247125989605,4.3733247125989605
Composite,TSP-x_central-n600-g1000-5,15775.144247143373,15701,0.17055729999992764,0.08527864999996382,0.08527864999996382,4.6193940000084694,ok,0.4722262731251062,0.4722262731251062
Composite,TSP-x_central-n8-g1000-1,2600.587600515947,2600,0.00045840000530006364,0.00022920000265003182,0.00022920000265003182,0.04496189999917988,ok,0.022600019844118763,0.022600019844118763
Composite,TSP-x_central-n8-g1000-2,2072.226395627733,2072,0.0004528999998001382,0.0002264499999000691,0.0002264499999000691,0.04534500000590924,ok,0.010926429909890303,0.010926429909890303
Composite,TSP-x_central-n8-g1000-3,2332.640222394508,2333,0.00043710000318242237,0.00021855000159121118,0.00021855000159121118,0.1241810999927111,ok,-0.015421243270129743,0.015421243270129743
Composite,TSP-x_central-n8-g1000-4,2439.3105597092635,2439,0.00044799999886890873,0.00022399999943445437,0.00022399999943445437,0.18239109999558423,ok,0.012733075410559389,0.012733075410559389
Composite,TSP-x_central-n8-g1000-5,2200.1572861981194,2200,0.0004907999973511323,0.00024539999867556617,0.00024539999867556617,0.05690150000737049,ok,0.007149372641792566,0.007149372641792566
Composite,TSP-x_central-n8-g10000-1,26996.926636921933,26996,0.00044039999920642003,0.00022019999960321002,0.00022019999960321002,0.35898610000731423,ok,0.003432497117843738,0.003432497117843738
Composite,TSP-x_central-n600-g1000-3,15782.600562820488,16132,0.18481969999993453,0.09240984999996726,0.09240984999996726,6.350640000004205,ok,-2.165877988963008,2.165877988963008
Composite,TSP-x_central-n8-g10000-2,22822.746711469154,22823,0.000428999999712687,0.0002144999998563435,0.0002144999998563435,0.3277360999927623,ok,-0.0011097950788523667,0.0011097950788523667
Composite,TSP-x_central-n8-g10000-3,21559.241633824684,21558,0.00044579999666893855,0.00022289999833446927,0.00022289999833446927,0.1509970000042813,ok,0.005759503779033114,0.005759503779033114
Composite,TSP-x_central-n8-g10000-4,26932.288866110248,26932,0.0004350000017439015,0.00021750000087195076,0.00021750000087195076,0.09991430000809487,ok,0.0010725757843751266,0.0010725757843751266
Composite,TSP-x_central-n8-g10000-5,21684.028335551437,21685,0.0004394999996293336,0.0002197499998146668,0.0002197499998146668,0.09031200000026729,ok,-0.004480813689478385,0.004480813689478385
Composite,TSP-x_central-n600-g10000-2,156507.4733390092,156991,0.1858998000025167,0.09294990000125836,0.09294990000125836,3.4218985000043176,ok,-0.3079964208080807,0.3079964208080807
Composite,TSP-x_central-n600-g10000-1,154258.67200326332,156797,0.18934230000013486,0.09467115000006743,0.09467115000006743,2.8907073000009404,ok,-1.6188626037084148,1.6188626037084148
Composite,TSP-x_central-n600-g1000-4,15611.343466841936,15724,0.2063380999970832,0.1031690499985416,0.1031690499985416,7.601117099999101,ok,-0.7164623070342414,0.7164623070342414
Composite,TSP-x_central-n600-g10000-3,159138.48577041063,161999,0.19556140000349842,0.09778070000174921,0.09778070000174921,3.0855990999989444,ok,-1.7657604241935905,1.7657604241935905
Composite,TSP-x_central-n600-g10000-5,158196.53151403766,160421,0.19107699999585748,0.09553849999792874,0.09553849999792874,5.2878381999908015,ok,-1.3866441961852485,1.3866441961852485
Composite,TSP-x_central-n600-g1000-2,15621.989132598252,15650,0.22038590000011027,0.11019295000005513,0.11019295000005513,6.251740799998515,ok,-0.17898317828593183,0.17898317828593183
Composite,TSP-x_central-n80-g1000-2,5685.275296764441,6101,0.029580099995655473,0.014790049997827737,0.014790049997827737,1.0620810999971582,ok,-6.8140420133676285,6.8140420133676285
Composite,TSP-x_central-n80-g1000-1,6214.535275149704,6851,0.03511739999521524,0.01755869999760762,0.01755869999760762,0.28639449999900535,ok,-9.290099618308219,9.290099618308219
Composite,TSP-x_central-n600-g10000-4,158485.23381042224,162037,0.21186589999706484,0.10593294999853242,0.10593294999853242,15.665911400006735,ok,-2.191947635156018,2.191947635156018
Composite,TSP-x_central-n80-g1000-4,5703.981033348552,6031,0.029168799999752082,0.014584399999876041,0.014584399999876041,0.5198122000001604,ok,-5.422300889594561,5.422300889594561
Composite,TSP-x_central-n80-g1000-3,5883.972744464408,5795,0.03811429999768734,0.01905714999884367,0.01905714999884367,0.32104640000034124,ok,1.5353364014565607,1.5353364014565607
Composite,TSP-x_central-n80-g10000-1,56595.34519578797,61185,0.0335553000040818,0.0167776500020409,0.0167776500020409,0.26307790000282694,ok,-7.501274502266939,7.501274502266939
Composite,TSP-x_central-n600-g1000-1,16253.457589420676,16298,0.2523245999982464,0.1261622999991232,0.1261622999991232,21.87597039999673,ok,-0.27329985629724196,0.27329985629724196
Composite,TSP-x_central-n80-g1000-5,5982.920130157179,6130,0.045368400002189446,0.022684200001094723,0.022684200001094723,0.14223260000289883,ok,-2.3993453481699953,2.3993453481699953
Composite,TSP-x_central-n80-g10000-4,59078.0498438762,60170,0.036646500004280824,0.018323250002140412,0.018323250002140412,0.12610520000453107,ok,-1.814775064191124,1.814775064191124
Composite,TSP-x_central-n80-g10000-2,58517.74112631759,57087,0.04689120000693947,0.023445600003469735,0.023445600003469735,0.30637550000392366,ok,2.5062468273294956,2.5062468273294956
Composite,TSP-x_central-n80-g10000-3,60801.90122568472,59717,0.04548969999450492,0.02274484999725246,0.02274484999725246,0.784185399999842,ok,1.8167376554159116,1.8167376554159116
Composite,TSP-x_central-n80-g10000-5,59674.88156770553,63473,0.04998310000519268,0.02499155000259634,0.02499155000259634,0.1284099999902537,ok,-5.983833176775114,5.983833176775114
Composite,TSP-x_central-n700-g1000-4,16941.57200980723,17316,0.20909969999775058,0.10454984999887529,0.10454984999887529,5.883497699993313,ok,-2.162323805687049,2.162323805687049
Composite,TSP-x_central-n700-g1000-5,17040.441863630884,16871,0.2145537999967928,0.1072768999983964,0.1072768999983964,14.183969100005925,ok,1.0043379979306724,1.0043379979306724
Composite,TSP-x_central-n700-g1000-1,16862.807170388518,17327,0.24830010000005132,0.12415005000002566,0.12415005000002566,8.638238400002592,ok,-2.6790144261065505,2.6790144261065505
Composite,TSP-x_central-n700-g1000-2,16832.61758142384,17151,0.24750050000147894,0.12375025000073947,0.12375025000073947,35.42752479999035,ok,-1.8563490092481993,1.8563490092481993
Composite,TSP-x_central-n90-g1000-1,6468.360490436507,6468,0.026240300001518335,0.013120150000759168,0.013120150000759168,0.27796249999664724,ok,0.0055734452150054455,0.0055734452150054455
Composite,TSP-x_central-n700-g10000-5,169807.7278903787,175955,0.2263773000013316,0.1131886500006658,0.1131886500006658,13.73669359998894,ok,-3.493661509829952,3.493661509829952
Composite,TSP-x_central-n90-g1000-2,6298.796374165464,6505,0.03220069999952102,0.01610034999976051,0.01610034999976051,0.16731819999404252,ok,-3.169925070477111,3.169925070477111
Composite,TSP-x_central-n700-g10000-3,168244.5610579368,171146,0.2436697000011918,0.1218348500005959,0.1218348500005959,12.027795600006357,ok,-1.695300469811268,1.695300469811268
Composite,TSP-x_central-n700-g10000-1,165485.1410674613,166165,0.24961869999970077,0.12480934999985038,0.12480934999985038,21.0085878999962,ok,-0.4091468916671294,0.4091468916671294
Composite,TSP-x_central-n700-g10000-2,168975.41408282577,170458,0.2531955000013113,0.12659775000065565,0.12659775000065565,8.67217740000342,ok,-0.8697661108157049,0.8697661108157049
Composite,TSP-x_central-n90-g1000-5,6384.1195874513505,6358,0.029625899995153304,0.014812949997576652,0.014812949997576652,0.4880025000020396,ok,0.4108145242426946,0.4108145242426946
Composite,TSP-x_central-n700-g1000-3,16758.572297360915,16485,0.27359230000001844,0.13679615000000922,0.13679615000000922,5.921363300003577,ok,1.6595225802906608,1.6595225802906608
Composite,TSP-x_central-n90-g1000-3,5994.8313455909665,6321,0.036090299996430986,0.018045149998215493,0.018045149998215493,0.24123660000623204,ok,-5.160079962174236,5.160079962174236
Composite,TSP-x_central-n90-g1000-4,5977.017420861344,6411,0.038737000002583954,0.019368500001291977,0.019368500001291977,0.28609989999677055,ok,-6.769342990776098,6.769342990776098
Composite,TSP-x_central-n90-g10000-1,59733.39620263358,56607,0.027457199998025317,0.013728599999012658,0.013728599999012658,2.241472399997292,ok,5.522985147832564,5.522985147832564
Composite,TSP-x_central-n90-g10000-2,65923.53352051938,66229,0.037510499998461455,0.018755249999230728,0.018755249999230728,0.3025821999908658,ok,-0.4612276789331197,0.4612276789331197
Composite,TSP-x_central-n700-g10000-4,170879.4174034786,174109,0.27851229999942007,0.13925614999971003,0.13925614999971003,5.048605400006636,ok,-1.8549199619326904,1.8549199619326904
Composite,TSP-x_central-n90-g10000-3,63405.255552779534,63393,0.04491190000408096,0.02245595000204048,0.02245595000204048,0.12946379999630153,ok,0.019332659409609737,0.019332659409609737
Composite,TSP-x_central-n90-g10000-4,62977.280135281806,62059,0.04345469999680063,0.021727349998400314,0.021727349998400314,0.33624499999859836,ok,1.4796889013387358,1.4796889013387358
Composite,TSP-x_central-n90-g10000-5,63863.829329738124,64957,0.04270209999958752,0.02135104999979376,0.02135104999979376,0.33589760000177193,ok,-1.682914343737974,1.682914343737974
Composite,TSP-x_central-n800-g10000-3,182921.0288351896,184203,0.22351229999912903,0.11175614999956451,0.11175614999956451,9.309764700010419,ok,-0.6959556385131692,0.6959556385131692
Composite,TSP-x_central-n800-g1000-1,18082.793325508195,18210,0.25838649999786867,0.12919324999893433,0.12919324999893433,11.28831769998942,ok,-0.6985539510807509,0.6985539510807509
Composite,TSP-x_central-n800-g1000-4,17722.73753058944,18059,0.24384020000434248,0.12192010000217124,0.12192010000217124,5.706710700003896,ok,-1.8620215372421596,1.8620215372421596
Composite,TSP-x_central-n800-g10000-2,179833.9031599295,188775,0.24500100000295788,0.12250050000147894,0.12250050000147894,20.29143589999876,ok,-4.736377613598465,4.736377613598465
Composite,TSP-x_central-n800-g1000-5,17510.809154473973,17689,0.2569684000045527,0.12848420000227634,0.12848420000227634,23.95051059999969,ok,-1.0073539800216362,1.0073539800216362
Composite,TSP-x_central-n800-g10000-4,179450.7766182611,183943,0.24785549999796785,0.12392774999898393,0.12392774999898393,145.07107299999916,ok,-2.4421822965477924,2.4421822965477924
Composite,TSP-x_central-n800-g10000-1,181829.29324592018,182836,0.2597144000028493,0.12985720000142464,0.12985720000142464,5.395537000003969,ok,-0.5506064200047125,0.5506064200047125
Composite,TSP-x_central-n800-g1000-2,18090.261635798317,18051,0.28077879999909783,0.14038939999954891,0.14038939999954891,4.485592400000314,ok,0.21750393772265805,0.21750393772265805
Composite,TSP-x_central-n800-g1000-3,18046.790648065627,18388,0.27173880000191275,0.13586940000095638,0.13586940000095638,6.0403096999943955,ok,-1.8556088314899528,1.8556088314899528
Composite,TSP-x_central-n800-g10000-5,179701.21533791366,177635,0.2575412999940454,0.1287706499970227,0.1287706499970227,6.23708340000303,ok,1.1631803067602995,1.1631803067602995
Composite,TSP-x_central-n900-g1000-1,18851.477739383667,19316,0.18736200000421377,0.09368100000210688,0.09368100000210688,21.42157120000047,ok,-2.4048574270880794,2.4048574270880794
Composite,TSP-x_central-n900-g1000-2,19049.201420891844,19713,0.19676949999848148,0.09838474999924074,0.09838474999924074,39.72508390000439,ok,-3.3673138492779158,3.3673138492779158
Composite,TSP-x_central-n900-g1000-5,19038.070765837037,19388,0.19166260000201873,0.09583130000100937,0.09583130000100937,14.305989399988903,ok,-1.8048753567307743,1.8048753567307743
Composite,TSP-x_central-n900-g1000-4,18842.604636600674,19080,0.19712499999877764,0.09856249999938882,0.09856249999938882,84.29449190000014,ok,-1.2442104999964676,1.2442104999964676
Composite,TSP-x_central-n900-g10000-1,191627.5588603806,197008,0.1873046000036993,0.09365230000184965,0.09365230000184965,6.854846999995061,ok,-2.7310774890458203,2.7310774890458203
Composite,TSP-x_central-n900-g10000-2,188047.14009686516,191391,0.18788610000046901,0.09394305000023451,0.09394305000023451,5.857476100005442,ok,-1.7471353946292365,1.7471353946292365
Composite,TSP-x_central-n900-g10000-4,190605.94921062796,192236,0.18264479999925243,0.09132239999962621,0.09132239999962621,12.522487899987027,ok,-0.847942523446199,0.847942523446199
Composite,TSP-x_central-n900-g1000-3,19126.80733408108,19246,0.21835780000401428,0.10917890000200714,0.10917890000200714,17.623551000011503,ok,-0.6193113681747863,0.6193113681747863
Composite,TSP-x_central-n900-g10000-3,189161.08200864587,190497,0.18363220000173897,0.09181610000086948,0.09181610000086948,5.917373200005386,ok,-0.701280330584802,0.701280330584802
Composite,TSP-x_central-n900-g10000-5,192566.90547821485,195816,0.17880029999651015,0.08940014999825507,0.08940014999825507,11.512427000008756,ok,-1.659258958300218,1.659258958300218
