model,instance,pred_cost,true_cost,prediction_time_s,feature_time_s,inference_time_s,optimal_solve_time_s,status,gap_pct,abs_gap_pct
Hilbert,TSP-boundary-n40-g1000-4,6938.6987,4900,0.0003973000275436789,0.00019865001377183944,0.00019865001377183944,0.0523647999943932,ok,41.606094,41.606094
Hilbert,TSP-boundary-n5-g1000-2,2500.916,2348,0.00021979998564347625,0.00010989999282173812,0.00010989999282173812,0.0416970999940531,ok,6.512607,6.512607
Hilbert,TSP-boundary-n30-g10000-1,57741.48,43457,0.0002665999927558005,0.00013329999637790024,0.00013329999637790024,0.049530299991602,ok,32.87038,32.87038
Hilbert,TSP-boundary-n40-g10000-5,58606.543,47067,0.00040759998955763876,0.00020379999477881938,0.00020379999477881938,0.0867538000020431,ok,24.51727,24.51727
Hilbert,TSP-boundary-n1000-g1000-4,28623.65,20565,0.03368749999208376,0.01684374999604188,0.01684374999604188,14.6575100000191,ok,39.18624,39.18624
Hilbert,TSP-boundary-n40-g10000-4,64392.19,49599,0.0003380000125616789,0.00016900000628083944,0.00016900000628083944,0.046747399988817,ok,29.825583,29.825583
Hilbert,TSP-boundary-n100-g10000-2,95580.09,70034,0.0007094999891705811,0.00035474999458529055,0.00035474999458529055,0.3339735999907134,ok,36.4767,36.4767
Hilbert,TSP-boundary-n300-g1000-4,15506.995,11542,0.01909490002435632,0.00954745001217816,0.00954745001217816,2.966981300007319,ok,34.352757,34.352757
Hilbert,TSP-boundary-n200-g1000-5,12782.423,9490,0.006755499984137714,0.003377749992068857,0.003377749992068857,1.582245999990846,ok,34.693604,34.693604
Hilbert,TSP-boundary-n10-g10000-4,36746.383,33497,0.00030780001543462276,0.00015390000771731138,0.00015390000771731138,0.0499473000090802,ok,9.700519,9.700519
Hilbert,TSP-boundary-n30-g10000-5,55282.4,43579,0.00029990001348778605,0.00014995000674389303,0.00014995000674389303,0.0486658000008901,ok,26.85559,26.85559
Hilbert,TSP-boundary-n300-g10000-5,156924.98,115441,0.06620400000247173,0.033102000001235865,0.033102000001235865,2.499435200006701,ok,35.935226,35.935226
Hilbert,TSP-boundary-n100-g1000-4,10084.772,7168,0.0007305000035557896,0.0003652500017778948,0.0003652500017778948,0.3713453000091249,ok,40.69158,40.69158
Hilbert,TSP-boundary-n20-g1000-4,5931.965,4313,0.006416700023692101,0.0032083500118460506,0.0032083500118460506,0.1820376999967266,ok,37.53686,37.53686
Hilbert,TSP-boundary-n40-g1000-3,6085.92,4794,0.0003573999856598675,0.00017869999282993376,0.00017869999282993376,0.0959274000051664,ok,26.948685,26.948685
Hilbert,TSP-boundary-n20-g10000-3,40369.195,39825,0.00020450001466087997,0.00010225000733043998,0.00010225000733043998,0.0527591000136453,ok,1.3664665,1.3664665
Hilbert,TSP-boundary-n40-g1000-2,6769.579,4944,0.0003691999881993979,0.00018459999409969896,0.00018459999409969896,0.0494325000036042,ok,36.925144,36.925144
Hilbert,TSP-boundary-n1000-g10000-1,289239.7,207156,0.044510999985504895,0.022255499992752448,0.022255499992752448,95.81789179999032,ok,39.624096,39.624096
Hilbert,TSP-boundary-n200-g10000-2,129656.234,95920,0.001269300002604723,0.0006346500013023615,0.0006346500013023615,3.1889790999994148,ok,35.17122,35.17122
Hilbert,TSP-boundary-n400-g10000-3,186264.62,129635,0.007924699981231242,0.003962349990615621,0.003962349990615621,3.854709000006551,ok,43.683903,43.683903
Hilbert,TSP-boundary-n30-g10000-4,57690.906,44131,0.00029090000316500664,0.00014545000158250332,0.00014545000158250332,0.0445185999997193,ok,30.726486,30.726486
Hilbert,TSP-boundary-n30-g1000-3,6431.3887,4735,0.00033400001120753586,0.00016700000560376793,0.00016700000560376793,0.0412899999937508,ok,35.82658,35.82658
Hilbert,TSP-boundary-n20-g1000-2,5096.039,4345,0.00025290000485256314,0.00012645000242628157,0.00012645000242628157,0.1955378999991808,ok,17.285133,17.285133
Hilbert,TSP-boundary-n300-g1000-3,15677.515,11257,0.052679100015666336,0.026339550007833168,0.026339550007833168,3.45801780000329,ok,39.26903,39.26903
Hilbert,TSP-boundary-n1000-g1000-3,28570.996,20395,0.03905669998493977,0.019528349992469884,0.019528349992469884,24.521400800003903,ok,40.088238,40.088238
Hilbert,TSP-boundary-n10-g10000-3,31280.453,31281,0.0009159999899566174,0.0004579999949783087,0.0004579999949783087,0.0424796999868704,ok,-0.0017482657,0.0017482657
Hilbert,TSP-boundary-n300-g1000-2,15544.244,11159,0.03603450002265163,0.018017250011325814,0.018017250011325814,6.341344900007243,ok,39.297825,39.297825
Hilbert,TSP-boundary-n30-g1000-2,5239.9043,4612,0.0003220000071451068,0.0001610000035725534,0.0001610000035725534,0.0521414999966509,ok,13.614577,13.614577
Hilbert,TSP-boundary-n30-g1000-1,5818.943,4564,0.0003166000242345035,0.00015830001211725175,0.00015830001211725175,0.0474511999927926,ok,27.49656,27.49656
Hilbert,TSP-boundary-n10-g10000-1,34974.812,31722,0.00021919998107478023,0.00010959999053739011,0.00010959999053739011,0.0441271999879973,ok,10.254122,10.254122
Hilbert,TSP-boundary-n10-g1000-4,4105.52,3550,0.00019799999427050352,9.899999713525176e-05,9.899999713525176e-05,0.3243078000086825,ok,15.648452,15.648452
Hilbert,TSP-boundary-n30-g10000-2,61713.758,47104,0.0009515999990981072,0.0004757999995490536,0.0004757999995490536,0.0460742000141181,ok,31.015959,31.015959
Hilbert,TSP-boundary-n100-g1000-3,10301.509,7047,0.0006966000073589385,0.00034830000367946923,0.00034830000367946923,0.3462584999942919,ok,46.1829,46.1829
Hilbert,TSP-boundary-n100-g10000-1,90422.81,70551,0.0006948000227566808,0.0003474000113783404,0.0003474000113783404,0.2148888000083388,ok,28.166592,28.166592
Hilbert,TSP-boundary-n300-g10000-4,161229.05,120861,0.03717039999901317,0.018585199999506585,0.018585199999506585,8.038870899996255,ok,33.40039,33.40039
Hilbert,TSP-boundary-n20-g10000-5,48340.348,41629,0.0035351999977137893,0.0017675999988568947,0.0017675999988568947,0.0458705999917583,ok,16.121809,16.121809
Hilbert,TSP-boundary-n1000-g10000-5,285308.12,206702,0.02377110000816174,0.01188555000408087,0.01188555000408087,9.355593499989482,ok,38.02872,38.02872
Hilbert,TSP-boundary-n5-g10000-1,22867.43,19819,0.00013349999790079892,6.674999895039946e-05,6.674999895039946e-05,0.1104254999954719,ok,15.38135,15.38135
Hilbert,TSP-boundary-n30-g1000-5,5422.7744,4111,0.0002933000214397907,0.00014665001071989536,0.00014665001071989536,0.051777899992885,ok,31.908888,31.908888
Hilbert,TSP-boundary-n200-g10000-3,134609.42,96954,0.0012584000069182366,0.0006292000034591183,0.0006292000034591183,8.438265499993577,ok,38.83844,38.83844
Hilbert,TSP-boundary-n100-g1000-1,9023.747,6956,0.0007015999872237444,0.0003507999936118722,0.0003507999936118722,0.2130082000076072,ok,29.726093,29.726093
Hilbert,TSP-boundary-n1000-g1000-1,28505.154,20552,0.04915079998318106,0.02457539999159053,0.02457539999159053,10.352445600001374,ok,38.697712,38.697712
Hilbert,TSP-boundary-n30-g1000-4,5167.174,4117,0.0002838000073097646,0.0001419000036548823,0.0001419000036548823,0.0544446999992942,ok,25.50823,25.50823
Hilbert,TSP-boundary-n100-g10000-4,99833.26,71295,0.0007110000005923212,0.0003555000002961606,0.0003555000002961606,0.5164423000096576,ok,40.028416,40.028416
Hilbert,TSP-boundary-n10-g10000-5,28721.303,27743,0.000155699992319569,7.78499961597845e-05,7.78499961597845e-05,0.0500725000019883,ok,3.5263047,3.5263047
Hilbert,TSP-boundary-n300-g10000-2,159865.34,116741,0.05370849999599159,0.026854249997995794,0.026854249997995794,6.775888300006045,ok,36.940186,36.940186
Hilbert,TSP-boundary-n300-g1000-1,16752.95,11846,0.06261260001338087,0.031306300006690435,0.031306300006690435,2.233340600010706,ok,41.422836,41.422836
Hilbert,TSP-boundary-n40-g1000-5,6244.493,4972,0.0003831000067293644,0.0001915500033646822,0.0001915500033646822,0.0470935000048484,ok,25.593185,25.593185
Hilbert,TSP-boundary-n100-g1000-5,9321.358,7017,0.0006742000114172697,0.00033710000570863485,0.00033710000570863485,0.1406589000107487,ok,32.839653,32.839653
Hilbert,TSP-boundary-n200-g1000-3,12360.38,9384,0.0012463000020943582,0.0006231500010471791,0.0006231500010471791,1.5555985999963011,ok,31.717604,31.717604
Hilbert,TSP-boundary-n200-g10000-4,129106.58,97285,0.001264399994397536,0.000632199997198768,0.000632199997198768,2.866724899999099,ok,32.70965,32.70965
Hilbert,TSP-boundary-n200-g1000-1,13018.865,9326,0.0017004999972414225,0.0008502499986207113,0.0008502499986207113,1.4348636000067927,ok,39.597527,39.597527
Hilbert,TSP-boundary-n20-g1000-5,4731.5737,3865,0.0002623999898787588,0.0001311999949393794,0.0001311999949393794,0.1778774999984307,ok,22.421055,22.421055
Hilbert,TSP-boundary-n1000-g1000-2,28194.777,20615,0.06120789999840781,0.030603949999203905,0.030603949999203905,12.61317229999986,ok,36.768265,36.768265
Hilbert,TSP-boundary-n200-g10000-5,135230.05,100841,0.0020207000197842717,0.0010103500098921359,0.0010103500098921359,1.5299895999924047,ok,34.102245,34.102245
Hilbert,TSP-boundary-n100-g10000-5,93070.51,69815,0.0007096999906934798,0.0003548499953467399,0.0003548499953467399,4.705000100002508,ok,33.31019,33.31019
Hilbert,TSP-boundary-n300-g10000-1,159685.53,119041,0.016326900018611923,0.008163450009305961,0.008163450009305961,11.337956400006078,ok,34.143303,34.143303
Hilbert,TSP-boundary-n30-g10000-3,58305.05,42582,0.0003175000019837171,0.00015875000099185854,0.00015875000099185854,0.0533030000078724,ok,36.92417,36.92417
Hilbert,TSP-boundary-n20-g1000-3,4320.1465,3809,0.0002564000023994595,0.00012820000119972974,0.00012820000119972974,0.1841885000030743,ok,13.41944,13.41944
Hilbert,TSP-boundary-n300-g10000-3,162692.94,115554,0.061275599990040064,0.030637799995020032,0.030637799995020032,1.9706148999975996,ok,40.79386,40.79386
Hilbert,TSP-boundary-n10-g1000-2,3366.9973,3247,0.00021399999968707561,0.00010699999984353781,0.00010699999984353781,0.0730119000072591,ok,3.6956363,3.6956363
Hilbert,TSP-boundary-n10-g1000-3,3064.8733,2942,0.00017929999739862978,8.964999869931489e-05,8.964999869931489e-05,0.1574338000064017,ok,4.1765223,4.1765223
Hilbert,TSP-boundary-n40-g1000-1,6450.5254,5030,0.00032500000088475645,0.00016250000044237822,0.00016250000044237822,0.1847581000038189,ok,28.241062,28.241062
Hilbert,TSP-boundary-n200-g1000-4,12948.815,9477,0.0012584999785758555,0.0006292499892879277,0.0006292499892879277,1.0148306000046432,ok,36.634117,36.634117
Hilbert,TSP-boundary-n20-g1000-1,4742.5977,4099,0.0002556999970693141,0.00012784999853465706,0.00012784999853465706,0.0424805000075139,ok,15.701333,15.701333
Hilbert,TSP-boundary-n1000-g10000-3,285748.53,203317,0.06728879999718629,0.033644399998593144,0.033644399998593144,14.201905299996724,ok,40.543354,40.543354
Hilbert,TSP-boundary-n10-g10000-2,36008.05,36007,0.0004083000239916146,0.0002041500119958073,0.0002041500119958073,0.0417942000058246,ok,0.0029182693,0.0029182693
Hilbert,TSP-boundary-n10-g1000-5,3373.0776,3006,0.00022590000298805535,0.00011295000149402767,0.00011295000149402767,0.1571512999944389,ok,12.211498,12.211498
Hilbert,TSP-boundary-n400-g10000-2,184453.72,133755,0.014844399993307889,0.007422199996653944,0.007422199996653944,1.8698617999907583,ok,37.904167,37.904167
Hilbert,TSP-boundary-n20-g10000-4,47247.574,40020,0.00019690001499839127,9.845000749919564e-05,9.845000749919564e-05,0.0419974999967962,ok,18.059904,18.059904
Hilbert,TSP-boundary-n1000-g10000-2,278432.4,202565,0.01858789997640997,0.009293949988204986,0.009293949988204986,6.294937500002561,ok,37.45336,37.45336
Hilbert,TSP-boundary-n200-g10000-1,130627.23,92227,0.0012440999853424728,0.0006220499926712364,0.0006220499926712364,1.2857908999867504,ok,41.636642,41.636642
Hilbert,TSP-boundary-n20-g10000-2,41317.375,37802,0.0028082000208087265,0.0014041000104043633,0.0014041000104043633,0.0496548999944934,ok,9.299442,9.299442
Hilbert,TSP-boundary-n1000-g10000-4,286866.44,208514,0.02528520001214929,0.012642600006074645,0.012642600006074645,16.147434299986344,ok,37.576584,37.576584
Hilbert,TSP-boundary-n20-g10000-1,45382.785,37631,0.00024049999774433672,0.00012024999887216836,0.00012024999887216836,0.0444615999876987,ok,20.599466,20.599466
Hilbert,TSP-boundary-n400-g10000-5,185286.4,135996,0.012890300014987588,0.006445150007493794,0.006445150007493794,3.306738500003121,ok,36.24401,36.24401
Hilbert,TSP-boundary-n40-g10000-1,63351.67,44362,0.0004817000008188188,0.0002408500004094094,0.0002408500004094094,0.0461278000002494,ok,42.806168,42.806168
Hilbert,TSP-boundary-n10-g1000-1,3718.2334,3399,0.000382099999114871,0.0001910499995574355,0.0001910499995574355,0.0762508000043453,ok,9.39198,9.39198
Hilbert,TSP-boundary-n200-g1000-2,13552.029,9755,0.001219500001752749,0.0006097500008763745,0.0006097500008763745,1.633126100001391,ok,38.923927,38.923927
Hilbert,TSP-boundary-n100-g1000-2,9314.693,6834,0.0006850000063423067,0.00034250000317115337,0.00034250000317115337,0.0672060000069905,ok,36.29929,36.29929
Hilbert,TSP-boundary-n1000-g1000-5,28134.277,20398,0.033999000006588176,0.016999500003294088,0.016999500003294088,10.911729599989483,ok,37.926647,37.926647
Hilbert,TSP-boundary-n300-g1000-5,16262.6875,11645,0.004784999997355044,0.002392499998677522,0.002392499998677522,1.4859470999945188,ok,39.653824,39.653824
Hilbert,TSP-boundary-n100-g10000-3,94370.766,71693,0.0007218000246211886,0.0003609000123105943,0.0003609000123105943,0.6195137000031536,ok,31.631771,31.631771
Hilbert,TSP-boundary-n400-g10000-1,182883.7,134933,0.014695699996082112,0.007347849998041056,0.007347849998041056,15.880199499995795,ok,35.53668,35.53668
Hilbert,TSP-boundary-n5-g1000-1,2758.6902,2756,0.0024982999893836677,0.0012491499946918339,0.0012491499946918339,0.043626899991068,ok,0.09761196,0.09761196
Hilbert,TSP-boundary-n40-g10000-3,69446.84,49175,0.0009706999990157783,0.00048534999950788915,0.00048534999950788915,0.0481084000057308,ok,41.22388,41.22388
Hilbert,TSP-boundary-n5-g1000-4,2220.2124,2219,0.014554199995473027,0.007277099997736514,0.007277099997736514,0.0393573000037577,ok,0.05463733,0.05463733
Hilbert,TSP-boundary-n400-g1000-5,18173.748,13342,0.015147499972954392,0.007573749986477196,0.007573749986477196,3.0199887000053423,ok,36.214573,36.214573
Hilbert,TSP-boundary-n5-g1000-5,1681.2616,1674,0.0001970999874174595,9.854999370872974e-05,9.854999370872974e-05,0.0708211000019218,ok,0.43378714,0.43378714
Hilbert,TSP-boundary-n5-g10000-4,25809.191,25809,0.00018809997709468007,9.404998854734004e-05,9.404998854734004e-05,0.1602507999923546,ok,0.000741626,0.000741626
Hilbert,TSP-boundary-n40-g10000-2,64451.27,49833,0.00042929998016916215,0.00021464999008458108,0.00021464999008458108,0.0654733999981544,ok,29.334515,29.334515
Hilbert,TSP-boundary-n50-g1000-1,6540.274,5448,0.0004189999890513718,0.0002094999945256859,0.0002094999945256859,0.0564357999974163,ok,20.04908,20.04908
Hilbert,TSP-boundary-n5-g10000-2,27546.004,27529,0.00016559998039156199,8.279999019578099e-05,8.279999019578099e-05,0.121178699992015,ok,0.06176725,0.06176725
Hilbert,TSP-boundary-n5-g1000-3,3331.5464,3301,0.0012999000027775764,0.0006499500013887882,0.0006499500013887882,0.0877431000117212,ok,0.9253677,0.9253677
Hilbert,TSP-boundary-n50-g1000-2,7151.238,5332,0.00038720000884495676,0.00019360000442247838,0.00019360000442247838,0.0971315000060712,ok,34.11924,34.11924
Hilbert,TSP-boundary-n400-g1000-4,18775.676,13726,0.014097000006586313,0.007048500003293157,0.007048500003293157,2.392791099991882,ok,36.789127,36.789127
Hilbert,TSP-boundary-n400-g1000-3,18932.486,13531,0.01287509998655878,0.00643754999327939,0.00643754999327939,2.497820899996441,ok,39.919342,39.919342
Hilbert,TSP-boundary-n50-g1000-5,7595.172,5766,0.004739199997857213,0.0023695999989286065,0.0023695999989286065,0.073073799998383,ok,31.72341,31.72341
Hilbert,TSP-boundary-n50-g10000-2,68232.086,57427,0.0005081999988760799,0.00025409999943803996,0.00025409999943803996,0.0564381000003777,ok,18.815342,18.815342
Hilbert,TSP-boundary-n400-g1000-1,18708.186,13501,0.012025199976051226,0.006012599988025613,0.006012599988025613,1.7832259999995586,ok,38.568886,38.568886
Hilbert,TSP-boundary-n50-g10000-5,68643.09,52923,0.0005247000080998987,0.00026235000404994935,0.00026235000404994935,0.0954625000013038,ok,29.703709,29.703709
Hilbert,TSP-boundary-n50-g10000-4,75489.17,55788,0.00355740002123639,0.001778700010618195,0.001778700010618195,0.0942776000010781,ok,35.314354,35.314354
Hilbert,TSP-boundary-n5-g10000-5,30706.705,29308,0.00018390000332146883,9.195000166073442e-05,9.195000166073442e-05,0.1188267999968957,ok,4.772434,4.772434
Hilbert,TSP-boundary-n50-g1000-4,6767.2715,5612,0.00040859999717213213,0.00020429999858606607,0.00020429999858606607,0.1185041999997338,ok,20.585735,20.585735
Hilbert,TSP-boundary-n400-g1000-2,18585.508,13231,0.018029099999694154,0.009014549999847077,0.009014549999847077,9.881466000006183,ok,40.46941,40.46941
Hilbert,TSP-boundary-n50-g1000-3,7012.1978,5570,0.01581320000695996,0.00790660000347998,0.00790660000347998,0.1257521999941673,ok,25.89224,25.89224
Hilbert,TSP-boundary-n5-g10000-3,22809.43,22805,0.00014630000805482268,7.315000402741134e-05,7.315000402741134e-05,0.0829517999954987,ok,0.019424194,0.019424194
Hilbert,TSP-boundary-n500-g1000-2,20360.258,14989,0.004042399988975376,0.002021199994487688,0.002021199994487688,11.302185699998518,ok,35.834663,35.834663
Hilbert,TSP-boundary-n60-g1000-2,7571.6885,5873,0.00047199998516589403,0.00023599999258294702,0.00023599999258294702,0.2882640000025276,ok,28.923693,28.923693
Hilbert,TSP-boundary-n50-g10000-3,70723.34,52169,0.000461499992525205,0.0002307499962626025,0.0002307499962626025,0.1873816000006627,ok,35.56584,35.56584
Hilbert,TSP-boundary-n500-g10000-1,200941.75,147140,0.011882599996170029,0.0059412999980850145,0.0059412999980850145,5.54722939999192,ok,36.565006,36.565006
Hilbert,TSP-boundary-n60-g1000-3,7139.0396,5606,0.0004833000130020082,0.0002416500065010041,0.0002416500065010041,0.0819953000027453,ok,27.346405,27.346405
Hilbert,TSP-boundary-n50-g10000-1,63067.887,50920,0.0003966999938711524,0.0001983499969355762,0.0001983499969355762,0.0685344000085024,ok,23.856808,23.856808
Hilbert,TSP-boundary-n400-g10000-4,178203.58,127600,0.035045199998421595,0.017522599999210797,0.017522599999210797,3.810321799988742,ok,39.657978,39.657978
Hilbert,TSP-boundary-n60-g10000-2,74417.06,56792,0.0004850999976042658,0.0002425499988021329,0.0002425499988021329,0.1013657000003149,ok,31.03441,31.03441
Hilbert,TSP-boundary-n500-g1000-4,20216.904,14408,0.02558119999594055,0.012790599997970276,0.012790599997970276,13.337091900000814,ok,40.317215,40.317215
Hilbert,TSP-boundary-n500-g1000-5,19313.16,14524,0.013924599974416196,0.006962299987208098,0.006962299987208098,8.848964500008151,ok,32.974113,32.974113
Hilbert,TSP-boundary-n60-g1000-1,8078.9185,5869,0.026284799998393282,0.013142399999196641,0.013142399999196641,0.196824500002549,ok,37.65409,37.65409
Hilbert,TSP-boundary-n60-g10000-3,80896.21,59668,0.00048639997839927673,0.00024319998919963837,0.00024319998919963837,0.2281517000083113,ok,35.57721,35.57721
Hilbert,TSP-boundary-n60-g10000-1,73622.734,55252,0.00047160001122392714,0.00023580000561196357,0.00023580000561196357,0.0560228999966057,ok,33.248993,33.248993
Hilbert,TSP-boundary-n500-g10000-4,203489.64,147812,0.036052399984328076,0.018026199992164038,0.018026199992164038,4.768104300004779,ok,37.667877,37.667877
Hilbert,TSP-boundary-n500-g10000-3,199215.0,143473,0.031155699980445206,0.015577849990222603,0.015577849990222603,2.475389700004598,ok,38.85191,38.85191
Hilbert,TSP-boundary-n60-g1000-5,7498.8325,5905,0.00048499999684281647,0.00024249999842140824,0.00024249999842140824,0.1470638000027975,ok,26.991236,26.991236
Hilbert,TSP-boundary-n500-g1000-3,19874.154,14577,0.021562599984463304,0.010781299992231652,0.010781299992231652,22.919459199998528,ok,36.339127,36.339127
Hilbert,TSP-boundary-n60-g10000-5,78775.234,57474,0.0004864000075031072,0.0002432000037515536,0.0002432000037515536,0.1076526999968336,ok,37.06238,37.06238
Hilbert,TSP-boundary-n500-g10000-5,201163.33,146350,0.012502800003858283,0.006251400001929142,0.006251400001929142,9.7054894999892,ok,37.45359,37.45359
Hilbert,TSP-boundary-n500-g10000-2,206612.39,145249,0.024870900000678375,0.012435450000339188,0.012435450000339188,2.270085500000277,ok,42.24703,42.24703
Hilbert,TSP-boundary-n70-g1000-1,7825.7266,5786,0.0005175999831408262,0.0002587999915704131,0.0002587999915704131,0.1643213999923318,ok,35.252792,35.252792
Hilbert,TSP-boundary-n70-g1000-3,8397.55,6138,0.0005051000043749809,0.00025255000218749046,0.00025255000218749046,0.1557941000064602,ok,36.812477,36.812477
Hilbert,TSP-boundary-n60-g10000-4,83128.14,61590,0.0004965000262018293,0.00024825001310091466,0.00024825001310091466,0.2693680999946082,ok,34.970192,34.970192
Hilbert,TSP-boundary-n500-g1000-1,20385.309,14788,0.05019079998601228,0.02509539999300614,0.02509539999300614,3.4455307999887737,ok,37.85034,37.85034
Hilbert,TSP-boundary-n70-g1000-4,8286.076,6457,0.004888499999651685,0.0024442499998258427,0.0024442499998258427,0.365405800010194,ok,28.327026,28.327026
Hilbert,TSP-boundary-n70-g1000-2,8194.442,6063,0.0004983000108040869,0.00024915000540204346,0.00024915000540204346,0.0693994000030215,ok,35.15491,35.15491
Hilbert,TSP-boundary-n60-g1000-4,7937.141,6019,0.0004842999915126711,0.00024214999575633556,0.00024214999575633556,0.149754899990512,ok,31.868103,31.868103
Hilbert,TSP-boundary-n600-g1000-1,22639.46,15758,0.020174599980236962,0.010087299990118481,0.010087299990118481,3.878137199993944,ok,43.669636,43.669636
Hilbert,TSP-boundary-n70-g10000-3,80899.37,60617,0.000525100011145696,0.000262550005572848,0.000262550005572848,0.2116127999906893,ok,33.459866,33.459866
Hilbert,TSP-boundary-n70-g10000-5,74828.94,58924,0.0005065000150352716,0.0002532500075176358,0.0002532500075176358,0.0920874000003095,ok,26.99229,26.99229
Hilbert,TSP-boundary-n70-g10000-4,78666.33,59062,0.0005095000087749213,0.00025475000438746065,0.00025475000438746065,0.0569497999968007,ok,33.192795,33.192795
Hilbert,TSP-boundary-n600-g10000-3,222626.58,165575,0.03078050000476651,0.015390250002383254,0.015390250002383254,3.822116900002584,ok,34.45664,34.45664
Hilbert,TSP-boundary-n600-g1000-4,22790.266,16025,0.03889970001182519,0.019449850005912594,0.019449850005912594,4.481437099995674,ok,42.216946,42.216946
Hilbert,TSP-boundary-n70-g1000-5,7851.9023,6053,0.000598999991780147,0.0002994999958900735,0.0002994999958900735,0.096704800002044,ok,29.719185,29.719185
Hilbert,TSP-boundary-n600-g1000-3,22677.03,16513,0.044515600020531565,0.022257800010265782,0.022257800010265782,5.026221600011922,ok,37.328346,37.328346
Hilbert,TSP-boundary-n600-g1000-5,22068.77,15884,0.042556799977319315,0.021278399988659658,0.021278399988659658,4.457909999997355,ok,38.937103,38.937103
Hilbert,TSP-boundary-n600-g10000-2,219711.23,162343,0.033622899994952604,0.016811449997476302,0.016811449997476302,4.045419300004141,ok,35.337673,35.337673
Hilbert,TSP-boundary-n600-g1000-2,22442.97,16239,0.03299209999386221,0.016496049996931106,0.016496049996931106,28.217762400003267,ok,38.204144,38.204144
Hilbert,TSP-boundary-n70-g10000-2,76406.03,56270,0.0005348000267986208,0.0002674000133993104,0.0002674000133993104,0.1955602999951224,ok,35.784664,35.784664
Hilbert,TSP-boundary-n600-g10000-1,219990.67,156725,0.05134029997861944,0.02567014998930972,0.02567014998930972,4.938473899994278,ok,40.367313,40.367313
Hilbert,TSP-boundary-n70-g10000-1,81752.234,58320,0.0005051000043749809,0.00025255000218749046,0.00025255000218749046,0.282718799993745,ok,40.178726,40.178726
Hilbert,TSP-boundary-n8-g1000-3,3508.8994,3478,0.00018199998885393143,9.099999442696571e-05,9.099999442696571e-05,0.0506058000028133,ok,0.8884248,0.8884248
Hilbert,TSP-boundary-n8-g1000-1,4303.7466,3320,0.00019500000053085387,9.750000026542693e-05,9.750000026542693e-05,0.0422594999981811,ok,29.63092,29.63092
Hilbert,TSP-boundary-n600-g10000-5,213946.62,157015,0.04982079999172129,0.024910399995860644,0.024910399995860644,30.00891010000487,ok,36.258717,36.258717
Hilbert,TSP-boundary-n700-g1000-1,24012.06,17144,0.03469520001090132,0.01734760000545066,0.01734760000545066,24.911428599996725,ok,40.061016,40.061016
Hilbert,TSP-boundary-n8-g10000-2,29005.816,29005,0.00015619999612681568,7.809999806340784e-05,7.809999806340784e-05,0.3940565999946557,ok,0.0028147087,0.0028147087
Hilbert,TSP-boundary-n8-g10000-1,33498.54,33402,0.00018780000391416252,9.390000195708126e-05,9.390000195708126e-05,0.4420339000062085,ok,0.2890218,0.2890218
Hilbert,TSP-boundary-n700-g10000-1,237899.28,175616,0.04206879998673685,0.021034399993368424,0.021034399993368424,10.379001500026789,ok,35.465607,35.465607
Hilbert,TSP-boundary-n700-g1000-4,24178.416,17464,0.034206499985884875,0.017103249992942438,0.017103249992942438,8.795029400003841,ok,38.44718,38.44718
Hilbert,TSP-boundary-n8-g10000-4,26763.81,25701,0.00020569999469444156,0.00010284999734722078,0.00010284999734722078,0.2653704999975161,ok,4.1352887,4.1352887
Hilbert,TSP-boundary-n80-g1000-4,9624.754,6664,0.0005725999944843352,0.0002862999972421676,0.0002862999972421676,0.0862742000026628,ok,44.42908,44.42908
Hilbert,TSP-boundary-n80-g1000-1,7624.37,5681,0.0005762999935541302,0.0002881499967770651,0.0002881499967770651,0.1822433000052115,ok,34.20824,34.20824
Hilbert,TSP-boundary-n700-g1000-3,24625.646,17579,0.05720660000224598,0.02860330000112299,0.02860330000112299,4.697206400000141,ok,40.085594,40.085594
Hilbert,TSP-boundary-n8-g1000-5,3202.9429,2807,0.00018370000179857016,9.185000089928508e-05,9.185000089928508e-05,0.1326214000000618,ok,14.105553,14.105553
Hilbert,TSP-boundary-n80-g1000-3,9185.275,6742,0.0005589999782387167,0.00027949998911935836,0.00027949998911935836,0.341940300000715,ok,36.239624,36.239624
Hilbert,TSP-boundary-n700-g10000-2,239250.89,175350,0.03863470000214875,0.019317350001074374,0.019317350001074374,6.62368739998783,ok,36.44191,36.44191
Hilbert,TSP-boundary-n8-g1000-4,2991.1023,2637,0.0001637000241316855,8.185001206584275e-05,8.185001206584275e-05,0.0490490000083809,ok,13.428225,13.428225
Hilbert,TSP-boundary-n8-g10000-3,38055.31,34166,0.00017430001753382385,8.715000876691192e-05,8.715000876691192e-05,0.4614666999987094,ok,11.383564,11.383564
Hilbert,TSP-boundary-n700-g10000-4,239342.72,173365,0.029591099999379367,0.014795549999689683,0.014795549999689683,12.89531399999396,ok,38.057117,38.057117
Hilbert,TSP-boundary-n700-g1000-5,24213.414,17318,0.0400800000061281,0.02004000000306405,0.02004000000306405,12.508719899997232,ok,39.816456,39.816456
Hilbert,TSP-boundary-n600-g10000-4,226408.66,164626,0.04765159997623414,0.02382579998811707,0.02382579998811707,9.074188800004777,ok,37.5291,37.5291
Hilbert,TSP-boundary-n80-g10000-3,93836.61,69194,0.0005767999973613769,0.00028839999868068844,0.00028839999868068844,0.2268553000030806,ok,35.613796,35.613796
Hilbert,TSP-boundary-n80-g10000-1,84534.6,63622,0.0005457999941427261,0.00027289999707136303,0.00027289999707136303,0.3424070999899413,ok,32.87008,32.87008
Hilbert,TSP-boundary-n8-g1000-2,3355.6377,3121,0.00018350000027567148,9.175000013783574e-05,9.175000013783574e-05,0.0510159000114072,ok,7.518029,7.518029
Hilbert,TSP-boundary-n80-g10000-5,84864.06,67313,0.0006314000056590885,0.00031570000282954425,0.00031570000282954425,0.1099745999963488,ok,26.073807,26.073807
Hilbert,TSP-boundary-n80-g10000-4,89090.81,63042,0.002421100012725219,0.0012105500063626096,0.0012105500063626096,0.1149660000082803,ok,41.319775,41.319775
Hilbert,TSP-boundary-n80-g10000-2,85613.48,61027,0.0005955999949947,0.00029779999749735,0.00029779999749735,0.1185906000027898,ok,40.28787,40.28787
Hilbert,TSP-boundary-n80-g1000-2,8167.077,6217,0.01641770001151599,0.008208850005757995,0.008208850005757995,0.1033079999906476,ok,31.366852,31.366852
Hilbert,TSP-boundary-n80-g1000-5,8965.006,6794,0.0032940999954007566,0.0016470499977003783,0.0016470499977003783,0.1019769999984419,ok,31.954754,31.954754
Hilbert,TSP-boundary-n700-g10000-3,241956.42,171652,0.04510449999361299,0.022552249996806495,0.022552249996806495,8.618686699992395,ok,40.95753,40.95753
Hilbert,TSP-boundary-n8-g10000-5,39560.977,31031,0.00016799999866634607,8.399999933317304e-05,8.399999933317304e-05,0.3634891999972751,ok,27.488565,27.488565
Hilbert,TSP-boundary-n800-g1000-1,25656.666,18611,0.017987500003073364,0.008993750001536682,0.008993750001536682,16.465018899994902,ok,37.857536,37.857536
Hilbert,TSP-boundary-n700-g1000-2,24116.84,17373,0.06848319998243824,0.03424159999121912,0.03424159999121912,6.92876479998813,ok,38.817936,38.817936
Hilbert,TSP-boundary-n90-g1000-1,8389.568,6593,0.0006380999984685332,0.0003190499992342666,0.0003190499992342666,0.1682462000026134,ok,27.249634,27.249634
Hilbert,TSP-boundary-n90-g1000-4,8385.118,6519,0.000641900027403608,0.000320950013701804,0.000320950013701804,0.0901991999999154,ok,28.625834,28.625834
Hilbert,TSP-boundary-n800-g10000-3,250361.4,183429,0.019687899999553338,0.009843949999776669,0.009843949999776669,5.994047500003944,ok,36.489544,36.489544
Hilbert,TSP-boundary-n90-g10000-2,86016.28,64465,0.0006547000084538013,0.00032735000422690064,0.00032735000422690064,0.1919266000040806,ok,33.430977,33.430977
Hilbert,TSP-boundary-n800-g1000-5,25101.182,18162,0.026324400008888915,0.013162200004444458,0.013162200004444458,5.016360900001018,ok,38.20714,38.20714
Hilbert,TSP-boundary-n90-g10000-1,90614.76,67541,0.0006403999868780375,0.0003201999934390187,0.0003201999934390187,0.1478282000025501,ok,34.162594,34.162594
Hilbert,TSP-boundary-n800-g1000-4,25516.637,18601,0.039313600020250306,0.019656800010125153,0.019656800010125153,33.339048099995125,ok,37.178844,37.178844
Hilbert,TSP-boundary-n800-g10000-5,249822.61,178451,0.04769579999265261,0.023847899996326305,0.023847899996326305,18.041770399999223,ok,39.995075,39.995075
Hilbert,TSP-boundary-n700-g10000-5,241494.31,173629,0.05879150002147071,0.029395750010735355,0.029395750010735355,7.731723099990631,ok,39.08639,39.08639
Hilbert,TSP-boundary-n90-g10000-4,84364.69,64892,0.0006275000050663948,0.0003137500025331974,0.0003137500025331974,0.1899121000024024,ok,30.00784,30.00784
Hilbert,TSP-boundary-n800-g10000-2,254603.34,184854,0.04767359999823384,0.02383679999911692,0.02383679999911692,226.9496613999945,ok,37.732124,37.732124
Hilbert,TSP-boundary-n800-g1000-2,25530.615,18571,0.07405399999697693,0.03702699999848846,0.03702699999848846,5.513284399989061,ok,37.475716,37.475716
Hilbert,TSP-boundary-n90-g10000-5,89076.305,65189,0.0007261999999172986,0.0003630999999586493,0.0003630999999586493,0.5789832000009483,ok,36.643154,36.643154
Hilbert,TSP-boundary-n90-g10000-3,95956.51,69192,0.0006314000056590885,0.00031570000282954425,0.00031570000282954425,0.1065311999991536,ok,38.681507,38.681507
Hilbert,TSP-boundary-n800-g10000-1,254185.9,186065,0.07960719999391586,0.03980359999695793,0.03980359999695793,6.679852500004927,ok,36.611347,36.611347
Hilbert,TSP-boundary-n90-g1000-5,8762.051,6637,0.0006284000119194388,0.0003142000059597194,0.0003142000059597194,0.2007595000031869,ok,32.018246,32.018246
Hilbert,TSP-boundary-n90-g1000-2,9473.774,6651,0.0006474999827332795,0.00032374999136663973,0.00032374999136663973,0.1274632999993628,ok,42.441353,42.441353
Hilbert,TSP-boundary-n800-g10000-4,259075.8,188036,0.05221870000241324,0.02610935000120662,0.02610935000120662,7.187218499995652,ok,37.779892,37.779892
Hilbert,TSP-clustered-n100-g1000-c10-r10-5,7464.5522,5213,0.0006793000211473554,0.0003396500105736777,0.0003396500105736777,1.3023149999935413,ok,43.191105,43.191105
Hilbert,TSP-clustered-n100-g1000-c10-r10-1,6779.1978,4656,0.0006806000019423664,0.0003403000009711832,0.0003403000009711832,1.052139099992928,ok,45.601326,45.601326
Hilbert,TSP-clustered-n100-g1000-c10-r10-4,7923.1274,5263,0.000689799984684214,0.000344899992342107,0.000344899992342107,1.069019500006107,ok,50.54394,50.54394
Hilbert,TSP-clustered-n100-g1000-c10-r5-3,6429.7344,4370,0.0006806000019423664,0.0003403000009711832,0.0003403000009711832,2.8935513000033097,ok,47.133507,47.133507
Hilbert,TSP-clustered-n100-g1000-c10-r10-3,6733.18,5292,0.0006780000112485141,0.00033900000562425703,0.00033900000562425703,2.5103675999998813,ok,27.233187,27.233187
Hilbert,TSP-clustered-n100-g1000-c10-r5-5,5084.7827,3812,0.0007088999846018851,0.00035444999230094254,0.00035444999230094254,3.3784310999908485,ok,33.388844,33.388844
Hilbert,TSP-clustered-n100-g1000-c10-r10-2,7509.047,5027,0.0006611999997403473,0.00033059999987017363,0.00033059999987017363,0.7294317000050796,ok,49.374313,49.374313
Hilbert,TSP-boundary-n90-g1000-3,9197.346,6498,0.0006598999898415059,0.00032994999492075294,0.00032994999492075294,0.1539069999998901,ok,41.541176,41.541176
Hilbert,TSP-clustered-n100-g1000-c10-r5-2,6202.873,4376,0.0061184999940451235,0.0030592499970225617,0.0030592499970225617,1.0825814999989234,ok,41.747555,41.747555
Hilbert,TSP-clustered-n100-g1000-c10-r5-4,5981.059,4259,0.0007020000193733722,0.0003510000096866861,0.0003510000096866861,1.2609677000000374,ok,40.433414,40.433414
Hilbert,TSP-boundary-n900-g10000-1,267697.78,197681,0.03727290002279915,0.018636450011399575,0.018636450011399575,21.687275000003865,ok,35.419075,35.419075
Hilbert,TSP-boundary-n900-g1000-5,27335.486,19786,0.045884699997259304,0.022942349998629652,0.022942349998629652,11.174093099994934,ok,38.1557,38.1557
Hilbert,TSP-clustered-n100-g1000-c5-r5-5,3667.52,2920,0.0006785999867133796,0.0003392999933566898,0.0003392999933566898,3.247115699996357,ok,25.6,25.6
Hilbert,TSP-boundary-n900-g1000-2,27616.969,19832,0.07431750002433546,0.03715875001216773,0.03715875001216773,6.772020100004738,ok,39.25458,39.25458
Hilbert,TSP-clustered-n100-g10000-c10-r10-1,70254.65,50116,0.002976999996462837,0.0014884999982314184,0.0014884999982314184,0.3752921999985119,ok,40.184067,40.184067
Hilbert,TSP-boundary-n900-g1000-3,26861.744,19767,0.043037000024924055,0.021518500012462027,0.021518500012462027,343.4526244000008,ok,35.89186,35.89186
Hilbert,TSP-boundary-n800-g1000-3,25790.156,18426,0.09559120002086274,0.04779560001043137,0.04779560001043137,5.908687799994368,ok,39.966114,39.966114
Hilbert,TSP-boundary-n900-g1000-1,27267.268,19866,0.09039180001127534,0.04519590000563767,0.04519590000563767,10.823129700002028,ok,37.25595,37.25595
Hilbert,TSP-clustered-n100-g1000-c5-r5-3,3093.266,2413,0.0006767000013496727,0.00033835000067483634,0.00033835000067483634,4.277486499995575,ok,28.191715,28.191715
Hilbert,TSP-boundary-n900-g1000-4,26383.816,19365,0.052686599985463545,0.026343299992731772,0.026343299992731772,10.63208169999416,ok,36.244858,36.244858
Hilbert,TSP-clustered-n100-g10000-c10-r10-5,68980.46,50639,0.0006815000087954104,0.0003407500043977052,0.0003407500043977052,0.131095999997342,ok,36.220028,36.220028
Hilbert,TSP-clustered-n100-g1000-c5-r5-4,4017.7144,3194,0.000678699987474829,0.0003393499937374145,0.0003393499937374145,1.6482375000050524,ok,25.789429,25.789429
Hilbert,TSP-clustered-n100-g10000-c10-r5-5,58873.676,43916,0.0006729000015184283,0.00033645000075921416,0.00033645000075921416,0.5331836999976076,ok,34.059742,34.059742
Hilbert,TSP-boundary-n900-g10000-2,274029.03,196562,0.06468690000474453,0.032343450002372265,0.032343450002372265,80.47898859999259,ok,39.41099,39.41099
Hilbert,TSP-clustered-n100-g1000-c10-r5-1,5848.7036,3980,0.004906899994239211,0.0024534499971196055,0.0024534499971196055,0.8031785999919521,ok,46.95235,46.95235
Hilbert,TSP-clustered-n100-g1000-c5-r5-2,4047.5923,3523,0.0007100999937392771,0.00035504999686963856,0.00035504999686963856,3.1245721000013877,ok,14.890499,14.890499
Hilbert,TSP-clustered-n100-g10000-c10-r5-3,59265.81,39588,0.0007082000083755702,0.0003541000041877851,0.0003541000041877851,1.368008200006443,ok,49.706497,49.706497
Hilbert,TSP-clustered-n100-g10000-c5-r5-4,34728.617,25622,0.0006575000006705523,0.0003287500003352761,0.0003287500003352761,1.2420207999966806,ok,35.54218,35.54218
Hilbert,TSP-clustered-n100-g10000-c5-r5-2,42509.87,35317,0.000680199998896569,0.0003400999994482845,0.0003400999994482845,1.541286499996204,ok,20.366596,20.366596
Hilbert,TSP-clustered-n100-g10000-c10-r5-2,55952.54,37465,0.000747200014302507,0.0003736000071512535,0.0003736000071512535,0.5736953000014182,ok,49.34616,49.34616
Hilbert,TSP-clustered-n100-g10000-c5-r5-5,39151.58,26480,0.0006709999870508909,0.00033549999352544546,0.00033549999352544546,2.1709877000103006,ok,47.853394,47.853394
Hilbert,TSP-clustered-n100-g10000-c10-r5-1,47615.64,33113,0.0006714999908581376,0.0003357499954290688,0.0003357499954290688,0.4398454000038327,ok,43.79742,43.79742
Hilbert,TSP-boundary-n900-g10000-4,268170.16,192765,0.06350250000832602,0.03175125000416301,0.03175125000416301,9.116299999994226,ok,39.117657,39.117657
Hilbert,TSP-clustered-n100-g10000-c10-r10-4,70647.664,46682,0.0007117999775800854,0.0003558999887900427,0.0003558999887900427,0.0622072000114712,ok,51.338123,51.338123
Hilbert,TSP-clustered-n100-g10000-c10-r10-3,64973.92,45142,0.0006722999969497323,0.00033614999847486615,0.00033614999847486615,1.0051226999930805,ok,43.93231,43.93231
Hilbert,TSP-clustered-n100-g10000-c10-r10-2,67045.61,45066,0.0006876999977976084,0.0003438499988988042,0.0003438499988988042,0.1405896999931428,ok,48.77204,48.77204
Hilbert,TSP-clustered-n100-g10000-c5-r5-3,40467.023,31841,0.0007011000125203282,0.0003505500062601641,0.0003505500062601641,1.3821425999922212,ok,27.09093,27.09093
Hilbert,TSP-clustered-n100-g1000-c5-r5-1,3971.1592,3294,0.000698099989676848,0.000349049994838424,0.000349049994838424,4.521199299997534,ok,20.557352,20.557352
Hilbert,TSP-boundary-n900-g10000-3,273128.88,195494,0.0412058999936562,0.0206029499968281,0.0206029499968281,14.352525299997067,ok,39.71215,39.71215
Hilbert,TSP-clustered-n500-g1000-c10-r5-1,8405.852,5453,0.010488900006748736,0.005244450003374368,0.005244450003374368,19.49607520000427,ok,54.150955,54.150955
Hilbert,TSP-clustered-n100-g10000-c5-r5-1,36802.887,30848,0.0007149000011850148,0.0003574500005925074,0.0003574500005925074,1.4352475000050615,ok,19.303965,19.303965
Hilbert,TSP-boundary-n900-g10000-5,270979.4,192390,0.0901933999848552,0.0450966999924276,0.0450966999924276,11.862939899991034,ok,40.84901,40.84901
Hilbert,TSP-clustered-n1000-g10000-c20-r10-1,212377.88,146479,0.03363119999994524,0.01681559999997262,0.01681559999997262,9.43321869999636,ok,44.988617,44.988617
Hilbert,TSP-clustered-n500-g1000-c10-r5-3,8524.458,6167,0.03278500001761131,0.016392500008805655,0.016392500008805655,40.63895039999625,ok,38.226982,38.226982
Hilbert,TSP-clustered-n1000-g1000-c20-r10-4,22789.44,15543,0.05197440000483766,0.02598720000241883,0.02598720000241883,22.27339249999204,ok,46.621883,46.621883
Hilbert,TSP-clustered-n500-g1000-c10-r5-4,8935.69,6363,0.01785060000838712,0.00892530000419356,0.00892530000419356,50.84293050000269,ok,40.432037,40.432037
Hilbert,TSP-clustered-n1000-g10000-c20-r10-2,233375.97,159532,0.0519168000028003,0.02595840000140015,0.02595840000140015,107.06078739999792,ok,46.287872,46.287872
Hilbert,TSP-clustered-n1000-g10000-c20-r10-4,228996.05,152731,0.048699399980250746,0.024349699990125373,0.024349699990125373,18.410464400003548,ok,49.93423,49.93423
Hilbert,TSP-clustered-n1000-g1000-c20-r10-5,21098.848,14436,0.05158699999446981,0.025793499997234903,0.025793499997234903,37.28057650000847,ok,46.15439,46.15439
Hilbert,TSP-clustered-n100-g10000-c10-r5-4,55216.3,41412,0.0006885000038892031,0.00034425000194460154,0.00034425000194460154,0.3429417000006651,ok,33.334057,33.334057
Hilbert,TSP-clustered-n500-g10000-c10-r5-1,86696.695,61703,0.015410699998028576,0.007705349999014288,0.007705349999014288,8.997720400002436,ok,40.50645,40.50645
Hilbert,TSP-clustered-n500-g1000-c20-r10-1,15244.427,10713,0.044376300007570535,0.022188150003785267,0.022188150003785267,29.613700200003223,ok,42.298393,42.298393
Hilbert,TSP-clustered-n1000-g1000-c20-r10-1,22316.27,15160,0.09455310000339523,0.047276550001697615,0.047276550001697615,123.27919690001,ok,47.204945,47.204945
Hilbert,TSP-clustered-n500-g1000-c20-r10-3,17240.396,11762,0.033834600006230175,0.016917300003115088,0.016917300003115088,2.046593500010204,ok,46.577084,46.577084
Hilbert,TSP-clustered-n500-g1000-c20-r10-2,17266.822,11918,0.034801999980118126,0.017400999990059063,0.017400999990059063,4.350630300003104,ok,44.8802,44.8802
Hilbert,TSP-clustered-n1000-g1000-c20-r10-2,22488.93,15203,0.08820329999434762,0.04410164999717381,0.04410164999717381,15.93639620000613,ok,47.92429,47.92429
Hilbert,TSP-correlated-n10-g1000-1,2908.082,2694,0.00016549997963011265,8.274998981505632e-05,8.274998981505632e-05,0.0711597000045003,ok,7.9466233,7.9466233
Hilbert,TSP-clustered-n500-g1000-c10-r5-5,8427.945,6104,0.05071209999732673,0.025356049998663366,0.025356049998663366,32.13442910001322,ok,38.0725,38.0725
Hilbert,TSP-correlated-n10-g1000-3,3371.9282,2640,0.00022170000011101365,0.00011085000005550683,0.00011085000005550683,0.192071900004521,ok,27.724556,27.724556
Hilbert,TSP-correlated-n10-g1000-5,2662.8235,2249,0.00020280000171624124,0.00010140000085812062,0.00010140000085812062,0.1294519000075524,ok,18.400331,18.400331
Hilbert,TSP-clustered-n500-g10000-c20-r10-1,169109.47,112649,0.008154000010108575,0.004077000005054288,0.004077000005054288,8.870767899992643,ok,50.1207,50.1207
Hilbert,TSP-clustered-n500-g10000-c10-r5-4,76732.11,56914,0.030518900020979345,0.015259450010489672,0.015259450010489672,29.798959199993988,ok,34.821148,34.821148
Hilbert,TSP-clustered-n500-g1000-c10-r5-2,8472.317,6022,0.07191759999841452,0.03595879999920726,0.03595879999920726,37.60363919999509,ok,40.68943,40.68943
Hilbert,TSP-clustered-n1000-g10000-c20-r10-3,236029.56,159226,0.10224690000177361,0.051123450000886805,0.051123450000886805,115.67414400000416,ok,48.235565,48.235565
Hilbert,TSP-clustered-n1000-g10000-c20-r10-5,230037.03,161586,0.1002409000066109,0.05012045000330545,0.05012045000330545,224.6262854000088,ok,42.36198,42.36198
Hilbert,TSP-clustered-n1000-g1000-c20-r10-3,22926.703,15891,0.11087619999307208,0.05543809999653604,0.05543809999653604,51.62400969999726,ok,44.274765,44.274765
Hilbert,TSP-correlated-n10-g10000-2,25621.148,23420,0.0001956000050995499,9.780000254977494e-05,9.780000254977494e-05,0.041838999997708,ok,9.398584,9.398584
Hilbert,TSP-clustered-n500-g1000-c20-r10-4,16134.61,11066,0.021081100014271215,0.010540550007135607,0.010540550007135607,19.5994936000061,ok,45.803455,45.803455
Hilbert,TSP-correlated-n10-g10000-1,26928.275,25534,0.00019950000569224358,9.975000284612179e-05,9.975000284612179e-05,0.1196472000010544,ok,5.460466,5.460466
Hilbert,TSP-correlated-n10-g1000-4,2584.024,2387,0.008460899989586323,0.004230449994793162,0.004230449994793162,0.1271186000085435,ok,8.25404,8.25404
Hilbert,TSP-correlated-n100-g1000-2,7087.379,4929,0.0007074000022839755,0.00035370000114198774,0.00035370000114198774,0.1714053000032436,ok,43.789387,43.789387
Hilbert,TSP-correlated-n100-g1000-1,6979.284,4639,0.0006895000115036964,0.0003447500057518482,0.0003447500057518482,0.1892345000087516,ok,50.44803,50.44803
Hilbert,TSP-clustered-n500-g10000-c10-r5-2,92732.695,56755,0.03046050001285039,0.015230250006425194,0.015230250006425194,11.221550100002789,ok,63.39123,63.39123
Hilbert,TSP-correlated-n10-g10000-3,26454.492,24736,0.00018699999782256782,9.349999891128391e-05,9.349999891128391e-05,0.0555502999923191,ok,6.9473324,6.9473324
Hilbert,TSP-correlated-n10-g10000-5,24632.188,23777,0.00019910000264644623,9.955000132322311e-05,9.955000132322311e-05,0.0408502999925985,ok,3.5967007,3.5967007
Hilbert,TSP-correlated-n10-g10000-4,27519.852,23264,0.00017869999282993376,8.934999641496688e-05,8.934999641496688e-05,0.0525835000007646,ok,18.293722,18.293722
Hilbert,TSP-clustered-n500-g1000-c20-r10-5,16273.193,11171,0.024014700000407174,0.012007350000203587,0.012007350000203587,10.501491299990448,ok,45.67356,45.67356
Hilbert,TSP-correlated-n100-g1000-4,7384.2314,4543,0.0007430000114254653,0.00037150000571273267,0.00037150000571273267,0.3382789000024786,ok,62.540863,62.540863
Hilbert,TSP-correlated-n100-g10000-1,69122.47,49407,0.0006992999988142401,0.00034964999940712005,0.00034964999940712005,0.3402922999957809,ok,39.9042,39.9042
Hilbert,TSP-correlated-n10-g1000-2,3231.0986,2486,0.00020360000780783594,0.00010180000390391797,0.00010180000390391797,0.0443792000005487,ok,29.971786,29.971786
Hilbert,TSP-clustered-n500-g10000-c20-r10-3,168412.95,118909,0.0278528000053484,0.0139264000026742,0.0139264000026742,10.678595999997924,ok,41.631798,41.631798
Hilbert,TSP-correlated-n100-g10000-4,74592.09,47860,0.0007056999893393368,0.0003528499946696684,0.0003528499946696684,0.2945146999991266,ok,55.854774,55.854774
Hilbert,TSP-clustered-n500-g10000-c10-r5-3,95206.17,68860,0.04097850000835024,0.02048925000417512,0.02048925000417512,97.15307070000564,ok,38.260487,38.260487
Hilbert,TSP-correlated-n100-g10000-3,73055.08,50000,0.0007526999979745597,0.00037634999898727983,0.00037634999898727983,0.507085500008543,ok,46.110157,46.110157
Hilbert,TSP-correlated-n100-g1000-5,7160.672,5080,0.0007096999906934798,0.0003548499953467399,0.0003548499953467399,0.2262345000053756,ok,40.958107,40.958107
Hilbert,TSP-clustered-n500-g10000-c20-r10-2,156959.39,106730,0.012367999996058643,0.006183999998029321,0.006183999998029321,16.4446706000017,ok,47.06211,47.06211
Hilbert,TSP-clustered-n500-g10000-c20-r10-5,165717.98,114328,0.02208059999975376,0.01104029999987688,0.01104029999987688,6.9921853999985615,ok,44.949608,44.949608
Hilbert,TSP-correlated-n100-g10000-5,75794.67,49729,0.0007077000045683235,0.00035385000228416175,0.00035385000228416175,0.3912067999917781,ok,52.415436,52.415436
Hilbert,TSP-correlated-n100-g10000-2,73736.97,46965,0.0007133000181056559,0.00035665000905282795,0.00035665000905282795,0.1191878999961773,ok,57.00409,57.00409
Hilbert,TSP-clustered-n500-g10000-c10-r5-5,84117.164,61953,0.04767239998909645,0.023836199994548224,0.023836199994548224,18.1173351000034,ok,35.775772,35.775772
Hilbert,TSP-correlated-n100-g1000-3,7451.2935,4989,0.0007099999929778278,0.0003549999964889139,0.0003549999964889139,0.3519467000005534,ok,49.35445,49.35445
Hilbert,TSP-clustered-n500-g10000-c20-r10-4,172203.98,115408,0.05318350001471117,0.026591750007355586,0.026591750007355586,4.342118600005051,ok,49.21321,49.21321
Hilbert,TSP-correlated-n20-g1000-5,3660.9185,2761,0.00023330000112764537,0.00011665000056382269,0.00011665000056382269,0.0675601999973878,ok,32.593933,32.593933
Hilbert,TSP-correlated-n1000-g1000-3,21193.191,14368,0.03314520002459176,0.01657260001229588,0.01657260001229588,16.153673600012553,ok,47.502724,47.502724
Hilbert,TSP-correlated-n20-g1000-2,4057.8137,3010,0.0003072999825235456,0.0001536499912617728,0.0001536499912617728,0.0890646999905584,ok,34.81109,34.81109
Hilbert,TSP-correlated-n20-g1000-1,3194.856,2623,0.0002651000104378909,0.00013255000521894544,0.00013255000521894544,0.0580161999969277,ok,21.8016,21.8016
Hilbert,TSP-correlated-n20-g10000-3,32059.684,27248,0.0002626999921631068,0.0001313499960815534,0.0001313499960815534,0.0431548000051407,ok,17.65885,17.65885
Hilbert,TSP-correlated-n20-g1000-4,3463.1777,2974,0.007315700000617653,0.0036578500003088266,0.0036578500003088266,0.065344400005415,ok,16.448479,16.448479
Hilbert,TSP-correlated-n20-g10000-4,29633.316,25114,0.00023780000628903508,0.00011890000314451754,0.00011890000314451754,0.0443505000002915,ok,17.995207,17.995207
Hilbert,TSP-correlated-n1000-g10000-4,203434.42,142064,0.03510050001204945,0.017550250006024726,0.017550250006024726,243.73681160001436,ok,43.19914,43.19914
Hilbert,TSP-correlated-n20-g10000-1,29817.293,27076,0.0002511999919079244,0.0001255999959539622,0.0001255999959539622,0.0544794000015826,ok,10.124438,10.124438
Hilbert,TSP-correlated-n200-g1000-4,10174.667,6818,0.0012452999944798648,0.0006226499972399324,0.0006226499972399324,1.1035255000024335,ok,49.23243,49.23243
Hilbert,TSP-correlated-n20-g10000-5,33874.617,28601,0.00022929999977350235,0.00011464999988675117,0.00011464999988675117,0.041203000000678,ok,18.438576,18.438576
Hilbert,TSP-correlated-n30-g1000-1,3922.7812,3128,0.0002843999827746302,0.0001421999913873151,0.0001421999913873151,0.0449453000037465,ok,25.408607,25.408607
Hilbert,TSP-correlated-n200-g10000-3,107860.01,69044,0.0012363000132609159,0.0006181500066304579,0.0006181500066304579,2.722870000012336,ok,56.21923,56.21923
Hilbert,TSP-correlated-n1000-g10000-5,204100.97,141657,0.05542269998113625,0.027711349990568124,0.027711349990568124,4.8632092000043485,ok,44.081104,44.081104
Hilbert,TSP-correlated-n200-g10000-1,98348.77,66282,0.001220100006321445,0.0006100500031607226,0.0006100500031607226,1.1826494000124512,ok,48.379307,48.379307
Hilbert,TSP-correlated-n1000-g1000-1,20116.344,14073,0.05709850002313033,0.028549250011565164,0.028549250011565164,9.94050110000535,ok,42.942825,42.942825
Hilbert,TSP-correlated-n20-g10000-2,36497.414,27481,0.00021430000197142363,0.00010715000098571181,0.00010715000098571181,0.0442202000122051,ok,32.80963,32.80963
Hilbert,TSP-correlated-n1000-g1000-5,20553.215,14121,0.04841579997446388,0.02420789998723194,0.02420789998723194,253.13229649999997,ok,45.550705,45.550705
Hilbert,TSP-correlated-n200-g1000-5,9095.99,6192,0.001215800002682954,0.000607900001341477,0.000607900001341477,0.9919045999995432,ok,46.899067,46.899067
Hilbert,TSP-correlated-n30-g1000-4,4765.1533,3172,0.0002969999914057553,0.00014849999570287764,0.00014849999570287764,0.1130578000011155,ok,50.225513,50.225513
Hilbert,TSP-correlated-n1000-g1000-2,20934.152,14546,0.07214529998600483,0.036072649993002415,0.036072649993002415,19.935671100014588,ok,43.9169,43.9169
Hilbert,TSP-correlated-n30-g1000-3,4455.3926,3279,0.0003215000033378601,0.00016075000166893005,0.00016075000166893005,0.0734733999997843,ok,35.876568,35.876568
Hilbert,TSP-correlated-n200-g1000-3,11050.324,7272,0.032896799995796755,0.016448399997898377,0.016448399997898377,1.07515040000726,ok,51.957153,51.957153
Hilbert,TSP-correlated-n200-g1000-1,9958.376,6771,0.017522100009955466,0.008761050004977733,0.008761050004977733,0.9605453999974998,ok,47.073933,47.073933
Hilbert,TSP-correlated-n200-g10000-5,97674.67,65583,0.0012165999796707183,0.0006082999898353592,0.0006082999898353592,1.777247999998508,ok,48.932915,48.932915
Hilbert,TSP-correlated-n200-g10000-2,97913.88,61838,0.015492100006667897,0.0077460500033339486,0.0077460500033339486,1.1510228000115603,ok,58.339344,58.339344
Hilbert,TSP-correlated-n200-g1000-2,9729.731,6390,0.0012465000036172569,0.0006232500018086284,0.0006232500018086284,1.1352532000018982,ok,52.26497,52.26497
Hilbert,TSP-correlated-n20-g1000-3,4136.8115,2991,0.00025260000256821513,0.00012630000128410757,0.00012630000128410757,0.0776301999867428,ok,38.308643,38.308643
Hilbert,TSP-correlated-n1000-g10000-2,205926.25,145501,0.05335090000880882,0.02667545000440441,0.02667545000440441,2115.611118800007,ok,41.529095,41.529095
Hilbert,TSP-correlated-n200-g10000-4,97767.44,62683,0.0013070999993942678,0.0006535499996971339,0.0006535499996971339,1.3322217999957502,ok,55.97122,55.97122
Hilbert,TSP-correlated-n30-g10000-4,37051.074,30655,0.00026229998911730945,0.00013114999455865473,0.00013114999455865473,0.1596713000035379,ok,20.8647,20.8647
Hilbert,TSP-correlated-n30-g10000-1,42170.383,32711,0.00027630000840872526,0.00013815000420436263,0.00013815000420436263,0.055189100006828,ok,28.918049,28.918049
Hilbert,TSP-correlated-n1000-g10000-1,214151.05,143934,0.08748870002455078,0.04374435001227539,0.04374435001227539,18.70663129998138,ok,48.784195,48.784195
Hilbert,TSP-correlated-n30-g10000-2,41085.68,33943,0.000298700004350394,0.000149350002175197,0.000149350002175197,0.0869928000029176,ok,21.04316,21.04316
Hilbert,TSP-correlated-n1000-g10000-3,202468.5,145136,0.05088100000284612,0.02544050000142306,0.02544050000142306,6.641579799994361,ok,39.502605,39.502605
Hilbert,TSP-correlated-n30-g10000-5,38032.547,34043,0.00034100000630132854,0.00017050000315066427,0.00017050000315066427,0.092902900010813,ok,11.71914,11.71914
Hilbert,TSP-correlated-n300-g1000-5,12307.82,7980,0.008408500027144328,0.004204250013572164,0.004204250013572164,2.6704618000076152,ok,54.233337,54.233337
Hilbert,TSP-correlated-n30-g10000-3,40848.5,31821,0.005429200013168156,0.002714600006584078,0.002714600006584078,0.0533492000104161,ok,28.369629,28.369629
Hilbert,TSP-correlated-n30-g1000-2,4210.4507,3151,0.004999800003133714,0.002499900001566857,0.002499900001566857,0.0503138999920338,ok,33.62268,33.62268
Hilbert,TSP-correlated-n1000-g1000-4,20884.021,14397,0.05993670001043938,0.02996835000521969,0.02996835000521969,17.90100720000919,ok,45.058147,45.058147
Hilbert,TSP-correlated-n40-g1000-4,4584.2983,3108,0.0004104000108782202,0.0002052000054391101,0.0002052000054391101,0.0681476000027032,ok,47.499947,47.499947
Hilbert,TSP-correlated-n300-g1000-4,12287.022,8036,0.020408000011229888,0.010204000005614944,0.010204000005614944,1.6500839999935124,ok,52.89973,52.89973
Hilbert,TSP-correlated-n300-g1000-2,11935.232,8169,0.013200499990489334,0.006600249995244667,0.006600249995244667,2.150467400002526,ok,46.103962,46.103962
Hilbert,TSP-correlated-n40-g10000-3,50459.47,35005,0.00035650000791065395,0.00017825000395532697,0.00017825000395532697,0.0999504000064916,ok,44.14932,44.14932
Hilbert,TSP-correlated-n40-g1000-2,4549.8936,3295,0.0003380000125616789,0.00016900000628083944,0.00016900000628083944,0.0454904999933205,ok,38.08478,38.08478
Hilbert,TSP-correlated-n40-g1000-1,4893.6763,3609,0.0003499999875202775,0.00017499999376013875,0.00017499999376013875,0.0563017999957082,ok,35.59646,35.59646
Hilbert,TSP-correlated-n40-g10000-1,48418.156,35122,0.0003327000013086945,0.00016635000065434724,0.00016635000065434724,0.0948840999917592,ok,37.85706,37.85706
Hilbert,TSP-correlated-n40-g1000-3,3937.5095,3285,0.0003430000215303153,0.00017150001076515764,0.00017150001076515764,0.0861785000015515,ok,19.863302,19.863302
Hilbert,TSP-correlated-n300-g10000-1,114652.67,76971,0.010736399999586865,0.005368199999793433,0.005368199999793433,1.5343295999919064,ok,48.955673,48.955673
Hilbert,TSP-correlated-n40-g10000-2,42063.117,33765,0.00035570000181905925,0.00017785000090952963,0.00017785000090952963,0.1057967000087956,ok,24.576092,24.576092
Hilbert,TSP-correlated-n30-g1000-5,3940.6582,2946,0.009426300006452948,0.004713150003226474,0.004713150003226474,0.057796099994448,ok,33.76301,33.76301
Hilbert,TSP-correlated-n40-g1000-5,4611.369,3317,0.0003583999932743609,0.00017919999663718045,0.00017919999663718045,0.0713755000033415,ok,39.022285,39.022285
Hilbert,TSP-correlated-n300-g1000-1,11510.866,7762,0.030644899990875274,0.015322449995437637,0.015322449995437637,6.073619000002509,ok,48.297684,48.297684
Hilbert,TSP-correlated-n300-g10000-4,109396.5,76189,0.005936999979894608,0.002968499989947304,0.002968499989947304,6.393391400008113,ok,43.58569,43.58569
Hilbert,TSP-correlated-n40-g10000-4,51002.51,34842,0.000329299975419417,0.0001646499877097085,0.0001646499877097085,0.1132511000032536,ok,46.38227,46.38227
Hilbert,TSP-correlated-n300-g10000-3,114015.25,80614,0.02376040001399815,0.011880200006999075,0.011880200006999075,2.156392899996717,ok,41.43356,41.43356
Hilbert,TSP-correlated-n400-g1000-4,13489.447,9030,0.008357000013347715,0.004178500006673858,0.004178500006673858,13.66952909999236,ok,49.384796,49.384796
Hilbert,TSP-correlated-n300-g10000-2,121457.21,82442,0.01738810000824742,0.00869405000412371,0.00869405000412371,2.7626813999959268,ok,47.324432,47.324432
Hilbert,TSP-correlated-n5-g1000-1,2008.5669,1996,0.00013570001465268433,6.785000732634217e-05,6.785000732634217e-05,0.0454534000018611,ok,0.629604,0.629604
Hilbert,TSP-correlated-n5-g1000-2,2259.192,2249,0.0011479000095278025,0.0005739500047639012,0.0005739500047639012,0.0373725999961607,ok,0.45317447,0.45317447
Hilbert,TSP-correlated-n400-g1000-5,12950.365,8948,0.014023700001416728,0.007011850000708364,0.007011850000708364,2.7345081999956165,ok,44.72916,44.72916
Hilbert,TSP-correlated-n400-g1000-1,13845.928,9016,0.012006399978417903,0.006003199989208952,0.006003199989208952,1.6924141999916174,ok,53.57063,53.57063
Hilbert,TSP-correlated-n5-g1000-5,2658.3315,2556,0.006456700008129701,0.0032283500040648505,0.0032283500040648505,0.1536024000088218,ok,4.0035815,4.0035815
Hilbert,TSP-correlated-n400-g10000-2,128707.125,89824,0.01621179998619482,0.00810589999309741,0.00810589999309741,7.414559700002428,ok,43.288124,43.288124
Hilbert,TSP-correlated-n40-g10000-5,47758.207,33983,0.00035870002466253936,0.00017935001233126968,0.00017935001233126968,0.0546857000008458,ok,40.53558,40.53558
Hilbert,TSP-correlated-n5-g1000-4,2740.1904,2624,0.0001666000171098858,8.33000085549429e-05,8.33000085549429e-05,0.0374219000077573,ok,4.427989,4.427989
Hilbert,TSP-correlated-n300-g1000-3,11478.523,8036,0.041500299994368106,0.020750149997184053,0.020750149997184053,2.180775500004529,ok,42.838768,42.838768
Hilbert,TSP-correlated-n5-g10000-2,17275.398,16625,0.00016629998572170734,8.314999286085367e-05,8.314999286085367e-05,0.051026200002525,ok,3.912171,3.912171
Hilbert,TSP-correlated-n400-g10000-4,131845.1,92362,0.036226500000339,0.0181132500001695,0.0181132500001695,1.918890499990084,ok,42.7482,42.7482
Hilbert,TSP-correlated-n5-g10000-1,19877.115,19764,0.0001548999862279743,7.744999311398715e-05,7.744999311398715e-05,0.0522023999947123,ok,0.57232964,0.57232964
Hilbert,TSP-correlated-n5-g1000-3,2484.0288,2473,0.00014489999739453197,7.244999869726598e-05,7.244999869726598e-05,0.0800466999935451,ok,0.4459688,0.4459688
Hilbert,TSP-correlated-n400-g10000-5,129007.95,89783,0.02378250000765547,0.011891250003827736,0.011891250003827736,5.465811999994912,ok,43.688618,43.688618
Hilbert,TSP-correlated-n50-g10000-1,52808.516,36474,0.00038389998371712863,0.00019194999185856432,0.00019194999185856432,0.0801904999971157,ok,44.783997,44.783997
Hilbert,TSP-correlated-n50-g1000-3,5434.845,3677,0.00040920000174082816,0.00020460000087041408,0.00020460000087041408,0.1112222999945515,ok,47.806503,47.806503
Hilbert,TSP-correlated-n50-g1000-2,5440.8003,3711,0.0003930999955628067,0.00019654999778140336,0.00019654999778140336,0.0619090999971376,ok,46.61278,46.61278
Hilbert,TSP-correlated-n400-g1000-3,13959.152,9560,0.025868099997751415,0.012934049998875707,0.012934049998875707,7.199269799995818,ok,46.016235,46.016235
Hilbert,TSP-correlated-n400-g1000-2,13756.053,9418,0.022675499989418313,0.011337749994709156,0.011337749994709156,1.7374679999920772,ok,46.061295,46.061295
Hilbert,TSP-correlated-n50-g1000-4,4559.275,3680,0.00038040001527406275,0.00019020000763703138,0.00019020000763703138,0.1398252000071806,ok,23.89334,23.89334
Hilbert,TSP-correlated-n400-g10000-1,133415.62,92909,0.037683700007619336,0.018841850003809668,0.018841850003809668,2.96612979999918,ok,43.59817,43.59817
Hilbert,TSP-correlated-n50-g1000-1,5808.353,3758,0.0004351999959908426,0.0002175999979954213,0.0002175999979954213,0.1722727000014856,ok,54.559685,54.559685
Hilbert,TSP-correlated-n50-g1000-5,5019.5493,3522,0.0004267000185791403,0.00021335000928957015,0.00021335000928957015,0.1348285999993095,ok,42.519855,42.519855
Hilbert,TSP-correlated-n300-g10000-5,116445.71,78142,0.039149099990027025,0.019574549995013513,0.019574549995013513,2.678095199997188,ok,49.018085,49.018085
Hilbert,TSP-correlated-n400-g10000-3,134372.27,91906,0.027425000007497147,0.013712500003748573,0.013712500003748573,1.7399778999970297,ok,46.206196,46.206196
Hilbert,TSP-correlated-n5-g10000-5,23826.602,23785,0.0001393999846186489,6.969999230932444e-05,6.969999230932444e-05,0.0615172000107122,ok,0.17490672,0.17490672
Hilbert,TSP-correlated-n50-g10000-3,48856.367,34342,0.0003882000164594501,0.00019410000822972506,0.00019410000822972506,0.0476802000048337,ok,42.264187,42.264187
Hilbert,TSP-correlated-n50-g10000-5,51203.7,37513,0.0004211000050418079,0.00021055000252090394,0.00021055000252090394,0.1127984000049764,ok,36.49588,36.49588
Hilbert,TSP-correlated-n5-g10000-4,21425.762,21395,0.00019599997904151678,9.799998952075839e-05,9.799998952075839e-05,0.0453827000019373,ok,0.14377995,0.14377995
Hilbert,TSP-correlated-n50-g10000-4,48495.312,37634,0.00039900001138448715,0.00019950000569224358,0.00019950000569224358,0.2106606000015745,ok,28.860373,28.860373
Hilbert,TSP-correlated-n500-g1000-1,15312.76,10216,0.01325000001816079,0.006625000009080395,0.006625000009080395,4.51599780000106,ok,49.889973,49.889973
Hilbert,TSP-correlated-n5-g10000-3,25539.107,23603,0.00961849998566322,0.00480924999283161,0.00480924999283161,0.0579551999981049,ok,8.202803,8.202803
Hilbert,TSP-correlated-n60-g1000-3,6331.0474,4126,0.0004752000095322728,0.0002376000047661364,0.0002376000047661364,0.0615923000004841,ok,53.44274,53.44274
Hilbert,TSP-correlated-n60-g1000-2,5717.712,3946,0.00046519999159500003,0.00023259999579750001,0.00023259999579750001,0.0634674999892013,ok,44.898933,44.898933
Hilbert,TSP-correlated-n60-g10000-1,52504.4,38293,0.00044839998008683324,0.00022419999004341662,0.00022419999004341662,0.086310600003344,ok,37.112263,37.112263
Hilbert,TSP-correlated-n60-g10000-3,50591.95,38548,0.00043379998533055186,0.00021689999266527593,0.00021689999266527593,0.2666594000038458,ok,31.24403,31.24403
Hilbert,TSP-correlated-n500-g10000-1,146136.53,100740,0.009421900002053007,0.004710950001026504,0.004710950001026504,8.223050400003558,ok,45.063065,45.063065
Hilbert,TSP-correlated-n500-g1000-2,14528.087,10307,0.021931299997959286,0.010965649998979643,0.010965649998979643,2.817902100010542,ok,40.953594,40.953594
Hilbert,TSP-correlated-n60-g10000-2,58199.438,40743,0.00048240000614896417,0.00024120000307448208,0.00024120000307448208,0.1098257999983616,ok,42.84524,42.84524
Hilbert,TSP-correlated-n60-g10000-4,59475.016,41936,0.0004704000020865351,0.00023520000104326755,0.00023520000104326755,0.0577714999963063,ok,41.82329,41.82329
Hilbert,TSP-correlated-n60-g10000-5,50504.137,37003,0.000474499975098297,0.0002372499875491485,0.0002372499875491485,0.3758683000050951,ok,36.4866,36.4866
Hilbert,TSP-correlated-n500-g10000-2,152737.86,105714,0.020255700015695766,0.010127850007847883,0.010127850007847883,2.210144000011496,ok,44.48215,44.48215
Hilbert,TSP-correlated-n500-g1000-4,14424.311,10232,0.02002960001118481,0.010014800005592406,0.010014800005592406,5.149718999993638,ok,40.97254,40.97254
Hilbert,TSP-correlated-n500-g10000-5,149978.44,100578,0.01996010000584647,0.009980050002923235,0.009980050002923235,6.062073399996734,ok,49.116543,49.116543
Hilbert,TSP-correlated-n500-g10000-3,152281.69,103144,0.003940200025681406,0.001970100012840703,0.001970100012840703,3.398781500000041,ok,47.63989,47.63989
Hilbert,TSP-correlated-n60-g1000-4,5323.7944,3692,0.00046510001993738115,0.00023255000996869057,0.00023255000996869057,0.0443559999985154,ok,44.198116,44.198116
Hilbert,TSP-correlated-n60-g1000-1,5531.68,3823,0.00047129997983574867,0.00023564998991787434,0.00023564998991787434,0.2623009999952046,ok,44.694744,44.694744
Hilbert,TSP-correlated-n50-g10000-2,48385.773,36115,0.00038579999818466604,0.00019289999909233302,0.00019289999909233302,0.05410129998927,ok,33.976944,33.976944
Hilbert,TSP-correlated-n70-g1000-3,6014.279,4337,0.0005315000016707927,0.00026575000083539635,0.00026575000083539635,0.0733414999995147,ok,38.67371,38.67371
Hilbert,TSP-correlated-n60-g1000-5,5774.058,3920,0.00045659998431801796,0.00022829999215900898,0.00022829999215900898,0.1640654999937396,ok,47.2974,47.2974
Hilbert,TSP-correlated-n70-g1000-5,5933.903,4149,0.000514300016220659,0.0002571500081103295,0.0002571500081103295,0.0992732000013347,ok,43.020073,43.020073
Hilbert,TSP-correlated-n500-g1000-5,15137.923,10319,0.014427699992666021,0.0072138499963330105,0.0072138499963330105,2.551823100002366,ok,46.699516,46.699516
Hilbert,TSP-correlated-n500-g10000-4,155242.44,103378,0.02937560001737438,0.01468780000868719,0.01468780000868719,9.414072300001862,ok,50.16971,50.16971
Hilbert,TSP-correlated-n600-g10000-5,161466.5,114788,0.01779529999475926,0.00889764999737963,0.00889764999737963,14.73861419998866,ok,40.664967,40.664967
Hilbert,TSP-correlated-n70-g1000-1,6345.801,4242,0.0005127000040374696,0.0002563500020187348,0.0002563500020187348,0.0831860000034794,ok,49.594547,49.594547
Hilbert,TSP-correlated-n70-g10000-3,60828.305,41045,0.0004967999993823469,0.00024839999969117343,0.00024839999969117343,1.2289904999925056,ok,48.199062,48.199062
Hilbert,TSP-correlated-n70-g10000-2,63158.574,41743,0.0004906000103801489,0.00024530000519007444,0.00024530000519007444,0.0564482000045245,ok,51.303394,51.303394
Hilbert,TSP-correlated-n70-g10000-1,60593.69,43111,0.0005234999989625067,0.0002617499994812533,0.0002617499994812533,0.0986174999998183,ok,40.55274,40.55274
Hilbert,TSP-correlated-n500-g1000-3,15292.053,10198,0.03313500000513159,0.016567500002565794,0.016567500002565794,4.867875299998559,ok,49.95149,49.95149
Hilbert,TSP-correlated-n70-g10000-4,57402.11,38370,0.004555500025162473,0.0022777500125812367,0.0022777500125812367,0.1799811000091722,ok,49.601536,49.601536
Hilbert,TSP-correlated-n70-g1000-4,5402.9385,4146,0.0005260000179987401,0.00026300000899937004,0.00026300000899937004,0.2482362000009743,ok,30.316895,30.316895
Hilbert,TSP-correlated-n70-g1000-2,6336.2666,4261,0.0005166000046301633,0.00025830000231508166,0.00025830000231508166,0.074102300000959,ok,48.703747,48.703747
Hilbert,TSP-correlated-n600-g10000-3,168526.08,113170,0.04453159999684431,0.022265799998422153,0.022265799998422153,3.918597399999271,ok,48.914093,48.914093
Hilbert,TSP-correlated-n600-g1000-1,17136.223,11680,0.05161510000471026,0.02580755000235513,0.02580755000235513,3.859487900001113,ok,46.714233,46.714233
Hilbert,TSP-correlated-n600-g1000-5,16375.189,11480,0.0479300000006333,0.02396500000031665,0.02396500000031665,4.827098800000385,ok,42.64102,42.64102
Hilbert,TSP-correlated-n600-g1000-2,15863.435,11295,0.030383000004803762,0.015191500002401881,0.015191500002401881,4.308630799991079,ok,40.446518,40.446518
Hilbert,TSP-correlated-n700-g1000-5,18631.117,12603,0.023917300015455112,0.011958650007727556,0.011958650007727556,45.114398699995945,ok,47.83081,47.83081
Hilbert,TSP-correlated-n600-g1000-3,16131.776,11583,0.0710720999923069,0.03553604999615345,0.03553604999615345,5.945843399997102,ok,39.271145,39.271145
Hilbert,TSP-correlated-n700-g1000-1,17710.703,12104,0.033616700005950406,0.016808350002975203,0.016808350002975203,10.171494900001562,ok,46.321075,46.321075
Hilbert,TSP-correlated-n8-g1000-3,2768.4377,2608,0.00019880000036209822,9.940000018104911e-05,9.940000018104911e-05,0.0438812999927904,ok,6.151754,6.151754
Hilbert,TSP-correlated-n700-g1000-3,17091.926,12419,0.031052199978148565,0.015526099989074282,0.015526099989074282,8.940812000000733,ok,37.62723,37.62723
Hilbert,TSP-correlated-n600-g10000-2,163893.98,112362,0.06326709999120794,0.03163354999560397,0.03163354999560397,15.989772700006142,ok,45.862465,45.862465
Hilbert,TSP-correlated-n600-g1000-4,16739.223,11436,0.05540490002022125,0.027702450010110624,0.027702450010110624,3.922088100007386,ok,46.373055,46.373055
Hilbert,TSP-correlated-n70-g10000-5,60367.832,38287,0.01961189997382462,0.00980594998691231,0.00980594998691231,0.1356304000073578,ok,57.671883,57.671883
Hilbert,TSP-correlated-n600-g10000-4,159404.73,111193,0.047292100003687665,0.023646050001843832,0.023646050001843832,4.569467399996938,ok,43.358604,43.358604
Hilbert,TSP-correlated-n8-g1000-4,2733.8354,2567,0.000162499985890463,8.12499929452315e-05,8.12499929452315e-05,0.1119425999931991,ok,6.4992385,6.4992385
Hilbert,TSP-correlated-n600-g10000-1,163039.58,109530,0.04074860000400804,0.02037430000200402,0.02037430000200402,6.893852000008337,ok,48.85381,48.85381
Hilbert,TSP-correlated-n700-g10000-1,173110.02,121620,0.014936399995349348,0.007468199997674674,0.007468199997674674,5.163903000007849,ok,42.3368,42.3368
Hilbert,TSP-correlated-n8-g1000-2,2403.3232,2374,0.00019120000069960952,9.560000034980476e-05,9.560000034980476e-05,0.0436606000002939,ok,1.2351829,1.2351829
Hilbert,TSP-correlated-n8-g10000-5,26725.512,26244,0.00016530000721104443,8.265000360552222e-05,8.265000360552222e-05,0.0453224999946542,ok,1.8347498,1.8347498
Hilbert,TSP-correlated-n8-g1000-5,2860.4092,2692,0.00016129997675307095,8.064998837653548e-05,8.064998837653548e-05,0.1067567999998573,ok,6.255913,6.255913
Hilbert,TSP-correlated-n80-g1000-2,6785.8774,4562,0.0005648999940603971,0.0002824499970301986,0.0002824499970301986,0.2041671000042697,ok,48.74786,48.74786
Hilbert,TSP-correlated-n80-g1000-4,6379.5215,4559,0.000551699980860576,0.000275849990430288,0.000275849990430288,0.1320662000071024,ok,39.932476,39.932476
Hilbert,TSP-correlated-n8-g1000-1,1349.8362,1284,0.00015139998868107796,7.569999434053898e-05,7.569999434053898e-05,0.0404699999926378,ok,5.1274285,5.1274285
Hilbert,TSP-correlated-n8-g10000-3,19741.979,18709,0.00015380000695586205,7.690000347793102e-05,7.690000347793102e-05,0.0460515999875497,ok,5.5212917,5.5212917
Hilbert,TSP-correlated-n80-g10000-3,64722.387,43542,0.0005598999850917608,0.0002799499925458804,0.0002799499925458804,0.1592057999951066,ok,48.643578,48.643578
Hilbert,TSP-correlated-n700-g10000-4,177090.97,120114,0.021604100009426475,0.010802050004713237,0.010802050004713237,2.2233338999940315,ok,47.43574,47.43574
Hilbert,TSP-correlated-n700-g1000-2,18176.379,12343,0.06802659999812022,0.03401329999906011,0.03401329999906011,6.482417599996552,ok,47.260624,47.260624
Hilbert,TSP-correlated-n80-g1000-5,7367.6064,4335,0.0006349000032059848,0.0003174500016029924,0.0003174500016029924,0.1166297999880043,ok,69.95632,69.95632
Hilbert,TSP-correlated-n8-g10000-1,30970.828,26603,0.0001750999945215881,8.754999726079404e-05,8.754999726079404e-05,0.0417096000019228,ok,16.418556,16.418556
Hilbert,TSP-correlated-n8-g10000-2,23828.033,23828,0.00018539998563937843,9.269999281968921e-05,9.269999281968921e-05,0.0556834000017261,ok,0.000139345,0.000139345
Hilbert,TSP-correlated-n80-g1000-3,5791.6196,4279,0.0006007000047247857,0.00030035000236239284,0.00030035000236239284,0.2305908999987878,ok,35.34984,35.34984
Hilbert,TSP-correlated-n80-g10000-1,64112.45,38558,0.0005781000072602183,0.00028905000363010913,0.00028905000363010913,1.7947728000144707,ok,66.27535,66.27535
Hilbert,TSP-correlated-n8-g10000-4,28960.797,24957,0.00018060000729747117,9.030000364873558e-05,9.030000364873558e-05,0.050572899999679,ok,16.042782,16.042782
Hilbert,TSP-correlated-n80-g10000-4,61471.5,43795,0.0005802999949082732,0.0002901499974541366,0.0002901499974541366,0.1779269000107888,ok,40.361916,40.361916
Hilbert,TSP-correlated-n80-g10000-2,62940.742,43552,0.0005944000149611384,0.0002972000074805692,0.0002972000074805692,0.2233804999996209,ok,44.518604,44.518604
Hilbert,TSP-correlated-n80-g1000-1,6734.0347,4187,0.01344400001107715,0.006722000005538575,0.006722000005538575,0.2640415000059875,ok,60.83197,60.83197
Hilbert,TSP-correlated-n700-g10000-2,178643.19,121206,0.037028999999165535,0.018514499999582767,0.018514499999582767,10.811057099999744,ok,47.388073,47.388073
Hilbert,TSP-correlated-n700-g1000-4,17719.572,12183,0.04494629998225719,0.022473149991128594,0.022473149991128594,14.541918500006432,ok,45.445065,45.445065
Hilbert,TSP-correlated-n700-g10000-5,181705.47,120265,0.03684769998653792,0.01842384999326896,0.01842384999326896,18.47356209999998,ok,51.08757,51.08757
Hilbert,TSP-correlated-n80-g10000-5,62778.793,39978,0.0013719999988097697,0.0006859999994048849,0.0006859999994048849,0.0690387999929953,ok,57.033348,57.033348
Hilbert,TSP-correlated-n90-g1000-1,6921.167,4539,0.00067710000439547,0.000338550002197735,0.000338550002197735,0.3223517000005813,ok,52.4822,52.4822
Hilbert,TSP-correlated-n90-g1000-2,7087.5713,4923,0.0029568999889306724,0.0014784499944653362,0.0014784499944653362,0.1847450000059325,ok,43.96854,43.96854
Hilbert,TSP-correlated-n90-g1000-4,6774.5864,4522,0.0006350000039674342,0.0003175000019837171,0.0003175000019837171,0.2103599000110989,ok,49.813942,49.813942
Hilbert,TSP-correlated-n90-g10000-4,69258.28,46381,0.0006527999939862639,0.00032639999699313194,0.00032639999699313194,0.4781993999931728,ok,49.324684,49.324684
Hilbert,TSP-correlated-n90-g10000-1,66677.16,46719,0.018113199999788776,0.009056599999894388,0.009056599999894388,0.1885383000044385,ok,42.71957,42.71957
Hilbert,TSP-correlated-n700-g10000-3,174915.19,119040,0.07545020000543445,0.03772510000271723,0.03772510000271723,3.168343699988327,ok,46.93816,46.93816
Hilbert,TSP-correlated-n800-g1000-4,19001.637,13148,0.03967640001792461,0.019838200008962303,0.019838200008962303,6.333797899991623,ok,44.521122,44.521122
Hilbert,TSP-correlated-n90-g10000-2,70380.41,46120,0.0006537000008393079,0.00032685000041965395,0.00032685000041965395,0.6369271000003209,ok,52.60279,52.60279
Hilbert,TSP-correlated-n90-g1000-3,6656.9224,4305,0.0006318000087048858,0.0003159000043524429,0.0003159000043524429,0.4682489999977406,ok,54.632343,54.632343
Hilbert,TSP-correlated-n90-g1000-5,6988.122,4697,0.0006386000022757798,0.0003193000011378899,0.0003193000011378899,0.2028676000045379,ok,48.778416,48.778416
Hilbert,TSP-correlated-n800-g1000-3,18549.121,12915,0.04821740000625141,0.024108700003125705,0.024108700003125705,23.975514699995983,ok,43.62463,43.62463
Hilbert,TSP-correlated-n800-g10000-3,187298.83,131398,0.04149109998252243,0.020745549991261214,0.020745549991261214,10.818744499993045,ok,42.543133,42.543133
Hilbert,TSP-correlated-n800-g10000-1,189789.22,129520,0.05765070000779815,0.028825350003899075,0.028825350003899075,4.118495599992457,ok,46.53275,46.53275
Hilbert,TSP-correlated-n800-g10000-2,188925.92,127757,0.051502699992852286,0.025751349996426143,0.025751349996426143,14.896964100000332,ok,47.879116,47.879116
Hilbert,TSP-correlated-n800-g10000-4,188181.75,128194,0.05331290001049638,0.02665645000524819,0.02665645000524819,4.31853200000478,ok,46.794506,46.794506
Hilbert,TSP-correlated-n90-g10000-5,76679.086,50306,0.0006289000157266855,0.00031445000786334276,0.00031445000786334276,0.1024939000053564,ok,52.42533,52.42533
Hilbert,TSP-correlated-n90-g10000-3,68176.055,45328,0.0006424999737646431,0.00032124998688232154,0.00032124998688232154,0.1843862999958219,ok,50.40605,50.40605
Hilbert,TSP-correlated-n800-g1000-1,18766.521,12977,0.06068519997643307,0.030342599988216534,0.030342599988216534,9.796043900001678,ok,44.613712,44.613712
Hilbert,TSP-grid-n10-g1000-3,2821.483,2516,0.00021539998124353588,0.00010769999062176794,0.00010769999062176794,0.0762648999952944,ok,12.14161,12.14161
Hilbert,TSP-correlated-n800-g1000-2,18513.916,12605,0.060553999996045604,0.030276999998022802,0.030276999998022802,5.331236500001978,ok,46.877556,46.877556
Hilbert,TSP-grid-n10-g1000-2,3324.6665,2482,0.0001745999907143414,8.72999953571707e-05,8.72999953571707e-05,0.0410287999984575,ok,33.951107,33.951107
Hilbert,TSP-grid-n10-g10000-2,30081.32,24556,0.005372100014938042,0.002686050007469021,0.002686050007469021,0.0399892999994335,ok,22.500896,22.500896
Hilbert,TSP-grid-n10-g1000-1,3343.7183,2480,0.0001815000141505152,9.07500070752576e-05,9.07500070752576e-05,0.0938502999924821,ok,34.827347,34.827347
Hilbert,TSP-correlated-n800-g1000-5,19134.654,12894,0.02623459999449551,0.013117299997247756,0.013117299997247756,19.85908140000538,ok,48.399677,48.399677
Hilbert,TSP-correlated-n900-g1000-1,19830.334,13406,0.043239699996775016,0.021619849998387508,0.021619849998387508,9.278989800004638,ok,47.921333,47.921333
Hilbert,TSP-grid-n10-g10000-1,31593.594,24644,0.001151599979493767,0.0005757999897468835,0.0005757999897468835,0.0396005999937187,ok,28.199942,28.199942
Hilbert,TSP-grid-n10-g10000-3,30314.816,24850,0.00017159999697469175,8.579999848734587e-05,8.579999848734587e-05,0.0374350999918533,ok,21.991213,21.991213
Hilbert,TSP-correlated-n900-g1000-4,19390.535,13638,0.038789100013673306,0.019394550006836653,0.019394550006836653,10.535639900001115,ok,42.180195,42.180195
Hilbert,TSP-grid-n10-g1000-4,3120.3547,2493,0.00021410000044852495,0.00010705000022426248,0.00010705000022426248,0.0536515999992843,ok,25.164652,25.164652
Hilbert,TSP-grid-n10-g10000-5,28161.018,25164,0.005541000020457432,0.002770500010228716,0.002770500010228716,0.0546447999950032,ok,11.909941,11.909941
Hilbert,TSP-grid-n100-g1000-2,11494.282,9837,0.0006861000147182494,0.0003430500073591247,0.0003430500073591247,0.1075703000096837,ok,16.847437,16.847437
Hilbert,TSP-grid-n10-g1000-5,3333.8176,2478,0.00016569998115301132,8.284999057650566e-05,8.284999057650566e-05,0.0827549000096041,ok,34.53663,34.53663
Hilbert,TSP-correlated-n800-g10000-5,189883.2,131045,0.08426939998753369,0.042134699993766844,0.042134699993766844,8.417655800003558,ok,44.899235,44.899235
Hilbert,TSP-correlated-n900-g1000-3,20429.6,13486,0.05159529999946244,0.02579764999973122,0.02579764999973122,76.60579800000414,ok,51.487465,51.487465
Hilbert,TSP-grid-n100-g1000-3,11409.999,9829,0.0006676000193692744,0.0003338000096846372,0.0003338000096846372,0.1389042999944649,ok,16.085045,16.085045
Hilbert,TSP-grid-n100-g10000-3,114617.914,98398,0.0006894000107422471,0.00034470000537112355,0.00034470000537112355,0.1779769999993732,ok,16.483988,16.483988
Hilbert,TSP-correlated-n900-g1000-2,19519.184,13727,0.03133180001168512,0.01566590000584256,0.01566590000584256,9.894945000007285,ok,42.195553,42.195553
Hilbert,TSP-grid-n10-g10000-4,30710.734,25056,0.0001686000032350421,8.430000161752105e-05,8.430000161752105e-05,0.0441749000019626,ok,22.568384,22.568384
Hilbert,TSP-grid-n100-g10000-2,114515.56,98648,0.0007445000228472054,0.0003722500114236027,0.0003722500114236027,0.2805251000099815,ok,16.085032,16.085032
Hilbert,TSP-grid-n100-g10000-4,114841.02,98586,0.0007137000211514533,0.00035685001057572663,0.00035685001057572663,0.1673253000044496,ok,16.488167,16.488167
Hilbert,TSP-grid-n100-g10000-1,114465.75,98611,0.0006757000228390098,0.0003378500114195049,0.0003378500114195049,0.1102959999989252,ok,16.078074,16.078074
Hilbert,TSP-grid-n100-g1000-4,11455.093,9820,0.0007533000025432557,0.00037665000127162784,0.00037665000127162784,0.125507100005052,ok,16.650639,16.650639
Hilbert,TSP-grid-n100-g1000-5,11340.414,9823,0.006066699977964163,0.0030333499889820814,0.0030333499889820814,0.3266926999931456,ok,15.447563,15.447563
Hilbert,TSP-correlated-n900-g10000-3,198160.95,137251,0.05333009999594651,0.026665049997973256,0.026665049997973256,3.2123751000035554,ok,44.378513,44.378513
Hilbert,TSP-grid-n100-g1000-1,11422.6455,9835,0.0007763999747112393,0.00038819998735561967,0.00038819998735561967,0.1768841000011889,ok,16.14281,16.14281
Hilbert,TSP-grid-n100-g10000-5,114947.37,98857,0.0007125999836716801,0.00035629999183584005,0.00035629999183584005,0.1966960999998264,ok,16.276407,16.276407
Hilbert,TSP-correlated-n900-g10000-2,193859.31,134548,0.05258529999991879,0.026292649999959394,0.026292649999959394,13.909226300005685,ok,44.081898,44.081898
Hilbert,TSP-grid-n20-g1000-2,4521.9414,3960,0.0002583000168669969,0.00012915000843349844,0.00012915000843349844,0.1772540000092703,ok,14.19044,14.19044
Hilbert,TSP-correlated-n900-g10000-4,194821.98,139095,0.087221399997361,0.0436106999986805,0.0436106999986805,12.135074999998324,ok,40.063972,40.063972
Hilbert,TSP-grid-n20-g1000-4,4833.285,4005,0.00023360000341199338,0.00011680000170599669,0.00011680000170599669,0.0473046999977668,ok,20.681276,20.681276
Hilbert,TSP-correlated-n900-g10000-5,198254.11,140149,0.064975899993442,0.032487949996721,0.032487949996721,17.42656339998939,ok,41.459526,41.459526
Hilbert,TSP-correlated-n900-g10000-1,194820.69,134054,0.09543770001619123,0.047718850008095615,0.047718850008095615,11.238714699997216,ok,45.330006,45.330006
Hilbert,TSP-grid-n20-g1000-1,4485.87,3940,0.000238799984799698,0.000119399992399849,0.000119399992399849,0.0737645999906817,ok,13.854572,13.854572
Hilbert,TSP-grid-n20-g10000-4,47605.816,39643,0.00021970001398585737,0.00010985000699292868,0.00010985000699292868,0.0582121000043116,ok,20.086311,20.086311
Hilbert,TSP-correlated-n900-g1000-5,19278.068,13842,0.08336759998928756,0.04168379999464378,0.04168379999464378,13.971598600008292,ok,39.272274,39.272274
Hilbert,TSP-grid-n1000-g10000-1,325327.56,306285,0.032299599988618866,0.016149799994309433,0.016149799994309433,4.7623859999876,ok,6.2172694,6.2172694
Hilbert,TSP-grid-n20-g1000-3,4536.885,3971,0.0002539000124670565,0.00012695000623352826,0.00012695000623352826,0.08281240001088,ok,14.250435,14.250435
Hilbert,TSP-grid-n1000-g1000-3,32469.855,30593,0.039454200014006346,0.019727100007003173,0.019727100007003173,5.707034100021701,ok,6.1349177,6.1349177
Hilbert,TSP-grid-n20-g10000-2,46729.402,39556,0.00022679998073726892,0.00011339999036863446,0.00011339999036863446,0.0543364000041037,ok,18.134802,18.134802
Hilbert,TSP-grid-n1000-g10000-5,325098.88,306166,0.030811800010269508,0.015405900005134754,0.015405900005134754,5.344472299999325,ok,6.1838593,6.1838593
Hilbert,TSP-grid-n200-g10000-2,150485.94,131378,0.0012400000123307109,0.0006200000061653554,0.0006200000061653554,0.5131672999996226,ok,14.544244,14.544244
Hilbert,TSP-grid-n20-g1000-5,4689.863,3966,0.00024059999850578606,0.00012029999925289303,0.00012029999925289303,0.0590631000086432,ok,18.251709,18.251709
Hilbert,TSP-grid-n200-g10000-1,149613.86,131476,0.0012291999883018434,0.0006145999941509217,0.0006145999941509217,0.4991861000016797,ok,13.795567,13.795567
Hilbert,TSP-grid-n200-g1000-2,15164.65,13079,0.007101900002453476,0.003550950001226738,0.003550950001226738,0.5038027999980841,ok,15.946558,15.946558
Hilbert,TSP-grid-n200-g1000-3,14983.098,13063,0.0012329999881330878,0.0006164999940665439,0.0006164999940665439,0.5988573000067845,ok,14.69875,14.69875
Hilbert,TSP-grid-n200-g10000-4,150708.19,131136,0.012882400013040751,0.006441200006520376,0.006441200006520376,1.003089200006798,ok,14.925106,14.925106
Hilbert,TSP-grid-n200-g1000-5,14969.08,13098,0.0012403999862726778,0.0006201999931363389,0.0006201999931363389,0.8554424000030849,ok,14.285235,14.285235
Hilbert,TSP-grid-n30-g1000-4,6056.252,4958,0.0002817999920807779,0.00014089999604038894,0.00014089999604038894,0.0998158000002149,ok,22.151108,22.151108
Hilbert,TSP-grid-n20-g10000-3,48243.195,39667,0.00028020000900141895,0.00014010000450070947,0.00014010000450070947,0.0656922999914968,ok,21.62048,21.62048
Hilbert,TSP-grid-n200-g1000-1,14848.046,13129,0.001279799995245412,0.000639899997622706,0.000639899997622706,0.3863897999981418,ok,13.093503,13.093503
Hilbert,TSP-grid-n30-g1000-2,6061.6113,4935,0.00033489998895674944,0.00016744999447837472,0.00016744999447837472,0.0555973000009544,ok,22.829004,22.829004
Hilbert,TSP-grid-n20-g10000-1,47290.11,39395,0.00023260002490133047,0.00011630001245066524,0.00011630001245066524,0.042733499998576,ok,20.040892,20.040892
Hilbert,TSP-grid-n200-g10000-5,149080.48,131362,0.0012538000009953976,0.0006269000004976988,0.0006269000004976988,0.6499589000013657,ok,13.488288,13.488288
Hilbert,TSP-grid-n1000-g1000-4,32414.082,30605,0.06533339997986332,0.03266669998993166,0.03266669998993166,4.232757299992954,ok,5.9110665,5.9110665
Hilbert,TSP-grid-n200-g10000-3,150134.34,130973,0.008071599993854761,0.0040357999969273806,0.0040357999969273806,1.082463300001109,ok,14.629995,14.629995
Hilbert,TSP-grid-n1000-g1000-2,32430.816,30613,0.07983000000240281,0.039915000001201406,0.039915000001201406,7.380860800010851,ok,5.938054,5.938054
Hilbert,TSP-grid-n200-g1000-4,15107.942,13126,0.0012595000152941793,0.0006297500076470897,0.0006297500076470897,0.4735019000072498,ok,15.099363,15.099363
Hilbert,TSP-grid-n1000-g10000-2,324651.78,306071,0.0899306999926921,0.04496534999634605,0.04496534999634605,3.772795099997893,ok,6.070742,6.070742
Hilbert,TSP-grid-n30-g1000-1,6025.609,4934,0.0002798000059556216,0.0001399000029778108,0.0001399000029778108,0.0444505000050412,ok,22.124218,22.124218
Hilbert,TSP-grid-n30-g10000-3,62798.383,49470,0.0010823000047821552,0.0005411500023910776,0.0005411500023910776,0.0431679000030271,ok,26.942354,26.942354
Hilbert,TSP-grid-n30-g10000-4,62663.0,49487,0.0007158999796956778,0.0003579499898478389,0.0003579499898478389,0.047612599999411,ok,26.625174,26.625174
Hilbert,TSP-grid-n1000-g10000-4,325137.8,306199,0.06369899999117479,0.031849499995587394,0.031849499995587394,3.5757956999877933,ok,6.185132,6.185132
Hilbert,TSP-grid-n300-g1000-2,20178.355,16381,0.002238900022348389,0.0011194500111741945,0.0011194500111741945,1.3863742999965325,ok,23.181463,23.181463
Hilbert,TSP-grid-n1000-g1000-5,32433.635,30628,0.06198749999748543,0.030993749998742715,0.030993749998742715,5.714466100005666,ok,5.895373,5.895373
Hilbert,TSP-grid-n20-g10000-5,47775.918,39582,0.003441599983489141,0.0017207999917445704,0.0017207999917445704,0.0620587000012164,ok,20.701122,20.701122
Hilbert,TSP-grid-n30-g1000-5,6126.0376,4975,0.000278300023637712,0.000139150011818856,0.000139150011818856,0.0414306000020587,ok,23.136435,23.136435
Hilbert,TSP-grid-n1000-g10000-3,325047.38,306502,0.06434559999615885,0.03217279999807943,0.03217279999807943,2.79256620000524,ok,6.050654,6.050654
Hilbert,TSP-grid-n1000-g1000-1,32441.734,30597,0.07558300002710894,0.03779150001355447,0.03779150001355447,4.669257900008233,ok,6.0291348,6.0291348
Hilbert,TSP-grid-n30-g10000-2,59331.777,49710,0.0015633000002708286,0.0007816500001354143,0.0007816500001354143,0.0523699999903328,ok,19.355818,19.355818
Hilbert,TSP-grid-n30-g10000-5,62718.605,49222,0.0025348000053782016,0.0012674000026891008,0.0012674000026891008,0.0785103000089293,ok,27.419865,27.419865
Hilbert,TSP-grid-n300-g1000-1,19731.236,16340,0.004199099988909438,0.002099549994454719,0.002099549994454719,0.8146417999960249,ok,20.7542,20.7542
Hilbert,TSP-grid-n40-g1000-2,6651.425,5633,0.00033650000113993883,0.00016825000056996942,0.00016825000056996942,0.0746224999893456,ok,18.079617,18.079617
Hilbert,TSP-grid-n40-g10000-1,66714.32,56451,0.0003294000052846968,0.0001647000026423484,0.0001647000026423484,0.1195974000002024,ok,18.180937,18.180937
Hilbert,TSP-grid-n30-g1000-3,6169.8105,4965,0.00028810001094825566,0.00014405000547412783,0.00014405000547412783,0.0511092999950051,ok,24.266073,24.266073
Hilbert,TSP-grid-n40-g1000-5,6696.742,5683,0.00037960000918246806,0.00018980000459123403,0.00018980000459123403,0.0965358000103151,ok,17.838152,17.838152
Hilbert,TSP-grid-n300-g10000-3,194828.75,163735,0.007981600007042289,0.003990800003521144,0.003990800003521144,1.3851436999975704,ok,18.990288,18.990288
Hilbert,TSP-grid-n30-g10000-1,57933.49,49506,0.00031450000824406743,0.00015725000412203372,0.00015725000412203372,0.0771703999926103,ok,17.023165,17.023165
Hilbert,TSP-grid-n300-g1000-3,19713.145,16327,0.006617599981836975,0.0033087999909184873,0.0033087999909184873,1.6555994999944232,ok,20.739538,20.739538
Hilbert,TSP-grid-n40-g1000-1,6756.383,5640,0.00034350002533756196,0.00017175001266878098,0.00017175001266878098,0.0535690000106114,ok,19.794022,19.794022
Hilbert,TSP-grid-n40-g10000-4,66721.2,56742,0.0003387999895494431,0.00016939999477472156,0.00016939999477472156,0.0464243000023998,ok,17.586977,17.586977
Hilbert,TSP-grid-n40-g1000-3,6697.7656,5666,0.0003994000144302845,0.00019970000721514225,0.00019970000721514225,0.048104699992109,ok,18.20977,18.20977
Hilbert,TSP-grid-n300-g1000-5,19765.85,16334,0.00666719998116605,0.003333599990583025,0.003333599990583025,0.6537748999980977,ok,21.010466,21.010466
Hilbert,TSP-grid-n40-g10000-2,68265.06,56537,0.008058899984462187,0.004029449992231093,0.004029449992231093,0.049675299989758,ok,20.744047,20.744047
Hilbert,TSP-grid-n300-g10000-5,195522.55,163778,0.01451090001501143,0.007255450007505715,0.007255450007505715,2.115101899995352,ok,19.38267,19.38267
Hilbert,TSP-grid-n300-g10000-2,194883.4,163706,0.011770800017984584,0.005885400008992292,0.005885400008992292,0.9038822000002256,ok,19.044756,19.044756
Hilbert,TSP-grid-n300-g10000-1,198348.34,163571,0.019100500008789822,0.009550250004394911,0.009550250004394911,0.9042711999936728,ok,21.261314,21.261314
Hilbert,TSP-grid-n40-g1000-4,6655.3457,5627,0.00037209998117759824,0.00018604999058879912,0.00018604999058879912,0.0956316999945556,ok,18.275204,18.275204
Hilbert,TSP-grid-n40-g10000-3,66401.53,56559,0.0003293000045232475,0.00016465000226162374,0.00016465000226162374,0.0488406999938888,ok,17.402237,17.402237
Hilbert,TSP-grid-n40-g10000-5,66939.414,56528,0.00036450001061894,0.00018225000530947,0.00018225000530947,0.0487005000031786,ok,18.418154,18.418154
Hilbert,TSP-grid-n5-g1000-1,1818.0591,1818,0.0001626000157557428,8.13000078778714e-05,8.13000078778714e-05,0.0381178999959956,ok,0.0032498366,0.0032498366
Hilbert,TSP-grid-n300-g1000-4,19743.61,16397,0.017194400017615408,0.008597200008807704,0.008597200008807704,0.8668343000026653,ok,20.409887,20.409887
Hilbert,TSP-grid-n300-g10000-4,198561.19,163853,0.02152199999545701,0.010760999997728504,0.010760999997728504,1.2446332999970764,ok,21.182516,21.182516
Hilbert,TSP-grid-n5-g1000-5,1828.7777,1829,0.00015060001169331372,7.530000584665686e-05,7.530000584665686e-05,0.0406201000005239,ok,-0.0121536385,0.0121536385
Hilbert,TSP-grid-n5-g1000-2,1809.1755,1809,0.0001501999795436859,7.509998977184296e-05,7.509998977184296e-05,0.0379096000106073,ok,0.009703544,0.009703544
Hilbert,TSP-grid-n400-g1000-5,22469.45,19597,0.009671200008597225,0.0048356000042986125,0.0048356000042986125,1.5967649999947753,ok,14.657598,14.657598
Hilbert,TSP-grid-n5-g1000-3,1814.0654,1814,0.0001604999997653067,8.024999988265336e-05,8.024999988265336e-05,0.038455600006273,ok,0.0036069287,0.0036069287
Hilbert,TSP-grid-n400-g1000-3,22493.12,19564,0.010804299992742017,0.0054021499963710085,0.0054021499963710085,2.8931661999959037,ok,14.971985,14.971985
Hilbert,TSP-grid-n400-g1000-2,22472.967,19603,0.006293800019193441,0.0031469000095967203,0.0031469000095967203,2.483611600007862,ok,14.640448,14.640448
Hilbert,TSP-grid-n5-g1000-4,1788.0103,1788,0.0001441999920643866,7.20999960321933e-05,7.20999960321933e-05,0.0421864000090863,ok,0.0005734847,0.0005734847
Hilbert,TSP-grid-n5-g10000-1,18244.467,18245,0.0001503000094089657,7.515000470448285e-05,7.515000470448285e-05,0.097076999998535,ok,-0.0029224616,0.0029224616
Hilbert,TSP-grid-n5-g10000-3,18532.389,18533,0.00013120000949129462,6.560000474564731e-05,6.560000474564731e-05,0.0411043999920366,ok,-0.0032985925,0.0032985925
Hilbert,TSP-grid-n5-g10000-4,17817.277,17817,0.00014359998749569058,7.179999374784529e-05,7.179999374784529e-05,0.042674900003476,ok,0.0015566244,0.0015566244
Hilbert,TSP-grid-n50-g1000-3,7305.243,6163,0.0004220000118948519,0.00021100000594742596,0.00021100000594742596,0.0755187000031583,ok,18.533882,18.533882
Hilbert,TSP-grid-n400-g10000-5,224820.7,196360,0.0064315999916289,0.00321579999581445,0.00321579999581445,1.3914100999973016,ok,14.494144,14.494144
Hilbert,TSP-grid-n50-g1000-1,7474.9326,6165,0.00044570001773536205,0.00022285000886768103,0.00022285000886768103,0.074884599991492,ok,21.247894,21.247894
Hilbert,TSP-grid-n400-g10000-1,224252.12,196191,0.01932469999883324,0.00966234999941662,0.00966234999941662,1.0572685000079218,ok,14.302963,14.302963
Hilbert,TSP-grid-n50-g1000-2,7358.174,6164,0.00044850000995211303,0.00022425000497605652,0.00022425000497605652,0.0628346000012243,ok,19.37336,19.37336
Hilbert,TSP-grid-n50-g10000-4,75047.88,61898,0.00040129999979399145,0.00020064999989699572,0.00020064999989699572,0.1672893000068143,ok,21.24444,21.24444
Hilbert,TSP-grid-n5-g10000-5,18087.46,18087,0.00016309999045915902,8.154999522957951e-05,8.154999522957951e-05,0.0726224999962141,ok,0.0025484464,0.0025484464
Hilbert,TSP-grid-n50-g1000-4,7306.4077,6158,0.00043000001460313797,0.00021500000730156898,0.00021500000730156898,0.0741139000019757,ok,18.649036,18.649036
Hilbert,TSP-grid-n400-g1000-1,22450.053,19598,0.02860530000180006,0.01430265000090003,0.01430265000090003,1.12642099999357,ok,14.552775,14.552775
Hilbert,TSP-grid-n50-g10000-3,75190.5,61652,0.0023917000216897577,0.0011958500108448789,0.0011958500108448789,0.0495977999962633,ok,21.959547,21.959547
Hilbert,TSP-grid-n5-g10000-2,17926.857,17927,0.0018644999945536256,0.0009322499972768128,0.0009322499972768128,0.0400826999975834,ok,-0.0007953262,0.0007953262
Hilbert,TSP-grid-n400-g10000-3,224285.31,196223,0.024368699989281595,0.012184349994640797,0.012184349994640797,1.2072048999980325,ok,14.301234,14.301234
Hilbert,TSP-grid-n50-g10000-1,73706.79,61824,0.00039500001003034413,0.00019750000501517206,0.00019750000501517206,0.1596762999979546,ok,19.220348,19.220348
Hilbert,TSP-grid-n50-g1000-5,7356.7,6165,0.00045110000064596534,0.00022555000032298267,0.00022555000032298267,0.1778572999901371,ok,19.330091,19.330091
Hilbert,TSP-grid-n400-g1000-4,22496.082,19629,0.030340800003614277,0.015170400001807138,0.015170400001807138,1.3407510999968508,ok,14.606359,14.606359
Hilbert,TSP-grid-n50-g10000-2,74341.89,61797,0.0003927999932784587,0.00019639999663922936,0.00019639999663922936,0.0878449000010732,ok,20.300161,20.300161
Hilbert,TSP-grid-n400-g10000-2,223768.75,196178,0.025582300004316494,0.012791150002158247,0.012791150002158247,1.5804934999905529,ok,14.06414,14.06414
Hilbert,TSP-grid-n50-g10000-5,72167.25,61816,0.0004169000021647662,0.0002084500010823831,0.0002084500010823831,0.0993877000000793,ok,16.74526,16.74526
Hilbert,TSP-grid-n500-g1000-3,24259.42,21297,0.010842899995623156,0.005421449997811578,0.005421449997811578,1.2492216999962693,ok,13.910034,13.910034
Hilbert,TSP-grid-n60-g1000-5,8432.203,7407,0.0004387000226415694,0.0002193500113207847,0.0002193500113207847,0.1847070999938296,ok,13.841003,13.841003
Hilbert,TSP-grid-n60-g1000-3,8461.032,7377,0.007844100007787347,0.003922050003893673,0.003922050003893673,0.0973147000040626,ok,14.694757,14.694757
Hilbert,TSP-grid-n60-g1000-1,8454.464,7365,0.00046609999844804406,0.00023304999922402203,0.00023304999922402203,0.1098225000023376,ok,14.792448,14.792448
Hilbert,TSP-grid-n500-g1000-4,24347.121,21281,0.02047879999736324,0.01023939999868162,0.01023939999868162,2.739613300000201,ok,14.407786,14.407786
Hilbert,TSP-grid-n60-g10000-1,84716.19,74039,0.0004994000191800296,0.0002497000095900148,0.0002497000095900148,0.0610493999993195,ok,14.421031,14.421031
Hilbert,TSP-grid-n500-g1000-2,24307.484,21320,0.023740700009511784,0.011870350004755892,0.011870350004755892,2.667742100005853,ok,14.012591,14.012591
Hilbert,TSP-grid-n500-g10000-1,243069.42,213465,0.01213129999814555,0.006065649999072775,0.006065649999072775,1.925273400003789,ok,13.868514,13.868514
Hilbert,TSP-grid-n60-g1000-4,8423.141,7409,0.000505700008943677,0.0002528500044718385,0.0002528500044718385,0.1005820999998832,ok,13.687955,13.687955
Hilbert,TSP-grid-n60-g10000-5,83866.43,74190,0.00048340001376345754,0.00024170000688172877,0.00024170000688172877,0.0664864999998826,ok,13.0427685,13.0427685
Hilbert,TSP-grid-n400-g10000-4,224505.23,196170,0.03624200000194833,0.018121000000974163,0.018121000000974163,1.1964666999992914,ok,14.444224,14.444224
Hilbert,TSP-grid-n60-g10000-4,83945.945,74081,0.0004358000005595386,0.0002179000002797693,0.0002179000002797693,0.0538078000099631,ok,13.316432,13.316432
Hilbert,TSP-grid-n60-g10000-2,84689.76,74122,0.00045590000809170306,0.00022795000404585153,0.00022795000404585153,0.0568367999949259,ok,14.257249,14.257249
Hilbert,TSP-grid-n60-g1000-2,8478.406,7381,0.00047149998135864735,0.00023574999067932367,0.00023574999067932367,0.0861988000106066,ok,14.867989,14.867989
Hilbert,TSP-grid-n500-g10000-3,242151.72,213038,0.0195409000152722,0.0097704500076361,0.0097704500076361,1.986009100000956,ok,13.665974,13.665974
Hilbert,TSP-grid-n500-g1000-5,24308.95,21289,0.01466780001646839,0.007333900008234195,0.007333900008234195,2.378370799997356,ok,14.185492,14.185492
Hilbert,TSP-grid-n70-g1000-1,9422.327,7693,0.0005050000036135316,0.0002525000018067658,0.0002525000018067658,0.1147316999995382,ok,22.47923,22.47923
Hilbert,TSP-grid-n60-g10000-3,83860.64,74107,0.026434600003995,0.0132173000019975,0.0132173000019975,0.1911524000024655,ok,13.161564,13.161564
Hilbert,TSP-grid-n70-g1000-2,8904.559,7678,0.0005522000137716532,0.0002761000068858266,0.0002761000068858266,0.0788297000108286,ok,15.974975,15.974975
Hilbert,TSP-grid-n600-g1000-4,27244.988,23552,0.03716620002523996,0.01858310001261998,0.01858310001261998,3.067345200004638,ok,15.680148,15.680148
Hilbert,TSP-grid-n500-g1000-1,24174.906,21303,0.032701299991458654,0.016350649995729327,0.016350649995729327,3.68159109998669,ok,13.48123,13.48123
Hilbert,TSP-grid-n70-g1000-3,9170.6455,7692,0.0004996000207029283,0.00024980001035146415,0.00024980001035146415,0.0703671000082977,ok,19.223162,19.223162
Hilbert,TSP-grid-n70-g10000-3,97101.086,76944,0.0005141999863553792,0.0002570999931776896,0.0002570999931776896,0.0918578999990131,ok,26.197084,26.197084
Hilbert,TSP-grid-n500-g10000-5,243280.5,213394,0.028348300023935735,0.014174150011967868,0.014174150011967868,1.301349500005017,ok,14.005314,14.005314
Hilbert,TSP-grid-n500-g10000-4,243170.8,213440,0.05908450001152232,0.02954225000576116,0.02954225000576116,9.563585800002327,ok,13.929346,13.929346
Hilbert,TSP-grid-n600-g10000-1,272247.25,235164,0.03635989999747835,0.018179949998739175,0.018179949998739175,1.8720173000037903,ok,15.769102,15.769102
Hilbert,TSP-grid-n500-g10000-2,243489.48,213359,0.04856100000324659,0.024280500001623295,0.024280500001623295,1.5549931999994442,ok,14.121966,14.121966
Hilbert,TSP-grid-n70-g10000-4,90154.63,76715,0.0005070000188425183,0.00025350000942125916,0.00025350000942125916,0.1486788999900454,ok,17.518911,17.518911
Hilbert,TSP-grid-n70-g10000-2,91597.37,76756,0.000535300001502037,0.0002676500007510185,0.0002676500007510185,0.0806847000058041,ok,19.335775,19.335775
Hilbert,TSP-grid-n70-g10000-1,91793.38,76906,0.0005047000013291836,0.0002523500006645918,0.0002523500006645918,0.0907467999932123,ok,19.357895,19.357895
Hilbert,TSP-grid-n600-g1000-5,27058.605,23515,0.055495699984021485,0.027747849992010742,0.027747849992010742,4.955286499985959,ok,15.069553,15.069553
Hilbert,TSP-grid-n70-g10000-5,88752.64,76729,0.0005233999982010573,0.00026169999910052866,0.00026169999910052866,0.0914296000119065,ok,15.670268,15.670268
Hilbert,TSP-grid-n600-g10000-5,272892.2,235489,0.03278030001092702,0.01639015000546351,0.01639015000546351,2.3921645999944303,ok,15.8832,15.8832
Hilbert,TSP-grid-n70-g1000-4,9380.191,7666,0.0005498999962583184,0.0002749499981291592,0.0002749499981291592,0.0893745000066701,ok,22.360962,22.360962
Hilbert,TSP-grid-n70-g1000-5,9600.592,7643,0.000537499989150092,0.000268749994575046,0.000268749994575046,0.1202329999941866,ok,25.612873,25.612873
Hilbert,TSP-grid-n600-g1000-1,27054.723,23532,0.06006580000394024,0.03003290000197012,0.03003290000197012,3.621342200000072,ok,14.969924,14.969924
Hilbert,TSP-grid-n600-g10000-2,272474.25,235328,0.06138329999521375,0.030691649997606874,0.030691649997606874,2.3659398000017973,ok,15.7848835,15.7848835
Hilbert,TSP-grid-n600-g1000-3,27142.785,23543,0.03689640000811778,0.01844820000405889,0.01844820000405889,2.954862200000207,ok,15.290257,15.290257
Hilbert,TSP-grid-n8-g1000-2,3132.146,2677,0.00017949999892152846,8.974999946076423e-05,8.974999946076423e-05,0.0419527000049129,ok,17.002092,17.002092
Hilbert,TSP-grid-n8-g1000-3,3428.8018,2709,0.000166199984960258,8.3099992480129e-05,8.3099992480129e-05,0.0406829999992623,ok,26.570755,26.570755
Hilbert,TSP-grid-n600-g1000-2,27170.852,23538,0.050284700002521276,0.025142350001260638,0.025142350001260638,4.385219600007986,ok,15.433985,15.433985
Hilbert,TSP-grid-n8-g1000-1,3106.1077,2616,0.0001689000055193901,8.445000275969505e-05,8.445000275969505e-05,0.0442483999941032,ok,18.735003,18.735003
Hilbert,TSP-grid-n600-g10000-3,271732.44,235312,0.06782329999259673,0.033911649996298365,0.033911649996298365,2.6667087000096217,ok,15.4775095,15.4775095
Hilbert,TSP-grid-n8-g1000-4,3351.6516,2626,0.00020820001373067498,0.00010410000686533749,0.00010410000686533749,0.0467681000009179,ok,27.633345,27.633345
Hilbert,TSP-grid-n700-g1000-2,28467.996,25400,0.027204199985135347,0.013602099992567673,0.013602099992567673,2.633811200008495,ok,12.078725,12.078725
Hilbert,TSP-grid-n700-g10000-2,284238.4,253901,0.03960049999295734,0.01980024999647867,0.01980024999647867,2.240805499997805,ok,11.948518,11.948518
Hilbert,TSP-grid-n700-g10000-4,282912.66,254363,0.026481300010345876,0.013240650005172938,0.013240650005172938,1.7147016000089934,ok,11.223982,11.223982
Hilbert,TSP-grid-n8-g1000-5,3084.94,2625,0.0001900999923236668,9.50499961618334e-05,9.50499961618334e-05,0.0469012999965343,ok,17.52152,17.52152
Hilbert,TSP-grid-n8-g10000-1,30681.707,26300,0.0002308000111952424,0.0001154000055976212,0.0001154000055976212,0.1906726000015624,ok,16.660482,16.660482
Hilbert,TSP-grid-n700-g10000-3,283749.25,254228,0.04648690001340583,0.023243450006702915,0.023243450006702915,2.0763944999926025,ok,11.612116,11.612116
Hilbert,TSP-grid-n80-g1000-4,11088.413,8759,0.0005704000068362802,0.0002852000034181401,0.0002852000034181401,0.1788432000030297,ok,26.594511,26.594511
Hilbert,TSP-grid-n80-g1000-1,11304.33,8739,0.0005680999893229455,0.00028404999466147274,0.00028404999466147274,0.174717400004738,ok,29.354963,29.354963
Hilbert,TSP-grid-n80-g1000-2,10694.728,8761,0.0006194000015966594,0.0003097000007983297,0.0003097000007983297,0.2415097999910358,ok,22.071997,22.071997
Hilbert,TSP-grid-n700-g10000-1,282940.75,254476,0.04386340000201017,0.021931700001005083,0.021931700001005083,2.433581200006301,ok,11.185633,11.185633
Hilbert,TSP-grid-n700-g1000-1,28364.72,25395,0.044952399999601766,0.022476199999800883,0.022476199999800883,2.8405992000043625,ok,11.694117,11.694117
Hilbert,TSP-grid-n80-g1000-5,11435.247,8745,0.0005920999974478036,0.0002960499987239018,0.0002960499987239018,0.2035680999979376,ok,30.76326,30.76326
Hilbert,TSP-grid-n8-g10000-2,31984.438,27360,0.00015869998605921865,7.934999302960932e-05,7.934999302960932e-05,0.1788990999921225,ok,16.902184,16.902184
Hilbert,TSP-grid-n600-g10000-4,271740.78,235148,0.06305579998297617,0.031527899991488084,0.031527899991488084,1.4075776999961818,ok,15.561596,15.561596
Hilbert,TSP-grid-n8-g10000-4,31617.701,26841,0.00016230001347139478,8.115000673569739e-05,8.115000673569739e-05,0.0435529000096721,ok,17.796286,17.796286
Hilbert,TSP-grid-n8-g10000-5,31072.469,26515,0.00020359997870400548,0.00010179998935200274,0.00010179998935200274,0.0403244000044651,ok,17.188267,17.188267
Hilbert,TSP-grid-n80-g10000-5,110097.375,87785,0.0005760999920312315,0.00028804999601561576,0.00028804999601561576,0.1388131999992765,ok,25.417072,25.417072
Hilbert,TSP-grid-n80-g10000-1,113059.97,87560,0.0005885999999009073,0.00029429999995045364,0.00029429999995045364,0.1846328000101493,ok,29.12285,29.12285
Hilbert,TSP-grid-n80-g10000-4,108881.56,87986,0.00060299999313429,0.000301499996567145,0.000301499996567145,0.063237599999411,ok,23.748735,23.748735
Hilbert,TSP-grid-n700-g1000-3,28383.5,25373,0.03799760001129471,0.018998800005647354,0.018998800005647354,3.028157499997178,ok,11.864974,11.864974
Hilbert,TSP-grid-n700-g1000-5,28468.25,25401,0.03695299997343682,0.01847649998671841,0.01847649998671841,5.014709800001583,ok,12.075312,12.075312
Hilbert,TSP-grid-n8-g10000-3,34333.855,26819,0.0001720000000204891,8.600000001024455e-05,8.600000001024455e-05,0.0415458000061335,ok,28.020641,28.020641
Hilbert,TSP-grid-n80-g10000-2,111667.95,87952,0.0005715999868698418,0.0002857999934349209,0.0002857999934349209,0.1187938999937614,ok,26.964655,26.964655
Hilbert,TSP-grid-n90-g1000-4,10752.971,8867,0.0006392999785020947,0.00031964998925104737,0.00031964998925104737,0.090528800006723,ok,21.269547,21.269547
Hilbert,TSP-grid-n90-g1000-2,10537.567,8837,0.0006814000080339611,0.00034070000401698053,0.00034070000401698053,0.1009650999912992,ok,19.24372,19.24372
Hilbert,TSP-grid-n80-g1000-3,11080.818,8764,0.0034278999955859035,0.0017139499977929518,0.0017139499977929518,0.230531900000642,ok,26.435629,26.435629
Hilbert,TSP-grid-n700-g1000-4,28272.477,25374,0.06764270001440309,0.033821350007201545,0.033821350007201545,2.898427799998899,ok,11.4230175,11.4230175
Hilbert,TSP-grid-n90-g1000-3,10699.119,8868,0.0006758000236004591,0.00033790001180022955,0.00033790001180022955,0.2486376999877393,ok,20.648615,20.648615
Hilbert,TSP-grid-n90-g1000-1,10901.784,8855,0.0006399000121746212,0.0003199500060873106,0.0003199500060873106,0.1393122999870684,ok,23.114447,23.114447
Hilbert,TSP-grid-n90-g10000-1,107242.33,88697,0.0006235000037122518,0.0003117500018561259,0.0003117500018561259,0.2718501000053948,ok,20.908632,20.908632
Hilbert,TSP-grid-n800-g1000-4,30201.611,27018,0.02734309999505058,0.01367154999752529,0.01367154999752529,5.775566800002707,ok,11.783298,11.783298
Hilbert,TSP-grid-n90-g1000-5,10749.505,8870,0.0006417999975383282,0.0003208999987691641,0.0003208999987691641,0.3668387000070652,ok,21.189457,21.189457
Hilbert,TSP-grid-n80-g10000-3,113436.66,87158,0.009008399996673688,0.004504199998336844,0.004504199998336844,0.0733934999880148,ok,30.150595,30.150595
Hilbert,TSP-grid-n800-g10000-1,302242.2,270423,0.023072199983289465,0.011536099991644733,0.011536099991644733,5.407338999997592,ok,11.76645,11.76645
Hilbert,TSP-grid-n90-g10000-5,109299.195,88945,0.0006411999929696321,0.0003205999964848161,0.0003205999964848161,0.4071621000039158,ok,22.884026,22.884026
Hilbert,TSP-grid-n90-g10000-4,110243.3,88826,0.000610999995842576,0.000305499997921288,0.000305499997921288,0.3239789999934146,ok,24.111519,24.111519
Hilbert,TSP-grid-n90-g10000-3,111651.586,88919,0.0006513999833259732,0.0003256999916629866,0.0003256999916629866,0.3617527000023983,ok,25.565498,25.565498
Hilbert,TSP-grid-n700-g10000-5,284269.8,254471,0.07155339999007992,0.03577669999503996,0.03577669999503996,3.598070600011852,ok,11.710101,11.710101
Hilbert,TSP-grid-n90-g10000-2,105052.58,88890,0.0006337000231724232,0.0003168500115862116,0.0003168500115862116,0.1846479999949224,ok,18.182673,18.182673
Hilbert,TSP-line_noise-n10-g1000-2,1911.3608,1864,0.00018659999477677047,9.329999738838524e-05,9.329999738838524e-05,0.124518500000704,ok,2.5408177,2.5408177
Hilbert,TSP-grid-n800-g10000-3,301691.47,270468,0.03231399998185225,0.016156999990926124,0.016156999990926124,3.1081610999972327,ok,11.544238,11.544238
Hilbert,TSP-grid-n800-g10000-4,304702.8,270129,0.06075509998481721,0.030377549992408603,0.030377549992408603,56.69785069998761,ok,12.799001,12.799001
Hilbert,TSP-grid-n800-g1000-2,30305.42,27039,0.043026499974075705,0.021513249987037852,0.021513249987037852,8.367211100005079,ok,12.080402,12.080402
Hilbert,TSP-grid-n900-g1000-3,31451.703,29364,0.05010690001654439,0.025053450008272193,0.025053450008272193,3.4635525999910897,ok,7.1097364,7.1097364
Hilbert,TSP-grid-n800-g1000-1,30402.898,27028,0.06618140000500716,0.03309070000250358,0.03309070000250358,8.203661000006832,ok,12.486674,12.486674
Hilbert,TSP-grid-n900-g1000-2,31511.623,29361,0.03286070001195185,0.016430350005975924,0.016430350005975924,3.972894999998971,ok,7.3247614,7.3247614
Hilbert,TSP-grid-n800-g1000-5,30288.8,27002,0.06787339999573305,0.033936699997866526,0.033936699997866526,5.092065099990577,ok,12.172435,12.172435
Hilbert,TSP-line_noise-n10-g10000-3,38153.31,31210,0.00016719999257475138,8.359999628737569e-05,8.359999628737569e-05,0.8652230000006966,ok,22.247065,22.247065
Hilbert,TSP-line_noise-n10-g1000-3,3482.179,2738,0.029810500011080876,0.014905250005540438,0.014905250005540438,0.0818216999759897,ok,27.179655,27.179655
Hilbert,TSP-grid-n800-g10000-5,304115.47,270438,0.08792000001994893,0.043960000009974465,0.043960000009974465,3.465790999995079,ok,12.452935,12.452935
Hilbert,TSP-grid-n800-g10000-2,302729.6,270683,0.06684609997319058,0.03342304998659529,0.03342304998659529,6.033954600017751,ok,11.83916,11.83916
Hilbert,TSP-grid-n900-g1000-1,31504.893,29359,0.03899890001048334,0.01949945000524167,0.01949945000524167,5.37775519999559,ok,7.309148,7.309148
Hilbert,TSP-grid-n800-g1000-3,30352.875,27021,0.0682991000066977,0.03414955000334885,0.03414955000334885,2.087877900004969,ok,12.330687,12.330687
Hilbert,TSP-grid-n900-g10000-4,313971.25,294012,0.01708720001624897,0.008543600008124486,0.008543600008124486,270.55115700000897,ok,6.7885833,6.7885833
Hilbert,TSP-line_noise-n10-g1000-1,2789.6475,2618,0.0001700000138953328,8.50000069476664e-05,8.50000069476664e-05,0.0797580999787896,ok,6.556435,6.556435
Hilbert,TSP-line_noise-n100-g1000-2,4152.6597,3330,0.000691299996105954,0.000345649998052977,0.000345649998052977,1.231738599948585,ok,24.704494,24.704494
Hilbert,TSP-line_noise-n10-g10000-1,23140.262,22756,0.00018950001685880125,9.475000842940062e-05,9.475000842940062e-05,0.7442105999798514,ok,1.6886171,1.6886171
Hilbert,TSP-line_noise-n10-g1000-4,2915.3027,2814,0.0001888000115286559,9.440000576432794e-05,9.440000576432794e-05,0.0946990000084042,ok,3.599955,3.599955
Hilbert,TSP-line_noise-n100-g1000-1,4771.7744,3357,0.0006844999734312296,0.0003422499867156148,0.0003422499867156148,1.2120501999743285,ok,42.14401,42.14401
Hilbert,TSP-line_noise-n10-g10000-2,28344.928,28096,0.00018690002616494894,9.345001308247447e-05,9.345001308247447e-05,0.516573500004597,ok,0.88598996,0.88598996
Hilbert,TSP-line_noise-n100-g1000-3,4361.7783,3250,0.0007841000042390078,0.0003920500021195039,0.0003920500021195039,0.7097790000261739,ok,34.208565,34.208565
Hilbert,TSP-line_noise-n10-g1000-5,2984.3918,2970,0.00016979998326860368,8.489999163430184e-05,8.489999163430184e-05,0.079591599991545,ok,0.48457393,0.48457393
Hilbert,TSP-line_noise-n10-g10000-4,27736.727,27665,0.0001925000105984509,9.625000529922545e-05,9.625000529922545e-05,0.7032987999846227,ok,0.25926825,0.25926825
Hilbert,TSP-grid-n900-g1000-5,31486.008,29413,0.071938399982173,0.0359691999910865,0.0359691999910865,7.04349069998716,ok,7.0479302,7.0479302
Hilbert,TSP-grid-n900-g10000-1,313210.72,294220,0.06020500001613982,0.03010250000806991,0.03010250000806991,4.094849599990994,ok,6.454598,6.454598
Hilbert,TSP-line_noise-n10-g10000-5,28331.543,27923,0.00018169998656958342,9.084999328479171e-05,9.084999328479171e-05,0.5960228000185452,ok,1.4631056,1.4631056
Hilbert,TSP-line_noise-n100-g10000-2,44129.89,33315,0.0007853999850340188,0.0003926999925170094,0.0003926999925170094,1.0250083000282757,ok,32.462524,32.462524
Hilbert,TSP-line_noise-n100-g1000-5,4431.0356,2577,0.0006627000111620873,0.00033135000558104366,0.00033135000558104366,1.921994099975564,ok,71.9455,71.9455
Hilbert,TSP-grid-n900-g10000-2,314965.16,294303,0.07971389999147505,0.03985694999573752,0.03985694999573752,358.9380663000047,ok,7.020709,7.020709
Hilbert,TSP-line_noise-n100-g1000-4,5007.538,3258,0.0006548000092152506,0.0003274000046076253,0.0003274000046076253,0.3600863000028766,ok,53.699757,53.699757
Hilbert,TSP-line_noise-n100-g10000-3,54668.297,31398,0.0007004000071901828,0.0003502000035950914,0.0003502000035950914,3.346799099992495,ok,74.113945,74.113945
Hilbert,TSP-grid-n900-g10000-5,313704.03,294175,0.02810289998888038,0.01405144999444019,0.01405144999444019,3.79263899999205,ok,6.638576,6.638576
Hilbert,TSP-line_noise-n100-g10000-5,49745.38,33338,0.0006436000112444162,0.0003218000056222081,0.0003218000056222081,1.2547347999643534,ok,49.215244,49.215244
Hilbert,TSP-line_noise-n100-g10000-1,42594.375,33611,0.0006477000133600086,0.0003238500066800043,0.0003238500066800043,2.862844999996014,ok,26.727486,26.727486
Hilbert,TSP-grid-n900-g1000-4,31506.162,29360,0.09273060000850819,0.046365300004254095,0.046365300004254095,5.838307700003497,ok,7.309817,7.309817
Hilbert,TSP-grid-n900-g10000-3,314009.66,294168,0.03145999999833293,0.015729999999166466,0.015729999999166466,2.381662599989795,ok,6.7450085,6.7450085
Hilbert,TSP-line_noise-n20-g1000-1,3174.0984,2954,0.0002303999790456146,0.0001151999895228073,0.0001151999895228073,0.0794407000066712,ok,7.450859,7.450859
Hilbert,TSP-line_noise-n20-g10000-2,29049.816,28105,0.00021019999985583127,0.00010509999992791563,0.00010509999992791563,0.6572273000492714,ok,3.3617377,3.3617377
Hilbert,TSP-line_noise-n20-g10000-3,31979.344,30353,0.00022340001305565238,0.00011170000652782619,0.00011170000652782619,0.3574789999984205,ok,5.358099,5.358099
Hilbert,TSP-line_noise-n20-g1000-4,2577.017,2187,0.00024530000519007444,0.00012265000259503722,0.00012265000259503722,0.0850437000044621,ok,17.83343,17.83343
Hilbert,TSP-line_noise-n20-g1000-3,3580.1687,2730,0.000225499999942258,0.000112749999971129,0.000112749999971129,0.0781957000144757,ok,31.14171,31.14171
Hilbert,TSP-line_noise-n20-g1000-5,2785.7842,2727,0.0002631999959703535,0.00013159999798517674,0.00013159999798517674,0.2009057000395842,ok,2.1556356,2.1556356
Hilbert,TSP-line_noise-n200-g1000-1,5432.378,3530,0.0012012000079266727,0.0006006000039633363,0.0006006000039633363,1.583470199955627,ok,53.891724,53.891724
Hilbert,TSP-line_noise-n20-g1000-2,3249.5515,3056,0.00022570000146515667,0.00011285000073257834,0.00011285000073257834,0.0787783000268973,ok,6.333492,6.333492
Hilbert,TSP-line_noise-n100-g10000-4,42311.973,33689,0.0006705999840050936,0.0003352999920025468,0.0003352999920025468,1.022647300036624,ok,25.595812,25.595812
Hilbert,TSP-line_noise-n20-g10000-4,29904.12,29688,0.0002204999909736216,0.0001102499954868108,0.0001102499954868108,0.4929897999973036,ok,0.72796804,0.72796804
Hilbert,TSP-line_noise-n20-g10000-5,34351.145,29754,0.00023939998936839402,0.00011969999468419701,0.00011969999468419701,0.7500306000001729,ok,15.450509,15.450509
Hilbert,TSP-line_noise-n200-g1000-3,5027.9497,3636,0.014099399995757267,0.0070496999978786334,0.0070496999978786334,1.9665618000435643,ok,38.282444,38.282444
Hilbert,TSP-line_noise-n200-g1000-5,4999.3354,3675,0.013059699995210394,0.006529849997605197,0.006529849997605197,2.4352190000354312,ok,36.03634,36.03634
Hilbert,TSP-line_noise-n1000-g10000-3,86228.73,53234,0.03043370001250878,0.01521685000625439,0.01521685000625439,6.853039500012528,ok,61.980553,61.980553
Hilbert,TSP-line_noise-n200-g10000-1,59591.453,37357,0.0012038999993819743,0.0006019499996909872,0.0006019499996909872,2.2125010000308976,ok,59.518837,59.518837
Hilbert,TSP-line_noise-n200-g10000-3,53409.777,37416,0.012584400014020503,0.006292200007010251,0.006292200007010251,2.096996799984481,ok,42.745823,42.745823
Hilbert,TSP-line_noise-n30-g1000-1,2376.874,2229,0.00036750000435858965,0.00018375000217929482,0.00018375000217929482,0.2931917999521829,ok,6.6340966,6.6340966
Hilbert,TSP-line_noise-n200-g10000-2,66532.81,34182,0.020478299993555993,0.010239149996777996,0.010239149996777996,2.721535100019537,ok,94.64283,94.64283
Hilbert,TSP-line_noise-n1000-g10000-2,82670.516,55898,0.059193799999775365,0.029596899999887682,0.029596899999887682,4.287416699982714,ok,47.8953,47.8953
Hilbert,TSP-line_noise-n30-g10000-1,41950.305,31004,0.0003243999963160604,0.0001621999981580302,0.0001621999981580302,0.3754595000064,ok,35.306107,35.306107
Hilbert,TSP-line_noise-n200-g1000-4,5431.8975,3597,0.0042347999988123775,0.0021173999994061887,0.0021173999994061887,2.5976993999793194,ok,51.011883,51.011883
Hilbert,TSP-line_noise-n30-g1000-3,3919.5537,3073,0.00029650001670233905,0.00014825000835116953,0.00014825000835116953,0.2558151000412181,ok,27.548119,27.548119
Hilbert,TSP-line_noise-n1000-g1000-3,8988.699,5705,0.07429989997763187,0.03714994998881593,0.03714994998881593,8.106752499996219,ok,57.55827,57.55827
Hilbert,TSP-line_noise-n200-g10000-4,48497.305,36813,0.0012682999949902296,0.0006341499974951148,0.0006341499974951148,2.6897398000000976,ok,31.739616,31.739616
Hilbert,TSP-line_noise-n1000-g1000-5,10608.672,7181,0.08202289999462664,0.04101144999731332,0.04101144999731332,52.331671399995685,ok,47.732513,47.732513
Hilbert,TSP-line_noise-n30-g1000-5,3149.109,2307,0.0002857999934349209,0.00014289999671746045,0.00014289999671746045,0.2386623999918811,ok,36.502335,36.502335
Hilbert,TSP-line_noise-n200-g1000-2,5675.9927,3876,0.017289799987338483,0.008644899993669242,0.008644899993669242,1.651382499956526,ok,46.439438,46.439438
Hilbert,TSP-line_noise-n20-g10000-1,33119.625,29506,0.00023099998361431062,0.00011549999180715531,0.00011549999180715531,0.6447151000029407,ok,12.247086,12.247086
Hilbert,TSP-line_noise-n30-g10000-3,31437.275,28660,0.0003032999811694026,0.0001516499905847013,0.0001516499905847013,0.3613605000427924,ok,9.690423,9.690423
Hilbert,TSP-line_noise-n1000-g10000-5,78695.72,54135,0.07582470000488684,0.03791235000244342,0.03791235000244342,31.594816600030757,ok,45.36939,45.36939
Hilbert,TSP-line_noise-n30-g1000-4,4236.0396,2985,0.0003718000079970807,0.00018590000399854034,0.00018590000399854034,0.3565535000525415,ok,41.910873,41.910873
Hilbert,TSP-line_noise-n200-g10000-5,47110.64,34437,0.0021377999801188707,0.0010688999900594354,0.0010688999900594354,1.513278700003866,ok,36.802395,36.802395
Hilbert,TSP-line_noise-n1000-g1000-2,10731.357,6766,0.09290359998703934,0.04645179999351967,0.04645179999351967,16.23994640004821,ok,58.607113,58.607113
Hilbert,TSP-line_noise-n1000-g10000-4,87317.266,58129,0.07629870000528172,0.03814935000264086,0.03814935000264086,20.81497649999801,ok,50.212914,50.212914
Hilbert,TSP-line_noise-n30-g10000-2,41948.926,29017,0.0002848999865818769,0.00014244999329093844,0.00014244999329093844,0.4337746999808587,ok,44.56672,44.56672
Hilbert,TSP-line_noise-n30-g10000-5,31265.23,30832,0.0002840999804902822,0.0001420499902451411,0.0001420499902451411,0.2116898000240326,ok,1.4051325,1.4051325
Hilbert,TSP-line_noise-n1000-g1000-1,12679.0,7670,0.08491449998109601,0.04245724999054801,0.04245724999054801,12.204721199988851,ok,65.30639,65.30639
Hilbert,TSP-line_noise-n40-g1000-3,3066.2017,2096,0.00033239999902434647,0.00016619999951217324,0.00016619999951217324,0.0839632999850437,ok,46.288246,46.288246
Hilbert,TSP-line_noise-n30-g10000-4,34248.348,29650,0.000291000003926456,0.000145500001963228,0.000145500001963228,0.303669799992349,ok,15.50876,15.50876
Hilbert,TSP-line_noise-n40-g1000-5,3355.7588,2331,0.0003485000052023679,0.00017425000260118395,0.00017425000260118395,0.1585745000047609,ok,43.962196,43.962196
Hilbert,TSP-line_noise-n1000-g10000-1,77494.04,50575,0.07620150002185255,0.038100750010926276,0.038100750010926276,5.538742400007322,ok,53.225983,53.225983
Hilbert,TSP-line_noise-n40-g1000-2,3372.8364,3091,0.0003677999775391072,0.0001838999887695536,0.0001838999887695536,0.1597117000492289,ok,9.1179695,9.1179695
Hilbert,TSP-line_noise-n40-g10000-3,45631.953,31605,0.0003201999934390187,0.00016009999671950936,0.00016009999671950936,0.3684576000086963,ok,44.38207,44.38207
Hilbert,TSP-line_noise-n300-g1000-4,6484.757,3829,0.007085699995514005,0.0035428499977570027,0.0035428499977570027,4.004447999992408,ok,69.35902,69.35902
Hilbert,TSP-line_noise-n300-g10000-2,66050.414,43857,0.010652200027834624,0.005326100013917312,0.005326100013917312,4.430159299983643,ok,50.60404,50.60404
Hilbert,TSP-line_noise-n30-g1000-2,3268.3877,3132,0.0002710999979171902,0.0001355499989585951,0.0001355499989585951,0.0878323999932035,ok,4.3546515,4.3546515
Hilbert,TSP-line_noise-n300-g1000-3,5267.503,3811,0.024587499996414408,0.012293749998207204,0.012293749998207204,2.0224242999684066,ok,38.21839,38.21839
Hilbert,TSP-line_noise-n40-g10000-4,28227.008,25494,0.007428099983371794,0.003714049991685897,0.003714049991685897,0.8476260000024922,ok,10.720201,10.720201
Hilbert,TSP-line_noise-n40-g1000-4,3640.6226,3069,0.00036669999826699495,0.00018334999913349748,0.00018334999913349748,0.0659227999858558,ok,18.625694,18.625694
Hilbert,TSP-line_noise-n40-g10000-1,45154.727,29953,0.00038170002517290413,0.00019085001258645207,0.00019085001258645207,0.382908400031738,ok,50.75193,50.75193
Hilbert,TSP-line_noise-n1000-g1000-4,10798.785,6799,0.1114555999811273,0.05572779999056365,0.05572779999056365,8.113024299964309,ok,58.82902,58.82902
Hilbert,TSP-line_noise-n300-g10000-1,59900.78,37771,0.03155539999715984,0.01577769999857992,0.01577769999857992,4.770957400032785,ok,58.589344,58.589344
Hilbert,TSP-line_noise-n40-g10000-5,40474.094,28524,0.00037330001941882074,0.00018665000970941037,0.00018665000970941037,0.5050877000321634,ok,41.894875,41.894875
Hilbert,TSP-line_noise-n300-g10000-3,52929.086,39004,0.007168300013290718,0.003584150006645359,0.003584150006645359,3.4552785000414588,ok,35.701687,35.701687
Hilbert,TSP-line_noise-n300-g10000-4,48465.207,37360,0.030681800009915605,0.015340900004957803,0.015340900004957803,4.147504599997774,ok,29.724857,29.724857
Hilbert,TSP-line_noise-n300-g1000-5,6246.162,3708,0.029009399993810803,0.014504699996905401,0.014504699996905401,5.204167800024152,ok,68.45097,68.45097
Hilbert,TSP-line_noise-n40-g1000-1,3276.2517,3135,0.0003764999855775386,0.0001882499927887693,0.0001882499927887693,0.1129651999799534,ok,4.5056367,4.5056367
Hilbert,TSP-line_noise-n300-g1000-1,5446.7134,3806,0.037582999997539446,0.018791499998769723,0.018791499998769723,2.7189189000055194,ok,43.1086,43.1086
Hilbert,TSP-line_noise-n5-g1000-2,2297.7085,2297,0.00015390000771731138,7.695000385865569e-05,7.695000385865569e-05,0.1085464999778196,ok,0.03084441,0.03084441
Hilbert,TSP-line_noise-n400-g1000-3,8009.4463,4382,0.009204200003296137,0.004602100001648068,0.004602100001648068,6.108798699977342,ok,82.78061,82.78061
Hilbert,TSP-line_noise-n300-g1000-2,7140.0664,4031,0.0413364999985788,0.0206682499992894,0.0206682499992894,2.788598599960096,ok,77.128914,77.128914
Hilbert,TSP-line_noise-n40-g10000-2,38146.867,31602,0.000380899989977479,0.0001904499949887395,0.0001904499949887395,0.1959509000298567,ok,20.710295,20.710295
Hilbert,TSP-line_noise-n400-g10000-2,65040.062,41943,0.010969299997668713,0.005484649998834357,0.005484649998834357,6.300679000036325,ok,55.06774,55.06774
Hilbert,TSP-line_noise-n5-g1000-3,2649.8733,2650,0.0001674999948590994,8.37499974295497e-05,8.37499974295497e-05,0.0885028000338934,ok,-0.004781471,0.004781471
Hilbert,TSP-line_noise-n300-g10000-5,61741.523,38501,0.037922499992419034,0.018961249996209517,0.018961249996209517,3.848907000035979,ok,60.36343,60.36343
Hilbert,TSP-line_noise-n400-g1000-1,7400.4004,4242,0.022718399995937943,0.011359199997968972,0.011359199997968972,7.6729078000062145,ok,74.45545,74.45545
Hilbert,TSP-line_noise-n5-g1000-1,1691.033,1691,0.00015330000314861536,7.665000157430768e-05,7.665000157430768e-05,0.0985896000056527,ok,0.0019490825,0.0019490825
Hilbert,TSP-line_noise-n5-g10000-3,28582.707,28094,0.00014629997895099223,7.314998947549611e-05,7.314998947549611e-05,2.569483299972489,ok,1.7395424,1.7395424
Hilbert,TSP-line_noise-n400-g1000-4,6368.759,4339,0.0387705999892205,0.01938529999461025,0.01938529999461025,7.506071400013752,ok,46.779415,46.779415
Hilbert,TSP-line_noise-n5-g10000-5,24050.18,24050,0.00021860000560991466,0.00010930000280495733,0.00010930000280495733,0.891630099969916,ok,0.00074714137,0.00074714137
Hilbert,TSP-line_noise-n5-g10000-2,26773.18,26730,0.0001731000083964318,8.65500041982159e-05,8.65500041982159e-05,6.8248636000207625,ok,0.16154017,0.16154017
Hilbert,TSP-line_noise-n5-g10000-1,27069.828,27070,0.000148899998748675,7.44499993743375e-05,7.44499993743375e-05,1.377202400006354,ok,-0.000634928,0.000634928
Hilbert,TSP-line_noise-n50-g1000-3,3863.143,3245,0.00043089999235235155,0.00021544999617617577,0.00021544999617617577,0.2650196999893524,ok,19.049093,19.049093
Hilbert,TSP-line_noise-n50-g1000-1,3891.3027,3175,0.03604259999701753,0.018021299998508766,0.018021299998508766,0.0885907000047154,ok,22.560715,22.560715
Hilbert,TSP-line_noise-n400-g10000-5,60637.215,39735,0.04363020000164397,0.021815100000821985,0.021815100000821985,3.580055699974764,ok,52.60404,52.60404
Hilbert,TSP-line_noise-n5-g1000-5,2392.9268,2387,0.00016880000475794077,8.440000237897038e-05,8.440000237897038e-05,0.1223815000266768,ok,0.24829316,0.24829316
Hilbert,TSP-line_noise-n50-g10000-4,40103.56,23882,0.0004036000173073262,0.0002018000086536631,0.0002018000086536631,0.3529505999758839,ok,67.92378,67.92378
Hilbert,TSP-line_noise-n400-g10000-4,64847.492,39773,0.043282800004817545,0.021641400002408773,0.021641400002408773,9.524631700012833,ok,63.044006,63.044006
Hilbert,TSP-line_noise-n50-g1000-2,3327.3706,3197,0.00042890000622719526,0.00021445000311359763,0.00021445000311359763,0.160065800009761,ok,4.077904,4.077904
Hilbert,TSP-line_noise-n5-g1000-4,2759.0278,2759,0.00013689999468624592,6.844999734312296e-05,6.844999734312296e-05,0.0991776000009849,ok,0.0010087724,0.0010087724
Hilbert,TSP-line_noise-n50-g1000-5,3635.868,3211,0.00038529999437741935,0.00019264999718870968,0.00019264999718870968,0.0812335999798961,ok,13.231638,13.231638
Hilbert,TSP-line_noise-n50-g10000-3,41516.727,31599,0.00039319999632425606,0.00019659999816212803,0.00019659999816212803,0.3555882999789901,ok,31.386202,31.386202
Hilbert,TSP-line_noise-n50-g10000-5,38710.844,32406,0.0004183999844826758,0.0002091999922413379,0.0002091999922413379,0.5722340999636799,ok,19.455791,19.455791
Hilbert,TSP-line_noise-n50-g10000-1,49071.566,33183,0.0003890000225510448,0.0001945000112755224,0.0001945000112755224,0.3583539000246674,ok,47.881645,47.881645
Hilbert,TSP-line_noise-n400-g10000-1,79860.45,44494,0.05263730001752265,0.026318650008761324,0.026318650008761324,2.7327393000014126,ok,79.48589,79.48589
Hilbert,TSP-line_noise-n500-g1000-2,7348.3145,4844,0.0044646000023931265,0.0022323000011965632,0.0022323000011965632,4.558396200009156,ok,51.699303,51.699303
Hilbert,TSP-line_noise-n60-g1000-2,3731.8203,3219,0.00047229998745024204,0.00023614999372512102,0.00023614999372512102,1.6379668000154195,ok,15.931045,15.931045
Hilbert,TSP-line_noise-n50-g1000-4,5045.6123,3168,0.00046609999844804406,0.00023304999922402203,0.00023304999922402203,0.0944939000182785,ok,59.268063,59.268063
Hilbert,TSP-line_noise-n50-g10000-2,33650.195,21675,0.0004065999819431454,0.0002032999909715727,0.0002032999909715727,0.6534516999963671,ok,55.24888,55.24888
Hilbert,TSP-line_noise-n5-g10000-4,17620.652,17607,0.0011752000136766583,0.0005876000068383291,0.0005876000068383291,1.8684281999594528,ok,0.077539295,0.077539295
Hilbert,TSP-line_noise-n400-g10000-3,58471.67,40923,0.07154969999101013,0.035774849995505065,0.035774849995505065,5.136573399999179,ok,42.882175,42.882175
Hilbert,TSP-line_noise-n400-g1000-2,6175.4287,4093,0.06218200002331287,0.031091000011656433,0.031091000011656433,6.153651600005105,ok,50.877808,50.877808
Hilbert,TSP-line_noise-n60-g1000-4,3874.0273,2300,0.0004998999938834459,0.00024994999694172293,0.00024994999694172293,0.0609786000568419,ok,68.435974,68.435974
Hilbert,TSP-line_noise-n500-g1000-5,7006.9487,4637,0.015529700001934543,0.007764850000967272,0.007764850000967272,9.103967800037935,ok,51.109528,51.109528
Hilbert,TSP-line_noise-n60-g10000-4,41298.54,28044,0.0004532000166364014,0.0002266000083182007,0.0002266000083182007,1.6861372999846935,ok,47.26337,47.26337
Hilbert,TSP-line_noise-n500-g10000-1,60320.914,42695,0.014734700002009049,0.0073673500010045245,0.0073673500010045245,7.234000599943101,ok,41.28332,41.28332
Hilbert,TSP-line_noise-n60-g1000-1,3628.8918,3190,0.00046660000225529075,0.00023330000112764537,0.00023330000112764537,0.7722540999529883,ok,13.758366,13.758366
Hilbert,TSP-line_noise-n60-g10000-3,36604.875,32624,0.00045300001511350274,0.00022650000755675137,0.00022650000755675137,0.3664078000001609,ok,12.20229,12.20229
Hilbert,TSP-line_noise-n500-g1000-1,7943.5557,4954,0.014189500012435019,0.0070947500062175095,0.0070947500062175095,5.399986100033857,ok,60.3463,60.3463
Hilbert,TSP-line_noise-n60-g10000-1,44401.645,32647,0.0004585999995470047,0.00022929999977350235,0.00022929999977350235,0.8800307000055909,ok,36.005283,36.005283
Hilbert,TSP-line_noise-n60-g1000-5,3695.6929,3309,0.0005217999860178679,0.00026089999300893396,0.00026089999300893396,0.1899274999741464,ok,11.686095,11.686095
Hilbert,TSP-line_noise-n500-g1000-4,7904.915,4692,0.025982599996495992,0.012991299998247996,0.012991299998247996,5.222816299996339,ok,68.47645,68.47645
Hilbert,TSP-line_noise-n60-g10000-2,41944.74,32588,0.00047939998330548406,0.00023969999165274203,0.00023969999165274203,0.7518795999931172,ok,28.71222,28.71222
Hilbert,TSP-line_noise-n60-g1000-3,4767.979,3226,0.00047030000132508576,0.00023515000066254288,0.00023515000066254288,1.4340310999541543,ok,47.79848,47.79848
Hilbert,TSP-line_noise-n500-g1000-3,7358.5527,4317,0.016627299977699295,0.008313649988849647,0.008313649988849647,4.864058099978138,ok,70.45524,70.45524
Hilbert,TSP-line_noise-n400-g1000-5,6138.4336,4275,0.030231000011553988,0.015115500005776994,0.015115500005776994,5.128029600018635,ok,43.589092,43.589092
Hilbert,TSP-line_noise-n60-g10000-5,36072.805,22841,0.0004589000018313527,0.00022945000091567636,0.00022945000091567636,0.6698989999713376,ok,57.930058,57.930058
Hilbert,TSP-line_noise-n500-g10000-4,82069.45,46660,0.027627200004644692,0.013813600002322346,0.013813600002322346,4.856502200011164,ok,75.88824,75.88824
Hilbert,TSP-line_noise-n70-g1000-2,4283.921,3398,0.0005043999990448356,0.0002521999995224178,0.0002521999995224178,1.491798699949868,ok,26.071835,26.071835
Hilbert,TSP-line_noise-n600-g1000-1,9741.328,6222,0.021014500001911074,0.010507250000955537,0.010507250000955537,10.337055499956476,ok,56.56265,56.56265
Hilbert,TSP-line_noise-n70-g10000-2,45201.234,32008,0.0005054999783169478,0.0002527499891584739,0.0002527499891584739,1.8043891999986956,ok,41.21855,41.21855
Hilbert,TSP-line_noise-n70-g10000-1,43456.008,32130,0.0005017000075895339,0.00025085000379476696,0.00025085000379476696,0.8254399999859743,ok,35.25057,35.25057
Hilbert,TSP-line_noise-n500-g10000-5,69301.55,41299,0.023331599979428574,0.011665799989714287,0.011665799989714287,7.745369500014931,ok,67.80442,67.80442
Hilbert,TSP-line_noise-n70-g10000-4,38652.01,33064,0.0005107000179123133,0.00025535000895615667,0.00025535000895615667,0.2208179999724961,ok,16.90059,16.90059
Hilbert,TSP-line_noise-n500-g10000-3,73986.14,50604,0.023987699998542666,0.011993849999271333,0.011993849999271333,4.054906699981075,ok,46.206112,46.206112
Hilbert,TSP-line_noise-n600-g10000-5,79273.22,47020,0.021572600002400577,0.010786300001200289,0.010786300001200289,12.37861980003072,ok,68.59468,68.59468
Hilbert,TSP-line_noise-n70-g1000-5,5036.744,3341,0.0004999999946448952,0.0002499999973224476,0.0002499999973224476,0.3780528000206686,ok,50.755585,50.755585
Hilbert,TSP-line_noise-n70-g1000-3,4178.755,2461,0.0005018000083509833,0.00025090000417549163,0.00025090000417549163,0.5055124000064097,ok,69.79906,69.79906
Hilbert,TSP-line_noise-n70-g1000-4,3641.782,3160,0.0005446000141091645,0.00027230000705458224,0.00027230000705458224,0.1949113000300713,ok,15.246264,15.246264
Hilbert,TSP-line_noise-n600-g10000-2,63016.055,44975,0.04163299998617731,0.020816499993088655,0.020816499993088655,7.693786500021815,ok,40.113518,40.113518
Hilbert,TSP-line_noise-n500-g10000-2,59962.164,40204,0.032600400008959696,0.016300200004479848,0.016300200004479848,6.720261800044682,ok,49.14477,49.14477
Hilbert,TSP-line_noise-n600-g10000-4,88518.39,52339,0.0236729999887757,0.01183649999438785,0.01183649999438785,6.83521109999856,ok,69.12511,69.12511
Hilbert,TSP-line_noise-n70-g10000-5,44721.5,31929,0.0004908000119030476,0.0002454000059515238,0.0002454000059515238,0.4456309999804944,ok,40.06546,40.06546
Hilbert,TSP-line_noise-n70-g10000-3,38446.508,26093,0.0005086000019218773,0.00025430000096093863,0.00025430000096093863,1.5671040000161156,ok,47.344147,47.344147
Hilbert,TSP-line_noise-n600-g1000-2,8780.942,5498,0.04876989999320358,0.02438494999660179,0.02438494999660179,13.52973509998992,ok,59.711575,59.711575
Hilbert,TSP-line_noise-n600-g10000-1,76576.016,50254,0.046810600004391745,0.023405300002195872,0.023405300002195872,8.210245100024622,ok,52.377953,52.377953
Hilbert,TSP-line_noise-n600-g1000-4,8482.981,5154,0.019119300006423146,0.009559650003211573,0.009559650003211573,8.381685899978038,ok,64.59025,64.59025
Hilbert,TSP-line_noise-n70-g1000-1,4691.756,3186,0.0005543000006582588,0.0002771500003291294,0.0002771500003291294,1.7632248000008983,ok,47.26164,47.26164
Hilbert,TSP-line_noise-n600-g10000-3,72437.02,47109,0.0595927000103984,0.0297963500051992,0.0297963500051992,4.125985699996818,ok,53.764725,53.764725
Hilbert,TSP-line_noise-n600-g1000-5,8196.063,5217,0.04255640000337735,0.021278200001688674,0.021278200001688674,9.14870229997905,ok,57.103,57.103
Hilbert,TSP-line_noise-n700-g1000-5,11888.371,5946,0.02289799999562092,0.01144899999781046,0.01144899999781046,7.781146200024523,ok,99.93897,99.93897
Hilbert,TSP-line_noise-n8-g1000-2,2936.0024,2894,0.00017519999528303742,8.759999764151871e-05,8.759999764151871e-05,0.1234144999762065,ok,1.4513628,1.4513628
Hilbert,TSP-line_noise-n8-g1000-3,2911.6394,2848,0.00018319999799132347,9.159999899566174e-05,9.159999899566174e-05,0.0825369000085629,ok,2.2345297,2.2345297
Hilbert,TSP-line_noise-n600-g1000-3,9757.303,5911,0.05673020001268014,0.02836510000634007,0.02836510000634007,20.71598149999045,ok,65.07025,65.07025
Hilbert,TSP-line_noise-n8-g1000-5,3053.5576,2926,0.00018200001795776188,9.100000897888094e-05,9.100000897888094e-05,0.091148899984546,ok,4.359454,4.359454
Hilbert,TSP-line_noise-n80-g1000-1,4234.865,3282,0.0005792999872937799,0.0002896499936468899,0.0002896499936468899,0.258186699997168,ok,29.033066,29.033066
Hilbert,TSP-line_noise-n700-g1000-4,10924.206,6148,0.029658500017831102,0.014829250008915551,0.014829250008915551,9.766425499983598,ok,77.68715,77.68715
Hilbert,TSP-line_noise-n8-g1000-4,2921.9058,2791,0.00013470000703819096,6.735000351909548e-05,6.735000351909548e-05,0.0804704999900423,ok,4.690282,4.690282
Hilbert,TSP-line_noise-n8-g1000-1,2310.7778,2212,0.0001660000125411898,8.30000062705949e-05,8.30000062705949e-05,0.0893829999840818,ok,4.4655437,4.4655437
Hilbert,TSP-line_noise-n8-g10000-2,24556.629,24508,0.00015320000238716602,7.660000119358301e-05,7.660000119358301e-05,1.6604499000241049,ok,0.19842054,0.19842054
Hilbert,TSP-line_noise-n8-g10000-3,22771.748,21003,0.0001731000083964318,8.65500041982159e-05,8.65500041982159e-05,0.7291148999938741,ok,8.421407,8.421407
Hilbert,TSP-line_noise-n8-g10000-5,24916.727,24718,0.017033100011758506,0.008516550005879253,0.008516550005879253,0.9251907999860124,ok,0.8039751,0.8039751
Hilbert,TSP-line_noise-n8-g10000-1,23025.32,22445,0.00014170000213198364,7.085000106599182e-05,7.085000106599182e-05,1.07303770002909,ok,2.5855215,2.5855215
Hilbert,TSP-line_noise-n700-g10000-2,81556.484,50143,0.02380809999885969,0.011904049999429844,0.011904049999429844,13.898695099982431,ok,62.647797,62.647797
Hilbert,TSP-line_noise-n8-g10000-4,26404.96,26291,0.00016549997963011265,8.274998981505632e-05,8.274998981505632e-05,1.3732047999510542,ok,0.43345988,0.43345988
Hilbert,TSP-line_noise-n700-g10000-4,69225.32,45250,0.025340299995150417,0.012670149997575209,0.012670149997575209,16.24251180002466,ok,52.98413,52.98413
Hilbert,TSP-line_noise-n80-g1000-2,3723.9521,3262,0.0005734000005759299,0.00028670000028796494,0.00028670000028796494,0.6281069999677129,ok,14.161623,14.161623
Hilbert,TSP-line_noise-n700-g1000-2,9360.994,5554,0.03524719999404624,0.01762359999702312,0.01762359999702312,7.629846700001508,ok,68.54508,68.54508
Hilbert,TSP-line_noise-n80-g10000-2,37562.25,33242,0.0006400000129360706,0.0003200000064680353,0.0003200000064680353,1.063296900014393,ok,12.996361,12.996361
Hilbert,TSP-line_noise-n80-g1000-4,4041.7869,3360,0.0006033999961800873,0.00030169999809004366,0.00030169999809004366,1.092907100042794,ok,20.291277,20.291277
Hilbert,TSP-line_noise-n700-g1000-1,8859.988,5250,0.052573799999663606,0.026286899999831803,0.026286899999831803,11.70760419999715,ok,68.76168,68.76168
Hilbert,TSP-line_noise-n700-g1000-3,7347.0615,4953,0.04307509999489412,0.02153754999744706,0.02153754999744706,12.313857899978755,ok,48.335587,48.335587
Hilbert,TSP-line_noise-n80-g10000-1,39696.94,24267,0.0005846999993082136,0.0002923499996541068,0.0002923499996541068,3.1960871999617666,ok,63.58405,63.58405
Hilbert,TSP-line_noise-n80-g1000-5,4425.545,3112,0.0005584000027738512,0.0002792000013869256,0.0002792000013869256,0.1451355000026524,ok,42.209026,42.209026
Hilbert,TSP-line_noise-n80-g10000-4,35434.137,31798,0.0005935000081080943,0.00029675000405404717,0.00029675000405404717,0.5696435000281781,ok,11.435112,11.435112
Hilbert,TSP-line_noise-n80-g10000-3,40932.305,29848,0.0005790000141132623,0.00028950000705663115,0.00028950000705663115,0.9727469999925232,ok,37.135838,37.135838
Hilbert,TSP-line_noise-n700-g10000-1,70949.68,46256,0.04350780000095256,0.02175390000047628,0.02175390000047628,7.111163099994883,ok,53.384815,53.384815
Hilbert,TSP-line_noise-n80-g1000-3,4059.2976,3254,0.017492300015874207,0.008746150007937104,0.008746150007937104,0.2189450999721884,ok,24.747929,24.747929
Hilbert,TSP-line_noise-n80-g10000-5,40844.145,29035,0.0005766000249423087,0.00028830001247115433,0.00028830001247115433,1.17005600000266,ok,40.6721,40.6721
Hilbert,TSP-line_noise-n90-g1000-2,4113.5605,3224,0.000613199983490631,0.0003065999917453155,0.0003065999917453155,0.2745590000413358,ok,27.591827,27.591827
Hilbert,TSP-line_noise-n800-g10000-1,71060.76,47711,0.022950399987166747,0.011475199993583374,0.011475199993583374,14.519427600025663,ok,48.939987,48.939987
Hilbert,TSP-line_noise-n90-g1000-5,3859.1333,3270,0.000610999995842576,0.000305499997921288,0.000305499997921288,0.3904834999702871,ok,18.016308,18.016308
Hilbert,TSP-line_noise-n90-g1000-1,3388.345,3259,0.0006616000027861446,0.0003308000013930723,0.0003308000013930723,1.42849020002177,ok,3.9688547,3.9688547
Hilbert,TSP-line_noise-n90-g10000-2,49267.68,33492,0.0006572999991476536,0.0003286499995738268,0.0003286499995738268,1.1277326999697834,ok,47.10283,47.10283
Hilbert,TSP-line_noise-n90-g1000-3,5383.6006,3372,0.0005936000088695437,0.00029680000443477184,0.00029680000443477184,0.2582211999688297,ok,59.656006,59.656006
Hilbert,TSP-line_noise-n90-g10000-1,42327.812,32853,0.0006444000173360109,0.00032220000866800547,0.00032220000866800547,0.3434183999779634,ok,28.840023,28.840023
Hilbert,TSP-line_noise-n700-g10000-3,67533.85,45815,0.06552520001423545,0.032762600007117726,0.032762600007117726,10.93676949996734,ok,47.40555,47.40555
Hilbert,TSP-line_noise-n800-g10000-3,70130.2,48573,0.03008419999969192,0.01504209999984596,0.01504209999984596,15.851468199980443,ok,44.38104,44.38104
Hilbert,TSP-line_noise-n700-g10000-5,85977.625,48945,0.06537769999704324,0.03268884999852162,0.03268884999852162,8.308387500001118,ok,75.66171,75.66171
Hilbert,TSP-line_noise-n800-g1000-1,12188.811,6968,0.03624429999035783,0.018122149995178916,0.018122149995178916,15.473641899996435,ok,74.92552,74.92552
Hilbert,TSP-line_noise-n800-g1000-2,8276.56,5077,0.037474799988558516,0.018737399994279258,0.018737399994279258,34.633051500015426,ok,63.02067,63.02067
Hilbert,TSP-line_noise-n90-g1000-4,3770.2168,3320,0.0006490999949164689,0.00032454999745823443,0.00032454999745823443,1.1694689999567345,ok,13.560746,13.560746
Hilbert,TSP-line_noise-n90-g10000-5,49333.414,31583,0.00122079998254776,0.00061039999127388,0.00061039999127388,1.276886499952525,ok,56.20243,56.20243
Hilbert,TSP-line_noise-n90-g10000-4,50538.5,31805,0.0006073999975342304,0.0003036999987671152,0.0003036999987671152,0.6601830000290647,ok,58.90111,58.90111
Hilbert,TSP-line_noise-n90-g10000-3,41076.78,33531,0.0009474999969825149,0.00047374999849125743,0.00047374999849125743,1.219951500010211,ok,22.503897,22.503897
Hilbert,TSP-line_noise-n800-g10000-5,102778.664,60616,0.04177829998661764,0.02088914999330882,0.02088914999330882,15.078985700034536,ok,69.556984,69.556984
Hilbert,TSP-line_noise-n800-g10000-2,114728.766,70959,0.061179299984360114,0.030589649992180057,0.030589649992180057,6.932110099995043,ok,61.683178,61.683178
Hilbert,TSP-line_noise-n800-g1000-4,7805.203,5100,0.057909099996322766,0.028954549998161383,0.028954549998161383,29.788645900029223,ok,53.043198,53.043198
Hilbert,TSP-line_noise-n800-g1000-5,9120.134,5950,0.027119700011098757,0.013559850005549379,0.013559850005549379,16.351178300043102,ok,53.27956,53.27956
Hilbert,TSP-normal-n10-g1000-2,1737.4656,1725,0.00018730000010691583,9.365000005345792e-05,9.365000005345792e-05,0.2216393000126117,ok,0.7226421,0.7226421
Hilbert,TSP-line_noise-n800-g1000-3,9759.872,6314,0.06545530000585131,0.03272765000292566,0.03272765000292566,20.711412400007248,ok,54.575104,54.575104
Hilbert,TSP-normal-n10-g1000-1,1572.026,1391,0.00019570000586099923,9.785000293049961e-05,9.785000293049961e-05,0.4217183000000659,ok,13.01409,13.01409
Hilbert,TSP-normal-n10-g1000-4,1524.1497,1414,0.0001849000109359622,9.24500054679811e-05,9.24500054679811e-05,0.0968223999952897,ok,7.7899337,7.7899337
Hilbert,TSP-normal-n10-g10000-1,16026.628,15502,0.00016670001787133515,8.335000893566757e-05,8.335000893566757e-05,0.040322400003788,ok,3.3842597,3.3842597
Hilbert,TSP-line_noise-n800-g10000-4,102759.14,67801,0.044385300017893314,0.022192650008946657,0.022192650008946657,5.459234500012826,ok,51.559917,51.559917
Hilbert,TSP-line_noise-n900-g1000-2,8688.21,5834,0.04342720002750866,0.02171360001375433,0.02171360001375433,9.920081200019922,ok,48.92372,48.92372
Hilbert,TSP-line_noise-n900-g10000-4,93064.95,54372,0.026189399999566376,0.013094699999783188,0.013094699999783188,3.147703199996613,ok,71.16338,71.16338
Hilbert,TSP-normal-n10-g1000-3,1992.526,1826,0.0001703999878372997,8.519999391864985e-05,8.519999391864985e-05,0.4622107000031974,ok,9.119716,9.119716
Hilbert,TSP-line_noise-n900-g1000-3,10383.802,6156,0.01992779999272898,0.00996389999636449,0.00996389999636449,13.94544479995966,ok,68.67774,68.67774
Hilbert,TSP-normal-n100-g10000-2,79589.46,55767,0.0006669999856967479,0.00033349999284837395,0.00033349999284837395,0.2106460000068182,ok,42.717846,42.717846
Hilbert,TSP-normal-n100-g1000-1,8058.851,5922,0.0006929999799467623,0.00034649998997338116,0.00034649998997338116,0.3882884000049671,ok,36.083267,36.083267
Hilbert,TSP-normal-n10-g1000-5,2619.8494,2295,0.00019120000069960952,9.560000034980476e-05,9.560000034980476e-05,0.3092878000024939,ok,14.154656,14.154656
Hilbert,TSP-normal-n10-g10000-5,17437.762,16328,0.00021170001127757132,0.00010585000563878566,0.00010585000563878566,0.0414543999941088,ok,6.796679,6.796679
Hilbert,TSP-line_noise-n900-g10000-5,88327.56,52602,0.04662010000902228,0.02331005000451114,0.02331005000451114,8.514512499968987,ok,67.91674,67.91674
Hilbert,TSP-normal-n10-g10000-3,13017.547,12592,0.021491299994522706,0.010745649997261353,0.010745649997261353,0.0817912000056821,ok,3.3795018,3.3795018
Hilbert,TSP-normal-n100-g10000-1,77589.07,58587,0.0009014999959617853,0.00045074999798089266,0.00045074999798089266,0.4011992000014288,ok,32.433937,32.433937
Hilbert,TSP-normal-n100-g1000-3,8185.4336,6267,0.0006695000047329813,0.00033475000236649066,0.00033475000236649066,0.2873156999994535,ok,30.611673,30.611673
Hilbert,TSP-normal-n100-g1000-2,7788.0684,5934,0.0007072000007610768,0.0003536000003805384,0.0003536000003805384,0.3067337999964366,ok,31.244833,31.244833
Hilbert,TSP-line_noise-n900-g10000-1,75236.33,48182,0.03574339998885989,0.017871699994429946,0.017871699994429946,23.48611030000029,ok,56.15028,56.15028
Hilbert,TSP-normal-n100-g10000-5,71672.16,56177,0.0007158999796956778,0.0003579499898478389,0.0003579499898478389,0.3129428999964148,ok,27.58274,27.58274
Hilbert,TSP-normal-n10-g10000-4,23317.762,18893,0.00020459998631849885,0.00010229999315924942,0.00010229999315924942,0.0539128999953391,ok,23.420113,23.420113
Hilbert,TSP-line_noise-n900-g1000-1,12683.999,6719,0.09339980001095682,0.04669990000547841,0.04669990000547841,51.92699680000078,ok,88.778076,88.778076
Hilbert,TSP-normal-n10-g10000-2,15848.363,13553,0.00015890001668594778,7.945000834297389e-05,7.945000834297389e-05,0.0386086999933468,ok,16.936201,16.936201
Hilbert,TSP-normal-n100-g10000-3,80171.19,59777,0.0007024999940767884,0.0003512499970383942,0.0003512499970383942,0.7494975000008708,ok,34.117115,34.117115
Hilbert,TSP-normal-n100-g10000-4,73297.89,55631,0.0007088999846018851,0.00035444999230094254,0.00035444999230094254,0.4693867000023601,ok,31.757277,31.757277
Hilbert,TSP-line_noise-n900-g10000-3,81033.47,52911,0.05833629998960532,0.02916814999480266,0.02916814999480266,17.803887100017164,ok,53.150517,53.150517
Hilbert,TSP-normal-n100-g1000-5,6513.201,4925,0.0007025999948382378,0.0003512999974191189,0.0003512999974191189,0.2640253999998094,ok,32.24774,32.24774
Hilbert,TSP-normal-n20-g1000-2,2776.5093,2258,0.00027039999258704484,0.00013519999629352242,0.00013519999629352242,0.1116411999973934,ok,22.96321,22.96321
Hilbert,TSP-normal-n100-g1000-4,7406.954,5712,0.0007077000045683235,0.00035385000228416175,0.00035385000228416175,0.5022791999945184,ok,29.673567,29.673567
Hilbert,TSP-normal-n20-g10000-2,24685.084,20051,0.00025419998564757407,0.00012709999282378703,0.00012709999282378703,0.0473458000051323,ok,23.111485,23.111485
Hilbert,TSP-normal-n20-g1000-5,2267.0273,1958,0.00023099998361431062,0.00011549999180715531,0.00011549999180715531,0.260193199996138,ok,15.782806,15.782806
Hilbert,TSP-normal-n20-g1000-4,2603.066,2287,0.000228899996727705,0.0001144499983638525,0.0001144499983638525,0.1120025999989593,ok,13.82011,13.82011
Hilbert,TSP-line_noise-n900-g1000-5,10131.718,5860,0.09687849998590536,0.04843924999295268,0.04843924999295268,18.306119600019883,ok,72.89621,72.89621
Hilbert,TSP-normal-n20-g10000-1,24070.51,21298,0.00025099999038502574,0.00012549999519251287,0.00012549999519251287,0.051454400003422,ok,13.0177,13.0177
Hilbert,TSP-normal-n20-g10000-3,24131.701,19809,0.0002589000214356929,0.00012945001071784645,0.00012945001071784645,0.0942799000040395,ok,21.821905,21.821905
Hilbert,TSP-normal-n1000-g1000-3,24656.71,17980,0.05684669999754988,0.02842334999877494,0.02842334999877494,11.482060599999386,ok,37.134098,37.134098
Hilbert,TSP-normal-n20-g1000-1,2689.2146,2489,0.0002767000114545226,0.0001383500057272613,0.0001383500057272613,0.2674762999959057,ok,8.043978,8.043978
Hilbert,TSP-line_noise-n900-g1000-4,10048.686,5990,0.11424019999685697,0.057120099998428486,0.057120099998428486,14.459175299969502,ok,67.75769,67.75769
Hilbert,TSP-line_noise-n900-g10000-2,116057.49,68595,0.1177556999900844,0.0588778499950422,0.0588778499950422,6.014943999995012,ok,69.19235,69.19235
Hilbert,TSP-normal-n1000-g1000-4,26051.047,18507,0.05964530000346713,0.029822650001733564,0.029822650001733564,16.51826450000226,ok,40.763206,40.763206
Hilbert,TSP-normal-n1000-g10000-5,240026.56,172250,0.04759930001455359,0.023799650007276796,0.023799650007276796,11.887558999995235,ok,39.347786,39.347786
Hilbert,TSP-normal-n200-g1000-4,11618.393,8396,0.00853110000025481,0.004265550000127405,0.004265550000127405,0.888798100000713,ok,38.380093,38.380093
Hilbert,TSP-normal-n200-g1000-1,10951.786,7863,0.0012559999886434525,0.0006279999943217263,0.0006279999943217263,0.703337900005863,ok,39.28254,39.28254
Hilbert,TSP-normal-n200-g1000-5,10664.471,7731,0.002838899992639199,0.0014194499963195994,0.0014194499963195994,1.0683924999902956,ok,37.94426,37.94426
Hilbert,TSP-normal-n20-g10000-4,33651.434,25866,0.00022010001703165472,0.00011005000851582736,0.00011005000851582736,0.0727817000006325,ok,30.099102,30.099102
Hilbert,TSP-normal-n1000-g1000-5,25081.86,18070,0.06770339998183772,0.03385169999091886,0.03385169999091886,7.670901399993454,ok,38.80387,38.80387
Hilbert,TSP-normal-n1000-g1000-1,24177.002,17225,0.07002399998600595,0.035011999993002973,0.035011999993002973,15.173178299999565,ok,40.359955,40.359955
Hilbert,TSP-normal-n1000-g10000-2,245962.42,177384,0.07287120001274161,0.036435600006370805,0.036435600006370805,403.4844676999783,ok,38.660995,38.660995
Hilbert,TSP-normal-n20-g10000-5,30792.766,26410,0.0002486000012140721,0.00012430000060703605,0.00012430000060703605,0.1147805999935371,ok,16.595098,16.595098
Hilbert,TSP-normal-n200-g1000-3,11928.61,8691,0.001301399985095486,0.000650699992547743,0.000650699992547743,1.765908400004264,ok,37.25245,37.25245
Hilbert,TSP-normal-n1000-g1000-2,25238.398,17952,0.07933889998821542,0.03966944999410771,0.03966944999410771,124.55442600000242,ok,40.588226,40.588226
Hilbert,TSP-normal-n200-g10000-2,113025.2,79426,0.0012342999980319291,0.0006171499990159646,0.0006171499990159646,3.170084699988365,ok,42.302525,42.302525
Hilbert,TSP-normal-n200-g10000-1,108359.53,80738,0.0012668999843299389,0.0006334499921649694,0.0006334499921649694,1.1923419000086142,ok,34.211315,34.211315
Hilbert,TSP-normal-n200-g1000-2,10320.131,7692,0.0012962000037077814,0.0006481000018538907,0.0006481000018538907,1.8592062999960035,ok,34.16707,34.16707
Hilbert,TSP-normal-n1000-g10000-1,243990.7,181880,0.03702720001456328,0.01851360000728164,0.01851360000728164,12.874840300006326,ok,34.149277,34.149277
Hilbert,TSP-normal-n30-g1000-2,4358.859,3334,0.00028780000866390765,0.00014390000433195382,0.00014390000433195382,0.0881272000115132,ok,30.739616,30.739616
Hilbert,TSP-normal-n200-g10000-3,104457.45,78801,0.0013257999962661415,0.0006628999981330708,0.0006628999981330708,1.6053994999965653,ok,32.558537,32.558537
Hilbert,TSP-normal-n30-g1000-5,4519.721,3512,0.000317899975925684,0.000158949987962842,0.000158949987962842,0.0740481999964686,ok,28.693655,28.693655
Hilbert,TSP-normal-n30-g10000-2,27210.86,23176,0.000294700002996251,0.0001473500014981255,0.0001473500014981255,0.065971999996691,ok,17.409645,17.409645
Hilbert,TSP-normal-n20-g1000-3,3155.6094,2562,0.015347500011557713,0.007673750005778857,0.007673750005778857,0.4113769999967189,ok,23.169765,23.169765
Hilbert,TSP-normal-n1000-g10000-3,247505.97,183242,0.0699783000163734,0.0349891500081867,0.0349891500081867,19.90178860000742,ok,35.070545,35.070545
Hilbert,TSP-normal-n30-g10000-5,32136.625,25634,0.0003060000017285347,0.00015300000086426735,0.00015300000086426735,0.0410200999904191,ok,25.367188,25.367188
Hilbert,TSP-normal-n30-g10000-4,39792.562,32625,0.000312299991492182,0.000156149995746091,0.000156149995746091,0.0699594000034267,ok,21.96954,21.96954
Hilbert,TSP-normal-n30-g1000-1,3657.8987,2882,0.003469700022833422,0.001734850011416711,0.001734850011416711,0.1330998000048566,ok,26.922232,26.922232
Hilbert,TSP-normal-n30-g10000-3,34851.418,26166,0.00027039999258704484,0.00013519999629352242,0.00013519999629352242,0.0483643999905325,ok,33.193527,33.193527
Hilbert,TSP-normal-n200-g10000-5,108277.484,81601,0.0012149999965913594,0.0006074999982956797,0.0006074999982956797,2.3244549999944866,ok,32.69137,32.69137
Hilbert,TSP-normal-n200-g10000-4,107302.9,78691,0.0012249000137671828,0.0006124500068835914,0.0006124500068835914,2.373877399993944,ok,36.35981,36.35981
Hilbert,TSP-normal-n1000-g10000-4,253286.31,180381,0.08199519998743199,0.040997599993715994,0.040997599993715994,157.87843359998078,ok,40.4174,40.4174
Hilbert,TSP-normal-n300-g10000-3,136531.22,102031,0.005618800001684576,0.002809400000842288,0.002809400000842288,2.0054638000001432,ok,33.81347,33.81347
Hilbert,TSP-normal-n300-g1000-4,13811.519,10095,0.009617700008675456,0.004808850004337728,0.004808850004337728,1.2414698999928078,ok,36.815437,36.815437
Hilbert,TSP-normal-n30-g1000-3,3513.173,2846,0.0002624999906402081,0.00013124999532010406,0.00013124999532010406,0.088304099990637,ok,23.442484,23.442484
Hilbert,TSP-normal-n300-g1000-1,13016.517,9433,0.00785699998959899,0.003928499994799495,0.003928499994799495,2.0983821999980137,ok,37.98915,37.98915
Hilbert,TSP-normal-n40-g10000-4,45883.58,37987,0.0003437999985180795,0.00017189999925903976,0.00017189999925903976,0.0958241000043926,ok,20.78758,20.78758
Hilbert,TSP-normal-n30-g10000-1,41407.797,31191,0.0003282999969087541,0.00016414999845437706,0.00016414999845437706,0.0482044000091264,ok,32.755592,32.755592
Hilbert,TSP-normal-n30-g1000-4,4352.486,3423,0.00030590000096708536,0.00015295000048354268,0.00015295000048354268,0.0796621000044979,ok,27.154129,27.154129
Hilbert,TSP-normal-n40-g10000-3,43907.33,34790,0.00036470001214183867,0.00018235000607091933,0.00018235000607091933,0.1455544999917037,ok,26.206749,26.206749
Hilbert,TSP-normal-n300-g1000-3,13367.481,9380,0.008467100007692352,0.004233550003846176,0.004233550003846176,1.4728497000032803,ok,42.51046,42.51046
Hilbert,TSP-normal-n40-g1000-3,5335.127,3836,0.0003381999849807471,0.00016909999249037355,0.00016909999249037355,0.1753612000029534,ok,39.080475,39.080475
Hilbert,TSP-normal-n40-g1000-5,4504.133,3414,0.0003338000096846372,0.0001669000048423186,0.0001669000048423186,0.1244314000068698,ok,31.931248,31.931248
Hilbert,TSP-normal-n40-g1000-1,4592.827,3837,0.00414549998822622,0.00207274999411311,0.00207274999411311,0.0992495999962557,ok,19.698387,19.698387
Hilbert,TSP-normal-n40-g10000-5,38336.562,30291,0.0003485000052023679,0.00017425000260118395,0.00017425000260118395,0.0462697000039042,ok,26.5609,26.5609
Hilbert,TSP-normal-n40-g10000-2,45596.14,36588,0.00033969999640248716,0.00016984999820124358,0.00016984999820124358,0.0974373000062769,ok,24.620478,24.620478
Hilbert,TSP-normal-n40-g10000-1,45921.77,33003,0.0003476000274531543,0.00017380001372657716,0.00017380001372657716,0.0957405999943148,ok,39.144226,39.144226
Hilbert,TSP-normal-n300-g10000-2,148487.42,104592,0.02447919998667203,0.012239599993336014,0.012239599993336014,6.159889999995357,ok,41.968243,41.968243
Hilbert,TSP-normal-n40-g1000-2,4116.5435,3390,0.015075100003741682,0.007537550001870841,0.007537550001870841,0.2695570999931078,ok,21.431961,21.431961
Hilbert,TSP-normal-n300-g10000-1,135932.61,96936,0.02077980001922697,0.010389900009613484,0.010389900009613484,6.655078499999945,ok,40.229233,40.229233
Hilbert,TSP-normal-n300-g1000-2,13395.093,9885,0.013699999981326982,0.006849999990663491,0.006849999990663491,1.661686399995233,ok,35.509285,35.509285
Hilbert,TSP-normal-n300-g10000-4,136607.11,96793,0.016861200012499467,0.008430600006249733,0.008430600006249733,2.5949337000056403,ok,41.13325,41.13325
Hilbert,TSP-normal-n300-g1000-5,13714.656,10302,0.018497399985790253,0.009248699992895126,0.009248699992895126,2.172930800006725,ok,33.126152,33.126152
Hilbert,TSP-normal-n400-g1000-3,14510.958,10789,0.009907800005748868,0.004953900002874434,0.004953900002874434,2.805910099996254,ok,34.49771,34.49771
Hilbert,TSP-normal-n5-g1000-1,1396.7783,1398,0.00015899998834356666,7.949999417178333e-05,7.949999417178333e-05,0.0416406000003917,ok,-0.08738767,0.08738767
Hilbert,TSP-normal-n5-g10000-2,13829.523,13829,0.00014479999663308263,7.239999831654131e-05,7.239999831654131e-05,0.3294030999968527,ok,0.0037850714,0.0037850714
Hilbert,TSP-normal-n5-g1000-4,1031.6125,1032,0.00013719999697059393,6.859999848529696e-05,6.859999848529696e-05,0.06045579999045,ok,-0.037543718,0.037543718
Hilbert,TSP-normal-n5-g10000-1,5090.9424,5091,0.00014409999130293727,7.204999565146863e-05,7.204999565146863e-05,0.3351690999988932,ok,-0.001131746,0.001131746
Hilbert,TSP-normal-n400-g1000-2,14538.263,11626,0.01337000000057742,0.00668500000028871,0.00668500000028871,6.361773500000709,ok,25.049568,25.049568
Hilbert,TSP-normal-n400-g10000-3,157021.69,114917,0.015427500009536743,0.007713750004768372,0.007713750004768372,9.561253699997906,ok,36.639217,36.639217
Hilbert,TSP-normal-n400-g10000-2,153562.89,105955,0.020870799984550104,0.010435399992275052,0.010435399992275052,3.256970500005991,ok,44.932182,44.932182
Hilbert,TSP-normal-n5-g1000-3,1585.9928,1586,0.00016029999824240804,8.014999912120402e-05,8.014999912120402e-05,0.0925812999921618,ok,-0.0004541077,0.0004541077
Hilbert,TSP-normal-n300-g10000-5,142965.95,104753,0.033789999986765906,0.016894999993382953,0.016894999993382953,2.03075419999368,ok,36.4791,36.4791
Hilbert,TSP-normal-n400-g1000-5,16393.627,11979,0.015866899979300797,0.007933449989650398,0.007933449989650398,4.767353099989123,ok,36.85305,36.85305
Hilbert,TSP-normal-n50-g1000-2,5718.737,4038,0.0004036000173073262,0.0002018000086536631,0.0002018000086536631,0.3344736000144621,ok,41.623,41.623
Hilbert,TSP-normal-n40-g1000-4,4581.238,3831,0.00034440000308677554,0.00017220000154338777,0.00017220000154338777,0.0888660000055097,ok,19.583342,19.583342
Hilbert,TSP-normal-n400-g1000-4,16508.812,11988,0.022333299973979592,0.011166649986989796,0.011166649986989796,1.148556500003906,ok,37.71115,37.71115
Hilbert,TSP-normal-n5-g10000-5,11581.58,10464,0.00014849999570287764,7.424999785143882e-05,7.424999785143882e-05,0.1171955000027082,ok,10.680238,10.680238
Hilbert,TSP-normal-n5-g10000-3,8075.6064,8077,0.00014960000407882035,7.480000203941017e-05,7.480000203941017e-05,0.1166667000070447,ok,-0.017253371,0.017253371
Hilbert,TSP-normal-n50-g10000-4,52707.75,38138,0.00040869999793358147,0.00020434999896679074,0.00020434999896679074,0.2120961000036914,ok,38.202713,38.202713
Hilbert,TSP-normal-n50-g1000-4,4809.2114,3904,0.0003911999810952693,0.00019559999054763466,0.00019559999054763466,0.0619716000073822,ok,23.18677,23.18677
Hilbert,TSP-normal-n5-g10000-4,10232.765,9361,0.00014650000957772136,7.325000478886068e-05,7.325000478886068e-05,0.1691317999939201,ok,9.31273,9.31273
Hilbert,TSP-normal-n50-g10000-3,50086.844,34719,0.0004304999893065542,0.0002152499946532771,0.0002152499946532771,0.0479784000053769,ok,44.263496,44.263496
Hilbert,TSP-normal-n50-g1000-1,4789.5337,3602,0.00040989997796714306,0.00020494998898357153,0.00020494998898357153,0.2934636999998474,ok,32.96873,32.96873
Hilbert,TSP-normal-n5-g1000-2,1724.385,1724,0.00015310000162571669,7.655000081285834e-05,7.655000081285834e-05,0.0895170000003418,ok,0.022332354,0.022332354
Hilbert,TSP-normal-n5-g1000-5,781.9932,782,0.0026335000002291054,0.0013167500001145527,0.0013167500001145527,0.0452996000094572,ok,-0.00086635584,0.00086635584
Hilbert,TSP-normal-n50-g1000-5,4814.872,4069,0.00038690000656060874,0.00019345000328030437,0.00019345000328030437,0.1953664000029675,ok,18.330599,18.330599
Hilbert,TSP-normal-n50-g1000-3,5510.96,3807,0.000391399982618168,0.000195699991309084,0.000195699991309084,0.1676826000039,ok,44.758602,44.758602
Hilbert,TSP-normal-n50-g10000-2,51438.977,42468,0.00040380001883022487,0.00020190000941511244,0.00020190000941511244,0.0518890000093961,ok,21.124086,21.124086
Hilbert,TSP-normal-n400-g10000-1,152340.12,107821,0.029390300012892112,0.014695150006446056,0.014695150006446056,5.13986379999551,ok,41.289845,41.289845
Hilbert,TSP-normal-n500-g1000-2,18595.13,13098,0.007131200021831319,0.0035656000109156594,0.0035656000109156594,3.757860900004744,ok,41.96924,41.96924
Hilbert,TSP-normal-n60-g1000-1,5909.3213,4189,0.0004633000062312931,0.00023165000311564654,0.00023165000311564654,0.20996720000403,ok,41.06759,41.06759
Hilbert,TSP-normal-n400-g10000-4,155500.97,113234,0.03327060001902282,0.01663530000951141,0.01663530000951141,5.958339799995883,ok,37.3271,37.3271
Hilbert,TSP-normal-n60-g1000-4,5139.921,4204,0.0004817000008188188,0.0002408500004094094,0.0002408500004094094,0.166232299990952,ok,22.262629,22.262629
Hilbert,TSP-normal-n50-g10000-1,51124.984,35838,0.014633700018748641,0.0073168500093743205,0.0073168500093743205,0.1371982999989995,ok,42.655796,42.655796
Hilbert,TSP-normal-n500-g10000-3,170617.44,124464,0.011106700025266036,0.005553350012633018,0.005553350012633018,2.4430739999952493,ok,37.081757,37.081757
Hilbert,TSP-normal-n50-g10000-5,57933.594,47148,0.00039950001519173384,0.00019975000759586692,0.00019975000759586692,0.0871703000011621,ok,22.876036,22.876036
Hilbert,TSP-normal-n400-g10000-5,167683.64,119100,0.04527010000310838,0.02263505000155419,0.02263505000155419,3.481830699995044,ok,40.79231,40.79231
Hilbert,TSP-normal-n500-g1000-5,17465.387,12849,0.0184945999935735,0.00924729999678675,0.00924729999678675,3.0283302000025287,ok,35.927982,35.927982
Hilbert,TSP-normal-n500-g1000-4,17888.723,13268,0.02079420001246035,0.010397100006230175,0.010397100006230175,6.278650899999775,ok,34.82607,34.82607
Hilbert,TSP-normal-n60-g1000-3,5877.135,4589,0.0004802999901585281,0.00024014999507926404,0.00024014999507926404,0.1035387000010814,ok,28.070053,28.070053
Hilbert,TSP-normal-n60-g10000-5,65988.516,45553,0.0004611000185832381,0.00023055000929161906,0.00023055000929161906,0.1528937999974005,ok,44.860966,44.860966
Hilbert,TSP-normal-n60-g1000-2,5932.008,4402,0.0005119999987073243,0.00025599999935366213,0.00025599999935366213,0.2212112999986857,ok,34.757107,34.757107
Hilbert,TSP-normal-n60-g1000-5,5136.2793,3868,0.0004633000062312931,0.00023165000311564654,0.00023165000311564654,0.1582508999999845,ok,32.78902,32.78902
Hilbert,TSP-normal-n60-g10000-4,54288.523,43580,0.00044720000005327165,0.00022360000002663583,0.00022360000002663583,0.4391355999978259,ok,24.572105,24.572105
Hilbert,TSP-normal-n400-g1000-1,14946.067,11159,0.01827840000623837,0.009139200003119186,0.009139200003119186,2.0033210999972653,ok,33.93734,33.93734
Hilbert,TSP-normal-n500-g10000-2,174298.31,126270,0.015592100011417642,0.007796050005708821,0.007796050005708821,4.750727799997549,ok,38.0362,38.0362
Hilbert,TSP-normal-n500-g1000-1,17787.785,12791,0.016801900026621297,0.008400950013310649,0.008400950013310649,77.9672806999879,ok,39.06485,39.06485
Hilbert,TSP-normal-n500-g1000-3,17169.504,12387,0.014453600015258417,0.007226800007629208,0.007226800007629208,6.492663900004118,ok,38.60906,38.60906
Hilbert,TSP-normal-n60-g10000-3,51193.3,40741,0.00048340001376345754,0.00024170000688172877,0.00024170000688172877,0.3193375999981072,ok,25.655483,25.655483
Hilbert,TSP-normal-n60-g10000-2,63009.836,49528,0.0004387000226415694,0.0002193500113207847,0.0002193500113207847,0.1882302000012714,ok,27.220634,27.220634
Hilbert,TSP-normal-n600-g1000-2,18239.512,13464,0.00587449999875389,0.002937249999376945,0.002937249999376945,5.113973300001817,ok,35.468746,35.468746
Hilbert,TSP-normal-n70-g1000-3,5879.9995,5003,0.0005075999943073839,0.00025379999715369195,0.00025379999715369195,0.1845470999978715,ok,17.529472,17.529472
Hilbert,TSP-normal-n60-g10000-1,62215.62,45602,0.010412499977974221,0.0052062499889871106,0.0052062499889871106,0.2506388000037987,ok,36.43178,36.43178
Hilbert,TSP-normal-n600-g1000-4,19321.941,13818,0.026976699999067932,0.013488349999533966,0.013488349999533966,10.097958300000755,ok,39.83168,39.83168
Hilbert,TSP-normal-n500-g10000-4,165829.4,120711,0.026639000017894432,0.013319500008947216,0.013319500008947216,5.673406199988676,ok,37.377213,37.377213
Hilbert,TSP-normal-n500-g10000-5,173422.34,121579,0.04002079999190755,0.020010399995953776,0.020010399995953776,6.41481859999476,ok,42.641693,42.641693
Hilbert,TSP-normal-n70-g1000-1,5942.8486,4279,0.0005203999753575772,0.0002601999876787886,0.0002601999876787886,0.2539667000091867,ok,38.884052,38.884052
Hilbert,TSP-normal-n70-g1000-4,5995.142,4660,0.000523299997439608,0.000261649998719804,0.000261649998719804,0.2675622000097064,ok,28.65112,28.65112
Hilbert,TSP-normal-n600-g1000-1,19479.617,13726,0.028276700002606958,0.014138350001303479,0.014138350001303479,3.7214328000118257,ok,41.917656,41.917656
Hilbert,TSP-normal-n500-g10000-1,179828.23,128012,0.009540900005958974,0.004770450002979487,0.004770450002979487,2.730625500000315,ok,40.47764,40.47764
Hilbert,TSP-normal-n70-g10000-1,60183.62,42337,0.0005510000046342611,0.00027550000231713057,0.00027550000231713057,0.332382199994754,ok,42.15372,42.15372
Hilbert,TSP-normal-n70-g10000-5,62687.26,47149,0.0005700000037904829,0.00028500000189524144,0.00028500000189524144,0.1145371999882627,ok,32.955654,32.955654
Hilbert,TSP-normal-n70-g10000-2,69224.54,53392,0.00058970000827685,0.000294850004138425,0.000294850004138425,0.3312071000109426,ok,29.65339,29.65339
Hilbert,TSP-normal-n70-g1000-5,6882.9487,5356,0.0005281000048853457,0.00026405000244267285,0.00026405000244267285,0.2657250000047497,ok,28.509125,28.509125
Hilbert,TSP-normal-n70-g10000-3,56228.707,47244,0.0005344999954104424,0.0002672499977052212,0.0002672499977052212,0.2936919999920064,ok,19.017668,19.017668
Hilbert,TSP-normal-n70-g1000-2,6140.368,4904,0.0005230000242590904,0.0002615000121295452,0.0002615000121295452,0.1397829000052297,ok,25.211424,25.211424
Hilbert,TSP-normal-n70-g10000-4,66461.94,51254,0.0005599999858532101,0.00027999999292660505,0.00027999999292660505,0.5323960999958217,ok,29.671707,29.671707
Hilbert,TSP-normal-n600-g10000-2,185515.56,139835,0.027225400001043454,0.013612700000521727,0.013612700000521727,5.163880799998879,ok,32.667473,32.667473
Hilbert,TSP-normal-n8-g1000-2,1379.1765,1378,0.00017139999545179307,8.569999772589654e-05,8.569999772589654e-05,0.0431835999916074,ok,0.08537835,0.08537835
Hilbert,TSP-normal-n600-g10000-4,199797.88,143604,0.019202199997380376,0.009601099998690188,0.009601099998690188,5.879438299991307,ok,39.131134,39.131134
Hilbert,TSP-normal-n600-g1000-5,19712.133,14133,0.05089159999624826,0.02544579999812413,0.02544579999812413,5.167093900003238,ok,39.475925,39.475925
Hilbert,TSP-normal-n8-g1000-1,1605.4858,1540,0.0001776999852154404,8.88499926077202e-05,8.88499926077202e-05,0.1826794999942649,ok,4.2523274,4.2523274
Hilbert,TSP-normal-n8-g1000-4,2442.248,2122,0.00019409999367780983,9.704999683890492e-05,9.704999683890492e-05,0.0512679000094067,ok,15.091803,15.091803
Hilbert,TSP-normal-n8-g1000-5,1265.9955,1132,0.00019389999215491116,9.694999607745558e-05,9.694999607745558e-05,0.0358403999998699,ok,11.837057,11.837057
Hilbert,TSP-normal-n700-g10000-2,202500.8,146713,0.027773799985880032,0.013886899992940016,0.013886899992940016,8.715929900004994,ok,38.025124,38.025124
Hilbert,TSP-normal-n600-g10000-1,177036.94,133931,0.03423940000357106,0.01711970000178553,0.01711970000178553,5.754894099998637,ok,32.18518,32.18518
Hilbert,TSP-normal-n600-g1000-3,19575.18,14088,0.07370730000548065,0.036853650002740324,0.036853650002740324,4.964504000003217,ok,38.949318,38.949318
Hilbert,TSP-normal-n600-g10000-5,188938.94,138198,0.0367598999873735,0.01837994999368675,0.01837994999368675,49.31183419999434,ok,36.716114,36.716114
Hilbert,TSP-normal-n600-g10000-3,190228.12,137424,0.06365850000292994,0.03182925000146497,0.03182925000146497,5.790588900010334,ok,38.42424,38.42424
Hilbert,TSP-normal-n700-g1000-2,21981.059,15427,0.033095299993874505,0.016547649996937253,0.016547649996937253,6.993793100002222,ok,42.484337,42.484337
Hilbert,TSP-normal-n700-g1000-1,20775.035,14755,0.033913200022652745,0.016956600011326373,0.016956600011326373,3.661383500002557,ok,40.799965,40.799965
Hilbert,TSP-normal-n8-g1000-3,2153.5356,1944,0.00014509999891743064,7.254999945871532e-05,7.254999945871532e-05,0.0482402000052388,ok,10.778583,10.778583
Hilbert,TSP-normal-n80-g1000-2,6777.0723,4755,0.0005851000023540109,0.00029255000117700547,0.00029255000117700547,0.2565036000014515,ok,42.525177,42.525177
Hilbert,TSP-normal-n80-g1000-3,7236.4795,5513,0.0005605999904219061,0.00028029999521095306,0.00028029999521095306,0.200509600006626,ok,31.2621,31.2621
Hilbert,TSP-normal-n700-g1000-5,21136.85,15063,0.04129850000026636,0.02064925000013318,0.02064925000013318,5.765825299997232,ok,40.322975,40.322975
Hilbert,TSP-normal-n8-g10000-1,12147.368,9684,0.004297000006772578,0.002148500003386289,0.002148500003386289,0.1121285999979591,ok,25.437508,25.437508
Hilbert,TSP-normal-n8-g10000-5,15395.898,12914,0.00016789999790489674,8.394999895244837e-05,8.394999895244837e-05,0.1229766999895218,ok,19.218666,19.218666
Hilbert,TSP-normal-n80-g1000-1,5773.9375,4673,0.0006479000148829073,0.00032395000744145364,0.00032395000744145364,0.3770596999966074,ok,23.559544,23.559544
Hilbert,TSP-normal-n8-g10000-3,17592.332,14037,0.00018760000239126384,9.380000119563192e-05,9.380000119563192e-05,0.2051271999953314,ok,25.32829,25.32829
Hilbert,TSP-normal-n80-g10000-5,68390.67,50163,0.0005807999987155199,0.00029039999935775995,0.00029039999935775995,0.4868881000002147,ok,36.336887,36.336887
Hilbert,TSP-normal-n80-g10000-3,64269.61,47119,0.0005973000079393387,0.00029865000396966934,0.00029865000396966934,0.2700178999948548,ok,36.3985,36.3985
Hilbert,TSP-normal-n8-g10000-2,25775.057,20537,0.00019030002295039594,9.515001147519797e-05,9.515001147519797e-05,0.164199799997732,ok,25.505463,25.505463
Hilbert,TSP-normal-n700-g1000-3,21507.916,15273,0.07044859998859465,0.035224299994297326,0.035224299994297326,7.548159199999645,ok,40.823128,40.823128
Hilbert,TSP-normal-n700-g10000-4,200620.86,150690,0.06278789998032153,0.03139394999016076,0.03139394999016076,188.76747809999503,ok,33.13482,33.13482
Hilbert,TSP-normal-n700-g10000-1,209950.81,147108,0.03636450000340119,0.018182250001700595,0.018182250001700595,6.694900999995298,ok,42.718826,42.718826
Hilbert,TSP-normal-n80-g10000-4,67192.945,51698,0.0005841999955009669,0.00029209999775048345,0.00029209999775048345,0.3125933999981498,ok,29.97204,29.97204
Hilbert,TSP-normal-n700-g1000-4,20383.965,14588,0.028963099990505725,0.014481549995252863,0.014481549995252863,3.94096890000219,ok,39.731045,39.731045
Hilbert,TSP-normal-n80-g10000-1,57405.883,42379,0.0005883999983780086,0.0002941999991890043,0.0002941999991890043,0.4263925999985076,ok,35.458324,35.458324
Hilbert,TSP-normal-n80-g1000-5,5944.404,4759,0.0005993999948259443,0.00029969999741297215,0.00029969999741297215,0.4352184000017587,ok,24.908674,24.908674
Hilbert,TSP-normal-n90-g1000-2,5890.0537,4450,0.0006588999822270125,0.00032944999111350626,0.00032944999111350626,0.5734568999905605,ok,32.360756,32.360756
Hilbert,TSP-normal-n80-g10000-2,68998.12,51336,0.0006012999801896513,0.0003006499900948256,0.0003006499900948256,0.8147386999917217,ok,34.404934,34.404934
Hilbert,TSP-normal-n700-g10000-5,198052.7,145264,0.0704705000098329,0.03523525000491645,0.03523525000491645,5.3572420999989845,ok,36.339836,36.339836
Hilbert,TSP-normal-n90-g1000-3,7515.3203,5363,0.0006355000077746809,0.0003177500038873404,0.0003177500038873404,0.1277718000055756,ok,40.132767,40.132767
Hilbert,TSP-normal-n700-g10000-3,212005.5,152745,0.08531279998715036,0.04265639999357518,0.04265639999357518,4.217378200002713,ok,38.797016,38.797016
Hilbert,TSP-normal-n800-g1000-4,22657.65,16167,0.013110300002153963,0.006555150001076981,0.006555150001076981,8.405030900001293,ok,40.147526,40.147526
Hilbert,TSP-normal-n80-g1000-4,6407.8296,5179,0.000599899998633191,0.0002999499993165955,0.0002999499993165955,0.0907069999957457,ok,23.72716,23.72716
Hilbert,TSP-normal-n90-g10000-3,67316.37,52843,0.0006225999968592077,0.0003112999984296039,0.0003112999984296039,0.6286366999993334,ok,27.389374,27.389374
Hilbert,TSP-normal-n90-g1000-1,6279.991,5294,0.0021828000026289374,0.0010914000013144687,0.0010914000013144687,0.1303284000023268,ok,18.624691,18.624691
Hilbert,TSP-normal-n90-g1000-4,7141.6367,5223,0.0006527999939862639,0.00032639999699313194,0.00032639999699313194,0.5060649000079138,ok,36.734383,36.734383
Hilbert,TSP-normal-n90-g1000-5,6849.635,5271,0.0006182999932207167,0.00030914999661035836,0.00030914999661035836,0.1650336000020615,ok,29.949436,29.949436
Hilbert,TSP-normal-n800-g10000-4,218199.64,163028,0.014848499995423481,0.0074242499977117404,0.0074242499977117404,4.5217933999956585,ok,33.84182,33.84182
Hilbert,TSP-normal-n90-g10000-2,67789.33,54146,0.0006092000112403184,0.0003046000056201592,0.0003046000056201592,0.1251219999976456,ok,25.197298,25.197298
Hilbert,TSP-normal-n90-g10000-5,72962.17,54842,0.0006430000066757202,0.0003215000033378601,0.0003215000033378601,0.241166499996325,ok,33.040684,33.040684
Hilbert,TSP-normal-n90-g10000-4,67714.19,50817,0.000657000025967136,0.000328500012983568,0.000328500012983568,0.6267496000073152,ok,33.251053,33.251053
Hilbert,TSP-normal-n800-g10000-2,226601.9,164163,0.046135000011418015,0.023067500005709007,0.023067500005709007,623.46235289998,ok,38.034702,38.034702
Hilbert,TSP-normal-n90-g10000-1,65622.164,52381,0.0006353999779094011,0.00031769998895470053,0.00031769998895470053,0.6527806000085548,ok,25.278563,25.278563
Hilbert,TSP-normal-n800-g1000-2,22351.842,16061,0.05804179998813197,0.029020899994065985,0.029020899994065985,8.728653400001349,ok,39.168434,39.168434
Hilbert,TSP-normal-n8-g10000-4,11190.47,11189,0.026159800007008016,0.013079900003504008,0.013079900003504008,0.2864661999919917,ok,0.013135459,0.013135459
Hilbert,TSP-random-n10-g1000-2,2952.8186,2913,0.00018030000501312315,9.015000250656158e-05,9.015000250656158e-05,0.0424624000006588,ok,1.3669276,1.3669276
Hilbert,TSP-normal-n800-g10000-3,227236.61,160983,0.04582410000148229,0.022912050000741147,0.022912050000741147,15.26929189999646,ok,41.15566,41.15566
Hilbert,TSP-normal-n800-g10000-1,229432.89,167378,0.08165750000625849,0.040828750003129244,0.040828750003129244,14.298034600011306,ok,37.0747,37.0747
Hilbert,TSP-random-n10-g1000-1,2849.4058,2702,0.00021019999985583127,0.00010509999992791563,0.00010509999992791563,0.0452324999932898,ok,5.455432,5.455432
Hilbert,TSP-normal-n800-g1000-5,22609.928,16043,0.09714960001292638,0.04857480000646319,0.04857480000646319,11.790015199992922,ok,40.93329,40.93329
Hilbert,TSP-random-n10-g1000-3,3305.5913,3029,0.00019910000264644623,9.955000132322311e-05,9.955000132322311e-05,0.1015629000030458,ok,9.13144,9.13144
Hilbert,TSP-normal-n800-g1000-3,21494.8,15356,0.09536089998437092,0.04768044999218546,0.04768044999218546,8.453636700010975,ok,39.976562,39.976562
Hilbert,TSP-normal-n900-g1000-4,24861.666,18043,0.06797450000885874,0.03398725000442937,0.03398725000442937,11.02205810000305,ok,37.7912,37.7912
Hilbert,TSP-random-n10-g1000-4,3026.9922,2509,0.0001832999987527728,9.16499993763864e-05,9.16499993763864e-05,0.102543400003924,ok,20.645363,20.645363
Hilbert,TSP-normal-n800-g1000-1,22400.104,15590,0.0896288999938406,0.0448144499969203,0.0448144499969203,4.572412599998643,ok,43.682514,43.682514
Hilbert,TSP-random-n10-g10000-2,21592.229,21593,0.0001550000160932541,7.750000804662704e-05,7.750000804662704e-05,0.0408506000094348,ok,-0.003572845,0.003572845
Hilbert,TSP-random-n100-g1000-1,10545.272,7528,0.0006877999985590577,0.00034389999927952886,0.00034389999927952886,0.3027827000041725,ok,40.08066,40.08066
Hilbert,TSP-random-n10-g1000-5,3338.679,3221,0.00775170000270009,0.003875850001350045,0.003875850001350045,0.1192612000013468,ok,3.6534913,3.6534913
Hilbert,TSP-normal-n900-g10000-1,239921.25,172711,0.06866429999354295,0.03433214999677148,0.03433214999677148,11.082975899989831,ok,38.914864,38.914864
Hilbert,TSP-random-n10-g10000-3,42033.55,34570,0.00019480002811178565,9.740001405589283e-05,9.740001405589283e-05,0.0395220000064,ok,21.589676,21.589676
Hilbert,TSP-normal-n900-g1000-2,24046.914,17606,0.04311920001055114,0.02155960000527557,0.02155960000527557,9.373664500002633,ok,36.583633,36.583633
Hilbert,TSP-normal-n900-g1000-1,23347.34,16790,0.08139840001240373,0.04069920000620186,0.04069920000620186,10.932252900005553,ok,39.05503,39.05503
Hilbert,TSP-random-n10-g10000-1,30461.932,27929,0.00018090000958181918,9.045000479090959e-05,9.045000479090959e-05,0.0398860999994212,ok,9.069181,9.069181
Hilbert,TSP-random-n10-g10000-5,28231.717,28167,0.0007674000225961208,0.0003837000112980604,0.0003837000112980604,0.0380399999994551,ok,0.22976105,0.22976105
Hilbert,TSP-normal-n900-g10000-3,236012.7,171173,0.03393900001537986,0.01696950000768993,0.01696950000768993,5.123346400010632,ok,37.87963,37.87963
Hilbert,TSP-random-n100-g10000-3,101577.875,78233,0.0007174999918788671,0.0003587499959394336,0.0003587499959394336,0.1064902000071015,ok,29.840189,29.840189
Hilbert,TSP-random-n100-g1000-3,10404.601,7651,0.0006951999966986477,0.00034759999834932387,0.00034759999834932387,0.27204540000821,ok,35.990074,35.990074
Hilbert,TSP-random-n100-g1000-2,10536.836,7742,0.0006905000191181898,0.0003452500095590949,0.0003452500095590949,0.3697956999967573,ok,36.099663,36.099663
Hilbert,TSP-normal-n900-g10000-2,235038.81,166996,0.05306940001901239,0.026534700009506196,0.026534700009506196,14.222709800000302,ok,40.745174,40.745174
Hilbert,TSP-normal-n900-g1000-5,23670.98,16589,0.08034559999941848,0.04017279999970924,0.04017279999970924,8.060172199999215,ok,42.690823,42.690823
Hilbert,TSP-random-n100-g10000-1,108377.09,77010,0.0006745000137016177,0.00033725000685080886,0.00033725000685080886,0.3084715000004507,ok,40.731194,40.731194
Hilbert,TSP-random-n10-g10000-4,37303.582,30435,0.0001750999945215881,8.754999726079404e-05,8.754999726079404e-05,0.0417833000101381,ok,22.568037,22.568037
Hilbert,TSP-normal-n900-g1000-3,24565.414,17132,0.043320000026142225,0.021660000013071112,0.021660000013071112,10.725538300001062,ok,43.38906,43.38906
Hilbert,TSP-random-n100-g10000-5,105343.64,73429,0.0006791999912820756,0.0003395999956410378,0.0003395999956410378,0.2555762000120012,ok,43.463264,43.463264
Hilbert,TSP-normal-n800-g10000-5,219206.03,159659,0.11171379999723285,0.05585689999861643,0.05585689999861643,9.288490399994773,ok,37.296383,37.296383
Hilbert,TSP-random-n100-g1000-4,10509.736,7902,0.000668799999402836,0.000334399999701418,0.000334399999701418,0.1328775000001769,ok,33.000965,33.000965
Hilbert,TSP-random-n20-g1000-3,4448.6255,4029,0.0002474000211805105,0.00012370001059025526,0.00012370001059025526,0.1564743000053567,ok,10.415128,10.415128
Hilbert,TSP-normal-n900-g10000-4,233916.66,167800,0.0722609999938868,0.0361304999969434,0.0361304999969434,133.53628030000257,ok,39.402058,39.402058
Hilbert,TSP-random-n20-g1000-1,4515.6484,3609,0.00023710000095888972,0.00011855000047944486,0.00011855000047944486,0.0674056999996537,ok,25.121874,25.121874
Hilbert,TSP-random-n100-g10000-2,97847.94,75973,0.0007009000109974295,0.00035045000549871475,0.00035045000549871475,0.2352600000012898,ok,28.793043,28.793043
Hilbert,TSP-random-n20-g1000-4,4671.846,3983,0.00021200001356191933,0.00010600000678095967,0.00010600000678095967,0.2119852000032551,ok,17.294657,17.294657
Hilbert,TSP-normal-n900-g10000-5,232692.2,172297,0.05092450001393445,0.025462250006967224,0.025462250006967224,13.272237199998926,ok,35.052963,35.052963
Hilbert,TSP-random-n20-g1000-5,3727.1438,3549,0.0002305000089108944,0.0001152500044554472,0.0001152500044554472,0.1588172999909147,ok,5.0195494,5.0195494
Hilbert,TSP-random-n20-g10000-2,51388.71,41438,0.0002327999973203987,0.00011639999866019934,0.00011639999866019934,0.0406778000033227,ok,24.013493,24.013493
Hilbert,TSP-random-n20-g1000-2,5238.5845,3821,0.00021570001263171434,0.00010785000631585717,0.00010785000631585717,0.2652563000010559,ok,37.09983,37.09983
Hilbert,TSP-random-n20-g10000-4,47757.242,36016,0.0004351999959908426,0.0002175999979954213,0.0002175999979954213,0.0449434999900404,ok,32.60007,32.60007
Hilbert,TSP-random-n1000-g1000-5,32048.096,23228,0.03275659997598268,0.01637829998799134,0.01637829998799134,6.383347800001502,ok,37.971825,37.971825
Hilbert,TSP-random-n1000-g1000-2,32616.76,23122,0.03507449998869561,0.017537249994347803,0.017537249994347803,208.78109869999756,ok,41.063747,41.063747
Hilbert,TSP-random-n200-g1000-1,14688.054,10677,0.001194500015117228,0.000597250007558614,0.000597250007558614,0.6748994000081439,ok,37.567234,37.567234
Hilbert,TSP-random-n20-g10000-5,44460.484,32606,0.0002443999983370304,0.0001221999991685152,0.0001221999991685152,0.0399570000008679,ok,36.356754,36.356754
Hilbert,TSP-random-n20-g10000-3,43768.555,34103,0.0003081000177189708,0.0001540500088594854,0.0001540500088594854,0.0465770000009797,ok,28.342241,28.342241
Hilbert,TSP-random-n20-g10000-1,47163.527,42535,0.0002384000108577311,0.00011920000542886555,0.00011920000542886555,0.0414660999958869,ok,10.881691,10.881691
Hilbert,TSP-random-n100-g10000-4,107759.63,79511,0.0006844000017736107,0.00034220000088680536,0.00034220000088680536,0.4347360999963712,ok,35.527958,35.527958
Hilbert,TSP-random-n1000-g1000-1,32029.555,23413,0.04179409999051131,0.020897049995255657,0.020897049995255657,6.084185999992769,ok,36.802437,36.802437
Hilbert,TSP-random-n100-g1000-5,10928.76,8115,0.0064867000037338585,0.0032433500018669292,0.0032433500018669292,0.3881559000001289,ok,34.673565,34.673565
Hilbert,TSP-random-n200-g1000-3,13740.039,10297,0.0012304999982006848,0.0006152499991003424,0.0006152499991003424,0.7427278999966802,ok,33.4373,33.4373
Hilbert,TSP-random-n200-g1000-4,15154.517,10777,0.0014601000002585351,0.0007300500001292676,0.0007300500001292676,0.6216893999953754,ok,40.619064,40.619064
Hilbert,TSP-random-n30-g1000-2,6370.4316,4942,0.00028619999648071826,0.00014309999824035913,0.00014309999824035913,0.0505615000001853,ok,28.90392,28.90392
Hilbert,TSP-random-n200-g10000-4,144779.61,105429,0.0012107000220566988,0.0006053500110283494,0.0006053500110283494,3.482745100001921,ok,37.324272,37.324272
Hilbert,TSP-random-n1000-g10000-3,323376.94,232731,0.05151879999903031,0.025759399999515153,0.025759399999515153,7.685093600011896,ok,38.948803,38.948803
Hilbert,TSP-random-n1000-g1000-3,31536.264,23012,0.05822110001463443,0.029110550007317215,0.029110550007317215,18.3015388000058,ok,37.04269,37.04269
Hilbert,TSP-random-n200-g10000-5,143366.48,107384,0.0012691000010818243,0.0006345500005409122,0.0006345500005409122,4.794464299993706,ok,33.508236,33.508236
Hilbert,TSP-random-n200-g1000-2,13714.073,10596,0.018957599997520447,0.009478799998760223,0.009478799998760223,10.384652599997937,ok,29.426891,29.426891
Hilbert,TSP-random-n200-g1000-5,15015.008,10650,0.001288100000238046,0.000644050000119023,0.000644050000119023,0.4686664000037126,ok,40.98599,40.98599
Hilbert,TSP-random-n200-g10000-3,140546.66,105042,0.01984319998882711,0.009921599994413555,0.009921599994413555,0.7069654000079026,ok,33.800438,33.800438
Hilbert,TSP-random-n200-g10000-2,148860.58,106831,0.001260399993043393,0.0006301999965216964,0.0006301999965216964,4.046168900007615,ok,39.342117,39.342117
Hilbert,TSP-random-n30-g10000-3,65616.5,48494,0.0003097000007983297,0.00015485000039916486,0.00015485000039916486,0.0631280999950831,ok,35.30849,35.30849
Hilbert,TSP-random-n30-g10000-1,49045.58,39213,0.005168900010176003,0.0025844500050880015,0.0025844500050880015,0.0434391000017058,ok,25.074791,25.074791
Hilbert,TSP-random-n1000-g10000-1,311169.88,228639,0.07799009999143891,0.038995049995719455,0.038995049995719455,240.1183488999959,ok,36.09659,36.09659
Hilbert,TSP-random-n1000-g10000-5,313975.16,232824,0.05448429999523796,0.02724214999761898,0.02724214999761898,13.180065799999284,ok,34.855152,34.855152
Hilbert,TSP-random-n30-g1000-4,4890.346,4196,0.000363900006050244,0.000181950003025122,0.000181950003025122,0.1155534999998053,ok,16.547813,16.547813
Hilbert,TSP-random-n1000-g10000-4,322060.1,233816,0.0637222999939695,0.03186114999698475,0.03186114999698475,23.10038990000612,ok,37.740826,37.740826
Hilbert,TSP-random-n1000-g1000-4,32389.887,23094,0.07348469999851659,0.036742349999258295,0.036742349999258295,11.101557000016328,ok,40.252388,40.252388
Hilbert,TSP-random-n30-g1000-3,5916.6304,4144,0.0002826999989338219,0.00014134999946691096,0.00014134999946691096,0.0579119999893009,ok,42.77583,42.77583
Hilbert,TSP-random-n30-g1000-1,5758.052,4747,0.0002919000107795,0.00014595000538975,0.00014595000538975,0.0823797999910311,ok,21.298752,21.298752
Hilbert,TSP-random-n200-g10000-1,146617.64,107741,0.007427400007145479,0.0037137000035727397,0.0037137000035727397,3.15363640000578,ok,36.083424,36.083424
Hilbert,TSP-random-n30-g1000-5,5643.4946,4225,0.0013816000137012452,0.0006908000068506226,0.0006908000068506226,0.1244003000028897,ok,33.573837,33.573837
Hilbert,TSP-random-n30-g10000-5,58480.266,47255,0.0003552999987732619,0.00017764999938663095,0.00017764999938663095,0.0507807999965734,ok,23.754662,23.754662
Hilbert,TSP-random-n1000-g10000-2,307898.34,228872,0.07050939998589456,0.03525469999294728,0.03525469999294728,10.267818099993749,ok,34.528618,34.528618
Hilbert,TSP-random-n30-g10000-4,65126.43,44246,0.0003262000100221485,0.00016310000501107424,0.00016310000501107424,0.0523698000033618,ok,47.191677,47.191677
Hilbert,TSP-random-n40-g1000-1,7002.3174,5325,0.00036440000985749066,0.00018220000492874533,0.00018220000492874533,0.107391199999256,ok,31.498919,31.498919
Hilbert,TSP-random-n30-g10000-2,55765.152,45722,0.000312299991492182,0.000156149995746091,0.000156149995746091,0.0578311999997822,ok,21.965689,21.965689
Hilbert,TSP-random-n40-g1000-2,6268.156,5123,0.00037510000402107835,0.00018755000201053917,0.00018755000201053917,0.171152399998391,ok,22.353226,22.353226
Hilbert,TSP-random-n40-g10000-3,68697.1,50615,0.0003530999820213765,0.00017654999101068825,0.00017654999101068825,0.1536616000084905,ok,35.72479,35.72479
Hilbert,TSP-random-n300-g1000-1,18485.719,13264,0.008076500002061948,0.004038250001030974,0.004038250001030974,1.7148547999968289,ok,39.3676,39.3676
Hilbert,TSP-random-n40-g1000-5,7441.362,4940,0.00033190002432093024,0.00016595001216046512,0.00016595001216046512,0.1873304000037023,ok,50.634853,50.634853
Hilbert,TSP-random-n300-g10000-5,177748.28,129198,0.009900600009132177,0.004950300004566088,0.004950300004566088,1.648648400005186,ok,37.578197,37.578197
Hilbert,TSP-random-n300-g1000-5,17249.438,12482,0.00969130001612939,0.004845650008064695,0.004845650008064695,4.665502000003471,ok,38.1945,38.1945
Hilbert,TSP-random-n300-g10000-4,179885.77,131168,0.013114800007315353,0.006557400003657676,0.006557400003657676,4.820444699988002,ok,37.141502,37.141502
Hilbert,TSP-random-n40-g10000-2,67095.85,52007,0.0003499999875202775,0.00017499999376013875,0.00017499999376013875,0.3486783999978797,ok,29.013115,29.013115
Hilbert,TSP-random-n40-g1000-3,7167.652,5302,0.0003411000070627779,0.00017055000353138894,0.00017055000353138894,0.0607980999920982,ok,35.187702,35.187702
Hilbert,TSP-random-n40-g10000-1,69594.81,50986,0.00036860001273453236,0.00018430000636726618,0.00018430000636726618,0.0632977000059327,ok,36.497887,36.497887
Hilbert,TSP-random-n40-g10000-5,65709.97,53463,0.00034249998861923814,0.00017124999430961907,0.00017124999430961907,0.254019399988465,ok,22.907373,22.907373
Hilbert,TSP-random-n300-g10000-3,172276.67,127265,0.018719300016527995,0.009359650008263998,0.009359650008263998,3.867059099997277,ok,35.36846,35.36846
Hilbert,TSP-random-n300-g10000-2,180513.44,127586,0.023360899998806417,0.011680449999403208,0.011680449999403208,2.6006177000090247,ok,41.483734,41.483734
Hilbert,TSP-random-n400-g1000-2,19791.938,15004,0.008481500000925735,0.004240750000462867,0.004240750000462867,2.5646183000062592,ok,31.911076,31.911076
Hilbert,TSP-random-n5-g1000-1,2237.975,2085,0.00016090000281110406,8.045000140555203e-05,8.045000140555203e-05,0.0878494000062346,ok,7.3369355,7.3369355
Hilbert,TSP-random-n300-g1000-3,18228.287,13167,0.032794600003398955,0.016397300001699477,0.016397300001699477,0.6939643999940017,ok,38.439182,38.439182
Hilbert,TSP-random-n300-g1000-4,17446.695,12823,0.026154100021813065,0.013077050010906532,0.013077050010906532,1.731390900007682,ok,36.057827,36.057827
Hilbert,TSP-random-n300-g1000-2,18432.805,13240,0.0266587000223808,0.0133293500111904,0.0133293500111904,2.5219756000005877,ok,39.22058,39.22058
Hilbert,TSP-random-n400-g10000-5,198620.12,144745,0.006285100011155009,0.0031425500055775046,0.0031425500055775046,2.071403800000553,ok,37.22072,37.22072
Hilbert,TSP-random-n300-g10000-1,174110.61,126463,0.0310231999901589,0.01551159999507945,0.01551159999507945,3.151325500002713,ok,37.677116,37.677116
Hilbert,TSP-random-n40-g1000-4,6661.2764,4904,0.000363900006050244,0.000181950003025122,0.000181950003025122,0.0740057999937562,ok,35.83353,35.83353
Hilbert,TSP-random-n40-g10000-4,61594.992,49715,0.011976199981290847,0.0059880999906454235,0.0059880999906454235,0.0655106999911367,ok,23.896193,23.896193
Hilbert,TSP-random-n400-g10000-3,206190.66,152936,0.005524099979083985,0.0027620499895419925,0.0027620499895419925,6.168977900000755,ok,34.82153,34.82153
Hilbert,TSP-random-n5-g1000-5,2474.817,2474,0.0053017000027466565,0.0026508500013733283,0.0026508500013733283,0.0431109000055585,ok,0.03301918,0.03301918
Hilbert,TSP-random-n400-g10000-1,202358.94,150594,0.009049299987964332,0.004524649993982166,0.004524649993982166,3.423222800003714,ok,34.373837,34.373837
Hilbert,TSP-random-n5-g1000-2,1825.6268,1825,0.0001472999865654856,7.36499932827428e-05,7.36499932827428e-05,0.047213500001817,ok,0.034346905,0.034346905
Hilbert,TSP-random-n5-g10000-1,20778.219,20778,0.0001382000045850873,6.910000229254365e-05,6.910000229254365e-05,0.1212286999943899,ok,0.0010527963,0.0010527963
Hilbert,TSP-random-n400-g10000-2,203858.84,149159,0.011625399987678975,0.005812699993839487,0.005812699993839487,9.24107940000249,ok,36.672173,36.672173
Hilbert,TSP-random-n5-g10000-4,17486.7,17225,0.00016230001347139478,8.115000673569739e-05,8.115000673569739e-05,0.1044434000068577,ok,1.5192988,1.5192988
Hilbert,TSP-random-n5-g10000-5,17554.383,17554,0.0026903000252787024,0.0013451500126393512,0.0013451500126393512,0.1722126999957254,ok,0.0021807707,0.0021807707
Hilbert,TSP-random-n5-g1000-4,1923.6327,1876,0.0031783999875187874,0.0015891999937593937,0.0015891999937593937,0.0493549999955575,ok,2.539056,2.539056
Hilbert,TSP-random-n5-g10000-3,18274.15,17620,0.00014069999451749027,7.034999725874513e-05,7.034999725874513e-05,0.1542431999987457,ok,3.712545,3.712545
Hilbert,TSP-random-n5-g10000-2,12913.996,12913,0.00016460000188089907,8.230000094044954e-05,8.230000094044954e-05,0.1699638999998569,ok,0.007713883,0.007713883
Hilbert,TSP-random-n50-g10000-5,65121.65,51711,0.00041950002196244895,0.00020975001098122448,0.00020975001098122448,0.0860601000022143,ok,25.933842,25.933842
Hilbert,TSP-random-n50-g1000-1,7308.3267,5885,0.0035100999812129885,0.0017550499906064942,0.0017550499906064942,0.1455631999997422,ok,24.185669,24.185669
Hilbert,TSP-random-n400-g1000-1,20195.172,14263,0.02756809999118559,0.013784049995592795,0.013784049995592795,1.901673200001824,ok,41.591335,41.591335
Hilbert,TSP-random-n400-g1000-5,20004.803,14529,0.032680400006938726,0.016340200003469363,0.016340200003469363,4.738981299989973,ok,37.68878,37.68878
Hilbert,TSP-random-n400-g1000-3,20313.928,14655,0.031168100016657263,0.015584050008328632,0.015584050008328632,4.3340305000019725,ok,38.614315,38.614315
Hilbert,TSP-random-n50-g1000-5,7956.614,5981,0.007747399999061599,0.0038736999995307997,0.0038736999995307997,0.2594013000052655,ok,33.031498,33.031498
Hilbert,TSP-random-n50-g10000-4,74655.85,56936,0.00040240000816993415,0.00020120000408496708,0.00020120000408496708,0.1432553000049665,ok,31.122404,31.122404
Hilbert,TSP-random-n400-g1000-4,19795.52,14812,0.014959199994336814,0.007479599997168407,0.007479599997168407,2.802323500000057,ok,33.64515,33.64515
Hilbert,TSP-random-n5-g1000-3,1901.791,1871,0.00015059998258948326,7.529999129474163e-05,7.529999129474163e-05,0.0753174999990733,ok,1.6456984,1.6456984
Hilbert,TSP-random-n50-g1000-3,6920.8613,5438,0.0017525999865029007,0.0008762999932514504,0.0008762999932514504,0.0698853000067174,ok,27.268505,27.268505
Hilbert,TSP-random-n50-g10000-1,74041.84,58518,0.0004270999925211072,0.0002135499962605536,0.0002135499962605536,0.1518523999984609,ok,26.528322,26.528322
Hilbert,TSP-random-n50-g1000-2,7955.3994,5978,0.0004409999819472432,0.0002204999909736216,0.0002204999909736216,0.3436319000029471,ok,33.07794,33.07794
Hilbert,TSP-random-n50-g10000-3,73199.74,53597,0.0004217000096105039,0.00021085000480525196,0.00021085000480525196,0.1033425000059651,ok,36.57433,36.57433
Hilbert,TSP-random-n500-g1000-3,22571.764,16376,0.0088390999881085,0.00441954999405425,0.00441954999405425,7.128763500004425,ok,37.834415,37.834415
Hilbert,TSP-random-n500-g10000-5,227272.33,165349,0.003524499974446371,0.0017622499872231856,0.0017622499872231856,8.061607000010554,ok,37.450077,37.450077
Hilbert,TSP-random-n60-g1000-2,8222.377,6168,0.00045640001189894974,0.00022820000594947487,0.00022820000594947487,0.2532307999936165,ok,33.30702,33.30702
Hilbert,TSP-random-n60-g1000-5,9012.793,6442,0.000519299996085465,0.0002596499980427325,0.0002596499980427325,0.8923648000054527,ok,39.906754,39.906754
Hilbert,TSP-random-n60-g1000-1,7731.7085,6295,0.0004949999856762588,0.0002474999928381294,0.0002474999928381294,0.1924950999964494,ok,22.82301,22.82301
Hilbert,TSP-random-n50-g10000-2,70228.0,54863,0.00041050001163966954,0.00020525000581983477,0.00020525000581983477,0.2246318999968934,ok,28.006124,28.006124
Hilbert,TSP-random-n60-g10000-2,83190.02,61745,0.0005153999954927713,0.00025769999774638563,0.00025769999774638563,0.1368358999898191,ok,34.731594,34.731594
Hilbert,TSP-random-n60-g10000-1,81932.586,64764,0.0004524000105448067,0.00022620000527240336,0.00022620000527240336,0.1614278000051854,ok,26.509459,26.509459
Hilbert,TSP-random-n60-g1000-3,8718.808,6103,0.004587999981595203,0.0022939999907976016,0.0022939999907976016,0.2260995999968145,ok,42.86101,42.86101
Hilbert,TSP-random-n500-g10000-4,225902.17,166830,0.013819400017382577,0.0069097000086912885,0.0069097000086912885,69.00190570000268,ok,35.408604,35.408604
Hilbert,TSP-random-n500-g10000-2,230025.64,165668,0.026624699996318668,0.013312349998159334,0.013312349998159334,2.306263799997396,ok,38.84736,38.84736
Hilbert,TSP-random-n500-g10000-3,226930.22,166758,0.018227199994726107,0.009113599997363053,0.009113599997363053,6.305559499989613,ok,36.083557,36.083557
Hilbert,TSP-random-n50-g1000-4,7383.6196,5485,0.00039160001324489713,0.00019580000662244856,0.00019580000662244856,0.1851412000105483,ok,34.61476,34.61476
Hilbert,TSP-random-n400-g10000-4,200391.56,145885,0.032827099988935515,0.016413549994467758,0.016413549994467758,1.6560611000022618,ok,37.36269,37.36269
Hilbert,TSP-random-n60-g10000-5,80033.56,58065,0.0004419000179041177,0.00022095000895205885,0.00022095000895205885,0.1734109999961219,ok,37.834435,37.834435
Hilbert,TSP-random-n60-g1000-4,8879.1455,6189,0.00047309999354183674,0.00023654999677091837,0.00023654999677091837,0.1876496999902883,ok,43.46656,43.46656
Hilbert,TSP-random-n60-g10000-3,78649.57,64496,0.00047480000648647547,0.00023740000324323773,0.00023740000324323773,0.3372514999937266,ok,21.944881,21.944881
Hilbert,TSP-random-n500-g1000-2,22652.29,16778,0.028291599999647588,0.014145799999823794,0.014145799999823794,4.804231499991147,ok,35.011856,35.011856
Hilbert,TSP-random-n500-g1000-4,22720.727,16209,0.007471099990652874,0.003735549995326437,0.003735549995326437,2.000128899991978,ok,40.173523,40.173523
Hilbert,TSP-random-n70-g1000-2,9352.491,6707,0.0005040999967604876,0.0002520499983802438,0.0002520499983802438,0.1601068999880226,ok,39.443733,39.443733
Hilbert,TSP-random-n70-g1000-1,9165.583,6761,0.0005055000074207783,0.00025275000371038914,0.00025275000371038914,0.1690815999900223,ok,35.56549,35.56549
Hilbert,TSP-random-n60-g10000-4,88418.93,68411,0.0004622999986167997,0.00023114999930839986,0.00023114999930839986,0.2974400999955833,ok,29.246655,29.246655
Hilbert,TSP-random-n70-g1000-4,8180.0337,6453,0.0005300000193528831,0.00026500000967644155,0.00026500000967644155,0.1514255000074627,ok,26.76327,26.76327
Hilbert,TSP-random-n500-g1000-1,22863.625,16538,0.046210599975893274,0.023105299987946637,0.023105299987946637,8.155299899997772,ok,38.249035,38.249035
Hilbert,TSP-random-n70-g1000-5,9064.688,6505,0.0005111999926157296,0.0002555999963078648,0.0002555999963078648,0.2223545000015292,ok,39.349552,39.349552
Hilbert,TSP-random-n70-g10000-5,91895.96,62967,0.0005342999938875437,0.00026714999694377184,0.00026714999694377184,0.1913456999900518,ok,45.94305,45.94305
Hilbert,TSP-random-n70-g10000-2,87301.17,63441,0.0004975000047124922,0.0002487500023562461,0.0002487500023562461,0.1638854000048013,ok,37.61002,37.61002
Hilbert,TSP-random-n70-g10000-1,80578.766,62106,0.0005575999966822565,0.00027879999834112823,0.00027879999834112823,0.0688485999999102,ok,29.74393,29.74393
Hilbert,TSP-random-n500-g10000-1,233247.45,168002,0.05744499998399988,0.02872249999199994,0.02872249999199994,4.751961800007848,ok,38.836117,38.836117
Hilbert,TSP-random-n70-g1000-3,9123.733,6638,0.0005058000097051263,0.00025290000485256314,0.00025290000485256314,0.1446781999984523,ok,37.44702,37.44702
Hilbert,TSP-random-n500-g1000-5,22502.059,16389,0.031740999984322116,0.015870499992161058,0.015870499992161058,6.187833200005116,ok,37.299767,37.299767
Hilbert,TSP-random-n600-g1000-3,24912.549,18015,0.039310799998929724,0.019655399999464862,0.019655399999464862,3.546943499997724,ok,38.28781,38.28781
Hilbert,TSP-random-n600-g1000-4,25047.523,18032,0.04362109999055974,0.02181054999527987,0.02181054999527987,3.175553399996716,ok,38.905964,38.905964
Hilbert,TSP-random-n70-g10000-4,90796.72,67115,0.0005626000056508929,0.0002813000028254464,0.0002813000028254464,0.1634836000012001,ok,35.285286,35.285286
Hilbert,TSP-random-n70-g10000-3,87291.4,62317,0.0005149999924469739,0.00025749999622348696,0.00025749999622348696,0.2437544999993406,ok,40.07638,40.07638
Hilbert,TSP-random-n600-g10000-4,248112.31,179720,0.04012310001417063,0.020061550007085316,0.020061550007085316,11.86760030000005,ok,38.054924,38.054924
Hilbert,TSP-random-n700-g1000-5,26690.607,19425,0.016908699995838106,0.008454349997919053,0.008454349997919053,4.898728400003165,ok,37.403385,37.403385
Hilbert,TSP-random-n600-g1000-2,25041.967,17655,0.052522199985105544,0.026261099992552772,0.026261099992552772,6.261356799994246,ok,41.840652,41.840652
Hilbert,TSP-random-n600-g10000-2,250271.31,181526,0.057824299990898,0.028912149995449,0.028912149995449,165.0315816999937,ok,37.87078,37.87078
Hilbert,TSP-random-n600-g10000-3,245577.3,180509,0.06969329999992624,0.03484664999996312,0.03484664999996312,8.010176700001466,ok,36.047123,36.047123
Hilbert,TSP-random-n8-g1000-2,2954.5808,2327,0.00019000002066604793,9.500001033302397e-05,9.500001033302397e-05,0.1402041999972425,ok,26.969522,26.969522
Hilbert,TSP-random-n600-g1000-1,25258.492,17855,0.05387750000227243,0.026938750001136214,0.026938750001136214,10.921744799998123,ok,41.46453,41.46453
Hilbert,TSP-random-n8-g1000-3,3400.2505,2702,0.00016989998403005302,8.494999201502651e-05,8.494999201502651e-05,0.125698600008036,ok,25.841988,25.841988
Hilbert,TSP-random-n600-g10000-5,248212.27,178870,0.08190209997701459,0.04095104998850729,0.04095104998850729,2.1575944000069285,ok,38.766853,38.766853
Hilbert,TSP-random-n8-g1000-1,3062.1785,3061,0.0001748999929986894,8.74499964993447e-05,8.74499964993447e-05,0.1333987999969395,ok,0.038499404,0.038499404
Hilbert,TSP-random-n8-g10000-1,24007.543,22038,0.0001601999974809587,8.009999874047935e-05,8.009999874047935e-05,0.1335582000028807,ok,8.937031,8.937031
Hilbert,TSP-random-n700-g1000-3,26875.518,19314,0.03435400000307709,0.017177000001538545,0.017177000001538545,5.427546099992469,ok,39.150448,39.150448
Hilbert,TSP-random-n700-g1000-1,26257.457,19294,0.041581900004530326,0.020790950002265163,0.020790950002265163,7.741584199990029,ok,36.09131,36.09131
Hilbert,TSP-random-n8-g10000-5,26314.244,20205,0.00016769999638199806,8.384999819099903e-05,8.384999819099903e-05,0.1911440999974729,ok,30.236298,30.236298
Hilbert,TSP-random-n8-g1000-5,3137.6987,2650,0.00018169998656958342,9.084999328479171e-05,9.084999328479171e-05,0.4495604999974603,ok,18.403725,18.403725
Hilbert,TSP-random-n8-g1000-4,2427.1416,2306,0.00015490001533180475,7.745000766590238e-05,7.745000766590238e-05,0.4534143000055337,ok,5.2533216,5.2533216
Hilbert,TSP-random-n700-g1000-4,26710.096,19565,0.0401570999820251,0.02007854999101255,0.02007854999101255,17.14373369999521,ok,36.519783,36.519783
Hilbert,TSP-random-n600-g10000-1,248281.14,184472,0.06628729999647476,0.03314364999823738,0.03314364999823738,7.112428299995372,ok,34.59015,34.59015
Hilbert,TSP-random-n700-g1000-2,26635.043,19738,0.08366449997993186,0.04183224998996593,0.04183224998996593,9.918509499999344,ok,34.942966,34.942966
Hilbert,TSP-random-n80-g1000-3,9842.93,7219,0.0005595000111497939,0.00027975000557489693,0.00027975000557489693,0.1037709999945946,ok,36.34755,36.34755
Hilbert,TSP-random-n80-g1000-4,9010.851,6950,0.0005655999993905425,0.00028279999969527125,0.00028279999969527125,0.141978100000415,ok,29.652527,29.652527
Hilbert,TSP-random-n700-g10000-4,267282.94,192066,0.028774699982022867,0.014387349991011433,0.014387349991011433,10.6738676999812,ok,39.162025,39.162025
Hilbert,TSP-random-n80-g1000-5,9598.346,7181,0.0006454999966081232,0.0003227499983040616,0.0003227499983040616,0.1284129999985452,ok,33.66308,33.66308
Hilbert,TSP-random-n80-g1000-2,9177.524,7124,0.0005677999870385975,0.00028389999351929873,0.00028389999351929873,0.2649170999939088,ok,28.825441,28.825441
Hilbert,TSP-random-n700-g10000-2,269825.53,195932,0.030963500001234934,0.015481750000617467,0.015481750000617467,6.1309748999919975,ok,37.713863,37.713863
Hilbert,TSP-random-n600-g1000-5,24960.682,17939,0.08714650000911206,0.04357325000455603,0.04357325000455603,6.948963499991805,ok,39.14199,39.14199
Hilbert,TSP-random-n8-g10000-4,32062.332,26803,0.00020509999012574553,0.00010254999506287277,0.00010254999506287277,0.172866699998849,ok,19.622177,19.622177
Hilbert,TSP-random-n80-g10000-5,93301.516,70352,0.006201500014867634,0.003100750007433817,0.003100750007433817,0.6109234999894397,ok,32.620983,32.620983
Hilbert,TSP-random-n8-g10000-2,32505.164,26791,0.00047279999125748873,0.00023639999562874436,0.00023639999562874436,0.1327263999992283,ok,21.32867,21.32867
Hilbert,TSP-random-n80-g10000-3,90787.25,71179,0.0017891000024974346,0.0008945500012487173,0.0008945500012487173,0.2038074000010965,ok,27.5478,27.5478
Hilbert,TSP-random-n80-g10000-1,92561.125,69969,0.0005717000167351216,0.0002858500083675608,0.0002858500083675608,0.3416850999929011,ok,32.28876,32.28876
Hilbert,TSP-random-n80-g10000-4,100260.195,70766,0.0005828000139445066,0.0002914000069722533,0.0002914000069722533,0.5228367999952752,ok,41.678482,41.678482
Hilbert,TSP-random-n90-g1000-2,9635.872,7318,0.000616899982560426,0.000308449991280213,0.000308449991280213,0.3361102000053506,ok,31.673574,31.673574
Hilbert,TSP-random-n80-g1000-1,8885.638,6898,0.0006556999869644642,0.0003278499934822321,0.0003278499934822321,0.165887199997087,ok,28.814693,28.814693
Hilbert,TSP-random-n80-g10000-2,94944.875,69907,0.0005477999802678823,0.0002738999901339412,0.0002738999901339412,0.3655979999894043,ok,35.81598,35.81598
Hilbert,TSP-random-n700-g10000-5,266638.16,198937,0.049408000020775944,0.024704000010387972,0.024704000010387972,3.473652900007437,ok,34.031456,34.031456
Hilbert,TSP-random-n8-g10000-3,37387.99,35741,0.00017170002683997154,8.585001341998577e-05,8.585001341998577e-05,0.1530309000081615,ok,4.6081204,4.6081204
Hilbert,TSP-random-n90-g1000-1,10490.836,7440,0.0006092000112403184,0.0003046000056201592,0.0003046000056201592,0.4291632999957073,ok,41.00586,41.00586
Hilbert,TSP-random-n90-g10000-2,97487.76,72585,0.000652100017759949,0.0003260500088799745,0.0003260500088799745,0.8370904000039445,ok,34.308407,34.308407
Hilbert,TSP-random-n90-g1000-4,9909.492,7543,0.0006771999760530889,0.00033859998802654445,0.00033859998802654445,0.0791609000007156,ok,31.373354,31.373354
Hilbert,TSP-random-n700-g10000-3,259378.52,192270,0.09910050002508797,0.049550250012543984,0.049550250012543984,5.40025059999607,ok,34.90327,34.90327
Hilbert,TSP-random-n90-g10000-5,100676.92,76024,0.0006321999826468527,0.00031609999132342637,0.00031609999132342637,0.7709039999899687,ok,32.427814,32.427814
Hilbert,TSP-random-n90-g1000-5,9761.935,7410,0.017073299997719005,0.008536649998859502,0.008536649998859502,0.2710372000001371,ok,31.740007,31.740007
Hilbert,TSP-random-n800-g10000-5,280041.0,208259,0.03980890000821091,0.019904450004105456,0.019904450004105456,8.321390500001144,ok,34.46766,34.46766
Hilbert,TSP-random-n800-g1000-4,28821.398,21013,0.04377069999463856,0.02188534999731928,0.02188534999731928,5.587421500007622,ok,37.159843,37.159843
Hilbert,TSP-random-n800-g1000-5,28851.572,20575,0.04790820000926033,0.023954100004630163,0.023954100004630163,4.631545100011863,ok,40.226353,40.226353
Hilbert,TSP-random-n800-g1000-1,28960.48,20931,0.05206909999833442,0.02603454999916721,0.02603454999916721,6.499728300012066,ok,38.361664,38.361664
Hilbert,TSP-random-n800-g10000-4,283707.66,206382,0.04886469998746179,0.024432349993730895,0.024432349993730895,4.722381700004917,ok,37.467247,37.467247
Hilbert,TSP-random-n90-g10000-1,99107.84,71346,0.0006323000125121325,0.00031615000625606626,0.00031615000625606626,0.3756913999968674,ok,38.911564,38.911564
Hilbert,TSP-random-n90-g10000-4,100395.97,74766,0.0006122000049799681,0.00030610000248998404,0.00030610000248998404,0.4835809999931371,ok,34.280247,34.280247
Hilbert,TSP-random-n90-g1000-3,9813.628,7280,0.0007913999725133181,0.00039569998625665903,0.00039569998625665903,0.2323068999976385,ok,34.80258,34.80258
Hilbert,TSP-random-n90-g10000-3,96548.555,72103,0.0006874000246170908,0.0003437000123085454,0.0003437000123085454,0.5491708000045037,ok,33.90366,33.90366
Hilbert,TSP-random-n700-g10000-1,269832.62,193018,0.07247250000364147,0.036236250001820736,0.036236250001820736,8.412648400000762,ok,39.79661,39.79661
Hilbert,TSP-random-n800-g1000-3,28663.21,20449,0.07041650000610389,0.035208250003051944,0.035208250003051944,4.541776700003538,ok,40.169254,40.169254
Hilbert,TSP-random-n800-g10000-3,290892.56,208830,0.054528399981791154,0.027264199990895577,0.027264199990895577,220.91395429999105,ok,39.29635,39.29635
Hilbert,TSP-random-n800-g10000-1,283938.75,209055,0.02901279999059625,0.014506399995298125,0.014506399995298125,160.99431039999763,ok,35.82012,35.82012
Hilbert,TSP-squeezed_uniform-n10-g1000-2,2744.9084,2484,0.00017939999816007912,8.969999908003956e-05,8.969999908003956e-05,0.0414384000032441,ok,10.503561,10.503561
Hilbert,TSP-random-n800-g10000-2,284483.84,207925,0.06192969999392517,0.030964849996962585,0.030964849996962585,5.770357299988973,ok,36.82041,36.82041
Hilbert,TSP-squeezed_uniform-n10-g10000-1,24304.047,19402,0.00018319999799132347,9.159999899566174e-05,9.159999899566174e-05,0.0463987999974051,ok,25.265678,25.265678
Hilbert,TSP-squeezed_uniform-n10-g1000-5,2039.5757,1846,0.00044639999396167696,0.00022319999698083848,0.00022319999698083848,0.041265599997132,ok,10.486223,10.486223
Hilbert,TSP-squeezed_uniform-n10-g10000-5,26760.809,24258,0.00020480001694522798,0.00010240000847261399,0.00010240000847261399,0.0417728999891551,ok,10.317457,10.317457
Hilbert,TSP-squeezed_uniform-n10-g1000-3,2629.622,2559,0.02326430001994595,0.011632150009972975,0.011632150009972975,0.0417870999954175,ok,2.7597525,2.7597525
Hilbert,TSP-random-n900-g10000-5,299865.78,223658,0.029899799992563203,0.014949899996281601,0.014949899996281601,14.82572639999853,ok,34.073353,34.073353
Hilbert,TSP-squeezed_uniform-n10-g1000-1,3151.4583,3081,0.00017830001888796687,8.915000944398344e-05,8.915000944398344e-05,0.0800040000031003,ok,2.286863,2.286863
Hilbert,TSP-squeezed_uniform-n10-g1000-4,3003.9922,2568,0.00047140000970102847,0.00023570000485051423,0.00023570000485051423,0.0379708000109531,ok,16.977888,16.977888
Hilbert,TSP-squeezed_uniform-n10-g10000-2,21389.533,18238,0.03276370000094175,0.016381850000470877,0.016381850000470877,0.0522582999983569,ok,17.280037,17.280037
Hilbert,TSP-squeezed_uniform-n10-g10000-4,27310.234,23222,0.00017919999663718045,8.959999831859022e-05,8.959999831859022e-05,0.0452188000053865,ok,17.605005,17.605005
Hilbert,TSP-random-n800-g1000-2,28193.871,20439,0.11878900000010617,0.059394500000053085,0.059394500000053085,15.43028630000481,ok,37.94154,37.94154
Hilbert,TSP-random-n900-g1000-4,30446.63,22190,0.06089890000293963,0.030449450001469813,0.030449450001469813,11.710626600004616,ok,37.208794,37.208794
Hilbert,TSP-squeezed_uniform-n100-g1000-1,8758.398,6678,0.0006992999988142401,0.00034964999940712005,0.00034964999940712005,0.2604926000058185,ok,31.153017,31.153017
Hilbert,TSP-random-n900-g1000-1,30656.057,22361,0.05490280000958592,0.02745140000479296,0.02745140000479296,6.035836099996232,ok,37.09609,37.09609
Hilbert,TSP-random-n900-g1000-2,30156.04,21858,0.06181740001193248,0.03090870000596624,0.03090870000596624,7.607948799995938,ok,37.963398,37.963398
Hilbert,TSP-random-n900-g10000-1,297340.34,217290,0.05661689999396913,0.028308449996984564,0.028308449996984564,228.23099480000383,ok,36.840324,36.840324
Hilbert,TSP-random-n900-g10000-3,299463.97,221776,0.0585070000088308,0.0292535000044154,0.0292535000044154,365.2208775000181,ok,35.029926,35.029926
Hilbert,TSP-squeezed_uniform-n100-g10000-5,88286.29,65855,0.0006726999999955297,0.0003363499999977648,0.0003363499999977648,0.1351101999898674,ok,34.061634,34.061634
Hilbert,TSP-random-n900-g1000-3,30139.066,22037,0.057596800004830584,0.028798400002415292,0.028798400002415292,4.338619100002688,ok,36.765743,36.765743
Hilbert,TSP-squeezed_uniform-n100-g1000-5,8926.877,6803,0.002156200003810227,0.0010781000019051135,0.0010781000019051135,0.3861710999917704,ok,31.219711,31.219711
Hilbert,TSP-squeezed_uniform-n10-g10000-3,34137.35,31600,0.0001888000115286559,9.440000576432794e-05,9.440000576432794e-05,0.1129957999946782,ok,8.029593,8.029593
Hilbert,TSP-squeezed_uniform-n100-g1000-3,8794.833,6776,0.003550300025381148,0.001775150012690574,0.001775150012690574,0.4016359999950509,ok,29.793877,29.793877
Hilbert,TSP-squeezed_uniform-n100-g10000-4,82174.52,60452,0.0006763999990653247,0.00033819999953266233,0.00033819999953266233,0.2466724999976577,ok,35.933506,35.933506
Hilbert,TSP-squeezed_uniform-n100-g1000-2,8752.809,6287,0.0007501000072807074,0.0003750500036403537,0.0003750500036403537,0.2112250999925891,ok,39.22075,39.22075
Hilbert,TSP-random-n900-g10000-4,308968.06,221030,0.059055999998236075,0.029527999999118038,0.029527999999118038,5.285031599996728,ok,39.78558,39.78558
Hilbert,TSP-squeezed_uniform-n100-g1000-4,8779.741,6149,0.0006812000065110624,0.0003406000032555312,0.0003406000032555312,0.2247663999878568,ok,42.783237,42.783237
Hilbert,TSP-squeezed_uniform-n20-g1000-2,4295.7705,3570,0.0002513999934308231,0.00012569999671541154,0.00012569999671541154,0.0360992000059923,ok,20.329706,20.329706
Hilbert,TSP-squeezed_uniform-n20-g1000-5,3860.2642,3338,0.000222400005441159,0.0001112000027205795,0.0001112000027205795,0.0426583999942522,ok,15.646021,15.646021
Hilbert,TSP-random-n900-g1000-5,29902.693,21894,0.06327329998021014,0.03163664999010507,0.03163664999010507,9.186235300003318,ok,36.5794,36.5794
Hilbert,TSP-random-n900-g10000-2,297590.9,217201,0.04053199998452328,0.02026599999226164,0.02026599999226164,5.5039209999958985,ok,37.011757,37.011757
Hilbert,TSP-squeezed_uniform-n100-g10000-3,87630.91,64404,0.0006773000059183687,0.00033865000295918435,0.00033865000295918435,0.3275506000063615,ok,36.064384,36.064384
Hilbert,TSP-squeezed_uniform-n100-g10000-1,92630.03,64229,0.013698499999009073,0.006849249999504536,0.006849249999504536,0.2547161999973468,ok,44.21839,44.21839
Hilbert,TSP-squeezed_uniform-n20-g1000-1,3537.7744,2793,0.006866700015962124,0.003433350007981062,0.003433350007981062,0.0450557000003755,ok,26.66575,26.66575
Hilbert,TSP-squeezed_uniform-n100-g10000-2,85525.77,61862,0.0006751000182703137,0.00033755000913515687,0.00033755000913515687,0.2962979000003543,ok,38.25252,38.25252
Hilbert,TSP-squeezed_uniform-n20-g1000-4,4476.8135,3859,0.00029830000130459666,0.00014915000065229833,0.00014915000065229833,0.0403059999953256,ok,16.009678,16.009678
Hilbert,TSP-squeezed_uniform-n200-g1000-2,11472.056,8708,0.0012778000091202557,0.0006389000045601279,0.0006389000045601279,1.0000341999984812,ok,31.741568,31.741568
Hilbert,TSP-squeezed_uniform-n1000-g1000-1,26890.592,19948,0.0352429999911692,0.0176214999955846,0.0176214999955846,20.820528500000364,ok,34.803448,34.803448
Hilbert,TSP-squeezed_uniform-n20-g10000-1,36466.387,31145,0.0002860999957192689,0.00014304999785963446,0.00014304999785963446,0.0523041999986162,ok,17.085846,17.085846
Hilbert,TSP-squeezed_uniform-n1000-g10000-1,274761.16,198144,0.04327870000270195,0.021639350001350977,0.021639350001350977,14.507904800004326,ok,38.66741,38.66741
Hilbert,TSP-squeezed_uniform-n20-g10000-4,41995.62,36355,0.006234200001927093,0.0031171000009635463,0.0031171000009635463,0.0484617000038269,ok,15.515393,15.515393
Hilbert,TSP-squeezed_uniform-n1000-g10000-5,274247.56,202136,0.016797399992356077,0.008398699996178038,0.008398699996178038,17.16014059999725,ok,35.674774,35.674774
Hilbert,TSP-squeezed_uniform-n20-g1000-3,3399.4814,2827,0.0002415000053588301,0.00012075000267941505,0.00012075000267941505,0.0364075000106822,ok,20.250494,20.250494
Hilbert,TSP-squeezed_uniform-n20-g10000-3,36967.43,31737,0.0003388000186532736,0.0001694000093266368,0.0001694000093266368,0.0443953999929362,ok,16.480543,16.480543
Hilbert,TSP-squeezed_uniform-n200-g10000-2,126049.94,92411,0.001269000000320375,0.0006345000001601875,0.0006345000001601875,1.78805669999565,ok,36.401443,36.401443
Hilbert,TSP-squeezed_uniform-n200-g1000-4,13062.055,9352,0.0012947999930474907,0.0006473999965237454,0.0006473999965237454,1.1564733999985035,ok,39.67124,39.67124
Hilbert,TSP-squeezed_uniform-n200-g1000-5,11630.992,8728,0.0012464000028558075,0.0006232000014279038,0.0006232000014279038,3.5548223000078,ok,33.26068,33.26068
Hilbert,TSP-squeezed_uniform-n1000-g10000-3,267487.84,192489,0.04977849998977035,0.024889249994885176,0.024889249994885176,8.989063300017733,ok,38.962666,38.962666
Hilbert,TSP-squeezed_uniform-n200-g1000-1,11823.351,9157,0.0013163000112399459,0.0006581500056199729,0.0006581500056199729,1.2231018000020413,ok,29.118168,29.118168
Hilbert,TSP-squeezed_uniform-n200-g10000-5,124076.164,91622,0.0013726000033784658,0.0006863000016892329,0.0006863000016892329,1.9688375999976413,ok,35.421803,35.421803
Hilbert,TSP-squeezed_uniform-n200-g10000-3,127935.43,95372,0.010419700003694743,0.0052098500018473715,0.0052098500018473715,1.9878736999962712,ok,34.143593,34.143593
Hilbert,TSP-squeezed_uniform-n200-g1000-3,12600.475,9198,0.0012143999920226634,0.0006071999960113317,0.0006071999960113317,1.4989088000002084,ok,36.991463,36.991463
Hilbert,TSP-squeezed_uniform-n1000-g10000-2,272593.53,196434,0.06695979999494739,0.033479899997473694,0.033479899997473694,12.41777440000442,ok,38.771053,38.771053
Hilbert,TSP-squeezed_uniform-n200-g10000-1,120324.27,90275,0.0012695999757852405,0.0006347999878926203,0.0006347999878926203,2.111510899994755,ok,33.286373,33.286373
Hilbert,TSP-squeezed_uniform-n20-g10000-2,38600.92,31326,0.00023629999486729503,0.00011814999743364751,0.00011814999743364751,0.0517467000026954,ok,23.22327,23.22327
Hilbert,TSP-squeezed_uniform-n30-g1000-4,4308.079,3165,0.00030590000096708536,0.00015295000048354268,0.00015295000048354268,0.0747104999900329,ok,36.11624,36.11624
Hilbert,TSP-squeezed_uniform-n30-g1000-3,4927.837,4394,0.00028470001416280866,0.00014235000708140433,0.00014235000708140433,0.0654691999952774,ok,12.149224,12.149224
Hilbert,TSP-squeezed_uniform-n30-g1000-2,5075.877,3958,0.00030410001636482775,0.00015205000818241388,0.00015205000818241388,0.0781136000005062,ok,28.243479,28.243479
Hilbert,TSP-squeezed_uniform-n1000-g10000-4,272498.56,201108,0.06686089999857359,0.03343044999928679,0.03343044999928679,14.003085300006203,ok,35.49862,35.49862
Hilbert,TSP-squeezed_uniform-n30-g10000-5,40869.566,31716,0.0010233000211883336,0.0005116500105941668,0.0005116500105941668,0.1103542000055313,ok,28.861036,28.861036
Hilbert,TSP-squeezed_uniform-n30-g10000-4,47889.883,34865,0.00029590001213364303,0.00014795000606682152,0.00014795000606682152,0.0503834999981336,ok,37.358047,37.358047
Hilbert,TSP-squeezed_uniform-n1000-g1000-2,27799.37,19959,0.06535900000017136,0.03267950000008568,0.03267950000008568,363.728197599994,ok,39.282375,39.282375
Hilbert,TSP-squeezed_uniform-n30-g1000-5,5856.3203,4196,0.00032759999157860875,0.00016379999578930438,0.00016379999578930438,0.0567093999998178,ok,39.569122,39.569122
Hilbert,TSP-squeezed_uniform-n1000-g1000-3,27643.809,20242,0.08784510000259615,0.04392255000129808,0.04392255000129808,7.233491100007086,ok,36.56659,36.56659
Hilbert,TSP-squeezed_uniform-n1000-g1000-5,27410.682,19929,0.08024650000152178,0.04012325000076089,0.04012325000076089,9.074108199987675,ok,37.541683,37.541683
Hilbert,TSP-squeezed_uniform-n20-g10000-5,33530.84,29236,0.00026630001957528293,0.00013315000978764147,0.00013315000978764147,0.0500486000091768,ok,14.690245,14.690245
Hilbert,TSP-squeezed_uniform-n1000-g1000-4,27960.45,20364,0.08048139998572879,0.04024069999286439,0.04024069999286439,16.649420600006124,ok,37.303326,37.303326
Hilbert,TSP-squeezed_uniform-n30-g1000-1,5414.65,4073,0.0002924999862443656,0.0001462499931221828,0.0001462499931221828,0.1179006000020308,ok,32.94009,32.94009
Hilbert,TSP-squeezed_uniform-n200-g10000-4,123870.67,91891,0.0012559000169858336,0.0006279500084929168,0.0006279500084929168,3.5181930999970064,ok,34.801746,34.801746
Hilbert,TSP-squeezed_uniform-n30-g10000-1,55123.695,42127,0.0002597999991849065,0.00012989999959245324,0.00012989999959245324,0.0420321000128751,ok,30.851225,30.851225
Hilbert,TSP-squeezed_uniform-n300-g1000-2,16288.739,11116,0.00999930000398308,0.00499965000199154,0.00499965000199154,1.1639710000017658,ok,46.534176,46.534176
Hilbert,TSP-squeezed_uniform-n40-g1000-3,5805.582,4455,0.0003465000190772116,0.0001732500095386058,0.0001732500095386058,0.0902707999921403,ok,30.316093,30.316093
Hilbert,TSP-squeezed_uniform-n300-g10000-5,146237.81,110278,0.007338499999605119,0.0036692499998025596,0.0036692499998025596,3.923994099997799,ok,32.608326,32.608326
Hilbert,TSP-squeezed_uniform-n300-g1000-5,15162.054,11139,0.004722099984064698,0.002361049992032349,0.002361049992032349,1.4115041999903042,ok,36.11683,36.11683
Hilbert,TSP-squeezed_uniform-n40-g1000-5,6196.5537,4285,0.00038070001755841076,0.00019035000877920538,0.00019035000877920538,0.0860376000055112,ok,44.610355,44.610355
Hilbert,TSP-squeezed_uniform-n40-g10000-3,57189.2,45736,0.00032729998929426074,0.00016364999464713037,0.00016364999464713037,0.0904480000026524,ok,25.041979,25.041979
Hilbert,TSP-squeezed_uniform-n40-g10000-1,63027.066,41785,0.0003496000135783106,0.0001748000067891553,0.0001748000067891553,0.6247832999943057,ok,50.836582,50.836582
Hilbert,TSP-squeezed_uniform-n40-g1000-4,5369.6655,4227,0.0003591999993659556,0.0001795999996829778,0.0001795999996829778,0.0978140000079292,ok,27.032543,27.032543
Hilbert,TSP-squeezed_uniform-n300-g10000-3,160693.7,115849,0.011911899986444041,0.005955949993222021,0.005955949993222021,28.033932099991944,ok,38.709618,38.709618
Hilbert,TSP-squeezed_uniform-n40-g10000-4,52289.234,41170,0.00034149998100474477,0.00017074999050237238,0.00017074999050237238,0.0784489999932702,ok,27.008099,27.008099
Hilbert,TSP-squeezed_uniform-n300-g1000-3,14391.648,10468,0.02156200000899844,0.01078100000449922,0.01078100000449922,1.6909853999968618,ok,37.48231,37.48231
Hilbert,TSP-squeezed_uniform-n300-g1000-4,15193.172,11210,0.026249899994581938,0.013124949997290969,0.013124949997290969,1.30159280000953,ok,35.53231,35.53231
Hilbert,TSP-squeezed_uniform-n40-g10000-5,59372.92,43772,0.00034020000020973384,0.00017010000010486692,0.00017010000010486692,0.0679046999866841,ok,35.641327,35.641327
Hilbert,TSP-squeezed_uniform-n40-g1000-1,4986.515,3809,0.0003419000131543726,0.0001709500065771863,0.0001709500065771863,0.0728550999920116,ok,30.914024,30.914024
Hilbert,TSP-squeezed_uniform-n300-g1000-1,15243.08,11061,0.013997799978824332,0.006998899989412166,0.006998899989412166,1.1621943000063766,ok,37.809242,37.809242
Hilbert,TSP-squeezed_uniform-n300-g10000-2,151450.81,112799,0.024203099979786202,0.012101549989893101,0.012101549989893101,1.792967299988959,ok,34.266098,34.266098
Hilbert,TSP-squeezed_uniform-n30-g10000-3,44389.52,39604,0.00028810001094825566,0.00014405000547412783,0.00014405000547412783,0.1417406999971717,ok,12.083425,12.083425
Hilbert,TSP-squeezed_uniform-n300-g10000-1,152078.31,112674,0.024254499992821366,0.012127249996410683,0.012127249996410683,3.110577800005558,ok,34.971966,34.971966
Hilbert,TSP-squeezed_uniform-n400-g1000-1,17478.71,12688,0.007216400001198053,0.0036082000005990267,0.0036082000005990267,3.0173847999976715,ok,37.757812,37.757812
Hilbert,TSP-squeezed_uniform-n30-g10000-2,52929.9,42520,0.010382100008428097,0.005191050004214048,0.005191050004214048,0.0929476000019349,ok,24.482357,24.482357
Hilbert,TSP-squeezed_uniform-n40-g1000-2,5931.4175,4320,0.0003603999793995172,0.0001801999896997586,0.0001801999896997586,0.0578402999963145,ok,37.30133,37.30133
Hilbert,TSP-squeezed_uniform-n5-g10000-1,21177.684,21178,0.00016309999045915902,8.154999522957951e-05,8.154999522957951e-05,0.2583138999907532,ok,-0.0014940328,0.0014940328
Hilbert,TSP-squeezed_uniform-n400-g10000-3,177145.72,126536,0.004229299986036494,0.002114649993018247,0.002114649993018247,1.678967100000591,ok,39.9963,39.9963
Hilbert,TSP-squeezed_uniform-n5-g10000-2,10405.305,10405,0.0001517999917268753,7.589999586343765e-05,7.589999586343765e-05,0.2729534000100102,ok,0.0029282798,0.0029282798
Hilbert,TSP-squeezed_uniform-n40-g10000-2,54184.383,41759,0.0003535000141710043,0.00017675000708550215,0.00017675000708550215,0.0899050000007264,ok,29.754982,29.754982
Hilbert,TSP-squeezed_uniform-n300-g10000-4,154947.94,113142,0.026431499980390072,0.013215749990195036,0.013215749990195036,2.868346899995231,ok,36.94997,36.94997
Hilbert,TSP-squeezed_uniform-n5-g1000-3,1165.8231,1166,0.00016289998893626034,8.144999446813017e-05,8.144999446813017e-05,0.089763199997833,ok,-0.015169801,0.015169801
Hilbert,TSP-squeezed_uniform-n5-g1000-1,1827.8457,1828,0.00023010000586509705,0.00011505000293254852,0.00011505000293254852,0.0474151000089477,ok,-0.008440748,0.008440748
Hilbert,TSP-squeezed_uniform-n5-g10000-5,21991.486,21991,0.00013860000763088465,6.930000381544232e-05,6.930000381544232e-05,0.1421938999992562,ok,0.0022114872,0.0022114872
Hilbert,TSP-squeezed_uniform-n5-g1000-5,1878.4163,1552,0.0001320999872405082,6.60499936202541e-05,6.60499936202541e-05,0.5055993999994826,ok,21.031975,21.031975
Hilbert,TSP-squeezed_uniform-n5-g1000-2,1889.2163,1889,0.00018319999799132347,9.159999899566174e-05,9.159999899566174e-05,0.0936622000008355,ok,0.011450958,0.011450958
Hilbert,TSP-squeezed_uniform-n50-g1000-3,6147.1113,4240,0.0004341999883763492,0.0002170999941881746,0.0002170999941881746,0.1100609000131953,ok,44.979042,44.979042
Hilbert,TSP-squeezed_uniform-n400-g1000-2,17378.465,13117,0.02663049998227507,0.013315249991137534,0.013315249991137534,9.757436699990649,ok,32.488106,32.488106
Hilbert,TSP-squeezed_uniform-n5-g10000-3,20889.045,20565,0.00016560000949539244,8.280000474769622e-05,8.280000474769622e-05,0.4096152999991318,ok,1.5757108,1.5757108
Hilbert,TSP-squeezed_uniform-n50-g1000-2,6654.439,5118,0.00041130001773126423,0.00020565000886563212,0.00020565000886563212,0.0775656000041635,ok,30.0203,30.0203
Hilbert,TSP-squeezed_uniform-n400-g1000-3,17174.535,12466,0.012244299985468388,0.006122149992734194,0.006122149992734194,5.156594799991581,ok,37.77102,37.77102
Hilbert,TSP-squeezed_uniform-n50-g10000-3,67459.16,55017,0.0004157999937888235,0.00020789999689441174,0.00020789999689441174,0.1206403999967733,ok,22.615112,22.615112
Hilbert,TSP-squeezed_uniform-n5-g1000-4,1793.7399,1774,0.014627600001404062,0.007313800000702031,0.007313800000702031,0.1682367000030353,ok,1.112732,1.112732
Hilbert,TSP-squeezed_uniform-n400-g10000-1,180216.14,129598,0.019602400017902255,0.009801200008951128,0.009801200008951128,3.049871200011694,ok,39.057808,39.057808
Hilbert,TSP-squeezed_uniform-n400-g10000-5,164776.14,116751,0.018891400017309934,0.009445700008654967,0.009445700008654967,4.86965790000977,ok,41.13467,41.13467
Hilbert,TSP-squeezed_uniform-n50-g10000-1,61500.242,49669,0.00040839999564923346,0.00020419999782461673,0.00020419999782461673,0.0505441999994218,ok,23.820173,23.820173
Hilbert,TSP-squeezed_uniform-n400-g1000-4,18335.35,12977,0.025297899992438033,0.012648949996219017,0.012648949996219017,2.422584799991455,ok,41.291126,41.291126
Hilbert,TSP-squeezed_uniform-n50-g1000-4,5877.563,4610,0.0003932000254280865,0.00019660001271404326,0.00019660001271404326,0.1858805000083521,ok,27.495945,27.495945
Hilbert,TSP-squeezed_uniform-n5-g10000-4,15457.391,15347,0.00016979998326860368,8.489999163430184e-05,8.489999163430184e-05,0.0945542999979807,ok,0.7192977,0.7192977
Hilbert,TSP-squeezed_uniform-n400-g10000-4,179964.38,129431,0.026714099978562444,0.013357049989281222,0.013357049989281222,9.07665870001074,ok,39.042713,39.042713
Hilbert,TSP-squeezed_uniform-n50-g10000-5,61743.188,48620,0.0003825000021606684,0.0001912500010803342,0.0001912500010803342,0.0495611999940592,ok,26.991335,26.991335
Hilbert,TSP-squeezed_uniform-n50-g10000-2,56559.477,43945,0.0003999000182375312,0.0001999500091187656,0.0001999500091187656,0.1015773999970406,ok,28.705147,28.705147
Hilbert,TSP-squeezed_uniform-n50-g1000-1,7021.1636,5438,0.0003902000025846064,0.0001951000012923032,0.0001951000012923032,0.1224713000119663,ok,29.112974,29.112974
Hilbert,TSP-squeezed_uniform-n60-g1000-1,7372.043,5591,0.000434000015957281,0.0002170000079786405,0.0002170000079786405,0.1069794000068213,ok,31.855536,31.855536
Hilbert,TSP-squeezed_uniform-n400-g1000-5,18093.428,13044,0.026234099990688264,0.013117049995344132,0.013117049995344132,7.67400970000017,ok,38.71073,38.71073
Hilbert,TSP-squeezed_uniform-n500-g10000-1,194347.94,143196,0.004152700013946742,0.002076350006973371,0.002076350006973371,4.276460299995961,ok,35.721622,35.721622
Hilbert,TSP-squeezed_uniform-n60-g10000-2,68838.87,54425,0.00046839998685754836,0.00023419999342877418,0.00023419999342877418,0.2369259999977657,ok,26.483908,26.483908
Hilbert,TSP-squeezed_uniform-n500-g10000-3,195219.98,139131,0.0050100999942515045,0.0025050499971257523,0.0025050499971257523,2.523257900000317,ok,40.313797,40.313797
Hilbert,TSP-squeezed_uniform-n400-g10000-2,178180.66,125445,0.033782899990910664,0.016891449995455332,0.016891449995455332,44.8171888999932,ok,42.038868,42.038868
Hilbert,TSP-squeezed_uniform-n50-g1000-5,6748.165,5142,0.006266199983656406,0.003133099991828203,0.003133099991828203,0.0750116999988677,ok,31.236193,31.236193
Hilbert,TSP-squeezed_uniform-n60-g1000-4,6393.962,5104,0.00047889997949823737,0.00023944998974911869,0.00023944998974911869,0.1329362999967998,ok,25.27355,25.27355
Hilbert,TSP-squeezed_uniform-n60-g10000-1,64820.54,51741,0.00046309997560456395,0.00023154998780228198,0.00023154998780228198,0.1747590000013588,ok,25.27887,25.27887
Hilbert,TSP-squeezed_uniform-n500-g1000-5,19969.91,14604,0.010318700020434335,0.0051593500102171674,0.0051593500102171674,3.0721726000047056,ok,36.742744,36.742744
Hilbert,TSP-squeezed_uniform-n60-g1000-2,6465.964,4837,0.0004912000149488449,0.00024560000747442245,0.00024560000747442245,0.1761621999903582,ok,33.67715,33.67715
Hilbert,TSP-squeezed_uniform-n500-g1000-2,18971.906,13795,0.01574939998681657,0.007874699993408285,0.007874699993408285,1.7912158999970416,ok,37.52741,37.52741
Hilbert,TSP-squeezed_uniform-n60-g10000-3,67109.664,52767,0.0005020000098738819,0.00025100000493694097,0.00025100000493694097,0.214213600003859,ok,27.181126,27.181126
Hilbert,TSP-squeezed_uniform-n60-g1000-5,7550.036,5651,0.000467999983811751,0.0002339999919058755,0.0002339999919058755,0.1439666000078432,ok,33.60531,33.60531
Hilbert,TSP-squeezed_uniform-n60-g1000-3,7712.843,5461,0.0004693999944720417,0.00023469999723602086,0.00023469999723602086,0.1329482000001007,ok,41.23499,41.23499
Hilbert,TSP-squeezed_uniform-n50-g10000-4,64066.082,46707,0.016675999999279156,0.008337999999639578,0.008337999999639578,0.1046692999952938,ok,37.16591,37.16591
Hilbert,TSP-squeezed_uniform-n60-g10000-4,72976.17,56062,0.01586499999393709,0.007932499996968545,0.007932499996968545,0.65956179999921,ok,30.170477,30.170477
Hilbert,TSP-squeezed_uniform-n60-g10000-5,71706.43,50282,0.000451300002168864,0.000225650001084432,0.000225650001084432,0.2159966999897733,ok,42.608547,42.608547
Hilbert,TSP-squeezed_uniform-n500-g10000-4,192748.94,140767,0.024920299998484552,0.012460149999242276,0.012460149999242276,6.198698699998204,ok,36.927643,36.927643
Hilbert,TSP-squeezed_uniform-n500-g10000-5,194929.98,142630,0.028645899990806356,0.014322949995403178,0.014322949995403178,3.0757080000039423,ok,36.668293,36.668293
Hilbert,TSP-squeezed_uniform-n500-g10000-2,183822.48,136735,0.035155000019585714,0.017577500009792857,0.017577500009792857,35.89451360001112,ok,34.43704,34.43704
Hilbert,TSP-squeezed_uniform-n70-g1000-3,7588.5806,6026,0.000520800007507205,0.0002604000037536025,0.0002604000037536025,0.190687499998603,ok,25.930643,25.930643
Hilbert,TSP-squeezed_uniform-n600-g10000-4,213038.22,157307,0.007511100004194304,0.003755550002097152,0.003755550002097152,7.379515399996308,ok,35.428314,35.428314
Hilbert,TSP-squeezed_uniform-n500-g1000-1,20209.975,14581,0.046511599997757,0.0232557999988785,0.0232557999988785,9.311835500004236,ok,38.60486,38.60486
Hilbert,TSP-squeezed_uniform-n70-g1000-2,6878.6436,5112,0.0005322000070009381,0.00026610000350046903,0.00026610000350046903,0.1562643000070238,ok,34.558754,34.558754
Hilbert,TSP-squeezed_uniform-n70-g1000-5,7127.1465,5307,0.0005520999839063734,0.0002760499919531867,0.0002760499919531867,0.2540863000031095,ok,34.29709,34.29709
Hilbert,TSP-squeezed_uniform-n500-g1000-4,19524.475,14197,0.051015300006838515,0.025507650003419258,0.025507650003419258,6.175206600004458,ok,37.525356,37.525356
Hilbert,TSP-squeezed_uniform-n70-g10000-1,69651.16,52099,0.0005331000138539821,0.00026655000692699105,0.00026655000692699105,0.1351523000048473,ok,33.690006,33.690006
Hilbert,TSP-squeezed_uniform-n70-g10000-4,71677.97,55339,0.0005118999979458749,0.00025594999897293746,0.00025594999897293746,0.5710421999974642,ok,29.525232,29.525232
Hilbert,TSP-squeezed_uniform-n70-g1000-4,6663.274,5032,0.0005209000082686543,0.0002604500041343272,0.0002604500041343272,0.1551814999984344,ok,32.418003,32.418003
Hilbert,TSP-squeezed_uniform-n600-g1000-4,20892.8,15513,0.02589099999750033,0.012945499998750165,0.012945499998750165,9.99692020000657,ok,34.679306,34.679306
Hilbert,TSP-squeezed_uniform-n600-g10000-2,215069.42,154309,0.0424514000187628,0.0212257000093814,0.0212257000093814,57.62730530000408,ok,39.375813,39.375813
Hilbert,TSP-squeezed_uniform-n600-g10000-1,216607.16,155567,0.03430460000527091,0.017152300002635457,0.017152300002635457,4.811391499999445,ok,39.237213,39.237213
Hilbert,TSP-squeezed_uniform-n600-g1000-2,21074.639,14986,0.05036019999533892,0.02518009999766946,0.02518009999766946,5.085278300000937,ok,40.628845,40.628845
Hilbert,TSP-squeezed_uniform-n600-g10000-3,208664.77,154317,0.03894300002139062,0.01947150001069531,0.01947150001069531,20.062011100002564,ok,35.21826,35.21826
Hilbert,TSP-squeezed_uniform-n70-g1000-1,8013.376,5834,0.0005237000004854053,0.00026185000024270266,0.00026185000024270266,0.3724594000086654,ok,37.356464,37.356464
Hilbert,TSP-squeezed_uniform-n500-g1000-3,19290.752,13961,0.07622070002253167,0.03811035001126584,0.03811035001126584,3.7501296999980696,ok,38.176003,38.176003
Hilbert,TSP-squeezed_uniform-n70-g10000-5,76557.17,52051,0.000523900002008304,0.000261950001004152,0.000261950001004152,0.500084400002379,ok,47.081078,47.081078
Hilbert,TSP-squeezed_uniform-n600-g10000-5,213220.75,156206,0.040039799991063774,0.020019899995531887,0.020019899995531887,5.499487999986741,ok,36.499718,36.499718
Hilbert,TSP-squeezed_uniform-n70-g10000-3,70133.8,55062,0.0005716000159736723,0.00028580000798683614,0.00028580000798683614,0.1613389999984065,ok,27.372412,27.372412
Hilbert,TSP-squeezed_uniform-n600-g1000-3,21029.848,15097,0.04989900000509806,0.02494950000254903,0.02494950000254903,12.408783199993197,ok,39.298187,39.298187
Hilbert,TSP-squeezed_uniform-n600-g1000-1,21954.617,15747,0.041642500000307336,0.020821250000153668,0.020821250000153668,12.258267199998954,ok,39.42095,39.42095
Hilbert,TSP-squeezed_uniform-n8-g1000-3,2240.488,2119,0.00017129999469034374,8.564999734517187e-05,8.564999734517187e-05,0.1601779999909922,ok,5.733272,5.733272
Hilbert,TSP-squeezed_uniform-n600-g1000-5,22136.16,16110,0.039533000002847984,0.019766500001423992,0.019766500001423992,3.893309999999474,ok,37.40633,37.40633
Hilbert,TSP-squeezed_uniform-n8-g1000-1,2430.4067,2279,0.0010685999877750874,0.0005342999938875437,0.0005342999938875437,0.0834959999920101,ok,6.6435604,6.6435604
Hilbert,TSP-squeezed_uniform-n8-g10000-4,24715.615,19723,0.00016530000721104443,8.265000360552222e-05,8.265000360552222e-05,0.3093915000063134,ok,25.31367,25.31367
Hilbert,TSP-squeezed_uniform-n8-g1000-2,1632.8425,1522,0.00018190001719631255,9.095000859815627e-05,9.095000859815627e-05,0.0368099000043002,ok,7.282689,7.282689
Hilbert,TSP-squeezed_uniform-n700-g1000-3,22948.451,16856,0.020324899989645928,0.010162449994822964,0.010162449994822964,6.892722300006426,ok,36.14411,36.14411
Hilbert,TSP-squeezed_uniform-n8-g1000-4,2291.0862,2290,0.00018270002328790724,9.135001164395362e-05,9.135001164395362e-05,0.0550985999871045,ok,0.047431514,0.047431514
Hilbert,TSP-squeezed_uniform-n8-g10000-1,22071.057,22070,0.00015730000450275838,7.865000225137919e-05,7.865000225137919e-05,0.3478677999955835,ok,0.0047876784,0.0047876784
Hilbert,TSP-squeezed_uniform-n700-g1000-1,23151.977,16574,0.028152300015790388,0.014076150007895194,0.014076150007895194,22.08940680000524,ok,39.688526,39.688526
Hilbert,TSP-squeezed_uniform-n70-g10000-2,75352.8,56510,0.0005047000013291836,0.0002523500006645918,0.0002523500006645918,0.1132949000020744,ok,33.34418,33.34418
Hilbert,TSP-squeezed_uniform-n8-g1000-5,2544.0151,2427,0.009496399987256154,0.004748199993628077,0.004748199993628077,0.1028252999967662,ok,4.82139,4.82139
Hilbert,TSP-squeezed_uniform-n80-g1000-4,8218.658,6221,0.0006295999919530004,0.0003147999959765002,0.0003147999959765002,0.3273258000117494,ok,32.11153,32.11153
Hilbert,TSP-squeezed_uniform-n80-g1000-1,8562.355,6727,0.0006001000001560897,0.00030005000007804483,0.00030005000007804483,0.3328784000041196,ok,27.283419,27.283419
Hilbert,TSP-squeezed_uniform-n80-g1000-3,8674.569,6485,0.0005536000244319439,0.00027680001221597195,0.00027680001221597195,0.4077945000026375,ok,33.7636,33.7636
Hilbert,TSP-squeezed_uniform-n80-g10000-1,75305.31,55810,0.0005532999930437654,0.0002766499965218827,0.0002766499965218827,0.2727240000094753,ok,34.931576,34.931576
Hilbert,TSP-squeezed_uniform-n80-g1000-5,7557.321,5615,0.0005885999999009073,0.00029429999995045364,0.00029429999995045364,0.5399780000007013,ok,34.591644,34.591644
Hilbert,TSP-squeezed_uniform-n80-g10000-3,69255.67,55642,0.0005732999998144805,0.00028664999990724027,0.00028664999990724027,0.2193542000022716,ok,24.46654,24.46654
Hilbert,TSP-squeezed_uniform-n8-g10000-3,23532.43,21716,0.00019080002675764263,9.540001337882131e-05,9.540001337882131e-05,0.2111367000034079,ok,8.364476,8.364476
Hilbert,TSP-squeezed_uniform-n8-g10000-2,21209.05,20330,0.00022270000772550702,0.00011135000386275351,0.00011135000386275351,0.2204401000053621,ok,4.3239093,4.3239093
Hilbert,TSP-squeezed_uniform-n700-g1000-5,23183.318,16845,0.031132200005231425,0.015566100002615713,0.015566100002615713,7.519965999992564,ok,37.627296,37.627296
Hilbert,TSP-squeezed_uniform-n700-g1000-2,22789.87,16408,0.04557700001168996,0.02278850000584498,0.02278850000584498,17.86578659999941,ok,38.894863,38.894863
Hilbert,TSP-squeezed_uniform-n700-g10000-1,233895.36,170338,0.041518099984386936,0.020759049992193468,0.020759049992193468,188.08393760000763,ok,37.312496,37.312496
Hilbert,TSP-squeezed_uniform-n700-g1000-4,22755.408,16694,0.04612649997579865,0.023063249987899326,0.023063249987899326,3.6270723000052394,ok,36.308903,36.308903
Hilbert,TSP-squeezed_uniform-n8-g10000-5,23549.582,18981,0.0001708999916445464,8.54499958222732e-05,8.54499958222732e-05,0.3813599999994039,ok,24.069237,24.069237
Hilbert,TSP-squeezed_uniform-n700-g10000-3,227931.45,170693,0.042463599995244294,0.021231799997622147,0.021231799997622147,5.504404599996633,ok,33.53298,33.53298
Hilbert,TSP-squeezed_uniform-n700-g10000-2,226922.1,163358,0.04873559999396093,0.024367799996980466,0.024367799996980466,9.388225399990915,ok,38.910915,38.910915
Hilbert,TSP-squeezed_uniform-n700-g10000-5,232571.05,169241,0.04959349997807294,0.02479674998903647,0.02479674998903647,8.107015000001411,ok,37.420036,37.420036
Hilbert,TSP-squeezed_uniform-n90-g1000-2,8449.269,5948,0.0006428000051528215,0.00032140000257641077,0.00032140000257641077,0.4681224999949336,ok,42.05226,42.05226
Hilbert,TSP-squeezed_uniform-n80-g10000-5,79248.89,56490,0.0005748000112362206,0.0002874000056181103,0.0002874000056181103,0.1236403999937465,ok,40.288353,40.288353
Hilbert,TSP-squeezed_uniform-n80-g10000-2,85749.695,60709,0.0006658999773208052,0.0003329499886604026,0.0003329499886604026,0.1120299000031082,ok,41.24709,41.24709
Hilbert,TSP-squeezed_uniform-n80-g1000-2,8248.344,6081,0.0005692999984603375,0.00028464999923016876,0.00028464999923016876,0.32952660000592,ok,35.64124,35.64124
Hilbert,TSP-squeezed_uniform-n80-g10000-4,77832.875,60429,0.0006024999893270433,0.00030124999466352165,0.00030124999466352165,0.2127212999912444,ok,28.800535,28.800535
Hilbert,TSP-squeezed_uniform-n90-g10000-1,88965.7,65664,0.0006242000090423971,0.00031210000452119857,0.00031210000452119857,0.1881551999977091,ok,35.486267,35.486267
Hilbert,TSP-squeezed_uniform-n90-g1000-4,9365.109,6757,0.0006420999998226762,0.0003210499999113381,0.0003210499999113381,0.375674800001434,ok,38.59863,38.59863
Hilbert,TSP-squeezed_uniform-n90-g10000-2,78780.086,57387,0.000604200002271682,0.000302100001135841,0.000302100001135841,0.12454560000333,ok,37.27863,37.27863
Hilbert,TSP-squeezed_uniform-n90-g1000-1,8359.274,6142,0.0006318000087048858,0.0003159000043524429,0.0003159000043524429,0.3458778000058373,ok,36.100204,36.100204
Hilbert,TSP-squeezed_uniform-n90-g10000-3,85737.46,68545,0.0006278000073507428,0.0003139000036753714,0.0003139000036753714,0.39099040000292,ok,25.082006,25.082006
Hilbert,TSP-squeezed_uniform-n800-g1000-5,24476.35,17794,0.03495860000839457,0.017479300004197285,0.017479300004197285,9.829693599996972,ok,37.553947,37.553947
Hilbert,TSP-squeezed_uniform-n90-g10000-5,78082.24,61457,0.0006570999976247549,0.00032854999881237745,0.00032854999881237745,0.1294265999895287,ok,27.051826,27.051826
Hilbert,TSP-squeezed_uniform-n90-g10000-4,80966.445,57180,0.0006108999950811267,0.00030544999754056334,0.00030544999754056334,0.5893178999976953,ok,41.59924,41.59924
Hilbert,TSP-squeezed_uniform-n700-g10000-4,225702.5,164296,0.07953679998172447,0.039768399990862235,0.039768399990862235,4.943116299982648,ok,37.37553,37.37553
Hilbert,TSP-squeezed_uniform-n800-g10000-1,244858.47,177832,0.03869049999048002,0.01934524999524001,0.01934524999524001,9.86707199999364,ok,37.69089,37.69089
Hilbert,TSP-squeezed_uniform-n90-g1000-3,8782.255,6342,0.0006287000142037868,0.0003143500071018934,0.0003143500071018934,0.3836607999983243,ok,38.477688,38.477688
Hilbert,TSP-squeezed_uniform-n800-g1000-4,24453.85,18157,0.047622500016586855,0.023811250008293428,0.023811250008293428,11.36406690001604,ok,34.68001,34.68001
Hilbert,TSP-squeezed_uniform-n800-g1000-2,25159.73,17713,0.05819350000820123,0.029096750004100613,0.029096750004100613,7.793820399994729,ok,42.041046,42.041046
Hilbert,TSP-squeezed_uniform-n90-g1000-5,8149.0713,6269,0.0006540999747812748,0.0003270499873906374,0.0003270499873906374,0.2285838999960106,ok,29.98997,29.98997
Hilbert,TSP-squeezed_uniform-n800-g1000-3,24616.86,17809,0.057858899992424995,0.028929449996212497,0.028929449996212497,8.546004100004211,ok,38.227074,38.227074
Hilbert,TSP-squeezed_uniform-n900-g1000-2,26071.307,18786,0.043138899985933676,0.021569449992966838,0.021569449992966838,12.430654700001469,ok,38.78051,38.78051
Hilbert,TSP-squeezed_uniform-n800-g1000-1,24566.742,17772,0.07602819998282939,0.038014099991414696,0.038014099991414696,9.756313599995336,ok,38.23285,38.23285
Hilbert,TSP-triangular-n10-g1000-3,2376.2708,2251,0.0012533999979496002,0.0006266999989748001,0.0006266999989748001,0.130503199994564,ok,5.5651155,5.5651155
Hilbert,TSP-triangular-n10-g1000-4,1804.4658,1758,0.00018499998259358108,9.249999129679054e-05,9.249999129679054e-05,0.0609292000008281,ok,2.643107,2.643107
Hilbert,TSP-triangular-n10-g1000-2,2871.5063,2529,0.00017409998690709472,8.704999345354736e-05,8.704999345354736e-05,0.0802861999982269,ok,13.543153,13.543153
Hilbert,TSP-squeezed_uniform-n800-g10000-2,243802.45,175984,0.07280019999598153,0.036400099997990765,0.036400099997990765,14.868727900000522,ok,38.536716,38.536716
Hilbert,TSP-squeezed_uniform-n900-g1000-1,26190.457,18658,0.05385529997874983,0.026927649989374913,0.026927649989374913,15.1479238000029,ok,40.371193,40.371193
Hilbert,TSP-squeezed_uniform-n800-g10000-5,244531.1,175386,0.0975748999917414,0.0487874499958707,0.0487874499958707,301.75869070002227,ok,39.424522,39.424522
Hilbert,TSP-squeezed_uniform-n800-g10000-4,240940.47,177691,0.0883114000025671,0.04415570000128355,0.04415570000128355,10.27667229998042,ok,35.595203,35.595203
Hilbert,TSP-triangular-n10-g1000-1,2051.9153,1643,0.016473199997562915,0.008236599998781458,0.008236599998781458,0.2026003999926615,ok,24.88833,24.88833
Hilbert,TSP-triangular-n10-g1000-5,2151.8904,2010,0.00019260001135990024,9.630000567995012e-05,9.630000567995012e-05,0.0464481999952113,ok,7.059223,7.059223
Hilbert,TSP-triangular-n10-g10000-3,18791.795,17277,0.00024359999224543571,0.00012179999612271786,0.00012179999612271786,0.0516573999921092,ok,8.767696,8.767696
Hilbert,TSP-squeezed_uniform-n900-g1000-5,26156.248,19109,0.028003199986414984,0.014001599993207492,0.014001599993207492,7.20316129999992,ok,36.879208,36.879208
Hilbert,TSP-squeezed_uniform-n800-g10000-3,234654.27,173257,0.1092787999950815,0.05463939999754075,0.05463939999754075,14.214093999995384,ok,35.437103,35.437103
Hilbert,TSP-triangular-n10-g10000-1,19224.854,14788,0.00018080000882036984,9.040000441018492e-05,9.040000441018492e-05,0.1047255000012228,ok,30.003067,30.003067
Hilbert,TSP-squeezed_uniform-n900-g10000-1,259772.61,187825,0.032698199996957555,0.016349099998478778,0.016349099998478778,13.356180600007065,ok,38.30566,38.30566
Hilbert,TSP-triangular-n10-g10000-2,26378.518,21890,0.00016450000111944973,8.225000055972487e-05,8.225000055972487e-05,0.0391999999992549,ok,20.504877,20.504877
Hilbert,TSP-triangular-n100-g10000-3,81844.13,59468,0.0007053999870549887,0.00035269999352749437,0.00035269999352749437,5.219169200005126,ok,37.627182,37.627182
Hilbert,TSP-triangular-n100-g10000-2,89211.43,66089,0.000678699987474829,0.0003393499937374145,0.0003393499937374145,0.5108707999897888,ok,34.986805,34.986805
Hilbert,TSP-triangular-n100-g10000-1,87306.24,63612,0.000748799997381866,0.000374399998690933,0.000374399998690933,0.4036098000069614,ok,37.24807,37.24807
Hilbert,TSP-triangular-n10-g10000-5,21796.822,19644,0.00021529998048208654,0.00010764999024104327,0.00010764999024104327,0.0401154000137466,ok,10.959185,10.959185
Hilbert,TSP-triangular-n100-g10000-5,92067.47,66979,0.0007079000060912222,0.0003539500030456111,0.0003539500030456111,0.3086417000013171,ok,37.457214,37.457214
Hilbert,TSP-triangular-n10-g10000-4,17509.555,13893,0.0001679000270087272,8.39500135043636e-05,8.39500135043636e-05,0.0425600000016856,ok,26.031488,26.031488
Hilbert,TSP-squeezed_uniform-n900-g10000-5,260685.7,191034,0.07978080000611953,0.03989040000305977,0.03989040000305977,11.481866899994202,ok,36.46037,36.46037
Hilbert,TSP-squeezed_uniform-n900-g1000-4,25918.256,18734,0.0649336000205949,0.03246680001029745,0.03246680001029745,10.109083800009104,ok,38.348755,38.348755
Hilbert,TSP-triangular-n100-g1000-4,8751.286,6294,0.0006702000100631267,0.00033510000503156334,0.00033510000503156334,0.0930332999996608,ok,39.041725,39.041725
Hilbert,TSP-squeezed_uniform-n900-g1000-3,25843.715,18359,0.05430980000528507,0.027154900002642535,0.027154900002642535,6.943560100000468,ok,40.768642,40.768642
Hilbert,TSP-squeezed_uniform-n900-g10000-3,255796.72,188704,0.0712127999868244,0.0356063999934122,0.0356063999934122,196.56053090000933,ok,35.554478,35.554478
Hilbert,TSP-squeezed_uniform-n900-g10000-4,264665.8,190929,0.05420890002278611,0.027104450011393055,0.027104450011393055,10.996957600000314,ok,38.620014,38.620014
Hilbert,TSP-triangular-n100-g10000-4,94960.15,68053,0.0006821000133641064,0.0003410500066820532,0.0003410500066820532,0.3019534999912139,ok,39.53852,39.53852
Hilbert,TSP-triangular-n100-g1000-5,9113.459,6267,0.007050299987895414,0.003525149993947707,0.003525149993947707,0.8648862999980338,ok,45.419804,45.419804
Hilbert,TSP-triangular-n100-g1000-2,8087.9404,6360,0.0007102999952621758,0.0003551499976310879,0.0003551499976310879,0.3768688999989535,ok,27.168877,27.168877
Hilbert,TSP-triangular-n100-g1000-3,8175.38,6147,0.0007683000003453344,0.0003841500001726672,0.0003841500001726672,0.3390816999890376,ok,32.997883,32.997883
Hilbert,TSP-triangular-n20-g10000-1,39858.156,35657,0.00023249999503605068,0.00011624999751802534,0.00011624999751802534,0.0649526999914087,ok,11.782136,11.782136
Hilbert,TSP-triangular-n100-g1000-1,9367.097,6323,0.0006960000027902424,0.0003480000013951212,0.0003480000013951212,1.2930448000115575,ok,48.143234,48.143234
Hilbert,TSP-triangular-n20-g1000-4,2961.088,2653,0.00022170000011101365,0.00011085000005550683,0.00011085000005550683,0.2421321000001626,ok,11.612812,11.612812
Hilbert,TSP-squeezed_uniform-n900-g10000-2,262818.75,192021,0.06776899998658337,0.033884499993291683,0.033884499993291683,13.735678299999565,ok,36.869793,36.869793
Hilbert,TSP-triangular-n20-g1000-3,2814.895,2495,0.00022500002523884177,0.00011250001261942089,0.00011250001261942089,0.2444632999977329,ok,12.821444,12.821444
Hilbert,TSP-triangular-n1000-g1000-2,28270.691,20272,0.04080799999064766,0.02040399999532383,0.02040399999532383,16.009300699995947,ok,39.456844,39.456844
Hilbert,TSP-triangular-n20-g1000-2,3864.9707,3023,0.0002108000044245273,0.00010540000221226364,0.00010540000221226364,0.2454744999995455,ok,27.852158,27.852158
Hilbert,TSP-triangular-n200-g1000-1,12847.279,9735,0.0017837999912444502,0.0008918999956222251,0.0008918999956222251,0.7559660999977496,ok,31.969997,31.969997
Hilbert,TSP-triangular-n20-g1000-5,3923.6006,3075,0.00026539998361840844,0.00013269999180920422,0.00013269999180920422,0.2337998000002699,ok,27.596766,27.596766
Hilbert,TSP-triangular-n20-g10000-5,36657.81,27846,0.00023770000552758574,0.00011885000276379287,0.00011885000276379287,0.0428526000032434,ok,31.64479,31.64479
Hilbert,TSP-triangular-n200-g1000-2,12564.939,9061,0.0012509000080171973,0.0006254500040085986,0.0006254500040085986,1.067550299994764,ok,38.67056,38.67056
Hilbert,TSP-triangular-n20-g10000-2,35972.82,29626,0.0002508000179659575,0.00012540000898297876,0.00012540000898297876,0.0458125000004656,ok,21.423143,21.423143
Hilbert,TSP-triangular-n200-g1000-3,12445.978,9225,0.0012783999845851213,0.0006391999922925606,0.0006391999922925606,1.114441199999419,ok,34.915745,34.915745
Hilbert,TSP-triangular-n20-g10000-4,38670.188,31057,0.00024259998463094234,0.00012129999231547117,0.00012129999231547117,0.0440557000110857,ok,24.513596,24.513596
Hilbert,TSP-triangular-n1000-g10000-1,274563.84,197324,0.04534439998678863,0.022672199993394315,0.022672199993394315,132.96062800000072,ok,39.143665,39.143665
Hilbert,TSP-triangular-n1000-g1000-3,27663.305,20380,0.04972310000448488,0.02486155000224244,0.02486155000224244,21.08291569998255,ok,35.73751,35.73751
Hilbert,TSP-triangular-n20-g1000-1,3560.892,3015,0.00024059999850578606,0.00012029999925289303,0.00012029999925289303,0.2646842999965884,ok,18.105873,18.105873
Hilbert,TSP-triangular-n1000-g10000-5,275093.44,205708,0.046976600016932935,0.023488300008466467,0.023488300008466467,5.907596500008367,ok,33.730064,33.730064
Hilbert,TSP-triangular-n200-g10000-3,117471.56,88356,0.0012466000043787062,0.0006233000021893531,0.0006233000021893531,2.124054600004456,ok,32.95256,32.95256
Hilbert,TSP-triangular-n200-g1000-4,12038.874,8925,0.01060380000853911,0.005301900004269555,0.005301900004269555,0.3257950999977765,ok,34.889343,34.889343
Hilbert,TSP-triangular-n200-g10000-5,123604.81,91566,0.003785200009588152,0.001892600004794076,0.001892600004794076,1.348227499998757,ok,34.989857,34.989857
Hilbert,TSP-triangular-n200-g1000-5,12386.553,8953,0.0012377000239212066,0.0006188500119606033,0.0006188500119606033,1.166234300006181,ok,38.35086,38.35086
Hilbert,TSP-triangular-n1000-g1000-5,27453.305,19915,0.0516219999990426,0.0258109999995213,0.0258109999995213,8.671551999999792,ok,37.852398,37.852398
Hilbert,TSP-triangular-n200-g10000-2,122567.61,89508,0.001257600000826642,0.000628800000413321,0.000628800000413321,1.5262900000088848,ok,36.93481,36.93481
Hilbert,TSP-triangular-n1000-g1000-4,27535.969,20047,0.06770980000146665,0.03385490000073332,0.03385490000073332,9.97155620000558,ok,37.357056,37.357056
Hilbert,TSP-triangular-n200-g10000-1,128923.92,90972,0.0013257999962661415,0.0006628999981330708,0.0006628999981330708,2.7335846000059973,ok,41.718246,41.718246
Hilbert,TSP-triangular-n30-g1000-2,4525.6665,3350,0.0003099000023212284,0.0001549500011606142,0.0001549500011606142,0.1264783999940846,ok,35.094524,35.094524
Hilbert,TSP-triangular-n30-g1000-4,4853.461,3398,0.0003294999769423157,0.00016474998847115785,0.00016474998847115785,0.0937657000031322,ok,42.83287,42.83287
Hilbert,TSP-triangular-n30-g1000-1,4347.108,3241,0.00034329999471083283,0.00017164999735541642,0.00017164999735541642,0.124444000000949,ok,34.1286,34.1286
Hilbert,TSP-triangular-n20-g10000-3,34449.234,29867,0.0002491999766789377,0.00012459998833946884,0.00012459998833946884,0.066075800001272,ok,15.342132,15.342132
Hilbert,TSP-triangular-n1000-g10000-3,276948.75,205982,0.07411869999486953,0.037059349997434765,0.037059349997434765,6.929742799999076,ok,34.45289,34.45289
Hilbert,TSP-triangular-n30-g1000-3,4066.283,3361,0.0003161999920848757,0.00015809999604243785,0.00015809999604243785,0.1709834999928716,ok,20.98432,20.98432
Hilbert,TSP-triangular-n30-g10000-4,41646.016,33844,0.00029670001822523773,0.00014835000911261886,0.00014835000911261886,0.0694358000037027,ok,23.052877,23.052877
Hilbert,TSP-triangular-n30-g10000-3,52751.4,37780,0.00028559999191202223,0.00014279999595601112,0.00014279999595601112,0.0544080999970901,ok,39.627842,39.627842
Hilbert,TSP-triangular-n300-g1000-5,15317.83,11239,0.005775700003141537,0.0028878500015707687,0.0028878500015707687,1.7380294000031429,ok,36.29175,36.29175
Hilbert,TSP-triangular-n30-g10000-1,42239.066,37316,0.00034119997872039676,0.00017059998936019838,0.00017059998936019838,0.1468636999925365,ok,13.19291,13.19291
Hilbert,TSP-triangular-n30-g1000-5,4565.839,3693,0.00031120001222006977,0.00015560000611003488,0.00015560000611003488,0.1722009999939473,ok,23.634954,23.634954
Hilbert,TSP-triangular-n30-g10000-5,41801.887,35090,0.0002744999947026372,0.0001372499973513186,0.0001372499973513186,0.0695607000088784,ok,19.127634,19.127634
Hilbert,TSP-triangular-n40-g1000-1,5640.6147,4295,0.0003684000112116337,0.00018420000560581684,0.00018420000560581684,0.0558431999961612,ok,31.329796,31.329796
Hilbert,TSP-triangular-n200-g10000-4,131457.27,93564,0.002648499998031184,0.001324249999015592,0.001324249999015592,2.433846399988397,ok,40.499836,40.499836
Hilbert,TSP-triangular-n300-g10000-3,159222.2,112247,0.005481200001668185,0.0027406000008340925,0.0027406000008340925,2.5403442999959225,ok,41.849854,41.849854
Hilbert,TSP-triangular-n1000-g1000-1,27822.545,19772,0.08374080000794493,0.04187040000397246,0.04187040000397246,10.944736899997224,ok,40.7169,40.7169
Hilbert,TSP-triangular-n40-g1000-2,5035.936,3874,0.0004063999804202467,0.00020319999021012336,0.00020319999021012336,0.0835203000024193,ok,29.993185,29.993185
Hilbert,TSP-triangular-n40-g1000-3,4991.1943,3804,0.00040380001883022487,0.00020190000941511244,0.00020190000941511244,0.0966712000081315,ok,31.209105,31.209105
Hilbert,TSP-triangular-n300-g1000-1,15186.191,11168,0.025004600000102073,0.012502300000051036,0.012502300000051036,2.491443299993989,ok,35.979507,35.979507
Hilbert,TSP-triangular-n40-g10000-3,53240.516,45773,0.0003932999970857054,0.0001966499985428527,0.0001966499985428527,0.2046981000021333,ok,16.314238,16.314238
Hilbert,TSP-triangular-n300-g1000-2,15193.814,11007,0.018836200004443526,0.009418100002221763,0.009418100002221763,1.008043900001212,ok,38.037743,38.037743
Hilbert,TSP-triangular-n300-g10000-1,144966.11,109011,0.027184200007468462,0.013592100003734231,0.013592100003734231,41.04750159999821,ok,32.98301,32.98301
Hilbert,TSP-triangular-n30-g10000-2,45338.83,32698,0.0002822000242304057,0.00014110001211520284,0.00014110001211520284,0.048004199998104,ok,38.659332,38.659332
Hilbert,TSP-triangular-n40-g1000-5,5843.121,4247,0.000361700018402189,0.0001808500092010945,0.0001808500092010945,0.0914270000066608,ok,37.58232,37.58232
Hilbert,TSP-triangular-n40-g1000-4,5039.9634,3979,0.0003505999920889735,0.00017529999604448676,0.00017529999604448676,0.0705116000026464,ok,26.664072,26.664072
Hilbert,TSP-triangular-n1000-g10000-4,270265.38,196710,0.03532920000725426,0.01766460000362713,0.01766460000362713,11.940346799994586,ok,37.3928,37.3928
Hilbert,TSP-triangular-n300-g1000-4,15028.829,11224,0.037483799998881295,0.018741899999440648,0.018741899999440648,3.746195200001239,ok,33.899048,33.899048
Hilbert,TSP-triangular-n40-g10000-5,56286.98,41802,0.006859299988718703,0.0034296499943593517,0.0034296499943593517,0.0867475000122794,ok,34.651405,34.651405
Hilbert,TSP-triangular-n300-g10000-5,149243.97,107321,0.011192500009201467,0.0055962500046007335,0.0055962500046007335,2.4188916999992216,ok,39.063156,39.063156
Hilbert,TSP-triangular-n40-g10000-2,60357.402,47799,0.00037369999336078763,0.00018684999668039382,0.00018684999668039382,0.1028002999955788,ok,26.273357,26.273357
Hilbert,TSP-triangular-n1000-g10000-2,279576.66,202479,0.12052689999109134,0.06026344999554567,0.06026344999554567,6.695150499988813,ok,38.076866,38.076866
Hilbert,TSP-triangular-n5-g1000-5,1750.1338,1750,0.0001545000122860074,7.72500061430037e-05,7.72500061430037e-05,0.0502059999998891,ok,0.0076450896,0.0076450896
Hilbert,TSP-triangular-n40-g10000-1,51680.273,43067,0.00034069997491315007,0.00017034998745657504,0.00017034998745657504,0.0771270999975968,ok,19.999706,19.999706
Hilbert,TSP-triangular-n300-g10000-4,155777.78,110649,0.03257709997706115,0.016288549988530576,0.016288549988530576,2.96442869999737,ok,40.78553,40.78553
Hilbert,TSP-triangular-n40-g10000-4,57249.82,45634,0.00035760001628659666,0.00017880000814329833,0.00017880000814329833,0.1724466999876313,ok,25.45431,25.45431
Hilbert,TSP-triangular-n400-g1000-1,17016.914,12520,0.012612299993634224,0.006306149996817112,0.006306149996817112,2.2337031999923056,ok,35.917847,35.917847
Hilbert,TSP-triangular-n400-g10000-1,183010.98,128847,0.009418000001460314,0.004709000000730157,0.004709000000730157,13.632044999991194,ok,42.03744,42.03744
Hilbert,TSP-triangular-n400-g1000-4,17666.266,12332,0.007860999990953133,0.003930499995476566,0.003930499995476566,12.060511299991049,ok,43.255478,43.255478
Hilbert,TSP-triangular-n300-g1000-3,15384.769,11378,0.030435599997872487,0.015217799998936243,0.015217799998936243,3.774108800003887,ok,35.21505,35.21505
Hilbert,TSP-triangular-n400-g10000-3,180315.55,127744,0.009877000004053116,0.004938500002026558,0.004938500002026558,4.949057600009837,ok,41.153828,41.153828
Hilbert,TSP-triangular-n400-g10000-4,172502.62,123162,0.02392070001224056,0.01196035000612028,0.01196035000612028,2.1948649999976624,ok,40.061565,40.061565
Hilbert,TSP-triangular-n5-g1000-4,1744.4227,1745,0.00013410000246949494,6.705000123474747e-05,6.705000123474747e-05,0.0426731000043218,ok,-0.033081405,0.033081405
Hilbert,TSP-triangular-n5-g10000-1,11649.27,11428,0.00015609999536536634,7.804999768268317e-05,7.804999768268317e-05,0.2409940000070491,ok,1.9362053,1.9362053
Hilbert,TSP-triangular-n400-g1000-2,17655.047,13224,0.012647800002014264,0.006323900001007132,0.006323900001007132,3.211410399992019,ok,33.507614,33.507614
Hilbert,TSP-triangular-n5-g10000-3,19319.613,19319,0.00014940000255592167,7.470000127796084e-05,7.470000127796084e-05,0.2645178999955533,ok,0.0031744977,0.0031744977
Hilbert,TSP-triangular-n5-g1000-2,1344.2224,1344,0.003173800010699779,0.0015869000053498894,0.0015869000053498894,0.0462767999997595,ok,0.01654852,0.01654852
Hilbert,TSP-triangular-n5-g1000-1,1758.6107,1758,0.0001432000135537237,7.160000677686185e-05,7.160000677686185e-05,0.0450479999999515,ok,0.03473935,0.03473935
Hilbert,TSP-triangular-n50-g1000-1,5891.505,4338,0.0004105999832972884,0.0002052999916486442,0.0002052999916486442,0.0649546000058762,ok,35.811546,35.811546
Hilbert,TSP-triangular-n400-g1000-3,17681.572,12850,0.01709320000372827,0.008546600001864135,0.008546600001864135,2.17433809999784,ok,37.599785,37.599785
Hilbert,TSP-triangular-n50-g1000-5,6853.881,4907,0.0004394999996293336,0.0002197499998146668,0.0002197499998146668,0.1487860999914119,ok,39.675583,39.675583
Hilbert,TSP-triangular-n400-g10000-2,183685.83,129865,0.01750059999176301,0.008750299995881505,0.008750299995881505,2.955103399988729,ok,41.443676,41.443676
Hilbert,TSP-triangular-n5-g10000-4,12844.426,12844,0.00014139999984763563,7.069999992381781e-05,7.069999992381781e-05,0.1811797999980626,ok,0.0033150206,0.0033150206
Hilbert,TSP-triangular-n300-g10000-2,157516.39,115621,0.018440899992128834,0.009220449996064417,0.009220449996064417,2.6061027999967337,ok,36.235107,36.235107
Hilbert,TSP-triangular-n5-g10000-5,15758.379,15758,0.00014200000441633165,7.100000220816582e-05,7.100000220816582e-05,0.3198285999969812,ok,0.0024045326,0.0024045326
Hilbert,TSP-triangular-n50-g10000-2,60784.08,46650,0.00043069999082945287,0.00021534999541472644,0.00021534999541472644,0.097438199998578,ok,30.298132,30.298132
Hilbert,TSP-triangular-n5-g1000-3,1524.2053,1381,0.0001598000235389918,7.99000117694959e-05,7.99000117694959e-05,0.0463090999983251,ok,10.369683,10.369683
Hilbert,TSP-triangular-n50-g1000-2,7212.588,5483,0.00038750001112930477,0.00019375000556465238,0.00019375000556465238,0.116802499993355,ok,31.544554,31.544554
Hilbert,TSP-triangular-n50-g10000-4,59608.68,48902,0.0004363000043667853,0.00021815000218339264,0.00021815000218339264,0.0990014999988488,ok,21.894156,21.894156
Hilbert,TSP-triangular-n400-g10000-5,181483.53,129463,0.011822600004961714,0.005911300002480857,0.005911300002480857,6.912994600003003,ok,40.181774,40.181774
Hilbert,TSP-triangular-n50-g10000-3,57125.35,43900,0.0003850999928545207,0.00019254999642726034,0.00019254999642726034,0.2029460999910952,ok,30.126085,30.126085
Hilbert,TSP-triangular-n50-g1000-3,6325.806,4846,0.0003927999932784587,0.00019639999663922936,0.00019639999663922936,0.2460060000012163,ok,30.536652,30.536652
Hilbert,TSP-triangular-n400-g1000-5,17065.334,12738,0.023811999999452382,0.011905999999726191,0.011905999999726191,1.881639899991569,ok,33.971848,33.971848
Hilbert,TSP-triangular-n50-g1000-4,5667.8184,4059,0.00040079999598674476,0.00020039999799337238,0.00020039999799337238,0.1357970999961253,ok,39.63583,39.63583
Hilbert,TSP-triangular-n5-g10000-2,18820.848,17062,0.00016730002244003117,8.365001122001559e-05,8.365001122001559e-05,0.1475754999992204,ok,10.308567,10.308567
Hilbert,TSP-triangular-n50-g10000-5,66926.35,49518,0.0004214000073261559,0.00021070000366307795,0.00021070000366307795,0.1669016999949235,ok,35.1556,35.1556
Hilbert,TSP-triangular-n60-g1000-2,6309.6895,4613,0.0004351999959908426,0.0002175999979954213,0.0002175999979954213,0.0877694999944651,ok,36.78061,36.78061
Hilbert,TSP-triangular-n500-g1000-2,20254.707,14529,0.01354929999797605,0.006774649998988025,0.006774649998988025,4.044809099999839,ok,39.408817,39.408817
Hilbert,TSP-triangular-n500-g1000-4,20209.23,14057,0.004237099987221882,0.002118549993610941,0.002118549993610941,3.4482494999974733,ok,43.76631,43.76631
Hilbert,TSP-triangular-n60-g10000-4,72332.45,55542,0.0004552000027615577,0.00022760000138077885,0.00022760000138077885,0.0885597000014968,ok,30.230192,30.230192
Hilbert,TSP-triangular-n500-g1000-1,19283.479,14028,0.012988800008315593,0.0064944000041577965,0.0064944000041577965,5.66844459999993,ok,37.464203,37.464203
Hilbert,TSP-triangular-n60-g1000-4,6867.808,5177,0.0004802999901585281,0.00024014999507926404,0.00024014999507926404,0.0976686000067275,ok,32.66,32.66
Hilbert,TSP-triangular-n60-g1000-5,6278.788,4874,0.0004650000191759318,0.0002325000095879659,0.0002325000095879659,0.1584680000087246,ok,28.822079,28.822079
Hilbert,TSP-triangular-n60-g10000-5,64132.477,48847,0.0005059000104665756,0.0002529500052332878,0.0002529500052332878,0.1900987999979406,ok,31.29256,31.29256
Hilbert,TSP-triangular-n60-g10000-1,66021.29,45853,0.0005148999916855246,0.0002574499958427623,0.0002574499958427623,0.1144060000078752,ok,43.984665,43.984665
Hilbert,TSP-triangular-n60-g1000-3,6919.5645,5110,0.0005044999998062849,0.00025224999990314245,0.00025224999990314245,0.0480648000084329,ok,35.41222,35.41222
Hilbert,TSP-triangular-n500-g1000-3,19709.217,14195,0.027791200001956895,0.013895600000978447,0.013895600000978447,11.466740000003483,ok,38.84619,38.84619
Hilbert,TSP-triangular-n50-g10000-1,65053.527,46407,0.00041649999911896884,0.00020824999955948442,0.00020824999955948442,0.0521724999998696,ok,40.18042,40.18042
Hilbert,TSP-triangular-n60-g10000-3,66615.09,48354,0.0004721999866887927,0.00023609999334439635,0.00023609999334439635,0.1435731000092346,ok,37.765427,37.765427
Hilbert,TSP-triangular-n70-g1000-1,7236.8755,5521,0.0005037999944761395,0.00025189999723806977,0.00025189999723806977,0.1724135000113165,ok,31.079071,31.079071
Hilbert,TSP-triangular-n500-g10000-3,197457.33,145292,0.02817440000944771,0.014087200004723854,0.014087200004723854,7.826755700007197,ok,35.903786,35.903786
Hilbert,TSP-triangular-n60-g10000-2,63463.38,51895,0.00044280002475716174,0.00022140001237858087,0.00022140001237858087,0.5443800000066403,ok,22.291895,22.291895
Hilbert,TSP-triangular-n500-g10000-5,187754.83,139987,0.024846900021657348,0.012423450010828674,0.012423450010828674,2.9702507000038167,ok,34.123047,34.123047
Hilbert,TSP-triangular-n500-g10000-1,201402.02,143657,0.009735200001159683,0.0048676000005798414,0.0048676000005798414,6.635692500000005,ok,40.196453,40.196453
Hilbert,TSP-triangular-n60-g1000-1,6259.4956,4846,0.00043360001291148365,0.00021680000645574182,0.00021680000645574182,0.0886711000057403,ok,29.168297,29.168297
Hilbert,TSP-triangular-n500-g10000-2,198577.95,143076,0.013997500005643815,0.006998750002821907,0.006998750002821907,2.948923800009652,ok,38.791935,38.791935
Hilbert,TSP-triangular-n600-g10000-3,221145.64,159604,0.01795680000213906,0.00897840000106953,0.00897840000106953,12.190634099999444,ok,38.55896,38.55896
Hilbert,TSP-triangular-n70-g1000-5,7229.7095,5696,0.0004970000009052455,0.00024850000045262277,0.00024850000045262277,0.1928876000019954,ok,26.926079,26.926079
Hilbert,TSP-triangular-n500-g10000-4,197425.14,144399,0.02837129999534227,0.014185649997671135,0.014185649997671135,3.104352900001686,ok,36.72196,36.72196
Hilbert,TSP-triangular-n600-g1000-4,20982.914,15522,0.02751479999278672,0.01375739999639336,0.01375739999639336,6.904148400004488,ok,35.181767,35.181767
Hilbert,TSP-triangular-n70-g1000-2,7695.415,5701,0.0005520000122487545,0.00027600000612437725,0.00027600000612437725,0.1830049999989569,ok,34.9836,34.9836
Hilbert,TSP-triangular-n600-g1000-2,21937.67,16046,0.024589199980255216,0.012294599990127608,0.012294599990127608,4.90672570001334,ok,36.717373,36.717373
Hilbert,TSP-triangular-n70-g10000-3,71042.78,54235,0.000514300016220659,0.0002571500081103295,0.0002571500081103295,0.3002564999915194,ok,30.990654,30.990654
Hilbert,TSP-triangular-n70-g10000-2,79013.164,56787,0.000516500003868714,0.000258250001934357,0.000258250001934357,0.116780700001982,ok,39.139526,39.139526
Hilbert,TSP-triangular-n500-g1000-5,19941.217,14014,0.030346799991093576,0.015173399995546788,0.015173399995546788,3.115116200002376,ok,42.294968,42.294968
Hilbert,TSP-triangular-n70-g1000-3,7117.236,5254,0.0005080999981146306,0.0002540499990573153,0.0002540499990573153,0.1534919999976409,ok,35.46319,35.46319
Hilbert,TSP-triangular-n70-g1000-4,7352.233,5300,0.0005252000119071454,0.0002626000059535727,0.0002626000059535727,0.6405033000046387,ok,38.72138,38.72138
Hilbert,TSP-triangular-n600-g1000-5,21377.574,15644,0.04354750001220964,0.02177375000610482,0.02177375000610482,3.5216347000095998,ok,36.65031,36.65031
Hilbert,TSP-triangular-n70-g10000-4,63218.27,48957,0.006380200007697567,0.0031901000038487837,0.0031901000038487837,0.2048828000115463,ok,29.130194,29.130194
Hilbert,TSP-triangular-n600-g1000-1,21153.068,15806,0.06004620000021532,0.03002310000010766,0.03002310000010766,45.856991599997855,ok,33.829357,33.829357
Hilbert,TSP-triangular-n70-g10000-1,76624.51,57680,0.0005310000269673765,0.00026550001348368824,0.00026550001348368824,0.2103464999963762,ok,32.844154,32.844154
Hilbert,TSP-triangular-n8-g1000-1,1425.8257,1314,0.00015630002599209547,7.815001299604774e-05,7.815001299604774e-05,0.0537420000036945,ok,8.510325,8.510325
Hilbert,TSP-triangular-n600-g10000-1,212250.7,155075,0.06099220001487993,0.030496100007439964,0.030496100007439964,3.1264514999929816,ok,36.86971,36.86971
Hilbert,TSP-triangular-n70-g10000-5,65811.09,52757,0.0005615999980363995,0.00028079999901819974,0.00028079999901819974,0.2537753999931738,ok,24.743813,24.743813
Hilbert,TSP-triangular-n700-g1000-2,24019.688,17552,0.01850089998333715,0.009250449991668575,0.009250449991668575,6.409797899992554,ok,36.84872,36.84872
Hilbert,TSP-triangular-n600-g10000-5,212437.1,150832,0.06359730000258423,0.03179865000129212,0.03179865000129212,3.655011599999853,ok,40.843517,40.843517
Hilbert,TSP-triangular-n600-g1000-3,21910.115,15578,0.0824033000099007,0.04120165000495035,0.04120165000495035,5.28204820000974,ok,40.647804,40.647804
Hilbert,TSP-triangular-n600-g10000-4,221998.83,156311,0.0715619999973569,0.03578099999867845,0.03578099999867845,9.489981899998384,ok,42.023804,42.023804
Hilbert,TSP-triangular-n8-g1000-3,1747.7598,1619,0.00019200000679120421,9.600000339560211e-05,9.600000339560211e-05,0.0522373999992851,ok,7.9530435,7.9530435
Hilbert,TSP-triangular-n8-g1000-5,2199.4565,2029,0.0002269999822601676,0.0001134999911300838,0.0001134999911300838,0.049052100002882,ok,8.401012,8.401012
Hilbert,TSP-triangular-n8-g1000-4,2568.103,2074,0.0001514999894425273,7.574999472126365e-05,7.574999472126365e-05,0.0402705000014975,ok,23.823675,23.823675
Hilbert,TSP-triangular-n80-g1000-4,7347.1616,5557,0.0005738000036217272,0.0002869000018108636,0.0002869000018108636,0.332275100008701,ok,32.214535,32.214535
Hilbert,TSP-triangular-n700-g1000-5,23798.467,16781,0.0336638999870047,0.01683194999350235,0.01683194999350235,9.37491769999906,ok,41.817932,41.817932
Hilbert,TSP-triangular-n8-g10000-1,26672.492,26604,0.0001705000177025795,8.525000885128975e-05,8.525000885128975e-05,0.1847230000130366,ok,0.2574507,0.2574507
Hilbert,TSP-triangular-n700-g10000-5,233792.1,172370,0.03868880000663921,0.019344400003319606,0.019344400003319606,3.419658900005743,ok,35.633865,35.633865
Hilbert,TSP-triangular-n8-g1000-2,1777.7917,1775,0.023278500011656433,0.011639250005828217,0.011639250005828217,0.0490433999948436,ok,0.15728158,0.15728158
Hilbert,TSP-triangular-n80-g1000-2,7589.509,5510,0.0005680000176653266,0.0002840000088326633,0.0002840000088326633,0.1245603999996092,ok,37.74063,37.74063
Hilbert,TSP-triangular-n700-g10000-1,225869.03,165609,0.041414499981328845,0.020707249990664423,0.020707249990664423,7.2020444000081625,ok,36.386932,36.386932
Hilbert,TSP-triangular-n8-g10000-4,16109.953,15217,0.0001660000125411898,8.30000062705949e-05,8.30000062705949e-05,0.2001127999974414,ok,5.868129,5.868129
Hilbert,TSP-triangular-n700-g1000-3,23428.838,16809,0.06303400002070703,0.03151700001035351,0.03151700001035351,6.711527799998294,ok,39.382698,39.382698
Hilbert,TSP-triangular-n80-g1000-5,7471.5664,5522,0.0005599000141955912,0.0002799500070977956,0.0002799500070977956,0.4272350999963237,ok,35.30544,35.30544
Hilbert,TSP-triangular-n700-g10000-4,235668.81,168575,0.04202470000018366,0.02101235000009183,0.02101235000009183,12.31795919999422,ok,39.80057,39.80057
Hilbert,TSP-triangular-n8-g10000-5,19835.645,17025,0.00016299998969770968,8.149999484885484e-05,8.149999484885484e-05,0.1724875999934738,ok,16.508924,16.508924
Hilbert,TSP-triangular-n700-g10000-2,234344.22,170555,0.06385850001242943,0.031929250006214716,0.031929250006214716,7.9023043000051985,ok,37.400967,37.400967
Hilbert,TSP-triangular-n8-g10000-2,20759.975,19937,0.0001829999964684248,9.14999982342124e-05,9.14999982342124e-05,0.1704033999994862,ok,4.127876,4.127876
Hilbert,TSP-triangular-n80-g1000-3,7137.5093,5680,0.000595899997279048,0.000297949998639524,0.000297949998639524,0.1740860999998403,ok,25.660376,25.660376
Hilbert,TSP-triangular-n600-g10000-2,210106.4,151962,0.06872250000014901,0.034361250000074506,0.034361250000074506,93.19249869999476,ok,38.262466,38.262466
Hilbert,TSP-triangular-n80-g10000-5,72546.805,59184,0.0005753999867010862,0.0002876999933505431,0.0002876999933505431,0.399158999993233,ok,22.578407,22.578407
Hilbert,TSP-triangular-n80-g1000-1,7931.3706,5903,0.0005726999952457845,0.00028634999762289226,0.00028634999762289226,0.1569897000008495,ok,34.36169,34.36169
Hilbert,TSP-triangular-n700-g10000-3,224278.14,169069,0.04646739998133853,0.023233699990669265,0.023233699990669265,7.961432399999467,ok,32.654797,32.654797
Hilbert,TSP-triangular-n8-g10000-3,22921.582,21627,0.00017570002819411457,8.785001409705728e-05,8.785001409705728e-05,0.2499791000009281,ok,5.985953,5.985953
Hilbert,TSP-triangular-n80-g10000-4,80519.555,56945,0.0006129000103101134,0.0003064500051550567,0.0003064500051550567,0.1972465999861015,ok,41.398815,41.398815
Hilbert,TSP-triangular-n700-g1000-1,23379.139,16864,0.06117869997979142,0.03058934998989571,0.03058934998989571,7.726878000001307,ok,38.63341,38.63341
Hilbert,TSP-triangular-n80-g10000-1,74849.05,58176,0.0005772000004071742,0.0002886000002035871,0.0002886000002035871,0.2145435999991605,ok,28.659666,28.659666
Hilbert,TSP-triangular-n90-g1000-4,7961.86,6208,0.0006135000148788095,0.0003067500074394047,0.0003067500074394047,0.4329856999975163,ok,28.25161,28.25161
Hilbert,TSP-triangular-n90-g10000-1,78801.63,55385,0.000659200013615191,0.0003296000068075955,0.0003296000068075955,0.1836923000082606,ok,42.27974,42.27974
Hilbert,TSP-triangular-n80-g10000-2,75046.55,59114,0.0005893000052310526,0.0002946500026155263,0.0002946500026155263,0.4964626000000862,ok,26.95224,26.95224
Hilbert,TSP-triangular-n90-g1000-1,8095.1357,6039,0.0006219000206328928,0.0003109500103164464,0.0003109500103164464,0.2073902999982237,ok,34.04762,34.04762
Hilbert,TSP-triangular-n90-g1000-5,7982.8506,6030,0.0006442999874707311,0.00032214999373536557,0.00032214999373536557,0.2079177000123309,ok,32.385582,32.385582
Hilbert,TSP-triangular-n90-g10000-2,84980.15,61981,0.0006507000070996583,0.0003253500035498291,0.0003253500035498291,0.1476126999914413,ok,37.106773,37.106773
Hilbert,TSP-triangular-n90-g10000-4,84673.945,59885,0.0006779999821446836,0.0003389999910723418,0.0003389999910723418,0.228593699997873,ok,41.39425,41.39425
Hilbert,TSP-triangular-n90-g1000-3,8241.403,5966,0.0006156000017654151,0.00030780000088270754,0.00030780000088270754,0.2221100000024307,ok,38.139515,38.139515
Hilbert,TSP-triangular-n90-g1000-2,7953.048,5988,0.0007329999934881926,0.0003664999967440963,0.0003664999967440963,0.3477038999990327,ok,32.81643,32.81643
Hilbert,TSP-triangular-n90-g10000-5,79290.57,61451,0.0006332999910227954,0.0003166499955113977,0.0003166499955113977,0.1620228000101633,ok,29.030561,29.030561
Hilbert,TSP-triangular-n90-g10000-3,82375.94,60895,0.0009112000116147101,0.00045560000580735505,0.00045560000580735505,0.1924848999915411,ok,35.27537,35.27537
Hilbert,TSP-triangular-n700-g1000-4,23166.361,16508,0.088336300017545,0.0441681500087725,0.0441681500087725,7.460118999995757,ok,40.33415,40.33415
Hilbert,TSP-triangular-n800-g1000-5,25408.79,18489,0.056089700025040656,0.028044850012520328,0.028044850012520328,14.631282200003623,ok,37.42652,37.42652
Hilbert,TSP-triangular-n80-g10000-3,69757.95,53360,0.0005893000052310526,0.0002946500026155263,0.0002946500026155263,0.2175683999957982,ok,30.730797,30.730797
Hilbert,TSP-triangular-n800-g1000-3,24465.562,17783,0.06693239999003708,0.03346619999501854,0.03346619999501854,6.102861600011238,ok,37.578373,37.578373
Hilbert,TSP-triangular-n800-g1000-1,25075.268,17965,0.07316580001497641,0.036582900007488206,0.036582900007488206,8.938091000003624,ok,39.578445,39.578445
Hilbert,TSP-triangular-n900-g1000-2,26768.277,19485,0.03541309997672215,0.017706549988361076,0.017706549988361076,104.54922740001348,ok,37.37889,37.37889
Hilbert,TSP-triangular-n800-g10000-2,246859.0,179821,0.060150800010887906,0.030075400005443953,0.030075400005443953,121.25551290001022,ok,37.280407,37.280407
Hilbert,TSP-triangular-n800-g10000-4,238602.16,176100,0.07587199998670258,0.03793599999335129,0.03793599999335129,4.883046899994952,ok,35.492424,35.492424
Hilbert,TSP-triangular-n800-g1000-2,25338.162,18451,0.06697019998682663,0.033485099993413314,0.033485099993413314,5.090998200001195,ok,37.326767,37.326767
Hilbert,TSP-triangular-n800-g10000-3,249675.97,177229,0.06439290000707842,0.03219645000353921,0.03219645000353921,13.314660100004405,ok,40.877605,40.877605
Hilbert,TSP-triangular_squeezed-n10-g10000-1,21235.672,20571,0.00016369999502785504,8.184999751392752e-05,8.184999751392752e-05,0.0384658999973908,ok,3.231111,3.231111
Hilbert,TSP-triangular_squeezed-n10-g1000-2,2661.7515,2528,0.00018430000636726618,9.215000318363309e-05,9.215000318363309e-05,0.0643825000006472,ok,5.2908015,5.2908015
Hilbert,TSP-triangular_squeezed-n10-g1000-1,1896.7317,1897,0.011686400015605614,0.005843200007802807,0.005843200007802807,0.0414470999967306,ok,-0.014143941,0.014143941
Hilbert,TSP-triangular_squeezed-n10-g1000-5,2422.7275,2002,0.012123399996198714,0.006061699998099357,0.006061699998099357,0.0759398999944096,ok,21.015362,21.015362
Hilbert,TSP-triangular_squeezed-n10-g1000-4,2705.9895,2475,0.00018530001398175955,9.265000699087977e-05,9.265000699087977e-05,0.1240007000014884,ok,9.33291,9.33291
Hilbert,TSP-triangular-n900-g10000-1,261784.77,190576,0.02574009998352267,0.012870049991761334,0.012870049991761334,3.996182000002591,ok,37.36502,37.36502
Hilbert,TSP-triangular-n800-g10000-5,246194.08,178130,0.0912782000086736,0.0456391000043368,0.0456391000043368,205.17986219999148,ok,38.21034,38.21034
Hilbert,TSP-triangular-n800-g10000-1,245229.28,181268,0.09741779998876154,0.04870889999438077,0.04870889999438077,8.98983330000192,ok,35.28548,35.28548
Hilbert,TSP-triangular-n800-g1000-4,25209.912,18099,0.040417299984255806,0.020208649992127903,0.020208649992127903,7.381425700004911,ok,39.28898,39.28898
Hilbert,TSP-triangular_squeezed-n100-g1000-2,8060.803,6078,0.0007946999976411462,0.0003973499988205731,0.0003973499988205731,0.463298799993936,ok,32.622627,32.622627
Hilbert,TSP-triangular_squeezed-n10-g1000-3,2276.2688,2019,0.00018540001474320889,9.270000737160444e-05,9.270000737160444e-05,0.0856701000011526,ok,12.742387,12.742387
Hilbert,TSP-triangular_squeezed-n10-g10000-3,21354.242,19393,0.00016350002260878682,8.175001130439341e-05,8.175001130439341e-05,0.0876736999925924,ok,10.113145,10.113145
Hilbert,TSP-triangular-n900-g1000-5,26475.691,18849,0.07360410000546835,0.03680205000273418,0.03680205000273418,7.954745499999262,ok,40.462048,40.462048
Hilbert,TSP-triangular_squeezed-n100-g1000-5,8708.1875,6559,0.00755909999134019,0.003779549995670095,0.003779549995670095,1.3573399000015345,ok,32.767002,32.767002
Hilbert,TSP-triangular-n900-g1000-1,25825.723,19174,0.05147109998506494,0.02573554999253247,0.02573554999253247,7.122879700007616,ok,34.69137,34.69137
Hilbert,TSP-triangular_squeezed-n10-g10000-5,24694.504,21801,0.00019210000755265355,9.605000377632678e-05,9.605000377632678e-05,0.0422367999999551,ok,13.272345,13.272345
Hilbert,TSP-triangular_squeezed-n100-g1000-1,8150.945,6370,0.000693799986038357,0.0003468999930191785,0.0003468999930191785,1.9238444000075103,ok,27.958319,27.958319
Hilbert,TSP-triangular_squeezed-n100-g10000-4,80050.65,62391,0.000672499998472631,0.0003362499992363155,0.0003362499992363155,0.7946131000062451,ok,28.3048,28.3048
Hilbert,TSP-triangular-n900-g10000-3,265790.1,193123,0.08052350001526065,0.040261750007630326,0.040261750007630326,9.282404400000814,ok,37.627365,37.627365
Hilbert,TSP-triangular_squeezed-n10-g10000-2,21839.895,21839,0.0002874000056181103,0.00014370000280905515,0.00014370000280905515,0.0396445000078529,ok,0.0040960265,0.0040960265
Hilbert,TSP-triangular_squeezed-n100-g10000-1,79722.055,57327,0.0007099999929778278,0.0003549999964889139,0.0003549999964889139,0.1462950999994063,ok,39.065456,39.065456
Hilbert,TSP-triangular_squeezed-n10-g10000-4,18396.238,18120,0.00016269998741336167,8.134999370668083e-05,8.134999370668083e-05,0.0386036000127205,ok,1.5244938,1.5244938
Hilbert,TSP-triangular_squeezed-n100-g10000-3,73075.29,55693,0.04846329998690635,0.024231649993453175,0.024231649993453175,0.4897190000046976,ok,31.210905,31.210905
Hilbert,TSP-triangular_squeezed-n100-g1000-3,7423.324,5558,0.04662640002788976,0.02331320001394488,0.02331320001394488,0.5930300000036368,ok,33.56107,33.56107
Hilbert,TSP-triangular-n900-g10000-2,270213.34,193016,0.10106309998081997,0.050531549990409985,0.050531549990409985,246.7541938000068,ok,39.995308,39.995308
Hilbert,TSP-triangular_squeezed-n100-g1000-4,7798.335,6251,0.0007052999862935394,0.0003526499931467697,0.0003526499931467697,0.3448382000060519,ok,24.753399,24.753399
Hilbert,TSP-triangular-n900-g10000-5,262791.2,189489,0.07815099999425001,0.03907549999712501,0.03907549999712501,95.66667430000962,ok,38.68414,38.68414
Hilbert,TSP-triangular-n900-g1000-4,26392.191,19240,0.10262750001857057,0.051313750009285286,0.051313750009285286,15.13347440000507,ok,37.17355,37.17355
Hilbert,TSP-triangular_squeezed-n100-g10000-2,74554.164,55501,0.000735500012524426,0.000367750006262213,0.000367750006262213,0.5888818000094034,ok,34.329407,34.329407
Hilbert,TSP-triangular_squeezed-n100-g10000-5,73563.68,55078,0.0007009000109974295,0.00035045000549871475,0.00035045000549871475,0.3728717000049073,ok,33.56273,33.56273
Hilbert,TSP-triangular-n900-g10000-4,266845.22,192941,0.08773729999666102,0.04386864999833051,0.04386864999833051,10.341082500002813,ok,38.30405,38.30405
Hilbert,TSP-triangular_squeezed-n20-g1000-2,3356.2666,2761,0.00021769999875687063,0.00010884999937843531,0.00010884999937843531,0.0781863000011071,ok,21.55982,21.55982
Hilbert,TSP-triangular_squeezed-n20-g1000-5,3317.6467,2964,0.00024709998979233205,0.00012354999489616603,0.00012354999489616603,0.0450126000068848,ok,11.9314,11.9314
Hilbert,TSP-triangular_squeezed-n20-g10000-1,34203.723,27243,0.0002263000060338527,0.00011315000301692635,0.00011315000301692635,0.0509896000003209,ok,25.550499,25.550499
Hilbert,TSP-triangular_squeezed-n20-g10000-2,33954.215,30322,0.00022119999630376697,0.00011059999815188348,0.00011059999815188348,0.0669308999931672,ok,11.97881,11.97881
Hilbert,TSP-triangular-n900-g1000-3,26902.795,19239,0.11988680000649765,0.059943400003248826,0.059943400003248826,8.780879300000379,ok,39.834682,39.834682
Hilbert,TSP-triangular_squeezed-n20-g1000-1,3525.0986,2829,0.00030169999809004366,0.00015084999904502183,0.00015084999904502183,0.0714580000058049,ok,24.60582,24.60582
Hilbert,TSP-triangular_squeezed-n20-g1000-3,3710.8418,3077,0.00026610001805238426,0.00013305000902619213,0.00013305000902619213,0.094346800004132,ok,20.599342,20.599342
Hilbert,TSP-triangular_squeezed-n20-g10000-5,34455.574,30839,0.0002705999941099435,0.00013529999705497175,0.00013529999705497175,0.0767927999986568,ok,11.727275,11.727275
Hilbert,TSP-triangular_squeezed-n20-g10000-3,33917.46,27156,0.0002624999906402081,0.00013124999532010406,0.00013124999532010406,0.0623993999906815,ok,24.898588,24.898588
Hilbert,TSP-triangular_squeezed-n20-g1000-4,2974.2546,2613,0.00027189997490495443,0.00013594998745247722,0.00013594998745247722,0.1360207000107038,ok,13.825282,13.825282
Hilbert,TSP-triangular_squeezed-n200-g1000-4,10837.213,8782,0.027240199997322634,0.013620099998661317,0.013620099998661317,5.062674400003743,ok,23.402561,23.402561
Hilbert,TSP-triangular_squeezed-n1000-g1000-3,26025.955,18624,0.0640832000062801,0.03204160000314005,0.03204160000314005,22.387657400002357,ok,39.744175,39.744175
Hilbert,TSP-triangular_squeezed-n20-g10000-4,29907.775,26952,0.0025628000148572028,0.0012814000074286014,0.0012814000074286014,0.0429229000001214,ok,10.966813,10.966813
Hilbert,TSP-triangular_squeezed-n1000-g1000-2,24657.543,17963,0.07274949998827651,0.036374749994138256,0.036374749994138256,10.483574899990344,ok,37.268513,37.268513
Hilbert,TSP-triangular_squeezed-n200-g10000-1,113627.55,85536,0.0013245999871287495,0.0006622999935643747,0.0006622999935643747,3.1493176000076346,ok,32.84178,32.84178
Hilbert,TSP-triangular_squeezed-n200-g1000-5,11045.974,8218,0.002992399997310713,0.0014961999986553565,0.0014961999986553565,0.718381099999533,ok,34.411945,34.411945
Hilbert,TSP-triangular_squeezed-n200-g1000-3,11514.451,8935,0.018986100010806695,0.009493050005403347,0.009493050005403347,0.7442269000021042,ok,28.869068,28.869068
Hilbert,TSP-triangular_squeezed-n200-g1000-2,11233.909,8405,0.0012366999872028828,0.0006183499936014414,0.0006183499936014414,0.5720157000032486,ok,33.657455,33.657455
Hilbert,TSP-triangular_squeezed-n1000-g10000-3,255782.55,186679,0.05989839998073876,0.02994919999036938,0.02994919999036938,195.5342582000012,ok,37.01731,37.01731
Hilbert,TSP-triangular_squeezed-n1000-g1000-1,26405.98,18666,0.1192194000177551,0.05960970000887755,0.05960970000887755,12.057960800011642,ok,41.46566,41.46566
Hilbert,TSP-triangular_squeezed-n30-g1000-1,3644.8186,3301,0.0002972999936901033,0.00014864999684505165,0.00014864999684505165,0.0545077999995555,ok,10.415589,10.415589
Hilbert,TSP-triangular_squeezed-n200-g10000-5,120358.625,86666,0.0020364999945741147,0.0010182499972870573,0.0010182499972870573,1.1494477999949595,ok,38.876404,38.876404
Hilbert,TSP-triangular_squeezed-n30-g1000-2,4916.249,4110,0.0002806999837048352,0.0001403499918524176,0.0001403499918524176,0.0439849000104004,ok,19.616764,19.616764
Hilbert,TSP-triangular_squeezed-n1000-g10000-1,257983.3,187045,0.06956579998950474,0.03478289999475237,0.03478289999475237,984.6872779999976,ok,37.925793,37.925793
Hilbert,TSP-triangular_squeezed-n1000-g1000-5,25713.475,18657,0.08807990001514554,0.04403995000757277,0.04403995000757277,18.49961410000105,ok,37.822132,37.822132
Hilbert,TSP-triangular_squeezed-n1000-g1000-4,26433.748,18919,0.12157340001431294,0.06078670000715647,0.06078670000715647,30.57855720000225,ok,39.72064,39.72064
Hilbert,TSP-triangular_squeezed-n200-g10000-2,111939.61,85045,0.0017758999892976135,0.0008879499946488068,0.0008879499946488068,1.612606499998947,ok,31.623974,31.623974
Hilbert,TSP-triangular_squeezed-n1000-g10000-2,253779.14,185473,0.074495000008028,0.037247500004014,0.037247500004014,18.66497129999334,ok,36.828075,36.828075
Hilbert,TSP-triangular_squeezed-n1000-g10000-4,263610.75,192554,0.07167249999474734,0.03583624999737367,0.03583624999737367,9.200077700021213,ok,36.902245,36.902245
Hilbert,TSP-triangular_squeezed-n200-g1000-1,10803.026,8273,0.012631499994313344,0.006315749997156672,0.006315749997156672,1.203820700000506,ok,30.581728,30.581728
Hilbert,TSP-triangular_squeezed-n30-g1000-5,4368.0083,3657,0.0003034000110346824,0.0001517000055173412,0.0001517000055173412,0.1035992999968584,ok,19.442392,19.442392
Hilbert,TSP-triangular_squeezed-n200-g10000-3,107755.7,83172,0.0012379999971017241,0.0006189999985508621,0.0006189999985508621,1.6264150999923004,ok,29.557667,29.557667
Hilbert,TSP-triangular_squeezed-n30-g1000-4,4288.3403,3653,0.00029739999445155263,0.00014869999722577631,0.00014869999722577631,0.0756617000006372,ok,17.39229,17.39229
Hilbert,TSP-triangular_squeezed-n200-g10000-4,114545.88,87478,0.008441200014203787,0.004220600007101893,0.004220600007101893,6.015568800008623,ok,30.942503,30.942503
Hilbert,TSP-triangular_squeezed-n30-g10000-1,47940.473,37546,0.0002998000127263367,0.00014990000636316836,0.00014990000636316836,0.0565610000048764,ok,27.684635,27.684635
Hilbert,TSP-triangular_squeezed-n30-g1000-3,3696.8818,2876,0.0002911000046879053,0.00014555000234395266,0.00014555000234395266,0.0572566000046208,ok,28.542482,28.542482
Hilbert,TSP-triangular_squeezed-n30-g10000-3,41093.098,32238,0.0020976999949198216,0.0010488499974599108,0.0010488499974599108,0.0942998999962583,ok,27.467888,27.467888
Hilbert,TSP-triangular_squeezed-n30-g10000-5,41113.66,31432,0.0003176000027451664,0.0001588000013725832,0.0001588000013725832,0.0426600000064354,ok,30.801922,30.801922
Hilbert,TSP-triangular_squeezed-n40-g1000-1,4429.315,4071,0.0003462000167928636,0.0001731000083964318,0.0001731000083964318,0.0714219000074081,ok,8.801644,8.801644
Hilbert,TSP-triangular_squeezed-n300-g1000-3,14370.709,10429,0.012724600004730746,0.006362300002365373,0.006362300002365373,2.1763068000000203,ok,37.79566,37.79566
Hilbert,TSP-triangular_squeezed-n300-g10000-1,132849.86,104360,0.004729799984488636,0.002364899992244318,0.002364899992244318,3.467413099991973,ok,27.299599,27.299599
Hilbert,TSP-triangular_squeezed-n40-g1000-3,4137.937,3194,0.00037900000461377203,0.00018950000230688602,0.00018950000230688602,0.1286576999991666,ok,29.553444,29.553444
Hilbert,TSP-triangular_squeezed-n40-g1000-4,4615.065,3546,0.00033579999580979347,0.00016789999790489674,0.00016789999790489674,0.0541349999984959,ok,30.148476,30.148476
Hilbert,TSP-triangular_squeezed-n1000-g10000-5,251184.73,183843,0.03508619999047369,0.017543099995236844,0.017543099995236844,25.716037799982587,ok,36.630024,36.630024
Hilbert,TSP-triangular_squeezed-n40-g10000-2,45949.355,41114,0.00031430000672116876,0.00015715000336058438,0.00015715000336058438,0.1178630999929737,ok,11.760849,11.760849
Hilbert,TSP-triangular_squeezed-n40-g1000-2,4127.9053,3166,0.00032970000756904483,0.00016485000378452241,0.00016485000378452241,0.1023685000109253,ok,30.382353,30.382353
Hilbert,TSP-triangular_squeezed-n300-g1000-2,13054.237,9476,0.025349800009280443,0.012674900004640222,0.012674900004640222,0.9884526999958324,ok,37.761055,37.761055
Hilbert,TSP-triangular_squeezed-n30-g10000-2,43309.79,32796,0.005402200011303648,0.002701100005651824,0.002701100005651824,0.0542180000047665,ok,32.058144,32.058144
Hilbert,TSP-triangular_squeezed-n300-g1000-5,14474.97,10394,0.004485400015255436,0.002242700007627718,0.002242700007627718,3.329705099997227,ok,39.262745,39.262745
Hilbert,TSP-triangular_squeezed-n40-g10000-3,39331.457,30535,0.00034420000156387687,0.00017210000078193843,0.00017210000078193843,0.1101784999918891,ok,28.807783,28.807783
Hilbert,TSP-triangular_squeezed-n300-g1000-4,14352.823,10854,0.016597700014244765,0.008298850007122383,0.008298850007122383,1.9851769000088095,ok,32.235336,32.235336
Hilbert,TSP-triangular_squeezed-n300-g10000-3,143677.55,103942,0.014143600012175739,0.007071800006087869,0.007071800006087869,1.9622209999943152,ok,38.228577,38.228577
Hilbert,TSP-triangular_squeezed-n40-g10000-5,48948.203,39274,0.0003711999743245542,0.0001855999871622771,0.0001855999871622771,0.1588060999929439,ok,24.63259,24.63259
Hilbert,TSP-triangular_squeezed-n40-g10000-4,54785.758,40547,0.0003561000048648566,0.0001780500024324283,0.0001780500024324283,0.1505826000066008,ok,35.116676,35.116676
Hilbert,TSP-triangular_squeezed-n30-g10000-4,46308.027,34672,0.00028700000257231295,0.00014350000128615648,0.00014350000128615648,0.0794954000011785,ok,33.5603,33.5603
Hilbert,TSP-triangular_squeezed-n40-g1000-5,4327.0786,3350,0.0003173000004608184,0.0001586500002304092,0.0001586500002304092,0.0895804000028874,ok,29.166525,29.166525
Hilbert,TSP-triangular_squeezed-n40-g10000-1,53926.69,40258,0.002793399995425716,0.001396699997712858,0.001396699997712858,0.1326686999964295,ok,33.952732,33.952732
Hilbert,TSP-triangular_squeezed-n300-g10000-4,138177.56,102245,0.013567899994086474,0.006783949997043237,0.006783949997043237,2.857580700001563,ok,35.14359,35.14359
Hilbert,TSP-triangular_squeezed-n300-g10000-2,138576.06,104015,0.015363799990154803,0.007681899995077401,0.007681899995077401,2.969500200008042,ok,33.227,33.227
Hilbert,TSP-triangular_squeezed-n300-g1000-1,13865.1045,10549,0.011519599996972829,0.0057597999984864146,0.0057597999984864146,3.096262299994123,ok,31.435247,31.435247
Hilbert,TSP-triangular_squeezed-n300-g10000-5,143492.4,103601,0.017818899999838322,0.008909449999919161,0.008909449999919161,4.239763400008087,ok,38.50485,38.50485
Hilbert,TSP-triangular_squeezed-n400-g10000-3,163497.72,118302,0.014845099998638034,0.007422549999319017,0.007422549999319017,3.261077400005888,ok,38.203682,38.203682
Hilbert,TSP-triangular_squeezed-n400-g1000-4,16199.909,11632,0.01734520000172779,0.008672600000863895,0.008672600000863895,2.573381000009249,ok,39.270195,39.270195
Hilbert,TSP-triangular_squeezed-n5-g10000-1,14790.139,14790,0.00015100001473911107,7.550000736955553e-05,7.550000736955553e-05,0.1614218000031542,ok,0.0009376056,0.0009376056
Hilbert,TSP-triangular_squeezed-n400-g10000-2,162373.69,123739,0.005672200000844896,0.002836100000422448,0.002836100000422448,4.210296199991717,ok,31.222725,31.222725
Hilbert,TSP-triangular_squeezed-n400-g1000-2,16802.178,11795,0.016498600016348064,0.008249300008174032,0.008249300008174032,3.4248132000066107,ok,42.4517,42.4517
Hilbert,TSP-triangular_squeezed-n5-g1000-3,1838.7351,1730,0.0001601999974809587,8.009999874047935e-05,8.009999874047935e-05,0.0416043000004719,ok,6.2852664,6.2852664
Hilbert,TSP-triangular_squeezed-n5-g1000-1,1161.1077,1005,0.00015929999062791467,7.964999531395733e-05,7.964999531395733e-05,0.1149547000095481,ok,15.533102,15.533102
Hilbert,TSP-triangular_squeezed-n5-g10000-4,18006.879,17151,0.00014680001186206937,7.340000593103468e-05,7.340000593103468e-05,0.1389155000069877,ok,4.990257,4.990257
Hilbert,TSP-triangular_squeezed-n400-g1000-5,17377.688,12301,0.016843599994899705,0.008421799997449853,0.008421799997449853,11.604324899992209,ok,41.270527,41.270527
Hilbert,TSP-triangular_squeezed-n50-g1000-4,5512.093,4340,0.0003989000106230378,0.0001994500053115189,0.0001994500053115189,0.111127000011038,ok,27.006744,27.006744
Hilbert,TSP-triangular_squeezed-n400-g10000-1,153583.12,115579,0.003854199982015416,0.001927099991007708,0.001927099991007708,11.57596059999196,ok,32.88151,32.88151
Hilbert,TSP-triangular_squeezed-n5-g1000-4,1614.192,1571,0.00014329998521134257,7.164999260567129e-05,7.164999260567129e-05,0.0440582000010181,ok,2.749333,2.749333
Hilbert,TSP-triangular_squeezed-n400-g1000-1,15906.299,11566,0.02888699999311939,0.014443499996559694,0.014443499996559694,2.148988000000827,ok,37.52636,37.52636
Hilbert,TSP-triangular_squeezed-n400-g1000-3,15226.756,11097,0.00815619999775663,0.004078099998878315,0.004078099998878315,15.151830400005563,ok,37.215065,37.215065
Hilbert,TSP-triangular_squeezed-n5-g1000-5,1465.141,1465,0.00013959998614154756,6.979999307077378e-05,6.979999307077378e-05,0.0395431000069947,ok,0.009623973,0.009623973
Hilbert,TSP-triangular_squeezed-n5-g10000-5,12423.834,12424,0.00015729997539892793,7.864998769946396e-05,7.864998769946396e-05,0.2615675000124611,ok,-0.0013362494,0.0013362494
Hilbert,TSP-triangular_squeezed-n50-g1000-3,5694.986,4391,0.00040180000360123813,0.00020090000180061907,0.00020090000180061907,0.2014558999944711,ok,29.696787,29.696787
Hilbert,TSP-triangular_squeezed-n50-g10000-1,55586.066,45145,0.00041340000461786985,0.00020670000230893493,0.00020670000230893493,0.3076421000005211,ok,23.127846,23.127846
Hilbert,TSP-triangular_squeezed-n50-g1000-1,5157.1636,4000,0.0004268999909982085,0.00021344999549910426,0.00021344999549910426,0.0689381999982288,ok,28.92909,28.92909
Hilbert,TSP-triangular_squeezed-n5-g10000-3,13942.52,13942,0.00015260002692230046,7.630001346115023e-05,7.630001346115023e-05,0.1289604000048712,ok,0.0037263755,0.0037263755
Hilbert,TSP-triangular_squeezed-n50-g10000-3,57429.54,41134,0.00041439998312853277,0.00020719999156426638,0.00020719999156426638,0.1479221000045072,ok,39.61574,39.61574
Hilbert,TSP-triangular_squeezed-n5-g10000-2,15578.064,15577,0.0001432000135537237,7.160000677686185e-05,7.160000677686185e-05,0.1554478999896673,ok,0.006833493,0.006833493
Hilbert,TSP-triangular_squeezed-n400-g10000-5,166057.8,117853,0.00417809997452423,0.002089049987262115,0.002089049987262115,8.34035969999968,ok,40.902477,40.902477
Hilbert,TSP-triangular_squeezed-n50-g1000-5,5645.048,4665,0.00038059998769313097,0.00019029999384656549,0.00019029999384656549,0.0503651000035461,ok,21.00853,21.00853
Hilbert,TSP-triangular_squeezed-n50-g1000-2,4865.2817,4036,0.000509400008013472,0.000254700004006736,0.000254700004006736,0.1212412000022595,ok,20.54712,20.54712
Hilbert,TSP-triangular_squeezed-n5-g1000-2,1735.1133,1736,0.00011749999248422682,5.874999624211341e-05,5.874999624211341e-05,0.0446698000014293,ok,-0.05107827,0.05107827
Hilbert,TSP-triangular_squeezed-n50-g10000-4,51568.273,40678,0.00040099999750964344,0.00020049999875482172,0.00020049999875482172,0.0844856999901821,ok,26.7719,26.7719
Hilbert,TSP-triangular_squeezed-n60-g1000-2,6340.793,4988,0.0004571000172290951,0.00022855000861454755,0.00022855000861454755,0.1231745999975828,ok,27.12095,27.12095
Hilbert,TSP-triangular_squeezed-n400-g10000-4,159874.75,122112,0.018792299990309402,0.009396149995154701,0.009396149995154701,6.0863949000049615,ok,30.924685,30.924685
Hilbert,TSP-triangular_squeezed-n50-g10000-5,56156.453,47487,0.00039900001138448715,0.00019950000569224358,0.00019950000569224358,0.2206624999962514,ok,18.256477,18.256477
Hilbert,TSP-triangular_squeezed-n500-g1000-1,17959.137,12976,0.015566099988063797,0.007783049994031899,0.007783049994031899,4.176170699996874,ok,38.402718,38.402718
Hilbert,TSP-triangular_squeezed-n60-g1000-3,5818.6445,4705,0.0005059000104665756,0.0002529500052332878,0.0002529500052332878,0.2009144000039668,ok,23.669384,23.669384
Hilbert,TSP-triangular_squeezed-n500-g1000-2,18325.434,13213,0.009529399976599962,0.004764699988299981,0.004764699988299981,9.156030000012834,ok,38.69245,38.69245
Hilbert,TSP-triangular_squeezed-n50-g10000-2,58917.59,47284,0.0003980000037699938,0.0001990000018849969,0.0001990000018849969,0.1906809999927645,ok,24.60365,24.60365
Hilbert,TSP-triangular_squeezed-n60-g10000-5,65091.715,48920,0.00045110000064596534,0.00022555000032298267,0.00022555000032298267,0.259095300003537,ok,33.057472,33.057472
Hilbert,TSP-triangular_squeezed-n60-g1000-5,5914.257,4560,0.0004836000152863562,0.0002418000076431781,0.0002418000076431781,0.1411740000039572,ok,29.698616,29.698616
Hilbert,TSP-triangular_squeezed-n60-g1000-1,6328.301,4927,0.00045009999303147197,0.00022504999651573598,0.00022504999651573598,0.1034359000041149,ok,28.44126,28.44126
Hilbert,TSP-triangular_squeezed-n60-g10000-1,68310.3,54011,0.0004420999903231859,0.00022104999516159296,0.00022104999516159296,0.5430014999874402,ok,26.474785,26.474785
Hilbert,TSP-triangular_squeezed-n60-g10000-4,58356.1,49512,0.0004574000195134431,0.00022870000975672156,0.00022870000975672156,0.1943895000003976,ok,17.862541,17.862541
Hilbert,TSP-triangular_squeezed-n500-g1000-5,17743.994,13013,0.008741900004679337,0.004370950002339669,0.004370950002339669,6.935657699999865,ok,36.355907,36.355907
Hilbert,TSP-triangular_squeezed-n500-g10000-1,176056.58,128551,0.026072099979501218,0.013036049989750609,0.013036049989750609,3.801503599999705,ok,36.954655,36.954655
Hilbert,TSP-triangular_squeezed-n60-g10000-3,66255.04,48640,0.000451300002168864,0.000225650001084432,0.000225650001084432,0.2119848000002093,ok,36.21513,36.21513
Hilbert,TSP-triangular_squeezed-n500-g10000-4,179801.23,135814,0.019782800023676828,0.009891400011838414,0.009891400011838414,4.650067100010347,ok,32.387848,32.387848
Hilbert,TSP-triangular_squeezed-n500-g1000-4,18433.207,13202,0.010530400002608076,0.005265200001304038,0.005265200001304038,4.578208999999333,ok,39.62435,39.62435
Hilbert,TSP-triangular_squeezed-n60-g10000-2,63842.016,49909,0.0004610000178217888,0.0002305000089108944,0.0002305000089108944,0.4993490000051679,ok,27.91684,27.91684
Hilbert,TSP-triangular_squeezed-n600-g1000-1,19055.611,14025,0.025889199983794242,0.012944599991897121,0.012944599991897121,4.250032899988582,ok,35.868885,35.868885
Hilbert,TSP-triangular_squeezed-n60-g1000-4,5072.939,3937,0.00047030000132508576,0.00023515000066254288,0.00023515000066254288,0.0865552000032039,ok,28.852907,28.852907
Hilbert,TSP-triangular_squeezed-n500-g10000-3,174465.36,128694,0.024875300005078316,0.012437650002539158,0.012437650002539158,3.290362300002016,ok,35.56604,35.56604
Hilbert,TSP-triangular_squeezed-n500-g1000-3,17483.57,12653,0.00910289998864755,0.004551449994323775,0.004551449994323775,8.055051900009857,ok,38.177273,38.177273
Hilbert,TSP-triangular_squeezed-n70-g10000-1,68035.73,51586,0.0005071999912615865,0.0002535999956307933,0.0002535999956307933,0.4345132000016747,ok,31.887966,31.887966
Hilbert,TSP-triangular_squeezed-n70-g1000-1,5932.2793,4695,0.000590600015129894,0.000295300007564947,0.000295300007564947,0.1871348999993642,ok,26.353127,26.353127
Hilbert,TSP-triangular_squeezed-n70-g1000-4,6460.7007,5294,0.0005524999869521707,0.00027624999347608536,0.00027624999347608536,0.1607944999996107,ok,22.03817,22.03817
Hilbert,TSP-triangular_squeezed-n500-g10000-5,180712.95,134572,0.01624729999457486,0.00812364999728743,0.00812364999728743,8.393230200003018,ok,34.287186,34.287186
Hilbert,TSP-triangular_squeezed-n70-g1000-5,6927.7627,5438,0.0004976000054739416,0.0002488000027369708,0.0002488000027369708,0.0976201000012224,ok,27.395416,27.395416
Hilbert,TSP-triangular_squeezed-n600-g10000-4,195384.81,143546,0.025559800007613376,0.012779900003806688,0.012779900003806688,3.1173906000040006,ok,36.113033,36.113033
Hilbert,TSP-triangular_squeezed-n600-g1000-2,19622.205,14132,0.03828709997469559,0.019143549987347797,0.019143549987347797,6.548584899996058,ok,38.849457,38.849457
Hilbert,TSP-triangular_squeezed-n70-g1000-3,6574.574,5198,0.000509400008013472,0.000254700004006736,0.000254700004006736,0.1862152999965474,ok,26.482767,26.482767
Hilbert,TSP-triangular_squeezed-n600-g10000-5,195629.23,146602,0.032785499992314726,0.016392749996157363,0.016392749996157363,4.068215899998904,ok,33.442406,33.442406
Hilbert,TSP-triangular_squeezed-n500-g10000-2,181302.97,132065,0.03226629999699071,0.016133149998495355,0.016133149998495355,5.237735700007761,ok,37.28313,37.28313
Hilbert,TSP-triangular_squeezed-n600-g10000-2,200765.62,148275,0.04932299998472445,0.024661499992362224,0.024661499992362224,5.382003899998381,ok,35.40086,35.40086
Hilbert,TSP-triangular_squeezed-n70-g10000-4,67926.9,54129,0.0005467000009957701,0.00027335000049788505,0.00027335000049788505,0.3565027999866288,ok,25.49077,25.49077
Hilbert,TSP-triangular_squeezed-n70-g10000-5,60180.934,49387,0.0005401999806053936,0.0002700999903026968,0.0002700999903026968,0.3081848000001628,ok,21.85582,21.85582
Hilbert,TSP-triangular_squeezed-n600-g1000-3,19526.766,14142,0.06502599999657832,0.03251299999828916,0.03251299999828916,10.292281900008676,ok,38.07641,38.07641
Hilbert,TSP-triangular_squeezed-n600-g10000-3,200131.92,149390,0.04089500001282431,0.020447500006412156,0.020447500006412156,7.592899499999476,ok,33.966076,33.966076
Hilbert,TSP-triangular_squeezed-n600-g10000-1,200705.08,142978,0.06357969998498447,0.031789849992492236,0.031789849992492236,9.704406899996684,ok,40.374798,40.374798
Hilbert,TSP-triangular_squeezed-n70-g1000-2,6513.1855,5077,0.000537499989150092,0.000268749994575046,0.000268749994575046,0.1028789999982109,ok,28.288074,28.288074
Hilbert,TSP-triangular_squeezed-n700-g1000-4,20941.508,15386,0.02758749999338761,0.013793749996693805,0.013793749996693805,6.1929145000030985,ok,36.10755,36.10755
Hilbert,TSP-triangular_squeezed-n70-g10000-3,57950.668,45693,0.000516500003868714,0.000258250001934357,0.000258250001934357,0.0782222999987425,ok,26.82614,26.82614
Hilbert,TSP-triangular_squeezed-n8-g1000-2,2403.8083,2193,0.00018440000712871552,9.220000356435776e-05,9.220000356435776e-05,0.293048199993791,ok,9.612783,9.612783
Hilbert,TSP-triangular_squeezed-n8-g10000-1,13866.375,13689,0.0001947999990079552,9.73999995039776e-05,9.73999995039776e-05,0.7745091999968281,ok,1.2957485,1.2957485
Hilbert,TSP-triangular_squeezed-n8-g1000-5,1413.7584,1329,0.00015919998986646533,7.959999493323267e-05,7.959999493323267e-05,0.0507015999901341,ok,6.3776093,6.3776093
Hilbert,TSP-triangular_squeezed-n8-g1000-1,2079.0461,1869,0.00015890001668594778,7.945000834297389e-05,7.945000834297389e-05,0.2894317999889608,ok,11.238423,11.238423
Hilbert,TSP-triangular_squeezed-n600-g1000-4,20970.705,14778,0.04591300000902265,0.022956500004511327,0.022956500004511327,5.911656199998106,ok,41.904892,41.904892
Hilbert,TSP-triangular_squeezed-n600-g1000-5,20214.709,14723,0.03783580000163056,0.01891790000081528,0.01891790000081528,5.891517099997145,ok,37.3002,37.3002
Hilbert,TSP-triangular_squeezed-n700-g1000-3,20550.553,15296,0.01584440001170151,0.007922200005850755,0.007922200005850755,6.164405899995472,ok,34.352463,34.352463
Hilbert,TSP-triangular_squeezed-n8-g10000-3,20977.463,20966,0.00016140000661835074,8.070000330917537e-05,8.070000330917537e-05,0.3800052000005962,ok,0.05467371,0.05467371
Hilbert,TSP-triangular_squeezed-n700-g1000-5,22293.125,15759,0.031194100010907277,0.015597050005453639,0.015597050005453639,27.610527400000137,ok,41.462814,41.462814
Hilbert,TSP-triangular_squeezed-n8-g10000-2,21607.703,18711,0.00017479999223724008,8.739999611862004e-05,8.739999611862004e-05,0.6426394000009168,ok,15.481284,15.481284
Hilbert,TSP-triangular_squeezed-n8-g1000-3,2047.3912,1906,0.008402700012084097,0.004201350006042048,0.004201350006042048,0.1539432999998098,ok,7.418218,7.418218
Hilbert,TSP-triangular_squeezed-n70-g10000-2,64527.316,52783,0.0004996999923605472,0.0002498499961802736,0.0002498499961802736,0.3902028000011341,ok,22.250187,22.250187
Hilbert,TSP-triangular_squeezed-n8-g10000-4,18789.531,18789,0.0001551999885123223,7.759999425616115e-05,7.759999425616115e-05,0.4085040999925695,ok,0.0028274523,0.0028274523
Hilbert,TSP-triangular_squeezed-n700-g10000-5,214960.06,156967,0.016159399994648993,0.008079699997324497,0.008079699997324497,7.553382500016596,ok,36.946022,36.946022
Hilbert,TSP-triangular_squeezed-n700-g10000-1,216518.7,154454,0.043084500008262694,0.021542250004131347,0.021542250004131347,3.779505699989386,ok,40.183292,40.183292
Hilbert,TSP-triangular_squeezed-n80-g1000-3,6393.623,4910,0.000586000009207055,0.0002930000046035275,0.0002930000046035275,0.3865808000118704,ok,30.216354,30.216354
Hilbert,TSP-triangular_squeezed-n80-g10000-5,67887.77,51885,0.0005792999872937799,0.0002896499936468899,0.0002896499936468899,0.1540411000023596,ok,30.842775,30.842775
Hilbert,TSP-triangular_squeezed-n700-g1000-1,20947.572,15292,0.05392769997706637,0.026963849988533184,0.026963849988533184,3.576170100001036,ok,36.983864,36.983864
Hilbert,TSP-triangular_squeezed-n80-g10000-2,72236.516,52258,0.0005707000091206282,0.0002853500045603141,0.0002853500045603141,0.2018867000006139,ok,38.23054,38.23054
Hilbert,TSP-triangular_squeezed-n8-g10000-5,18093.338,16163,0.00015860001440159976,7.930000720079988e-05,7.930000720079988e-05,1.106349699999555,ok,11.942944,11.942944
Hilbert,TSP-triangular_squeezed-n700-g1000-2,22564.738,15828,0.05489250001846813,0.027446250009234063,0.027446250009234063,4.800051099999109,ok,42.562157,42.562157
Hilbert,TSP-triangular_squeezed-n80-g1000-2,6997.2373,5018,0.0005735000013373792,0.0002867500006686896,0.0002867500006686896,0.1614842999988468,ok,39.44275,39.44275
Hilbert,TSP-triangular_squeezed-n80-g10000-4,71475.81,51423,0.0005670999817084521,0.00028354999085422605,0.00028354999085422605,0.1063228999992134,ok,38.995804,38.995804
Hilbert,TSP-triangular_squeezed-n8-g1000-4,1629.8782,1531,0.00016820000018924475,8.410000009462237e-05,8.410000009462237e-05,0.0988493000040762,ok,6.4584045,6.4584045
Hilbert,TSP-triangular_squeezed-n700-g10000-3,210078.06,153174,0.03189620000193827,0.015948100000969134,0.015948100000969134,6.461945300005027,ok,37.14995,37.14995
Hilbert,TSP-triangular_squeezed-n80-g10000-3,69220.695,50981,0.0005655999993905425,0.00028279999969527125,0.00028279999969527125,0.5635174000053667,ok,35.77744,35.77744
Hilbert,TSP-triangular_squeezed-n80-g1000-1,7007.8643,5534,0.0005634000117424875,0.0002817000058712438,0.0002817000058712438,0.2279837000096449,ok,26.632893,26.632893
Hilbert,TSP-triangular_squeezed-n80-g10000-1,67985.56,52172,0.0006331999902613461,0.00031659999513067305,0.00031659999513067305,0.410881400006474,ok,30.31044,30.31044
Hilbert,TSP-triangular_squeezed-n700-g10000-4,202732.98,151942,0.03474949998781085,0.017374749993905425,0.017374749993905425,8.177723799977684,ok,33.427876,33.427876
Hilbert,TSP-triangular_squeezed-n80-g1000-4,6653.4546,5264,0.0005893000052310526,0.0002946500026155263,0.0002946500026155263,0.1947555999940959,ok,26.395412,26.395412
Hilbert,TSP-triangular_squeezed-n90-g10000-3,72321.734,55736,0.0006282000103965402,0.0003141000051982701,0.0003141000051982701,0.1918421000009402,ok,29.75767,29.75767
Hilbert,TSP-triangular_squeezed-n90-g10000-1,79054.516,61387,0.0006117000011727214,0.0003058500005863607,0.0003058500005863607,0.9552382999972906,ok,28.78055,28.78055
Hilbert,TSP-triangular_squeezed-n90-g1000-2,7175.774,5900,0.0006678999925497919,0.00033394999627489597,0.00033394999627489597,0.2767978999909246,ok,21.623287,21.623287
Hilbert,TSP-triangular_squeezed-n80-g1000-5,7423.2285,5439,0.007865599996875972,0.003932799998437986,0.003932799998437986,0.5663825999945402,ok,36.481495,36.481495
Hilbert,TSP-triangular_squeezed-n90-g10000-2,77387.99,56467,0.0006297000218182802,0.0003148500109091401,0.0003148500109091401,0.5172821000014665,ok,37.049942,37.049942
Hilbert,TSP-triangular_squeezed-n90-g1000-1,7152.148,5892,0.0006362999847624451,0.00031814999238122255,0.00031814999238122255,0.1990636999980779,ok,21.38744,21.38744
Hilbert,TSP-triangular_squeezed-n800-g1000-2,22917.246,16845,0.023964299994986504,0.011982149997493252,0.011982149997493252,9.886756499996409,ok,36.047764,36.047764
Hilbert,TSP-triangular_squeezed-n90-g1000-4,8026.65,6073,0.0006499000010080636,0.0003249500005040318,0.0003249500005040318,0.2869266000052448,ok,32.169437,32.169437
Hilbert,TSP-triangular_squeezed-n800-g1000-4,22469.293,16411,0.04206019997945987,0.021030099989729933,0.021030099989729933,63.4398724000057,ok,36.91605,36.91605
Hilbert,TSP-triangular_squeezed-n800-g1000-3,21830.598,16391,0.041704899980686605,0.020852449990343302,0.020852449990343302,17.15635299999849,ok,33.18649,33.18649
Hilbert,TSP-triangular_squeezed-n90-g10000-5,70746.42,58355,0.0006590000120922923,0.00032950000604614615,0.00032950000604614615,0.4609316999994917,ok,21.23455,21.23455
Hilbert,TSP-triangular_squeezed-n800-g10000-2,225744.12,162307,0.04383189999498427,0.021915949997492135,0.021915949997492135,4.828040399996098,ok,39.084652,39.084652
Hilbert,TSP-triangular_squeezed-n90-g1000-5,7085.931,5270,0.0006221999938134104,0.0003110999969067052,0.0003110999969067052,0.0945798000029753,ok,34.457893,34.457893
Hilbert,TSP-triangular_squeezed-n90-g10000-4,68515.85,54791,0.0006716000207234174,0.0003358000103617087,0.0003358000103617087,0.2518701999943005,ok,25.049463,25.049463
Hilbert,TSP-triangular_squeezed-n90-g1000-3,7552.8594,5890,0.0006414999952539802,0.0003207499976269901,0.0003207499976269901,0.3504565000039292,ok,28.231907,28.231907
Hilbert,TSP-truncated_exponential-n10-g1000-1,3306.0605,3160,0.00017309997929260135,8.654998964630067e-05,8.654998964630067e-05,0.0446442999964347,ok,4.622169,4.622169
Hilbert,TSP-truncated_exponential-n10-g1000-3,3482.7544,3017,0.00018790000467561185,9.395000233780593e-05,9.395000233780593e-05,0.0363368999969679,ok,15.437667,15.437667
Hilbert,TSP-triangular_squeezed-n800-g10000-4,231622.69,169778,0.08208289998583496,0.04104144999291748,0.04104144999291748,83.43471080000745,ok,36.426796,36.426796
Hilbert,TSP-triangular_squeezed-n800-g1000-5,22951.582,17108,0.08189770000171848,0.04094885000085924,0.04094885000085924,3.843645800006925,ok,34.157013,34.157013
Hilbert,TSP-truncated_exponential-n10-g1000-4,3365.0566,2703,0.00018259999342262745,9.129999671131372e-05,9.129999671131372e-05,0.099591699996381,ok,24.4934,24.4934
Hilbert,TSP-triangular_squeezed-n900-g1000-3,24174.375,17607,0.061746699997456744,0.030873349998728372,0.030873349998728372,15.218758500006516,ok,37.299797,37.299797
Hilbert,TSP-triangular_squeezed-n700-g10000-2,219283.23,158755,0.08983009998337366,0.04491504999168683,0.04491504999168683,77.34696119998989,ok,38.12682,38.12682
Hilbert,TSP-triangular_squeezed-n900-g1000-1,24438.127,17756,0.052131100004771724,0.026065550002385862,0.026065550002385862,7.931720700013102,ok,37.633064,37.633064
Hilbert,TSP-triangular_squeezed-n800-g10000-5,229034.22,163722,0.06963720000931062,0.03481860000465531,0.03481860000465531,6.88886600000842,ok,39.892147,39.892147
Hilbert,TSP-triangular_squeezed-n800-g1000-1,23960.55,17291,0.08755860000383109,0.043779300001915544,0.043779300001915544,5.916690199999721,ok,38.572384,38.572384
Hilbert,TSP-truncated_exponential-n10-g1000-5,2986.7075,2813,0.00019880000036209822,9.940000018104911e-05,9.940000018104911e-05,0.0824713000038173,ok,6.17517,6.17517
Hilbert,TSP-truncated_exponential-n10-g1000-2,3379.1367,2913,0.006001200003083795,0.0030006000015418977,0.0030006000015418977,0.0441533999983221,ok,16.001947,16.001947
Hilbert,TSP-triangular_squeezed-n900-g1000-5,24259.193,18079,0.022604199999477714,0.011302099999738857,0.011302099999738857,11.607890200000838,ok,34.184376,34.184376
Hilbert,TSP-triangular_squeezed-n800-g10000-1,227257.7,167694,0.08140470000216737,0.04070235000108369,0.04070235000108369,5.477633699993021,ok,35.51928,35.51928
Hilbert,TSP-truncated_exponential-n10-g10000-5,33023.176,29806,0.00018420000560581684,9.210000280290842e-05,9.210000280290842e-05,0.0412874000030569,ok,10.793718,10.793718
Hilbert,TSP-truncated_exponential-n10-g10000-3,27085.541,24455,0.00017350001144222915,8.675000572111458e-05,8.675000572111458e-05,0.0409868999995524,ok,10.7566595,10.7566595
Hilbert,TSP-truncated_exponential-n100-g1000-4,9942.342,7405,0.0007874000002630055,0.00039370000013150275,0.00039370000013150275,0.1083548000024166,ok,34.26525,34.26525
Hilbert,TSP-triangular_squeezed-n900-g10000-1,244105.11,179093,0.022500299994135275,0.011250149997067638,0.011250149997067638,175.9013394000067,ok,36.300755,36.300755
Hilbert,TSP-triangular_squeezed-n900-g10000-2,244660.22,176298,0.029229800013126805,0.014614900006563403,0.014614900006563403,8.23742210000637,ok,38.776512,38.776512
Hilbert,TSP-truncated_exponential-n10-g10000-4,24967.531,24968,0.000176099973032251,8.80499865161255e-05,8.80499865161255e-05,0.0457768999913241,ok,-0.0018774031,0.0018774031
Hilbert,TSP-truncated_exponential-n100-g1000-5,10200.645,7270,0.0006892000092193484,0.0003446000046096742,0.0003446000046096742,0.301127800004906,ok,40.311478,40.311478
Hilbert,TSP-truncated_exponential-n10-g10000-1,31548.96,31333,0.0001680999994277954,8.40499997138977e-05,8.40499997138977e-05,0.0426864000037312,ok,0.6892444,0.6892444
Hilbert,TSP-truncated_exponential-n10-g10000-2,24626.402,22602,0.0012823000142816454,0.0006411500071408227,0.0006411500071408227,0.0413016000093193,ok,8.95674,8.95674
Hilbert,TSP-triangular_squeezed-n800-g10000-3,227913.23,168213,0.08526849999907427,0.04263424999953713,0.04263424999953713,6.421485900005791,ok,35.490856,35.490856
Hilbert,TSP-triangular_squeezed-n900-g10000-4,238165.81,173919,0.01014309999300167,0.005071549996500835,0.005071549996500835,4.578381300001638,ok,36.94065,36.94065
Hilbert,TSP-truncated_exponential-n100-g10000-1,107993.47,77137,0.0006758000236004591,0.00033790001180022955,0.00033790001180022955,0.2650642999942647,ok,40.002163,40.002163
Hilbert,TSP-truncated_exponential-n100-g1000-2,10034.27,7086,0.0006846000032965094,0.0003423000016482547,0.0003423000016482547,0.1941017999924952,ok,41.606964,41.606964
Hilbert,TSP-truncated_exponential-n100-g10000-3,98150.875,73946,0.0006948999944142997,0.00034744999720714986,0.00034744999720714986,0.1236575999937485,ok,32.733177,32.733177
Hilbert,TSP-truncated_exponential-n100-g1000-3,10847.691,7820,0.0007320999866351485,0.00036604999331757426,0.00036604999331757426,0.332545500001288,ok,38.71728,38.71728
Hilbert,TSP-truncated_exponential-n100-g10000-2,104326.266,79405,0.0006753999914508313,0.00033769999572541565,0.00033769999572541565,0.0637948000075994,ok,31.385008,31.385008
Hilbert,TSP-truncated_exponential-n100-g10000-4,107543.36,76315,0.0006730000022798777,0.00033650000113993883,0.00033650000113993883,0.5228781000041636,ok,40.92034,40.92034
Hilbert,TSP-truncated_exponential-n100-g10000-5,101245.52,78035,0.00066230000811629,0.000331150004058145,0.000331150004058145,0.4397945999953663,ok,29.743734,29.743734
Hilbert,TSP-truncated_exponential-n20-g1000-2,4208.4834,3427,0.00021860000560991466,0.00010930000280495733,0.00010930000280495733,0.0747196000011172,ok,22.803719,22.803719
Hilbert,TSP-truncated_exponential-n20-g1000-1,4892.148,3991,0.00023249999503605068,0.00011624999751802534,0.00011624999751802534,0.132374399996479,ok,22.579502,22.579502
Hilbert,TSP-truncated_exponential-n100-g1000-1,10354.051,7837,0.0006618000043090433,0.00033090000215452164,0.00033090000215452164,0.6997012999927392,ok,32.11753,32.11753
Hilbert,TSP-triangular_squeezed-n900-g10000-5,243064.14,176348,0.04594919999362901,0.022974599996814504,0.022974599996814504,6.622470000002068,ok,37.832092,37.832092
Hilbert,TSP-triangular_squeezed-n900-g1000-2,24716.932,17859,0.05909799999790266,0.02954899999895133,0.02954899999895133,9.579674799984788,ok,38.400425,38.400425
Hilbert,TSP-truncated_exponential-n20-g1000-4,5776.4907,4513,0.00023030000738799572,0.00011515000369399786,0.00011515000369399786,0.0635790000087581,ok,27.996693,27.996693
Hilbert,TSP-triangular_squeezed-n900-g1000-4,24737.754,17622,0.05490200000349432,0.02745100000174716,0.02745100000174716,11.919158699995023,ok,40.379944,40.379944
Hilbert,TSP-truncated_exponential-n20-g10000-3,42024.188,35704,0.0002877000079024583,0.00014385000395122916,0.00014385000395122916,0.0448433999990811,ok,17.701622,17.701622
Hilbert,TSP-truncated_exponential-n20-g10000-5,42081.406,36813,0.00023850001161918044,0.00011925000580959022,0.00011925000580959022,0.0518575000023702,ok,14.311266,14.311266
Hilbert,TSP-truncated_exponential-n20-g10000-2,52000.043,39716,0.0002597999991849065,0.00012989999959245324,0.00012989999959245324,0.0605332000122871,ok,30.929708,30.929708
Hilbert,TSP-truncated_exponential-n20-g1000-5,4713.4434,3465,0.0002479999966453761,0.00012399999832268804,0.00012399999832268804,0.0884986999881221,ok,36.03011,36.03011
Hilbert,TSP-truncated_exponential-n1000-g1000-2,30282.982,22288,0.05008069999166764,0.02504034999583382,0.02504034999583382,11.513538100000003,ok,35.871243,35.871243
Hilbert,TSP-truncated_exponential-n20-g1000-3,4353.483,3459,0.00043629997526295483,0.00021814998763147742,0.00021814998763147742,0.0750700999924447,ok,25.859583,25.859583
Hilbert,TSP-truncated_exponential-n200-g1000-1,14319.205,10342,0.024685599986696616,0.012342799993348308,0.012342799993348308,2.285614299995359,ok,38.45683,38.45683
Hilbert,TSP-truncated_exponential-n20-g10000-4,47319.383,36174,0.0002835000050254166,0.0001417500025127083,0.0001417500025127083,0.0621317000041017,ok,30.810478,30.810478
Hilbert,TSP-truncated_exponential-n200-g1000-4,14665.687,10684,0.0012433999800123274,0.0006216999900061637,0.0006216999900061637,0.9528010000067296,ok,37.26775,37.26775
Hilbert,TSP-truncated_exponential-n200-g10000-1,141612.08,105005,0.0028193000180181116,0.0014096500090090558,0.0014096500090090558,1.6965166000009049,ok,34.862225,34.862225
Hilbert,TSP-truncated_exponential-n200-g1000-3,13752.749,10202,0.041151000012177974,0.020575500006088987,0.020575500006088987,1.491190099986852,ok,34.80444,34.80444
Hilbert,TSP-truncated_exponential-n20-g10000-1,47283.734,36860,0.0002584000176284462,0.0001292000088142231,0.0001292000088142231,0.0421539999952074,ok,28.279257,28.279257
Hilbert,TSP-truncated_exponential-n30-g1000-1,5117.256,4289,0.0002928999892901629,0.00014644999464508146,0.00014644999464508146,0.0433545000123558,ok,19.311165,19.311165
Hilbert,TSP-truncated_exponential-n1000-g1000-3,31096.05,22604,0.06884019999415614,0.03442009999707807,0.03442009999707807,20.387984699991648,ok,37.568794,37.568794
Hilbert,TSP-truncated_exponential-n200-g1000-5,13528.309,10500,0.001207799999974668,0.000603899999987334,0.000603899999987334,2.158831000007922,ok,28.841034,28.841034
Hilbert,TSP-truncated_exponential-n1000-g10000-1,313146.25,228047,0.08402740000747144,0.04201370000373572,0.04201370000373572,176.77465229999507,ok,37.31654,37.31654
Hilbert,TSP-truncated_exponential-n1000-g10000-2,307466.12,226256,0.0788102000078652,0.0394051000039326,0.0394051000039326,295.771974400006,ok,35.893024,35.893024
Hilbert,TSP-triangular_squeezed-n900-g10000-3,239230.6,175682,0.12243399998988025,0.061216999994940124,0.061216999994940124,253.7966535000014,ok,36.172512,36.172512
Hilbert,TSP-truncated_exponential-n200-g10000-4,149735.83,105092,0.0012505000049714,0.0006252500024857,0.0006252500024857,0.8391531000088435,ok,42.48071,42.48071
Hilbert,TSP-truncated_exponential-n1000-g10000-3,312342.62,225533,0.07824109998182394,0.03912054999091197,0.03912054999091197,271.41332669999974,ok,38.490875,38.490875
Hilbert,TSP-truncated_exponential-n200-g1000-2,14804.256,10597,0.00521229999139905,0.002606149995699525,0.002606149995699525,1.006932300006156,ok,39.702328,39.702328
Hilbert,TSP-truncated_exponential-n1000-g1000-5,31513.746,22748,0.07802089999313466,0.03901044999656733,0.03901044999656733,14.08266439998988,ok,38.53414,38.53414
Hilbert,TSP-truncated_exponential-n200-g10000-2,142727.73,103298,0.001264300022739917,0.0006321500113699585,0.0006321500113699585,2.098317900003167,ok,38.17086,38.17086
Hilbert,TSP-truncated_exponential-n30-g10000-2,61739.29,46258,0.0002984999737236649,0.00014924998686183244,0.00014924998686183244,0.0451360000006388,ok,33.46727,33.46727
Hilbert,TSP-truncated_exponential-n200-g10000-3,145318.42,103060,0.0013695000088773668,0.0006847500044386834,0.0006847500044386834,3.369737000000896,ok,41.003708,41.003708
Hilbert,TSP-truncated_exponential-n30-g1000-4,5769.5938,4696,0.00032869999995455146,0.00016434999997727573,0.00016434999997727573,0.0568265999900177,ok,22.861877,22.861877
Hilbert,TSP-truncated_exponential-n30-g1000-2,6651.1846,4729,0.0023668000067118555,0.0011834000033559278,0.0011834000033559278,0.060575700001209,ok,40.646744,40.646744
Hilbert,TSP-truncated_exponential-n1000-g10000-4,309128.25,227055,0.08712720000767149,0.043563600003835745,0.043563600003835745,88.68491149999318,ok,36.14686,36.14686
Hilbert,TSP-truncated_exponential-n30-g10000-3,50162.83,40865,0.00032029999420046806,0.00016014999710023403,0.00016014999710023403,0.082987800007686,ok,22.752546,22.752546
Hilbert,TSP-truncated_exponential-n1000-g1000-4,31158.672,22741,0.08523279998917133,0.04261639999458566,0.04261639999458566,8.309754600006272,ok,37.0154,37.0154
Hilbert,TSP-truncated_exponential-n30-g1000-3,6341.7295,4678,0.00028539999038912356,0.00014269999519456178,0.00014269999519456178,0.0406078999949386,ok,35.564976,35.564976
Hilbert,TSP-truncated_exponential-n30-g10000-1,57234.938,44453,0.000295300007564947,0.0001476500037824735,0.0001476500037824735,0.0738238000049023,ok,28.753822,28.753822
Hilbert,TSP-truncated_exponential-n30-g10000-5,58432.32,39404,0.0011704000062309206,0.0005852000031154603,0.0005852000031154603,0.04543859999103,ok,48.29033,48.29033
Hilbert,TSP-truncated_exponential-n200-g10000-5,143388.83,105489,0.0012279000075068325,0.0006139500037534162,0.0006139500037534162,1.9917226000106891,ok,35.927753,35.927753
Hilbert,TSP-truncated_exponential-n1000-g1000-1,31056.48,22602,0.09693899998092093,0.04846949999046046,0.04846949999046046,825.8203237999987,ok,37.405895,37.405895
Hilbert,TSP-truncated_exponential-n300-g10000-5,181370.19,129012,0.004382000013720244,0.002191000006860122,0.002191000006860122,3.0175835999980336,ok,40.58397,40.58397
Hilbert,TSP-truncated_exponential-n1000-g10000-5,313674.66,227519,0.09501550000277348,0.04750775000138674,0.04750775000138674,9.330240900017088,ok,37.86746,37.86746
Hilbert,TSP-truncated_exponential-n40-g10000-1,73029.41,50031,0.0003462999884504825,0.00017314999422524124,0.00017314999422524124,0.0500146999984281,ok,45.96831,45.96831
Hilbert,TSP-truncated_exponential-n30-g10000-4,64072.305,49169,0.00028649999876506627,0.00014324999938253313,0.00014324999938253313,0.0634942000033333,ok,30.310368,30.310368
Hilbert,TSP-truncated_exponential-n40-g1000-5,6163.5503,4974,0.00033290000283159316,0.00016645000141579658,0.00016645000141579658,0.1184644000022672,ok,23.915365,23.915365
Hilbert,TSP-truncated_exponential-n40-g1000-3,6890.4893,5336,0.00034520000917837024,0.00017260000458918512,0.00017260000458918512,0.1092534999916097,ok,29.132107,29.132107
Hilbert,TSP-truncated_exponential-n30-g1000-5,5601.531,4742,0.0002744000230450183,0.00013720001152250916,0.00013720001152250916,0.086084499998833,ok,18.125912,18.125912
Hilbert,TSP-truncated_exponential-n40-g1000-1,6458.4907,4882,0.0003335000074002892,0.0001667500037001446,0.0001667500037001446,0.151185800001258,ok,32.291904,32.291904
Hilbert,TSP-truncated_exponential-n40-g10000-5,66451.68,48902,0.00037250001332722604,0.00018625000666361302,0.00018625000666361302,0.1585470999998506,ok,35.887447,35.887447
Hilbert,TSP-truncated_exponential-n300-g10000-2,173911.08,125893,0.012693700002273545,0.006346850001136772,0.006346850001136772,2.5521045999921625,ok,38.141975,38.141975
Hilbert,TSP-truncated_exponential-n300-g1000-5,17252.426,12563,0.01105729999835603,0.005528649999178015,0.005528649999178015,2.2624758000019938,ok,37.32728,37.32728
Hilbert,TSP-truncated_exponential-n300-g1000-4,17440.516,12948,0.0068660000106319785,0.0034330000053159893,0.0034330000053159893,2.255364600001485,ok,34.696598,34.696598
Hilbert,TSP-truncated_exponential-n40-g10000-3,65992.984,52285,0.00036609999369829893,0.00018304999684914947,0.00018304999684914947,0.1877798999921651,ok,26.217815,26.217815
Hilbert,TSP-truncated_exponential-n40-g1000-2,5897.2847,4389,0.00035689998185262084,0.00017844999092631042,0.00017844999092631042,0.0792023000103654,ok,34.36511,34.36511
Hilbert,TSP-truncated_exponential-n40-g10000-4,66318.37,51269,0.000350900023477152,0.000175450011738576,0.000175450011738576,0.0985747999948216,ok,29.353737,29.353737
Hilbert,TSP-truncated_exponential-n300-g1000-1,17986.41,12600,0.019359199999598786,0.009679599999799393,0.009679599999799393,1.387639600012335,ok,42.749287,42.749287
Hilbert,TSP-truncated_exponential-n40-g10000-2,60985.96,48314,0.00041039998177438974,0.00020519999088719487,0.00020519999088719487,0.0707334999897284,ok,26.228342,26.228342
Hilbert,TSP-truncated_exponential-n300-g1000-2,17249.746,12760,0.02154539999901317,0.010772699999506585,0.010772699999506585,2.168997600005241,ok,35.186096,35.186096
Hilbert,TSP-truncated_exponential-n400-g1000-2,20179.41,14389,0.006158799980767071,0.0030793999903835356,0.0030793999903835356,6.994770799996331,ok,40.24192,40.24192
Hilbert,TSP-truncated_exponential-n300-g10000-1,167555.55,127865,0.014965500013204291,0.007482750006602146,0.007482750006602146,1.1379304000001866,ok,31.040977,31.040977
Hilbert,TSP-truncated_exponential-n400-g1000-4,19083.834,14603,0.00939789999392815,0.004698949996964075,0.004698949996964075,4.9380506000015885,ok,30.68434,30.68434
Hilbert,TSP-truncated_exponential-n5-g1000-1,2025.0413,2024,0.00014699998428113759,7.349999214056879e-05,7.349999214056879e-05,0.3260444000043208,ok,0.05144564,0.05144564
Hilbert,TSP-truncated_exponential-n40-g1000-4,6525.59,4666,0.00039259999175556004,0.00019629999587778002,0.00019629999587778002,0.0800356000108877,ok,39.854046,39.854046
Hilbert,TSP-truncated_exponential-n300-g10000-3,164504.1,126249,0.026478500018129125,0.013239250009064563,0.013239250009064563,1.8545982999930857,ok,30.301306,30.301306
Hilbert,TSP-truncated_exponential-n5-g1000-3,1579.9805,1580,0.0001784000196494162,8.92000098247081e-05,8.92000098247081e-05,0.037820700003067,ok,-0.001236155,0.001236155
Hilbert,TSP-truncated_exponential-n300-g1000-3,17653.53,12529,0.03518169999006204,0.01759084999503102,0.01759084999503102,4.253346700003021,ok,40.90134,40.90134
Hilbert,TSP-truncated_exponential-n5-g10000-3,21173.537,19658,0.00013890000991523266,6.945000495761633e-05,6.945000495761633e-05,0.0580664000008255,ok,7.709518,7.709518
Hilbert,TSP-truncated_exponential-n5-g1000-2,2176.9832,2140,0.00012929999502375722,6.464999751187861e-05,6.464999751187861e-05,0.2812763999972958,ok,1.7281847,1.7281847
Hilbert,TSP-truncated_exponential-n5-g1000-5,2110.575,2111,0.0001373999984934926,6.86999992467463e-05,6.86999992467463e-05,0.0670215999998617,ok,-0.020134952,0.020134952
Hilbert,TSP-truncated_exponential-n300-g10000-4,170348.44,126541,0.016828799998620525,0.008414399999310263,0.008414399999310263,4.603071799996542,ok,34.619164,34.619164
Hilbert,TSP-truncated_exponential-n400-g10000-2,196764.75,142179,0.018205999978818,0.009102999989409,0.009102999989409,4.294989900008659,ok,38.392273,38.392273
Hilbert,TSP-truncated_exponential-n400-g10000-3,197214.0,146406,0.017993399989791214,0.008996699994895607,0.008996699994895607,7.362202599993907,ok,34.703495,34.703495
Hilbert,TSP-truncated_exponential-n5-g10000-2,13404.391,13405,0.00016429999959655106,8.214999979827553e-05,8.214999979827553e-05,0.0425889999896753,ok,-0.004545878,0.004545878
Hilbert,TSP-truncated_exponential-n400-g1000-1,19397.975,14298,0.024961000017356128,0.012480500008678064,0.012480500008678064,2.5511390999890864,ok,35.669147,35.669147
Hilbert,TSP-truncated_exponential-n5-g10000-1,23170.523,21555,0.0001449999981559813,7.249999907799065e-05,7.249999907799065e-05,0.0552079000044614,ok,7.4948893,7.4948893
Hilbert,TSP-truncated_exponential-n400-g1000-3,20356.889,14641,0.011877700017066672,0.005938850008533336,0.005938850008533336,20.977293899995857,ok,39.040287,39.040287
Hilbert,TSP-truncated_exponential-n50-g1000-4,7888.981,6003,0.00039739999920129776,0.00019869999960064888,0.00019869999960064888,0.1023159000033047,ok,31.417307,31.417307
Hilbert,TSP-truncated_exponential-n5-g1000-4,2049.7578,1879,0.009010299982037395,0.004505149991018698,0.004505149991018698,0.0417039000021759,ok,9.087696,9.087696
Hilbert,TSP-truncated_exponential-n400-g10000-4,200221.69,143922,0.018357399996602908,0.009178699998301454,0.009178699998301454,7.679979199994705,ok,39.118195,39.118195
Hilbert,TSP-truncated_exponential-n50-g10000-2,76672.47,55930,0.00044460000935941935,0.00022230000467970967,0.00022230000467970967,0.0488830000103917,ok,37.08648,37.08648
Hilbert,TSP-truncated_exponential-n50-g1000-1,8116.596,5762,0.0010045999952126294,0.0005022999976063147,0.0005022999976063147,0.1149455999984638,ok,40.864216,40.864216
Hilbert,TSP-truncated_exponential-n50-g1000-5,7543.4404,5920,0.00038219999987632036,0.00019109999993816018,0.00019109999993816018,0.0487149999971734,ok,27.42298,27.42298
Hilbert,TSP-truncated_exponential-n50-g10000-4,78555.375,58885,0.0004178000090178102,0.0002089000045089051,0.0002089000045089051,0.1626393000042298,ok,33.404728,33.404728
Hilbert,TSP-truncated_exponential-n50-g10000-3,74153.1,55596,0.000430300016887486,0.000215150008443743,0.000215150008443743,0.122380200002226,ok,33.378483,33.378483
Hilbert,TSP-truncated_exponential-n50-g10000-1,84321.26,58660,0.0003960999893024564,0.0001980499946512282,0.0001980499946512282,0.1406474999967031,ok,43.74575,43.74575
Hilbert,TSP-truncated_exponential-n5-g10000-4,27377.027,25989,0.006366599991451949,0.0031832999957259744,0.0031832999957259744,0.0564053999987663,ok,5.340826,5.340826
Hilbert,TSP-truncated_exponential-n400-g1000-5,19903.768,14139,0.00894299999345094,0.00447149999672547,0.00447149999672547,2.4753442000073846,ok,40.772102,40.772102
Hilbert,TSP-truncated_exponential-n50-g1000-3,7707.402,5860,0.0004079999926034361,0.00020399999630171806,0.00020399999630171806,0.1085212999896612,ok,31.525629,31.525629
Hilbert,TSP-truncated_exponential-n5-g10000-5,18462.662,18463,0.00015959999291226268,7.979999645613134e-05,7.979999645613134e-05,0.0466561000066576,ok,-0.001830096,0.001830096
Hilbert,TSP-truncated_exponential-n50-g10000-5,70936.55,57598,0.00041969999438151717,0.00020984999719075859,0.00020984999719075859,0.0898413000104483,ok,23.158003,23.158003
Hilbert,TSP-truncated_exponential-n50-g1000-2,7389.3105,5834,0.0004256000102031976,0.0002128000051015988,0.0002128000051015988,0.2655450000020209,ok,26.65942,26.65942
Hilbert,TSP-truncated_exponential-n400-g10000-1,199132.66,147955,0.019611399999121204,0.009805699999560602,0.009805699999560602,5.330449400004,ok,34.590015,34.590015
Hilbert,TSP-truncated_exponential-n500-g1000-4,22367.545,16140,0.02048300000024028,0.01024150000012014,0.01024150000012014,2.5999366999894846,ok,38.58454,38.58454
Hilbert,TSP-truncated_exponential-n500-g1000-3,22520.416,16397,0.014294199994765222,0.007147099997382611,0.007147099997382611,3.1635340999928303,ok,37.344734,37.344734
Hilbert,TSP-truncated_exponential-n500-g10000-1,225137.36,164215,0.023044100002152845,0.011522050001076423,0.011522050001076423,1.9781532000051807,ok,37.099144,37.099144
Hilbert,TSP-truncated_exponential-n60-g1000-3,7945.3374,5853,0.009918900002958253,0.0049594500014791265,0.0049594500014791265,0.1410851999971782,ok,35.74812,35.74812
Hilbert,TSP-truncated_exponential-n60-g1000-1,7837.9497,5554,0.00048519999836571515,0.00024259999918285757,0.00024259999918285757,0.2490895000082673,ok,41.12261,41.12261
Hilbert,TSP-truncated_exponential-n60-g1000-4,8719.877,6210,0.00046400001156143844,0.00023200000578071922,0.00023200000578071922,0.1427469000045675,ok,40.4167,40.4167
Hilbert,TSP-truncated_exponential-n60-g10000-3,83525.36,61070,0.00044419997720979154,0.00022209998860489577,0.00022209998860489577,0.2587910000002011,ok,36.76987,36.76987
Hilbert,TSP-truncated_exponential-n400-g10000-5,197162.36,145102,0.034233100013807416,0.017116550006903708,0.017116550006903708,4.465624500007834,ok,35.87846,35.87846
Hilbert,TSP-truncated_exponential-n60-g10000-2,82922.36,61996,0.0004532000166364014,0.0002266000083182007,0.0002266000083182007,0.3783824999991338,ok,33.754368,33.754368
Hilbert,TSP-truncated_exponential-n500-g1000-2,23095.684,16359,0.036359099991386756,0.018179549995693378,0.018179549995693378,4.687598399992567,ok,41.18029,41.18029
Hilbert,TSP-truncated_exponential-n60-g10000-4,80899.99,62797,0.00048370001604780555,0.00024185000802390277,0.00024185000802390277,0.1359958000102779,ok,28.827799,28.827799
Hilbert,TSP-truncated_exponential-n60-g10000-1,80142.98,61884,0.008307899988722056,0.004153949994361028,0.004153949994361028,0.1683364000055007,ok,29.505167,29.505167
Hilbert,TSP-truncated_exponential-n500-g10000-3,224962.97,161995,0.03340000001480803,0.016700000007404014,0.016700000007404014,8.379511799998,ok,38.870316,38.870316
Hilbert,TSP-truncated_exponential-n500-g10000-5,226054.9,163037,0.034131000022171065,0.017065500011085533,0.017065500011085533,2.6203447000007145,ok,38.65252,38.65252
Hilbert,TSP-truncated_exponential-n500-g10000-2,220439.12,161898,0.04725299999699928,0.02362649999849964,0.02362649999849964,4.216196299996227,ok,36.159264,36.159264
Hilbert,TSP-truncated_exponential-n500-g1000-1,22892.37,16414,0.03489510001963936,0.01744755000981968,0.01744755000981968,3.767419299998437,ok,39.46856,39.46856
Hilbert,TSP-truncated_exponential-n60-g1000-2,7897.3794,5856,0.011095299996668473,0.0055476499983342364,0.0055476499983342364,0.4917338999948697,ok,34.859623,34.859623
Hilbert,TSP-truncated_exponential-n60-g1000-5,7799.5938,6216,0.00045560000580735505,0.00022780000290367752,0.00022780000290367752,0.1619121999974595,ok,25.47609,25.47609
Hilbert,TSP-truncated_exponential-n70-g1000-2,8862.057,6611,0.0005445000133477151,0.00027225000667385757,0.00027225000667385757,0.1551443999924231,ok,34.05017,34.05017
Hilbert,TSP-truncated_exponential-n60-g10000-5,84878.31,57145,0.00046579999616369605,0.00023289999808184803,0.00023289999808184803,0.1644300000043586,ok,48.531475,48.531475
Hilbert,TSP-truncated_exponential-n600-g1000-3,24659.229,17850,0.025500399991869926,0.012750199995934963,0.012750199995934963,2.7886001000006218,ok,38.14694,38.14694
Hilbert,TSP-truncated_exponential-n500-g1000-5,22713.607,16160,0.01733920001424849,0.008669600007124245,0.008669600007124245,6.054392300007748,ok,40.554504,40.554504
Hilbert,TSP-truncated_exponential-n500-g10000-4,228498.11,164609,0.05008590000215918,0.02504295000107959,0.02504295000107959,3.232200999991619,ok,38.812645,38.812645
Hilbert,TSP-truncated_exponential-n70-g10000-4,92000.84,66938,0.0005065000150352716,0.0002532500075176358,0.0002532500075176358,0.7296187999891117,ok,37.441875,37.441875
Hilbert,TSP-truncated_exponential-n70-g1000-1,8850.985,6466,0.0005632000102195889,0.00028160000510979444,0.00028160000510979444,0.2116592000093078,ok,36.88502,36.88502
Hilbert,TSP-truncated_exponential-n70-g10000-2,89802.18,65592,0.0005338999908417463,0.00026694999542087317,0.00026694999542087317,0.2971544000029098,ok,36.910263,36.910263
Hilbert,TSP-truncated_exponential-n70-g10000-1,84605.234,63145,0.0005524000152945518,0.0002762000076472759,0.0002762000076472759,0.1963726000103633,ok,33.985645,33.985645
Hilbert,TSP-truncated_exponential-n600-g1000-1,23844.822,17399,0.028402700001606718,0.014201350000803359,0.014201350000803359,10.212175900000148,ok,37.047085,37.047085
Hilbert,TSP-truncated_exponential-n70-g1000-4,8731.16,6208,0.000901999999769032,0.000450999999884516,0.000450999999884516,0.1248595999932149,ok,40.64369,40.64369
Hilbert,TSP-truncated_exponential-n70-g1000-3,8589.705,6328,0.0005308999971020967,0.00026544999855104834,0.00026544999855104834,0.0581559999991441,ok,35.74123,35.74123
Hilbert,TSP-truncated_exponential-n600-g10000-5,234169.9,173690,0.021104700019350275,0.010552350009675138,0.010552350009675138,10.416173200006597,ok,34.820602,34.820602
Hilbert,TSP-truncated_exponential-n600-g10000-4,246595.33,179838,0.027648699993733317,0.013824349996866658,0.013824349996866658,11.560473900011855,ok,37.12081,37.12081
Hilbert,TSP-truncated_exponential-n70-g10000-5,89519.68,67259,0.0005223999905865639,0.00026119999529328197,0.00026119999529328197,0.1323019999981625,ok,33.096954,33.096954
Hilbert,TSP-truncated_exponential-n70-g10000-3,88740.734,63673,0.0005460999964270741,0.00027304999821353704,0.00027304999821353704,0.190605299998424,ok,39.369488,39.369488
Hilbert,TSP-truncated_exponential-n600-g10000-1,244316.31,177067,0.040951000002678484,0.020475500001339242,0.020475500001339242,3.631520900002215,ok,37.979584,37.979584
Hilbert,TSP-truncated_exponential-n70-g1000-5,9160.7705,6778,0.000603599997702986,0.000301799998851493,0.000301799998851493,0.1869637000054353,ok,35.154476,35.154476
Hilbert,TSP-truncated_exponential-n600-g10000-3,236017.47,174914,0.050617000000784174,0.025308500000392087,0.025308500000392087,2.501640800008317,ok,34.933437,34.933437
Hilbert,TSP-truncated_exponential-n600-g1000-2,24489.494,18017,0.04905109998071566,0.02452554999035783,0.02452554999035783,13.377880700005337,ok,35.924374,35.924374
Hilbert,TSP-truncated_exponential-n8-g1000-2,3211.2017,2980,0.00016629998572170734,8.314999286085367e-05,8.314999286085367e-05,0.0544452000031014,ok,7.7584453,7.7584453
Hilbert,TSP-truncated_exponential-n700-g1000-5,26734.37,18831,0.02884990000165999,0.014424950000829995,0.014424950000829995,3.863698000001023,ok,41.96999,41.96999
Hilbert,TSP-truncated_exponential-n8-g1000-4,2626.7153,2564,0.00015690000145696104,7.845000072848052e-05,7.845000072848052e-05,0.0467343000054825,ok,2.4459958,2.4459958
Hilbert,TSP-truncated_exponential-n8-g1000-3,2646.6997,2492,0.00017929999739862978,8.964999869931489e-05,8.964999869931489e-05,0.2041681999980937,ok,6.2078533,6.2078533
Hilbert,TSP-truncated_exponential-n8-g1000-5,3495.042,3197,0.00018489998183213174,9.244999091606587e-05,9.244999091606587e-05,0.0423475999996298,ok,9.322553,9.322553
Hilbert,TSP-truncated_exponential-n8-g1000-1,2708.4795,2417,0.00019389999215491116,9.694999607745558e-05,9.694999607745558e-05,0.0814544000022579,ok,12.059557,12.059557
Hilbert,TSP-truncated_exponential-n80-g1000-1,8940.47,6538,0.0006827000179328024,0.0003413500089664012,0.0003413500089664012,0.2581610000052023,ok,36.74625,36.74625
Hilbert,TSP-truncated_exponential-n600-g1000-4,24080.646,17679,0.0766515999857802,0.0383257999928901,0.0383257999928901,3.677389000004041,ok,36.210457,36.210457
Hilbert,TSP-truncated_exponential-n700-g1000-4,26913.293,18979,0.026231299998471513,0.013115649999235757,0.013115649999235757,6.533752999996068,ok,41.80564,41.80564
Hilbert,TSP-truncated_exponential-n600-g10000-2,237983.31,174065,0.06129849998978898,0.03064924999489449,0.03064924999489449,10.772619800001848,ok,36.720943,36.720943
Hilbert,TSP-truncated_exponential-n8-g10000-2,17454.94,17212,0.0001799000019673258,8.99500009836629e-05,8.99500009836629e-05,0.1188450000045122,ok,1.411454,1.411454
Hilbert,TSP-truncated_exponential-n700-g10000-2,262832.78,188058,0.035052299994276837,0.017526149997138418,0.017526149997138418,17.016480899997987,ok,39.76155,39.76155
Hilbert,TSP-truncated_exponential-n8-g10000-1,25729.924,24455,0.00017329998081550002,8.664999040775001e-05,8.664999040775001e-05,0.1186230000021169,ok,5.2133465,5.2133465
Hilbert,TSP-truncated_exponential-n700-g1000-2,26744.666,19182,0.035645199997816235,0.017822599998908117,0.017822599998908117,7.5607866999926046,ok,39.425846,39.425846
Hilbert,TSP-truncated_exponential-n8-g10000-3,26518.986,23941,0.013036799995461479,0.006518399997730739,0.006518399997730739,0.2171426999993855,ok,10.768082,10.768082
Hilbert,TSP-truncated_exponential-n700-g1000-1,25991.191,19428,0.04402279999339953,0.022011399996699765,0.022011399996699765,5.695682100005797,ok,33.782124,33.782124
Hilbert,TSP-truncated_exponential-n600-g1000-5,24149.738,17762,0.07021880001411773,0.035109400007058866,0.035109400007058866,4.5571600000112085,ok,35.962944,35.962944
Hilbert,TSP-truncated_exponential-n80-g10000-4,90532.914,61976,0.0007016000163275748,0.0003508000081637874,0.0003508000081637874,0.1255434000049717,ok,46.077377,46.077377
Hilbert,TSP-truncated_exponential-n8-g10000-4,28843.418,25097,0.00019350001821294427,9.675000910647213e-05,9.675000910647213e-05,0.1745104000001447,ok,14.9277525,14.9277525
Hilbert,TSP-truncated_exponential-n80-g10000-1,98571.3,69201,0.0006107999943196774,0.0003053999971598387,0.0003053999971598387,0.3808035999973072,ok,42.442013,42.442013
Hilbert,TSP-truncated_exponential-n80-g1000-2,8968.911,7210,0.0005680999893229455,0.00028404999466147274,0.00028404999466147274,0.5846137999906205,ok,24.39544,24.39544
Hilbert,TSP-truncated_exponential-n700-g10000-1,260072.31,187862,0.0507342999917455,0.02536714999587275,0.02536714999587275,444.8880859999917,ok,38.437958,38.437958
Hilbert,TSP-truncated_exponential-n80-g10000-2,92621.055,66112,0.0005665000062435865,0.00028325000312179327,0.00028325000312179327,0.1041856000083498,ok,40.09719,40.09719
Hilbert,TSP-truncated_exponential-n700-g10000-3,262145.56,186837,0.04524639999726787,0.022623199998633936,0.022623199998633936,4.971037100011017,ok,40.30709,40.30709
Hilbert,TSP-truncated_exponential-n700-g1000-3,26020.959,19006,0.08204949999344535,0.041024749996722676,0.041024749996722676,11.388898500008509,ok,36.90918,36.90918
Hilbert,TSP-truncated_exponential-n80-g1000-4,9685.165,6703,0.0005778000049758703,0.0002889000024879351,0.0002889000024879351,0.3326336000027368,ok,44.490005,44.490005
Hilbert,TSP-truncated_exponential-n80-g10000-3,84049.914,64164,0.0005866999854333699,0.00029334999271668494,0.00029334999271668494,0.1285533000045688,ok,30.992323,30.992323
Hilbert,TSP-truncated_exponential-n80-g1000-3,9041.117,6915,0.000602399988565594,0.000301199994282797,0.000301199994282797,0.5491981999948621,ok,30.74645,30.74645
Hilbert,TSP-truncated_exponential-n700-g10000-5,256649.58,189874,0.05549070000415668,0.02774535000207834,0.02774535000207834,5.156797800009372,ok,35.168365,35.168365
Hilbert,TSP-truncated_exponential-n700-g10000-4,263528.4,190909,0.04885039999498986,0.02442519999749493,0.02442519999749493,28.06956679999712,ok,38.038754,38.038754
Hilbert,TSP-truncated_exponential-n90-g1000-4,9478.975,6930,0.0007202000124379992,0.0003601000062189996,0.0003601000062189996,0.5220962999883341,ok,36.78174,36.78174
Hilbert,TSP-truncated_exponential-n80-g10000-5,92650.0,72206,0.0005636000132653862,0.0002818000066326931,0.0002818000066326931,0.7919456999952672,ok,28.313437,28.313437
Hilbert,TSP-truncated_exponential-n80-g1000-5,9281.494,7108,0.0005619000003207475,0.00028095000016037375,0.00028095000016037375,0.3188552999927196,ok,30.57814,30.57814
Hilbert,TSP-truncated_exponential-n90-g1000-3,9310.619,7038,0.0006440999859478325,0.00032204999297391623,0.00032204999297391623,1.6510513999965042,ok,32.290695,32.290695
Hilbert,TSP-truncated_exponential-n800-g1000-1,28012.508,20348,0.019380300014745444,0.009690150007372722,0.009690150007372722,2.9449210000020685,ok,37.66713,37.66713
Hilbert,TSP-truncated_exponential-n90-g10000-2,101814.55,65675,0.0007480999920517206,0.0003740499960258603,0.0003740499960258603,0.251224200008437,ok,55.02786,55.02786
Hilbert,TSP-truncated_exponential-n90-g1000-2,9520.164,7034,0.0006571999983862042,0.0003285999991931021,0.0003285999991931021,0.1956643000012263,ok,35.344955,35.344955
Hilbert,TSP-truncated_exponential-n800-g10000-5,279255.06,201949,0.027613200014457107,0.013806600007228553,0.013806600007228553,7.663514800005942,ok,38.27999,38.27999
Hilbert,TSP-truncated_exponential-n90-g10000-5,102201.11,69715,0.0006649999995715916,0.0003324999997857958,0.0003324999997857958,0.3143764000124065,ok,46.59845,46.59845
Hilbert,TSP-truncated_exponential-n90-g1000-1,9658.355,6972,0.0006666999834123999,0.00033334999170619994,0.00033334999170619994,0.2126011000073049,ok,38.53063,38.53063
Hilbert,TSP-truncated_exponential-n90-g10000-3,100067.13,74850,0.0006360000115819275,0.00031800000579096377,0.00031800000579096377,0.3857248999993317,ok,33.690224,33.690224
Hilbert,TSP-truncated_exponential-n90-g1000-5,9299.665,6853,0.0006364000146277249,0.00031820000731386244,0.00031820000731386244,0.3133582999871578,ok,35.7021,35.7021
Hilbert,TSP-truncated_exponential-n800-g1000-2,28004.625,20175,0.04205219997675158,0.02102609998837579,0.02102609998837579,6.017228900003829,ok,38.80855,38.80855
Hilbert,TSP-truncated_exponential-n800-g10000-3,277422.28,202869,0.057215999986510724,0.028607999993255362,0.028607999993255362,4.032514699996682,ok,36.74947,36.74947
Hilbert,TSP-truncated_exponential-n8-g10000-5,34145.75,28059,0.0001917000045068562,9.58500022534281e-05,9.58500022534281e-05,0.2736267000000225,ok,21.692682,21.692682
Hilbert,TSP-truncated_exponential-n800-g1000-5,28313.17,20559,0.05733380001038313,0.028666900005191565,0.028666900005191565,275.7566603999876,ok,37.716667,37.716667
Hilbert,TSP-truncated_exponential-n900-g1000-1,29338.969,21338,0.03645879999385215,0.018229399996926077,0.018229399996926077,18.191402099997504,ok,37.496338,37.496338
Hilbert,TSP-truncated_exponential-n90-g10000-1,100621.84,73301,0.0007270000060088933,0.0003635000030044466,0.0003635000030044466,0.2502978999982588,ok,37.27213,37.27213
Hilbert,TSP-truncated_exponential-n800-g10000-4,285823.38,204181,0.07176640001125634,0.03588320000562817,0.03588320000562817,5.689506599999731,ok,39.985294,39.985294
Hilbert,TSP-truncated_exponential-n800-g1000-4,28002.26,20259,0.07033190000220202,0.03516595000110101,0.03516595000110101,57.34619060000114,ok,38.221333,38.221333
Hilbert,TSP-truncated_exponential-n800-g10000-2,274781.06,202341,0.04427620000205934,0.02213810000102967,0.02213810000102967,5.219515300006606,ok,35.80098,35.80098
Hilbert,TSP-truncated_exponential-n800-g10000-1,283082.06,207066,0.05712509999284521,0.028562549996422604,0.028562549996422604,7.033711900003254,ok,36.711033,36.711033
Hilbert,TSP-uniform_triangular-n10-g1000-2,2995.3958,2466,0.00022499999613501132,0.00011249999806750566,0.00011249999806750566,0.0737809999991441,ok,21.46779,21.46779
Hilbert,TSP-uniform_triangular-n10-g10000-3,25683.684,24214,0.00018370000179857016,9.185000089928508e-05,9.185000089928508e-05,0.0405866999935824,ok,6.0695615,6.0695615
Hilbert,TSP-uniform_triangular-n10-g1000-5,3033.2295,2598,0.00019550000433810055,9.775000216905028e-05,9.775000216905028e-05,0.0439358000003267,ok,16.752483,16.752483
Hilbert,TSP-truncated_exponential-n90-g10000-4,92928.6,73220,0.0006778000097256154,0.0003389000048628077,0.0003389000048628077,0.6640833999990718,ok,26.916965,26.916965
Hilbert,TSP-uniform_triangular-n10-g10000-1,27793.348,27793,0.03470260000904091,0.017351300004520454,0.017351300004520454,0.0381158999953186,ok,0.001250877,0.001250877
Hilbert,TSP-truncated_exponential-n900-g1000-2,29642.064,21377,0.03554660000372678,0.01777330000186339,0.01777330000186339,107.81922990000749,ok,38.663353,38.663353
Hilbert,TSP-uniform_triangular-n10-g1000-3,3316.8855,2780,0.00018809997709468007,9.404998854734004e-05,9.404998854734004e-05,0.0370103999885031,ok,19.312428,19.312428
Hilbert,TSP-uniform_triangular-n10-g1000-1,2912.0474,2670,0.00020670000230893493,0.00010335000115446746,0.00010335000115446746,0.0391270999971311,ok,9.065444,9.065444
Hilbert,TSP-truncated_exponential-n800-g1000-3,27894.229,20201,0.09810580001794733,0.049052900008973666,0.049052900008973666,7.805563199988683,ok,38.083405,38.083405
Hilbert,TSP-uniform_triangular-n10-g10000-2,29856.27,21960,0.0002103000006172806,0.0001051500003086403,0.0001051500003086403,0.0374096000014105,ok,35.95751,35.95751
Hilbert,TSP-truncated_exponential-n900-g1000-4,30140.838,21743,0.051298999984283,0.0256494999921415,0.0256494999921415,505.8864300000132,ok,38.623177,38.623177
Hilbert,TSP-truncated_exponential-n900-g1000-3,29878.75,21764,0.05673500002012588,0.02836750001006294,0.02836750001006294,10.076480599993374,ok,37.2852,37.2852
Hilbert,TSP-uniform_triangular-n100-g10000-1,99367.91,72457,0.0006897000130265951,0.00034485000651329756,0.00034485000651329756,0.1915678000077605,ok,37.14052,37.14052
Hilbert,TSP-uniform_triangular-n100-g1000-4,9088.603,6854,0.0006644999957643449,0.00033224999788217247,0.00033224999788217247,0.7597837000066647,ok,32.602898,32.602898
Hilbert,TSP-uniform_triangular-n100-g10000-2,98322.18,73999,0.0007335999980568886,0.0003667999990284443,0.0003667999990284443,0.3820981000026222,ok,32.869606,32.869606
Hilbert,TSP-uniform_triangular-n100-g1000-5,9754.1,7071,0.0007707999902777374,0.0003853999951388687,0.0003853999951388687,2.351743100007297,ok,37.94512,37.94512
Hilbert,TSP-uniform_triangular-n10-g1000-4,2793.446,2598,0.00021109997760504484,0.00010554998880252242,0.00010554998880252242,0.0483437000075355,ok,7.522942,7.522942
Hilbert,TSP-uniform_triangular-n10-g10000-4,28359.86,25658,0.00017260000458918512,8.630000229459256e-05,8.630000229459256e-05,0.1019213999970816,ok,10.53028,10.53028
Hilbert,TSP-truncated_exponential-n900-g10000-4,297039.1,215586,0.05463309999322519,0.027316549996612594,0.027316549996612594,20.03683060000185,ok,37.78218,37.78218
Hilbert,TSP-truncated_exponential-n900-g10000-3,299376.62,215086,0.06815289999940433,0.03407644999970216,0.03407644999970216,10.437070799991488,ok,39.189266,39.189266
Hilbert,TSP-uniform_triangular-n10-g10000-5,27158.62,19647,0.0009047000203281641,0.00045235001016408205,0.00045235001016408205,0.0516382999921916,ok,38.232906,38.232906
Hilbert,TSP-truncated_exponential-n900-g10000-1,293544.47,210638,0.0366552000050433,0.01832760000252165,0.01832760000252165,4.239378199999919,ok,39.35969,39.35969
Hilbert,TSP-uniform_triangular-n100-g10000-4,100108.46,73229,0.0006670000148005784,0.0003335000074002892,0.0003335000074002892,0.7512664999958361,ok,36.70603,36.70603
Hilbert,TSP-uniform_triangular-n100-g10000-3,101932.08,75205,0.0007255000236909837,0.0003627500118454918,0.0003627500118454918,0.4982679000095231,ok,35.538967,35.538967
Hilbert,TSP-uniform_triangular-n100-g1000-1,9197.284,7095,0.0006741000106558204,0.0003370500053279102,0.0003370500053279102,0.3819709999952465,ok,29.630503,29.630503
Hilbert,TSP-uniform_triangular-n100-g1000-2,11032.685,7566,0.004795700020622462,0.002397850010311231,0.002397850010311231,0.4513818000123137,ok,45.819252,45.819252
Hilbert,TSP-truncated_exponential-n900-g1000-5,29587.91,21512,0.0712008000118658,0.0356004000059329,0.0356004000059329,21.06411059999664,ok,37.54142,37.54142
Hilbert,TSP-uniform_triangular-n100-g1000-3,10251.616,7523,0.000663200014969334,0.000331600007484667,0.000331600007484667,0.2793161000008695,ok,36.27032,36.27032
Hilbert,TSP-uniform_triangular-n100-g10000-5,97214.87,65984,0.0006524999917019159,0.00032624999585095793,0.00032624999585095793,0.3678485999989789,ok,47.33097,47.33097
Hilbert,TSP-truncated_exponential-n900-g10000-5,299743.25,214709,0.06020400000852533,0.030102000004262663,0.030102000004262663,14.337211800011572,ok,39.60442,39.60442
Hilbert,TSP-uniform_triangular-n20-g1000-2,3501.123,3077,0.0002482000272721052,0.0001241000136360526,0.0001241000136360526,0.0541516999946907,ok,13.783654,13.783654
Hilbert,TSP-uniform_triangular-n20-g10000-2,48349.375,39057,0.00025129999266937375,0.00012564999633468688,0.00012564999633468688,0.1203907000017352,ok,23.79183,23.79183
Hilbert,TSP-uniform_triangular-n20-g1000-4,4356.2583,3821,0.00028490001568570733,0.00014245000784285367,0.00014245000784285367,0.1542404000065289,ok,14.008329,14.008329
Hilbert,TSP-uniform_triangular-n20-g10000-3,36681.734,28959,0.0002442999975755811,0.00012214999878779054,0.00012214999878779054,0.0430040999926859,ok,26.667822,26.667822
Hilbert,TSP-uniform_triangular-n20-g1000-3,4187.183,3115,0.0002480999974068254,0.0001240499987034127,0.0001240499987034127,0.0418558999954257,ok,34.420006,34.420006
Hilbert,TSP-uniform_triangular-n20-g10000-1,37505.508,31436,0.0002641000028233975,0.00013205000141169876,0.00013205000141169876,0.043070899992017,ok,19.307507,19.307507
Hilbert,TSP-uniform_triangular-n20-g1000-5,4405.819,3801,0.00027779999072663486,0.00013889999536331743,0.00013889999536331743,0.1420730999961961,ok,15.912098,15.912098
Hilbert,TSP-uniform_triangular-n1000-g10000-3,289271.66,213598,0.04464060001191683,0.022320300005958416,0.022320300005958416,11.144670300011056,ok,35.428074,35.428074
Hilbert,TSP-truncated_exponential-n900-g10000-2,299456.16,217885,0.06664249999448657,0.033321249997243285,0.033321249997243285,12.581449600009364,ok,37.43771,37.43771
Hilbert,TSP-uniform_triangular-n1000-g1000-4,30115.04,21525,0.038992200017673895,0.019496100008836947,0.019496100008836947,168.18047389999265,ok,39.90727,39.90727
Hilbert,TSP-uniform_triangular-n20-g10000-4,39662.95,34268,0.00024410002515651286,0.00012205001257825643,0.00012205001257825643,0.1012590999889653,ok,15.743403,15.743403
Hilbert,TSP-uniform_triangular-n20-g1000-1,3411.142,3120,0.00023589999182149768,0.00011794999591074884,0.00011794999591074884,0.0655257999897003,ok,9.331477,9.331477
Hilbert,TSP-uniform_triangular-n200-g10000-3,139701.47,99992,0.0012354000064078718,0.0006177000032039359,0.0006177000032039359,2.162948700002744,ok,39.712646,39.712646
Hilbert,TSP-uniform_triangular-n200-g1000-5,12745.205,9406,0.001299199997447431,0.0006495999987237155,0.0006495999987237155,0.8812077999900794,ok,35.500797,35.500797
Hilbert,TSP-uniform_triangular-n200-g1000-2,14120.676,9935,0.001315299974521622,0.000657649987260811,0.000657649987260811,1.4681482000014512,ok,42.130608,42.130608
Hilbert,TSP-uniform_triangular-n20-g10000-5,39551.906,31335,0.0002570000069681555,0.00012850000348407775,0.00012850000348407775,0.1411990000051446,ok,26.222775,26.222775
Hilbert,TSP-uniform_triangular-n1000-g10000-4,297004.0,212579,0.0605294999841135,0.03026474999205675,0.03026474999205675,10.348479400010548,ok,39.714645,39.714645
Hilbert,TSP-uniform_triangular-n200-g1000-1,13140.477,9508,0.0012586999800987542,0.0006293499900493771,0.0006293499900493771,0.9862868000054732,ok,38.204422,38.204422
Hilbert,TSP-uniform_triangular-n200-g1000-4,13872.127,9962,0.01790049998089671,0.008950249990448356,0.008950249990448356,1.4906371999968542,ok,39.25042,39.25042
Hilbert,TSP-uniform_triangular-n1000-g1000-3,30374.73,21841,0.06729750000522472,0.03364875000261236,0.03364875000261236,8.907673300011083,ok,39.07207,39.07207
Hilbert,TSP-uniform_triangular-n200-g10000-1,135435.66,97287,0.001231899979757145,0.0006159499898785725,0.0006159499898785725,1.366396999990684,ok,39.212494,39.212494
Hilbert,TSP-uniform_triangular-n1000-g1000-2,29604.494,21762,0.07606999998097308,0.03803499999048654,0.03803499999048654,95.60107259999496,ok,36.03756,36.03756
Hilbert,TSP-uniform_triangular-n30-g10000-2,56152.035,38650,0.0002967999898828566,0.0001483999949414283,0.0001483999949414283,0.0448640999966301,ok,45.283405,45.283405
Hilbert,TSP-uniform_triangular-n30-g1000-1,4994.277,3892,0.00028369997744448483,0.00014184998872224241,0.00014184998872224241,0.0547224000038113,ok,28.321606,28.321606
Hilbert,TSP-uniform_triangular-n30-g1000-3,4959.8896,3959,0.00029769999673590064,0.00014884999836795032,0.00014884999836795032,0.1262745999993058,ok,25.281376,25.281376
Hilbert,TSP-uniform_triangular-n1000-g10000-1,296841.2,215362,0.03728180000325665,0.018640900001628324,0.018640900001628324,7.368569099984597,ok,37.833595,37.833595
Hilbert,TSP-uniform_triangular-n30-g1000-4,5319.536,4175,0.0002927000168710947,0.00014635000843554735,0.00014635000843554735,0.0352404000004753,ok,27.41404,27.41404
Hilbert,TSP-uniform_triangular-n200-g1000-3,13579.684,9944,0.0012851999781560153,0.0006425999890780076,0.0006425999890780076,1.410049700003583,ok,36.56158,36.56158
Hilbert,TSP-uniform_triangular-n200-g10000-4,138151.73,98589,0.0048427000001538545,0.0024213500000769272,0.0024213500000769272,1.3945509000041056,ok,40.128956,40.128956
Hilbert,TSP-uniform_triangular-n300-g1000-1,16874.447,12042,0.00896509998710826,0.00448254999355413,0.00448254999355413,1.411576899990905,ok,40.12994,40.12994
Hilbert,TSP-uniform_triangular-n30-g10000-4,49962.47,38728,0.0003321999975014478,0.0001660999987507239,0.0001660999987507239,0.0711454999982379,ok,29.008648,29.008648
Hilbert,TSP-uniform_triangular-n30-g10000-3,56718.406,40231,0.00032539997482672334,0.00016269998741336167,0.00016269998741336167,0.0623120000091148,ok,40.981846,40.981846
Hilbert,TSP-uniform_triangular-n1000-g10000-5,300178.72,218764,0.08120640000561252,0.04060320000280626,0.04060320000280626,23.482761599996596,ok,37.215775,37.215775
Hilbert,TSP-uniform_triangular-n30-g1000-5,4022.52,3299,0.0010902000067289919,0.0005451000033644959,0.0005451000033644959,0.044043200003216,ok,21.931496,21.931496
Hilbert,TSP-uniform_triangular-n30-g1000-2,5216.5264,4344,0.00027459999546408653,0.00013729999773204327,0.00013729999773204327,0.0991340000036871,ok,20.085781,20.085781
Hilbert,TSP-uniform_triangular-n1000-g1000-1,29898.348,21758,0.08840460001374595,0.044202300006872974,0.044202300006872974,6.220243300005677,ok,37.413124,37.413124
Hilbert,TSP-uniform_triangular-n200-g10000-2,135554.1,100016,0.0012038000277243555,0.0006019000138621777,0.0006019000138621777,2.598225599998841,ok,35.53241,35.53241
Hilbert,TSP-uniform_triangular-n1000-g1000-5,29491.664,21233,0.0910167999973055,0.04550839999865275,0.04550839999865275,60.90263229999982,ok,38.89542,38.89542
Hilbert,TSP-uniform_triangular-n30-g10000-1,52494.934,40027,0.01379209998412989,0.006896049992064945,0.006896049992064945,0.0689119000016944,ok,31.14881,31.14881
Hilbert,TSP-uniform_triangular-n200-g10000-5,129846.69,96125,0.0012209999840706587,0.0006104999920353293,0.0006104999920353293,0.5895320999989053,ok,35.08108,35.08108
Hilbert,TSP-uniform_triangular-n30-g10000-5,47210.586,41266,0.00034020000020973384,0.00017010000010486692,0.00017010000010486692,0.0650101999926846,ok,14.405529,14.405529
Hilbert,TSP-uniform_triangular-n300-g10000-5,165874.81,119328,0.0062646000005770475,0.0031323000002885237,0.0031323000002885237,2.158868499987875,ok,39.007454,39.007454
Hilbert,TSP-uniform_triangular-n40-g1000-2,5916.1255,4407,0.00035799999022856355,0.00017899999511428177,0.00017899999511428177,0.0599930000025779,ok,34.243828,34.243828
Hilbert,TSP-uniform_triangular-n300-g1000-3,16810.266,11961,0.0019366000196896493,0.0009683000098448247,0.0009683000098448247,3.5800809000065783,ok,40.54231,40.54231
Hilbert,TSP-uniform_triangular-n300-g10000-2,163510.55,121847,0.008740799996303394,0.004370399998151697,0.004370399998151697,7.510787400009576,ok,34.193333,34.193333
Hilbert,TSP-uniform_triangular-n300-g1000-4,16513.77,11690,0.015098300005774945,0.0075491500028874725,0.0075491500028874725,3.868797899995116,ok,41.26407,41.26407
Hilbert,TSP-uniform_triangular-n40-g10000-1,70323.73,52662,0.00037659998633898795,0.00018829999316949397,0.00018829999316949397,0.098426800002926,ok,33.537895,33.537895
Hilbert,TSP-uniform_triangular-n40-g1000-3,6631.169,4864,0.0003539999888744205,0.00017699999443721026,0.00017699999443721026,0.1786778999958187,ok,36.331596,36.331596
Hilbert,TSP-uniform_triangular-n300-g10000-1,169294.5,121897,0.010220699972705916,0.005110349986352958,0.005110349986352958,4.730563100005384,ok,38.883236,38.883236
Hilbert,TSP-uniform_triangular-n40-g10000-4,59468.094,49679,0.00034559998312033713,0.00017279999156016856,0.00017279999156016856,0.1380235999968135,ok,19.704693,19.704693
Hilbert,TSP-uniform_triangular-n40-g1000-4,6907.138,5454,0.0005906999867875129,0.00029534999339375645,0.00029534999339375645,0.0457287000026553,ok,26.643532,26.643532
Hilbert,TSP-uniform_triangular-n40-g10000-5,55196.613,47103,0.00035230000503361225,0.00017615000251680613,0.00017615000251680613,0.1263744000025326,ok,17.182796,17.182796
Hilbert,TSP-uniform_triangular-n40-g1000-5,6263.748,4711,0.0011784999805968255,0.0005892499902984127,0.0005892499902984127,0.0413044000015361,ok,32.960052,32.960052
Hilbert,TSP-uniform_triangular-n40-g10000-3,60685.566,45668,0.00036890001501888037,0.00018445000750944018,0.00018445000750944018,0.1481066999986069,ok,32.884224,32.884224
Hilbert,TSP-uniform_triangular-n300-g1000-5,16171.078,11922,0.013490799989085644,0.006745399994542822,0.006745399994542822,1.19178720000491,ok,35.640648,35.640648
Hilbert,TSP-uniform_triangular-n40-g10000-2,59385.707,45123,0.002715299982810393,0.0013576499914051965,0.0013576499914051965,0.0662085999938426,ok,31.608507,31.608507
Hilbert,TSP-uniform_triangular-n5-g1000-1,1549.8408,1551,0.0001480000209994614,7.40000104997307e-05,7.40000104997307e-05,0.4574391000060132,ok,-0.07473757,0.07473757
Hilbert,TSP-uniform_triangular-n40-g1000-1,5865.276,4644,0.00037460000021383166,0.00018730000010691583,0.00018730000010691583,0.0533973999990848,ok,26.29793,26.29793
Hilbert,TSP-uniform_triangular-n300-g10000-3,164636.95,116450,0.008810100000118837,0.004405050000059418,0.004405050000059418,2.0110162000055425,ok,41.37995,41.37995
Hilbert,TSP-uniform_triangular-n1000-g10000-2,298333.72,213786,0.0966265999886673,0.04831329999433365,0.04831329999433365,5.789386899996316,ok,39.54783,39.54783
Hilbert,TSP-uniform_triangular-n5-g1000-2,2123.935,2000,0.00017109999316744506,8.554999658372253e-05,8.554999658372253e-05,0.2969521999912103,ok,6.196753,6.196753
Hilbert,TSP-uniform_triangular-n300-g10000-4,164787.61,119905,0.018589000013889745,0.009294500006944872,0.009294500006944872,2.4900805999932345,ok,37.43181,37.43181
Hilbert,TSP-uniform_triangular-n300-g1000-2,16019.025,11692,0.011890099995071068,0.005945049997535534,0.005945049997535534,1.015874100005021,ok,37.00843,37.00843
Hilbert,TSP-uniform_triangular-n400-g1000-4,18908.203,13464,0.014135700010228902,0.007067850005114451,0.007067850005114451,3.791962200004491,ok,40.435257,40.435257
Hilbert,TSP-uniform_triangular-n5-g1000-3,2552.854,2554,0.0001886999816633761,9.434999083168805e-05,9.434999083168805e-05,0.0457380000007106,ok,-0.044870637,0.044870637
Hilbert,TSP-uniform_triangular-n400-g10000-4,195136.12,136495,0.009547699999529868,0.004773849999764934,0.004773849999764934,5.1945746000128565,ok,42.962105,42.962105
Hilbert,TSP-uniform_triangular-n400-g10000-1,182592.7,135634,0.019181699986802414,0.009590849993401207,0.009590849993401207,2.5031051999976626,ok,34.62163,34.62163
Hilbert,TSP-uniform_triangular-n400-g10000-3,189475.84,134843,0.0231457999907434,0.0115728999953717,0.0115728999953717,5.719065299999784,ok,40.515892,40.515892
Hilbert,TSP-uniform_triangular-n5-g10000-2,16086.471,15758,0.0005661000031977892,0.0002830500015988946,0.0002830500015988946,0.1432357999874511,ok,2.0844693,2.0844693
Hilbert,TSP-uniform_triangular-n5-g1000-4,2596.859,2477,0.00014829999417997897,7.414999708998948e-05,7.414999708998948e-05,0.1290967999957502,ok,4.838873,4.838873
Hilbert,TSP-uniform_triangular-n400-g1000-5,18518.375,13871,0.009972200001357123,0.004986100000678562,0.004986100000678562,5.402125900000101,ok,33.504253,33.504253
Hilbert,TSP-uniform_triangular-n5-g1000-5,2838.9875,2419,0.00019069999689236283,9.534999844618142e-05,9.534999844618142e-05,0.0855209000001195,ok,17.362032,17.362032
Hilbert,TSP-uniform_triangular-n5-g10000-5,26795.52,26796,0.00012579999747686088,6.289999873843044e-05,6.289999873843044e-05,0.1563442999904509,ok,-0.0017930615,0.0017930615
Hilbert,TSP-uniform_triangular-n400-g1000-1,18692.404,13705,0.013499699998646975,0.006749849999323487,0.006749849999323487,4.24215569999069,ok,36.39113,36.39113
Hilbert,TSP-uniform_triangular-n5-g10000-4,17705.215,17232,0.0001993000041693449,9.965000208467245e-05,9.965000208467245e-05,0.2638720000104513,ok,2.74614,2.74614
Hilbert,TSP-uniform_triangular-n50-g1000-2,6193.071,4766,0.00039989998913370073,0.00019994999456685036,0.00019994999456685036,0.0953615000034915,ok,29.942736,29.942736
Hilbert,TSP-uniform_triangular-n400-g10000-2,188778.72,133888,0.023540800000773743,0.011770400000386871,0.011770400000386871,2.885844399992493,ok,40.99749,40.99749
Hilbert,TSP-uniform_triangular-n400-g1000-2,19055.273,13742,0.01497320001362823,0.007486600006814115,0.007486600006814115,5.476248799997848,ok,38.664482,38.664482
Hilbert,TSP-uniform_triangular-n400-g1000-3,18992.098,14312,0.027436900010798126,0.013718450005399063,0.013718450005399063,25.691910099994857,ok,32.700516,32.700516
Hilbert,TSP-uniform_triangular-n400-g10000-5,188896.39,137764,0.014954199985368177,0.007477099992684089,0.007477099992684089,3.829834199990728,ok,37.115932,37.115932
Hilbert,TSP-uniform_triangular-n50-g1000-3,6611.295,5124,0.00040129999979399145,0.00020064999989699572,0.00020064999989699572,0.1021602999971946,ok,29.026052,29.026052
Hilbert,TSP-uniform_triangular-n50-g10000-2,60247.71,50370,0.0021465999889187515,0.0010732999944593757,0.0010732999944593757,0.3083958000061102,ok,19.610306,19.610306
Hilbert,TSP-uniform_triangular-n5-g10000-3,18028.773,17033,0.00015390000771731138,7.695000385865569e-05,7.695000385865569e-05,0.1565353999903891,ok,5.8461423,5.8461423
Hilbert,TSP-uniform_triangular-n50-g1000-4,7405.805,5083,0.0003724000125657767,0.00018620000628288835,0.00018620000628288835,0.089208100005635,ok,45.697525,45.697525
Hilbert,TSP-uniform_triangular-n5-g10000-1,21142.191,18755,0.00013119998038746417,6.559999019373208e-05,6.559999019373208e-05,0.2373479000088991,ok,12.728293,12.728293
Hilbert,TSP-uniform_triangular-n50-g10000-1,73992.51,50423,0.0004110000154469162,0.0002055000077234581,0.0002055000077234581,0.1575871000095503,ok,46.743565,46.743565
Hilbert,TSP-uniform_triangular-n50-g10000-3,70809.0,53897,0.0017465999990236014,0.0008732999995118007,0.0008732999995118007,0.1187937000067904,ok,31.37837,31.37837
Hilbert,TSP-uniform_triangular-n50-g1000-5,6956.092,5259,0.00040169997373595834,0.00020084998686797917,0.00020084998686797917,0.0692836999951396,ok,32.270237,32.270237
Hilbert,TSP-uniform_triangular-n50-g10000-5,57562.73,47770,0.0004056000034324825,0.00020280000171624124,0.00020280000171624124,0.1423184000013861,ok,20.49975,20.49975
Hilbert,TSP-uniform_triangular-n500-g10000-5,216945.48,154892,0.013377000024775043,0.0066885000123875216,0.0066885000123875216,3.025432800000999,ok,40.06242,40.06242
Hilbert,TSP-uniform_triangular-n50-g10000-4,69482.664,53406,0.0006284999835770577,0.00031424999178852886,0.00031424999178852886,0.3292180999997072,ok,30.10273,30.10273
Hilbert,TSP-uniform_triangular-n500-g1000-2,21971.213,16061,0.018843900004867464,0.009421950002433732,0.009421950002433732,4.310285699990345,ok,36.79854,36.79854
Hilbert,TSP-uniform_triangular-n500-g10000-2,210533.39,154814,0.008469899999909103,0.0042349499999545515,0.0042349499999545515,2.622363100002985,ok,35.991184,35.991184
Hilbert,TSP-uniform_triangular-n500-g1000-5,20925.062,15196,0.018729600007645786,0.009364800003822893,0.009364800003822893,5.67578869999852,ok,37.701122,37.701122
Hilbert,TSP-uniform_triangular-n60-g1000-1,7219.552,5705,0.00046790001215413213,0.00023395000607706606,0.00023395000607706606,0.2479909000103362,ok,26.547796,26.547796
Hilbert,TSP-uniform_triangular-n60-g10000-1,74682.01,55239,0.00046609999844804406,0.00023304999922402203,0.00023304999922402203,0.1375671999994665,ok,35.197975,35.197975
Hilbert,TSP-uniform_triangular-n500-g1000-3,21250.926,15017,0.012064999988069758,0.006032499994034879,0.006032499994034879,2.912811000001966,ok,41.512455,41.512455
Hilbert,TSP-uniform_triangular-n60-g10000-4,74140.73,54532,0.00047279999125748873,0.00023639999562874436,0.00023639999562874436,0.6207149999972899,ok,35.958202,35.958202
Hilbert,TSP-uniform_triangular-n50-g1000-1,7267.621,5394,0.00037379999412223697,0.00018689999706111848,0.00018689999706111848,0.2162692999991122,ok,34.73528,34.73528
Hilbert,TSP-uniform_triangular-n500-g10000-1,215108.48,155159,0.020920999988447875,0.010460499994223937,0.010460499994223937,4.280106500009424,ok,38.637455,38.637455
Hilbert,TSP-uniform_triangular-n500-g10000-4,212698.44,148726,0.006522800016682595,0.0032614000083412975,0.0032614000083412975,7.273675799995544,ok,43.01362,43.01362
Hilbert,TSP-uniform_triangular-n60-g1000-2,6790.9536,5323,0.0005096000095363706,0.0002548000047681853,0.0002548000047681853,0.1332729999994626,ok,27.57756,27.57756
Hilbert,TSP-uniform_triangular-n500-g1000-4,21100.559,15434,0.028625800012378022,0.014312900006189011,0.014312900006189011,5.538398000004236,ok,36.71478,36.71478
Hilbert,TSP-uniform_triangular-n60-g10000-2,82764.71,61276,0.00046549999387934804,0.00023274999693967402,0.00023274999693967402,0.1302900000009685,ok,35.06872,35.06872
Hilbert,TSP-uniform_triangular-n500-g1000-1,21375.162,15491,0.01656750001711771,0.008283750008558854,0.008283750008558854,5.692511699991883,ok,37.98439,37.98439
Hilbert,TSP-uniform_triangular-n60-g10000-5,72235.305,55930,0.00048099999548867345,0.00024049999774433672,0.00024049999774433672,0.1520259999961126,ok,29.153057,29.153057
Hilbert,TSP-uniform_triangular-n60-g1000-3,7304.7876,5692,0.0004653999931178987,0.00023269999655894935,0.00023269999655894935,0.1238811000075656,ok,28.334288,28.334288
Hilbert,TSP-uniform_triangular-n60-g10000-3,75390.32,52534,0.0005102000141050667,0.00025510000705253333,0.00025510000705253333,0.1117649000079836,ok,43.50767,43.50767
Hilbert,TSP-uniform_triangular-n60-g1000-4,7635.9893,5778,0.00045759999193251133,0.00022879999596625566,0.00022879999596625566,0.0757584000093629,ok,32.15627,32.15627
Hilbert,TSP-uniform_triangular-n70-g1000-2,7782.848,6046,0.0005479000101331621,0.00027395000506658107,0.00027395000506658107,0.1288791999977547,ok,28.727228,28.727228
Hilbert,TSP-uniform_triangular-n500-g10000-3,215839.8,156205,0.02358859998639673,0.011794299993198365,0.011794299993198365,5.235114100010833,ok,38.177265,38.177265
Hilbert,TSP-uniform_triangular-n70-g10000-1,79442.7,58369,0.0005331000138539821,0.00026655000692699105,0.00026655000692699105,0.2100165000010747,ok,36.104275,36.104275
Hilbert,TSP-uniform_triangular-n70-g1000-1,8325.406,5918,0.0005367000121623278,0.0002683500060811639,0.0002683500060811639,0.2860698999866145,ok,40.67939,40.67939
Hilbert,TSP-uniform_triangular-n70-g10000-5,84569.66,60645,0.0005047000013291836,0.0002523500006645918,0.0002523500006645918,0.1735551000019768,ok,39.450336,39.450336
Hilbert,TSP-uniform_triangular-n70-g1000-3,8472.753,6016,0.0005013000045437366,0.0002506500022718683,0.0002506500022718683,6.287103499998921,ok,40.836983,40.836983
Hilbert,TSP-uniform_triangular-n70-g1000-4,8243.651,6283,0.0005289999826345593,0.00026449999131727964,0.00026449999131727964,0.1889865999983158,ok,31.205658,31.205658
Hilbert,TSP-uniform_triangular-n70-g10000-3,84699.76,61930,0.0004971000016666949,0.00024855000083334744,0.00024855000083334744,0.4564440000103786,ok,36.766926,36.766926
Hilbert,TSP-uniform_triangular-n60-g1000-5,7922.252,5689,0.0004613999917637557,0.00023069999588187784,0.00023069999588187784,0.080947800001013,ok,39.255615,39.255615
Hilbert,TSP-uniform_triangular-n70-g10000-4,93544.32,65509,0.000512500002514571,0.0002562500012572855,0.0002562500012572855,0.1868128999922191,ok,42.796135,42.796135
Hilbert,TSP-uniform_triangular-n70-g10000-2,80465.445,58121,0.0005123000009916723,0.00025615000049583614,0.00025615000049583614,0.3270340000017313,ok,38.444702,38.444702
Hilbert,TSP-uniform_triangular-n70-g1000-5,8031.784,5831,0.0004852999991271645,0.00024264999956358224,0.00024264999956358224,0.1705747000087285,ok,37.742825,37.742825
Hilbert,TSP-uniform_triangular-n600-g1000-4,23369.334,17142,0.03178300001309253,0.015891500006546266,0.015891500006546266,3.4802696999977343,ok,36.32793,36.32793
Hilbert,TSP-uniform_triangular-n600-g10000-1,235856.25,168165,0.03357759999926202,0.01678879999963101,0.01678879999963101,5.980743899999652,ok,40.252876,40.252876
Hilbert,TSP-uniform_triangular-n600-g1000-3,23049.105,16736,0.04182289997697808,0.02091144998848904,0.02091144998848904,3.024464399990393,ok,37.72171,37.72171
Hilbert,TSP-uniform_triangular-n600-g10000-2,236974.67,167899,0.04571480001322925,0.022857400006614625,0.022857400006614625,1.981133299996145,ok,41.141205,41.141205
Hilbert,TSP-uniform_triangular-n600-g10000-3,225021.84,167523,0.04096650000428781,0.020483250002143905,0.020483250002143905,7.21799689999898,ok,34.322956,34.322956
Hilbert,TSP-uniform_triangular-n600-g10000-5,232679.88,171914,0.04150870000012219,0.020754350000061095,0.020754350000061095,4.205813799999305,ok,35.34667,35.34667
Hilbert,TSP-uniform_triangular-n8-g1000-1,2936.2935,2634,0.00017770001431927085,8.885000715963542e-05,8.885000715963542e-05,0.0774667000077897,ok,11.476593,11.476593
Hilbert,TSP-uniform_triangular-n700-g1000-2,24894.287,18151,0.04300019997754134,0.02150009998877067,0.02150009998877067,4.003154899997753,ok,37.15105,37.15105
Hilbert,TSP-uniform_triangular-n8-g1000-2,2782.6733,2383,0.0011039999953936785,0.0005519999976968393,0.0005519999976968393,0.0531953000026987,ok,16.771856,16.771856
Hilbert,TSP-uniform_triangular-n600-g1000-2,23124.35,16999,0.05715159999090247,0.028575799995451234,0.028575799995451234,4.447673999995459,ok,36.03359,36.03359
Hilbert,TSP-uniform_triangular-n600-g1000-5,22869.012,16864,0.05250650001107715,0.026253250005538575,0.026253250005538575,7.462122099997941,ok,35.608467,35.608467
Hilbert,TSP-uniform_triangular-n8-g1000-5,2506.737,2469,0.00016840000171214342,8.420000085607171e-05,8.420000085607171e-05,0.2910657000029459,ok,1.528435,1.528435
Hilbert,TSP-uniform_triangular-n700-g1000-3,25626.95,18323,0.0359879000170622,0.0179939500085311,0.0179939500085311,5.669278500005021,ok,39.86219,39.86219
Hilbert,TSP-uniform_triangular-n700-g10000-4,251892.61,181002,0.04304809999302961,0.021524049996514805,0.021524049996514805,6.101531099993736,ok,39.16565,39.16565
Hilbert,TSP-uniform_triangular-n600-g10000-4,237059.34,168054,0.06745959998806939,0.03372979999403469,0.03372979999403469,6.6689427999954205,ok,41.06141,41.06141
Hilbert,TSP-uniform_triangular-n80-g1000-2,8344.197,6256,0.0005716999876312912,0.0002858499938156456,0.0002858499938156456,0.3798210000095423,ok,33.379112,33.379112
Hilbert,TSP-uniform_triangular-n700-g1000-4,24525.332,17884,0.03669239999726415,0.018346199998632073,0.018346199998632073,9.668563100000028,ok,37.13561,37.13561
Hilbert,TSP-uniform_triangular-n8-g10000-3,24456.297,24132,0.00019069999689236283,9.534999844618142e-05,9.534999844618142e-05,0.5603211999987252,ok,1.3438458,1.3438458
Hilbert,TSP-uniform_triangular-n600-g1000-1,23521.672,17091,0.07084100000793114,0.03542050000396557,0.03542050000396557,7.305737999995472,ok,37.626072,37.626072
Hilbert,TSP-uniform_triangular-n8-g10000-4,29479.205,27073,0.0001601999974809587,8.009999874047935e-05,8.009999874047935e-05,0.4745131000090623,ok,8.887841,8.887841
Hilbert,TSP-uniform_triangular-n8-g1000-4,2701.5325,2204,0.00837979998323135,0.004189899991615675,0.004189899991615675,0.1648885000031441,ok,22.574068,22.574068
Hilbert,TSP-uniform_triangular-n8-g10000-1,25837.27,25581,0.0001592000189702958,7.96000094851479e-05,7.96000094851479e-05,0.2791293000045698,ok,1.0017964,1.0017964
Hilbert,TSP-uniform_triangular-n700-g10000-2,253313.44,182013,0.03822279997984879,0.019111399989924394,0.019111399989924394,6.582748999993783,ok,39.173267,39.173267
Hilbert,TSP-uniform_triangular-n80-g10000-4,84401.91,60580,0.0005827999848406762,0.0002913999924203381,0.0002913999924203381,0.1635413000039989,ok,39.32305,39.32305
Hilbert,TSP-uniform_triangular-n700-g1000-1,24859.676,18184,0.024715399980777875,0.012357699990388937,0.012357699990388937,5.489431999987573,ok,36.71181,36.71181
Hilbert,TSP-uniform_triangular-n80-g10000-1,97972.53,71653,0.0005901999829802662,0.0002950999914901331,0.0002950999914901331,0.1281788000051165,ok,36.73193,36.73193
Hilbert,TSP-uniform_triangular-n80-g1000-1,8424.007,6207,0.0005702999769710004,0.0002851499884855002,0.0002851499884855002,0.2840399000124307,ok,35.71785,35.71785
Hilbert,TSP-uniform_triangular-n8-g10000-5,27839.244,24747,0.00016830000095069408,8.415000047534704e-05,8.415000047534704e-05,0.4846646999940276,ok,12.495431,12.495431
Hilbert,TSP-uniform_triangular-n80-g10000-3,84766.836,59691,0.0005819000070914626,0.0002909500035457313,0.0002909500035457313,0.4073850999993738,ok,42.009407,42.009407
Hilbert,TSP-uniform_triangular-n80-g1000-3,8471.562,6364,0.0005987999902572483,0.00029939999512862414,0.00029939999512862414,0.3362752999964868,ok,33.116932,33.116932
Hilbert,TSP-uniform_triangular-n8-g1000-3,2427.9143,2134,0.00013699999544769526,6.849999772384763e-05,6.849999772384763e-05,0.2708143000054406,ok,13.772928,13.772928
Hilbert,TSP-uniform_triangular-n8-g10000-2,26848.852,23059,0.00017899999511428177,8.949999755714089e-05,8.949999755714089e-05,0.3606429000064963,ok,16.435455,16.435455
Hilbert,TSP-uniform_triangular-n80-g1000-4,8231.703,6371,0.0006053000106476247,0.00030265000532381237,0.00030265000532381237,0.8551331000053324,ok,29.205826,29.205826
Hilbert,TSP-uniform_triangular-n700-g10000-5,248239.38,177837,0.039577499992446974,0.019788749996223487,0.019788749996223487,3.367106400008197,ok,39.588146,39.588146
Hilbert,TSP-uniform_triangular-n80-g1000-5,8955.074,6905,0.0005828999856021255,0.00029144999280106276,0.00029144999280106276,0.1714569000032497,ok,29.689705,29.689705
Hilbert,TSP-uniform_triangular-n90-g1000-4,8704.711,6651,0.0006541000038851053,0.0003270500019425526,0.0003270500019425526,0.6170681999938097,ok,30.878227,30.878227
Hilbert,TSP-uniform_triangular-n90-g1000-2,9235.752,6475,0.0007004000071901828,0.0003502000035950914,0.0003502000035950914,0.1847234000015305,ok,42.637096,42.637096
Hilbert,TSP-uniform_triangular-n80-g10000-2,80445.055,60470,0.0005629000079352409,0.00028145000396762043,0.00028145000396762043,0.5580118999932893,ok,33.032997,33.032997
Hilbert,TSP-uniform_triangular-n700-g10000-3,249083.06,180331,0.035793099988950416,0.017896549994475208,0.017896549994475208,6.642513899991172,ok,38.12548,38.12548
Hilbert,TSP-uniform_triangular-n700-g1000-5,25201.215,18345,0.06308870000066236,0.03154435000033118,0.03154435000033118,138.67181749999872,ok,37.373753,37.373753
Hilbert,TSP-uniform_triangular-n80-g10000-5,82733.766,61542,0.0005766000249423087,0.00028830001247115433,0.00028830001247115433,0.1058712999947601,ok,34.43464,34.43464
Hilbert,TSP-uniform_triangular-n90-g10000-1,80454.92,58861,0.0005993999948259443,0.00029969999741297215,0.00029969999741297215,0.1160462999978335,ok,36.6863,36.6863
Hilbert,TSP-uniform_triangular-n90-g1000-1,9431.354,6943,0.0006272000027820468,0.0003136000013910234,0.0003136000013910234,0.2491847000055713,ok,35.839745,35.839745
Hilbert,TSP-uniform_triangular-n700-g10000-1,238042.67,176040,0.07144579998566769,0.035722899992833845,0.035722899992833845,9.548518799987503,ok,35.220787,35.220787
Hilbert,TSP-uniform_triangular-n800-g1000-1,27559.988,19768,0.021327399997971952,0.010663699998985976,0.010663699998985976,11.530591999995522,ok,39.41718,39.41718
Hilbert,TSP-uniform_triangular-n90-g10000-3,92418.95,68097,0.0006552999839186668,0.0003276499919593334,0.0003276499919593334,0.8171608000120614,ok,35.71663,35.71663
Hilbert,TSP-uniform_triangular-n90-g10000-5,92335.92,69270,0.0006656999757979065,0.00033284998789895326,0.00033284998789895326,0.621979100003955,ok,33.298573,33.298573
Hilbert,TSP-uniform_triangular-n800-g1000-3,26991.6,19373,0.03069610000238754,0.01534805000119377,0.01534805000119377,4.906467000007979,ok,39.325863,39.325863
Hilbert,TSP-uniform_triangular-n90-g1000-5,8745.682,6706,0.0006559999892488122,0.0003279999946244061,0.0003279999946244061,0.1594521000079112,ok,30.41577,30.41577
Hilbert,TSP-uniform_triangular-n90-g1000-3,9691.566,7056,0.000613799988059327,0.0003068999940296635,0.0003068999940296635,0.2774613999936264,ok,37.352135,37.352135
Hilbert,TSP-uniform_triangular-n800-g10000-4,261824.27,189302,0.03038189999642782,0.01519094999821391,0.01519094999821391,10.015357299998868,ok,38.310356,38.310356
Hilbert,TSP-uniform_triangular-n800-g1000-2,26535.434,19286,0.04099410001072101,0.020497050005360506,0.020497050005360506,6.982036899993545,ok,37.5891,37.5891
Hilbert,TSP-uniform_triangular-n90-g10000-4,88744.55,66666,0.0006424000021070242,0.0003212000010535121,0.0003212000010535121,0.4631786000099964,ok,33.118153,33.118153
Hilbert,TSP-uniform_triangular-n900-g1000-2,28654.875,20243,0.029682099993806332,0.014841049996903166,0.014841049996903166,9.895417499996256,ok,41.554485,41.554485
Hilbert,TSP-uniform_triangular-n800-g10000-2,265417.7,193723,0.047650799999246374,0.023825399999623187,0.023825399999623187,9.740613000001758,ok,37.008865,37.008865
Hilbert,TSP-uniform_triangular-n800-g10000-5,267179.5,192954,0.06286149998777546,0.03143074999388773,0.03143074999388773,7.735573900019517,ok,38.467976,38.467976
Hilbert,TSP-uniform_triangular-n800-g10000-3,268247.62,190844,0.05478279999806546,0.02739139999903273,0.02739139999903273,266.0861375999957,ok,40.558586,40.558586
Hilbert,TSP-uniform_triangular-n800-g1000-4,26811.68,19568,0.07044489998952486,0.03522244999476243,0.03522244999476243,9.366235900000902,ok,37.017986,37.017986
Hilbert,TSP-x_central-n10-g1000-1,3264.0586,2584,0.00020039998344145715,0.00010019999172072858,0.00010019999172072858,0.0490681999945081,ok,26.318058,26.318058
Hilbert,TSP-x_central-n10-g1000-3,2583.3103,2226,0.00019049999536946416,9.524999768473208e-05,9.524999768473208e-05,0.0808308999985456,ok,16.051676,16.051676
Hilbert,TSP-uniform_triangular-n800-g10000-1,262097.4,188238,0.07972259999951348,0.03986129999975674,0.03986129999975674,6.105051599995932,ok,39.237247,39.237247
Hilbert,TSP-x_central-n10-g10000-1,28564.363,24763,0.00017510002362541854,8.755001181270927e-05,8.755001181270927e-05,0.0418245000037131,ok,15.350981,15.350981
Hilbert,TSP-uniform_triangular-n90-g10000-2,95324.92,70791,0.012539699993794784,0.006269849996897392,0.006269849996897392,2.124446200003149,ok,34.656837,34.656837
Hilbert,TSP-x_central-n10-g1000-5,3361.218,3056,0.00016560000949539244,8.280000474769622e-05,8.280000474769622e-05,0.0849168999993708,ok,9.9875,9.9875
Hilbert,TSP-uniform_triangular-n900-g1000-5,28327.668,20530,0.03996610001195222,0.01998305000597611,0.01998305000597611,54.39791149999655,ok,37.98182,37.98182
Hilbert,TSP-x_central-n100-g1000-2,9283.661,6490,0.000661700003547594,0.000330850001773797,0.000330850001773797,0.4620758999953978,ok,43.045624,43.045624
Hilbert,TSP-x_central-n10-g10000-2,29710.066,25768,0.00018020000425167382,9.010000212583691e-05,9.010000212583691e-05,0.0381380999897373,ok,15.298303,15.298303
Hilbert,TSP-uniform_triangular-n900-g10000-3,275036.16,200020,0.03498540000873618,0.01749270000436809,0.01749270000436809,10.554437599988889,ok,37.504326,37.504326
Hilbert,TSP-x_central-n10-g1000-2,3169.9604,2866,0.00017820001812651753,8.910000906325877e-05,8.910000906325877e-05,0.0647675999935017,ok,10.605738,10.605738
Hilbert,TSP-x_central-n10-g1000-4,3556.7502,2785,0.0001839999749790877,9.199998748954386e-05,9.199998748954386e-05,0.0424486999982036,ok,27.710958,27.710958
Hilbert,TSP-uniform_triangular-n900-g1000-3,28401.932,20533,0.03736280000885017,0.018681400004425086,0.018681400004425086,228.70328859999427,ok,38.32334,38.32334
Hilbert,TSP-x_central-n100-g1000-4,9303.057,6580,0.0007026999955996871,0.00035134999779984355,0.00035134999779984355,0.3278513999975985,ok,41.38384,41.38384
Hilbert,TSP-x_central-n10-g10000-4,28324.37,25324,0.00018400000408291817,9.200000204145908e-05,9.200000204145908e-05,0.0395304999983636,ok,11.847927,11.847927
Hilbert,TSP-x_central-n100-g1000-1,9268.825,6810,0.0006745999853592366,0.0003372999926796183,0.0003372999926796183,0.2373020000086398,ok,36.1061,36.1061
Hilbert,TSP-uniform_triangular-n900-g10000-1,279365.6,203686,0.04385260000708513,0.021926300003542565,0.021926300003542565,4.311926099995617,ok,37.15503,37.15503
Hilbert,TSP-uniform_triangular-n900-g10000-4,283068.4,208033,0.05688150000059977,0.028440750000299886,0.028440750000299886,20.23329139998532,ok,36.068993,36.068993
Hilbert,TSP-x_central-n10-g10000-3,33899.53,29981,0.000677700008964166,0.000338850004482083,0.000338850004482083,0.0451721999997971,ok,13.070048,13.070048
Hilbert,TSP-x_central-n100-g1000-3,10376.931,6900,0.0007261999999172986,0.0003630999999586493,0.0003630999999586493,0.2791837999975541,ok,50.390297,50.390297
Hilbert,TSP-x_central-n10-g10000-5,30362.777,27001,0.007812199997715652,0.003906099998857826,0.003906099998857826,0.0374592000007396,ok,12.450566,12.450566
Hilbert,TSP-uniform_triangular-n900-g1000-4,28543.848,20728,0.03163039998617023,0.015815199993085116,0.015815199993085116,7.775877199994284,ok,37.706715,37.706715
Hilbert,TSP-uniform_triangular-n900-g1000-1,27585.465,20378,0.06498529997770675,0.03249264998885337,0.03249264998885337,8.067698500002734,ok,35.368855,35.368855
Hilbert,TSP-x_central-n100-g10000-5,91252.234,67007,0.0007069999992381781,0.00035349999961908907,0.00035349999961908907,0.1379340999992564,ok,36.183136,36.183136
Hilbert,TSP-x_central-n100-g1000-5,10019.907,6703,0.0007027999963611364,0.0003513999981805682,0.0003513999981805682,0.255693599989172,ok,49.48392,49.48392
Hilbert,TSP-uniform_triangular-n900-g10000-5,288459.2,206129,0.06476979999570176,0.03238489999785088,0.03238489999785088,21.222674599994207,ok,39.9411,39.9411
Hilbert,TSP-uniform_triangular-n900-g10000-2,276954.8,205376,0.06572309997864068,0.03286154998932034,0.03286154998932034,11.75389239998185,ok,34.85257,34.85257
Hilbert,TSP-x_central-n100-g10000-3,99240.516,69079,0.0006924000044818968,0.0003462000022409484,0.0003462000022409484,0.8462066999927629,ok,43.66235,43.66235
Hilbert,TSP-x_central-n100-g10000-4,91686.45,68331,0.0018297999922651798,0.0009148999961325899,0.0009148999961325899,0.2717040999996243,ok,34.17988,34.17988
Hilbert,TSP-x_central-n100-g10000-2,87941.875,64732,0.0007188000017777085,0.00035940000088885427,0.00035940000088885427,0.9099490999942644,ok,35.855335,35.855335
Hilbert,TSP-uniform_triangular-n800-g1000-5,26227.783,18981,0.08453360002022237,0.04226680001011118,0.04226680001011118,12.430766299992683,ok,38.179146,38.179146
Hilbert,TSP-x_central-n100-g10000-1,89975.65,69189,0.0006684000254608691,0.00033420001273043454,0.00033420001273043454,1.7534918000019388,ok,30.043285,30.043285
Hilbert,TSP-x_central-n20-g1000-1,4661.508,3805,0.0002454000059515238,0.0001227000029757619,0.0001227000029757619,0.1573733999975957,ok,22.510061,22.510061
Hilbert,TSP-x_central-n20-g1000-3,4921.9897,3474,0.00024399999529123306,0.00012199999764561653,0.00012199999764561653,0.1528917999967234,ok,41.680763,41.680763
Hilbert,TSP-x_central-n20-g10000-1,42193.5,34795,0.0002486000012140721,0.00012430000060703605,0.00012430000060703605,0.0429126999952131,ok,21.263113,21.263113
Hilbert,TSP-x_central-n20-g1000-5,3765.262,2980,0.0002578000130597502,0.0001289000065298751,0.0001289000065298751,0.1534991000080481,ok,26.351074,26.351074
Hilbert,TSP-x_central-n20-g10000-5,38378.348,33005,0.0002148000057786703,0.00010740000288933516,0.00010740000288933516,0.0433873000001767,ok,16.280405,16.280405
Hilbert,TSP-x_central-n20-g10000-2,44978.754,36505,0.007341499993344769,0.0036707499966723844,0.0036707499966723844,0.046712600000319,ok,23.212585,23.212585
Hilbert,TSP-x_central-n20-g1000-2,4366.62,3445,0.015474700019694865,0.007737350009847432,0.007737350009847432,0.1566205999988597,ok,26.752398,26.752398
Hilbert,TSP-x_central-n20-g1000-4,4184.084,3496,0.025719800003571436,0.012859900001785718,0.012859900001785718,0.1498136000009253,ok,19.682035,19.682035
Hilbert,TSP-x_central-n20-g10000-4,48708.15,34516,0.0002633000258356333,0.00013165001291781664,0.00013165001291781664,0.0431322999938856,ok,41.11759,41.11759
Hilbert,TSP-x_central-n1000-g10000-5,271861.12,202450,0.029502499994123355,0.014751249997061677,0.014751249997061677,11.06599180001649,ok,34.285564,34.285564
Hilbert,TSP-x_central-n200-g1000-2,12802.005,9044,0.0012520999880507588,0.0006260499940253794,0.0006260499940253794,0.9782071000081488,ok,41.552464,41.552464
Hilbert,TSP-x_central-n200-g1000-4,12944.948,9379,0.0012280000082682818,0.0006140000041341409,0.0006140000041341409,1.0917949000140652,ok,38.02056,38.02056
Hilbert,TSP-x_central-n200-g1000-1,13357.779,9948,0.0012691000010818243,0.0006345500005409122,0.0006345500005409122,2.292908699993859,ok,34.276028,34.276028
Hilbert,TSP-x_central-n1000-g1000-1,27772.121,20232,0.04923239999334328,0.02461619999667164,0.02461619999667164,18.986079299997076,ok,37.26829,37.26829
Hilbert,TSP-x_central-n1000-g1000-2,27932.988,20370,0.060309499996947125,0.030154749998473562,0.030154749998473562,9.94561579999572,ok,37.128075,37.128075
Hilbert,TSP-x_central-n200-g10000-5,128663.83,95591,0.008398500009207055,0.0041992500046035275,0.0041992500046035275,3.163755500005209,ok,34.598267,34.598267
Hilbert,TSP-x_central-n1000-g1000-3,29189.053,20853,0.05500749999191612,0.02750374999595806,0.02750374999595806,11.459918099993956,ok,39.975315,39.975315
Hilbert,TSP-x_central-n20-g10000-3,39179.72,30141,0.00023700000019744039,0.00011850000009872019,0.00011850000009872019,0.0960930000001099,ok,29.98812,29.98812
Hilbert,TSP-x_central-n30-g1000-3,4929.2046,4075,0.0003009999927598983,0.00015049999637994915,0.00015049999637994915,0.1119490999990375,ok,20.962076,20.962076
Hilbert,TSP-x_central-n200-g1000-5,12312.871,8834,0.008168900007149205,0.004084450003574602,0.004084450003574602,1.652476099989144,ok,39.380474,39.380474
Hilbert,TSP-x_central-n30-g1000-2,5619.3438,4135,0.0003724000125657767,0.00018620000628288835,0.00018620000628288835,0.0892628000001423,ok,35.897068,35.897068
Hilbert,TSP-x_central-n1000-g10000-3,290738.88,204355,0.06304239999735728,0.03152119999867864,0.03152119999867864,6.575648700003512,ok,42.271477,42.271477
Hilbert,TSP-x_central-n200-g10000-2,117781.52,86972,0.0012950999953318387,0.0006475499976659194,0.0006475499976659194,0.5911682000005385,ok,35.42465,35.42465
Hilbert,TSP-x_central-n30-g10000-1,45959.8,33895,0.00029490000451914966,0.00014745000225957483,0.00014745000225957483,0.041297099989606,ok,35.594635,35.594635
Hilbert,TSP-x_central-n30-g1000-4,5574.6514,4113,0.00033599999733269215,0.00016799999866634607,0.00016799999866634607,0.0412842000077944,ok,35.537354,35.537354
Hilbert,TSP-x_central-n200-g10000-3,130202.36,93922,0.0012323999835643917,0.0006161999917821959,0.0006161999917821959,1.203036999999313,ok,38.628178,38.628178
Hilbert,TSP-x_central-n30-g10000-3,55085.184,39394,0.00030789998709224164,0.00015394999354612082,0.00015394999354612082,0.1124049000063678,ok,39.831406,39.831406
Hilbert,TSP-x_central-n30-g1000-1,5702.8247,4052,0.000304899993352592,0.000152449996676296,0.000152449996676296,0.0593737000017426,ok,40.740986,40.740986
Hilbert,TSP-x_central-n1000-g10000-4,283871.12,205450,0.06841449998319149,0.034207249991595745,0.034207249991595745,6.164587799998117,ok,38.170418,38.170418
Hilbert,TSP-x_central-n200-g10000-1,138225.23,97936,0.0012515999842435122,0.0006257999921217561,0.0006257999921217561,2.209428999994998,ok,41.13833,41.13833
Hilbert,TSP-x_central-n30-g10000-5,49325.273,38927,0.0002871000033337623,0.00014355000166688114,0.00014355000166688114,0.0800747999892337,ok,26.712238,26.712238
Hilbert,TSP-x_central-n200-g1000-3,12998.511,9515,0.0012923000031150877,0.0006461500015575439,0.0006461500015575439,4.194533799993224,ok,36.61073,36.61073
Hilbert,TSP-x_central-n200-g10000-4,118346.85,88932,0.00411290000192821,0.002056450000964105,0.002056450000964105,0.9584848999948008,ok,33.07567,33.07567
Hilbert,TSP-x_central-n30-g10000-4,50401.31,43091,0.00035539999953471124,0.00017769999976735562,0.00017769999976735562,0.1527828000107547,ok,16.964815,16.964815
Hilbert,TSP-x_central-n300-g1000-2,15413.742,11186,0.003173300006892532,0.001586650003446266,0.001586650003446266,2.1282528000010643,ok,37.79494,37.79494
Hilbert,TSP-x_central-n1000-g1000-4,28703.117,20537,0.08875920000718907,0.04437960000359453,0.04437960000359453,13.117404799995713,ok,39.76295,39.76295
Hilbert,TSP-x_central-n30-g10000-2,53469.062,41479,0.008029399992665276,0.004014699996332638,0.004014699996332638,0.0439467000105651,ok,28.906345,28.906345
Hilbert,TSP-x_central-n1000-g10000-2,280745.94,204313,0.07871319999685511,0.039356599998427555,0.039356599998427555,12.821099799999502,ok,37.40973,37.40973
Hilbert,TSP-x_central-n1000-g10000-1,281611.5,204166,0.09363950000260957,0.04681975000130478,0.04681975000130478,16.461308400001144,ok,37.932613,37.932613
Hilbert,TSP-x_central-n40-g1000-1,5715.425,4717,0.00033999999868683517,0.00016999999934341758,0.00016999999934341758,0.0508948999922722,ok,21.166521,21.166521
Hilbert,TSP-x_central-n300-g1000-1,16080.305,11206,0.004506199999013916,0.002253099999506958,0.002253099999506958,1.9687450000055835,ok,43.497276,43.497276
Hilbert,TSP-x_central-n30-g1000-5,4486.9165,3999,0.0002935000229626894,0.0001467500114813447,0.0001467500114813447,0.0853732000105083,ok,12.200963,12.200963
Hilbert,TSP-x_central-n300-g1000-5,16037.218,11492,0.009121699986280873,0.004560849993140437,0.004560849993140437,4.994395500005339,ok,39.551147,39.551147
Hilbert,TSP-x_central-n40-g1000-5,7056.359,4705,0.0003372000064700842,0.0001686000032350421,0.0001686000032350421,0.0575421999965328,ok,49.975746,49.975746
Hilbert,TSP-x_central-n40-g1000-3,6204.232,4447,0.0003473999968264252,0.0001736999984132126,0.0001736999984132126,0.0689255000033881,ok,39.515,39.515
Hilbert,TSP-x_central-n40-g1000-2,6114.6265,4499,0.00032210000790655613,0.00016105000395327806,0.00016105000395327806,0.0891752000025007,ok,35.91079,35.91079
Hilbert,TSP-x_central-n40-g10000-3,66098.8,48733,0.00035009998828172684,0.00017504999414086342,0.00017504999414086342,0.0752137000090442,ok,35.634575,35.634575
Hilbert,TSP-x_central-n300-g10000-5,153523.83,111197,0.010894900013227016,0.005447450006613508,0.005447450006613508,2.855729300004896,ok,38.06472,38.06472
Hilbert,TSP-x_central-n1000-g1000-5,28359.01,20631,0.08886090002488345,0.044430450012441725,0.044430450012441725,34.49818020001112,ok,37.45824,37.45824
Hilbert,TSP-x_central-n300-g10000-3,147322.03,109706,0.008832399995299056,0.004416199997649528,0.004416199997649528,5.164604899997357,ok,34.288033,34.288033
Hilbert,TSP-x_central-n40-g10000-5,58335.453,45193,0.00034989998675882816,0.00017494999337941408,0.00017494999337941408,0.3325806000066222,ok,29.080729,29.080729
Hilbert,TSP-x_central-n300-g10000-2,152896.12,116819,0.019329400005517527,0.009664700002758764,0.009664700002758764,4.107512700007646,ok,30.882925,30.882925
Hilbert,TSP-x_central-n300-g1000-3,15889.937,11509,0.018385800009127706,0.009192900004563853,0.009192900004563853,3.657017799996538,ok,38.06531,38.06531
Hilbert,TSP-x_central-n40-g10000-4,54036.43,40391,0.00034059997415170074,0.00017029998707585037,0.00017029998707585037,0.1555478000082075,ok,33.783344,33.783344
Hilbert,TSP-x_central-n40-g1000-4,5868.8335,4375,0.00036650002584792674,0.00018325001292396337,0.00018325001292396337,0.0459506000042893,ok,34.144764,34.144764
Hilbert,TSP-x_central-n300-g1000-4,15843.711,11792,0.01840279999305494,0.00920139999652747,0.00920139999652747,3.291563699996914,ok,34.35983,34.35983
Hilbert,TSP-x_central-n40-g10000-1,60813.57,46078,0.0003454000107012689,0.00017270000535063446,0.00017270000535063446,0.0623686000035377,ok,31.979624,31.979624
Hilbert,TSP-x_central-n5-g1000-5,2002.6614,1998,0.00015669999993406236,7.834999996703118e-05,7.834999996703118e-05,0.3705061999935424,ok,0.23330215,0.23330215
Hilbert,TSP-x_central-n400-g1000-4,17728.434,12831,0.02438859999529086,0.01219429999764543,0.01219429999764543,3.1404117999918526,ok,38.168762,38.168762
Hilbert,TSP-x_central-n400-g1000-1,18110.504,12623,0.017733899992890656,0.008866949996445328,0.008866949996445328,3.048734199997853,ok,43.472263,43.472263
Hilbert,TSP-x_central-n400-g1000-2,18352.09,12598,0.010320700006559491,0.005160350003279746,0.005160350003279746,7.321551200002432,ok,45.67463,45.67463
Hilbert,TSP-x_central-n40-g10000-2,57749.28,44257,0.00037029999657534063,0.00018514999828767031,0.00018514999828767031,0.2263251000113086,ok,30.486208,30.486208
Hilbert,TSP-x_central-n5-g10000-2,20381.41,19552,0.0001351000100839883,6.755000504199415e-05,6.755000504199415e-05,0.0519578999956138,ok,4.2420735,4.2420735
Hilbert,TSP-x_central-n300-g10000-4,159261.56,116500,0.023202300013508648,0.011601150006754324,0.011601150006754324,1.442820299998857,ok,36.705204,36.705204
Hilbert,TSP-x_central-n5-g10000-1,22620.27,22620,0.0001264000020455569,6.320000102277845e-05,6.320000102277845e-05,0.1284242999972775,ok,0.0011915617,0.0011915617
Hilbert,TSP-x_central-n400-g1000-3,18197.102,13270,0.013846499990904704,0.006923249995452352,0.006923249995452352,2.120039100002032,ok,37.129627,37.129627
Hilbert,TSP-x_central-n400-g1000-5,18823.807,13328,0.014751999988220632,0.007375999994110316,0.007375999994110316,2.6642310000024736,ok,41.235046,41.235046
Hilbert,TSP-x_central-n300-g10000-1,159696.62,116585,0.016467599984025583,0.008233799992012791,0.008233799992012791,12.376237200005562,ok,36.978706,36.978706
Hilbert,TSP-x_central-n5-g10000-5,27690.744,27691,0.0001501999795436859,7.509998977184296e-05,7.509998977184296e-05,0.0515757000102894,ok,-0.0009239802,0.0009239802
Hilbert,TSP-x_central-n50-g10000-1,60991.26,46191,0.0004096000047866255,0.00020480000239331275,0.00020480000239331275,0.1197603000036906,ok,32.04144,32.04144
Hilbert,TSP-x_central-n5-g1000-3,2890.2212,2433,0.00014439999358728528,7.219999679364264e-05,7.219999679364264e-05,0.0770593999914126,ok,18.792486,18.792486
Hilbert,TSP-x_central-n5-g1000-4,2019.8427,1997,0.00014220000593923032,7.110000296961516e-05,7.110000296961516e-05,0.5113809000031324,ok,1.1438483,1.1438483
Hilbert,TSP-x_central-n400-g10000-2,176451.38,129522,0.009582800004864112,0.004791400002432056,0.004791400002432056,3.0588235000032,ok,36.232746,36.232746
Hilbert,TSP-x_central-n5-g10000-4,28753.287,25453,0.0001357999863103032,6.78999931551516e-05,6.78999931551516e-05,0.0501194999960716,ok,12.966201,12.966201
Hilbert,TSP-x_central-n5-g1000-1,3532.3176,3194,0.007253200019476935,0.0036266000097384676,0.0036266000097384676,0.0401031999936094,ok,10.592286,10.592286
Hilbert,TSP-x_central-n50-g10000-3,68033.6,50320,0.0003921000170521438,0.0001960500085260719,0.0001960500085260719,0.1709599000023445,ok,35.201912,35.201912
Hilbert,TSP-x_central-n5-g1000-2,1776.053,1771,0.00014720001490786672,7.360000745393336e-05,7.360000745393336e-05,0.0939552999916486,ok,0.2853178,0.2853178
Hilbert,TSP-x_central-n400-g10000-3,184154.72,133125,0.016647800017381087,0.008323900008690543,0.008323900008690543,4.547308100009104,ok,38.332184,38.332184
Hilbert,TSP-x_central-n50-g1000-2,5945.867,4461,0.0003974999999627471,0.00019874999998137355,0.00019874999998137355,0.1209126000030664,ok,33.285522,33.285522
Hilbert,TSP-x_central-n50-g10000-4,58933.9,48752,0.00036899998667649925,0.00018449999333824962,0.00018449999333824962,0.6622628000041004,ok,20.88509,20.88509
Hilbert,TSP-x_central-n5-g10000-3,28294.215,24690,0.00012760001118294895,6.380000559147447e-05,6.380000559147447e-05,0.0399177000072086,ok,14.597874,14.597874
Hilbert,TSP-x_central-n50-g10000-5,68513.31,51491,0.0015385000151582062,0.0007692500075791031,0.0007692500075791031,0.0657400000054622,ok,33.05881,33.05881
Hilbert,TSP-x_central-n400-g10000-1,178132.81,130233,0.031065499992109835,0.015532749996054918,0.015532749996054918,2.769838099993649,ok,36.78009,36.78009
Hilbert,TSP-x_central-n50-g10000-2,71423.37,47735,0.0004084999964106828,0.0002042499982053414,0.0002042499982053414,0.0490949999948497,ok,49.624737,49.624737
Hilbert,TSP-x_central-n50-g1000-5,6933.63,5200,0.00037120000342838466,0.00018560000171419233,0.00018560000171419233,0.2438063000008696,ok,33.339035,33.339035
Hilbert,TSP-x_central-n60-g1000-1,7183.8716,5527,0.00043230000301264226,0.00021615000150632113,0.00021615000150632113,0.078039500003797,ok,29.977776,29.977776
Hilbert,TSP-x_central-n50-g1000-4,6593.9336,4697,0.00039030000334605575,0.00019515000167302787,0.00019515000167302787,0.0867753999918932,ok,40.38607,40.38607
Hilbert,TSP-x_central-n400-g10000-4,180592.94,130012,0.017019700026139617,0.008509850013069808,0.008509850013069808,2.988038700001198,ok,38.904823,38.904823
Hilbert,TSP-x_central-n500-g1000-1,20559.8,14835,0.009675099980086088,0.004837549990043044,0.004837549990043044,34.36202130001038,ok,38.589825,38.589825
Hilbert,TSP-x_central-n60-g1000-2,6877.7236,5063,0.0004950000147800893,0.00024750000739004463,0.00024750000739004463,0.1104258999985177,ok,35.842854,35.842854
Hilbert,TSP-x_central-n60-g1000-3,6974.2524,5476,0.0004988000146113336,0.0002494000073056668,0.0002494000073056668,0.1074394000024767,ok,27.360344,27.360344
Hilbert,TSP-x_central-n60-g1000-4,7476.123,5403,0.0004563999827951193,0.00022819999139755964,0.00022819999139755964,0.1619697999994969,ok,38.369854,38.369854
Hilbert,TSP-x_central-n60-g10000-1,71736.87,56573,0.00044440000783652067,0.00022220000391826034,0.00022220000391826034,0.0961377000057837,ok,26.804071,26.804071
Hilbert,TSP-x_central-n50-g1000-1,6992.404,5215,0.00041119998786598444,0.00020559999393299222,0.00020559999393299222,0.1098392999992938,ok,34.082527,34.082527
Hilbert,TSP-x_central-n60-g10000-3,66596.34,52806,0.0005062999844085425,0.00025314999220427126,0.00025314999220427126,0.3188615999970352,ok,26.115108,26.115108
Hilbert,TSP-x_central-n500-g10000-1,197728.69,142131,0.02025970001704991,0.010129850008524954,0.010129850008524954,3.234888899998623,ok,39.117214,39.117214
Hilbert,TSP-x_central-n60-g10000-4,72195.2,53840,0.00048660000902600586,0.00024330000451300293,0.00024330000451300293,0.4820251000055577,ok,34.092133,34.092133
Hilbert,TSP-x_central-n60-g10000-2,73749.94,55329,0.0004844999930355698,0.0002422499965177849,0.0002422499965177849,0.3702412999991793,ok,33.293457,33.293457
Hilbert,TSP-x_central-n500-g1000-4,20950.674,14718,0.023497799993492663,0.011748899996746331,0.011748899996746331,3.219191600001068,ok,42.34729,42.34729
Hilbert,TSP-x_central-n50-g1000-3,6832.53,4968,0.021974799979943782,0.010987399989971891,0.010987399989971891,0.0798635999963153,ok,37.530792,37.530792
Hilbert,TSP-x_central-n500-g10000-3,196776.42,143981,0.023376400000415742,0.011688200000207871,0.011688200000207871,4.404377200000454,ok,36.668324,36.668324
Hilbert,TSP-x_central-n500-g10000-4,198910.33,141453,0.01386039998033084,0.00693019999016542,0.00693019999016542,4.812480699998559,ok,40.619377,40.619377
Hilbert,TSP-x_central-n400-g10000-5,174341.66,127578,0.03271190001396462,0.01635595000698231,0.01635595000698231,7.263961300006485,ok,36.654953,36.654953
Hilbert,TSP-x_central-n60-g1000-5,6071.0737,4956,0.0005215999844949692,0.0002607999922474846,0.0002607999922474846,0.359595600006287,ok,22.49947,22.49947
Hilbert,TSP-x_central-n500-g1000-3,19881.96,14482,0.03557059998274781,0.017785299991373904,0.017785299991373904,6.805361599996104,ok,37.2874,37.2874
Hilbert,TSP-x_central-n500-g1000-5,20433.86,14627,0.029816399997798726,0.014908199998899363,0.014908199998899363,4.044636899998295,ok,39.699593,39.699593
Hilbert,TSP-x_central-n70-g1000-1,7773.7646,5971,0.0005738000036217272,0.0002869000018108636,0.0002869000018108636,0.1481415000016568,ok,30.192005,30.192005
Hilbert,TSP-x_central-n60-g10000-5,74412.58,55469,0.0004535999905783683,0.00022679999528918415,0.00022679999528918415,0.3990036000031978,ok,34.15165,34.15165
Hilbert,TSP-x_central-n70-g1000-3,7231.8394,5464,0.0005837999924551696,0.0002918999962275848,0.0002918999962275848,0.1189908000087598,ok,32.35431,32.35431
Hilbert,TSP-x_central-n70-g1000-2,8190.693,5592,0.0005303000216372311,0.00026515001081861556,0.00026515001081861556,0.0930012999888276,ok,46.471615,46.471615
Hilbert,TSP-x_central-n500-g1000-2,20084.201,14587,0.053963699989253655,0.026981849994626828,0.026981849994626828,2.722562299997662,ok,37.68562,37.68562
Hilbert,TSP-x_central-n500-g10000-5,207442.8,148966,0.03515410001273267,0.017577050006366335,0.017577050006366335,8.994178900000406,ok,39.25513,39.25513
Hilbert,TSP-x_central-n70-g10000-1,82344.42,58258,0.000514900020789355,0.0002574500103946775,0.0002574500103946775,0.1016933000064455,ok,41.344402,41.344402
Hilbert,TSP-x_central-n70-g10000-2,78636.04,60053,0.0005363000091165304,0.0002681500045582652,0.0002681500045582652,0.104800700006308,ok,30.944399,30.944399
Hilbert,TSP-x_central-n70-g10000-5,81356.25,57610,0.0004998999938834459,0.00024994999694172293,0.00024994999694172293,0.2330854000028921,ok,41.21897,41.21897
Hilbert,TSP-x_central-n70-g1000-5,7534.1763,5978,0.0005322999786585569,0.00026614998932927847,0.00026614998932927847,0.1212831000011647,ok,26.031721,26.031721
Hilbert,TSP-x_central-n600-g10000-4,219970.66,162037,0.030698099988512695,0.015349049994256347,0.015349049994256347,15.665911400006737,ok,35.753353,35.753353
Hilbert,TSP-x_central-n70-g10000-4,74999.914,57792,0.000506900018081069,0.0002534500090405345,0.0002534500090405345,0.2337308999995002,ok,29.775599,29.775599
Hilbert,TSP-x_central-n70-g1000-4,7466.7617,5578,0.0005147999909240752,0.0002573999954620376,0.0002573999954620376,0.1635434000054374,ok,33.860912,33.860912
Hilbert,TSP-x_central-n600-g1000-5,21911.447,15701,0.029484200000297278,0.014742100000148639,0.014742100000148639,4.619394000008469,ok,39.55447,39.55447
Hilbert,TSP-x_central-n600-g10000-3,225053.25,161999,0.050406599999405444,0.025203299999702722,0.025203299999702722,3.0855990999989444,ok,38.922615,38.922615
Hilbert,TSP-x_central-n600-g1000-2,21774.44,15650,0.05407429998740554,0.02703714999370277,0.02703714999370277,6.251740799998515,ok,39.1338,39.1338
Hilbert,TSP-x_central-n600-g10000-2,219964.75,156991,0.05420040001627058,0.02710020000813529,0.02710020000813529,3.4218985000043176,ok,40.11297,40.11297
Hilbert,TSP-x_central-n70-g10000-3,76173.84,55476,0.0005299999902490526,0.0002649999951245263,0.0002649999951245263,0.1777909000084037,ok,37.309544,37.309544
Hilbert,TSP-x_central-n500-g10000-2,204007.88,145334,0.05325970001285896,0.02662985000642948,0.02662985000642948,9.26238519999606,ok,40.371746,40.371746
Hilbert,TSP-x_central-n600-g1000-1,21714.275,16298,0.053747199999634176,0.026873599999817088,0.026873599999817088,21.87597039999673,ok,33.23276,33.23276
Hilbert,TSP-x_central-n8-g1000-1,2673.662,2600,0.00021379999816417694,0.00010689999908208847,0.00010689999908208847,0.0449618999991798,ok,2.833158,2.833158
Hilbert,TSP-x_central-n600-g1000-3,22192.742,16132,0.04815630000666715,0.024078150003333576,0.024078150003333576,6.350640000004205,ok,37.56969,37.56969
Hilbert,TSP-x_central-n600-g1000-4,22078.447,15724,0.05315079999854788,0.02657539999927394,0.02657539999927394,7.601117099999101,ok,40.412407,40.412407
Hilbert,TSP-x_central-n8-g10000-1,29268.352,26996,0.00016080000204965472,8.040000102482736e-05,8.040000102482736e-05,0.3589861000073142,ok,8.417364,8.417364
Hilbert,TSP-x_central-n600-g10000-1,213606.88,156797,0.04739479999989271,0.023697399999946356,0.023697399999946356,2.8907073000009404,ok,36.231483,36.231483
Hilbert,TSP-x_central-n700-g1000-3,23538.797,16485,0.023611699987668544,0.011805849993834272,0.011805849993834272,5.921363300003577,ok,42.78918,42.78918
Hilbert,TSP-x_central-n8-g1000-2,2400.6729,2072,0.00018360000103712082,9.180000051856041e-05,9.180000051856041e-05,0.0453450000059092,ok,15.86259,15.86259
Hilbert,TSP-x_central-n8-g1000-4,2489.5762,2439,0.0001747000205796212,8.73500102898106e-05,8.73500102898106e-05,0.1823910999955842,ok,2.0736437,2.0736437
Hilbert,TSP-x_central-n8-g1000-3,2332.6401,2333,0.00017790001584216952,8.895000792108476e-05,8.895000792108476e-05,0.1241810999927111,ok,-0.015424916,0.015424916
Hilbert,TSP-x_central-n700-g10000-4,238718.77,174109,0.031124800007091835,0.015562400003545918,0.015562400003545918,5.048605400006636,ok,37.108803,37.108803
Hilbert,TSP-x_central-n700-g1000-5,23240.168,16871,0.03612789997714572,0.01806394998857286,0.01806394998857286,14.183969100005925,ok,37.752167,37.752167
Hilbert,TSP-x_central-n8-g10000-3,22786.555,21558,0.00024530000519007444,0.00012265000259503722,0.00012265000259503722,0.1509970000042813,ok,5.6988344,5.6988344
Hilbert,TSP-x_central-n700-g1000-1,23574.338,17327,0.037443200009875,0.0187216000049375,0.0187216000049375,8.638238400002592,ok,36.055508,36.055508
Hilbert,TSP-x_central-n8-g10000-2,25847.402,22823,0.00018469998030923307,9.234999015461653e-05,9.234999015461653e-05,0.3277360999927623,ok,13.2515545,13.2515545
Hilbert,TSP-x_central-n80-g1000-1,9218.519,6851,0.008157000003848225,0.0040785000019241124,0.0040785000019241124,0.2863944999990053,ok,34.55727,34.55727
Hilbert,TSP-x_central-n8-g10000-4,27647.572,26932,0.00020989999757148325,0.00010494999878574163,0.00010494999878574163,0.0999143000080948,ok,2.6569593,2.6569593
Hilbert,TSP-x_central-n700-g10000-2,234527.06,170458,0.04274440000881441,0.021372200004407205,0.021372200004407205,8.67217740000342,ok,37.586422,37.586422
Hilbert,TSP-x_central-n8-g10000-5,25151.746,21685,0.00016830000095069408,8.415000047534704e-05,8.415000047534704e-05,0.0903120000002672,ok,15.986839,15.986839
Hilbert,TSP-x_central-n700-g1000-2,24081.984,17151,0.03857380000408739,0.019286900002043694,0.019286900002043694,35.42752479999035,ok,40.41155,40.41155
Hilbert,TSP-x_central-n80-g1000-4,8133.58,6031,0.0006044000037945807,0.00030220000189729035,0.00030220000189729035,0.5198122000001604,ok,34.862877,34.862877
Hilbert,TSP-x_central-n80-g10000-2,77238.17,57087,0.0006095999851822853,0.00030479999259114265,0.00030479999259114265,0.3063755000039236,ok,35.299057,35.299057
Hilbert,TSP-x_central-n80-g10000-3,81930.34,59717,0.0006960000027902424,0.0003480000013951212,0.0003480000013951212,0.784185399999842,ok,37.19769,37.19769
Hilbert,TSP-x_central-n700-g10000-5,246233.95,175955,0.04485359997488558,0.02242679998744279,0.02242679998744279,13.73669359998894,ok,39.941437,39.941437
Hilbert,TSP-x_central-n80-g1000-2,8419.489,6101,0.0006199000054039061,0.00030995000270195305,0.00030995000270195305,1.0620810999971582,ok,38.00179,38.00179
Hilbert,TSP-x_central-n600-g10000-5,216402.22,160421,0.0828192999761086,0.0414096499880543,0.0414096499880543,5.2878381999908015,ok,34.89644,34.89644
Hilbert,TSP-x_central-n80-g10000-5,86396.266,63473,0.000616599980276078,0.000308299990138039,0.000308299990138039,0.1284099999902537,ok,36.114986,36.114986
Hilbert,TSP-x_central-n700-g10000-1,233016.06,166165,0.056230799993500113,0.028115399996750057,0.028115399996750057,21.0085878999962,ok,40.231735,40.231735
Hilbert,TSP-x_central-n80-g10000-4,77976.05,60170,0.0005778000049758703,0.0002889000024879351,0.0002889000024879351,0.126105200004531,ok,29.5929,29.5929
Hilbert,TSP-x_central-n700-g1000-4,24201.447,17316,0.06319829999119975,0.03159914999559987,0.03159914999559987,5.883497699993313,ok,39.763496,39.763496
Hilbert,TSP-x_central-n80-g1000-3,8106.7607,5795,0.0041188999894075096,0.0020594499947037548,0.0020594499947037548,0.3210464000003412,ok,39.892334,39.892334
Hilbert,TSP-x_central-n90-g1000-3,8316.452,6321,0.0006406999891623855,0.00032034999458119273,0.00032034999458119273,0.241236600006232,ok,31.568613,31.568613
Hilbert,TSP-x_central-n80-g1000-5,8405.004,6130,0.0006206000107340515,0.00031030000536702573,0.00031030000536702573,0.1422326000028988,ok,37.112625,37.112625
Hilbert,TSP-x_central-n80-g10000-1,85838.49,61185,0.005349700018996373,0.0026748500094981864,0.0026748500094981864,0.2630779000028269,ok,40.293358,40.293358
Hilbert,TSP-x_central-n90-g1000-1,9175.013,6468,0.0006768999737687409,0.00033844998688437045,0.00033844998688437045,0.2779624999966472,ok,41.85239,41.85239
Hilbert,TSP-x_central-n700-g10000-3,236921.2,171146,0.042934800003422424,0.021467400001711212,0.021467400001711212,12.027795600006357,ok,38.432217,38.432217
Hilbert,TSP-x_central-n90-g1000-5,8354.302,6358,0.0007191000040620565,0.00035955000203102827,0.00035955000203102827,0.4880025000020396,ok,31.398266,31.398266
Hilbert,TSP-x_central-n90-g10000-1,79955.53,56607,0.0006625000096391886,0.0003312500048195943,0.0003312500048195943,2.241472399997292,ok,41.24672,41.24672
Hilbert,TSP-x_central-n800-g10000-3,252134.19,184203,0.025660699990112334,0.012830349995056167,0.012830349995056167,9.30976470001042,ok,36.878437,36.878437
Hilbert,TSP-x_central-n800-g10000-1,256155.95,182836,0.029031300015049055,0.014515650007524528,0.014515650007524528,5.395537000003969,ok,40.101486,40.101486
Hilbert,TSP-x_central-n90-g10000-2,93890.914,66229,0.0006447999912779778,0.0003223999956389889,0.0003223999956389889,0.3025821999908658,ok,41.767075,41.767075
Hilbert,TSP-x_central-n90-g10000-3,95594.63,63393,0.0006524999917019159,0.00032624999585095793,0.00032624999585095793,0.1294637999963015,ok,50.796825,50.796825
Hilbert,TSP-x_central-n90-g1000-4,8354.152,6411,0.006070699979318306,0.003035349989659153,0.003035349989659153,0.2860998999967705,ok,30.30966,30.30966
Hilbert,TSP-x_central-n90-g1000-2,9145.359,6505,0.0006142000202089548,0.0003071000101044774,0.0003071000101044774,0.1673181999940425,ok,40.58969,40.58969
Hilbert,TSP-x_central-n800-g1000-5,24856.523,17689,0.033384300011675805,0.016692150005837902,0.016692150005837902,23.95051059999969,ok,40.519665,40.519665
Hilbert,TSP-x_central-n8-g1000-5,2259.3528,2200,0.0002403999969828874,0.0001201999984914437,0.0001201999984914437,0.0569015000073704,ok,2.6978538,2.6978538
Hilbert,TSP-x_central-n90-g10000-5,89086.92,64957,0.0006540000031236559,0.00032700000156182796,0.00032700000156182796,0.3358976000017719,ok,37.14753,37.14753
Hilbert,TSP-x_central-n800-g1000-1,24929.443,18210,0.05707829998573288,0.02853914999286644,0.02853914999286644,11.28831769998942,ok,36.899742,36.899742
Hilbert,TSP-x_central-n800-g1000-2,25238.828,18051,0.06972130000940524,0.03486065000470262,0.03486065000470262,4.485592400000314,ok,39.819557,39.819557
Hilbert,TSP-x_central-n800-g10000-4,250830.3,183943,0.06199479999486357,0.030997399997431785,0.030997399997431785,145.07107299999916,ok,36.363056,36.363056
Hilbert,TSP-x_central-n800-g10000-5,250301.0,177635,0.05859629999031313,0.029298149995156564,0.029298149995156564,6.23708340000303,ok,40.90748,40.90748
Hilbert,TSP-x_central-n800-g1000-3,25128.84,18388,0.0699220999958925,0.03496104999794625,0.03496104999794625,6.040309699994396,ok,36.658905,36.658905
Hilbert,TSP-x_central-n90-g10000-4,86261.87,62059,0.0006523999909404665,0.00032619999547023326,0.00032619999547023326,0.3362449999985983,ok,38.999767,38.999767
Hilbert,TSP-x_central-n900-g1000-1,26849.865,19316,0.027712599985534325,0.013856299992767163,0.013856299992767163,21.42157120000047,ok,39.00324,39.00324
Hilbert,TSP-x_central-n800-g10000-2,254843.62,188775,0.09271080000326037,0.04635540000163019,0.04635540000163019,20.29143589999876,ok,34.99861,34.99861
Hilbert,TSP-x_central-n900-g10000-4,264966.97,192236,0.023586299997987226,0.011793149998993613,0.011793149998993613,12.522487899987029,ok,37.83421,37.83421
Hilbert,TSP-x_central-n800-g1000-4,25279.498,18059,0.10454410000238568,0.05227205000119284,0.05227205000119284,5.706710700003896,ok,39.982822,39.982822
Hilbert,TSP-x_central-n900-g10000-3,265451.5,190497,0.03534220001893118,0.01767110000946559,0.01767110000946559,5.917373200005386,ok,39.346813,39.346813
Hilbert,TSP-x_central-n900-g1000-4,26424.467,19080,0.058901799988234416,0.029450899994117208,0.029450899994117208,84.29449190000014,ok,38.49301,38.49301
Hilbert,TSP-x_central-n900-g10000-1,273977.97,197008,0.06431960000190884,0.03215980000095442,0.03215980000095442,6.854846999995061,ok,39.069466,39.069466
Hilbert,TSP-x_central-n900-g1000-3,26524.537,19246,0.0676714000001084,0.0338357000000542,0.0338357000000542,17.623551000011503,ok,37.81844,37.81844
Hilbert,TSP-x_central-n900-g1000-5,26553.834,19388,0.04323170002317056,0.02161585001158528,0.02161585001158528,14.305989399988905,ok,36.96015,36.96015
Hilbert,TSP-x_central-n900-g1000-2,27358.15,19713,0.06856439998955466,0.03428219999477733,0.03428219999477733,39.72508390000439,ok,38.782276,38.782276
Hilbert,TSP-x_central-n900-g10000-2,271402.78,191391,0.04412799997953698,0.02206399998976849,0.02206399998976849,5.857476100005442,ok,41.805405,41.805405
Hilbert,TSP-x_central-n900-g10000-5,265048.03,195816,0.006432399997720495,0.0032161999988602474,0.0032161999988602474,11.512427000008756,ok,35.355656,35.355656
