model,instance,pred_cost,true_cost,prediction_time_s,feature_time_s,inference_time_s,optimal_solve_time_s,status,gap_pct,abs_gap_pct
Chien,TSP-boundary-n100-g1000-5,6616.1714,7017,0.00010889999975915998,5.444999987957999e-05,5.444999987957999e-05,0.14065890001074877,ok,-5.7122507,5.7122507
Chien,TSP-boundary-n30-g1000-4,3751.9814,4117,9.03999971342273e-05,4.519999856711365e-05,4.519999856711365e-05,0.054444699999294244,ok,-8.86613,8.86613
Chien,TSP-boundary-n300-g1000-3,10804.493,11257,0.002396000003500376,0.001198000001750188,0.001198000001750188,3.45801780000329,ok,-4.019782,4.019782
Chien,TSP-boundary-n300-g1000-1,10827.863,11846,0.0009825000015553087,0.0004912500007776543,0.0004912500007776543,2.233340600010706,ok,-8.594772,8.594772
Chien,TSP-boundary-n10-g10000-3,25850.89,31281,0.00013760000001639128,6.880000000819564e-05,6.880000000819564e-05,0.0424796999868704,ok,-17.35913,17.35913
Chien,TSP-boundary-n100-g10000-1,66286.43,70551,0.00013380000018514693,6.690000009257346e-05,6.690000009257346e-05,0.21488880000833888,ok,-6.044663,6.044663
Chien,TSP-boundary-n200-g10000-2,90061.44,95920,0.00013380000018514693,6.690000009257346e-05,6.690000009257346e-05,3.1889790999994148,ok,-6.107759,6.107759
Chien,TSP-boundary-n40-g10000-4,45403.453,49599,0.000145800004247576,7.2900002123788e-05,7.2900002123788e-05,0.04674739998881705,ok,-8.458935,8.458935
Chien,TSP-boundary-n1000-g1000-3,18979.133,20395,0.0017561999993631616,0.0008780999996815808,0.0008780999996815808,24.521400800003903,ok,-6.942227,6.942227
Chien,TSP-boundary-n1000-g10000-3,189837.17,203317,0.007371100000455044,0.003685550000227522,0.003685550000227522,14.201905299996724,ok,-6.6299567,6.6299567
Chien,TSP-boundary-n30-g1000-2,4104.0474,4612,7.250000635394827e-05,3.625000317697413e-05,3.625000317697413e-05,0.052141499996650964,ok,-11.013718,11.013718
Chien,TSP-boundary-n200-g1000-1,8978.475,9326,0.00013789999502478167,6.894999751239084e-05,6.894999751239084e-05,1.4348636000067927,ok,-3.7264142,3.7264142
Chien,TSP-boundary-n40-g1000-1,4478.0713,5030,0.00012679999781539664,6.339999890769832e-05,6.339999890769832e-05,0.18475810000381898,ok,-10.972737,10.972737
Chien,TSP-boundary-n100-g10000-4,66093.83,71295,0.00012169999536126852,6.084999768063426e-05,6.084999768063426e-05,0.5164423000096576,ok,-7.295283,7.295283
Chien,TSP-boundary-n100-g1000-1,6632.6626,6956,0.0001353999978164211,6.769999890821055e-05,6.769999890821055e-05,0.21300820000760723,ok,-4.6483235,4.6483235
Chien,TSP-boundary-n30-g1000-1,3916.7463,4564,0.00012090000382158905,6.0450001910794526e-05,6.0450001910794526e-05,0.04745119999279268,ok,-14.18172,14.18172
Chien,TSP-boundary-n1000-g10000-2,189796.52,202565,0.004692599999543745,0.0023462999997718725,0.0023462999997718725,6.294937500002561,ok,-6.3034015,6.3034015
Chien,TSP-boundary-n1000-g10000-1,189829.94,207156,0.003717999999935273,0.0018589999999676365,0.0018589999999676365,95.81789179999032,ok,-8.363775,8.363775
Chien,TSP-boundary-n200-g10000-4,89793.97,97285,0.00010509999992791563,5.2549999963957816e-05,5.2549999963957816e-05,2.866724899999099,ok,-7.7000885,7.7000885
Chien,TSP-boundary-n30-g1000-5,3736.3647,4111,0.00011580000136746094,5.790000068373047e-05,5.790000068373047e-05,0.05177789999288507,ok,-9.112996,9.112996
Chien,TSP-boundary-n30-g1000-3,3888.4648,4735,8.38999985717237e-05,4.194999928586185e-05,4.194999928586185e-05,0.041289999993750826,ok,-17.87825,17.87825
Chien,TSP-boundary-n200-g10000-1,90373.484,92227,0.00011670000094454736,5.835000047227368e-05,5.835000047227368e-05,1.2857908999867504,ok,-2.009732,2.009732
Chien,TSP-boundary-n10-g1000-3,2121.808,2942,0.0001571000029798597,7.855000148992985e-05,7.855000148992985e-05,0.15743380000640173,ok,-27.87872,27.87872
Chien,TSP-boundary-n100-g10000-5,66287.77,69815,0.00022080000053392723,0.00011040000026696362,0.00011040000026696362,4.705000100002508,ok,-5.0522475,5.0522475
Chien,TSP-boundary-n200-g10000-3,89848.125,96954,0.00011180000001331791,5.5900000006658956e-05,5.5900000006658956e-05,8.438265499993577,ok,-7.3291197,7.3291197
Chien,TSP-boundary-n40-g10000-5,45579.445,47067,0.00012229999992996454,6.114999996498227e-05,6.114999996498227e-05,0.08675380000204314,ok,-3.1605046,3.1605046
Chien,TSP-boundary-n20-g10000-2,34121.273,37802,0.00011170000652782619,5.5850003263913095e-05,5.5850003263913095e-05,0.04965489999449346,ok,-9.736856,9.736856
Chien,TSP-boundary-n20-g1000-3,3106.7148,3809,9.829999908106402e-05,4.914999954053201e-05,4.914999954053201e-05,0.1841885000030743,ok,-18.437521,18.437521
Chien,TSP-boundary-n20-g10000-3,33262.332,39825,9.99000039882958e-05,4.99500019941479e-05,4.99500019941479e-05,0.052759100013645366,ok,-16.478765,16.478765
Chien,TSP-boundary-n20-g1000-5,3385.124,3865,0.00012630000128410757,6.315000064205378e-05,6.315000064205378e-05,0.17787749999843072,ok,-12.415937,12.415937
Chien,TSP-boundary-n100-g10000-2,65618.07,70034,0.00010509999992791563,5.2549999963957816e-05,5.2549999963957816e-05,0.3339735999907134,ok,-6.3054085,6.3054085
Chien,TSP-boundary-n1000-g1000-4,18982.904,20565,0.005426200004876591,0.0027131000024382956,0.0027131000024382956,14.657510000019101,ok,-7.6931467,7.6931467
Chien,TSP-boundary-n40-g1000-3,4482.568,4794,9.709999721962959e-05,4.854999860981479e-05,4.854999860981479e-05,0.09592740000516642,ok,-6.4962893,6.4962893
Chien,TSP-boundary-n200-g1000-4,8994.978,9477,0.00012799999967683107,6.399999983841553e-05,6.399999983841553e-05,1.0148306000046432,ok,-5.0862346,5.0862346
Chien,TSP-boundary-n200-g10000-5,89931.59,100841,0.00012400000559864566,6.200000279932283e-05,6.200000279932283e-05,1.5299895999924047,ok,-10.818423,10.818423
Chien,TSP-boundary-n10-g10000-5,24189.986,27743,0.0001055999964592047,5.279999822960235e-05,5.279999822960235e-05,0.050072500001988374,ok,-12.806884,12.806884
Chien,TSP-boundary-n100-g10000-3,66359.195,71693,0.00012830000196117908,6.415000098058954e-05,6.415000098058954e-05,0.6195137000031536,ok,-7.4397845,7.4397845
Chien,TSP-boundary-n1000-g1000-5,18984.834,20398,0.003940499998861924,0.001970249999430962,0.001970249999430962,10.911729599989485,ok,-6.9279633,6.9279633
Chien,TSP-boundary-n200-g1000-5,8983.896,9490,0.00014350000128615648,7.175000064307824e-05,7.175000064307824e-05,1.582245999990846,ok,-5.3330193,5.3330193
Chien,TSP-boundary-n300-g10000-3,107607.96,115554,0.000515899999300018,0.000257949999650009,0.000257949999650009,1.9706148999975994,ok,-6.8764725,6.8764725
Chien,TSP-boundary-n1000-g1000-1,18985.787,20552,0.01224519999959739,0.006122599999798695,0.006122599999798695,10.352445600001374,ok,-7.6207323,7.6207323
Chien,TSP-boundary-n20-g1000-1,3161.1406,4099,0.0001218999968841672,6.09499984420836e-05,6.09499984420836e-05,0.04248050000751391,ok,-22.8802,22.8802
Chien,TSP-boundary-n30-g10000-5,40755.906,43579,7.560000085504726e-05,3.780000042752363e-05,3.780000042752363e-05,0.04866580000089016,ok,-6.4781055,6.4781055
Chien,TSP-boundary-n30-g10000-4,40223.55,44131,6.370000483002514e-05,3.185000241501257e-05,3.185000241501257e-05,0.0445185999997193,ok,-8.854205,8.854205
Chien,TSP-boundary-n10-g10000-2,28304.918,36007,7.409999670926481e-05,3.704999835463241e-05,3.704999835463241e-05,0.04179420000582468,ok,-21.390512,21.390512
Chien,TSP-boundary-n10-g1000-1,2604.217,3399,0.0002521999995224178,0.0001260999997612089,0.0001260999997612089,0.07625080000434536,ok,-23.382847,23.382847
Chien,TSP-boundary-n20-g1000-4,3477.169,4313,0.00010060000204248354,5.030000102124177e-05,5.030000102124177e-05,0.1820376999967266,ok,-19.379343,19.379343
Chien,TSP-boundary-n20-g1000-2,3465.8481,4345,0.00011339999764459208,5.669999882229604e-05,5.669999882229604e-05,0.1955378999991808,ok,-20.233644,20.233644
Chien,TSP-boundary-n300-g10000-1,107983.68,119041,0.022367099998518825,0.011183549999259412,0.011183549999259412,11.337956400006078,ok,-9.288666,9.288666
Chien,TSP-boundary-n100-g1000-2,6588.594,6834,0.00013309999485500157,6.654999742750078e-05,6.654999742750078e-05,0.06720600000699051,ok,-3.5909534,3.5909534
Chien,TSP-boundary-n100-g1000-3,6611.767,7047,9.380000119563192e-05,4.690000059781596e-05,4.690000059781596e-05,0.3462584999942919,ok,-6.1761446,6.1761446
Chien,TSP-boundary-n200-g1000-3,9037.747,9384,0.002093900002364535,0.0010469500011822674,0.0010469500011822674,1.5555985999963013,ok,-3.6898222,3.6898222
Chien,TSP-boundary-n30-g10000-2,39625.86,47104,0.0001081000009435229,5.405000047176145e-05,5.405000047176145e-05,0.046074200014118105,ok,-15.875808,15.875808
Chien,TSP-boundary-n40-g1000-4,4494.009,4900,9.539999882690609e-05,4.769999941345304e-05,4.769999941345304e-05,0.05236479999439325,ok,-8.285535,8.285535
Chien,TSP-boundary-n300-g10000-2,108178.75,116741,0.0005949999977019615,0.0002974999988509808,0.0002974999988509808,6.775888300006045,ok,-7.3343983,7.3343983
Chien,TSP-boundary-n1000-g10000-5,189952.7,206702,0.0033144999979413114,0.0016572499989706557,0.0016572499989706557,9.355593499989482,ok,-8.103113,8.103113
Chien,TSP-boundary-n20-g10000-1,34265.89,37631,0.00010850000398932025,5.4250001994660124e-05,5.4250001994660124e-05,0.04446159998769872,ok,-8.942387,8.942387
Chien,TSP-boundary-n1000-g1000-2,18977.91,20615,0.009291900001699105,0.0046459500008495525,0.0046459500008495525,12.61317229999986,ok,-7.9412556,7.9412556
Chien,TSP-boundary-n100-g1000-4,6624.0806,7168,0.00011890000314451754,5.945000157225877e-05,5.945000157225877e-05,0.3713453000091249,ok,-7.5881615,7.5881615
Chien,TSP-boundary-n10-g10000-4,24694.205,33497,0.00011449999874457717,5.7249999372288585e-05,5.7249999372288585e-05,0.04994730000908021,ok,-26.279354,26.279354
Chien,TSP-boundary-n30-g10000-3,39000.363,42582,0.0001021999996737577,5.109999983687885e-05,5.109999983687885e-05,0.05330300000787247,ok,-8.411152,8.411152
Chien,TSP-boundary-n30-g10000-1,38993.6,43457,7.259999983943999e-05,3.6299999919719994e-05,3.6299999919719994e-05,0.04953029999160208,ok,-10.270839,10.270839
Chien,TSP-boundary-n10-g1000-4,2713.6055,3550,0.00011249999806750566,5.624999903375283e-05,5.624999903375283e-05,0.32430780000868253,ok,-23.56041,23.56041
Chien,TSP-boundary-n20-g10000-5,33919.82,41629,7.750000077066943e-05,3.8750000385334715e-05,3.8750000385334715e-05,0.045870599991758354,ok,-18.518772,18.518772
Chien,TSP-boundary-n10-g1000-5,2319.2666,3006,0.00014119999832473695,7.059999916236848e-05,7.059999916236848e-05,0.1571512999944389,ok,-22.84542,22.84542
Chien,TSP-boundary-n200-g1000-2,8947.121,9755,0.00013720000424655154,6.860000212327577e-05,6.860000212327577e-05,1.633126100001391,ok,-8.281691,8.281691
Chien,TSP-boundary-n20-g10000-4,33197.367,40020,0.0001053000014508143,5.265000072540715e-05,5.265000072540715e-05,0.04199749999679625,ok,-17.048058,17.048058
Chien,TSP-boundary-n40-g1000-2,4585.1177,4944,0.00012570000399136916,6.285000199568458e-05,6.285000199568458e-05,0.04943250000360422,ok,-7.2589464,7.2589464
Chien,TSP-boundary-n300-g1000-2,10826.129,11159,0.00029549999453593045,0.00014774999726796523,0.00014774999726796523,6.341344900007243,ok,-2.982983,2.982983
Chien,TSP-boundary-n300-g1000-5,10803.23,11645,0.019664400002511684,0.009832200001255842,0.009832200001255842,1.4859470999945188,ok,-7.228592,7.228592
Chien,TSP-boundary-n10-g1000-2,2622.7744,3247,0.00016340000001946464,8.170000000973232e-05,8.170000000973232e-05,0.0730119000072591,ok,-19.224688,19.224688
Chien,TSP-boundary-n10-g10000-1,24891.146,31722,0.0001253000009455718,6.26500004727859e-05,6.26500004727859e-05,0.0441271999879973,ok,-21.53349,21.53349
Chien,TSP-boundary-n1000-g10000-4,189825.31,208514,0.006431599998904858,0.003215799999452429,0.003215799999452429,16.147434299986344,ok,-8.962797,8.962797
Chien,TSP-boundary-n300-g10000-4,107907.81,120861,0.0019281999993836507,0.0009640999996918254,0.0009640999996918254,8.038870899996255,ok,-10.717425,10.717425
Chien,TSP-boundary-n40-g10000-3,44830.38,49175,0.00010870000551221892,5.435000275610946e-05,5.435000275610946e-05,0.0481084000057308,ok,-8.83502,8.83502
Chien,TSP-boundary-n300-g1000-4,10763.588,11542,0.0016949999990174547,0.0008474999995087273,0.0008474999995087273,2.966981300007319,ok,-6.74417,6.74417
Chien,TSP-boundary-n400-g1000-3,12337.16,13531,0.0015241999935824424,0.0007620999967912212,0.0007620999967912212,2.497820899996441,ok,-8.822998,8.822998
Chien,TSP-boundary-n5-g1000-1,1942.1792,2756,0.00014150000060908496,7.075000030454248e-05,7.075000030454248e-05,0.04362689999106806,ok,-29.529057,29.529057
Chien,TSP-boundary-n400-g10000-1,123388.266,134933,0.0013363999969442375,0.0006681999984721188,0.0006681999984721188,15.880199499995797,ok,-8.555901,8.555901
Chien,TSP-boundary-n400-g10000-4,123788.58,127600,0.0008564999952795915,0.00042824999763979577,0.00042824999763979577,3.810321799988742,ok,-2.9870079,2.9870079
Chien,TSP-boundary-n40-g10000-1,43587.688,44362,7.480000203941017e-05,3.740000101970509e-05,3.740000101970509e-05,0.04612780000024941,ok,-1.745441,1.745441
Chien,TSP-boundary-n5-g1000-3,2140.6018,3301,9.449999924981967e-05,4.724999962490983e-05,4.724999962490983e-05,0.08774310001172125,ok,-35.15293,35.15293
Chien,TSP-boundary-n5-g1000-2,1601.0114,2348,8.140000136336312e-05,4.070000068168156e-05,4.070000068168156e-05,0.04169709999405313,ok,-31.813828,31.813828
Chien,TSP-boundary-n5-g10000-1,13485.673,19819,8.86999987415038e-05,4.43499993707519e-05,4.43499993707519e-05,0.11042549999547191,ok,-31.955835,31.955835
Chien,TSP-boundary-n300-g10000-5,108207.63,115441,0.006335600002785213,0.0031678000013926066,0.0031678000013926066,2.499435200006701,ok,-6.2658563,6.2658563
Chien,TSP-boundary-n400-g1000-2,12340.226,13231,0.0034318999969400465,0.0017159499984700233,0.0017159499984700233,9.881466000006185,ok,-6.73248,6.73248
Chien,TSP-boundary-n400-g10000-3,123242.14,129635,0.004393000002892222,0.002196500001446111,0.002196500001446111,3.854709000006551,ok,-4.9314303,4.9314303
Chien,TSP-boundary-n400-g1000-5,12341.02,13342,0.0029970999967190437,0.0014985499983595219,0.0014985499983595219,3.0199887000053423,ok,-7.5024767,7.5024767
Chien,TSP-boundary-n400-g10000-2,123454.016,133755,0.0012751999965985306,0.0006375999982992653,0.0006375999982992653,1.8698617999907583,ok,-7.7013826,7.7013826
Chien,TSP-boundary-n50-g1000-4,4974.1104,5612,9.730000601848587e-05,4.865000300924294e-05,4.865000300924294e-05,0.11850419999973383,ok,-11.366529,11.366529
Chien,TSP-boundary-n40-g1000-5,4492.332,4972,8.36000035633333e-05,4.180000178166665e-05,4.180000178166665e-05,0.047093500004848465,ok,-9.647385,9.647385
Chien,TSP-boundary-n5-g1000-5,996.48865,1674,9.390000195708126e-05,4.695000097854063e-05,4.695000097854063e-05,0.07082110000192188,ok,-40.472603,40.472603
Chien,TSP-boundary-n400-g1000-1,12332.215,13501,0.0031161000006250106,0.0015580500003125053,0.0015580500003125053,1.7832259999995586,ok,-8.657026,8.657026
Chien,TSP-boundary-n50-g1000-5,4770.3667,5766,9.500000305706635e-05,4.7500001528533176e-05,4.7500001528533176e-05,0.07307379999838304,ok,-17.267313,17.267313
Chien,TSP-boundary-n50-g1000-2,4855.9087,5332,9.029999637277797e-05,4.5149998186388984e-05,4.5149998186388984e-05,0.09713150000607129,ok,-8.928945,8.928945
Chien,TSP-boundary-n5-g10000-4,18740.07,25809,8.620000153314322e-05,4.310000076657161e-05,4.310000076657161e-05,0.1602507999923546,ok,-27.389399,27.389399
Chien,TSP-boundary-n400-g10000-5,123562.69,135996,0.0018498000063118525,0.0009249000031559262,0.0009249000031559262,3.306738500003121,ok,-9.14241,9.14241
Chien,TSP-boundary-n50-g10000-5,49648.297,52923,9.180000051856041e-05,4.5900000259280205e-05,4.5900000259280205e-05,0.09546250000130385,ok,-6.187675,6.187675
Chien,TSP-boundary-n400-g1000-4,12298.815,13726,0.001435899997886736,0.000717949998943368,0.000717949998943368,2.392791099991882,ok,-10.397673,10.397673
Chien,TSP-boundary-n5-g10000-3,16824.234,22805,9.069999941857532e-05,4.534999970928766e-05,4.534999970928766e-05,0.08295179999549873,ok,-26.225677,26.225677
Chien,TSP-boundary-n50-g10000-1,48803.555,50920,9.770000178832561e-05,4.8850000894162804e-05,4.8850000894162804e-05,0.06853440000850242,ok,-4.1564126,4.1564126
Chien,TSP-boundary-n50-g1000-1,4910.5493,5448,0.00010399999882793054,5.199999941396527e-05,5.199999941396527e-05,0.056435799997416325,ok,-9.865101,9.865101
Chien,TSP-boundary-n50-g10000-4,47795.902,55788,0.00010910000128205866,5.455000064102933e-05,5.455000064102933e-05,0.0942776000010781,ok,-14.325836,14.325836
Chien,TSP-boundary-n50-g10000-2,49185.16,57427,0.00011890000314451754,5.945000157225877e-05,5.945000157225877e-05,0.056438100000377744,ok,-14.351855,14.351855
Chien,TSP-boundary-n60-g1000-2,5362.5195,5873,0.00010080000356538221,5.0400001782691106e-05,5.0400001782691106e-05,0.2882640000025276,ok,-8.691988,8.691988
Chien,TSP-boundary-n50-g1000-3,4854.4136,5570,8.009999874047935e-05,4.0049999370239675e-05,4.0049999370239675e-05,0.1257521999941673,ok,-12.847153,12.847153
Chien,TSP-boundary-n5-g1000-4,1588.2996,2219,7.950000144774094e-05,3.975000072387047e-05,3.975000072387047e-05,0.0393573000037577,ok,-28.422733,28.422733
Chien,TSP-boundary-n40-g10000-2,44803.06,49833,9.549999958835542e-05,4.774999979417771e-05,4.774999979417771e-05,0.06547339999815449,ok,-10.0935955,10.0935955
Chien,TSP-boundary-n50-g10000-3,49565.2,52169,9.590000263415277e-05,4.7950001317076385e-05,4.7950001317076385e-05,0.18738160000066273,ok,-4.991088,4.991088
Chien,TSP-boundary-n60-g1000-1,5219.488,5869,7.340000593103468e-05,3.670000296551734e-05,3.670000296551734e-05,0.19682450000254903,ok,-11.06683,11.06683
Chien,TSP-boundary-n500-g1000-2,13705.05,14989,0.003529499997966923,0.0017647499989834614,0.0017647499989834614,11.302185699998518,ok,-8.565949,8.565949
Chien,TSP-boundary-n500-g1000-3,13690.49,14577,0.0016831000029924326,0.0008415500014962163,0.0008415500014962163,22.919459199998528,ok,-6.081565,6.081565
Chien,TSP-boundary-n5-g10000-2,19788.562,27529,7.510000432375818e-05,3.755000216187909e-05,3.755000216187909e-05,0.12117869999201503,ok,-28.117393,28.117393
Chien,TSP-boundary-n5-g10000-5,18230.316,29308,9.949999366654083e-05,4.9749996833270416e-05,4.9749996833270416e-05,0.11882679999689572,ok,-37.797474,37.797474
Chien,TSP-boundary-n500-g1000-5,13719.678,14524,0.001142599998274818,0.000571299999137409,0.000571299999137409,8.848964500008151,ok,-5.5378838,5.5378838
Chien,TSP-boundary-n500-g10000-2,137010.66,145249,0.003721699999005068,0.001860849999502534,0.001860849999502534,2.2700855000002775,ok,-5.6718764,5.6718764
Chien,TSP-boundary-n500-g10000-5,136710.03,146350,0.0036256000021239743,0.0018128000010619871,0.0018128000010619871,9.705489499989199,ok,-6.586928,6.586928
Chien,TSP-boundary-n60-g1000-4,5249.3584,6019,0.00010650000331224874,5.325000165612437e-05,5.325000165612437e-05,0.14975489999051206,ok,-12.786868,12.786868
Chien,TSP-boundary-n60-g1000-3,5362.261,5606,0.00011350000568199903,5.6750002840999514e-05,5.6750002840999514e-05,0.08199530000274535,ok,-4.34782,4.34782
Chien,TSP-boundary-n500-g10000-3,137314.5,143473,0.005158600004506297,0.0025793000022531487,0.0025793000022531487,2.475389700004598,ok,-4.292445,4.292445
Chien,TSP-boundary-n60-g10000-3,52442.375,59668,0.00010789999942062423,5.394999971031211e-05,5.394999971031211e-05,0.2281517000083113,ok,-12.109715,12.109715
Chien,TSP-boundary-n60-g1000-5,5329.1343,5905,0.00010800000018207356,5.400000009103678e-05,5.400000009103678e-05,0.1470638000027975,ok,-9.7521715,9.7521715
Chien,TSP-boundary-n60-g10000-4,52834.043,61590,8.779999916441739e-05,4.389999958220869e-05,4.389999958220869e-05,0.2693680999946082,ok,-14.216524,14.216524
Chien,TSP-boundary-n70-g1000-1,5726.882,5786,9.090000094147399e-05,4.5450000470736995e-05,4.5450000470736995e-05,0.16432139999233186,ok,-1.021745,1.021745
Chien,TSP-boundary-n500-g10000-4,136904.73,147812,0.005714799997804221,0.0028573999989021104,0.0028573999989021104,4.768104300004779,ok,-7.3791475,7.3791475
Chien,TSP-boundary-n60-g10000-5,53336.316,57474,0.00010439999459777027,5.219999729888514e-05,5.219999729888514e-05,0.10765269999683369,ok,-7.199227,7.199227
Chien,TSP-boundary-n60-g10000-2,53080.438,56792,0.0001033000007737428,5.16500003868714e-05,5.16500003868714e-05,0.10136570000031497,ok,-6.535362,6.535362
Chien,TSP-boundary-n500-g1000-4,13682.807,14408,0.0058036000045831315,0.0029018000022915658,0.0029018000022915658,13.337091900000814,ok,-5.033269,5.033269
Chien,TSP-boundary-n60-g10000-1,53111.477,55252,0.00010009999823523685,5.004999911761843e-05,5.004999911761843e-05,0.0560228999966057,ok,-3.8741105,3.8741105
Chien,TSP-boundary-n500-g10000-1,136999.47,147140,0.004444800004421268,0.002222400002210634,0.002222400002210634,5.54722939999192,ok,-6.891757,6.891757
Chien,TSP-boundary-n500-g1000-1,13680.519,14788,0.006790999999793712,0.003395499999896856,0.003395499999896856,3.4455307999887737,ok,-7.4890547,7.4890547
Chien,TSP-boundary-n70-g1000-4,5669.2627,6457,9.299999510403723e-05,4.649999755201861e-05,4.649999755201861e-05,0.36540580001019407,ok,-12.199741,12.199741
Chien,TSP-boundary-n70-g1000-3,5603.3486,6138,8.55999969644472e-05,4.27999984822236e-05,4.27999984822236e-05,0.1557941000064602,ok,-8.710514,8.710514
Chien,TSP-boundary-n70-g1000-2,5673.291,6063,9.549999958835542e-05,4.774999979417771e-05,4.774999979417771e-05,0.06939940000302158,ok,-6.427659,6.427659
Chien,TSP-boundary-n600-g1000-1,14895.499,15758,0.004604599998856429,0.0023022999994282145,0.0023022999994282145,3.878137199993944,ok,-5.473417,5.473417
Chien,TSP-boundary-n70-g10000-2,56638.723,56270,7.599999662488699e-05,3.7999998312443495e-05,3.7999998312443495e-05,0.19556029999512248,ok,0.655274,0.655274
Chien,TSP-boundary-n70-g10000-5,56147.766,58924,0.0001097999993362464,5.48999996681232e-05,5.48999996681232e-05,0.09208740000030957,ok,-4.711551,4.711551
Chien,TSP-boundary-n70-g1000-5,5697.1685,6053,0.0008450000023003668,0.0004225000011501834,0.0004225000011501834,0.09670480000204407,ok,-5.878598,5.878598
Chien,TSP-boundary-n600-g1000-5,14918.449,15884,0.007536199998867232,0.003768099999433616,0.003768099999433616,4.457909999997355,ok,-6.0787635,6.0787635
Chien,TSP-boundary-n70-g10000-3,57239.54,60617,7.639999967068434e-05,3.819999983534217e-05,3.819999983534217e-05,0.21161279999068938,ok,-5.571805,5.571805
Chien,TSP-boundary-n600-g10000-3,149208.31,165575,0.005857300006027799,0.0029286500030138995,0.0029286500030138995,3.822116900002584,ok,-9.884758,9.884758
Chien,TSP-boundary-n70-g10000-4,56018.19,59062,9.090000094147399e-05,4.5450000470736995e-05,4.5450000470736995e-05,0.05694979999680072,ok,-5.153582,5.153582
Chien,TSP-boundary-n600-g10000-2,149214.38,162343,0.003683800001454074,0.001841900000727037,0.001841900000727037,4.045419300004141,ok,-8.086967,8.086967
Chien,TSP-boundary-n600-g1000-3,14898.922,16513,0.004589500000292901,0.0022947500001464505,0.0022947500001464505,5.026221600011922,ok,-9.7745905,9.7745905
Chien,TSP-boundary-n600-g1000-4,14914.451,16025,0.01173209999979008,0.00586604999989504,0.00586604999989504,4.481437099995674,ok,-6.930102,6.930102
Chien,TSP-boundary-n600-g1000-2,14865.549,16239,0.008862299997417722,0.004431149998708861,0.004431149998708861,28.217762400003267,ok,-8.457732,8.457732
Chien,TSP-boundary-n70-g10000-1,56691.72,58320,9.779999527381733e-05,4.8899997636908665e-05,4.8899997636908665e-05,0.28271879999374505,ok,-2.7919774,2.7919774
Chien,TSP-boundary-n8-g1000-2,2335.8325,3121,9.770000178832561e-05,4.8850000894162804e-05,4.8850000894162804e-05,0.05101590001140721,ok,-25.157562,25.157562
Chien,TSP-boundary-n600-g10000-1,149248.4,156725,0.007805599998391699,0.0039027999991958495,0.0039027999991958495,4.938473899994278,ok,-4.770518,4.770518
Chien,TSP-boundary-n600-g10000-4,149266.84,164626,0.00495000000228174,0.00247500000114087,0.00247500000114087,9.074188800004777,ok,-9.329727,9.329727
Chien,TSP-boundary-n700-g1000-3,16041.268,17579,0.005826199994771741,0.0029130999973858707,0.0029130999973858707,4.697206400000141,ok,-8.747554,8.747554
Chien,TSP-boundary-n700-g10000-3,160193.58,171652,0.002772300002106931,0.0013861500010534655,0.0013861500010534655,8.618686699992395,ok,-6.675379,6.675379
Chien,TSP-boundary-n8-g1000-5,2439.6357,2807,8.170000364771113e-05,4.0850001823855564e-05,4.0850001823855564e-05,0.13262140000006184,ok,-13.087434,13.087434
Chien,TSP-boundary-n8-g10000-2,22141.82,29005,9.449999924981967e-05,4.724999962490983e-05,4.724999962490983e-05,0.3940565999946557,ok,-23.662058,23.662058
Chien,TSP-boundary-n8-g10000-1,24581.943,33402,7.650000043213367e-05,3.825000021606684e-05,3.825000021606684e-05,0.44203390000620857,ok,-26.405773,26.405773
Chien,TSP-boundary-n8-g10000-3,23443.553,34166,8.259999594883993e-05,4.1299997974419966e-05,4.1299997974419966e-05,0.4614666999987094,ok,-31.383387,31.383387
Chien,TSP-boundary-n8-g10000-4,20633.816,25701,8.160000288626179e-05,4.0800001443130895e-05,4.0800001443130895e-05,0.26537049999751616,ok,-19.7159,19.7159
Chien,TSP-boundary-n600-g10000-5,149317.69,157015,0.011175899999216199,0.0055879499996080995,0.0055879499996080995,30.00891010000487,ok,-4.9022784,4.9022784
Chien,TSP-boundary-n8-g1000-3,2452.3232,3478,8.330000127898529e-05,4.1650000639492646e-05,4.1650000639492646e-05,0.05060580000281334,ok,-29.490417,29.490417
Chien,TSP-boundary-n80-g1000-3,6003.4126,6742,0.00010490000568097457,5.2450002840487286e-05,5.2450002840487286e-05,0.34194030000071507,ok,-10.955019,10.955019
Chien,TSP-boundary-n8-g1000-4,2148.3633,2637,7.77000022935681e-05,3.885000114678405e-05,3.885000114678405e-05,0.04904900000838097,ok,-18.530024,18.530024
Chien,TSP-boundary-n700-g10000-4,160409.97,173365,0.002201000002969522,0.001100500001484761,0.001100500001484761,12.89531399999396,ok,-7.472691,7.472691
Chien,TSP-boundary-n80-g10000-3,60129.344,69194,0.00010430000111227855,5.2150000556139275e-05,5.2150000556139275e-05,0.22685530000308063,ok,-13.100349,13.100349
Chien,TSP-boundary-n80-g1000-5,6047.9966,6794,0.00011679999443003908,5.839999721501954e-05,5.839999721501954e-05,0.1019769999984419,ok,-10.980327,10.980327
Chien,TSP-boundary-n700-g1000-4,16014.133,17464,0.006867500000225846,0.003433750000112923,0.003433750000112923,8.795029400003841,ok,-8.302033,8.302033
Chien,TSP-boundary-n700-g1000-1,16031.993,17144,0.01078859999688575,0.005394299998442875,0.005394299998442875,24.911428599996725,ok,-6.4862742,6.4862742
Chien,TSP-boundary-n80-g10000-2,58783.5,61027,0.00010440000187372789,5.2200000936863944e-05,5.2200000936863944e-05,0.11859060000278987,ok,-3.6762416,3.6762416
Chien,TSP-boundary-n700-g1000-2,16030.029,17373,0.008611299999756739,0.004305649999878369,0.004305649999878369,6.92876479998813,ok,-7.7302175,7.7302175
Chien,TSP-boundary-n8-g10000-5,22552.824,31031,8.489999891025946e-05,4.244999945512973e-05,4.244999945512973e-05,0.36348919999727514,ok,-27.321634,27.321634
Chien,TSP-boundary-n80-g1000-2,6020.835,6217,0.00010769999789772555,5.3849998948862776e-05,5.3849998948862776e-05,0.10330799999064766,ok,-3.1553009,3.1553009
Chien,TSP-boundary-n80-g10000-4,60010.27,63042,0.00010070000280393288,5.035000140196644e-05,5.035000140196644e-05,0.11496600000828039,ok,-4.8090644,4.8090644
Chien,TSP-boundary-n700-g10000-2,160159.38,175350,0.0053270999997039326,0.0026635499998519663,0.0026635499998519663,6.62368739998783,ok,-8.663031,8.663031
Chien,TSP-boundary-n80-g1000-4,6037.981,6664,9.650000720284879e-05,4.8250003601424396e-05,4.8250003601424396e-05,0.08627420000266284,ok,-9.394043,9.394043
Chien,TSP-boundary-n700-g1000-5,16036.113,17318,0.007000699995842297,0.0035003499979211483,0.0035003499979211483,12.508719899997232,ok,-7.402048,7.402048
Chien,TSP-boundary-n8-g1000-1,2452.4292,3320,7.929999992484227e-05,3.9649999962421134e-05,3.9649999962421134e-05,0.04225949999818113,ok,-26.13165,26.13165
Chien,TSP-boundary-n80-g10000-1,60168.832,63622,0.0001145999995060265,5.729999975301325e-05,5.729999975301325e-05,0.34240709998994134,ok,-5.427632,5.427632
Chien,TSP-boundary-n80-g1000-1,5959.8447,5681,8.86999987415038e-05,4.43499993707519e-05,4.43499993707519e-05,0.1822433000052115,ok,4.908374,4.908374
Chien,TSP-boundary-n700-g10000-5,160562.94,173629,0.007958800000778865,0.0039794000003894325,0.0039794000003894325,7.7317230999906315,ok,-7.525276,7.525276
Chien,TSP-boundary-n700-g10000-1,160283.12,175616,0.004712699999799952,0.002356349999899976,0.002356349999899976,10.379001500026789,ok,-8.73091,8.73091
Chien,TSP-boundary-n80-g10000-5,60412.094,67313,0.00011139999696752056,5.569999848376028e-05,5.569999848376028e-05,0.10997459999634884,ok,-10.251966,10.251966
Chien,TSP-boundary-n90-g1000-3,6369.6064,6498,0.00010969999857479706,5.484999928739853e-05,5.484999928739853e-05,0.1539069999998901,ok,-1.9758934,1.9758934
Chien,TSP-boundary-n90-g1000-2,6258.676,6651,0.00010879999899771065,5.439999949885532e-05,5.439999949885532e-05,0.1274632999993628,ok,-5.898725,5.898725
Chien,TSP-boundary-n90-g10000-3,62789.92,69192,0.00011389999417588115,5.6949997087940574e-05,5.6949997087940574e-05,0.10653119999915361,ok,-9.252628,9.252628
Chien,TSP-boundary-n90-g1000-4,6252.23,6519,0.00010260000271955505,5.1300001359777525e-05,5.1300001359777525e-05,0.09019919999991544,ok,-4.092192,4.092192
Chien,TSP-boundary-n90-g10000-1,62949.84,67541,0.00010209999891230837,5.104999945615418e-05,5.104999945615418e-05,0.14782820000255015,ok,-6.7975903,6.7975903
Chien,TSP-boundary-n90-g1000-5,6275.4556,6637,0.00010630000178935006,5.315000089467503e-05,5.315000089467503e-05,0.20075950000318699,ok,-5.4474072,5.4474072
Chien,TSP-boundary-n800-g1000-1,17081.629,18611,0.0015312000032281503,0.0007656000016140752,0.0007656000016140752,16.465018899994902,ok,-8.217566,8.217566
Chien,TSP-boundary-n90-g1000-1,6287.803,6593,8.369999704882503e-05,4.184999852441251e-05,4.184999852441251e-05,0.16824620000261348,ok,-4.629103,4.629103
Chien,TSP-boundary-n800-g1000-5,17058.705,18162,0.003626799996709451,0.0018133999983547255,0.0018133999983547255,5.016360900001018,ok,-6.0747437,6.0747437
Chien,TSP-boundary-n800-g1000-3,17064.658,18426,0.006884900001750793,0.0034424500008753967,0.0034424500008753967,5.908687799994368,ok,-7.388157,7.388157
Chien,TSP-boundary-n90-g10000-2,63689.89,64465,0.00010710000060498714,5.355000030249357e-05,5.355000030249357e-05,0.19192660000408068,ok,-1.2023723,1.2023723
Chien,TSP-boundary-n800-g10000-1,170473.3,186065,0.002645799999299925,0.0013228999996499624,0.0013228999996499624,6.679852500004927,ok,-8.379707,8.379707
Chien,TSP-boundary-n800-g10000-4,170724.28,188036,0.004347199996118434,0.002173599998059217,0.002173599998059217,7.187218499995652,ok,-9.206598,9.206598
Chien,TSP-boundary-n90-g10000-5,63507.504,65189,9.96999951894395e-05,4.984999759471975e-05,4.984999759471975e-05,0.5789832000009483,ok,-2.579417,2.579417
Chien,TSP-boundary-n800-g10000-3,170836.98,183429,0.009848800000327174,0.004924400000163587,0.004924400000163587,5.994047500003944,ok,-6.86479,6.86479
Chien,TSP-boundary-n900-g10000-4,180662.83,192765,0.003085899996221997,0.0015429499981109984,0.0015429499981109984,9.116299999994226,ok,-6.2781997,6.2781997
Chien,TSP-clustered-n100-g1000-c10-r10-1,5356.457,4656,0.00010770000517368317,5.385000258684158e-05,5.385000258684158e-05,1.052139099992928,ok,15.04418,15.04418
Chien,TSP-boundary-n900-g10000-1,180504.78,197681,0.00507369999832008,0.00253684999916004,0.00253684999916004,21.687275000003865,ok,-8.688857,8.688857
Chien,TSP-boundary-n800-g10000-5,170632.22,178451,0.007885599996370729,0.0039427999981853645,0.0039427999981853645,18.041770399999223,ok,-4.381472,4.381472
Chien,TSP-boundary-n900-g1000-3,18048.676,19767,0.002935000004072208,0.001467500002036104,0.001467500002036104,343.4526244000008,ok,-8.692893,8.692893
Chien,TSP-clustered-n100-g1000-c10-r10-3,6452.1885,5292,0.00010800000018207356,5.400000009103678e-05,5.400000009103678e-05,2.5103675999998813,ok,21.92344,21.92344
Chien,TSP-boundary-n900-g1000-1,18061.65,19866,0.0031529000043519773,0.0015764500021759886,0.0015764500021759886,10.823129700002028,ok,-9.082602,9.082602
Chien,TSP-boundary-n800-g10000-2,170756.12,184854,0.008086000001640059,0.0040430000008200295,0.0040430000008200295,226.9496613999945,ok,-7.6264915,7.6264915
Chien,TSP-boundary-n900-g1000-2,18046.459,19832,0.0032725999990361743,0.0016362999995180871,0.0016362999995180871,6.772020100004738,ok,-9.003333,9.003333
Chien,TSP-boundary-n900-g10000-2,180508.48,196562,0.005105899996124208,0.002552949998062104,0.002552949998062104,80.47898859999259,ok,-8.167151,8.167151
Chien,TSP-clustered-n100-g1000-c10-r5-1,6105.653,3980,0.00010760000441223383,5.3800002206116915e-05,5.3800002206116915e-05,0.8031785999919521,ok,53.40836,53.40836
Chien,TSP-boundary-n800-g1000-4,17038.434,18601,0.010773200003313832,0.005386600001656916,0.005386600001656916,33.339048099995125,ok,-8.400443,8.400443
Chien,TSP-boundary-n90-g10000-4,63071.36,64892,0.00011039999662898481,5.5199998314492404e-05,5.5199998314492404e-05,0.18991210000240244,ok,-2.8056474,2.8056474
Chien,TSP-clustered-n100-g1000-c10-r10-4,6222.265,5263,9.740000677993521e-05,4.8700003389967605e-05,4.8700003389967605e-05,1.0690195000061067,ok,18.226585,18.226585
Chien,TSP-clustered-n100-g1000-c5-r5-2,5927.897,3523,0.00010660000407369807,5.330000203684904e-05,5.330000203684904e-05,3.1245721000013873,ok,68.26276,68.26276
Chien,TSP-clustered-n100-g1000-c10-r5-2,6157.752,4376,9.349999891128391e-05,4.6749999455641955e-05,4.6749999455641955e-05,1.0825814999989234,ok,40.71645,40.71645
Chien,TSP-clustered-n100-g1000-c10-r5-3,6215.434,4370,9.549999958835542e-05,4.774999979417771e-05,4.774999979417771e-05,2.8935513000033097,ok,42.229614,42.229614
Chien,TSP-clustered-n100-g1000-c10-r5-4,5668.997,4259,0.000109500004327856,5.4750002163928e-05,5.4750002163928e-05,1.2609677000000374,ok,33.106293,33.106293
Chien,TSP-boundary-n800-g1000-2,17072.834,18571,0.008478800002194475,0.004239400001097238,0.004239400001097238,5.513284399989061,ok,-8.067234,8.067234
Chien,TSP-clustered-n100-g1000-c10-r10-5,5659.9937,5213,9.96999951894395e-05,4.984999759471975e-05,4.984999759471975e-05,1.3023149999935413,ok,8.574595,8.574595
Chien,TSP-boundary-n900-g10000-3,180391.03,195494,0.011039400000299793,0.005519700000149896,0.005519700000149896,14.352525299997069,ok,-7.7255406,7.7255406
Chien,TSP-clustered-n100-g1000-c5-r5-5,4480.7144,2920,0.00010430000111227855,5.2150000556139275e-05,5.2150000556139275e-05,3.247115699996357,ok,53.449123,53.449123
Chien,TSP-clustered-n100-g1000-c10-r10-2,6325.12,5027,0.00010150000161956996,5.075000080978498e-05,5.075000080978498e-05,0.7294317000050796,ok,25.822958,25.822958
Chien,TSP-clustered-n100-g1000-c10-r5-5,4912.1104,3812,0.00011709999671438709,5.8549998357193545e-05,5.8549998357193545e-05,3.3784310999908485,ok,28.859138,28.859138
Chien,TSP-clustered-n100-g1000-c5-r5-1,5326.0713,3294,0.00010259999544359744,5.129999772179872e-05,5.129999772179872e-05,4.521199299997534,ok,61.69008,61.69008
Chien,TSP-clustered-n100-g10000-c10-r10-2,57853.12,45066,0.00010479999764356762,5.239999882178381e-05,5.239999882178381e-05,0.14058969999314286,ok,28.37421,28.37421
Chien,TSP-clustered-n100-g10000-c10-r10-5,61605.652,50639,9.869999485090375e-05,4.9349997425451875e-05,4.9349997425451875e-05,0.131095999997342,ok,21.656534,21.656534
Chien,TSP-clustered-n100-g10000-c5-r5-2,55289.324,35317,0.00010309999925084412,5.154999962542206e-05,5.154999962542206e-05,1.541286499996204,ok,56.551586,56.551586
Chien,TSP-clustered-n100-g10000-c10-r5-5,59200.117,43916,0.00011670000094454736,5.835000047227368e-05,5.835000047227368e-05,0.5331836999976076,ok,34.80307,34.80307
Chien,TSP-clustered-n100-g10000-c10-r5-2,52044.766,37465,0.00010209999891230837,5.104999945615418e-05,5.104999945615418e-05,0.5736953000014182,ok,38.915695,38.915695
Chien,TSP-clustered-n100-g10000-c10-r10-1,64755.836,50116,0.0001033000007737428,5.16500003868714e-05,5.16500003868714e-05,0.37529219999851193,ok,29.211899,29.211899
Chien,TSP-boundary-n900-g1000-4,18068.57,19365,0.00615490000200225,0.003077450001001125,0.003077450001001125,10.63208169999416,ok,-6.694705,6.694705
Chien,TSP-clustered-n100-g10000-c10-r10-3,63138.4,45142,0.00019869999960064888,9.934999980032444e-05,9.934999980032444e-05,1.0051226999930805,ok,39.866196,39.866196
Chien,TSP-clustered-n100-g10000-c10-r5-4,58787.66,41412,0.00010189999738940969,5.0949998694704846e-05,5.0949998694704846e-05,0.34294170000066515,ok,41.95803,41.95803
Chien,TSP-clustered-n100-g10000-c10-r5-3,51480.566,39588,0.00010910000128205866,5.455000064102933e-05,5.455000064102933e-05,1.368008200006443,ok,30.040836,30.040836
Chien,TSP-clustered-n100-g10000-c5-r5-5,32070.18,26480,9.879999561235309e-05,4.939999780617654e-05,4.939999780617654e-05,2.1709877000103006,ok,21.11095,21.11095
Chien,TSP-clustered-n100-g1000-c5-r5-4,5071.1367,3194,0.00012560000322991982,6.280000161495991e-05,6.280000161495991e-05,1.6482375000050524,ok,58.770718,58.770718
Chien,TSP-clustered-n100-g1000-c5-r5-3,3397.8052,2413,0.00011639999866019934,5.819999933009967e-05,5.819999933009967e-05,4.277486499995575,ok,40.81248,40.81248
Chien,TSP-clustered-n100-g10000-c10-r5-1,55524.676,33113,0.00012000000424450263,6.000000212225132e-05,6.000000212225132e-05,0.43984540000383276,ok,67.68241,67.68241
Chien,TSP-clustered-n100-g10000-c10-r10-4,54801.414,46682,0.00010549999569775537,5.274999784887768e-05,5.274999784887768e-05,0.062207200011471286,ok,17.39303,17.39303
Chien,TSP-boundary-n900-g10000-5,180441.7,192390,0.012199799995869398,0.006099899997934699,0.006099899997934699,11.862939899991034,ok,-6.2104564,6.2104564
Chien,TSP-clustered-n100-g10000-c5-r5-4,40428.008,25622,0.0001176999940071255,5.884999700356275e-05,5.884999700356275e-05,1.2420207999966806,ok,57.78631,57.78631
Chien,TSP-boundary-n900-g1000-5,18043.637,19786,0.011963600001763552,0.005981800000881776,0.005981800000881776,11.174093099994934,ok,-8.806041,8.806041
Chien,TSP-clustered-n100-g10000-c5-r5-3,50451.06,31841,0.00010070000280393288,5.035000140196644e-05,5.035000140196644e-05,1.3821425999922212,ok,58.446842,58.446842
Chien,TSP-clustered-n1000-g10000-c20-r10-3,187700.39,159226,0.0024278999990201555,0.0012139499995100778,0.0012139499995100778,115.67414400000416,ok,17.883003,17.883003
Chien,TSP-clustered-n500-g1000-c10-r5-2,11111.43,6022,0.0013802999965264462,0.0006901499982632231,0.0006901499982632231,37.60363919999509,ok,84.51395,84.51395
Chien,TSP-clustered-n1000-g1000-c20-r10-4,18415.299,15543,0.004965800006175414,0.002482900003087707,0.002482900003087707,22.273392499992042,ok,18.479694,18.479694
Chien,TSP-clustered-n1000-g10000-c20-r10-2,188621.84,159532,0.009376500005600974,0.004688250002800487,0.004688250002800487,107.06078739999793,ok,18.234488,18.234488
Chien,TSP-clustered-n500-g1000-c20-r10-4,13582.66,11066,0.0002100000056088902,0.0001050000028044451,0.0001050000028044451,19.5994936000061,ok,22.742275,22.742275
Chien,TSP-clustered-n500-g1000-c10-r5-3,12127.341,6167,0.0023780999981681816,0.0011890499990840908,0.0011890499990840908,40.63895039999625,ok,96.64895,96.64895
Chien,TSP-clustered-n1000-g1000-c20-r10-3,18770.646,15891,0.011970999999903142,0.005985499999951571,0.005985499999951571,51.62400969999726,ok,18.12124,18.12124
Chien,TSP-clustered-n1000-g1000-c20-r10-5,17201.68,14436,0.005732199999329168,0.002866099999664584,0.002866099999664584,37.280576500008465,ok,19.158213,19.158213
Chien,TSP-clustered-n1000-g10000-c20-r10-4,187467.14,152731,0.00944829999934882,0.00472414999967441,0.00472414999967441,18.410464400003548,ok,22.743347,22.743347
Chien,TSP-clustered-n500-g1000-c20-r10-1,13126.664,10713,0.0002055000004475005,0.00010275000022375025,0.00010275000022375025,29.613700200003223,ok,22.530235,22.530235
Chien,TSP-clustered-n500-g1000-c10-r5-1,8867.692,5453,0.004405499996209983,0.0022027499981049914,0.0022027499981049914,19.49607520000427,ok,62.620438,62.620438
Chien,TSP-clustered-n500-g10000-c10-r5-1,124550.875,61703,0.0032628999979351647,0.0016314499989675824,0.0016314499989675824,8.997720400002436,ok,101.85545,101.85545
Chien,TSP-clustered-n1000-g10000-c20-r10-5,186334.88,161586,0.007389999998849817,0.0036949999994249083,0.0036949999994249083,224.62628540000878,ok,15.316224,15.316224
Chien,TSP-clustered-n500-g1000-c10-r5-4,12369.234,6363,0.003561700003047008,0.001780850001523504,0.001780850001523504,50.842930500002694,ok,94.39312,94.39312
Chien,TSP-clustered-n500-g1000-c10-r5-5,11990.679,6104,0.0034113000001525506,0.0017056500000762753,0.0017056500000762753,32.13442910001322,ok,96.43969,96.43969
Chien,TSP-clustered-n500-g1000-c20-r10-3,13510.15,11762,0.004404299994348548,0.002202149997174274,0.002202149997174274,2.0465935000102036,ok,14.862697,14.862697
Chien,TSP-clustered-n500-g1000-c20-r10-5,13279.113,11171,0.0005041000040364452,0.0002520500020182226,0.0002520500020182226,10.501491299990448,ok,18.871304,18.871304
Chien,TSP-clustered-n500-g10000-c20-r10-1,127980.766,112649,0.0019303000008221716,0.0009651500004110858,0.0009651500004110858,8.870767899992643,ok,13.610209,13.610209
Chien,TSP-correlated-n10-g1000-1,2532.1523,2694,8.83999964571558e-05,4.41999982285779e-05,4.41999982285779e-05,0.07115970000450034,ok,-6.007708,6.007708
Chien,TSP-clustered-n100-g10000-c5-r5-1,50166.75,30848,0.00010280000424245372,5.140000212122686e-05,5.140000212122686e-05,1.4352475000050617,ok,62.625618,62.625618
Chien,TSP-clustered-n500-g10000-c10-r5-2,107453.766,56755,0.00018229999841423705,9.114999920711853e-05,9.114999920711853e-05,11.221550100002787,ok,89.32916,89.32916
Chien,TSP-clustered-n1000-g10000-c20-r10-1,177422.11,146479,0.013139599999703933,0.006569799999851966,0.006569799999851966,9.43321869999636,ok,21.124605,21.124605
Chien,TSP-clustered-n500-g10000-c20-r10-5,135023.78,114328,0.000724000004993286,0.000362000002496643,0.000362000002496643,6.9921853999985615,ok,18.102112,18.102112
Chien,TSP-clustered-n500-g10000-c10-r5-5,129762.664,61953,0.0036508000048343092,0.0018254000024171546,0.0018254000024171546,18.1173351000034,ok,109.45341,109.45341
Chien,TSP-correlated-n10-g10000-1,20647.902,25534,7.230000483104959e-05,3.6150002415524796e-05,3.6150002415524796e-05,0.11964720000105444,ok,-19.135653,19.135653
Chien,TSP-clustered-n500-g1000-c20-r10-2,13426.22,11918,0.011202800000319257,0.005601400000159629,0.005601400000159629,4.350630300003104,ok,12.654974,12.654974
Chien,TSP-clustered-n500-g10000-c20-r10-4,134570.52,115408,0.0010857000015676022,0.0005428500007838011,0.0005428500007838011,4.342118600005051,ok,16.604147,16.604147
Chien,TSP-correlated-n100-g1000-2,6389.989,4929,0.00010179999662796035,5.089999831398018e-05,5.089999831398018e-05,0.1714053000032436,ok,29.64067,29.64067
Chien,TSP-clustered-n1000-g1000-c20-r10-2,18414.607,15203,0.00416889999905834,0.00208444999952917,0.00208444999952917,15.93639620000613,ok,21.124826,21.124826
Chien,TSP-correlated-n10-g10000-4,20633.855,23264,9.20999955269508e-05,4.60499977634754e-05,4.60499977634754e-05,0.052583500000764616,ok,-11.305642,11.305642
Chien,TSP-clustered-n1000-g1000-c20-r10-1,18657.22,15160,0.011991599996690638,0.005995799998345319,0.005995799998345319,123.27919690000999,ok,23.068737,23.068737
Chien,TSP-clustered-n500-g10000-c10-r5-3,125911.16,68860,0.0017099000033340417,0.0008549500016670208,0.0008549500016670208,97.15307070000563,ok,82.85094,82.85094
Chien,TSP-clustered-n500-g10000-c10-r5-4,112581.83,56914,0.006163000005471986,0.003081500002735993,0.003081500002735993,29.798959199993988,ok,97.81043,97.81043
Chien,TSP-correlated-n10-g10000-2,21403.645,23420,8.099999831756577e-05,4.0499999158782884e-05,4.0499999158782884e-05,0.041838999997708015,ok,-8.609545,8.609545
Chien,TSP-correlated-n10-g1000-2,2183.518,2486,8.630000229459256e-05,4.315000114729628e-05,4.315000114729628e-05,0.044379200000548735,ok,-12.167415,12.167415
Chien,TSP-correlated-n100-g1000-1,6382.037,4639,0.00010719999409047887,5.3599997045239434e-05,5.3599997045239434e-05,0.18923450000875164,ok,37.57355,37.57355
Chien,TSP-clustered-n500-g10000-c20-r10-2,133312.3,106730,0.0016350000005331822,0.0008175000002665911,0.0008175000002665911,16.4446706000017,ok,24.906115,24.906115
Chien,TSP-correlated-n10-g1000-3,2312.2026,2640,8.170000364771113e-05,4.0850001823855564e-05,4.0850001823855564e-05,0.192071900004521,ok,-12.416567,12.416567
Chien,TSP-correlated-n10-g1000-4,2093.647,2387,9.159999899566174e-05,4.579999949783087e-05,4.579999949783087e-05,0.12711860000854358,ok,-12.289611,12.289611
Chien,TSP-correlated-n10-g10000-5,21740.195,23777,0.00010150000161956996,5.075000080978498e-05,5.075000080978498e-05,0.04085029999259859,ok,-8.566281,8.566281
Chien,TSP-correlated-n100-g10000-3,63921.77,50000,0.00010959999781334773,5.4799998906673864e-05,5.4799998906673864e-05,0.507085500008543,ok,27.843538,27.843538
Chien,TSP-correlated-n100-g10000-5,62142.22,49729,0.00011420000373618677,5.7100001868093386e-05,5.7100001868093386e-05,0.3912067999917781,ok,24.96173,24.96173
Chien,TSP-correlated-n100-g1000-3,6382.4976,4989,0.0001047000041580759,5.235000207903795e-05,5.235000207903795e-05,0.3519467000005534,ok,27.9314,27.9314
Chien,TSP-clustered-n500-g10000-c20-r10-3,134544.11,118909,0.006887899995490443,0.0034439499977452215,0.0034439499977452215,10.678595999997924,ok,13.148803,13.148803
Chien,TSP-correlated-n100-g10000-1,63768.93,49407,9.169999975711107e-05,4.5849999878555536e-05,4.5849999878555536e-05,0.3402922999957809,ok,29.068613,29.068613
Chien,TSP-correlated-n100-g1000-4,6376.409,4543,0.0001157000006060116,5.78500003030058e-05,5.78500003030058e-05,0.3382789000024786,ok,40.356792,40.356792
Chien,TSP-correlated-n10-g10000-3,22671.295,24736,8.22000001790002e-05,4.11000000895001e-05,4.11000000895001e-05,0.055550299992319196,ok,-8.346965,8.346965
Chien,TSP-correlated-n100-g10000-2,63500.707,46965,0.00010589999874355271,5.294999937177636e-05,5.294999937177636e-05,0.1191878999961773,ok,35.208572,35.208572
Chien,TSP-correlated-n20-g1000-1,2853.5015,2623,9.110000246437266e-05,4.555000123218633e-05,4.555000123218633e-05,0.05801619999692775,ok,8.7877035,8.7877035
Chien,TSP-correlated-n10-g1000-5,1966.8414,2249,0.00010679999832063913,5.339999916031957e-05,5.339999916031957e-05,0.12945190000755247,ok,-12.545957,12.545957
Chien,TSP-correlated-n100-g10000-4,63386.887,47860,9.800000407267362e-05,4.900000203633681e-05,4.900000203633681e-05,0.2945146999991266,ok,32.442303,32.442303
Chien,TSP-correlated-n100-g1000-5,6448.6094,5080,0.0001033000007737428,5.16500003868714e-05,5.16500003868714e-05,0.2262345000053756,ok,26.94113,26.94113
Chien,TSP-correlated-n20-g1000-3,3068.6042,2991,9.480000153416768e-05,4.740000076708384e-05,4.740000076708384e-05,0.07763019998674281,ok,2.594592,2.594592
Chien,TSP-correlated-n20-g10000-3,27380.592,27248,8.47000046633184e-05,4.23500023316592e-05,4.23500023316592e-05,0.043154800005140714,ok,0.4866111,0.4866111
Chien,TSP-correlated-n20-g1000-4,3070.6145,2974,0.0001320000010309741,6.600000051548705e-05,6.600000051548705e-05,0.06534440000541508,ok,3.2486384,3.2486384
Chien,TSP-correlated-n1000-g10000-2,187248.25,145501,0.0014771999994991347,0.0007385999997495674,0.0007385999997495674,2115.611118800007,ok,28.69207,28.69207
Chien,TSP-correlated-n200-g1000-4,8728.462,6818,0.0001354000050923787,6.770000254618935e-05,6.770000254618935e-05,1.1035255000024335,ok,28.020855,28.020855
Chien,TSP-correlated-n20-g1000-2,3392.0698,3010,8.97999998414889e-05,4.489999992074445e-05,4.489999992074445e-05,0.08906469999055844,ok,12.69335,12.69335
Chien,TSP-correlated-n200-g1000-1,8714.806,6771,0.0001269999993382953,6.349999966914766e-05,6.349999966914766e-05,0.9605453999974998,ok,28.707808,28.707808
Chien,TSP-correlated-n20-g10000-5,31151.164,28601,0.00010589999874355271,5.294999937177636e-05,5.294999937177636e-05,0.041203000000678,ok,8.916346,8.916346
Chien,TSP-correlated-n20-g10000-1,28016.791,27076,8.629999501863495e-05,4.314999750931747e-05,4.314999750931747e-05,0.05447940000158269,ok,3.4746308,3.4746308
Chien,TSP-correlated-n20-g10000-2,27921.152,27481,7.950000144774094e-05,3.975000072387047e-05,3.975000072387047e-05,0.04422020001220517,ok,1.6016606,1.6016606
Chien,TSP-correlated-n1000-g1000-4,18742.773,14397,0.006588199998077471,0.0032940999990387354,0.0032940999990387354,17.90100720000919,ok,30.18527,30.18527
Chien,TSP-correlated-n20-g1000-5,2895.007,2761,8.420000085607171e-05,4.2100000428035855e-05,4.2100000428035855e-05,0.06756019999738783,ok,4.8535705,4.8535705
Chien,TSP-correlated-n20-g10000-4,25712.713,25114,7.809999806340784e-05,3.904999903170392e-05,3.904999903170392e-05,0.044350500000291504,ok,2.3839805,2.3839805
Chien,TSP-correlated-n1000-g1000-3,18722.99,14368,0.010813699998834636,0.005406849999417318,0.005406849999417318,16.153673600012553,ok,30.310345,30.310345
Chien,TSP-correlated-n1000-g10000-4,187438.17,142064,0.0020265000057406723,0.0010132500028703362,0.0010132500028703362,243.73681160001433,ok,31.939247,31.939247
Chien,TSP-correlated-n200-g1000-3,8730.823,7272,0.00013520000356948003,6.760000178474002e-05,6.760000178474002e-05,1.07515040000726,ok,20.060825,20.060825
Chien,TSP-correlated-n1000-g1000-5,18743.71,14121,0.009575899995979853,0.0047879499979899265,0.0047879499979899265,253.13229649999994,ok,32.736427,32.736427
Chien,TSP-correlated-n1000-g10000-3,187270.17,145136,0.010654899997462053,0.005327449998731026,0.005327449998731026,6.641579799994361,ok,29.03082,29.03082
Chien,TSP-correlated-n200-g10000-3,87506.07,69044,0.00011639999866019934,5.819999933009967e-05,5.819999933009967e-05,2.7228700000123354,ok,26.739574,26.739574
Chien,TSP-correlated-n1000-g1000-2,18755.117,14546,0.006687799999781419,0.0033438999998907093,0.0033438999998907093,19.935671100014588,ok,28.936594,28.936594
Chien,TSP-correlated-n200-g10000-5,87925.06,65583,0.00012600000627571717,6.300000313785858e-05,6.300000313785858e-05,1.777247999998508,ok,34.06685,34.06685
Chien,TSP-correlated-n30-g1000-4,3730.7,3172,8.600000001024455e-05,4.3000000005122274e-05,4.3000000005122274e-05,0.11305780000111554,ok,17.613491,17.613491
Chien,TSP-correlated-n200-g10000-4,87942.47,62683,0.0001323000033153221,6.615000165766105e-05,6.615000165766105e-05,1.3322217999957502,ok,40.29716,40.29716
Chien,TSP-correlated-n30-g1000-1,3750.3364,3128,9.48999950196594e-05,4.74499975098297e-05,4.74499975098297e-05,0.044945300003746524,ok,19.895666,19.895666
Chien,TSP-correlated-n200-g1000-2,8686.605,6390,0.00012399999832268804,6.199999916134402e-05,6.199999916134402e-05,1.1352532000018982,ok,35.940617,35.940617
Chien,TSP-correlated-n30-g10000-2,38264.066,33943,9.339999814983457e-05,4.669999907491729e-05,4.669999907491729e-05,0.08699280000291765,ok,12.730362,12.730362
Chien,TSP-correlated-n200-g10000-1,87416.03,66282,0.00013219999527791515,6.609999763895757e-05,6.609999763895757e-05,1.1826494000124512,ok,31.885025,31.885025
Chien,TSP-correlated-n30-g10000-3,35456.45,31821,9.139999747276306e-05,4.569999873638153e-05,4.569999873638153e-05,0.0533492000104161,ok,11.424686,11.424686
Chien,TSP-correlated-n200-g1000-5,8753.534,6192,0.00014279999595601112,7.139999797800556e-05,7.139999797800556e-05,0.9919045999995433,ok,41.368446,41.368446
Chien,TSP-correlated-n30-g1000-2,3692.6738,3151,9.020000288728625e-05,4.510000144364312e-05,4.510000144364312e-05,0.05031389999203384,ok,17.190536,17.190536
Chien,TSP-correlated-n30-g10000-4,38586.438,30655,8.800000068731606e-05,4.400000034365803e-05,4.400000034365803e-05,0.1596713000035379,ok,25.873226,25.873226
Chien,TSP-correlated-n1000-g1000-1,18715.162,14073,0.01456490000418853,0.007282450002094265,0.007282450002094265,9.94050110000535,ok,32.9863,32.9863
Chien,TSP-correlated-n30-g1000-3,3731.6858,3279,8.70000003487803e-05,4.350000017439015e-05,4.350000017439015e-05,0.0734733999997843,ok,13.805606,13.805606
Chien,TSP-correlated-n40-g1000-2,4327.3877,3295,8.550000347895548e-05,4.275000173947774e-05,4.275000173947774e-05,0.045490499993320554,ok,31.331947,31.331947
Chien,TSP-correlated-n200-g10000-2,86867.1,61838,0.00012849999620812014,6.424999810406007e-05,6.424999810406007e-05,1.1510228000115603,ok,40.475277,40.475277
Chien,TSP-correlated-n1000-g10000-1,187406.48,143934,0.012456600001314655,0.0062283000006573275,0.0062283000006573275,18.70663129998138,ok,30.203068,30.203068
Chien,TSP-correlated-n30-g10000-1,39358.76,32711,9.520000457996503e-05,4.760000228998251e-05,4.760000228998251e-05,0.055189100006828085,ok,20.32271,20.32271
Chien,TSP-correlated-n30-g10000-5,37416.195,34043,0.0001005000012810342,5.02500006405171e-05,5.02500006405171e-05,0.09290290001081303,ok,9.908631,9.908631
Chien,TSP-correlated-n300-g10000-2,105287.91,82442,0.0013477000029524788,0.0006738500014762394,0.0006738500014762394,2.7626813999959268,ok,27.71149,27.71149
Chien,TSP-correlated-n40-g1000-3,4079.8162,3285,0.00010149999434361234,5.074999717180617e-05,5.074999717180617e-05,0.08617850000155158,ok,24.195316,24.195316
Chien,TSP-correlated-n300-g1000-4,10569.688,8036,0.0012944999980391003,0.0006472499990195502,0.0006472499990195502,1.6500839999935124,ok,31.529224,31.529224
Chien,TSP-correlated-n300-g10000-1,105346.29,76971,0.00015580000035697594,7.790000017848797e-05,7.790000017848797e-05,1.5343295999919064,ok,36.86491,36.86491
Chien,TSP-correlated-n300-g1000-5,10514.114,7980,0.0001536999989184551,7.684999945922755e-05,7.684999945922755e-05,2.6704618000076152,ok,31.755817,31.755817
Chien,TSP-correlated-n1000-g10000-5,187217.31,141657,0.011690100000123493,0.005845050000061747,0.005845050000061747,4.8632092000043485,ok,32.162415,32.162415
Chien,TSP-correlated-n300-g10000-3,106120.734,80614,0.0015483999959542416,0.0007741999979771208,0.0007741999979771208,2.1563928999967175,ok,31.640577,31.640577
Chien,TSP-correlated-n40-g1000-5,4200.2393,3317,0.00012560000322991982,6.280000161495991e-05,6.280000161495991e-05,0.07137550000334159,ok,26.627653,26.627653
Chien,TSP-correlated-n40-g10000-3,41671.508,35005,9.229999704984948e-05,4.614999852492474e-05,4.614999852492474e-05,0.09995040000649169,ok,19.044443,19.044443
Chien,TSP-correlated-n300-g1000-2,10580.428,8169,0.0009959000017261133,0.0004979500008630566,0.0004979500008630566,2.150467400002526,ok,29.51925,29.51925
Chien,TSP-correlated-n40-g1000-1,3962.6353,3609,9.819999831961468e-05,4.909999915980734e-05,4.909999915980734e-05,0.05630179999570828,ok,9.798705,9.798705
Chien,TSP-correlated-n300-g10000-5,105548.12,78142,0.00015390000044135377,7.695000022067688e-05,7.695000022067688e-05,2.6780951999971876,ok,35.072197,35.072197
Chien,TSP-correlated-n30-g1000-5,3681.196,2946,7.46000005165115e-05,3.730000025825575e-05,3.730000025825575e-05,0.057796099994448014,ok,24.955738,24.955738
Chien,TSP-correlated-n40-g1000-4,4260.792,3108,8.890000026440248e-05,4.445000013220124e-05,4.445000013220124e-05,0.06814760000270326,ok,37.091118,37.091118
Chien,TSP-correlated-n300-g1000-3,10611.382,8036,0.003975300001911819,0.0019876500009559095,0.0019876500009559095,2.180775500004529,ok,32.048054,32.048054
Chien,TSP-correlated-n400-g1000-4,12119.2295,9030,0.0007537999990745448,0.0003768999995372724,0.0003768999995372724,13.66952909999236,ok,34.210735,34.210735
Chien,TSP-correlated-n300-g10000-4,105257.164,76189,0.0024444999944535084,0.0012222499972267542,0.0012222499972267542,6.393391400008113,ok,38.152702,38.152702
Chien,TSP-correlated-n40-g10000-2,37815.293,33765,0.00010150000161956996,5.075000080978498e-05,5.075000080978498e-05,0.1057967000087956,ok,11.995537,11.995537
Chien,TSP-correlated-n40-g10000-4,42448.94,34842,0.00010239999392069876,5.119999696034938e-05,5.119999696034938e-05,0.11325110000325367,ok,21.832678,21.832678
Chien,TSP-correlated-n400-g1000-1,12068.141,9016,0.0008984000014606863,0.00044920000073034316,0.00044920000073034316,1.6924141999916174,ok,33.85249,33.85249
Chien,TSP-correlated-n400-g1000-2,12084.247,9418,0.0020618999988073483,0.0010309499994036742,0.0010309499994036742,1.7374679999920772,ok,28.31012,28.31012
Chien,TSP-correlated-n400-g10000-1,120104.77,92909,0.00144420000287937,0.000722100001439685,0.000722100001439685,2.9661297999991802,ok,29.271408,29.271408
Chien,TSP-correlated-n40-g10000-1,42122.875,35122,0.00010900000052060932,5.450000026030466e-05,5.450000026030466e-05,0.09488409999175929,ok,19.93302,19.93302
Chien,TSP-correlated-n5-g1000-1,1451.5507,1996,8.600000001024455e-05,4.3000000005122274e-05,4.3000000005122274e-05,0.045453400001861155,ok,-27.27702,27.27702
Chien,TSP-correlated-n5-g1000-3,1807.4521,2473,8.340000204043463e-05,4.1700001020217314e-05,4.1700001020217314e-05,0.08004669999354519,ok,-26.91257,26.91257
Chien,TSP-correlated-n5-g1000-2,1752.2988,2249,8.410000009462237e-05,4.205000004731119e-05,4.205000004731119e-05,0.037372599996160716,ok,-22.085424,22.085424
Chien,TSP-correlated-n400-g10000-4,121049.836,92362,0.0014392000011866912,0.0007196000005933456,0.0007196000005933456,1.9188904999900842,ok,31.060215,31.060215
Chien,TSP-correlated-n40-g10000-5,43278.133,33983,9.349999891128391e-05,4.6749999455641955e-05,4.6749999455641955e-05,0.05468570000084583,ok,27.352303,27.352303
Chien,TSP-correlated-n400-g1000-3,12096.667,9560,0.00017640000442042947,8.820000221021473e-05,8.820000221021473e-05,7.199269799995818,ok,26.534172,26.534172
Chien,TSP-correlated-n5-g1000-5,2032.7424,2556,7.850000110920519e-05,3.925000055460259e-05,3.925000055460259e-05,0.15360240000882186,ok,-20.471735,20.471735
Chien,TSP-correlated-n50-g10000-4,45068.586,37634,9.469999349676073e-05,4.734999674838036e-05,4.734999674838036e-05,0.2106606000015745,ok,19.754972,19.754972
Chien,TSP-correlated-n5-g10000-1,17439.129,19764,9.929999941959977e-05,4.9649999709799886e-05,4.9649999709799886e-05,0.05220239999471232,ok,-11.763161,11.763161
Chien,TSP-correlated-n50-g10000-1,44191.477,36474,0.00011760000052163377,5.880000026081689e-05,5.880000026081689e-05,0.0801904999971157,ok,21.158842,21.158842
Chien,TSP-correlated-n50-g1000-1,4703.9863,3758,0.00010919999476755038,5.459999738377519e-05,5.459999738377519e-05,0.17227270000148565,ok,25.1726,25.1726
Chien,TSP-correlated-n50-g10000-2,46857.156,36115,8.879999950295314e-05,4.439999975147657e-05,4.439999975147657e-05,0.054101299989270046,ok,29.744307,29.744307
Chien,TSP-correlated-n50-g1000-4,4578.6265,3680,8.390000584768131e-05,4.195000292384066e-05,4.195000292384066e-05,0.13982520000718068,ok,24.419197,24.419197
Chien,TSP-correlated-n400-g1000-5,12109.435,8948,0.0051371000008657575,0.0025685500004328787,0.0025685500004328787,2.7345081999956165,ok,35.33119,35.33119
Chien,TSP-correlated-n400-g10000-2,120443.97,89824,0.0029499000011128373,0.0014749500005564187,0.0014749500005564187,7.414559700002428,ok,34.088852,34.088852
Chien,TSP-correlated-n50-g10000-5,46153.14,37513,9.200000204145908e-05,4.600000102072954e-05,4.600000102072954e-05,0.11279840000497643,ok,23.03239,23.03239
Chien,TSP-correlated-n5-g10000-3,18382.387,23603,8.069999603321776e-05,4.034999801660888e-05,4.034999801660888e-05,0.057955199998104945,ok,-22.118431,22.118431
Chien,TSP-correlated-n50-g1000-3,4497.569,3677,9.680000221123919e-05,4.8400001105619594e-05,4.8400001105619594e-05,0.11122229999455158,ok,22.31626,22.31626
Chien,TSP-correlated-n5-g10000-5,18064.469,23785,7.389999518636614e-05,3.694999759318307e-05,3.694999759318307e-05,0.06151720001071226,ok,-24.051003,24.051003
Chien,TSP-correlated-n50-g10000-3,45391.594,34342,9.259999933419749e-05,4.6299999667098746e-05,4.6299999667098746e-05,0.04768020000483375,ok,32.17516,32.17516
Chien,TSP-correlated-n60-g1000-2,5143.9253,3946,8.919999527279288e-05,4.459999763639644e-05,4.459999763639644e-05,0.06346749998920131,ok,30.357965,30.357965
Chien,TSP-correlated-n60-g1000-3,5082.004,4126,8.809999417280778e-05,4.404999708640389e-05,4.404999708640389e-05,0.0615923000004841,ok,23.170237,23.170237
Chien,TSP-correlated-n5-g10000-4,16188.65,21395,9.29000016185455e-05,4.645000080927275e-05,4.645000080927275e-05,0.04538270000193734,ok,-24.334421,24.334421
Chien,TSP-correlated-n50-g1000-5,4732.265,3522,8.359999628737569e-05,4.1799998143687844e-05,4.1799998143687844e-05,0.13482859999930952,ok,34.363007,34.363007
Chien,TSP-correlated-n5-g10000-2,13321.1,16625,9.109999518841505e-05,4.5549997594207525e-05,4.5549997594207525e-05,0.051026200002525,ok,-19.873085,19.873085
Chien,TSP-correlated-n50-g1000-2,4727.7075,3711,9.680000221123919e-05,4.8400001105619594e-05,4.8400001105619594e-05,0.06190909999713767,ok,27.397133,27.397133
Chien,TSP-correlated-n400-g10000-3,119892.06,91906,0.003724599999259226,0.001862299999629613,0.001862299999629613,1.7399778999970295,ok,30.450747,30.450747
Chien,TSP-correlated-n5-g1000-4,2030.1626,2624,9.129999671131372e-05,4.564999835565686e-05,4.564999835565686e-05,0.03742190000775736,ok,-22.630999,22.630999
Chien,TSP-correlated-n400-g10000-5,121309.1,89783,0.0027056000035372563,0.0013528000017686281,0.0013528000017686281,5.465811999994912,ok,35.113667,35.113667
Chien,TSP-correlated-n300-g1000-1,10565.626,7762,0.008545000004232861,0.0042725000021164306,0.0042725000021164306,6.073619000002509,ok,36.11989,36.11989
Chien,TSP-correlated-n500-g1000-1,13441.446,10216,0.0015549000017927028,0.0007774500008963514,0.0007774500008963514,4.51599780000106,ok,31.572496,31.572496
Chien,TSP-correlated-n60-g1000-4,4838.938,3692,0.00010089999705087394,5.044999852543697e-05,5.044999852543697e-05,0.04435599999851547,ok,31.065495,31.065495
Chien,TSP-correlated-n60-g1000-5,5134.0713,3920,8.890000026440248e-05,4.445000013220124e-05,4.445000013220124e-05,0.16406549999373965,ok,30.971205,30.971205
Chien,TSP-correlated-n500-g10000-4,134153.89,103378,0.00021569999807979912,0.00010784999903989956,0.00010784999903989956,9.414072300001862,ok,29.770252,29.770252
Chien,TSP-correlated-n500-g1000-2,13455.343,10307,0.00019269999756943434,9.634999878471717e-05,9.634999878471717e-05,2.817902100010542,ok,30.545675,30.545675
Chien,TSP-correlated-n60-g10000-4,51134.715,41936,8.259999594883993e-05,4.1299997974419966e-05,4.1299997974419966e-05,0.057771499996306375,ok,21.935127,21.935127
Chien,TSP-correlated-n500-g10000-1,134207.4,100740,0.002209500002209097,0.0011047500011045486,0.0011047500011045486,8.223050400003558,ok,33.221565,33.221565
Chien,TSP-correlated-n60-g10000-2,51603.66,40743,9.850000060396269e-05,4.9250000301981345e-05,4.9250000301981345e-05,0.10982579999836162,ok,26.656506,26.656506
Chien,TSP-correlated-n500-g10000-2,134458.94,105714,0.0015247000046656467,0.0007623500023328234,0.0007623500023328234,2.2101440000114962,ok,27.19123,27.19123
Chien,TSP-correlated-n500-g1000-4,13430.996,10232,0.0035750000024563633,0.0017875000012281816,0.0017875000012281816,5.149718999993638,ok,31.264622,31.264622
Chien,TSP-correlated-n60-g1000-1,5104.3843,3823,9.879999561235309e-05,4.939999780617654e-05,4.939999780617654e-05,0.2623009999952046,ok,33.51777,33.51777
Chien,TSP-correlated-n60-g10000-1,50868.137,38293,8.680000610183924e-05,4.340000305091962e-05,4.340000305091962e-05,0.086310600003344,ok,32.839256,32.839256
Chien,TSP-correlated-n500-g1000-3,13466.379,10198,0.004236100001435261,0.0021180500007176306,0.0021180500007176306,4.867875299998559,ok,32.049213,32.049213
Chien,TSP-correlated-n500-g1000-5,13445.467,10319,0.006080899998778477,0.0030404499993892387,0.0030404499993892387,2.551823100002366,ok,30.298155,30.298155
Chien,TSP-correlated-n60-g10000-5,49884.242,37003,0.0001142999972216785,5.714999861083925e-05,5.714999861083925e-05,0.3758683000050951,ok,34.811344,34.811344
Chien,TSP-correlated-n500-g10000-5,134558.48,100578,0.0030966999984229915,0.0015483499992114957,0.0015483499992114957,6.062073399996734,ok,33.785206,33.785206
Chien,TSP-correlated-n70-g1000-4,5422.254,4146,0.00010589999874355271,5.294999937177636e-05,5.294999937177636e-05,0.24823620000097435,ok,30.782778,30.782778
Chien,TSP-correlated-n600-g1000-3,14537.159,11583,0.0025756999966688454,0.0012878499983344227,0.0012878499983344227,5.945843399997102,ok,25.504267,25.504267
Chien,TSP-correlated-n500-g10000-3,134771.81,103144,0.001965200004633516,0.000982600002316758,0.000982600002316758,3.398781500000041,ok,30.663744,30.663744
Chien,TSP-correlated-n70-g10000-1,55353.164,43111,0.000320099999953527,0.0001600499999767635,0.0001600499999767635,0.09861749999981839,ok,28.396845,28.396845
Chien,TSP-correlated-n70-g1000-2,5489.3506,4261,0.00010560000373516232,5.280000186758116e-05,5.280000186758116e-05,0.07410230000095908,ok,28.827753,28.827753
Chien,TSP-correlated-n60-g10000-3,47408.4,38548,0.0001123000038205646,5.61500019102823e-05,5.61500019102823e-05,0.2666594000038458,ok,22.985365,22.985365
Chien,TSP-correlated-n70-g1000-3,5489.7637,4337,0.00010309999925084412,5.154999962542206e-05,5.154999962542206e-05,0.07334149999951478,ok,26.579746,26.579746
Chien,TSP-correlated-n70-g1000-1,5412.296,4242,0.00012659999629249796,6.329999814624898e-05,6.329999814624898e-05,0.08318600000347942,ok,27.588305,27.588305
Chien,TSP-correlated-n600-g10000-4,146198.6,111193,0.0039008999956422485,0.0019504499978211243,0.0019504499978211243,4.569467399996938,ok,31.481833,31.481833
Chien,TSP-correlated-n70-g10000-3,55174.914,41045,8.89999937498942e-05,4.44999968749471e-05,4.44999968749471e-05,1.2289904999925056,ok,34.42542,34.42542
Chien,TSP-correlated-n600-g1000-4,14670.241,11436,0.007855600000766572,0.003927800000383286,0.003927800000383286,3.922088100007386,ok,28.281227,28.281227
Chien,TSP-correlated-n70-g1000-5,5463.856,4149,9.850000060396269e-05,4.9250000301981345e-05,4.9250000301981345e-05,0.09927320000133477,ok,31.690914,31.690914
Chien,TSP-correlated-n600-g10000-5,146105.5,114788,0.007506099995225668,0.003753049997612834,0.003753049997612834,14.73861419998866,ok,27.282906,27.282906
Chien,TSP-correlated-n600-g1000-5,14680.926,11480,0.004239800000505056,0.002119900000252528,0.002119900000252528,4.827098800000385,ok,27.88263,27.88263
Chien,TSP-correlated-n70-g10000-2,53250.645,41743,0.00010289999772794545,5.1449998863972723e-05,5.1449998863972723e-05,0.05644820000452455,ok,27.567842,27.567842
Chien,TSP-correlated-n70-g10000-5,51039.6,38287,9.550000686431304e-05,4.775000343215652e-05,4.775000343215652e-05,0.13563040000735782,ok,33.307915,33.307915
Chien,TSP-correlated-n600-g10000-3,146220.28,113170,0.004659399994125124,0.002329699997062562,0.002329699997062562,3.918597399999271,ok,29.2041,29.2041
Chien,TSP-correlated-n8-g1000-1,1061.5565,1284,8.850000449456275e-05,4.425000224728137e-05,4.425000224728137e-05,0.040469999992637895,ok,-17.324259,17.324259
Chien,TSP-correlated-n8-g1000-2,1808.3379,2374,8.030000026337802e-05,4.015000013168901e-05,4.015000013168901e-05,0.043660600000293925,ok,-23.827385,23.827385
Chien,TSP-correlated-n600-g10000-1,146878.52,109530,0.007166700001107529,0.0035833500005537644,0.0035833500005537644,6.893852000008337,ok,34.098892,34.098892
Chien,TSP-correlated-n70-g10000-4,54206.375,38370,0.0001145999995060265,5.729999975301325e-05,5.729999975301325e-05,0.17998110000917222,ok,41.272804,41.272804
Chien,TSP-correlated-n8-g1000-4,2338.5269,2567,9.429999772692099e-05,4.7149998863460496e-05,4.7149998863460496e-05,0.11194259999319911,ok,-8.900395,8.900395
Chien,TSP-correlated-n700-g1000-4,15784.314,12183,0.0042927999966195785,0.0021463999983097892,0.0021463999983097892,14.541918500006432,ok,29.560162,29.560162
Chien,TSP-correlated-n8-g1000-5,2142.5974,2692,8.580000576330349e-05,4.2900002881651744e-05,4.2900002881651744e-05,0.10675679999985732,ok,-20.408714,20.408714
Chien,TSP-correlated-n700-g1000-5,15772.736,12603,0.004561499998089857,0.0022807499990449287,0.0022807499990449287,45.114398699995945,ok,25.15065,25.15065
Chien,TSP-correlated-n8-g10000-1,24738.43,26603,7.819999882485718e-05,3.909999941242859e-05,3.909999941242859e-05,0.04170960000192281,ok,-7.008872,7.008872
Chien,TSP-correlated-n8-g1000-3,2194.5615,2608,8.97999998414889e-05,4.489999992074445e-05,4.489999992074445e-05,0.043881299992790446,ok,-15.852701,15.852701
Chien,TSP-correlated-n700-g1000-1,15756.032,12104,0.0028117000038037077,0.0014058500019018538,0.0014058500019018538,10.171494900001562,ok,30.17211,30.17211
Chien,TSP-correlated-n8-g10000-2,20573.951,23828,9.249999857274815e-05,4.624999928637408e-05,4.624999928637408e-05,0.05568340000172611,ok,-13.656407,13.656407
Chien,TSP-correlated-n700-g1000-2,15778.208,12343,0.002686599997105077,0.0013432999985525385,0.0013432999985525385,6.482417599996552,ok,27.831224,27.831224
Chien,TSP-correlated-n600-g1000-1,14646.498,11680,0.005570899993472267,0.0027854499967361335,0.0027854499967361335,3.8594879000011133,ok,25.3981,25.3981
Chien,TSP-correlated-n8-g10000-4,20283.8,24957,7.709999772487208e-05,3.854999886243604e-05,3.854999886243604e-05,0.050572899999679066,ok,-18.725004,18.725004
Chien,TSP-correlated-n600-g10000-2,146751.6,112362,0.004632900003343821,0.0023164500016719103,0.0023164500016719103,15.989772700006142,ok,30.60607,30.60607
Chien,TSP-correlated-n80-g10000-1,57462.23,38558,9.169999975711107e-05,4.5849999878555536e-05,4.5849999878555536e-05,1.7947728000144707,ok,49.028034,49.028034
Chien,TSP-correlated-n8-g10000-3,14888.3,18709,8.86999987415038e-05,4.43499993707519e-05,4.43499993707519e-05,0.04605159998754971,ok,-20.421722,20.421722
Chien,TSP-correlated-n700-g10000-4,157753.44,120114,0.0033374000049661845,0.0016687000024830922,0.0016687000024830922,2.2233338999940315,ok,31.33643,31.33643
Chien,TSP-correlated-n700-g1000-3,15791.657,12419,0.007163499998569023,0.0035817499992845114,0.0035817499992845114,8.940812000000733,ok,27.157238,27.157238
Chien,TSP-correlated-n8-g10000-5,21737.625,26244,9.619999764254317e-05,4.8099998821271583e-05,4.8099998821271583e-05,0.04532249999465421,ok,-17.171066,17.171066
Chien,TSP-correlated-n600-g1000-2,14628.697,11295,0.016397500003222376,0.008198750001611188,0.008198750001611188,4.308630799991079,ok,29.514805,29.514805
Chien,TSP-correlated-n80-g1000-5,5752.313,4335,9.579999459674582e-05,4.789999729837291e-05,4.789999729837291e-05,0.11662979998800438,ok,32.694645,32.694645
Chien,TSP-correlated-n80-g10000-3,57654.83,43542,0.0001033000007737428,5.16500003868714e-05,5.16500003868714e-05,0.15920579999510664,ok,32.41199,32.41199
Chien,TSP-correlated-n700-g10000-1,157887.83,121620,0.009377199996379204,0.004688599998189602,0.004688599998189602,5.163903000007849,ok,29.820612,29.820612
Chien,TSP-correlated-n80-g10000-4,57018.414,43795,9.649999992689118e-05,4.824999996344559e-05,4.824999996344559e-05,0.1779269000107888,ok,30.19389,30.19389
Chien,TSP-correlated-n80-g10000-2,57463.12,43552,0.00011280000035185367,5.6400000175926834e-05,5.6400000175926834e-05,0.22338049999962095,ok,31.941404,31.941404
Chien,TSP-correlated-n80-g1000-2,5698.4795,4562,0.00010649999603629112,5.324999801814556e-05,5.324999801814556e-05,0.20416710000426974,ok,24.911871,24.911871
Chien,TSP-correlated-n80-g1000-3,5649.282,4279,0.00010520000068936497,5.2600000344682485e-05,5.2600000344682485e-05,0.2305908999987878,ok,32.023422,32.023422
Chien,TSP-correlated-n80-g1000-4,5736.8604,4559,0.00010409999958937988,5.204999979468994e-05,5.204999979468994e-05,0.13206620000710245,ok,25.835938,25.835938
Chien,TSP-correlated-n90-g1000-3,6034.7896,4305,0.00012879999849246815,6.439999924623407e-05,6.439999924623407e-05,0.4682489999977406,ok,40.180943,40.180943
Chien,TSP-correlated-n700-g10000-3,157581.75,119040,0.008743699996557552,0.004371849998278776,0.004371849998278776,3.168343699988327,ok,32.37714,32.37714
Chien,TSP-correlated-n90-g1000-2,6063.0396,4923,0.0001112000027205795,5.560000136028975e-05,5.560000136028975e-05,0.18474500000593252,ok,23.157415,23.157415
Chien,TSP-correlated-n80-g1000-1,5789.3047,4187,0.00011929999891435727,5.964999945717864e-05,5.964999945717864e-05,0.2640415000059875,ok,38.268562,38.268562
Chien,TSP-correlated-n700-g10000-5,157598.48,120265,0.008665599998494145,0.004332799999247072,0.004332799999247072,18.47356209999998,ok,31.042683,31.042683
Chien,TSP-correlated-n800-g1000-3,16833.2,12915,0.003598700001020916,0.001799350000510458,0.001799350000510458,23.975514699995983,ok,30.33836,30.33836
Chien,TSP-correlated-n80-g10000-5,57294.695,39978,8.939999679569155e-05,4.4699998397845775e-05,4.4699998397845775e-05,0.06903879999299534,ok,43.315563,43.315563
Chien,TSP-correlated-n90-g10000-1,60709.574,46719,9.479999425821006e-05,4.739999712910503e-05,4.739999712910503e-05,0.1885383000044385,ok,29.94622,29.94622
Chien,TSP-correlated-n90-g1000-5,6026.556,4697,9.170000703306869e-05,4.585000351653434e-05,4.585000351653434e-05,0.20286760000453796,ok,28.306496,28.306496
Chien,TSP-correlated-n90-g10000-3,60965.42,45328,9.210000280290842e-05,4.605000140145421e-05,4.605000140145421e-05,0.1843862999958219,ok,34.49837,34.49837
Chien,TSP-correlated-n800-g1000-2,16839.94,12605,0.009983500000089407,0.0049917500000447035,0.0049917500000447035,5.331236500001978,ok,33.597298,33.597298
Chien,TSP-correlated-n800-g10000-5,168317.25,131045,0.004741999997349922,0.002370999998674961,0.002370999998674961,8.417655800003558,ok,28.44233,28.44233
Chien,TSP-correlated-n90-g1000-4,6039.721,4522,7.860000187065452e-05,3.930000093532726e-05,3.930000093532726e-05,0.21035990001109894,ok,33.56305,33.56305
Chien,TSP-correlated-n800-g1000-5,16825.342,12894,0.0031054999999469146,0.0015527499999734573,0.0015527499999734573,19.85908140000538,ok,30.489698,30.489698
Chien,TSP-correlated-n90-g10000-4,60799.32,46381,0.00011949999316129833,5.974999658064917e-05,5.974999658064917e-05,0.47819939999317285,ok,31.086695,31.086695
Chien,TSP-correlated-n90-g10000-2,60942.047,46120,0.0001033000007737428,5.16500003868714e-05,5.16500003868714e-05,0.6369271000003209,ok,32.138,32.138
Chien,TSP-correlated-n800-g10000-4,168332.34,128194,0.007846099993912503,0.0039230499969562516,0.0039230499969562516,4.3185320000047795,ok,31.310627,31.310627
Chien,TSP-correlated-n90-g1000-1,6062.9497,4539,9.890000364976004e-05,4.945000182488002e-05,4.945000182488002e-05,0.32235170000058133,ok,33.57457,33.57457
Chien,TSP-correlated-n800-g10000-1,168454.25,129520,0.00927159999992,0.00463579999996,0.00463579999996,4.118495599992457,ok,30.060417,30.060417
Chien,TSP-correlated-n800-g10000-2,168145.36,127757,0.006772900000214577,0.0033864500001072884,0.0033864500001072884,14.896964100000332,ok,31.613422,31.613422
Chien,TSP-correlated-n90-g10000-5,60601.258,50306,9.470000077271834e-05,4.735000038635917e-05,4.735000038635917e-05,0.10249390000535641,ok,20.46527,20.46527
Chien,TSP-correlated-n700-g10000-2,157609.97,121206,0.01465230000030715,0.007326150000153575,0.007326150000153575,10.811057099999744,ok,30.034792,30.034792
Chien,TSP-correlated-n900-g1000-3,17806.717,13486,0.0056571999957668595,0.0028285999978834298,0.0028285999978834298,76.60579800000414,ok,32.038532,32.038532
Chien,TSP-grid-n10-g1000-4,1722.79,2493,8.499999967170879e-05,4.2499999835854396e-05,4.2499999835854396e-05,0.05365159999928437,ok,-30.894905,30.894905
Chien,TSP-grid-n10-g1000-5,1738.4718,2478,8.440000237897038e-05,4.220000118948519e-05,4.220000118948519e-05,0.08275490000960417,ok,-29.843754,29.843754
Chien,TSP-correlated-n800-g1000-4,16844.451,13148,0.009238900005584583,0.004619450002792291,0.004619450002792291,6.333797899991623,ok,28.11417,28.11417
Chien,TSP-correlated-n900-g1000-1,17822.994,13406,0.006706000000122003,0.0033530000000610016,0.0033530000000610016,9.278989800004638,ok,32.947887,32.947887
Chien,TSP-correlated-n900-g1000-4,17794.14,13638,0.0021689999994123355,0.0010844999997061677,0.0010844999997061677,10.535639900001115,ok,30.474707,30.474707
Chien,TSP-grid-n10-g10000-3,17431.39,24850,8.630000229459256e-05,4.315000114729628e-05,4.315000114729628e-05,0.03743509999185335,ok,-29.853558,29.853558
Chien,TSP-grid-n10-g10000-1,17368.885,24644,9.049999789567664e-05,4.524999894783832e-05,4.524999894783832e-05,0.03960059999371879,ok,-29.520836,29.520836
Chien,TSP-correlated-n900-g1000-2,17750.262,13727,0.006348800001433119,0.0031744000007165596,0.0031744000007165596,9.894945000007283,ok,29.309113,29.309113
Chien,TSP-grid-n10-g10000-4,17599.75,25056,0.00011299999459879473,5.6499997299397364e-05,5.6499997299397364e-05,0.04417490000196267,ok,-29.75834,29.75834
Chien,TSP-grid-n10-g1000-1,1745.5461,2480,8.270000398624688e-05,4.135000199312344e-05,4.135000199312344e-05,0.09385029999248218,ok,-29.615074,29.615074
Chien,TSP-correlated-n900-g10000-4,178148.02,139095,0.003684600000269711,0.0018423000001348555,0.0018423000001348555,12.135074999998324,ok,28.076506,28.076506
Chien,TSP-correlated-n800-g1000-1,16818.744,12977,0.017234999999345746,0.008617499999672873,0.008617499999672873,9.796043900001678,ok,29.604256,29.604256
Chien,TSP-correlated-n800-g10000-3,168297.17,131398,0.008095700002741069,0.004047850001370534,0.004047850001370534,10.818744499993045,ok,28.08199,28.08199
Chien,TSP-grid-n100-g1000-4,5940.8657,9820,0.00011010000162059441,5.5050000810297206e-05,5.5050000810297206e-05,0.12550710000505205,ok,-39.502384,39.502384
Chien,TSP-correlated-n900-g1000-5,17795.236,13842,0.00510750000103144,0.00255375000051572,0.00255375000051572,13.971598600008292,ok,28.559721,28.559721
Chien,TSP-grid-n100-g10000-4,59415.94,98586,0.00012560000322991982,6.280000161495991e-05,6.280000161495991e-05,0.16732530000444967,ok,-39.731865,39.731865
Chien,TSP-grid-n10-g1000-3,1753.9175,2516,9.419999696547166e-05,4.709999848273583e-05,4.709999848273583e-05,0.0762648999952944,ok,-30.289448,30.289448
Chien,TSP-grid-n10-g1000-2,1718.5718,2482,0.00010029999975813553,5.0149999879067764e-05,5.0149999879067764e-05,0.041028799998457544,ok,-30.758589,30.758589
Chien,TSP-grid-n10-g10000-2,17334.379,24556,0.00011409999569877982,5.704999784938991e-05,5.704999784938991e-05,0.03998929999943357,ok,-29.408785,29.408785
Chien,TSP-grid-n100-g10000-5,59400.97,98857,0.00011069999891333282,5.534999945666641e-05,5.534999945666641e-05,0.1966960999998264,ok,-39.912228,39.912228
Chien,TSP-grid-n100-g1000-5,5929.3594,9823,0.00011480000102892518,5.740000051446259e-05,5.740000051446259e-05,0.32669269999314565,ok,-39.637997,39.637997
Chien,TSP-grid-n100-g1000-1,5937.826,9835,8.789999992586672e-05,4.394999996293336e-05,4.394999996293336e-05,0.17688410000118893,ok,-39.62556,39.62556
Chien,TSP-grid-n10-g10000-5,17588.365,25164,8.230000094044954e-05,4.115000047022477e-05,4.115000047022477e-05,0.05464479999500327,ok,-30.105051,30.105051
Chien,TSP-grid-n100-g1000-2,5943.9395,9837,9.729999874252826e-05,4.864999937126413e-05,4.864999937126413e-05,0.1075703000096837,ok,-39.57569,39.57569
Chien,TSP-grid-n100-g1000-3,5944.598,9829,0.0001106000054278411,5.530000271392055e-05,5.530000271392055e-05,0.13890429999446496,ok,-39.519806,39.519806
Chien,TSP-correlated-n900-g10000-3,178364.75,137251,0.00834220000251662,0.00417110000125831,0.00417110000125831,3.2123751000035554,ok,29.955154,29.955154
Chien,TSP-grid-n100-g10000-3,59319.26,98398,9.850000060396269e-05,4.9250000301981345e-05,4.9250000301981345e-05,0.17797699999937322,ok,-39.71497,39.71497
Chien,TSP-correlated-n900-g10000-5,178086.78,140149,0.00416409999888856,0.00208204999944428,0.00208204999944428,17.42656339998939,ok,27.069605,27.069605
Chien,TSP-grid-n100-g10000-1,59428.875,98611,0.00010800000018207356,5.400000009103678e-05,5.400000009103678e-05,0.11029599999892525,ok,-39.73403,39.73403
Chien,TSP-correlated-n900-g10000-1,178277.4,134054,0.00791620000381954,0.00395810000190977,0.00395810000190977,11.238714699997217,ok,32.98925,32.98925
Chien,TSP-grid-n1000-g1000-2,18259.316,30613,0.00463339999987511,0.002316699999937555,0.002316699999937555,7.380860800010851,ok,-40.35437,40.35437
Chien,TSP-grid-n100-g10000-2,59405.47,98648,0.00011269999959040433,5.6349999795202166e-05,5.6349999795202166e-05,0.28052510000998154,ok,-39.78036,39.78036
Chien,TSP-grid-n20-g10000-1,24677.467,39395,0.0001438999970559962,7.19499985279981e-05,7.19499985279981e-05,0.04273349999857601,ok,-37.358887,37.358887
Chien,TSP-correlated-n900-g10000-2,177900.94,134548,0.013729600002989173,0.0068648000014945865,0.0068648000014945865,13.909226300005685,ok,32.22117,32.22117
Chien,TSP-grid-n20-g1000-4,2491.4084,4005,8.119999984046444e-05,4.059999992023222e-05,4.059999992023222e-05,0.047304699997766875,ok,-37.79255,37.79255
Chien,TSP-grid-n20-g1000-2,2482.6738,3960,8.890000026440248e-05,4.445000013220124e-05,4.445000013220124e-05,0.17725400000927038,ok,-37.306217,37.306217
Chien,TSP-grid-n20-g10000-4,24808.283,39643,9.049999789567664e-05,4.524999894783832e-05,4.524999894783832e-05,0.05821210000431165,ok,-37.420773,37.420773
Chien,TSP-grid-n1000-g1000-1,18250.217,30597,0.006558200002473313,0.0032791000012366567,0.0032791000012366567,4.669257900008233,ok,-40.35292,40.35292
Chien,TSP-grid-n20-g1000-3,2482.0557,3971,9.850000060396269e-05,4.9250000301981345e-05,4.9250000301981345e-05,0.08281240001088008,ok,-37.49545,37.49545
Chien,TSP-grid-n20-g10000-3,24770.02,39667,8.719999459572136e-05,4.359999729786068e-05,4.359999729786068e-05,0.06569229999149684,ok,-37.5551,37.5551
Chien,TSP-grid-n1000-g10000-5,182719.1,306166,0.005957200002740137,0.0029786000013700686,0.0029786000013700686,5.344472299999325,ok,-40.32025,40.32025
Chien,TSP-grid-n1000-g10000-4,182727.6,306199,0.007525100001657847,0.0037625500008289237,0.0037625500008289237,3.5757956999877933,ok,-40.32391,40.32391
Chien,TSP-grid-n1000-g1000-3,18259.387,30593,0.005422300004283898,0.002711150002141949,0.002711150002141949,5.707034100021701,ok,-40.315147,40.315147
Chien,TSP-grid-n20-g1000-5,2470.4521,3966,9.349999891128391e-05,4.6749999455641955e-05,4.6749999455641955e-05,0.05906310000864323,ok,-37.709225,37.709225
Chien,TSP-grid-n20-g10000-5,24687.0,39582,9.259999933419749e-05,4.6299999667098746e-05,4.6299999667098746e-05,0.062058700001216494,ok,-37.63074,37.63074
Chien,TSP-grid-n1000-g1000-5,18259.201,30628,0.004109699999389704,0.002054849999694852,0.002054849999694852,5.714466100005666,ok,-40.383957,40.383957
Chien,TSP-grid-n30-g1000-1,3057.38,4934,8.849999721860513e-05,4.4249998609302565e-05,4.4249998609302565e-05,0.04445050000504125,ok,-38.03446,38.03446
Chien,TSP-grid-n200-g10000-3,80217.24,130973,0.00011609999637585133,5.8049998187925667e-05,5.8049998187925667e-05,1.082463300001109,ok,-38.752842,38.752842
Chien,TSP-grid-n200-g1000-5,8022.75,13098,0.00012119999882997945,6.0599999414989725e-05,6.0599999414989725e-05,0.8554424000030849,ok,-38.748283,38.748283
Chien,TSP-grid-n1000-g10000-1,182690.98,306285,0.009944500001438428,0.004972250000719214,0.004972250000719214,4.7623859999876,ok,-40.35262,40.35262
Chien,TSP-grid-n20-g10000-2,24703.98,39556,8.560000424040481e-05,4.280000212020241e-05,4.280000212020241e-05,0.05433640000410378,ok,-37.546818,37.546818
Chien,TSP-grid-n200-g1000-3,8015.115,13063,0.00016119999781949446,8.059999890974723e-05,8.059999890974723e-05,0.5988573000067845,ok,-38.642616,38.642616
Chien,TSP-grid-n200-g1000-1,8019.041,13129,0.00015639999764971435,7.819999882485718e-05,7.819999882485718e-05,0.3863897999981418,ok,-38.921158,38.921158
Chien,TSP-grid-n20-g1000-1,2469.874,3940,0.00010540000221226364,5.270000110613182e-05,5.270000110613182e-05,0.07376459999068175,ok,-37.312843,37.312843
Chien,TSP-grid-n200-g1000-2,8011.116,13079,0.00012540000170702115,6.270000085351057e-05,6.270000085351057e-05,0.5038027999980841,ok,-38.748253,38.748253
Chien,TSP-grid-n1000-g10000-3,182701.52,306502,0.007873399998061359,0.0039366999990306795,0.0039366999990306795,2.79256620000524,ok,-40.39141,40.39141
Chien,TSP-grid-n30-g10000-4,30699.205,49487,0.00010819999442901462,5.409999721450731e-05,5.409999721450731e-05,0.04761259999941103,ok,-37.965115,37.965115
Chien,TSP-grid-n30-g1000-2,3041.2373,4935,9.470000077271834e-05,4.735000038635917e-05,4.735000038635917e-05,0.05559730000095442,ok,-38.37412,38.37412
Chien,TSP-grid-n1000-g10000-2,182692.64,306071,0.006520099996123463,0.0032600499980617315,0.0032600499980617315,3.772795099997893,ok,-40.31037,40.31037
Chien,TSP-grid-n200-g10000-4,80242.7,131136,0.00011649999942164868,5.824999971082434e-05,5.824999971082434e-05,1.003089200006798,ok,-38.80955,38.80955
Chien,TSP-grid-n1000-g1000-4,18259.27,30605,0.005471000004035886,0.002735500002017943,0.002735500002017943,4.232757299992954,ok,-40.338932,40.338932
Chien,TSP-grid-n30-g10000-2,30598.84,49710,8.280000474769622e-05,4.140000237384811e-05,4.140000237384811e-05,0.05236999999033287,ok,-38.4453,38.4453
Chien,TSP-grid-n30-g1000-3,3055.5024,4965,0.0001016000023810193,5.080000119050965e-05,5.080000119050965e-05,0.05110929999500513,ok,-38.459164,38.459164
Chien,TSP-grid-n200-g1000-4,8022.862,13126,0.0001311999949393794,6.55999974696897e-05,6.55999974696897e-05,0.4735019000072498,ok,-38.878094,38.878094
Chien,TSP-grid-n200-g10000-2,80055.94,131378,0.00010920000204350799,5.4600001021753997e-05,5.4600001021753997e-05,0.5131672999996226,ok,-39.064426,39.064426
Chien,TSP-grid-n200-g10000-1,80149.55,131476,0.0001109000004362315,5.545000021811575e-05,5.545000021811575e-05,0.49918610000167973,ok,-39.03865,39.03865
Chien,TSP-grid-n30-g1000-5,3057.4763,4975,8.789999992586672e-05,4.394999996293336e-05,4.394999996293336e-05,0.04143060000205878,ok,-38.54319,38.54319
Chien,TSP-grid-n30-g10000-3,30531.953,49470,9.649999992689118e-05,4.824999996344559e-05,4.824999996344559e-05,0.04316790000302717,ok,-38.281883,38.281883
Chien,TSP-grid-n300-g10000-3,98220.29,163735,0.0004776999994646758,0.0002388499997323379,0.0002388499997323379,1.3851436999975704,ok,-40.01265,40.01265
Chien,TSP-grid-n200-g10000-5,80187.14,131362,9.519999730400741e-05,4.7599998652003706e-05,4.7599998652003706e-05,0.6499589000013657,ok,-38.957127,38.957127
Chien,TSP-grid-n300-g10000-2,98322.97,163706,0.000836799998069182,0.000418399999034591,0.000418399999034591,0.9038822000002256,ok,-39.9393,39.9393
Chien,TSP-grid-n30-g10000-5,30557.225,49222,8.540000271750614e-05,4.270000135875307e-05,4.270000135875307e-05,0.07851030000892933,ok,-37.91958,37.91958
Chien,TSP-grid-n30-g1000-4,3053.9136,4958,7.090000144671649e-05,3.5450000723358244e-05,3.5450000723358244e-05,0.09981580000021495,ok,-38.404324,38.404324
Chien,TSP-grid-n30-g10000-1,30586.992,49506,7.919999916339293e-05,3.9599999581696466e-05,3.9599999581696466e-05,0.07717039999261033,ok,-38.215588,38.215588
Chien,TSP-grid-n40-g1000-1,3536.936,5640,9.279999358113855e-05,4.6399996790569276e-05,4.6399996790569276e-05,0.05356900001061149,ok,-37.28837,37.28837
Chien,TSP-grid-n40-g1000-3,3548.1643,5666,7.729999924777076e-05,3.864999962388538e-05,3.864999962388538e-05,0.04810469999210909,ok,-37.377968,37.377968
Chien,TSP-grid-n300-g1000-2,9824.155,16381,0.000971399997069966,0.000485699998534983,0.000485699998534983,1.3863742999965325,ok,-40.027134,40.027134
Chien,TSP-grid-n40-g10000-1,35308.453,56451,9.010000212583691e-05,4.5050001062918454e-05,4.5050001062918454e-05,0.11959740000020247,ok,-37.45292,37.45292
Chien,TSP-grid-n40-g10000-3,35391.984,56559,8.969999908003956e-05,4.484999954001978e-05,4.484999954001978e-05,0.04884069999388885,ok,-37.424664,37.424664
Chien,TSP-grid-n40-g10000-2,35551.297,56537,9.020000288728625e-05,4.510000144364312e-05,4.510000144364312e-05,0.04967529998975806,ok,-37.11853,37.11853
Chien,TSP-grid-n40-g1000-4,3526.421,5627,8.120000711642206e-05,4.060000355821103e-05,4.060000355821103e-05,0.09563169999455567,ok,-37.330357,37.330357
Chien,TSP-grid-n40-g1000-5,3535.6846,5683,9.770000178832561e-05,4.8850000894162804e-05,4.8850000894162804e-05,0.09653580001031514,ok,-37.784893,37.784893
Chien,TSP-grid-n300-g1000-5,9829.363,16334,0.003274399998190347,0.0016371999990951736,0.0016371999990951736,0.6537748999980977,ok,-39.82268,39.82268
Chien,TSP-grid-n300-g1000-4,9824.109,16397,0.002111900001182221,0.0010559500005911104,0.0010559500005911104,0.8668343000026653,ok,-40.085938,40.085938
Chien,TSP-grid-n300-g10000-4,98221.93,163853,0.003243400002247654,0.001621700001123827,0.001621700001123827,1.2446332999970764,ok,-40.054848,40.054848
Chien,TSP-grid-n300-g10000-1,98226.375,163571,0.004672499999287538,0.002336249999643769,0.002336249999643769,0.9042711999936728,ok,-39.948784,39.948784
Chien,TSP-grid-n40-g1000-2,3542.9473,5633,0.0032961000033537857,0.0016480500016768929,0.0016480500016768929,0.07462249998934567,ok,-37.103725,37.103725
Chien,TSP-grid-n40-g10000-5,35396.58,56528,0.00011280000035185367,5.6400000175926834e-05,5.6400000175926834e-05,0.048700500003178604,ok,-37.38222,37.38222
Chien,TSP-grid-n5-g1000-2,1182.4998,1809,8.86999987415038e-05,4.43499993707519e-05,4.43499993707519e-05,0.03790960001060739,ok,-34.632404,34.632404
Chien,TSP-grid-n400-g1000-4,11651.484,19629,0.0009321999968960881,0.00046609999844804406,0.00046609999844804406,1.3407510999968508,ok,-40.64148,40.64148
Chien,TSP-grid-n400-g10000-2,116465.24,196178,0.0007708999983151443,0.00038544999915757217,0.00038544999915757217,1.5804934999905527,ok,-40.632874,40.632874
Chien,TSP-grid-n5-g1000-4,1152.9974,1788,9.29000016185455e-05,4.645000080927275e-05,4.645000080927275e-05,0.042186400009086356,ok,-35.514687,35.514687
Chien,TSP-grid-n40-g10000-4,35539.9,56742,8.900000102585182e-05,4.450000051292591e-05,4.450000051292591e-05,0.04642430000239983,ok,-37.3658,37.3658
Chien,TSP-grid-n5-g1000-1,1192.6038,1818,8.170000364771113e-05,4.0850001823855564e-05,4.0850001823855564e-05,0.038117899995995685,ok,-34.400234,34.400234
Chien,TSP-grid-n300-g10000-5,98334.78,163778,0.004167400002188515,0.0020837000010942575,0.0020837000010942575,2.115101899995352,ok,-39.958492,39.958492
Chien,TSP-grid-n300-g1000-1,9829.304,16340,0.009181399997032713,0.004590699998516357,0.004590699998516357,0.8146417999960249,ok,-39.845142,39.845142
Chien,TSP-grid-n400-g1000-5,11651.553,19597,0.0032990999970934354,0.0016495499985467177,0.0016495499985467177,1.5967649999947753,ok,-40.544205,40.544205
Chien,TSP-grid-n400-g1000-1,11640.057,19598,0.00480559999414254,0.00240279999707127,0.00240279999707127,1.1264209999935701,ok,-40.605896,40.605896
Chien,TSP-grid-n400-g10000-5,116433.97,196360,0.0019083000006503426,0.0009541500003251713,0.0009541500003251713,1.3914100999973016,ok,-40.703823,40.703823
Chien,TSP-grid-n400-g1000-3,11651.438,19564,0.00042270000267308205,0.00021135000133654103,0.00021135000133654103,2.8931661999959033,ok,-40.444496,40.444496
Chien,TSP-grid-n5-g10000-4,11766.78,17817,9.29000016185455e-05,4.645000080927275e-05,4.645000080927275e-05,0.04267490000347607,ok,-33.95757,33.95757
Chien,TSP-grid-n5-g10000-5,11795.335,18087,8.130000060191378e-05,4.065000030095689e-05,4.065000030095689e-05,0.07262249999621417,ok,-34.785564,34.785564
Chien,TSP-grid-n50-g1000-1,3974.8513,6165,0.0001005000012810342,5.02500006405171e-05,5.02500006405171e-05,0.074884599991492,ok,-35.525524,35.525524
Chien,TSP-grid-n400-g10000-3,116479.74,196223,0.0029383000000962056,0.0014691500000481028,0.0014691500000481028,1.2072048999980325,ok,-40.6391,40.6391
Chien,TSP-grid-n50-g1000-3,3988.408,6163,9.889999637380242e-05,4.944999818690121e-05,4.944999818690121e-05,0.0755187000031583,ok,-35.284634,35.284634
Chien,TSP-grid-n5-g10000-2,11732.418,17927,9.960000170394778e-05,4.980000085197389e-05,4.980000085197389e-05,0.040082699997583404,ok,-34.55448,34.55448
Chien,TSP-grid-n50-g1000-4,3972.1653,6158,0.0011846000052173622,0.0005923000026086811,0.0005923000026086811,0.07411390000197571,ok,-35.495853,35.495853
Chien,TSP-grid-n400-g1000-2,11651.511,19603,0.0028448000011849217,0.0014224000005924609,0.0014224000005924609,2.483611600007862,ok,-40.562614,40.562614
Chien,TSP-grid-n5-g10000-1,11960.7295,18245,9.159999899566174e-05,4.579999949783087e-05,4.579999949783087e-05,0.09707699999853503,ok,-34.443794,34.443794
Chien,TSP-grid-n50-g10000-5,39775.395,61816,7.439999899361283e-05,3.719999949680641e-05,3.719999949680641e-05,0.09938770000007935,ok,-35.655178,35.655178
Chien,TSP-grid-n400-g10000-4,116430.27,196170,0.0005925999939790927,0.00029629999698954634,0.00029629999698954634,1.1964666999992914,ok,-40.648277,40.648277
Chien,TSP-grid-n5-g1000-3,1181.9268,1814,8.510000043315813e-05,4.2550000216579065e-05,4.2550000216579065e-05,0.038455600006273016,ok,-34.84417,34.84417
Chien,TSP-grid-n5-g1000-5,1205.4497,1829,8.169999637175351e-05,4.084999818587676e-05,4.084999818587676e-05,0.04062010000052396,ok,-34.09242,34.09242
Chien,TSP-grid-n5-g10000-3,12140.871,18533,7.399999594781548e-05,3.699999797390774e-05,3.699999797390774e-05,0.04110439999203663,ok,-34.490524,34.490524
Chien,TSP-grid-n50-g10000-2,39904.277,61797,0.00010990000009769574,5.495000004884787e-05,5.495000004884787e-05,0.08784490000107326,ok,-35.426838,35.426838
Chien,TSP-grid-n400-g10000-1,116467.805,196191,0.004177399998297915,0.0020886999991489574,0.0020886999991489574,1.0572685000079218,ok,-40.635498,40.635498
Chien,TSP-grid-n500-g1000-3,12694.603,21297,0.0008292999991681427,0.00041464999958407134,0.00041464999958407134,1.2492216999962693,ok,-40.392532,40.392532
Chien,TSP-grid-n60-g1000-2,4657.1953,7381,8.430000161752105e-05,4.2150000808760524e-05,4.2150000808760524e-05,0.08619880001060665,ok,-36.902924,36.902924
Chien,TSP-grid-n50-g10000-3,39864.88,61652,8.240000170189887e-05,4.1200000850949436e-05,4.1200000850949436e-05,0.04959779999626335,ok,-35.33887,35.33887
Chien,TSP-grid-n500-g1000-2,12707.597,21320,0.0010898999971686862,0.0005449499985843431,0.0005449499985843431,2.667742100005853,ok,-40.39589,40.39589
Chien,TSP-grid-n60-g1000-1,4646.1846,7365,9.159999899566174e-05,4.579999949783087e-05,4.579999949783087e-05,0.10982250000233762,ok,-36.91535,36.91535
Chien,TSP-grid-n50-g1000-5,3969.7954,6165,7.860000187065452e-05,3.930000093532726e-05,3.930000093532726e-05,0.1778572999901371,ok,-35.607536,35.607536
Chien,TSP-grid-n500-g10000-4,127034.28,213440,0.0016497999968123622,0.0008248999984061811,0.0008248999984061811,9.563585800002329,ok,-40.48244,40.48244
Chien,TSP-grid-n300-g1000-3,9823.91,16327,0.010382599997683428,0.005191299998841714,0.005191299998841714,1.6555994999944232,ok,-39.83028,39.83028
Chien,TSP-grid-n500-g10000-1,127028.01,213465,0.000847399998747278,0.000423699999373639,0.000423699999373639,1.925273400003789,ok,-40.49235,40.49235
Chien,TSP-grid-n500-g1000-1,12707.604,21303,0.002002899993385654,0.001001449996692827,0.001001449996692827,3.68159109998669,ok,-40.34829,40.34829
Chien,TSP-grid-n50-g1000-2,3990.9854,6164,9.589999535819516e-05,4.794999767909758e-05,4.794999767909758e-05,0.06283460000122432,ok,-35.25332,35.25332
Chien,TSP-grid-n60-g1000-5,4648.0103,7407,7.950000144774094e-05,3.975000072387047e-05,3.975000072387047e-05,0.18470709999382962,ok,-37.24841,37.24841
Chien,TSP-grid-n500-g1000-4,12707.717,21281,0.004535799998848233,0.0022678999994241167,0.0022678999994241167,2.739613300000201,ok,-40.28609,40.28609
Chien,TSP-grid-n500-g10000-5,127057.57,213394,0.0006184000012581237,0.00030920000062906183,0.00030920000062906183,1.301349500005017,ok,-40.4587,40.4587
Chien,TSP-grid-n60-g10000-5,46543.824,74190,8.830000297166407e-05,4.4150001485832036e-05,4.4150001485832036e-05,0.06648649999988265,ok,-37.26402,37.26402
Chien,TSP-grid-n60-g10000-3,46458.05,74107,9.929999941959977e-05,4.9649999709799886e-05,4.9649999709799886e-05,0.19115240000246558,ok,-37.309498,37.309498
Chien,TSP-grid-n50-g10000-4,39914.074,61898,0.00011349999840604141,5.674999920302071e-05,5.674999920302071e-05,0.1672893000068143,ok,-35.516376,35.516376
Chien,TSP-grid-n60-g10000-1,46498.074,74039,0.00012340000102994964,6.170000051497482e-05,6.170000051497482e-05,0.061049399999319576,ok,-37.197865,37.197865
Chien,TSP-grid-n60-g1000-4,4644.697,7409,0.00011499999527586624,5.749999763793312e-05,5.749999763793312e-05,0.10058209999988321,ok,-37.310074,37.310074
Chien,TSP-grid-n60-g10000-4,46386.83,74081,0.0001055999964592047,5.279999822960235e-05,5.279999822960235e-05,0.0538078000099631,ok,-37.383636,37.383636
Chien,TSP-grid-n500-g10000-2,127033.86,213359,0.00287430000025779,0.001437150000128895,0.001437150000128895,1.5549931999994442,ok,-40.46004,40.46004
Chien,TSP-grid-n50-g10000-1,39893.61,61824,0.00010309999925084412,5.154999962542206e-05,5.154999962542206e-05,0.15967629999795463,ok,-35.472294,35.472294
Chien,TSP-grid-n500-g1000-5,12707.612,21289,0.006441700003051665,0.0032208500015258323,0.0032208500015258323,2.378370799997356,ok,-40.30902,40.30902
Chien,TSP-grid-n60-g1000-3,4652.3184,7377,8.81000014487654e-05,4.40500007243827e-05,4.40500007243827e-05,0.09731470000406262,ok,-36.93482,36.93482
Chien,TSP-grid-n70-g10000-1,47222.77,76906,0.0001145999995060265,5.729999975301325e-05,5.729999975301325e-05,0.09074679999321233,ok,-38.596767,38.596767
Chien,TSP-grid-n70-g1000-3,4719.304,7692,0.00010009999823523685,5.004999911761843e-05,5.004999911761843e-05,0.07036710000829771,ok,-38.64659,38.64659
Chien,TSP-grid-n500-g10000-3,127052.8,213038,0.0036968999993405305,0.0018484499996702652,0.0018484499996702652,1.986009100000956,ok,-40.36144,40.36144
Chien,TSP-grid-n70-g10000-3,47213.46,76944,9.31999966269359e-05,4.659999831346795e-05,4.659999831346795e-05,0.09185789999901317,ok,-38.63919,38.63919
Chien,TSP-grid-n70-g1000-4,4716.381,7666,8.689999958733097e-05,4.3449999793665484e-05,4.3449999793665484e-05,0.08937450000667013,ok,-38.47664,38.47664
Chien,TSP-grid-n70-g1000-2,4717.381,7678,9.470000077271834e-05,4.735000038635917e-05,4.735000038635917e-05,0.07882970001082867,ok,-38.55977,38.55977
Chien,TSP-grid-n60-g10000-2,46527.02,74122,9.690000297268853e-05,4.845000148634426e-05,4.845000148634426e-05,0.05683679999492597,ok,-37.229137,37.229137
Chien,TSP-grid-n600-g1000-4,13912.808,23552,0.006589899996470194,0.003294949998235097,0.003294949998235097,3.067345200004638,ok,-40.927277,40.927277
Chien,TSP-grid-n70-g1000-1,4714.724,7693,0.00010599999950500205,5.2999999752501026e-05,5.2999999752501026e-05,0.11473169999953825,ok,-38.714104,38.714104
Chien,TSP-grid-n70-g10000-4,47128.258,76715,8.86999987415038e-05,4.43499993707519e-05,4.43499993707519e-05,0.14867889999004547,ok,-38.56709,38.56709
Chien,TSP-grid-n600-g1000-3,13912.864,23543,0.009616000003006775,0.0048080000015033875,0.0048080000015033875,2.954862200000207,ok,-40.904453,40.904453
Chien,TSP-grid-n70-g10000-2,47213.258,76756,0.00010390000534243882,5.195000267121941e-05,5.195000267121941e-05,0.08068470000580419,ok,-38.489162,38.489162
Chien,TSP-grid-n600-g10000-5,139252.89,235489,0.004706499996245839,0.0023532499981229194,0.0023532499981229194,2.3921645999944303,ok,-40.8665,40.8665
Chien,TSP-grid-n600-g10000-1,139245.67,235164,0.008232799998950213,0.004116399999475107,0.004116399999475107,1.8720173000037903,ok,-40.787846,40.787846
Chien,TSP-grid-n70-g1000-5,4706.038,7643,0.00011130000348202884,5.565000174101442e-05,5.565000174101442e-05,0.12023299999418668,ok,-38.42682,38.42682
Chien,TSP-grid-n600-g1000-5,13912.748,23515,0.002082300001347903,0.0010411500006739516,0.0010411500006739516,4.955286499985959,ok,-40.834583,40.834583
Chien,TSP-grid-n600-g1000-2,13912.862,23538,0.007628599996678531,0.0038142999983392656,0.0038142999983392656,4.385219600007986,ok,-40.89191,40.89191
Chien,TSP-grid-n600-g1000-1,13912.839,23532,0.003782400002819486,0.001891200001409743,0.001891200001409743,3.621342200000072,ok,-40.876938,40.876938
Chien,TSP-grid-n8-g1000-1,1772.2316,2616,9.140000474872068e-05,4.570000237436034e-05,4.570000237436034e-05,0.04424839999410324,ok,-32.254143,32.254143
Chien,TSP-grid-n700-g10000-3,150414.64,254228,0.0017836999977589585,0.0008918499988794792,0.0008918499988794792,2.0763944999926025,ok,-40.834747,40.834747
Chien,TSP-grid-n600-g10000-4,139218.53,235148,0.009859199999482371,0.0049295999997411855,0.0049295999997411855,1.4075776999961818,ok,-40.79536,40.79536
Chien,TSP-grid-n8-g1000-4,1791.9744,2626,9.199999476550147e-05,4.5999997382750735e-05,4.5999997382750735e-05,0.04676810000091791,ok,-31.760305,31.760305
Chien,TSP-grid-n700-g1000-4,15050.517,25374,0.005793999996967614,0.002896999998483807,0.002896999998483807,2.898427799998899,ok,-40.68528,40.68528
Chien,TSP-grid-n8-g10000-3,17913.28,26819,8.420000085607171e-05,4.2100000428035855e-05,4.2100000428035855e-05,0.041545800006133504,ok,-33.206757,33.206757
Chien,TSP-grid-n8-g10000-2,18215.523,27360,7.809999806340784e-05,3.904999903170392e-05,3.904999903170392e-05,0.1788990999921225,ok,-33.422794,33.422794
Chien,TSP-grid-n600-g10000-2,139212.84,235328,0.012894500003312714,0.006447250001656357,0.006447250001656357,2.3659398000017973,ok,-40.84306,40.84306
Chien,TSP-grid-n80-g1000-1,5332.9146,8739,8.510000043315813e-05,4.2550000216579065e-05,4.2550000216579065e-05,0.174717400004738,ok,-38.97569,38.97569
Chien,TSP-grid-n8-g1000-2,1825.1299,2677,9.249999857274815e-05,4.624999928637408e-05,4.624999928637408e-05,0.04195270000491291,ok,-31.82182,31.82182
Chien,TSP-grid-n80-g10000-1,53213.49,87560,0.00010649999603629112,5.324999801814556e-05,5.324999801814556e-05,0.18463280001014937,ok,-39.226257,39.226257
Chien,TSP-grid-n80-g1000-3,5333.3115,8764,9.970000246539712e-05,4.985000123269856e-05,4.985000123269856e-05,0.23053190000064205,ok,-39.145237,39.145237
Chien,TSP-grid-n700-g10000-2,150398.88,253901,0.0076616000005742535,0.0038308000002871267,0.0038308000002871267,2.240805499997805,ok,-40.76476,40.76476
Chien,TSP-grid-n8-g1000-3,1797.3027,2709,0.00010309999925084412,5.154999962542206e-05,5.154999962542206e-05,0.04068299999926239,ok,-33.654385,33.654385
Chien,TSP-grid-n70-g10000-5,47216.81,76729,9.750000026542693e-05,4.875000013271347e-05,4.875000013271347e-05,0.09142960001190659,ok,-38.46289,38.46289
Chien,TSP-grid-n8-g10000-4,17963.012,26841,7.529999857069924e-05,3.764999928534962e-05,3.764999928534962e-05,0.04355290000967216,ok,-33.07622,33.07622
Chien,TSP-grid-n700-g1000-1,15042.793,25395,0.00911400000040885,0.004557000000204425,0.004557000000204425,2.8405992000043625,ok,-40.764748,40.764748
Chien,TSP-grid-n8-g10000-1,17606.111,26300,0.00010189999738940969,5.0949998694704846e-05,5.0949998694704846e-05,0.1906726000015624,ok,-33.05661,33.05661
Chien,TSP-grid-n600-g10000-3,139211.4,235312,0.011323600003379397,0.0056618000016896985,0.0056618000016896985,2.6667087000096217,ok,-40.83965,40.83965
Chien,TSP-grid-n8-g10000-5,18027.53,26515,7.469999400200322e-05,3.734999700100161e-05,3.734999700100161e-05,0.04032440000446513,ok,-32.01007,32.01007
Chien,TSP-grid-n700-g10000-1,150407.31,254476,0.007187100003648084,0.003593550001824042,0.003593550001824042,2.4335812000063015,ok,-40.895287,40.895287
Chien,TSP-grid-n80-g1000-5,5329.5127,8745,0.00012090000382158905,6.0450001910794526e-05,6.0450001910794526e-05,0.20356809999793768,ok,-39.056458,39.056458
Chien,TSP-grid-n80-g10000-4,53377.727,87986,9.390000195708126e-05,4.695000097854063e-05,4.695000097854063e-05,0.06323759999941103,ok,-39.33384,39.33384
Chien,TSP-grid-n8-g1000-5,1787.517,2625,8.740000339457765e-05,4.3700001697288826e-05,4.3700001697288826e-05,0.04690129999653436,ok,-31.904116,31.904116
Chien,TSP-grid-n80-g1000-4,5335.3047,8759,9.490000229561701e-05,4.745000114780851e-05,4.745000114780851e-05,0.17884320000302978,ok,-39.08774,39.08774
Chien,TSP-grid-n700-g1000-2,15043.084,25400,0.006307700001343619,0.0031538500006718095,0.0031538500006718095,2.633811200008495,ok,-40.77526,40.77526
Chien,TSP-grid-n700-g1000-5,15050.36,25401,0.006949399998120498,0.003474699999060249,0.003474699999060249,5.014709800001583,ok,-40.748943,40.748943
Chien,TSP-grid-n80-g10000-2,53336.746,87952,9.439999848837033e-05,4.7199999244185165e-05,4.7199999244185165e-05,0.11879389999376144,ok,-39.356983,39.356983
Chien,TSP-grid-n80-g10000-3,53240.824,87158,9.259999933419749e-05,4.6299999667098746e-05,4.6299999667098746e-05,0.07339349998801481,ok,-38.91459,38.91459
Chien,TSP-grid-n800-g1000-2,16083.581,27039,0.0036355000047478825,0.0018177500023739412,0.0018177500023739412,8.367211100005079,ok,-40.5171,40.5171
Chien,TSP-grid-n700-g10000-5,150423.23,254471,0.00914379999449011,0.004571899997245055,0.004571899997245055,3.5980706000118516,ok,-40.887867,40.887867
Chien,TSP-grid-n700-g1000-3,15050.304,25373,0.00646460000280058,0.00323230000140029,0.00323230000140029,3.028157499997178,ok,-40.68378,40.68378
Chien,TSP-grid-n80-g1000-2,5325.8574,8761,8.779999916441739e-05,4.389999958220869e-05,4.389999958220869e-05,0.24150979999103583,ok,-39.20948,39.20948
Chien,TSP-grid-n800-g10000-1,160853.33,270423,0.005108899997139815,0.0025544499985699076,0.0025544499985699076,5.407338999997592,ok,-40.517883,40.517883
Chien,TSP-grid-n80-g10000-5,53381.33,87785,9.370000043418258e-05,4.685000021709129e-05,4.685000021709129e-05,0.13881319999927655,ok,-39.19083,39.19083
Chien,TSP-grid-n700-g10000-4,150399.53,254363,0.011616400006460026,0.005808200003230013,0.005808200003230013,1.7147016000089934,ok,-40.87209,40.87209
Chien,TSP-grid-n90-g1000-3,5359.374,8868,0.00011749999976018444,5.874999988009222e-05,5.874999988009222e-05,0.24863769998773932,ok,-39.56502,39.56502
Chien,TSP-grid-n90-g10000-3,53645.625,88919,0.00010420000035082921,5.210000017541461e-05,5.210000017541461e-05,0.36175270000239834,ok,-39.66911,39.66911
Chien,TSP-grid-n90-g1000-4,5348.496,8867,0.00010599999950500205,5.2999999752501026e-05,5.2999999752501026e-05,0.09052880000672303,ok,-39.68088,39.68088
Chien,TSP-grid-n90-g1000-2,5358.0337,8837,0.0001097999993362464,5.48999996681232e-05,5.48999996681232e-05,0.10096509999129921,ok,-39.368183,39.368183
Chien,TSP-grid-n800-g1000-4,16083.689,27018,0.007482000000891276,0.003741000000445638,0.003741000000445638,5.775566800002707,ok,-40.470467,40.470467
Chien,TSP-grid-n90-g10000-5,53593.676,88945,0.00011390000145183876,5.695000072591938e-05,5.695000072591938e-05,0.40716210000391584,ok,-39.74515,39.74515
Chien,TSP-grid-n90-g10000-2,53632.086,88890,9.690000297268853e-05,4.845000148634426e-05,4.845000148634426e-05,0.18464799999492243,ok,-39.664658,39.664658
Chien,TSP-grid-n90-g1000-1,5356.375,8855,8.659999730298296e-05,4.329999865149148e-05,4.329999865149148e-05,0.1393122999870684,ok,-39.510162,39.510162
Chien,TSP-grid-n90-g10000-1,53581.805,88697,0.00012020000576740131,6.0100002883700654e-05,6.0100002883700654e-05,0.2718501000053948,ok,-39.59006,39.59006
Chien,TSP-grid-n800-g10000-3,160842.45,270468,0.006714000002830289,0.0033570000014151447,0.0033570000014151447,3.1081610999972327,ok,-40.5318,40.5318
Chien,TSP-grid-n800-g1000-5,16083.519,27002,0.005221000006713439,0.0026105000033567194,0.0026105000033567194,5.092065099990577,ok,-40.435825,40.435825
Chien,TSP-grid-n90-g10000-4,53581.805,88826,0.00010189999738940969,5.0949998694704846e-05,5.0949998694704846e-05,0.3239789999934146,ok,-39.67779,39.67779
Chien,TSP-grid-n800-g10000-2,160812.7,270683,0.005407600001490209,0.0027038000007451046,0.0027038000007451046,6.033954600017751,ok,-40.590023,40.590023
Chien,TSP-grid-n90-g1000-5,5356.493,8870,8.399999933317304e-05,4.199999966658652e-05,4.199999966658652e-05,0.3668387000070652,ok,-39.611126,39.611126
Chien,TSP-grid-n800-g1000-3,16083.567,27021,0.00967069999751402,0.00483534999875701,0.00483534999875701,2.087877900004969,ok,-40.477528,40.477528
Chien,TSP-line_noise-n10-g1000-1,2380.0288,2618,8.299999899463728e-05,4.149999949731864e-05,4.149999949731864e-05,0.07975809997878969,ok,-9.089808,9.089808
Chien,TSP-line_noise-n10-g1000-3,2334.4202,2738,8.89999937498942e-05,4.44999968749471e-05,4.44999968749471e-05,0.08182169997598976,ok,-14.73995,14.73995
Chien,TSP-grid-n800-g10000-4,160844.9,270129,0.005954799999017268,0.002977399999508634,0.002977399999508634,56.69785069998761,ok,-40.45626,40.45626
Chien,TSP-line_noise-n10-g1000-2,1632.2622,1864,0.00010589999874355271,5.294999937177636e-05,5.294999937177636e-05,0.12451850000070408,ok,-12.432285,12.432285
Chien,TSP-grid-n800-g10000-5,160835.9,270438,0.008790799998678267,0.0043953999993391335,0.0043953999993391335,3.465790999995079,ok,-40.527622,40.527622
Chien,TSP-line_noise-n10-g10000-5,22251.164,27923,9.159999899566174e-05,4.579999949783087e-05,4.579999949783087e-05,0.5960228000185452,ok,-20.312416,20.312416
Chien,TSP-grid-n900-g1000-3,17334.777,29364,0.0033191999973496422,0.0016595999986748211,0.0016595999986748211,3.4635525999910897,ok,-40.965885,40.965885
Chien,TSP-grid-n800-g1000-1,16083.546,27028,0.013950000000477303,0.006975000000238651,0.006975000000238651,8.203661000006832,ok,-40.493023,40.493023
Chien,TSP-grid-n900-g1000-4,17334.668,29360,0.004744600002595689,0.0023723000012978446,0.0023723000012978446,5.838307700003497,ok,-40.958218,40.958218
Chien,TSP-line_noise-n10-g10000-3,28715.662,31210,9.480000153416768e-05,4.740000076708384e-05,4.740000076708384e-05,0.8652230000006966,ok,-7.992111,7.992111
Chien,TSP-grid-n900-g10000-1,173485.14,294220,0.0027506999977049418,0.0013753499988524709,0.0013753499988524709,4.094849599990994,ok,-41.035572,41.035572
Chien,TSP-line_noise-n100-g1000-1,6663.5957,3357,0.00011580000136746094,5.790000068373047e-05,5.790000068373047e-05,1.2120501999743283,ok,98.49853,98.49853
Chien,TSP-grid-n900-g10000-3,173451.16,294168,0.007510100003855769,0.0037550500019278843,0.0037550500019278843,2.381662599989795,ok,-41.0367,41.0367
Chien,TSP-line_noise-n10-g1000-5,2839.2676,2970,8.900000102585182e-05,4.450000051292591e-05,4.450000051292591e-05,0.07959159999154508,ok,-4.401765,4.401765
Chien,TSP-line_noise-n10-g10000-4,25410.871,27665,8.769999840296805e-05,4.3849999201484025e-05,4.3849999201484025e-05,0.7032987999846227,ok,-8.147944,8.147944
Chien,TSP-line_noise-n10-g1000-4,2385.4136,2814,7.550000009359792e-05,3.775000004679896e-05,3.775000004679896e-05,0.09469900000840425,ok,-15.230505,15.230505
Chien,TSP-line_noise-n100-g1000-4,6468.7554,3258,0.0001030000057653524,5.15000028826762e-05,5.15000028826762e-05,0.36008630000287667,ok,98.54989,98.54989
Chien,TSP-line_noise-n100-g1000-3,6191.4478,3250,0.00010430000111227855,5.2150000556139275e-05,5.2150000556139275e-05,0.7097790000261739,ok,90.50608,90.50608
Chien,TSP-line_noise-n100-g10000-2,65739.16,33315,9.960000170394778e-05,4.980000085197389e-05,4.980000085197389e-05,1.0250083000282757,ok,97.326,97.326
Chien,TSP-line_noise-n100-g1000-2,6625.678,3330,0.00011690000246744603,5.8450001233723015e-05,5.8450001233723015e-05,1.231738599948585,ok,98.969315,98.969315
Chien,TSP-grid-n900-g1000-1,17334.734,29359,0.007855999996536411,0.003927999998268206,0.003927999998268206,5.37775519999559,ok,-40.95598,40.95598
Chien,TSP-grid-n900-g10000-2,173475.89,294303,0.005274800001643598,0.002637400000821799,0.002637400000821799,358.9380663000047,ok,-41.055344,41.055344
Chien,TSP-line_noise-n100-g10000-1,66246.53,33611,0.00010209999891230837,5.104999945615418e-05,5.104999945615418e-05,2.862844999996014,ok,97.09776,97.09776
Chien,TSP-grid-n900-g1000-5,17334.852,29413,0.003012799999851268,0.001506399999925634,0.001506399999925634,7.04349069998716,ok,-41.06398,41.06398
Chien,TSP-line_noise-n100-g1000-5,4102.3115,2577,0.00010409999958937988,5.204999979468994e-05,5.204999979468994e-05,1.9219940999755636,ok,59.189426,59.189426
Chien,TSP-line_noise-n100-g10000-3,62744.773,31398,0.00011510000331327319,5.7550001656636596e-05,5.7550001656636596e-05,3.346799099992495,ok,99.83685,99.83685
Chien,TSP-line_noise-n10-g10000-1,20053.258,22756,0.0009587000022293068,0.0004793500011146534,0.0004793500011146534,0.7442105999798514,ok,-11.877053,11.877053
Chien,TSP-line_noise-n10-g10000-2,26176.299,28096,0.0022408000004361384,0.0011204000002180692,0.0011204000002180692,0.516573500004597,ok,-6.8326497,6.8326497
Chien,TSP-grid-n900-g10000-5,173485.56,294175,0.0035036999979638495,0.0017518499989819247,0.0017518499989819247,3.7926389999920502,ok,-41.02641,41.02641
Chien,TSP-line_noise-n20-g1000-5,3010.2783,2727,8.679999882588163e-05,4.3399999412940815e-05,4.3399999412940815e-05,0.2009057000395842,ok,10.387911,10.387911
Chien,TSP-line_noise-n20-g1000-1,3260.7268,2954,8.879999950295314e-05,4.439999975147657e-05,4.439999975147657e-05,0.07944070000667125,ok,10.38344,10.38344
Chien,TSP-grid-n900-g10000-4,173468.4,294012,0.002629399998113513,0.0013146999990567565,0.0013146999990567565,270.55115700000897,ok,-40.99955,40.99955
Chien,TSP-line_noise-n20-g1000-3,2977.2563,2730,9.919999865815043e-05,4.959999932907522e-05,4.959999932907522e-05,0.07819570001447573,ok,9.057009,9.057009
Chien,TSP-grid-n900-g1000-2,17334.695,29361,0.012301300004764926,0.006150650002382463,0.006150650002382463,3.972894999998971,ok,-40.960133,40.960133
Chien,TSP-line_noise-n100-g10000-5,66449.414,33338,0.00011829999857582152,5.914999928791076e-05,5.914999928791076e-05,1.2547347999643534,ok,99.32034,99.32034
Chien,TSP-line_noise-n20-g10000-1,32701.531,29506,0.00011069999891333282,5.534999945666641e-05,5.534999945666641e-05,0.6447151000029407,ok,10.830107,10.830107
Chien,TSP-line_noise-n1000-g10000-1,190380.75,50575,0.004394499999762047,0.0021972499998810235,0.0021972499998810235,5.538742400007322,ok,276.43253,276.43253
Chien,TSP-line_noise-n20-g1000-2,3631.365,3056,0.00011620000441325828,5.810000220662914e-05,5.810000220662914e-05,0.07877830002689734,ok,18.827387,18.827387
Chien,TSP-line_noise-n1000-g1000-5,18174.32,7181,0.003602099997806363,0.0018010499989031814,0.0018010499989031814,52.331671399995685,ok,153.08899,153.08899
Chien,TSP-line_noise-n20-g10000-3,35304.29,30353,8.119999984046444e-05,4.059999992023222e-05,4.059999992023222e-05,0.3574789999984205,ok,16.312355,16.312355
Chien,TSP-line_noise-n1000-g1000-3,18974.227,5705,0.008574999999837019,0.004287499999918509,0.004287499999918509,8.106752499996219,ok,232.58942,232.58942
Chien,TSP-line_noise-n20-g10000-2,30736.396,28105,9.690000297268853e-05,4.845000148634426e-05,4.845000148634426e-05,0.6572273000492714,ok,9.362734,9.362734
Chien,TSP-line_noise-n20-g10000-4,32628.535,29688,9.119999594986439e-05,4.5599997974932194e-05,4.5599997974932194e-05,0.49298979999730363,ok,9.904794,9.904794
Chien,TSP-line_noise-n100-g10000-4,66174.14,33689,0.00011369999992894009,5.6849999964470044e-05,5.6849999964470044e-05,1.022647300036624,ok,96.42655,96.42655
Chien,TSP-line_noise-n200-g1000-3,9047.133,3636,0.00011380000069038942,5.690000034519471e-05,5.690000034519471e-05,1.9665618000435643,ok,148.82103,148.82103
Chien,TSP-line_noise-n200-g10000-2,45674.09,34182,0.00011729999823728576,5.864999911864288e-05,5.864999911864288e-05,2.721535100019537,ok,33.620296,33.620296
Chien,TSP-line_noise-n200-g1000-4,8829.241,3597,0.00011969999468419701,5.9849997342098504e-05,5.9849997342098504e-05,2.5976993999793194,ok,145.46124,145.46124
Chien,TSP-line_noise-n200-g1000-2,8248.395,3876,0.00010370000381954014,5.185000190977007e-05,5.185000190977007e-05,1.6513824999565259,ok,112.80688,112.80688
Chien,TSP-line_noise-n20-g1000-4,2203.224,2187,8.330000127898529e-05,4.1650000639492646e-05,4.1650000639492646e-05,0.08504370000446215,ok,0.7418437,0.7418437
Chien,TSP-line_noise-n1000-g10000-4,189588.7,58129,0.007631799999217037,0.0038158999996085186,0.0038158999996085186,20.81497649999801,ok,226.15166,226.15166
Chien,TSP-line_noise-n1000-g10000-5,189023.72,54135,0.0105489999987185,0.00527449999935925,0.00527449999935925,31.594816600030754,ok,249.17099,249.17099
Chien,TSP-line_noise-n200-g10000-3,89297.77,37416,0.00012769999739248306,6.384999869624153e-05,6.384999869624153e-05,2.096996799984481,ok,138.662,138.662
Chien,TSP-line_noise-n1000-g10000-3,188003.56,53234,0.005608999999822117,0.0028044999999110587,0.0028044999999110587,6.853039500012528,ok,253.16446,253.16446
Chien,TSP-line_noise-n1000-g10000-2,188827.19,55898,0.005123800001456402,0.002561900000728201,0.002561900000728201,4.287416699982714,ok,237.8067,237.8067
Chien,TSP-line_noise-n1000-g1000-2,18828.455,6766,0.0033815999995567836,0.0016907999997783918,0.0016907999997783918,16.23994640004821,ok,178.28046,178.28046
Chien,TSP-line_noise-n200-g10000-4,90442.97,36813,0.00012209999840706587,6.104999920353293e-05,6.104999920353293e-05,2.6897398000000976,ok,145.68214,145.68214
Chien,TSP-line_noise-n200-g10000-5,77454.88,34437,0.00012150000111432746,6.075000055716373e-05,6.075000055716373e-05,1.513278700003866,ok,124.917625,124.917625
Chien,TSP-line_noise-n20-g10000-5,32004.56,29754,8.990000060293823e-05,4.495000030146912e-05,4.495000030146912e-05,0.7500306000001729,ok,7.563893,7.563893
Chien,TSP-line_noise-n1000-g1000-1,16679.32,7670,0.005874099995708093,0.0029370499978540465,0.0029370499978540465,12.204721199988853,ok,117.4618,117.4618
Chien,TSP-line_noise-n30-g10000-2,37417.188,29017,9.679999493528157e-05,4.839999746764079e-05,4.839999746764079e-05,0.4337746999808587,ok,28.949192,28.949192
Chien,TSP-line_noise-n1000-g1000-4,17896.3,6799,0.007900500000687316,0.003950250000343658,0.003950250000343658,8.113024299964309,ok,163.2196,163.2196
Chien,TSP-line_noise-n300-g1000-5,10767.465,3708,0.00016759999562054873,8.379999781027436e-05,8.379999781027436e-05,5.204167800024152,ok,190.3847,190.3847
Chien,TSP-line_noise-n30-g1000-4,3866.3914,2985,9.500000305706635e-05,4.7500001528533176e-05,4.7500001528533176e-05,0.3565535000525415,ok,29.527348,29.527348
Chien,TSP-line_noise-n200-g1000-1,8996.143,3530,0.00011799999629147351,5.8999998145736754e-05,5.8999998145736754e-05,1.5834701999556273,ok,154.84824,154.84824
Chien,TSP-line_noise-n30-g1000-5,2982.1353,2307,0.00010800000018207356,5.400000009103678e-05,5.400000009103678e-05,0.2386623999918811,ok,29.26464,29.26464
Chien,TSP-line_noise-n200-g10000-1,89781.914,37357,0.00013700000272365287,6.850000136182643e-05,6.850000136182643e-05,2.2125010000308976,ok,140.33492,140.33492
Chien,TSP-line_noise-n300-g1000-3,10877.212,3811,0.00017800000205170363,8.900000102585182e-05,8.900000102585182e-05,2.0224242999684066,ok,185.41621,185.41621
Chien,TSP-line_noise-n30-g1000-2,4034.0518,3132,8.420000085607171e-05,4.2100000428035855e-05,4.2100000428035855e-05,0.08783239999320358,ok,28.801144,28.801144
Chien,TSP-line_noise-n40-g1000-1,4340.365,3135,8.179999713320285e-05,4.0899998566601425e-05,4.0899998566601425e-05,0.11296519997995347,ok,38.448654,38.448654
Chien,TSP-line_noise-n30-g1000-3,3774.6528,3073,9.399999544257298e-05,4.699999772128649e-05,4.699999772128649e-05,0.2558151000412181,ok,22.832829,22.832829
Chien,TSP-line_noise-n30-g10000-1,40759.035,31004,9.370000043418258e-05,4.685000021709129e-05,4.685000021709129e-05,0.37545950000640005,ok,31.463797,31.463797
Chien,TSP-line_noise-n30-g10000-5,40181.92,30832,9.979999595088884e-05,4.989999797544442e-05,4.989999797544442e-05,0.2116898000240326,ok,30.325382,30.325382
Chien,TSP-line_noise-n300-g10000-2,100163.79,43857,0.00015040000289445743,7.520000144722871e-05,7.520000144722871e-05,4.430159299983643,ok,128.38724,128.38724
Chien,TSP-line_noise-n300-g10000-1,107524.586,37771,0.00018540000019129366,9.270000009564683e-05,9.270000009564683e-05,4.770957400032785,ok,184.67497,184.67497
Chien,TSP-line_noise-n300-g10000-5,108104.06,38501,0.0008277000015368685,0.00041385000076843426,0.00041385000076843426,3.848907000035979,ok,180.78249,180.78249
Chien,TSP-line_noise-n30-g10000-4,38647.13,29650,0.00029689999792026356,0.00014844999896013178,0.00014844999896013178,0.303669799992349,ok,30.344448,30.344448
Chien,TSP-line_noise-n40-g1000-4,4512.912,3069,0.00010230000043520704,5.115000021760352e-05,5.115000021760352e-05,0.06592279998585582,ok,47.04829,47.04829
Chien,TSP-line_noise-n300-g1000-4,10770.256,3829,0.0035443000015220605,0.0017721500007610302,0.0017721500007610302,4.004447999992408,ok,181.28116,181.28116
Chien,TSP-line_noise-n300-g1000-2,10721.7295,4031,0.00015949999942677096,7.974999971338548e-05,7.974999971338548e-05,2.788598599960096,ok,165.98187,165.98187
Chien,TSP-line_noise-n400-g1000-1,12271.743,4242,0.00018170000112149864,9.085000056074932e-05,9.085000056074932e-05,7.6729078000062145,ok,189.29144,189.29144
Chien,TSP-line_noise-n30-g10000-3,36071.605,28660,9.779999527381733e-05,4.8899997636908665e-05,4.8899997636908665e-05,0.3613605000427924,ok,25.860453,25.860453
Chien,TSP-line_noise-n300-g1000-1,9275.606,3806,0.00015939999866532162,7.969999933266081e-05,7.969999933266081e-05,2.7189189000055194,ok,143.7101,143.7101
Chien,TSP-line_noise-n200-g1000-5,9033.582,3675,0.00011610000365180895,5.8050001825904474e-05,5.8050001825904474e-05,2.4352190000354312,ok,145.81177,145.81177
Chien,TSP-line_noise-n40-g10000-2,45181.652,31602,7.390000246232376e-05,3.695000123116188e-05,3.695000123116188e-05,0.1959509000298567,ok,42.970863,42.970863
Chien,TSP-line_noise-n400-g10000-2,123606.96,41943,0.0005036000002291985,0.00025180000011459924,0.00025180000011459924,6.300679000036325,ok,194.70224,194.70224
Chien,TSP-line_noise-n300-g10000-3,107512.51,39004,0.0037207999994279817,0.0018603999997139908,0.0018603999997139908,3.4552785000414588,ok,175.64482,175.64482
Chien,TSP-line_noise-n30-g1000-1,2557.1875,2229,9.029999637277797e-05,4.5149998186388984e-05,4.5149998186388984e-05,0.2931917999521829,ok,14.723531,14.723531
Chien,TSP-line_noise-n40-g1000-2,4404.5083,3091,9.609999688109383e-05,4.8049998440546915e-05,4.8049998440546915e-05,0.15971170004922897,ok,42.494606,42.494606
Chien,TSP-line_noise-n40-g10000-1,42925.83,29953,9.600000339560211e-05,4.8000001697801054e-05,4.8000001697801054e-05,0.382908400031738,ok,43.31061,43.31061
Chien,TSP-line_noise-n40-g1000-3,2490.304,2096,9.289999434258789e-05,4.6449997171293944e-05,4.6449997171293944e-05,0.0839632999850437,ok,18.81221,18.81221
Chien,TSP-line_noise-n5-g1000-1,1364.9207,1691,9.71000044955872e-05,4.85500022477936e-05,4.85500022477936e-05,0.09858960000565276,ok,-19.283226,19.283226
Chien,TSP-line_noise-n5-g10000-2,18336.746,26730,9.889999637380242e-05,4.944999818690121e-05,4.944999818690121e-05,6.8248636000207625,ok,-31.400126,31.400126
Chien,TSP-line_noise-n400-g1000-3,12183.014,4382,0.0008508000028086826,0.0004254000014043413,0.0004254000014043413,6.108798699977342,ok,178.02405,178.02405
Chien,TSP-line_noise-n40-g10000-4,35096.277,25494,8.7800006440375e-05,4.39000032201875e-05,4.39000032201875e-05,0.8476260000024922,ok,37.664852,37.664852
Chien,TSP-line_noise-n5-g1000-4,2026.5284,2759,9.709999721962959e-05,4.854999860981479e-05,4.854999860981479e-05,0.09917760000098497,ok,-26.548443,26.548443
Chien,TSP-line_noise-n40-g1000-5,3093.083,2331,9.689999569673091e-05,4.8449997848365456e-05,4.8449997848365456e-05,0.15857450000476092,ok,32.693394,32.693394
Chien,TSP-line_noise-n5-g1000-3,1852.529,2650,8.619999425718561e-05,4.3099997128592804e-05,4.3099997128592804e-05,0.08850280003389344,ok,-30.093245,30.093245
Chien,TSP-line_noise-n5-g1000-5,1915.5933,2387,8.070000330917537e-05,4.0350001654587686e-05,4.0350001654587686e-05,0.1223815000266768,ok,-19.74892,19.74892
Chien,TSP-line_noise-n400-g10000-3,124256.31,40923,0.0025624999980209395,0.0012812499990104698,0.0012812499990104698,5.136573399999179,ok,203.63443,203.63443
Chien,TSP-line_noise-n400-g1000-4,12237.107,4339,0.0018884000019170344,0.0009442000009585172,0.0009442000009585172,7.506071400013752,ok,182.02599,182.02599
Chien,TSP-line_noise-n50-g1000-2,5058.287,3197,9.610000415705144e-05,4.805000207852572e-05,4.805000207852572e-05,0.160065800009761,ok,58.219803,58.219803
Chien,TSP-line_noise-n40-g10000-5,41898.742,28524,0.00010409999958937988,5.204999979468994e-05,5.204999979468994e-05,0.5050877000321634,ok,46.889435,46.889435
Chien,TSP-line_noise-n5-g1000-2,1801.831,2297,8.399999933317304e-05,4.199999966658652e-05,4.199999966658652e-05,0.10854649997781962,ok,-21.557203,21.557203
Chien,TSP-line_noise-n300-g10000-4,109054.945,37360,0.0007650000043213367,0.0003825000021606684,0.0003825000021606684,4.147504599997774,ok,191.90295,191.90295
Chien,TSP-line_noise-n40-g10000-3,45129.707,31605,0.00010689999908208847,5.3449999541044235e-05,5.3449999541044235e-05,0.3684576000086963,ok,42.792934,42.792934
Chien,TSP-line_noise-n50-g1000-3,5034.522,3245,0.00010650000331224874,5.325000165612437e-05,5.325000165612437e-05,0.2650196999893524,ok,55.147057,55.147057
Chien,TSP-line_noise-n50-g10000-3,48215.49,31599,9.610000415705144e-05,4.805000207852572e-05,4.805000207852572e-05,0.3555882999789901,ok,52.585487,52.585487
Chien,TSP-line_noise-n50-g1000-4,4970.7197,3168,0.00010350000229664147,5.1750001148320735e-05,5.1750001148320735e-05,0.09449390001827851,ok,56.90403,56.90403
Chien,TSP-line_noise-n50-g1000-5,4805.2773,3211,9.23000043258071e-05,4.615000216290355e-05,4.615000216290355e-05,0.0812335999798961,ok,49.650494,49.650494
Chien,TSP-line_noise-n400-g10000-5,123789.59,39735,0.0030167000004439615,0.0015083500002219807,0.0015083500002219807,3.580055699974764,ok,211.53793,211.53793
Chien,TSP-line_noise-n5-g10000-3,21552.773,28094,7.929999992484227e-05,3.9649999962421134e-05,3.9649999962421134e-05,2.5694832999724895,ok,-23.283358,23.283358
Chien,TSP-line_noise-n50-g10000-2,25789.084,21675,7.74000000092201e-05,3.870000000461005e-05,3.870000000461005e-05,0.6534516999963671,ok,18.98078,18.98078
Chien,TSP-line_noise-n5-g10000-5,16329.5205,24050,9.31999966269359e-05,4.659999831346795e-05,4.659999831346795e-05,0.891630099969916,ok,-32.101788,32.101788
Chien,TSP-line_noise-n400-g10000-4,103227.84,39773,0.0034541999993962236,0.0017270999996981118,0.0017270999996981118,9.524631700012833,ok,159.54251,159.54251
Chien,TSP-line_noise-n50-g10000-5,49997.133,32406,9.640000644139946e-05,4.820000322069973e-05,4.820000322069973e-05,0.5722340999636799,ok,54.283566,54.283566
Chien,TSP-line_noise-n5-g10000-1,20167.77,27070,8.429999434156343e-05,4.214999717078172e-05,4.214999717078172e-05,1.3772024000063539,ok,-25.497711,25.497711
Chien,TSP-line_noise-n500-g10000-1,137150.66,42695,0.001389299999573268,0.000694649999786634,0.000694649999786634,7.234000599943101,ok,221.23354,221.23354
Chien,TSP-line_noise-n5-g10000-4,13697.328,17607,8.320000051753595e-05,4.160000025876798e-05,4.160000025876798e-05,1.8684281999594532,ok,-22.205214,22.205214
Chien,TSP-line_noise-n400-g1000-5,12330.072,4275,0.0032506999996257946,0.0016253499998128973,0.0016253499998128973,5.128029600018635,ok,188.42274,188.42274
Chien,TSP-line_noise-n50-g10000-4,35706.266,23882,8.350000280188397e-05,4.175000140094198e-05,4.175000140094198e-05,0.35295059997588396,ok,49.511204,49.511204
Chien,TSP-line_noise-n400-g1000-2,12350.834,4093,0.002989499997056555,0.0014947499985282775,0.0014947499985282775,6.153651600005105,ok,201.75505,201.75505
Chien,TSP-line_noise-n500-g1000-4,13629.63,4692,0.0013866999943275005,0.0006933499971637502,0.0006933499971637502,5.222816299996339,ok,190.48657,190.48657
Chien,TSP-line_noise-n60-g10000-1,53158.688,32647,0.00010769999789772555,5.3849998948862776e-05,5.3849998948862776e-05,0.8800307000055909,ok,62.82871,62.82871
Chien,TSP-line_noise-n400-g10000-1,88273.984,44494,0.0034951999987242743,0.0017475999993621372,0.0017475999993621372,2.7327393000014126,ok,98.39525,98.39525
Chien,TSP-line_noise-n50-g10000-1,47835.406,33183,0.00010960000508930534,5.480000254465267e-05,5.480000254465267e-05,0.3583539000246674,ok,44.156364,44.156364
Chien,TSP-line_noise-n500-g1000-2,13625.553,4844,0.003931300001568161,0.0019656500007840805,0.0019656500007840805,4.558396200009156,ok,181.28722,181.28722
Chien,TSP-line_noise-n500-g1000-3,13669.061,4317,0.00019919999613193795,9.959999806596898e-05,9.959999806596898e-05,4.864058099978138,ok,216.63332,216.63332
Chien,TSP-line_noise-n500-g1000-1,11204.049,4954,0.0028946000020368956,0.0014473000010184478,0.0014473000010184478,5.399986100033857,ok,126.16166,126.16166
Chien,TSP-line_noise-n60-g1000-3,5176.8066,3226,0.00011999999696854502,5.999999848427251e-05,5.999999848427251e-05,1.4340310999541543,ok,60.47138,60.47138
Chien,TSP-line_noise-n60-g10000-4,49173.414,28044,0.00010520000068936497,5.2600000344682485e-05,5.2600000344682485e-05,1.6861372999846935,ok,75.343796,75.343796
Chien,TSP-line_noise-n60-g1000-2,5399.1885,3219,8.260000322479755e-05,4.1300001612398773e-05,4.1300001612398773e-05,1.6379668000154197,ok,67.72875,67.72875
Chien,TSP-line_noise-n60-g10000-3,53523.2,32624,8.830000297166407e-05,4.4150001485832036e-05,4.4150001485832036e-05,0.36640780000016093,ok,64.060814,64.060814
Chien,TSP-line_noise-n60-g1000-1,5347.7803,3190,0.00010150000161956996,5.075000080978498e-05,5.075000080978498e-05,0.7722540999529883,ok,67.64201,67.64201
Chien,TSP-line_noise-n50-g1000-1,4713.0063,3175,9.010000212583691e-05,4.5050001062918454e-05,4.5050001062918454e-05,0.08859070000471547,ok,48.441143,48.441143
Chien,TSP-line_noise-n500-g10000-5,137473.08,41299,0.0015471000006073155,0.0007735500003036577,0.0007735500003036577,7.745369500014931,ok,232.87265,232.87265
Chien,TSP-line_noise-n60-g1000-5,5353.7607,3309,8.689999958733097e-05,4.3449999793665484e-05,4.3449999793665484e-05,0.18992749997414649,ok,61.79392,61.79392
Chien,TSP-line_noise-n60-g10000-5,27612.666,22841,0.00010370000381954014,5.185000190977007e-05,5.185000190977007e-05,0.6698989999713376,ok,20.890793,20.890793
Chien,TSP-line_noise-n500-g10000-2,137842.62,40204,0.006154399998195004,0.003077199999097502,0.003077199999097502,6.720261800044682,ok,242.85799,242.85799
Chien,TSP-line_noise-n60-g1000-4,3324.6782,2300,8.10999990790151e-05,4.054999953950755e-05,4.054999953950755e-05,0.06097860005684197,ok,44.551228,44.551228
Chien,TSP-line_noise-n70-g1000-1,5456.9546,3186,9.200000204145908e-05,4.600000102072954e-05,4.600000102072954e-05,1.7632248000008985,ok,71.27918,71.27918
Chien,TSP-line_noise-n500-g10000-4,95889.555,46660,0.003568000000086613,0.0017840000000433065,0.0017840000000433065,4.856502200011164,ok,105.50698,105.50698
Chien,TSP-line_noise-n500-g10000-3,131079.4,50604,0.0018176000012317672,0.0009088000006158836,0.0009088000006158836,4.054906699981075,ok,159.02974,159.02974
Chien,TSP-line_noise-n60-g10000-2,53621.6,32588,0.00010730000212788582,5.365000106394291e-05,5.365000106394291e-05,0.7518795999931172,ok,64.54401,64.54401
Chien,TSP-line_noise-n500-g1000-5,13644.815,4637,0.006985899999563117,0.0034929499997815583,0.0034929499997815583,9.103967800037935,ok,194.25955,194.25955
Chien,TSP-line_noise-n70-g1000-2,5763.7754,3398,9.520000457996503e-05,4.760000228998251e-05,4.760000228998251e-05,1.491798699949868,ok,69.62258,69.62258
Chien,TSP-line_noise-n70-g10000-1,55980.09,32130,9.050000517163426e-05,4.525000258581713e-05,4.525000258581713e-05,0.8254399999859743,ok,74.22997,74.22997
Chien,TSP-line_noise-n600-g10000-2,149841.67,44975,0.0011336000025039539,0.0005668000012519769,0.0005668000012519769,7.693786500021815,ok,233.16658,233.16658
Chien,TSP-line_noise-n70-g1000-3,3553.14,2461,8.990000060293823e-05,4.495000030146912e-05,4.495000030146912e-05,0.5055124000064097,ok,44.37789,44.37789
Chien,TSP-line_noise-n600-g10000-5,148726.75,47020,0.006442300000344403,0.0032211500001722015,0.0032211500001722015,12.37861980003072,ok,216.3053,216.3053
Chien,TSP-line_noise-n600-g1000-5,14800.809,5217,0.004273600003216416,0.002136800001608208,0.002136800001608208,9.14870229997905,ok,183.70345,183.70345
Chien,TSP-line_noise-n70-g10000-4,56065.43,33064,9.019999561132863e-05,4.5099997805664316e-05,4.5099997805664316e-05,0.22081799997249618,ok,69.56638,69.56638
Chien,TSP-line_noise-n70-g10000-5,55801.477,31929,9.470000077271834e-05,4.735000038635917e-05,4.735000038635917e-05,0.4456309999804944,ok,74.76738,74.76738
Chien,TSP-line_noise-n600-g10000-1,148630.47,50254,0.0038162000055308454,0.0019081000027654227,0.0019081000027654227,8.210245100024622,ok,195.75848,195.75848
Chien,TSP-line_noise-n600-g1000-4,14872.619,5154,0.005730600001697894,0.002865300000848947,0.002865300000848947,8.381685899978038,ok,188.5646,188.5646
Chien,TSP-line_noise-n70-g1000-5,5640.891,3341,0.00010019999899668619,5.0099999498343095e-05,5.0099999498343095e-05,0.37805280002066866,ok,68.83841,68.83841
Chien,TSP-line_noise-n600-g1000-1,14666.803,6222,0.00766250000015134,0.00383125000007567,0.00383125000007567,10.337055499956477,ok,135.72488,135.72488
Chien,TSP-line_noise-n70-g10000-2,56111.41,32008,9.000000136438757e-05,4.5000000682193786e-05,4.5000000682193786e-05,1.8043891999986954,ok,75.30433,75.30433
Chien,TSP-line_noise-n600-g10000-3,148912.42,47109,0.005351599997084122,0.002675799998542061,0.002675799998542061,4.125985699996818,ok,216.10187,216.10187
Chien,TSP-line_noise-n600-g10000-4,147925.27,52339,0.004243000003043562,0.002121500001521781,0.002121500001521781,6.83521109999856,ok,182.62915,182.62915
Chien,TSP-line_noise-n70-g1000-4,5434.724,3160,9.339999814983457e-05,4.669999907491729e-05,4.669999907491729e-05,0.1949113000300713,ok,71.98494,71.98494
Chien,TSP-line_noise-n70-g10000-3,45109.438,26093,0.00018519999866839498,9.259999933419749e-05,9.259999933419749e-05,1.5671040000161156,ok,72.879456,72.879456
Chien,TSP-line_noise-n700-g10000-5,159413.11,48945,0.004595499995048158,0.002297749997524079,0.002297749997524079,8.308387500001118,ok,225.69844,225.69844
Chien,TSP-line_noise-n8-g10000-2,21979.324,24508,0.0002873999983421527,0.00014369999917107634,0.00014369999917107634,1.6604499000241049,ok,-10.317757,10.317757
Chien,TSP-line_noise-n8-g1000-1,2044.9177,2212,0.0001007999962894246,5.03999981447123e-05,5.03999981447123e-05,0.08938299998408183,ok,-7.5534487,7.5534487
Chien,TSP-line_noise-n700-g1000-3,16031.463,4953,0.003288699997938238,0.001644349998969119,0.001644349998969119,12.313857899978757,ok,223.67177,223.67177
Chien,TSP-line_noise-n8-g1000-4,2509.5457,2791,0.00010240000119665638,5.120000059832819e-05,5.120000059832819e-05,0.0804704999900423,ok,-10.084354,10.084354
Chien,TSP-line_noise-n8-g1000-2,2415.6616,2894,8.720000187167898e-05,4.360000093583949e-05,4.360000093583949e-05,0.12341449997620657,ok,-16.528624,16.528624
Chien,TSP-line_noise-n8-g10000-1,18293.406,22445,9.23000043258071e-05,4.615000216290355e-05,4.615000216290355e-05,1.07303770002909,ok,-18.496742,18.496742
Chien,TSP-line_noise-n700-g1000-5,8688.217,5946,0.006500099996628705,0.0032500499983143527,0.0032500499983143527,7.781146200024523,ok,46.118683,46.118683
Chien,TSP-line_noise-n8-g10000-4,24063.844,26291,9.029999637277797e-05,4.5149998186388984e-05,4.5149998186388984e-05,1.3732047999510542,ok,-8.471174,8.471174
Chien,TSP-line_noise-n8-g10000-3,15678.784,21003,7.810000533936545e-05,3.9050002669682726e-05,3.9050002669682726e-05,0.7291148999938741,ok,-25.349787,25.349787
Chien,TSP-line_noise-n600-g1000-3,11418.327,5911,0.008079999999608845,0.004039999999804422,0.004039999999804422,20.71598149999045,ok,93.17082,93.17082
Chien,TSP-line_noise-n700-g10000-2,153511.47,50143,0.003447399998549372,0.001723699999274686,0.001723699999274686,13.898695099982433,ok,206.14735,206.14735
Chien,TSP-line_noise-n8-g1000-3,2405.8435,2848,8.390000584768131e-05,4.195000292384066e-05,4.195000292384066e-05,0.08253690000856295,ok,-15.525158,15.525158
Chien,TSP-line_noise-n700-g1000-2,15970.556,5554,0.0070316999990609474,0.0035158499995304737,0.0035158499995304737,7.629846700001508,ok,187.55052,187.55052
Chien,TSP-line_noise-n600-g1000-2,14812.828,5498,0.009438799999770708,0.004719399999885354,0.004719399999885354,13.52973509998992,ok,169.42212,169.42212
Chien,TSP-line_noise-n700-g10000-1,159847.47,46256,0.006169999993289821,0.0030849999966449104,0.0030849999966449104,7.111163099994883,ok,245.57132,245.57132
Chien,TSP-line_noise-n80-g1000-1,6058.5825,3282,0.0001019000046653673,5.095000233268365e-05,5.095000233268365e-05,0.25818669999716803,ok,84.60033,84.60033
Chien,TSP-line_noise-n700-g1000-1,15984.443,5250,0.004993300004571211,0.0024966500022856053,0.0024966500022856053,11.70760419999715,ok,204.46558,204.46558
Chien,TSP-line_noise-n80-g10000-5,53375.883,29035,9.730000601848587e-05,4.865000300924294e-05,4.865000300924294e-05,1.1700560000026599,ok,83.8329,83.8329
Chien,TSP-line_noise-n80-g1000-2,6000.9917,3262,0.00011069999891333282,5.534999945666641e-05,5.534999945666641e-05,0.6281069999677129,ok,83.96664,83.96664
Chien,TSP-line_noise-n80-g10000-2,60643.062,33242,9.270000009564683e-05,4.6350000047823414e-05,4.6350000047823414e-05,1.063296900014393,ok,82.42905,82.42905
Chien,TSP-line_noise-n80-g1000-5,5941.945,3112,9.520000457996503e-05,4.760000228998251e-05,4.760000228998251e-05,0.1451355000026524,ok,90.93653,90.93653
Chien,TSP-line_noise-n80-g10000-3,53094.812,29848,9.420000424142927e-05,4.7100002120714635e-05,4.7100002120714635e-05,0.9727469999925233,ok,77.88399,77.88399
Chien,TSP-line_noise-n700-g10000-3,159669.45,45815,0.004962400002114009,0.0024812000010570046,0.0024812000010570046,10.93676949996734,ok,248.50912,248.50912
Chien,TSP-line_noise-n8-g1000-5,2457.2896,2926,8.70000003487803e-05,4.350000017439015e-05,4.350000017439015e-05,0.091148899984546,ok,-16.018812,16.018812
Chien,TSP-line_noise-n80-g1000-4,5896.2876,3360,0.00010379999730503187,5.189999865251593e-05,5.189999865251593e-05,1.092907100042794,ok,75.48476,75.48476
Chien,TSP-line_noise-n80-g1000-3,6152.644,3254,8.97999998414889e-05,4.489999992074445e-05,4.489999992074445e-05,0.21894509997218847,ok,89.07941,89.07941
Chien,TSP-line_noise-n700-g10000-4,161159.1,45250,0.0077997000043978915,0.0038998500021989457,0.0038998500021989457,16.24251180002466,ok,256.1527,256.1527
Chien,TSP-line_noise-n800-g1000-1,16843.408,6968,0.005221300001721829,0.0026106500008609146,0.0026106500008609146,15.473641899996437,ok,141.72514,141.72514
Chien,TSP-line_noise-n90-g1000-1,6413.142,3259,0.00010589999874355271,5.294999937177636e-05,5.294999937177636e-05,1.4284902000217699,ok,96.78251,96.78251
Chien,TSP-line_noise-n800-g10000-4,154549.16,67801,0.0009248999995179474,0.0004624499997589737,0.0004624499997589737,5.459234500012826,ok,127.945244,127.945244
Chien,TSP-line_noise-n700-g1000-4,15116.124,6148,0.009871400005067699,0.004935700002533849,0.004935700002533849,9.766425499983598,ok,145.87059,145.87059
Chien,TSP-line_noise-n8-g10000-5,20353.11,24718,9.509999654255807e-05,4.754999827127904e-05,4.754999827127904e-05,0.9251907999860123,ok,-17.658754,17.658754
Chien,TSP-line_noise-n90-g10000-1,63573.27,32853,9.480000153416768e-05,4.740000076708384e-05,4.740000076708384e-05,0.3434183999779634,ok,93.50826,93.50826
Chien,TSP-line_noise-n90-g10000-5,60297.344,31583,9.750000026542693e-05,4.875000013271347e-05,4.875000013271347e-05,1.276886499952525,ok,90.91708,90.91708
Chien,TSP-line_noise-n90-g1000-4,6144.6533,3320,0.00010350000229664147,5.1750001148320735e-05,5.1750001148320735e-05,1.1694689999567345,ok,85.07992,85.07992
Chien,TSP-line_noise-n80-g10000-1,37735.605,24267,0.00010659999679774046,5.329999839887023e-05,5.329999839887023e-05,3.1960871999617666,ok,55.501736,55.501736
Chien,TSP-line_noise-n800-g1000-2,16985.32,5077,0.007329200001549907,0.0036646000007749535,0.0036646000007749535,34.633051500015426,ok,234.55426,234.55426
Chien,TSP-line_noise-n90-g10000-4,61852.836,31805,9.449999924981967e-05,4.724999962490983e-05,4.724999962490983e-05,0.6601830000290647,ok,94.4752,94.4752
Chien,TSP-line_noise-n90-g1000-5,6177.7856,3270,8.789999992586672e-05,4.394999996293336e-05,4.394999996293336e-05,0.3904834999702871,ok,88.92311,88.92311
Chien,TSP-line_noise-n90-g1000-2,6173.2876,3224,9.569999383529648e-05,4.784999691764824e-05,4.784999691764824e-05,0.2745590000413358,ok,91.47915,91.47915
Chien,TSP-line_noise-n800-g1000-3,16924.844,6314,0.007246199995279312,0.003623099997639656,0.003623099997639656,20.711412400007248,ok,168.05264,168.05264
Chien,TSP-line_noise-n80-g10000-4,60169.18,31798,0.00012169999536126852,6.084999768063426e-05,6.084999768063426e-05,0.5696435000281781,ok,89.22316,89.22316
Chien,TSP-line_noise-n800-g10000-2,154199.2,70959,0.0051991000000271015,0.0025995500000135507,0.0025995500000135507,6.932110099995043,ok,117.30746,117.30746
Chien,TSP-line_noise-n90-g10000-3,63888.08,33531,0.00010339999425923452,5.169999712961726e-05,5.169999712961726e-05,1.219951500010211,ok,90.53436,90.53436
Chien,TSP-line_noise-n800-g10000-1,170005.02,47711,0.01050579999719048,0.00525289999859524,0.00525289999859524,14.519427600025665,ok,256.32248,256.32248
Chien,TSP-line_noise-n800-g10000-3,171161.86,48573,0.007100499999069143,0.0035502499995345715,0.0035502499995345715,15.851468199980445,ok,252.38066,252.38066
Chien,TSP-line_noise-n90-g10000-2,62127.863,33492,0.00010629999451339245,5.3149997256696224e-05,5.3149997256696224e-05,1.1277326999697834,ok,85.50061,85.50061
Chien,TSP-normal-n10-g1000-1,1030.8818,1391,0.00011499999527586624,5.749999763793312e-05,5.749999763793312e-05,0.42171830000006594,ok,-25.889154,25.889154
Chien,TSP-line_noise-n800-g1000-4,17067.396,5100,0.010236000001896173,0.005118000000948086,0.005118000000948086,29.788645900029223,ok,234.65483,234.65483
Chien,TSP-line_noise-n90-g1000-3,6205.929,3372,0.0001114999977289699,5.574999886448495e-05,5.574999886448495e-05,0.25822119996882975,ok,84.04298,84.04298
Chien,TSP-line_noise-n900-g1000-5,12198.604,5860,0.005686199998308439,0.0028430999991542194,0.0028430999991542194,18.306119600019883,ok,108.16729,108.16729
Chien,TSP-line_noise-n800-g1000-5,16983.559,5950,0.008938099999795668,0.004469049999897834,0.004469049999897834,16.351178300043102,ok,185.43796,185.43796
Chien,TSP-normal-n10-g1000-2,1299.1434,1725,0.0001005000012810342,5.02500006405171e-05,5.02500006405171e-05,0.22163930001261178,ok,-24.687338,24.687338
Chien,TSP-normal-n10-g1000-4,1239.7708,1414,0.00010100000508828089,5.050000254414044e-05,5.050000254414044e-05,0.09682239999528974,ok,-12.32173,12.32173
Chien,TSP-line_noise-n900-g10000-4,180233.08,54372,0.003243400002247654,0.001621700001123827,0.001621700001123827,3.147703199996613,ok,231.48141,231.48141
Chien,TSP-normal-n10-g10000-2,10981.421,13553,9.420000424142927e-05,4.7100002120714635e-05,4.7100002120714635e-05,0.03860869999334682,ok,-18.974243,18.974243
Chien,TSP-normal-n100-g1000-3,5183.2124,6267,0.00010540000221226364,5.270000110613182e-05,5.270000110613182e-05,0.2873156999994535,ok,-17.293564,17.293564
Chien,TSP-normal-n10-g1000-3,1545.3842,1826,8.900000102585182e-05,4.450000051292591e-05,4.450000051292591e-05,0.4622107000031974,ok,-15.367789,15.367789
Chien,TSP-line_noise-n900-g1000-1,9987.813,6719,0.006471400003647432,0.003235700001823716,0.003235700001823716,51.92699680000078,ok,48.6503,48.6503
Chien,TSP-line_noise-n800-g10000-5,147605.0,60616,0.0101377999963006,0.0050688999981503,0.0050688999981503,15.078985700034536,ok,143.50832,143.50832
Chien,TSP-line_noise-n900-g1000-3,14054.246,6156,0.008688900001288857,0.004344450000644429,0.004344450000644429,13.94544479995966,ok,128.30159,128.30159
Chien,TSP-normal-n10-g10000-4,12042.34,18893,9.059999865712598e-05,4.529999932856299e-05,4.529999932856299e-05,0.0539128999953391,ok,-36.26031,36.26031
Chien,TSP-normal-n10-g1000-5,1834.8538,2295,8.040000102482736e-05,4.020000051241368e-05,4.020000051241368e-05,0.3092878000024939,ok,-20.049944,20.049944
Chien,TSP-normal-n10-g10000-1,11835.052,15502,7.950000144774094e-05,3.975000072387047e-05,3.975000072387047e-05,0.04032240000378806,ok,-23.654678,23.654678
Chien,TSP-normal-n100-g1000-2,5291.216,5934,0.00010489999840501696,5.244999920250848e-05,5.244999920250848e-05,0.3067337999964366,ok,-10.832224,10.832224
Chien,TSP-normal-n100-g10000-4,45737.152,55631,0.00010859999747481197,5.4299998737405986e-05,5.4299998737405986e-05,0.46938670000236016,ok,-17.784775,17.784775
Chien,TSP-normal-n10-g10000-3,9618.726,12592,7.619999814778566e-05,3.809999907389283e-05,3.809999907389283e-05,0.08179120000568219,ok,-23.612408,23.612408
Chien,TSP-normal-n100-g10000-5,53529.895,56177,9.239999781129882e-05,4.619999890564941e-05,4.619999890564941e-05,0.3129428999964148,ok,-4.7120805,4.7120805
Chien,TSP-normal-n100-g10000-2,54437.93,55767,9.810000483412296e-05,4.905000241706148e-05,4.905000241706148e-05,0.2106460000068182,ok,-2.383256,2.383256
Chien,TSP-normal-n100-g1000-4,5553.945,5712,9.48999950196594e-05,4.74499975098297e-05,4.74499975098297e-05,0.5022791999945184,ok,-2.7670724,2.7670724
Chien,TSP-line_noise-n900-g1000-4,17952.03,5990,0.006571600002644118,0.003285800001322059,0.003285800001322059,14.459175299969502,ok,199.69998,199.69998
Chien,TSP-normal-n100-g10000-3,52790.824,59777,0.00010670000483514741,5.3350002417573705e-05,5.3350002417573705e-05,0.7494975000008708,ok,-11.687063,11.687063
Chien,TSP-normal-n10-g10000-5,12456.769,16328,8.069999603321776e-05,4.034999801660888e-05,4.034999801660888e-05,0.041454399994108826,ok,-23.709158,23.709158
Chien,TSP-normal-n100-g1000-5,4839.363,4925,0.00010679999832063913,5.339999916031957e-05,5.339999916031957e-05,0.26402539999980945,ok,-1.7388265,1.7388265
Chien,TSP-normal-n100-g10000-1,51744.742,58587,0.0001036000030580908,5.18000015290454e-05,5.18000015290454e-05,0.40119920000142884,ok,-11.678799,11.678799
Chien,TSP-line_noise-n900-g10000-1,180701.1,48182,0.007469800002581906,0.003734900001290953,0.003734900001290953,23.48611030000029,ok,275.0386,275.0386
Chien,TSP-normal-n20-g1000-3,1987.5669,2562,9.549999958835542e-05,4.774999979417771e-05,4.774999979417771e-05,0.41137699999671895,ok,-22.421276,22.421276
Chien,TSP-line_noise-n900-g1000-2,18009.934,5834,0.01414680000016233,0.007073400000081165,0.007073400000081165,9.920081200019922,ok,208.70642,208.70642
Chien,TSP-line_noise-n900-g10000-5,180412.1,52602,0.008065000001806766,0.004032500000903383,0.004032500000903383,8.514512499968987,ok,242.97574,242.97574
Chien,TSP-line_noise-n900-g10000-3,180750.19,52911,0.014633599996159319,0.007316799998079659,0.007316799998079659,17.803887100017164,ok,241.61174,241.61174
Chien,TSP-line_noise-n900-g10000-2,124887.25,68595,0.011886699998285621,0.005943349999142811,0.005943349999142811,6.014943999995012,ok,82.06465,82.06465
Chien,TSP-normal-n100-g1000-1,4929.105,5922,0.00010520000068936497,5.2600000344682485e-05,5.2600000344682485e-05,0.3882884000049671,ok,-16.76621,16.76621
Chien,TSP-normal-n20-g1000-2,1869.1648,2258,8.55999969644472e-05,4.27999984822236e-05,4.27999984822236e-05,0.11164119999739341,ok,-17.220337,17.220337
Chien,TSP-normal-n1000-g10000-5,176574.08,172250,0.003475800003798213,0.0017379000018991064,0.0017379000018991064,11.887558999995235,ok,2.5103502,2.5103502
Chien,TSP-normal-n20-g10000-1,17201.504,21298,0.00012180000339867547,6.0900001699337736e-05,6.0900001699337736e-05,0.05145440000342205,ok,-19.234182,19.234182
Chien,TSP-normal-n20-g1000-4,1942.6624,2287,9.439999848837033e-05,4.7199999244185165e-05,4.7199999244185165e-05,0.11200259999895934,ok,-15.056303,15.056303
Chien,TSP-normal-n20-g1000-5,1534.4645,1958,9.479999425821006e-05,4.739999712910503e-05,4.739999712910503e-05,0.260193199996138,ok,-21.631027,21.631027
Chien,TSP-normal-n20-g1000-1,1792.5957,2489,0.00010019999899668619,5.0099999498343095e-05,5.0099999498343095e-05,0.2674762999959057,ok,-27.979282,27.979282
Chien,TSP-normal-n20-g10000-5,19302.502,26410,9.649999992689118e-05,4.824999996344559e-05,4.824999996344559e-05,0.11478059999353718,ok,-26.912148,26.912148
Chien,TSP-normal-n200-g1000-5,7267.424,7731,0.00012369999603834003,6.184999801917002e-05,6.184999801917002e-05,1.0683924999902956,ok,-5.9963284,5.9963284
Chien,TSP-normal-n20-g10000-3,16589.096,19809,9.069999941857532e-05,4.534999970928766e-05,4.534999970928766e-05,0.09427990000403952,ok,-16.254755,16.254755
Chien,TSP-normal-n1000-g1000-1,18419.867,17225,0.00987860000168439,0.004939300000842195,0.004939300000842195,15.173178299999563,ok,6.93682,6.93682
Chien,TSP-normal-n1000-g1000-3,18056.521,17980,0.007816999997885432,0.003908499998942716,0.003908499998942716,11.482060599999386,ok,0.42559224,0.42559224
Chien,TSP-normal-n200-g1000-3,8203.315,8691,0.00012989999959245324,6.494999979622662e-05,6.494999979622662e-05,1.765908400004264,ok,-5.6113744,5.6113744
Chien,TSP-normal-n1000-g1000-5,17878.89,18070,0.004573899997922126,0.002286949998961063,0.002286949998961063,7.670901399993454,ok,-1.0576059,1.0576059
Chien,TSP-normal-n200-g1000-4,8093.494,8396,0.00012040000001434237,6.0200000007171184e-05,6.0200000007171184e-05,0.888798100000713,ok,-3.602976,3.602976
Chien,TSP-normal-n200-g10000-1,72243.914,80738,0.00012209999840706587,6.104999920353293e-05,6.104999920353293e-05,1.1923419000086142,ok,-10.5205555,10.5205555
Chien,TSP-normal-n200-g10000-2,76609.6,79426,0.00013169999874662608,6.584999937331304e-05,6.584999937331304e-05,3.170084699988365,ok,-3.5459404,3.5459404
Chien,TSP-normal-n1000-g10000-3,180450.97,183242,0.007444499999110121,0.0037222499995550606,0.0037222499995550606,19.90178860000742,ok,-1.5231395,1.5231395
Chien,TSP-normal-n1000-g1000-2,18130.26,17952,0.010951800002658274,0.005475900001329137,0.005475900001329137,124.55442600000242,ok,0.99297994,0.99297994
Chien,TSP-normal-n1000-g10000-2,182998.11,177384,0.007188700001279358,0.003594350000639679,0.003594350000639679,403.48446769997827,ok,3.164947,3.164947
Chien,TSP-normal-n20-g10000-2,16750.457,20051,9.380000119563192e-05,4.690000059781596e-05,4.690000059781596e-05,0.04734580000513233,ok,-16.460741,16.460741
Chien,TSP-normal-n30-g1000-2,2545.6467,3334,0.00010069999552797526,5.034999776398763e-05,5.034999776398763e-05,0.0881272000115132,ok,-23.645868,23.645868
Chien,TSP-normal-n200-g10000-5,81630.766,81601,0.00012419999984558672,6.209999992279336e-05,6.209999992279336e-05,2.3244549999944866,ok,0.036477037,0.036477037
Chien,TSP-normal-n200-g1000-2,7419.795,7692,0.00012649999553104863,6.324999776552431e-05,6.324999776552431e-05,1.8592062999960035,ok,-3.5388074,3.5388074
Chien,TSP-normal-n30-g1000-3,2624.2146,2846,7.370000093942508e-05,3.685000046971254e-05,3.685000046971254e-05,0.08830409999063704,ok,-7.792881,7.792881
Chien,TSP-normal-n1000-g1000-4,17997.268,18507,0.012495599999965634,0.006247799999982817,0.006247799999982817,16.51826450000226,ok,-2.7542682,2.7542682
Chien,TSP-normal-n30-g10000-3,22619.076,26166,9.819999831961468e-05,4.909999915980734e-05,4.909999915980734e-05,0.04836439999053255,ok,-13.555469,13.555469
Chien,TSP-normal-n200-g1000-1,7108.0674,7863,0.00012399999832268804,6.199999916134402e-05,6.199999916134402e-05,0.703337900005863,ok,-9.601076,9.601076
Chien,TSP-normal-n30-g1000-5,2875.532,3512,9.03999971342273e-05,4.519999856711365e-05,4.519999856711365e-05,0.07404819999646861,ok,-18.122665,18.122665
Chien,TSP-normal-n1000-g10000-4,184124.08,180381,0.006494900000689086,0.003247450000344543,0.003247450000344543,157.87843359998078,ok,2.0750954,2.0750954
Chien,TSP-normal-n20-g10000-4,20822.248,25866,9.899999713525176e-05,4.949999856762588e-05,4.949999856762588e-05,0.07278170000063255,ok,-19.499544,19.499544
Chien,TSP-normal-n200-g10000-4,78436.49,78691,0.00012229999992996454,6.114999996498227e-05,6.114999996498227e-05,2.373877399993944,ok,-0.32342684,0.32342684
Chien,TSP-normal-n30-g1000-1,2414.1848,2882,9.589999535819516e-05,4.794999767909758e-05,4.794999767909758e-05,0.13309980000485666,ok,-16.23231,16.23231
Chien,TSP-normal-n30-g10000-4,25939.941,32625,9.170000703306869e-05,4.585000351653434e-05,4.585000351653434e-05,0.06995940000342671,ok,-20.490602,20.490602
Chien,TSP-normal-n30-g10000-5,21860.81,25634,9.649999992689118e-05,4.824999996344559e-05,4.824999996344559e-05,0.04102009999041911,ok,-14.719471,14.719471
Chien,TSP-normal-n30-g1000-4,2566.4717,3423,9.4600000011269e-05,4.73000000056345e-05,4.73000000056345e-05,0.07966210000449792,ok,-25.02274,25.02274
Chien,TSP-normal-n30-g10000-2,19692.572,23176,8.630000229459256e-05,4.315000114729628e-05,4.315000114729628e-05,0.06597199999669101,ok,-15.030323,15.030323
Chien,TSP-normal-n300-g10000-1,88301.98,96936,0.0003735999998752959,0.00018679999993764795,0.00018679999993764795,6.655078499999945,ok,-8.906932,8.906932
Chien,TSP-normal-n300-g1000-3,9432.042,9380,0.0008219000010285527,0.0004109500005142763,0.0004109500005142763,1.4728497000032803,ok,0.55481863,0.55481863
Chien,TSP-normal-n40-g1000-2,2838.9663,3390,9.109999518841505e-05,4.5549997594207525e-05,4.5549997594207525e-05,0.26955709999310784,ok,-16.25468,16.25468
Chien,TSP-normal-n40-g10000-1,27250.623,33003,8.480000542476773e-05,4.2400002712383866e-05,4.2400002712383866e-05,0.09574059999431483,ok,-17.429861,17.429861
Chien,TSP-normal-n300-g1000-2,9662.488,9885,0.0001612999985809438,8.06499992904719e-05,8.06499992904719e-05,1.661686399995233,ok,-2.2510037,2.2510037
Chien,TSP-normal-n30-g10000-1,26898.055,31191,9.609999688109383e-05,4.8049998440546915e-05,4.8049998440546915e-05,0.0482044000091264,ok,-13.76341,13.76341
Chien,TSP-normal-n40-g1000-4,3339.45,3831,0.00010040000051958486,5.020000025979243e-05,5.020000025979243e-05,0.0888660000055097,ok,-12.830855,12.830855
Chien,TSP-normal-n200-g10000-3,73829.445,78801,0.00012910000077681616,6.455000038840808e-05,6.455000038840808e-05,1.6053994999965653,ok,-6.3089995,6.3089995
Chien,TSP-normal-n300-g1000-1,9581.177,9433,0.0006345000001601875,0.00031725000008009374,0.00031725000008009374,2.0983821999980137,ok,1.5708338,1.5708338
Chien,TSP-normal-n1000-g10000-1,184031.19,181880,0.007469899996067397,0.0037349499980336986,0.0037349499980336986,12.874840300006326,ok,1.1827509,1.1827509
Chien,TSP-normal-n40-g10000-3,31303.84,34790,8.469999738736078e-05,4.234999869368039e-05,4.234999869368039e-05,0.14555449999170378,ok,-10.020581,10.020581
Chien,TSP-normal-n300-g10000-4,93868.02,96793,0.0019306000031065196,0.0009653000015532598,0.0009653000015532598,2.5949337000056403,ok,-3.0218885,3.0218885
Chien,TSP-normal-n300-g10000-2,95084.92,104592,0.00018049999926006421,9.024999963003211e-05,9.024999963003211e-05,6.159889999995357,ok,-9.08968,9.08968
Chien,TSP-normal-n300-g10000-5,96199.74,104753,0.0014072000049054623,0.0007036000024527311,0.0007036000024527311,2.0307541999936802,ok,-8.165167,8.165167
Chien,TSP-normal-n300-g1000-4,9691.296,10095,0.0007575999989057891,0.00037879999945289455,0.00037879999945289455,1.2414698999928078,ok,-3.99905,3.99905
Chien,TSP-normal-n40-g1000-5,2843.6064,3414,0.00011200000153621659,5.6000000768108293e-05,5.6000000768108293e-05,0.12443140000686981,ok,-16.707485,16.707485
Chien,TSP-normal-n300-g1000-5,9687.803,10302,0.0007918000046629459,0.00039590000233147293,0.00039590000233147293,2.172930800006725,ok,-5.9619226,5.9619226
Chien,TSP-normal-n40-g10000-2,29274.203,36588,0.00010209999891230837,5.104999945615418e-05,5.104999945615418e-05,0.09743730000627693,ok,-19.989605,19.989605
Chien,TSP-normal-n400-g1000-3,11141.797,10789,0.0008533000000170432,0.0004266500000085216,0.0004266500000085216,2.805910099996254,ok,3.2699683,3.2699683
Chien,TSP-normal-n5-g1000-2,1205.5691,1724,9.190000128000975e-05,4.595000064000487e-05,4.595000064000487e-05,0.0895170000003418,ok,-30.071398,30.071398
Chien,TSP-normal-n40-g10000-5,26603.867,30291,9.229999704984948e-05,4.614999852492474e-05,4.614999852492474e-05,0.04626970000390429,ok,-12.17237,12.17237
Chien,TSP-normal-n40-g10000-4,34180.695,37987,9.899999713525176e-05,4.949999856762588e-05,4.949999856762588e-05,0.09582410000439268,ok,-10.02002,10.02002
Chien,TSP-normal-n300-g10000-3,98444.69,102031,0.00015590000111842528,7.795000055921264e-05,7.795000055921264e-05,2.0054638000001432,ok,-3.5149243,3.5149243
Chien,TSP-normal-n5-g1000-1,994.6617,1398,8.86999987415038e-05,4.43499993707519e-05,4.43499993707519e-05,0.041640600000391714,ok,-28.851095,28.851095
Chien,TSP-normal-n5-g1000-4,738.4584,1032,8.260000322479755e-05,4.1300001612398773e-05,4.1300001612398773e-05,0.06045579999045003,ok,-28.443956,28.443956
Chien,TSP-normal-n5-g1000-3,1072.6093,1586,7.100000220816582e-05,3.550000110408291e-05,3.550000110408291e-05,0.0925812999921618,ok,-32.370163,32.370163
Chien,TSP-normal-n400-g1000-5,11614.791,11979,0.00019269999756943434,9.634999878471717e-05,9.634999878471717e-05,4.767353099989123,ok,-3.0403955,3.0403955
Chien,TSP-normal-n400-g10000-1,103845.37,107821,0.0008389999929931946,0.0004194999964965973,0.0004194999964965973,5.13986379999551,ok,-3.6872528,3.6872528
Chien,TSP-normal-n400-g1000-4,11606.958,11988,0.0017010000010486692,0.0008505000005243346,0.0008505000005243346,1.148556500003906,ok,-3.1785283,3.1785283
Chien,TSP-normal-n400-g1000-2,11467.175,11626,0.002413499998510815,0.0012067499992554076,0.0012067499992554076,6.361773500000709,ok,-1.3661208,1.3661208
Chien,TSP-normal-n5-g10000-3,5698.212,8077,8.27999974717386e-05,4.13999987358693e-05,4.13999987358693e-05,0.11666670000704471,ok,-29.451382,29.451382
Chien,TSP-normal-n400-g10000-2,101329.95,105955,0.00018339999951422215,9.169999975711107e-05,9.169999975711107e-05,3.256970500005991,ok,-4.3651047,4.3651047
Chien,TSP-normal-n5-g10000-1,3503.7559,5091,8.659999730298296e-05,4.329999865149148e-05,4.329999865149148e-05,0.3351690999988932,ok,-31.177452,31.177452
Chien,TSP-normal-n50-g1000-3,3179.4966,3807,8.669999806443229e-05,4.3349999032216147e-05,4.3349999032216147e-05,0.1676826000039,ok,-16.482885,16.482885
Chien,TSP-normal-n400-g10000-3,111486.945,114917,0.00018039999849861488,9.019999924930744e-05,9.019999924930744e-05,9.561253699997906,ok,-2.9848104,2.9848104
Chien,TSP-normal-n40-g1000-1,3116.845,3837,8.50000069476664e-05,4.25000034738332e-05,4.25000034738332e-05,0.09924959999625571,ok,-18.768702,18.768702
Chien,TSP-normal-n5-g1000-5,463.6399,782,8.86999987415038e-05,4.43499993707519e-05,4.43499993707519e-05,0.04529960000945721,ok,-40.711014,40.711014
Chien,TSP-normal-n40-g1000-3,3509.869,3836,8.7800006440375e-05,4.39000032201875e-05,4.39000032201875e-05,0.1753612000029534,ok,-8.501854,8.501854
Chien,TSP-normal-n5-g10000-2,8398.936,13829,8.649999654153362e-05,4.324999827076681e-05,4.324999827076681e-05,0.3294030999968527,ok,-39.265778,39.265778
Chien,TSP-normal-n50-g10000-1,32138.082,35838,9.589999535819516e-05,4.794999767909758e-05,4.794999767909758e-05,0.13719829999899957,ok,-10.324008,10.324008
Chien,TSP-normal-n50-g1000-5,3411.5273,4069,0.00010369999654358253,5.1849998271791264e-05,5.1849998271791264e-05,0.19536640000296757,ok,-16.158089,16.158089
Chien,TSP-normal-n50-g10000-5,39346.11,47148,0.00010350000229664147,5.1750001148320735e-05,5.1750001148320735e-05,0.0871703000011621,ok,-16.547659,16.547659
Chien,TSP-normal-n50-g10000-3,32427.467,34719,8.809999417280778e-05,4.404999708640389e-05,4.404999708640389e-05,0.0479784000053769,ok,-6.600228,6.600228
Chien,TSP-normal-n5-g10000-5,7050.1553,10464,9.439999848837033e-05,4.7199999244185165e-05,4.7199999244185165e-05,0.11719550000270829,ok,-32.62466,32.62466
Chien,TSP-normal-n400-g1000-1,11110.712,11159,0.006033899997419212,0.003016949998709606,0.003016949998709606,2.0033210999972653,ok,-0.43272772,0.43272772
Chien,TSP-normal-n50-g10000-2,38751.41,42468,9.750000026542693e-05,4.875000013271347e-05,4.875000013271347e-05,0.05188900000939611,ok,-8.751507,8.751507
Chien,TSP-normal-n400-g10000-5,113026.39,119100,0.00016830000095069408,8.415000047534704e-05,8.415000047534704e-05,3.4818306999950437,ok,-5.099588,5.099588
Chien,TSP-normal-n50-g1000-2,3345.7385,4038,9.470000077271834e-05,4.735000038635917e-05,4.735000038635917e-05,0.33447360001446214,ok,-17.143673,17.143673
Chien,TSP-normal-n500-g10000-3,118342.29,124464,0.0002021000036620535,0.00010105000183102675,0.00010105000183102675,2.4430739999952493,ok,-4.918459,4.918459
Chien,TSP-normal-n50-g1000-1,2989.437,3602,9.529999806545675e-05,4.7649999032728374e-05,4.7649999032728374e-05,0.29346369999984745,ok,-17.00619,17.00619
Chien,TSP-normal-n50-g10000-4,31740.848,38138,8.789999992586672e-05,4.394999996293336e-05,4.394999996293336e-05,0.2120961000036914,ok,-16.773697,16.773697
Chien,TSP-normal-n5-g10000-4,6908.236,9361,8.800000068731606e-05,4.400000034365803e-05,4.400000034365803e-05,0.16913179999392014,ok,-26.201946,26.201946
Chien,TSP-normal-n500-g1000-2,13177.651,13098,0.002247799995529931,0.0011238999977649655,0.0011238999977649655,3.7578609000047436,ok,0.60811853,0.60811853
Chien,TSP-normal-n400-g10000-4,115461.28,113234,0.003966900003433693,0.0019834500017168466,0.0019834500017168466,5.958339799995883,ok,1.9669721,1.9669721
Chien,TSP-normal-n50-g1000-4,3531.8853,3904,0.00010140000085812062,5.070000042906031e-05,5.070000042906031e-05,0.06197160000738222,ok,-9.531628,9.531628
Chien,TSP-normal-n60-g1000-1,3697.676,4189,9.57000011112541e-05,4.785000055562705e-05,4.785000055562705e-05,0.20996720000403002,ok,-11.728909,11.728909
Chien,TSP-normal-n60-g1000-2,3791.4165,4402,9.7999996796716e-05,4.8999998398358e-05,4.8999998398358e-05,0.22121129999868572,ok,-13.870592,13.870592
Chien,TSP-normal-n60-g10000-3,33111.785,40741,9.190000128000975e-05,4.595000064000487e-05,4.595000064000487e-05,0.3193375999981072,ok,-18.726135,18.726135
Chien,TSP-normal-n60-g10000-5,39773.594,45553,0.00011150000500492752,5.575000250246376e-05,5.575000250246376e-05,0.1528937999974005,ok,-12.687214,12.687214
Chien,TSP-normal-n60-g10000-1,40017.8,45602,8.55999969644472e-05,4.27999984822236e-05,4.27999984822236e-05,0.2506388000037987,ok,-12.245514,12.245514
Chien,TSP-normal-n500-g1000-4,12736.66,13268,0.00310209999588551,0.001551049997942755,0.001551049997942755,6.278650899999775,ok,-4.0046716,4.0046716
Chien,TSP-normal-n500-g10000-1,131058.62,128012,0.0010680000050342642,0.0005340000025171321,0.0005340000025171321,2.730625500000315,ok,2.3799467,2.3799467
Chien,TSP-normal-n60-g1000-4,3498.6296,4204,0.00016390000382671133,8.195000191335566e-05,8.195000191335566e-05,0.16623229999095201,ok,-16.778553,16.778553
Chien,TSP-normal-n500-g10000-5,124114.1,121579,0.005150500001036562,0.002575250000518281,0.002575250000518281,6.41481859999476,ok,2.0851476,2.0851476
Chien,TSP-normal-n500-g1000-1,12142.119,12791,0.004488400001719128,0.002244200000859564,0.002244200000859564,77.9672806999879,ok,-5.072949,5.072949
Chien,TSP-normal-n60-g10000-4,39781.145,43580,0.00011049999739043415,5.524999869521707e-05,5.524999869521707e-05,0.4391355999978259,ok,-8.7169695,8.7169695
Chien,TSP-normal-n500-g1000-5,13028.363,12849,0.00313319999986561,0.001566599999932805,0.001566599999932805,3.0283302000025287,ok,1.3959318,1.3959318
Chien,TSP-normal-n60-g1000-3,4249.4263,4589,9.4600000011269e-05,4.73000000056345e-05,4.73000000056345e-05,0.10353870000108145,ok,-7.3997326,7.3997326
Chien,TSP-normal-n600-g1000-2,12975.863,13464,0.0031777999975020066,0.0015888999987510033,0.0015888999987510033,5.113973300001817,ok,-3.6254954,3.6254954
Chien,TSP-normal-n500-g1000-3,11868.885,12387,0.0007152999969548546,0.0003576499984774273,0.0003576499984774273,6.492663900004118,ok,-4.182734,4.182734
Chien,TSP-normal-n600-g1000-1,14336.12,13726,0.006978099998377729,0.0034890499991888646,0.0034890499991888646,3.7214328000118257,ok,4.444996,4.444996
Chien,TSP-normal-n500-g10000-4,121679.3,120711,0.0046647999988636,0.0023323999994318,0.0023323999994318,5.673406199988676,ok,0.8021613,0.8021613
Chien,TSP-normal-n500-g10000-2,123609.38,126270,0.007630899999639951,0.0038154499998199753,0.0038154499998199753,4.750727799997549,ok,-2.107086,2.107086
Chien,TSP-normal-n60-g10000-2,44680.523,49528,0.00010109999857377261,5.0549999286886305e-05,5.0549999286886305e-05,0.18823020000127144,ok,-9.787346,9.787346
Chien,TSP-normal-n70-g1000-2,4299.089,4904,0.00010720000136643648,5.360000068321824e-05,5.360000068321824e-05,0.13978290000522975,ok,-12.335056,12.335056
Chien,TSP-normal-n70-g10000-1,38193.902,42337,8.690000686328858e-05,4.345000343164429e-05,4.345000343164429e-05,0.33238219999475405,ok,-9.785997,9.785997
Chien,TSP-normal-n600-g1000-4,13970.08,13818,0.006117000004451256,0.003058500002225628,0.003058500002225628,10.097958300000755,ok,1.100594,1.100594
Chien,TSP-normal-n600-g10000-1,133773.33,133931,0.0036136999988229945,0.0018068499994114973,0.0018068499994114973,5.754894099998637,ok,-0.11772619,0.11772619
Chien,TSP-normal-n70-g10000-4,41552.664,51254,0.00010019999899668619,5.0099999498343095e-05,5.0099999498343095e-05,0.5323960999958217,ok,-18.92796,18.92796
Chien,TSP-normal-n70-g10000-2,44163.797,53392,9.950000094249845e-05,4.975000047124922e-05,4.975000047124922e-05,0.33120710001094267,ok,-17.283869,17.283869
Chien,TSP-normal-n60-g1000-5,3500.1592,3868,0.00010400000610388815,5.200000305194408e-05,5.200000305194408e-05,0.15825089999998454,ok,-9.509845,9.509845
Chien,TSP-normal-n70-g1000-5,4783.5957,5356,0.00010119999933522195,5.059999966761097e-05,5.059999966761097e-05,0.26572500000474975,ok,-10.6871605,10.6871605
Chien,TSP-normal-n600-g1000-5,14221.978,14133,0.007044199999654666,0.003522099999827333,0.003522099999827333,5.167093900003238,ok,0.62957287,0.62957287
Chien,TSP-normal-n70-g1000-4,3976.9092,4660,8.489999891025946e-05,4.244999945512973e-05,4.244999945512973e-05,0.26756220000970643,ok,-14.658602,14.658602
Chien,TSP-normal-n70-g10000-3,41981.94,47244,0.00010140000085812062,5.070000042906031e-05,5.070000042906031e-05,0.29369199999200646,ok,-11.138046,11.138046
Chien,TSP-normal-n600-g10000-5,143540.19,138198,0.003293600006145425,0.0016468000030727126,0.0016468000030727126,49.31183419999434,ok,3.8656042,3.8656042
Chien,TSP-normal-n700-g1000-3,15253.592,15273,0.001134099999035243,0.0005670499995176215,0.0005670499995176215,7.548159199999645,ok,-0.12707525,0.12707525
Chien,TSP-normal-n70-g1000-1,3835.6826,4279,9.029999637277797e-05,4.5149998186388984e-05,4.5149998186388984e-05,0.25396670000918675,ok,-10.360304,10.360304
Chien,TSP-normal-n8-g1000-5,816.90796,1132,8.369999704882503e-05,4.184999852441251e-05,4.184999852441251e-05,0.03584039999986999,ok,-27.834984,27.834984
Chien,TSP-normal-n700-g1000-2,15498.53,15427,0.012304299998504575,0.006152149999252288,0.006152149999252288,6.993793100002222,ok,0.46366936,0.46366936
Chien,TSP-normal-n600-g10000-3,141865.2,137424,0.006417399999918416,0.003208699999959208,0.003208699999959208,5.790588900010334,ok,3.2317524,3.2317524
Chien,TSP-normal-n600-g10000-2,143804.84,139835,0.014302099996712059,0.007151049998356029,0.007151049998356029,5.1638807999988785,ok,2.8389485,2.8389485
Chien,TSP-normal-n600-g10000-4,141033.11,143604,0.01060709999728715,0.005303549998643575,0.005303549998643575,5.879438299991307,ok,-1.7902639,1.7902639
Chien,TSP-normal-n70-g1000-3,4092.4385,5003,0.00011000000085914508,5.500000042957254e-05,5.500000042957254e-05,0.18454709999787156,ok,-18.20031,18.20031
Chien,TSP-normal-n8-g1000-3,1380.5911,1944,0.00011439999798312783,5.7199998991563916e-05,5.7199998991563916e-05,0.048240200005238876,ok,-28.981941,28.981941
Chien,TSP-normal-n8-g1000-2,1033.3353,1378,8.499999967170879e-05,4.2499999835854396e-05,4.2499999835854396e-05,0.04318359999160748,ok,-25.011951,25.011951
Chien,TSP-normal-n700-g1000-4,14828.715,14588,0.0013913000002503395,0.0006956500001251698,0.0006956500001251698,3.94096890000219,ok,1.6500881,1.6500881
Chien,TSP-normal-n8-g10000-2,14383.541,20537,0.00010049999400507659,5.0249997002538294e-05,5.0249997002538294e-05,0.16419979999773204,ok,-29.962793,29.962793
Chien,TSP-normal-n8-g1000-1,1110.4026,1540,8.479999814881012e-05,4.239999907440506e-05,4.239999907440506e-05,0.18267949999426492,ok,-27.895937,27.895937
Chien,TSP-normal-n8-g10000-3,10344.956,14037,7.170000026235357e-05,3.5850000131176785e-05,3.5850000131176785e-05,0.20512719999533147,ok,-26.30223,26.30223
Chien,TSP-normal-n700-g1000-1,14901.827,14755,0.010047100004157983,0.005023550002078991,0.005023550002078991,3.6613835000025574,ok,0.9951009,0.9951009
Chien,TSP-normal-n8-g1000-4,1621.1023,2122,7.18000010238029e-05,3.590000051190145e-05,3.590000051190145e-05,0.05126790000940673,ok,-23.604982,23.604982
Chien,TSP-normal-n700-g10000-1,151674.84,147108,0.0032161999988602474,0.0016080999994301237,0.0016080999994301237,6.694900999995298,ok,3.1044157,3.1044157
Chien,TSP-normal-n70-g10000-5,42659.4,47149,8.189999789465219e-05,4.0949998947326094e-05,4.0949998947326094e-05,0.11453719998826273,ok,-9.522157,9.522157
Chien,TSP-normal-n700-g10000-4,148262.36,150690,0.012219099997309968,0.006109549998654984,0.006109549998654984,188.76747809999506,ok,-1.6110163,1.6110163
Chien,TSP-normal-n80-g10000-4,47484.617,51698,9.979999595088884e-05,4.989999797544442e-05,4.989999797544442e-05,0.31259339999814983,ok,-8.149992,8.149992
Chien,TSP-normal-n8-g10000-5,9971.334,12914,8.41999935801141e-05,4.209999679005705e-05,4.209999679005705e-05,0.12297669998952188,ok,-22.786634,22.786634
Chien,TSP-normal-n80-g1000-1,4219.8433,4673,0.00010040000051958486,5.020000025979243e-05,5.020000025979243e-05,0.3770596999966074,ok,-9.697341,9.697341
Chien,TSP-normal-n8-g10000-1,7515.0967,9684,8.95000048330985e-05,4.475000241654925e-05,4.475000241654925e-05,0.1121285999979591,ok,-22.396772,22.396772
Chien,TSP-normal-n8-g10000-4,7679.835,11189,8.740000339457765e-05,4.3700001697288826e-05,4.3700001697288826e-05,0.28646619999199174,ok,-31.362633,31.362633
Chien,TSP-normal-n700-g10000-5,151730.28,145264,0.0036414999995031394,0.0018207499997515697,0.0018207499997515697,5.3572420999989845,ok,4.4514,4.4514
Chien,TSP-normal-n600-g1000-3,14285.543,14088,0.022008700005244464,0.011004350002622232,0.011004350002622232,4.964504000003217,ok,1.4022074,1.4022074
Chien,TSP-normal-n700-g10000-3,151645.38,152745,0.01306260000274051,0.006531300001370255,0.006531300001370255,4.217378200002713,ok,-0.719909,0.719909
Chien,TSP-normal-n80-g1000-2,4517.66,4755,0.00012059999426128343,6.0299997130641714e-05,6.0299997130641714e-05,0.25650360000145156,ok,-4.991374,4.991374
Chien,TSP-normal-n80-g1000-3,4795.238,5513,8.569999772589654e-05,4.284999886294827e-05,4.284999886294827e-05,0.200509600006626,ok,-13.019448,13.019448
Chien,TSP-normal-n80-g10000-1,38601.953,42379,9.940000018104911e-05,4.9700000090524554e-05,4.9700000090524554e-05,0.42639259999850765,ok,-8.912544,8.912544
Chien,TSP-normal-n80-g10000-5,48132.84,50163,0.0001047000041580759,5.235000207903795e-05,5.235000207903795e-05,0.48688810000021476,ok,-4.047127,4.047127
Chien,TSP-normal-n700-g1000-5,15064.232,15063,0.007412299994030036,0.003706149997015018,0.003706149997015018,5.765825299997232,ok,0.008181782,0.008181782
Chien,TSP-normal-n80-g1000-4,4517.0737,5179,9.499999578110874e-05,4.749999789055437e-05,4.749999789055437e-05,0.09070699999574572,ok,-12.780968,12.780968
Chien,TSP-normal-n80-g10000-3,39422.574,47119,0.00010620000102790073,5.310000051395036e-05,5.310000051395036e-05,0.2700178999948548,ok,-16.334019,16.334019
Chien,TSP-normal-n80-g1000-5,4863.2925,4759,0.00011040000390494242,5.520000195247121e-05,5.520000195247121e-05,0.4352184000017587,ok,2.191479,2.191479
Chien,TSP-normal-n80-g10000-2,46728.863,51336,9.760000102687627e-05,4.8800000513438135e-05,4.8800000513438135e-05,0.8147386999917217,ok,-8.974476,8.974476
Chien,TSP-normal-n700-g10000-2,147111.64,146713,0.00885250000283122,0.00442625000141561,0.00442625000141561,8.715929900004994,ok,0.2717146,0.2717146
Chien,TSP-normal-n90-g1000-1,4753.608,5294,0.00010879999899771065,5.439999949885532e-05,5.439999949885532e-05,0.13032840000232682,ok,-10.207633,10.207633
Chien,TSP-normal-n90-g10000-3,47009.145,52843,0.00011860000086016953,5.9300000430084765e-05,5.9300000430084765e-05,0.6286366999993334,ok,-11.039977,11.039977
Chien,TSP-normal-n800-g1000-2,16531.795,16061,0.007262600003741682,0.003631300001870841,0.003631300001870841,8.728653400001349,ok,2.9312928,2.9312928
Chien,TSP-normal-n800-g1000-3,15904.497,15356,0.0026448999997228384,0.0013224499998614192,0.0013224499998614192,8.453636700010975,ok,3.5718746,3.5718746
Chien,TSP-normal-n90-g10000-1,46020.984,52381,0.0001081000009435229,5.405000047176145e-05,5.405000047176145e-05,0.6527806000085548,ok,-12.141837,12.141837
Chien,TSP-normal-n90-g1000-4,4768.1914,5223,9.940000018104911e-05,4.9700000090524554e-05,4.9700000090524554e-05,0.5060649000079138,ok,-8.707804,8.707804
Chien,TSP-normal-n90-g10000-4,47758.543,50817,0.00011939999967580661,5.9699999837903306e-05,5.9699999837903306e-05,0.6267496000073152,ok,-6.0185704,6.0185704
Chien,TSP-normal-n90-g1000-5,4719.9707,5271,0.00010169999586651102,5.084999793325551e-05,5.084999793325551e-05,0.16503360000206158,ok,-10.45398,10.45398
Chien,TSP-normal-n800-g10000-2,165507.06,164163,0.006973800002015196,0.003486900001007598,0.003486900001007598,623.46235289998,ok,0.81873655,0.81873655
Chien,TSP-normal-n800-g10000-1,165438.3,167378,0.008427200002188329,0.004213600001094164,0.004213600001094164,14.298034600011306,ok,-1.1588758,1.1588758
Chien,TSP-normal-n90-g1000-2,4345.3613,4450,0.00010460000339662656,5.230000169831328e-05,5.230000169831328e-05,0.5734568999905605,ok,-2.351431,2.351431
Chien,TSP-normal-n800-g1000-4,15869.21,16167,0.004889800002274569,0.0024449000011372846,0.0024449000011372846,8.405030900001293,ok,-1.8419623,1.8419623
Chien,TSP-normal-n800-g1000-1,16380.245,15590,0.005825799999001902,0.002912899999500951,0.002912899999500951,4.572412599998643,ok,5.068923,5.068923
Chien,TSP-normal-n90-g1000-3,5116.6367,5363,0.0001021999996737577,5.109999983687885e-05,5.109999983687885e-05,0.12777180000557564,ok,-4.5937586,4.5937586
Chien,TSP-normal-n90-g10000-5,51630.33,54842,0.00011470000026747584,5.735000013373792e-05,5.735000013373792e-05,0.241166499996325,ok,-5.856227,5.856227
Chien,TSP-normal-n90-g10000-2,47360.848,54146,0.00010260000271955505,5.1300001359777525e-05,5.1300001359777525e-05,0.12512199999764562,ok,-12.531217,12.531217
Chien,TSP-normal-n800-g1000-5,16425.832,16043,0.01020299999800045,0.005101499999000225,0.005101499999000225,11.790015199992922,ok,2.386287,2.386287
Chien,TSP-random-n10-g1000-2,2389.642,2913,8.589999924879521e-05,4.2949999624397606e-05,4.2949999624397606e-05,0.04246240000065882,ok,-17.966286,17.966286
Chien,TSP-random-n10-g1000-1,2111.3384,2702,0.00013250000483822078,6.625000241911039e-05,6.625000241911039e-05,0.04523249999328982,ok,-21.860163,21.860163
Chien,TSP-random-n10-g1000-4,1895.4807,2509,6.910000229254365e-05,3.4550001146271825e-05,3.4550001146271825e-05,0.10254340000392403,ok,-24.452742,24.452742
Chien,TSP-normal-n900-g10000-3,168764.61,171173,0.0031828999999561347,0.0015914499999780674,0.0015914499999780674,5.123346400010632,ok,-1.4069921,1.4069921
Chien,TSP-normal-n900-g1000-1,17201.924,16790,0.0055041000014171,0.00275205000070855,0.00275205000070855,10.932252900005551,ok,2.453388,2.453388
Chien,TSP-normal-n900-g1000-2,17519.7,17606,0.0066353000001981854,0.0033176500000990927,0.0033176500000990927,9.373664500002633,ok,-0.49017826,0.49017826
Chien,TSP-normal-n900-g10000-4,169795.83,167800,0.00422180000168737,0.002110900000843685,0.002110900000843685,133.53628030000255,ok,1.1894089,1.1894089
Chien,TSP-normal-n900-g1000-3,17513.012,17132,0.007247800000186544,0.003623900000093272,0.003623900000093272,10.725538300001062,ok,2.2239769,2.2239769
Chien,TSP-random-n10-g1000-5,2295.5803,3221,8.479999814881012e-05,4.239999907440506e-05,4.239999907440506e-05,0.11926120000134688,ok,-28.730818,28.730818
Chien,TSP-normal-n900-g10000-1,174799.73,172711,0.0033151000025100075,0.0016575500012550037,0.0016575500012550037,11.082975899989833,ok,1.2093812,1.2093812
Chien,TSP-normal-n900-g1000-5,17505.46,16589,0.0014658000000054017,0.0007329000000027008,0.0007329000000027008,8.060172199999215,ok,5.52451,5.52451
Chien,TSP-normal-n800-g10000-3,159971.0,160983,0.01659990000189282,0.00829995000094641,0.00829995000094641,15.26929189999646,ok,-0.6286378,0.6286378
Chien,TSP-normal-n800-g10000-5,165377.69,159659,0.011309800000162795,0.005654900000081398,0.005654900000081398,9.288490399994771,ok,3.5818133,3.5818133
Chien,TSP-normal-n800-g10000-4,165364.8,163028,0.009685600001830608,0.004842800000915304,0.004842800000915304,4.5217933999956585,ok,1.4333714,1.4333714
Chien,TSP-normal-n900-g1000-4,17527.41,18043,0.003339299997605849,0.0016696499988029245,0.0016696499988029245,11.02205810000305,ok,-2.8575616,2.8575616
Chien,TSP-random-n10-g10000-3,24935.84,34570,9.159999899566174e-05,4.579999949783087e-05,4.579999949783087e-05,0.03952200000640005,ok,-27.868557,27.868557
Chien,TSP-random-n10-g10000-5,19700.453,28167,9.130000398727134e-05,4.565000199363567e-05,4.565000199363567e-05,0.038039999999455176,ok,-30.05839,30.05839
Chien,TSP-random-n100-g1000-2,6293.4307,7742,0.00021800000104121864,0.00010900000052060932,0.00010900000052060932,0.3697956999967573,ok,-18.710531,18.710531
Chien,TSP-random-n100-g10000-2,60572.5,75973,0.0001036000030580908,5.18000015290454e-05,5.18000015290454e-05,0.23526000000128988,ok,-20.271017,20.271017
Chien,TSP-random-n100-g1000-5,6358.3394,8115,0.00010709999332902953,5.3549996664514765e-05,5.3549996664514765e-05,0.3881559000001289,ok,-21.647081,21.647081
Chien,TSP-random-n100-g1000-3,6251.8223,7651,0.00010970000585075468,5.485000292537734e-05,5.485000292537734e-05,0.27204540000821,ok,-18.287514,18.287514
Chien,TSP-random-n10-g10000-1,24132.316,27929,8.289999823318794e-05,4.144999911659397e-05,4.144999911659397e-05,0.039886099999421276,ok,-13.594055,13.594055
Chien,TSP-normal-n900-g10000-5,171780.14,172297,0.008161899997503497,0.004080949998751748,0.004080949998751748,13.272237199998926,ok,-0.29998165,0.29998165
Chien,TSP-random-n100-g1000-4,6342.2095,7902,9.900000441120937e-05,4.950000220560469e-05,4.950000220560469e-05,0.13287750000017695,ok,-19.739187,19.739187
Chien,TSP-random-n10-g10000-4,22569.584,30435,9.03999971342273e-05,4.519999856711365e-05,4.519999856711365e-05,0.04178330001013819,ok,-25.843325,25.843325
Chien,TSP-random-n100-g10000-5,63142.47,73429,0.00010089999705087394,5.044999852543697e-05,5.044999852543697e-05,0.2555762000120012,ok,-14.008813,14.008813
Chien,TSP-random-n10-g1000-3,2189.3232,3029,8.250000246334821e-05,4.1250001231674105e-05,4.1250001231674105e-05,0.1015629000030458,ok,-27.721252,27.721252
Chien,TSP-random-n10-g10000-2,17450.105,21593,0.00010170000314246863,5.0850001571234316e-05,5.0850001571234316e-05,0.040850600009434856,ok,-19.186285,19.186285
Chien,TSP-random-n100-g10000-4,64330.61,79511,0.00010320000001229346,5.160000000614673e-05,5.160000000614673e-05,0.4347360999963712,ok,-19.092188,19.092188
Chien,TSP-random-n100-g10000-3,63968.418,78233,0.0005974999949103221,0.00029874999745516106,0.00029874999745516106,0.10649020000710152,ok,-18.23346,18.23346
Chien,TSP-normal-n900-g10000-2,175069.42,166996,0.009622200006560888,0.004811100003280444,0.004811100003280444,14.222709800000302,ok,4.8345003,4.8345003
Chien,TSP-random-n20-g1000-3,3257.1294,4029,0.00010199999815085903,5.0999999075429514e-05,5.0999999075429514e-05,0.15647430000535678,ok,-19.15787,19.15787
Chien,TSP-random-n100-g1000-1,6309.9385,7528,0.00010900000052060932,5.450000026030466e-05,5.450000026030466e-05,0.3027827000041725,ok,-16.180414,16.180414
Chien,TSP-random-n20-g10000-1,32132.965,42535,9.729999874252826e-05,4.864999937126413e-05,4.864999937126413e-05,0.04146609999588691,ok,-24.455238,24.455238
Chien,TSP-random-n100-g10000-1,63122.633,77010,9.940000018104911e-05,4.9700000090524554e-05,4.9700000090524554e-05,0.30847150000045076,ok,-18.033201,18.033201
Chien,TSP-random-n20-g1000-1,2975.933,3609,8.990000060293823e-05,4.495000030146912e-05,4.495000030146912e-05,0.06740569999965373,ok,-17.541338,17.541338
Chien,TSP-random-n20-g10000-4,29871.766,36016,9.080000018002465e-05,4.540000009001233e-05,4.540000009001233e-05,0.044943499990040436,ok,-17.059736,17.059736
Chien,TSP-random-n20-g10000-2,30835.965,41438,8.019999950192869e-05,4.0099999750964344e-05,4.0099999750964344e-05,0.04067780000332277,ok,-25.585297,25.585297
Chien,TSP-random-n20-g1000-2,3330.9448,3821,8.600000001024455e-05,4.3000000005122274e-05,4.3000000005122274e-05,0.26525630000105593,ok,-12.825312,12.825312
Chien,TSP-random-n20-g10000-5,26026.748,32606,9.509999654255807e-05,4.754999827127904e-05,4.754999827127904e-05,0.03995700000086799,ok,-20.178041,20.178041
Chien,TSP-random-n20-g10000-3,28521.82,34103,9.300000237999484e-05,4.650000118999742e-05,4.650000118999742e-05,0.04657700000097975,ok,-16.365656,16.365656
Chien,TSP-random-n1000-g10000-1,187774.23,228639,0.005047400001785718,0.002523700000892859,0.002523700000892859,240.1183488999959,ok,-17.873053,17.873053
Chien,TSP-random-n20-g1000-5,3110.2837,3549,8.439999510301277e-05,4.2199997551506385e-05,4.2199997551506385e-05,0.15881729999091476,ok,-12.361689,12.361689
Chien,TSP-random-n200-g1000-4,8773.257,10777,0.00013580000086221844,6.790000043110922e-05,6.790000043110922e-05,0.6216893999953754,ok,-18.592773,18.592773
Chien,TSP-random-n200-g1000-5,8738.874,10650,0.00012930000229971483,6.465000114985742e-05,6.465000114985742e-05,0.4686664000037126,ok,-17.944845,17.944845
Chien,TSP-random-n200-g1000-1,8749.984,10677,0.00012620000052265823,6.310000026132911e-05,6.310000026132911e-05,0.6748994000081439,ok,-18.048288,18.048288
Chien,TSP-random-n1000-g1000-1,18773.92,23413,0.006532999999762978,0.003266499999881489,0.003266499999881489,6.084185999992769,ok,-19.81412,19.81412
Chien,TSP-random-n1000-g1000-3,18746.197,23012,0.007758799998555332,0.003879399999277666,0.003879399999277666,18.3015388000058,ok,-18.537296,18.537296
Chien,TSP-random-n1000-g1000-2,18766.545,23122,0.0023709000015514903,0.0011854500007757451,0.0011854500007757451,208.78109869999753,ok,-18.836843,18.836843
Chien,TSP-random-n30-g1000-3,3686.0828,4144,9.20999955269508e-05,4.60499977634754e-05,4.60499977634754e-05,0.057911999989300966,ok,-11.050127,11.050127
Chien,TSP-random-n200-g10000-5,86915.72,107384,0.00010939999629044905,5.4699998145224527e-05,5.4699998145224527e-05,4.794464299993706,ok,-19.06083,19.06083
Chien,TSP-random-n200-g10000-3,86691.4,105042,0.00012399999832268804,6.199999916134402e-05,6.199999916134402e-05,0.7069654000079026,ok,-17.469776,17.469776
Chien,TSP-random-n1000-g10000-2,187345.53,228872,0.01104730000224663,0.005523650001123315,0.005523650001123315,10.267818099993747,ok,-18.14397,18.14397
Chien,TSP-random-n200-g10000-2,87286.57,106831,0.00013509999553207308,6.754999776603654e-05,6.754999776603654e-05,4.046168900007615,ok,-18.294718,18.294718
Chien,TSP-random-n30-g10000-1,33321.668,39213,8.610000077169389e-05,4.305000038584694e-05,4.305000038584694e-05,0.04343910000170581,ok,-15.023926,15.023926
Chien,TSP-random-n20-g1000-4,3053.9873,3983,8.339999476447701e-05,4.169999738223851e-05,4.169999738223851e-05,0.21198520000325516,ok,-23.324446,23.324446
Chien,TSP-random-n30-g10000-3,37027.258,48494,0.0001438000035705045,7.190000178525224e-05,7.190000178525224e-05,0.06312809999508318,ok,-23.645693,23.645693
Chien,TSP-random-n200-g1000-3,8650.807,10297,0.00012650000280700624,6.325000140350312e-05,6.325000140350312e-05,0.7427278999966802,ok,-15.987116,15.987116
Chien,TSP-random-n200-g10000-4,87538.836,105429,0.00012910000077681616,6.455000038840808e-05,6.455000038840808e-05,3.482745100001921,ok,-16.968922,16.968922
Chien,TSP-random-n30-g1000-1,3733.2793,4747,9.649999992689118e-05,4.824999996344559e-05,4.824999996344559e-05,0.08237979999103118,ok,-21.354977,21.354977
Chien,TSP-random-n200-g1000-2,8748.583,10596,0.00011749999976018444,5.874999988009222e-05,5.874999988009222e-05,10.384652599997935,ok,-17.435041,17.435041
Chien,TSP-random-n30-g10000-5,35921.914,47255,9.110000246437266e-05,4.555000123218633e-05,4.555000123218633e-05,0.05078079999657348,ok,-23.982828,23.982828
Chien,TSP-random-n30-g1000-4,3380.4355,4196,9.200000204145908e-05,4.600000102072954e-05,4.600000102072954e-05,0.11555349999980535,ok,-19.436712,19.436712
Chien,TSP-random-n30-g10000-2,36472.215,45722,9.409999620402232e-05,4.704999810201116e-05,4.704999810201116e-05,0.05783119999978226,ok,-20.230492,20.230492
Chien,TSP-random-n1000-g1000-4,18757.291,23094,0.009309400003985502,0.004654700001992751,0.004654700001992751,11.101557000016328,ok,-18.77851,18.77851
Chien,TSP-random-n30-g1000-2,3728.5212,4942,9.960000170394778e-05,4.980000085197389e-05,4.980000085197389e-05,0.05056150000018533,ok,-24.554405,24.554405
Chien,TSP-random-n200-g10000-1,86569.445,107741,0.00012970000534551218,6.485000267275609e-05,6.485000267275609e-05,3.15363640000578,ok,-19.650415,19.650415
Chien,TSP-random-n300-g1000-2,10646.925,13240,0.0001584999990882352,7.92499995441176e-05,7.92499995441176e-05,2.5219756000005873,ok,-19.58516,19.58516
Chien,TSP-random-n1000-g1000-5,18748.754,23228,0.008919200001400895,0.004459600000700448,0.004459600000700448,6.383347800001502,ok,-19.283823,19.283823
Chien,TSP-random-n300-g1000-1,10594.916,13264,0.0001601999974809587,8.009999874047935e-05,8.009999874047935e-05,1.7148547999968287,ok,-20.122768,20.122768
Chien,TSP-random-n1000-g10000-4,187641.66,233816,0.005966299999272451,0.0029831499996362254,0.0029831499996362254,23.10038990000612,ok,-19.748154,19.748154
Chien,TSP-random-n1000-g10000-3,187473.1,232731,0.012667999995755963,0.0063339999978779815,0.0063339999978779815,7.685093600011896,ok,-19.446445,19.446445
Chien,TSP-random-n300-g10000-2,106021.21,127586,0.0006214999957592227,0.00031074999787961133,0.00031074999787961133,2.6006177000090247,ok,-16.902159,16.902159
Chien,TSP-random-n30-g1000-5,3469.5725,4225,7.069999992381781e-05,3.534999996190891e-05,3.534999996190891e-05,0.12440030000288971,ok,-17.87994,17.87994
Chien,TSP-random-n40-g1000-4,4139.294,4904,9.449999924981967e-05,4.724999962490983e-05,4.724999962490983e-05,0.07400579999375623,ok,-15.593517,15.593517
Chien,TSP-random-n40-g1000-3,4207.529,5302,8.890000026440248e-05,4.445000013220124e-05,4.445000013220124e-05,0.06079809999209829,ok,-20.64261,20.64261
Chien,TSP-random-n300-g10000-5,104974.55,129198,0.00014419999934034422,7.209999967017211e-05,7.209999967017211e-05,1.648648400005186,ok,-18.749092,18.749092
Chien,TSP-random-n300-g1000-5,10478.008,12482,0.0017003000029944815,0.0008501500014972407,0.0008501500014972407,4.665502000003471,ok,-16.055056,16.055056
Chien,TSP-random-n30-g10000-4,37041.973,44246,8.520000119460747e-05,4.260000059730373e-05,4.260000059730373e-05,0.05236980000336189,ok,-16.28176,16.28176
Chien,TSP-random-n300-g10000-3,106028.49,127265,0.00015870000061113387,7.935000030556694e-05,7.935000030556694e-05,3.8670590999972774,ok,-16.68684,16.68684
Chien,TSP-random-n40-g10000-4,42678.688,49715,8.610000077169389e-05,4.305000038584694e-05,4.305000038584694e-05,0.06551069999113679,ok,-14.153298,14.153298
Chien,TSP-random-n300-g1000-4,10585.671,12823,0.002208099998824764,0.001104049999412382,0.001104049999412382,1.731390900007682,ok,-17.44778,17.44778
Chien,TSP-random-n1000-g10000-5,187485.16,232824,0.011927799998375122,0.005963899999187561,0.005963899999187561,13.180065799999284,ok,-19.47344,19.47344
Chien,TSP-random-n40-g10000-3,42639.605,50615,0.00010460000339662656,5.230000169831328e-05,5.230000169831328e-05,0.1536616000084905,ok,-15.756978,15.756978
Chien,TSP-random-n40-g1000-2,4349.706,5123,0.00011129999620607123,5.5649998103035614e-05,5.5649998103035614e-05,0.17115239999839105,ok,-15.094553,15.094553
Chien,TSP-random-n300-g10000-4,105320.18,131168,0.0013127999991411343,0.0006563999995705672,0.0006563999995705672,4.820444699988002,ok,-19.705889,19.705889
Chien,TSP-random-n400-g10000-1,120340.875,150594,0.00017559999832883477,8.779999916441739e-05,8.779999916441739e-05,3.423222800003714,ok,-20.089197,20.089197
Chien,TSP-random-n40-g1000-5,4219.151,4940,8.589999924879521e-05,4.2949999624397606e-05,4.2949999624397606e-05,0.18733040000370238,ok,-14.592087,14.592087
Chien,TSP-random-n400-g1000-4,12041.41,14812,0.00279210000007879,0.001396050000039395,0.001396050000039395,2.802323500000057,ok,-18.705036,18.705036
Chien,TSP-random-n40-g10000-1,40808.77,50986,9.259999933419749e-05,4.6299999667098746e-05,4.6299999667098746e-05,0.06329770000593271,ok,-19.960833,19.960833
Chien,TSP-random-n40-g10000-2,43187.24,52007,0.0001112000027205795,5.560000136028975e-05,5.560000136028975e-05,0.34867839999787975,ok,-16.958797,16.958797
Chien,TSP-random-n400-g1000-5,12062.367,14529,0.0007948999991640449,0.00039744999958202243,0.00039744999958202243,4.738981299989973,ok,-16.977306,16.977306
Chien,TSP-random-n400-g1000-1,12153.139,14263,0.0017380999997840263,0.0008690499998920131,0.0008690499998920131,1.9016732000018237,ok,-14.792549,14.792549
Chien,TSP-random-n300-g10000-1,105378.63,126463,0.00015839999832678586,7.919999916339293e-05,7.919999916339293e-05,3.151325500002713,ok,-16.672361,16.672361
Chien,TSP-random-n40-g1000-1,4299.9062,5325,0.0001005000012810342,5.02500006405171e-05,5.02500006405171e-05,0.10739119999925606,ok,-19.250587,19.250587
Chien,TSP-random-n400-g1000-2,12139.998,15004,0.0043004999970435165,0.0021502499985217582,0.0021502499985217582,2.5646183000062592,ok,-19.088257,19.088257
Chien,TSP-random-n5-g1000-3,1216.077,1871,0.00010230000043520704,5.115000021760352e-05,5.115000021760352e-05,0.07531749999907333,ok,-35.0039,35.0039
Chien,TSP-random-n40-g10000-5,42543.113,53463,8.520000119460747e-05,4.260000059730373e-05,4.260000059730373e-05,0.254019399988465,ok,-20.425129,20.425129
Chien,TSP-random-n400-g10000-3,121162.77,152936,0.00018490000366000459,9.245000183000229e-05,9.245000183000229e-05,6.168977900000755,ok,-20.775505,20.775505
Chien,TSP-random-n50-g1000-1,4803.1113,5885,9.980000322684646e-05,4.990000161342323e-05,4.990000161342323e-05,0.1455631999997422,ok,-18.383835,18.383835
Chien,TSP-random-n300-g1000-3,10581.669,13167,0.0016568999999435619,0.0008284499999717809,0.0008284499999717809,0.6939643999940017,ok,-19.63493,19.63493
Chien,TSP-random-n5-g10000-2,8175.0044,12913,8.730000263312832e-05,4.365000131656416e-05,4.365000131656416e-05,0.16996389999985695,ok,-36.691673,36.691673
Chien,TSP-random-n400-g1000-3,12113.219,14655,0.003805200001806952,0.001902600000903476,0.001902600000903476,4.3340305000019725,ok,-17.344124,17.344124
Chien,TSP-random-n400-g10000-2,121547.83,149159,0.004529899997578468,0.002264949998789234,0.002264949998789234,9.24107940000249,ok,-18.511234,18.511234
Chien,TSP-random-n400-g10000-5,120459.76,144745,0.002756599998974707,0.0013782999994873535,0.0013782999994873535,2.071403800000553,ok,-16.777948,16.777948
Chien,TSP-random-n5-g10000-5,13151.729,17554,8.730000263312832e-05,4.365000131656416e-05,4.365000131656416e-05,0.17221269999572542,ok,-25.078451,25.078451
Chien,TSP-random-n5-g1000-2,1430.09,1825,8.949999755714089e-05,4.4749998778570443e-05,4.4749998778570443e-05,0.04721350000181701,ok,-21.638906,21.638906
Chien,TSP-random-n5-g10000-4,11568.175,17225,7.920000643935055e-05,3.960000321967527e-05,3.960000321967527e-05,0.1044434000068577,ok,-32.840786,32.840786
Chien,TSP-random-n50-g1000-3,4582.3994,5438,9.680000221123919e-05,4.8400001105619594e-05,4.8400001105619594e-05,0.06988530000671744,ok,-15.733737,15.733737
Chien,TSP-random-n5-g1000-1,1302.009,2085,8.920000254875049e-05,4.4600001274375245e-05,4.4600001274375245e-05,0.08784940000623465,ok,-37.553524,37.553524
Chien,TSP-random-n50-g10000-4,44965.97,56936,9.569999383529648e-05,4.784999691764824e-05,4.784999691764824e-05,0.14325530000496656,ok,-21.02366,21.02366
Chien,TSP-random-n5-g10000-3,12230.742,17620,8.849999721860513e-05,4.4249998609302565e-05,4.4249998609302565e-05,0.1542431999987457,ok,-30.586025,30.586025
Chien,TSP-random-n50-g1000-5,4654.5405,5981,0.00011110000195913017,5.5550000979565084e-05,5.5550000979565084e-05,0.2594013000052655,ok,-22.177889,22.177889
Chien,TSP-random-n50-g10000-2,44127.957,54863,8.709999383427203e-05,4.3549996917136014e-05,4.3549996917136014e-05,0.22463189999689348,ok,-19.567,19.567
Chien,TSP-random-n50-g10000-1,46060.34,58518,9.940000018104911e-05,4.9700000090524554e-05,4.9700000090524554e-05,0.1518523999984609,ok,-21.288595,21.288595
Chien,TSP-random-n5-g1000-4,1320.3401,1876,9.219999628840014e-05,4.609999814420007e-05,4.609999814420007e-05,0.04935499999555759,ok,-29.619398,29.619398
Chien,TSP-random-n5-g10000-1,15491.75,20778,9.169999975711107e-05,4.5849999878555536e-05,4.5849999878555536e-05,0.1212286999943899,ok,-25.441572,25.441572
Chien,TSP-random-n60-g1000-3,5142.543,6103,8.789999992586672e-05,4.394999996293336e-05,4.394999996293336e-05,0.2260995999968145,ok,-15.737457,15.737457
Chien,TSP-random-n60-g1000-1,5022.6045,6295,8.70000003487803e-05,4.350000017439015e-05,4.350000017439015e-05,0.19249509999644943,ok,-20.212797,20.212797
Chien,TSP-random-n500-g10000-1,134940.25,168002,0.0001830000037443824,9.15000018721912e-05,9.15000018721912e-05,4.751961800007848,ok,-19.679379,19.679379
Chien,TSP-random-n500-g10000-2,134486.9,165668,0.0007732000012765639,0.0003866000006382819,0.0003866000006382819,2.306263799997396,ok,-18.821434,18.821434
Chien,TSP-random-n5-g1000-5,1690.7788,2474,6.299999949987978e-05,3.149999974993989e-05,3.149999974993989e-05,0.043110900005558506,ok,-31.658092,31.658092
Chien,TSP-random-n400-g10000-4,121038.93,145885,0.002743099998042453,0.0013715499990212265,0.0013715499990212265,1.6560611000022618,ok,-17.031271,17.031271
Chien,TSP-random-n50-g10000-3,46525.797,53597,0.00010090000432683155,5.0450002163415775e-05,5.0450002163415775e-05,0.10334250000596512,ok,-13.193281,13.193281
Chien,TSP-random-n60-g10000-3,49616.527,64496,0.00010159999510506168,5.079999755253084e-05,5.079999755253084e-05,0.3372514999937266,ok,-23.07038,23.07038
Chien,TSP-random-n60-g10000-1,50236.156,64764,0.00010900000052060932,5.450000026030466e-05,5.450000026030466e-05,0.16142780000518542,ok,-22.431974,22.431974
Chien,TSP-random-n500-g1000-1,13452.668,16538,0.003955599997425452,0.001977799998712726,0.001977799998712726,8.155299899997772,ok,-18.656017,18.656017
Chien,TSP-random-n50-g1000-2,4705.404,5978,0.00011079999967478216,5.539999983739108e-05,5.539999983739108e-05,0.3436319000029471,ok,-21.287992,21.287992
Chien,TSP-random-n50-g1000-4,4577.987,5485,9.300000237999484e-05,4.650000118999742e-05,4.650000118999742e-05,0.18514120001054835,ok,-16.536247,16.536247
Chien,TSP-random-n60-g10000-4,51243.37,68411,9.349999891128391e-05,4.6749999455641955e-05,4.6749999455641955e-05,0.2974400999955833,ok,-25.094837,25.094837
Chien,TSP-random-n500-g10000-3,134467.97,166758,0.0010389999952167273,0.0005194999976083636,0.0005194999976083636,6.305559499989613,ok,-19.363407,19.363407
Chien,TSP-random-n50-g10000-5,46772.78,51711,0.0001097999993362464,5.48999996681232e-05,5.48999996681232e-05,0.08606010000221431,ok,-9.549648,9.549648
Chien,TSP-random-n60-g1000-2,4896.5527,6168,7.630000618519261e-05,3.815000309259631e-05,3.815000309259631e-05,0.25323079999361653,ok,-20.613605,20.613605
Chien,TSP-random-n60-g1000-5,5142.334,6442,9.090000094147399e-05,4.5450000470736995e-05,4.5450000470736995e-05,0.8923648000054527,ok,-20.174883,20.174883
Chien,TSP-random-n500-g1000-4,13484.454,16209,0.0032033999959821813,0.0016016999979910906,0.0016016999979910906,2.000128899991978,ok,-16.808847,16.808847
Chien,TSP-random-n500-g10000-5,134710.03,165349,0.001545599996461533,0.0007727999982307665,0.0007727999982307665,8.061607000010554,ok,-18.529879,18.529879
Chien,TSP-random-n500-g10000-4,134605.98,166830,0.001386700001603458,0.000693350000801729,0.000693350000801729,69.00190570000268,ok,-19.31548,19.31548
Chien,TSP-random-n500-g1000-3,13507.784,16376,0.0054496999946422875,0.0027248499973211437,0.0027248499973211437,7.128763500004425,ok,-17.514751,17.514751
Chien,TSP-random-n500-g1000-2,13466.893,16778,0.006891000004543457,0.0034455000022717286,0.0034455000022717286,4.804231499991147,ok,-19.734816,19.734816
Chien,TSP-random-n60-g1000-4,4993.2124,6189,0.00010409999958937988,5.204999979468994e-05,5.204999979468994e-05,0.18764969999028835,ok,-19.321177,19.321177
Chien,TSP-random-n60-g10000-2,49973.47,61745,9.309999586548656e-05,4.654999793274328e-05,4.654999793274328e-05,0.13683589998981915,ok,-19.064753,19.064753
Chien,TSP-random-n600-g1000-5,14656.783,17939,0.004131599998800084,0.002065799999400042,0.002065799999400042,6.948963499991805,ok,-18.296543,18.296543
Chien,TSP-random-n60-g10000-5,51422.965,58065,9.919999865815043e-05,4.959999932907522e-05,4.959999932907522e-05,0.17341099999612197,ok,-11.438965,11.438965
Chien,TSP-random-n70-g1000-1,5475.698,6761,0.00010320000001229346,5.160000000614673e-05,5.160000000614673e-05,0.16908159999002237,ok,-19.010527,19.010527
Chien,TSP-random-n70-g1000-3,5364.4873,6638,0.00010830000246642157,5.415000123321079e-05,5.415000123321079e-05,0.14467819999845233,ok,-19.185186,19.185186
Chien,TSP-random-n70-g1000-4,5340.747,6453,9.100000170292333e-05,4.5500000851461664e-05,4.5500000851461664e-05,0.1514255000074627,ok,-17.236216,17.236216
Chien,TSP-random-n70-g1000-5,5316.7705,6505,9.670000144978985e-05,4.8350000724894926e-05,4.8350000724894926e-05,0.22235450000152923,ok,-18.266401,18.266401
Chien,TSP-random-n600-g1000-3,14707.824,18015,0.0024998000008054078,0.0012499000004027039,0.0012499000004027039,3.546943499997724,ok,-18.3579,18.3579
Chien,TSP-random-n600-g1000-2,14674.164,17655,0.0028016999931423925,0.0014008499965711962,0.0014008499965711962,6.261356799994246,ok,-16.883806,16.883806
Chien,TSP-random-n600-g1000-1,14683.306,17855,0.008317500003613532,0.004158750001806766,0.004158750001806766,10.921744799998123,ok,-17.76362,17.76362
Chien,TSP-random-n600-g10000-4,146645.39,179720,0.004590500000631437,0.0022952500003157184,0.0022952500003157184,11.86760030000005,ok,-18.403412,18.403412
Chien,TSP-random-n600-g10000-2,146877.31,181526,0.003868099993269425,0.0019340499966347124,0.0019340499966347124,165.0315816999937,ok,-19.087452,19.087452
Chien,TSP-random-n70-g1000-2,5444.0386,6707,9.71000044955872e-05,4.85500022477936e-05,4.85500022477936e-05,0.16010689998802263,ok,-18.830498,18.830498
Chien,TSP-random-n70-g10000-4,54527.016,67115,9.71000044955872e-05,4.85500022477936e-05,4.85500022477936e-05,0.1634836000012001,ok,-18.755844,18.755844
Chien,TSP-random-n70-g10000-5,54284.266,62967,0.00011079999967478216,5.539999983739108e-05,5.539999983739108e-05,0.1913456999900518,ok,-13.789341,13.789341
Chien,TSP-random-n70-g10000-3,53507.55,62317,0.00010070000280393288,5.035000140196644e-05,5.035000140196644e-05,0.24375449999934062,ok,-14.136511,14.136511
Chien,TSP-random-n70-g10000-1,52793.105,62106,7.950000144774094e-05,3.975000072387047e-05,3.975000072387047e-05,0.06884859999991022,ok,-14.995161,14.995161
Chien,TSP-random-n500-g1000-5,13464.742,16389,0.0018405000009806827,0.0009202500004903413,0.0009202500004903413,6.187833200005116,ok,-17.842808,17.842808
Chien,TSP-random-n8-g1000-3,2019.5039,2702,8.07999967946671e-05,4.039999839733355e-05,4.039999839733355e-05,0.125698600008036,ok,-25.258923,25.258923
Chien,TSP-random-n70-g10000-2,53269.26,63441,0.00011039999662898481,5.5199998314492404e-05,5.5199998314492404e-05,0.16388540000480134,ok,-16.033382,16.033382
Chien,TSP-random-n8-g1000-5,1881.3865,2650,9.329999738838524e-05,4.664999869419262e-05,4.664999869419262e-05,0.4495604999974603,ok,-29.004284,29.004284
Chien,TSP-random-n600-g10000-1,146616.84,184472,0.01346880000346573,0.006734400001732865,0.006734400001732865,7.112428299995372,ok,-20.520813,20.520813
Chien,TSP-random-n700-g1000-3,15795.537,19314,0.005113999999593943,0.0025569999997969717,0.0025569999997969717,5.427546099992469,ok,-18.217163,18.217163
Chien,TSP-random-n8-g10000-1,17663.844,22038,8.740000339457765e-05,4.3700001697288826e-05,4.3700001697288826e-05,0.13355820000288077,ok,-19.848246,19.848246
Chien,TSP-random-n700-g10000-1,158299.2,193018,0.0024583999984315597,0.0012291999992157798,0.0012291999992157798,8.412648400000762,ok,-17.987337,17.987337
Chien,TSP-random-n8-g1000-4,1581.2598,2306,7.729999924777076e-05,3.864999962388538e-05,3.864999962388538e-05,0.45341430000553373,ok,-31.428455,31.428455
Chien,TSP-random-n8-g10000-2,19723.887,26791,8.70000003487803e-05,4.350000017439015e-05,4.350000017439015e-05,0.1327263999992283,ok,-26.378685,26.378685
Chien,TSP-random-n700-g1000-4,15772.649,19565,0.00850219999847468,0.00425109999923734,0.00425109999923734,17.14373369999521,ok,-19.38334,19.38334
Chien,TSP-random-n8-g1000-2,1929.3036,2327,8.549999620299786e-05,4.274999810149893e-05,4.274999810149893e-05,0.14020419999724254,ok,-17.09052,17.09052
Chien,TSP-random-n600-g10000-3,146889.06,180509,0.01077909999730764,0.00538954999865382,0.00538954999865382,8.010176700001466,ok,-18.625076,18.625076
Chien,TSP-random-n600-g1000-4,14706.116,18032,0.0056068999983835965,0.0028034499991917983,0.0028034499991917983,3.1755533999967156,ok,-18.444344,18.444344
Chien,TSP-random-n80-g1000-1,5781.3267,6898,9.950000094249845e-05,4.975000047124922e-05,4.975000047124922e-05,0.165887199997087,ok,-16.188364,16.188364
Chien,TSP-random-n80-g1000-3,5757.85,7219,0.00011549999908311293,5.774999954155646e-05,5.774999954155646e-05,0.1037709999945946,ok,-20.240337,20.240337
Chien,TSP-random-n700-g1000-1,15821.223,19294,0.005237600002146792,0.002618800001073396,0.002618800001073396,7.7415841999900294,ok,-17.99926,17.99926
Chien,TSP-random-n700-g10000-5,158181.7,198937,0.008078800005023368,0.004039400002511684,0.004039400002511684,3.473652900007437,ok,-20.486534,20.486534
Chien,TSP-random-n80-g10000-3,57383.71,71179,0.00011829999857582152,5.914999928791076e-05,5.914999928791076e-05,0.20380740000109654,ok,-19.381123,19.381123
Chien,TSP-random-n8-g10000-5,16422.799,20205,9.339999814983457e-05,4.669999907491729e-05,4.669999907491729e-05,0.19114409999747295,ok,-18.719135,18.719135
Chien,TSP-random-n80-g10000-2,57062.156,69907,0.00010089999705087394,5.044999852543697e-05,5.044999852543697e-05,0.36559799998940434,ok,-18.374187,18.374187
Chien,TSP-random-n80-g1000-2,5668.292,7124,0.0001030000057653524,5.15000028826762e-05,5.15000028826762e-05,0.2649170999939088,ok,-20.433859,20.433859
Chien,TSP-random-n600-g10000-5,146852.06,178870,0.014166799999657087,0.0070833999998285435,0.0070833999998285435,2.1575944000069285,ok,-17.900116,17.900116
Chien,TSP-random-n700-g10000-2,158255.27,195932,0.007149700002628379,0.0035748500013141893,0.0035748500013141893,6.1309748999919975,ok,-19.229496,19.229496
Chien,TSP-random-n700-g10000-3,157684.94,192270,0.004392099996039178,0.002196049998019589,0.002196049998019589,5.40025059999607,ok,-17.987759,17.987759
Chien,TSP-random-n80-g1000-5,5775.4536,7181,0.00010450000263517722,5.225000131758861e-05,5.225000131758861e-05,0.12841299999854527,ok,-19.573128,19.573128
Chien,TSP-random-n8-g10000-4,19831.725,26803,7.320000440813601e-05,3.6600002204068005e-05,3.6600002204068005e-05,0.17286669999884907,ok,-26.00931,26.00931
Chien,TSP-random-n700-g10000-4,158370.56,192066,0.006353400000080001,0.0031767000000400003,0.0031767000000400003,10.673867699981201,ok,-17.543676,17.543676
Chien,TSP-random-n700-g1000-5,15796.788,19425,0.004745600002934225,0.0023728000014671125,0.0023728000014671125,4.898728400003165,ok,-18.678055,18.678055
Chien,TSP-random-n700-g1000-2,15815.355,19738,0.004505299999436829,0.0022526499997184146,0.0022526499997184146,9.918509499999345,ok,-19.873568,19.873568
Chien,TSP-random-n80-g1000-4,5775.387,6950,0.00012459999561542645,6.229999780771323e-05,6.229999780771323e-05,0.141978100000415,ok,-16.900904,16.900904
Chien,TSP-random-n90-g1000-3,6089.9146,7280,0.00011320000339765102,5.660000169882551e-05,5.660000169882551e-05,0.23230689999763854,ok,-16.347328,16.347328
Chien,TSP-random-n90-g1000-4,6100.953,7543,0.00010569999722065404,5.284999861032702e-05,5.284999861032702e-05,0.07916090000071563,ok,-19.117683,19.117683
Chien,TSP-random-n80-g10000-4,56158.574,70766,9.689999569673091e-05,4.8449997848365456e-05,4.8449997848365456e-05,0.5228367999952752,ok,-20.64187,20.64187
Chien,TSP-random-n8-g10000-3,20345.203,35741,7.46000005165115e-05,3.730000025825575e-05,3.730000025825575e-05,0.15303090000816155,ok,-43.07601,43.07601
Chien,TSP-random-n90-g10000-1,60953.293,71346,0.00010550000297371298,5.275000148685649e-05,5.275000148685649e-05,0.3756913999968674,ok,-14.566628,14.566628
Chien,TSP-random-n90-g1000-2,5967.025,7318,0.00010920000204350799,5.4600001021753997e-05,5.4600001021753997e-05,0.33611020000535063,ok,-18.460987,18.460987
Chien,TSP-random-n800-g1000-1,16886.984,20931,0.007416800006467383,0.0037084000032336917,0.0037084000032336917,6.499728300012066,ok,-19.3207,19.3207
Chien,TSP-random-n90-g10000-2,60086.46,72585,0.00012009999772999436,6.004999886499718e-05,6.004999886499718e-05,0.8370904000039445,ok,-17.219177,17.219177
Chien,TSP-random-n800-g1000-2,16853.992,20439,0.007034000002022367,0.0035170000010111835,0.0035170000010111835,15.43028630000481,ok,-17.540035,17.540035
Chien,TSP-random-n80-g10000-5,57812.67,70352,0.00011220000305911526,5.610000152955763e-05,5.610000152955763e-05,0.6109234999894397,ok,-17.823698,17.823698
Chien,TSP-random-n8-g1000-1,2460.2969,3061,0.0001005000012810342,5.02500006405171e-05,5.02500006405171e-05,0.1333987999969395,ok,-19.624407,19.624407
Chien,TSP-random-n90-g10000-4,59994.883,74766,0.00011619999713730067,5.8099998568650335e-05,5.8099998568650335e-05,0.4835809999931371,ok,-19.756464,19.756464
Chien,TSP-random-n80-g10000-1,57302.02,69969,9.110000246437266e-05,4.555000123218633e-05,4.555000123218633e-05,0.3416850999929011,ok,-18.103704,18.103704
Chien,TSP-random-n800-g10000-1,168130.34,209055,0.0068686999948113225,0.0034343499974056613,0.0034343499974056613,160.99431039999763,ok,-19.576023,19.576023
Chien,TSP-random-n800-g10000-3,168345.56,208830,0.004622499996912666,0.002311249998456333,0.002311249998456333,220.91395429999102,ok,-19.386312,19.386312
Chien,TSP-random-n800-g10000-2,168588.1,207925,0.007848299996112473,0.003924149998056237,0.003924149998056237,5.770357299988973,ok,-18.918797,18.918797
Chien,TSP-random-n90-g1000-5,6089.9287,7410,0.00010649999603629112,5.324999801814556e-05,5.324999801814556e-05,0.2710372000001371,ok,-17.814728,17.814728
Chien,TSP-random-n90-g1000-1,6007.7046,7440,0.00010800000018207356,5.400000009103678e-05,5.400000009103678e-05,0.42916329999570735,ok,-19.251282,19.251282
Chien,TSP-squeezed_uniform-n10-g1000-3,1745.2925,2559,8.730000263312832e-05,4.365000131656416e-05,4.365000131656416e-05,0.04178709999541752,ok,-31.79787,31.79787
Chien,TSP-random-n900-g1000-1,17839.81,22361,0.0067991000032634474,0.0033995500016317237,0.0033995500016317237,6.0358360999962315,ok,-20.219084,20.219084
Chien,TSP-random-n800-g10000-4,168407.55,206382,0.010684000000765081,0.005342000000382541,0.005342000000382541,4.722381700004917,ok,-18.40008,18.40008
Chien,TSP-random-n800-g10000-5,168505.55,208259,0.00907770000048913,0.004538850000244565,0.004538850000244565,8.321390500001144,ok,-19.088469,19.088469
Chien,TSP-random-n90-g10000-5,59512.72,76024,0.00010959999781334773,5.4799998906673864e-05,5.4799998906673864e-05,0.7709039999899687,ok,-21.718512,21.718512
Chien,TSP-random-n90-g10000-3,60964.926,72103,0.00010280000424245372,5.140000212122686e-05,5.140000212122686e-05,0.5491708000045037,ok,-15.44745,15.44745
Chien,TSP-random-n800-g1000-4,16851.41,21013,0.01626140000007581,0.008130700000037905,0.008130700000037905,5.587421500007622,ok,-19.804834,19.804834
Chien,TSP-random-n800-g1000-5,16840.43,20575,0.00814850000460865,0.004074250002304325,0.004074250002304325,4.631545100011863,ok,-18.15101,18.15101
Chien,TSP-random-n900-g1000-3,17807.797,22037,0.006343699998978991,0.0031718499994894955,0.0031718499994894955,4.338619100002688,ok,-19.191374,19.191374
Chien,TSP-random-n900-g1000-4,17802.938,22190,0.005481699998199474,0.002740849999099737,0.002740849999099737,11.710626600004616,ok,-19.770449,19.770449
Chien,TSP-squeezed_uniform-n10-g1000-2,2074.4766,2484,9.090000094147399e-05,4.5450000470736995e-05,4.5450000470736995e-05,0.04143840000324417,ok,-16.48645,16.48645
Chien,TSP-random-n900-g1000-5,17822.775,21894,0.007121900001948234,0.003560950000974117,0.003560950000974117,9.186235300003318,ok,-18.595161,18.595161
Chien,TSP-squeezed_uniform-n10-g10000-4,18712.418,23222,9.180000051856041e-05,4.5900000259280205e-05,4.5900000259280205e-05,0.045218800005386584,ok,-19.41944,19.41944
Chien,TSP-random-n800-g1000-3,16860.508,20449,0.011443600000347942,0.005721800000173971,0.005721800000173971,4.541776700003538,ok,-17.548496,17.548496
Chien,TSP-squeezed_uniform-n10-g10000-3,21245.04,31600,9.090000094147399e-05,4.5450000470736995e-05,4.5450000470736995e-05,0.11299579999467824,ok,-32.768864,32.768864
Chien,TSP-squeezed_uniform-n10-g1000-1,2187.6133,3081,7.370000093942508e-05,3.685000046971254e-05,3.685000046971254e-05,0.08000400000310037,ok,-28.996647,28.996647
Chien,TSP-squeezed_uniform-n10-g10000-5,18604.434,24258,8.410000009462237e-05,4.205000004731119e-05,4.205000004731119e-05,0.04177289998915512,ok,-23.305986,23.305986
Chien,TSP-squeezed_uniform-n10-g1000-5,1431.8525,1846,8.38999985717237e-05,4.194999928586185e-05,4.194999928586185e-05,0.041265599997132085,ok,-22.434858,22.434858
Chien,TSP-squeezed_uniform-n10-g10000-1,15557.703,19402,8.489999891025946e-05,4.244999945512973e-05,4.244999945512973e-05,0.04639879999740515,ok,-19.813921,19.813921
Chien,TSP-squeezed_uniform-n10-g1000-4,1814.8083,2568,8.359999628737569e-05,4.1799998143687844e-05,4.1799998143687844e-05,0.0379708000109531,ok,-29.329893,29.329893
Chien,TSP-random-n900-g10000-3,178243.08,221776,0.0077048000021022744,0.0038524000010511372,0.0038524000010511372,365.2208775000181,ok,-19.62923,19.62923
Chien,TSP-random-n900-g10000-5,178040.03,223658,0.004453599998669233,0.0022267999993346166,0.0022267999993346166,14.82572639999853,ok,-20.396305,20.396305
Chien,TSP-squeezed_uniform-n10-g10000-2,13656.961,18238,8.64000030560419e-05,4.320000152802095e-05,4.320000152802095e-05,0.05225829999835696,ok,-25.118101,25.118101
Chien,TSP-squeezed_uniform-n100-g10000-1,54790.824,64229,0.00010619999375194311,5.3099996875971556e-05,5.3099996875971556e-05,0.25471619999734685,ok,-14.69457,14.69457
Chien,TSP-random-n900-g10000-2,178171.1,217201,0.0060798999984399416,0.0030399499992199708,0.0030399499992199708,5.5039209999958985,ok,-17.969488,17.969488
Chien,TSP-squeezed_uniform-n100-g1000-5,5629.3667,6803,0.00011249999806750566,5.624999903375283e-05,5.624999903375283e-05,0.38617109999177046,ok,-17.251701,17.251701
Chien,TSP-random-n900-g10000-1,178439.19,217290,0.005534200005058665,0.0027671000025293324,0.0027671000025293324,228.23099480000383,ok,-17.879705,17.879705
Chien,TSP-squeezed_uniform-n100-g1000-1,5757.6914,6678,0.00012080000306013972,6.040000153006986e-05,6.040000153006986e-05,0.26049260000581853,ok,-13.7812,13.7812
Chien,TSP-squeezed_uniform-n100-g10000-3,57934.086,64404,0.00010750000365078449,5.3750001825392246e-05,5.3750001825392246e-05,0.3275506000063615,ok,-10.045826,10.045826
Chien,TSP-squeezed_uniform-n100-g1000-3,5643.1714,6776,0.00010959999781334773,5.4799998906673864e-05,5.4799998906673864e-05,0.40163599999505095,ok,-16.71825,16.71825
Chien,TSP-random-n900-g1000-2,17790.436,21858,0.00981090000277618,0.00490545000138809,0.00490545000138809,7.607948799995938,ok,-18.609043,18.609043
Chien,TSP-squeezed_uniform-n100-g1000-2,5528.78,6287,9.300000237999484e-05,4.650000118999742e-05,4.650000118999742e-05,0.2112250999925891,ok,-12.060127,12.060127
Chien,TSP-squeezed_uniform-n100-g1000-4,5156.699,6149,0.00010430000111227855,5.2150000556139275e-05,5.2150000556139275e-05,0.22476639998785686,ok,-16.137596,16.137596
Chien,TSP-squeezed_uniform-n100-g10000-2,56705.03,61862,0.0001007999962894246,5.03999981447123e-05,5.03999981447123e-05,0.2962979000003543,ok,-8.3362465,8.3362465
Chien,TSP-random-n900-g10000-4,178079.8,221030,0.009049799999047536,0.004524899999523768,0.004524899999523768,5.285031599996728,ok,-19.431843,19.431843
Chien,TSP-squeezed_uniform-n1000-g1000-1,17411.832,19948,0.008002000002306886,0.004001000001153443,0.004001000001153443,20.820528500000364,ok,-12.713896,12.713896
Chien,TSP-squeezed_uniform-n100-g10000-5,60026.098,65855,9.339999814983457e-05,4.669999907491729e-05,4.669999907491729e-05,0.1351101999898674,ok,-8.851116,8.851116
Chien,TSP-squeezed_uniform-n100-g10000-4,50834.13,60452,9.7999996796716e-05,4.8999998398358e-05,4.8999998398358e-05,0.24667249999765772,ok,-15.909931,15.909931
Chien,TSP-squeezed_uniform-n20-g10000-2,24030.918,31326,9.200000204145908e-05,4.600000102072954e-05,4.600000102072954e-05,0.051746700002695434,ok,-23.287626,23.287626
Chien,TSP-squeezed_uniform-n1000-g1000-4,18086.479,20364,0.00759950000065146,0.00379975000032573,0.00379975000032573,16.649420600006124,ok,-11.184057,11.184057
Chien,TSP-squeezed_uniform-n20-g1000-2,2658.813,3570,9.110000246437266e-05,4.555000123218633e-05,4.555000123218633e-05,0.036099200005992316,ok,-25.523445,25.523445
Chien,TSP-squeezed_uniform-n1000-g10000-2,174269.56,196434,0.004906499998469371,0.0024532499992346857,0.0024532499992346857,12.417774400004419,ok,-11.283402,11.283402
Chien,TSP-squeezed_uniform-n20-g10000-1,26336.744,31145,0.00010150000161956996,5.075000080978498e-05,5.075000080978498e-05,0.05230419999861624,ok,-15.438292,15.438292
Chien,TSP-squeezed_uniform-n20-g1000-5,2715.7993,3338,8.900000102585182e-05,4.450000051292591e-05,4.450000051292591e-05,0.04265839999425225,ok,-18.639925,18.639925
Chien,TSP-squeezed_uniform-n1000-g1000-5,17835.678,19929,0.008307600000989623,0.004153800000494812,0.004153800000494812,9.074108199987677,ok,-10.503901,10.503901
Chien,TSP-squeezed_uniform-n20-g1000-1,2385.0698,2793,9.409999620402232e-05,4.704999810201116e-05,4.704999810201116e-05,0.04505570000037551,ok,-14.605449,14.605449
Chien,TSP-squeezed_uniform-n20-g1000-3,2502.5068,2827,9.639999916544184e-05,4.819999958272092e-05,4.819999958272092e-05,0.03640750001068227,ok,-11.478357,11.478357
Chien,TSP-squeezed_uniform-n20-g10000-3,23255.105,31737,9.219999628840014e-05,4.609999814420007e-05,4.609999814420007e-05,0.04439539999293629,ok,-26.725573,26.725573
Chien,TSP-squeezed_uniform-n20-g1000-4,3167.308,3859,9.4600000011269e-05,4.73000000056345e-05,4.73000000056345e-05,0.04030599999532569,ok,-17.924122,17.924122
Chien,TSP-squeezed_uniform-n1000-g10000-3,176165.44,192489,0.008880599998519756,0.004440299999259878,0.004440299999259878,8.989063300017733,ok,-8.480258,8.480258
Chien,TSP-squeezed_uniform-n1000-g10000-4,174702.34,201108,0.0064761000030557625,0.0032380500015278812,0.0032380500015278812,14.003085300006205,ok,-13.130088,13.130088
Chien,TSP-squeezed_uniform-n20-g10000-5,23846.557,29236,9.999999747378752e-05,4.999999873689376e-05,4.999999873689376e-05,0.05004860000917688,ok,-18.43427,18.43427
Chien,TSP-squeezed_uniform-n200-g1000-1,8010.959,9157,0.00012080000306013972,6.040000153006986e-05,6.040000153006986e-05,1.2231018000020413,ok,-12.515465,12.515465
Chien,TSP-squeezed_uniform-n1000-g10000-5,177672.69,202136,0.0042945000022882596,0.0021472500011441298,0.0021472500011441298,17.16014059999725,ok,-12.102403,12.102403
Chien,TSP-squeezed_uniform-n200-g10000-1,83455.984,90275,0.0001314999972237274,6.57499986118637e-05,6.57499986118637e-05,2.111510899994755,ok,-7.5536036,7.5536036
Chien,TSP-squeezed_uniform-n200-g10000-4,79335.35,91891,0.00012930000229971483,6.465000114985742e-05,6.465000114985742e-05,3.5181930999970064,ok,-13.663631,13.663631
Chien,TSP-squeezed_uniform-n200-g1000-2,7422.4106,8708,0.00011850000009872019,5.9250000049360096e-05,5.9250000049360096e-05,1.0000341999984812,ok,-14.763313,14.763313
Chien,TSP-squeezed_uniform-n1000-g10000-1,180952.14,198144,0.0070137000002432615,0.0035068500001216307,0.0035068500001216307,14.507904800004326,ok,-8.676447,8.676447
Chien,TSP-squeezed_uniform-n1000-g1000-2,18265.736,19959,0.013800700005958788,0.006900350002979394,0.006900350002979394,363.728197599994,ok,-8.48371,8.48371
Chien,TSP-squeezed_uniform-n20-g10000-4,29522.734,36355,9.280000085709617e-05,4.640000042854808e-05,4.640000042854808e-05,0.04846170000382699,ok,-18.793194,18.793194
Chien,TSP-squeezed_uniform-n30-g1000-4,2610.251,3165,0.00010459999612066895,5.2299998060334474e-05,5.2299998060334474e-05,0.07471049999003299,ok,-17.527615,17.527615
Chien,TSP-squeezed_uniform-n30-g1000-5,3484.6758,4196,8.330000127898529e-05,4.1650000639492646e-05,4.1650000639492646e-05,0.05670939999981783,ok,-16.952436,16.952436
Chien,TSP-squeezed_uniform-n200-g10000-5,82963.555,91622,0.00012589999823831022,6.294999911915511e-05,6.294999911915511e-05,1.9688375999976415,ok,-9.450182,9.450182
Chien,TSP-squeezed_uniform-n200-g10000-3,81185.336,95372,0.00013359999866224825,6.679999933112413e-05,6.679999933112413e-05,1.9878736999962712,ok,-14.875083,14.875083
Chien,TSP-squeezed_uniform-n200-g10000-2,83240.51,92411,0.00012710000009974465,6.355000004987232e-05,6.355000004987232e-05,1.78805669999565,ok,-9.9235935,9.9235935
Chien,TSP-squeezed_uniform-n30-g1000-2,3076.428,3958,9.989999671233818e-05,4.994999835616909e-05,4.994999835616909e-05,0.07811360000050627,ok,-22.273169,22.273169
Chien,TSP-squeezed_uniform-n30-g10000-4,31862.807,34865,9.069999941857532e-05,4.534999970928766e-05,4.534999970928766e-05,0.05038349999813363,ok,-8.6109085,8.6109085
Chien,TSP-squeezed_uniform-n30-g10000-5,28711.172,31716,9.329999738838524e-05,4.664999869419262e-05,4.664999869419262e-05,0.11035420000553131,ok,-9.474171,9.474171
Chien,TSP-squeezed_uniform-n30-g10000-1,32542.195,42127,8.7800006440375e-05,4.39000032201875e-05,4.39000032201875e-05,0.04203210001287516,ok,-22.752167,22.752167
Chien,TSP-squeezed_uniform-n300-g1000-2,10218.986,11116,0.00016760000289650634,8.380000144825317e-05,8.380000144825317e-05,1.1639710000017658,ok,-8.069572,8.069572
Chien,TSP-squeezed_uniform-n200-g1000-3,7706.5215,9198,0.00010029999975813553,5.0149999879067764e-05,5.0149999879067764e-05,1.4989088000002084,ok,-16.215248,16.215248
Chien,TSP-squeezed_uniform-n200-g1000-4,7819.8364,9352,0.0001286000042455271,6.430000212276354e-05,6.430000212276354e-05,1.1564733999985037,ok,-16.383272,16.383272
Chien,TSP-squeezed_uniform-n30-g1000-3,3157.039,4394,8.800000068731606e-05,4.400000034365803e-05,4.400000034365803e-05,0.06546919999527745,ok,-28.151136,28.151136
Chien,TSP-squeezed_uniform-n300-g10000-1,95909.57,112674,0.00016070000128820539,8.035000064410269e-05,8.035000064410269e-05,3.110577800005558,ok,-14.878702,14.878702
Chien,TSP-squeezed_uniform-n300-g1000-1,10022.617,11061,0.0013949999993201345,0.0006974999996600673,0.0006974999996600673,1.1621943000063766,ok,-9.387784,9.387784
Chien,TSP-squeezed_uniform-n40-g1000-2,3682.4258,4320,8.27999974717386e-05,4.13999987358693e-05,4.13999987358693e-05,0.05784029999631457,ok,-14.758663,14.758663
Chien,TSP-squeezed_uniform-n300-g1000-5,9824.665,11139,0.003293500005383976,0.001646750002691988,0.001646750002691988,1.4115041999903042,ok,-11.799398,11.799398
Chien,TSP-squeezed_uniform-n30-g10000-2,32043.107,42520,0.00010900000052060932,5.450000026030466e-05,5.450000026030466e-05,0.09294760000193492,ok,-24.639915,24.639915
Chien,TSP-squeezed_uniform-n30-g10000-3,32578.902,39604,9.259999933419749e-05,4.6299999667098746e-05,4.6299999667098746e-05,0.14174069999717176,ok,-17.738354,17.738354
Chien,TSP-squeezed_uniform-n1000-g1000-3,17918.045,20242,0.010978300000715535,0.005489150000357768,0.005489150000357768,7.233491100007086,ok,-11.480857,11.480857
Chien,TSP-squeezed_uniform-n300-g1000-4,9759.97,11210,0.0036994000038248487,0.0018497000019124243,0.0018497000019124243,1.30159280000953,ok,-12.93515,12.93515
Chien,TSP-squeezed_uniform-n300-g10000-3,102034.234,115849,0.0009282999963033944,0.0004641499981516972,0.0004641499981516972,28.033932099991944,ok,-11.924803,11.924803
Chien,TSP-squeezed_uniform-n30-g1000-1,3067.8584,4073,9.100000170292333e-05,4.5500000851461664e-05,4.5500000851461664e-05,0.11790060000203084,ok,-24.678164,24.678164
Chien,TSP-squeezed_uniform-n200-g1000-5,7764.651,8728,0.00011620000441325828,5.810000220662914e-05,5.810000220662914e-05,3.5548223000077996,ok,-11.037456,11.037456
Chien,TSP-squeezed_uniform-n400-g1000-1,11089.234,12688,0.00018760000239126384,9.380000119563192e-05,9.380000119563192e-05,3.0173847999976715,ok,-12.600611,12.600611
Chien,TSP-squeezed_uniform-n300-g10000-5,97837.74,110278,0.0027963999964413233,0.0013981999982206617,0.0013981999982206617,3.923994099997799,ok,-11.280815,11.280815
Chien,TSP-squeezed_uniform-n300-g1000-3,9329.833,10468,0.0034337999968556687,0.0017168999984278344,0.0017168999984278344,1.6909853999968618,ok,-10.872822,10.872822
Chien,TSP-squeezed_uniform-n40-g10000-3,35334.84,45736,7.899999764049426e-05,3.949999882024713e-05,3.949999882024713e-05,0.0904480000026524,ok,-22.741735,22.741735
Chien,TSP-squeezed_uniform-n40-g10000-1,34670.246,41785,9.65999934123829e-05,4.829999670619145e-05,4.829999670619145e-05,0.6247832999943057,ok,-17.027054,17.027054
Chien,TSP-squeezed_uniform-n400-g1000-5,11267.009,13044,0.00019529999553924426,9.764999776962213e-05,9.764999776962213e-05,7.67400970000017,ok,-13.6230545,13.6230545
Chien,TSP-squeezed_uniform-n40-g1000-5,3497.814,4285,9.639999916544184e-05,4.819999958272092e-05,4.819999958272092e-05,0.0860376000055112,ok,-18.370735,18.370735
Chien,TSP-squeezed_uniform-n40-g10000-2,34687.91,41759,0.00012879999849246815,6.439999924623407e-05,6.439999924623407e-05,0.08990500000072643,ok,-16.933092,16.933092
Chien,TSP-squeezed_uniform-n400-g1000-4,11393.469,12977,0.0018106999996234663,0.0009053499998117331,0.0009053499998117331,2.422584799991455,ok,-12.202599,12.202599
Chien,TSP-squeezed_uniform-n40-g1000-4,3412.9424,4227,0.00010130000009667128,5.065000004833564e-05,5.065000004833564e-05,0.09781400000792928,ok,-19.25852,19.25852
Chien,TSP-squeezed_uniform-n40-g10000-4,35934.61,41170,0.00011100000119768083,5.5500000598840415e-05,5.5500000598840415e-05,0.07844899999327026,ok,-12.716518,12.716518
Chien,TSP-squeezed_uniform-n300-g10000-2,99258.65,112799,0.001182100000733044,0.000591050000366522,0.000591050000366522,1.792967299988959,ok,-12.003964,12.003964
Chien,TSP-squeezed_uniform-n5-g1000-1,1216.9568,1828,9.90999978967011e-05,4.954999894835055e-05,4.954999894835055e-05,0.047415100008947775,ok,-33.426872,33.426872
Chien,TSP-squeezed_uniform-n40-g1000-1,3125.9775,3809,0.00011300000187475234,5.650000093737617e-05,5.650000093737617e-05,0.07285509999201167,ok,-17.931805,17.931805
Chien,TSP-squeezed_uniform-n40-g10000-5,38820.25,43772,0.00010349999502068385,5.174999751034193e-05,5.174999751034193e-05,0.06790469998668414,ok,-11.312597,11.312597
Chien,TSP-squeezed_uniform-n5-g1000-5,1113.6,1552,9.580000187270343e-05,4.7900000936351717e-05,4.7900000936351717e-05,0.5055993999994826,ok,-28.247425,28.247425
Chien,TSP-squeezed_uniform-n5-g1000-4,965.4333,1774,7.490000280085951e-05,3.7450001400429755e-05,3.7450001400429755e-05,0.16823670000303537,ok,-45.57873,45.57873
Chien,TSP-squeezed_uniform-n40-g1000-3,3672.5684,4455,8.649999654153362e-05,4.324999827076681e-05,4.324999827076681e-05,0.09027079999214038,ok,-17.563,17.563
Chien,TSP-squeezed_uniform-n5-g10000-3,14038.997,20565,9.259999933419749e-05,4.6299999667098746e-05,4.6299999667098746e-05,0.4096152999991318,ok,-31.733543,31.733543
Chien,TSP-squeezed_uniform-n400-g10000-5,106767.43,116751,0.0009523000044282526,0.0004761500022141263,0.0004761500022141263,4.86965790000977,ok,-8.551165,8.551165
Chien,TSP-squeezed_uniform-n300-g10000-4,101249.336,113142,0.00205650000134483,0.001028250000672415,0.001028250000672415,2.868346899995231,ok,-10.511272,10.511272
Chien,TSP-squeezed_uniform-n50-g1000-3,3726.1636,4240,0.00010759999713627622,5.379999856813811e-05,5.379999856813811e-05,0.11006090001319535,ok,-12.118784,12.118784
Chien,TSP-squeezed_uniform-n400-g10000-3,108168.984,126536,0.00280909999855794,0.00140454999927897,0.00140454999927897,1.678967100000591,ok,-14.515249,14.515249
Chien,TSP-squeezed_uniform-n50-g1000-5,4306.4653,5142,8.410000009462237e-05,4.205000004731119e-05,4.205000004731119e-05,0.0750116999988677,ok,-16.249216,16.249216
Chien,TSP-squeezed_uniform-n5-g1000-2,1411.1873,1889,9.979999595088884e-05,4.989999797544442e-05,4.989999797544442e-05,0.09366220000083558,ok,-25.29448,25.29448
Chien,TSP-squeezed_uniform-n5-g10000-4,8758.896,15347,9.580000187270343e-05,4.7900000936351717e-05,4.7900000936351717e-05,0.0945542999979807,ok,-42.92763,42.92763
Chien,TSP-squeezed_uniform-n400-g1000-2,11280.919,13117,0.004471200001717079,0.0022356000008585397,0.0022356000008585397,9.757436699990649,ok,-13.997722,13.997722
Chien,TSP-squeezed_uniform-n400-g1000-3,11503.2295,12466,0.00097749999986263,0.000488749999931315,0.000488749999931315,5.156594799991581,ok,-7.723171,7.723171
Chien,TSP-squeezed_uniform-n50-g10000-2,41566.457,43945,7.729999924777076e-05,3.864999962388538e-05,3.864999962388538e-05,0.10157739999704063,ok,-5.412545,5.412545
Chien,TSP-squeezed_uniform-n50-g1000-1,4465.659,5438,0.00010209999891230837,5.104999945615418e-05,5.104999945615418e-05,0.12247130001196638,ok,-17.880486,17.880486
Chien,TSP-squeezed_uniform-n5-g10000-2,8364.585,10405,6.929999653948471e-05,3.4649998269742355e-05,3.4649998269742355e-05,0.2729534000100102,ok,-19.609947,19.609947
Chien,TSP-squeezed_uniform-n50-g1000-2,4329.6562,5118,0.00011249999806750566,5.624999903375283e-05,5.624999903375283e-05,0.07756560000416357,ok,-15.403356,15.403356
Chien,TSP-squeezed_uniform-n400-g10000-1,116265.27,129598,0.0021972999966237694,0.0010986499983118847,0.0010986499983118847,3.049871200011694,ok,-10.287757,10.287757
Chien,TSP-squeezed_uniform-n400-g10000-4,115397.95,129431,0.0013787999996566214,0.0006893999998283107,0.0006893999998283107,9.07665870001074,ok,-10.842107,10.842107
Chien,TSP-squeezed_uniform-n50-g10000-4,39076.547,46707,9.140000474872068e-05,4.570000237436034e-05,4.570000237436034e-05,0.10466929999529384,ok,-16.336851,16.336851
Chien,TSP-squeezed_uniform-n50-g10000-1,41205.58,49669,0.00013269999908516183,6.634999954258092e-05,6.634999954258092e-05,0.050544199999421835,ok,-17.039646,17.039646
Chien,TSP-squeezed_uniform-n500-g1000-1,12722.275,14581,0.0008482999983243644,0.0004241499991621822,0.0004241499991621822,9.311835500004236,ok,-12.74758,12.74758
Chien,TSP-squeezed_uniform-n5-g10000-1,15850.341,21178,9.929999941959977e-05,4.9649999709799886e-05,4.9649999709799886e-05,0.25831389999075327,ok,-25.156572,25.156572
Chien,TSP-squeezed_uniform-n500-g1000-3,12987.621,13961,0.004643700005544815,0.0023218500027724076,0.0023218500027724076,3.7501296999980696,ok,-6.972129,6.972129
Chien,TSP-squeezed_uniform-n5-g10000-5,17685.377,21991,7.240000559249893e-05,3.6200002796249464e-05,3.6200002796249464e-05,0.14219389999925625,ok,-19.579023,19.579023
Chien,TSP-squeezed_uniform-n5-g1000-3,837.3279,1166,8.370000432478264e-05,4.185000216239132e-05,4.185000216239132e-05,0.089763199997833,ok,-28.188002,28.188002
Chien,TSP-squeezed_uniform-n500-g10000-2,125107.29,136735,0.0026108999954885803,0.0013054499977442902,0.0013054499977442902,35.89451360001112,ok,-8.503829,8.503829
Chien,TSP-squeezed_uniform-n60-g1000-5,4867.2007,5651,0.0001033000007737428,5.16500003868714e-05,5.16500003868714e-05,0.14396660000784323,ok,-13.870099,13.870099
Chien,TSP-squeezed_uniform-n50-g10000-3,45637.08,55017,0.00010059999476652592,5.029999738326296e-05,5.029999738326296e-05,0.12064039999677334,ok,-17.049133,17.049133
Chien,TSP-squeezed_uniform-n500-g10000-1,126720.02,143196,0.00021180000476306304,0.00010590000238153152,0.00010590000238153152,4.276460299995961,ok,-11.505892,11.505892
Chien,TSP-squeezed_uniform-n500-g10000-3,125261.2,139131,0.0007927000042400323,0.00039635000212001614,0.00039635000212001614,2.523257900000317,ok,-9.968876,9.968876
Chien,TSP-squeezed_uniform-n50-g10000-5,40812.27,48620,0.0001165000066976063,5.825000334880315e-05,5.825000334880315e-05,0.04956119999405928,ok,-16.05868,16.05868
Chien,TSP-squeezed_uniform-n60-g10000-5,43437.844,50282,0.00010479999764356762,5.239999882178381e-05,5.239999882178381e-05,0.21599669998977333,ok,-13.611544,13.611544
Chien,TSP-squeezed_uniform-n60-g1000-2,4349.091,4837,0.00011860000086016953,5.9300000430084765e-05,5.9300000430084765e-05,0.1761621999903582,ok,-10.087021,10.087021
Chien,TSP-squeezed_uniform-n60-g1000-1,4644.513,5591,8.540000271750614e-05,4.270000135875307e-05,4.270000135875307e-05,0.10697940000682138,ok,-16.928759,16.928759
Chien,TSP-squeezed_uniform-n60-g10000-2,44836.816,54425,0.00011500000255182385,5.750000127591193e-05,5.750000127591193e-05,0.23692599999776576,ok,-17.617243,17.617243
Chien,TSP-squeezed_uniform-n60-g10000-1,42803.027,51741,0.00010350000229664147,5.1750001148320735e-05,5.1750001148320735e-05,0.1747590000013588,ok,-17.274448,17.274448
Chien,TSP-squeezed_uniform-n60-g1000-3,4795.6797,5461,0.00010369999654358253,5.1849998271791264e-05,5.1849998271791264e-05,0.13294820000010077,ok,-12.183123,12.183123
Chien,TSP-squeezed_uniform-n500-g1000-4,12689.016,14197,0.0054539999982807785,0.0027269999991403893,0.0027269999991403893,6.175206600004458,ok,-10.621853,10.621853
Chien,TSP-squeezed_uniform-n60-g10000-4,45075.332,56062,0.00010100000508828089,5.050000254414044e-05,5.050000254414044e-05,0.65956179999921,ok,-19.597353,19.597353
Chien,TSP-squeezed_uniform-n60-g10000-3,44155.793,52767,0.00012150000111432746,6.075000055716373e-05,6.075000055716373e-05,0.21421360000385903,ok,-16.319304,16.319304
Chien,TSP-squeezed_uniform-n500-g10000-4,125799.58,140767,0.005600199998298194,0.002800099999149097,0.002800099999149097,6.198698699998204,ok,-10.632763,10.632763
Chien,TSP-squeezed_uniform-n400-g10000-2,113092.766,125445,0.010690399998566136,0.005345199999283068,0.005345199999283068,44.8171888999932,ok,-9.846733,9.846733
Chien,TSP-squeezed_uniform-n50-g1000-4,3855.751,4610,0.00010430000111227855,5.2150000556139275e-05,5.2150000556139275e-05,0.1858805000083521,ok,-16.36115,16.36115
Chien,TSP-squeezed_uniform-n70-g1000-3,4963.9097,6026,8.759999764151871e-05,4.3799998820759356e-05,4.3799998820759356e-05,0.19068749999860302,ok,-17.625132,17.625132
Chien,TSP-squeezed_uniform-n70-g1000-4,4319.8594,5032,0.00011079999967478216,5.539999983739108e-05,5.539999983739108e-05,0.15518149999843445,ok,-14.152238,14.152238
Chien,TSP-squeezed_uniform-n500-g10000-5,130593.86,142630,0.006159999997180421,0.0030799999985902105,0.0030799999985902105,3.0757080000039423,ok,-8.438716,8.438716
Chien,TSP-squeezed_uniform-n500-g1000-5,12584.997,14604,0.00803000000450993,0.004015000002254965,0.004015000002254965,3.0721726000047056,ok,-13.824999,13.824999
Chien,TSP-squeezed_uniform-n60-g1000-4,4197.9883,5104,9.690000297268853e-05,4.845000148634426e-05,4.845000148634426e-05,0.1329362999967998,ok,-17.751013,17.751013
Chien,TSP-squeezed_uniform-n500-g1000-2,12492.588,13795,0.0038149000029079616,0.0019074500014539808,0.0019074500014539808,1.7912158999970416,ok,-9.44119,9.44119
Chien,TSP-squeezed_uniform-n600-g1000-5,14113.448,16110,0.004993000002286863,0.0024965000011434313,0.0024965000011434313,3.893309999999474,ok,-12.393245,12.393245
Chien,TSP-squeezed_uniform-n70-g1000-5,4881.6406,5307,0.00010060000204248354,5.030000102124177e-05,5.030000102124177e-05,0.2540863000031095,ok,-8.015062,8.015062
Chien,TSP-squeezed_uniform-n70-g10000-1,44009.695,52099,9.530000534141436e-05,4.765000267070718e-05,4.765000267070718e-05,0.13515230000484735,ok,-15.5267935,15.5267935
Chien,TSP-squeezed_uniform-n600-g1000-1,14080.509,15747,0.006089099995733704,0.003044549997866852,0.003044549997866852,12.258267199998954,ok,-10.582912,10.582912
Chien,TSP-squeezed_uniform-n600-g10000-1,137702.16,155567,0.0028069000036339276,0.0014034500018169638,0.0014034500018169638,4.811391499999445,ok,-11.483698,11.483698
Chien,TSP-squeezed_uniform-n600-g10000-4,140610.7,157307,0.0028400000010151416,0.0014200000005075708,0.0014200000005075708,7.379515399996308,ok,-10.61383,10.61383
Chien,TSP-squeezed_uniform-n70-g1000-2,4533.2295,5112,8.689999958733097e-05,4.3449999793665484e-05,4.3449999793665484e-05,0.15626430000702385,ok,-11.321802,11.321802
Chien,TSP-squeezed_uniform-n600-g10000-2,135775.47,154309,0.006575399995199405,0.0032876999975997023,0.0032876999975997023,57.62730530000408,ok,-12.010661,12.010661
Chien,TSP-squeezed_uniform-n70-g1000-1,5169.425,5834,9.569999383529648e-05,4.784999691764824e-05,4.784999691764824e-05,0.3724594000086654,ok,-11.391416,11.391416
Chien,TSP-squeezed_uniform-n600-g10000-3,132102.95,154317,0.004664399995817803,0.0023321999979089014,0.0023321999979089014,20.062011100002564,ok,-14.395075,14.395075
Chien,TSP-squeezed_uniform-n70-g10000-3,47536.133,55062,0.00010589999874355271,5.294999937177636e-05,5.294999937177636e-05,0.1613389999984065,ok,-13.667987,13.667987
Chien,TSP-squeezed_uniform-n700-g1000-1,14586.418,16574,0.0013509000054909848,0.0006754500027454924,0.0006754500027454924,22.089406800005236,ok,-11.992168,11.992168
Chien,TSP-squeezed_uniform-n600-g1000-2,13566.194,14986,0.009700799993879627,0.004850399996939814,0.004850399996939814,5.085278300000937,ok,-9.474214,9.474214
Chien,TSP-squeezed_uniform-n70-g10000-2,50216.98,56510,0.00010299999848939478,5.149999924469739e-05,5.149999924469739e-05,0.11329490000207443,ok,-11.136117,11.136117
Chien,TSP-squeezed_uniform-n70-g10000-5,45644.008,52051,8.779999916441739e-05,4.389999958220869e-05,4.389999958220869e-05,0.500084400002379,ok,-12.309066,12.309066
Chien,TSP-squeezed_uniform-n70-g10000-4,48370.06,55339,0.0001016000023810193,5.080000119050965e-05,5.080000119050965e-05,0.5710421999974642,ok,-12.593183,12.593183
Chien,TSP-squeezed_uniform-n8-g1000-2,997.80597,1522,9.7999996796716e-05,4.8999998398358e-05,4.8999998398358e-05,0.03680990000430029,ok,-34.44113,34.44113
Chien,TSP-squeezed_uniform-n600-g1000-4,13374.971,15513,0.010596299995086156,0.005298149997543078,0.005298149997543078,9.99692020000657,ok,-13.782178,13.782178
Chien,TSP-squeezed_uniform-n600-g1000-3,13358.969,15097,0.015260400003171526,0.007630200001585763,0.007630200001585763,12.408783199993195,ok,-11.512427,11.512427
Chien,TSP-squeezed_uniform-n8-g1000-4,1684.294,2290,0.00011339999764459208,5.669999882229604e-05,5.669999882229604e-05,0.055098599987104535,ok,-26.450047,26.450047
Chien,TSP-squeezed_uniform-n8-g1000-5,1815.0419,2427,9.619999764254317e-05,4.8099998821271583e-05,4.8099998821271583e-05,0.10282529999676626,ok,-25.214592,25.214592
Chien,TSP-squeezed_uniform-n8-g10000-1,14177.872,22070,0.00011269999959040433,5.6349999795202166e-05,5.6349999795202166e-05,0.3478677999955835,ok,-35.75953,35.75953
Chien,TSP-squeezed_uniform-n700-g10000-5,146044.14,169241,0.0063262999974540435,0.0031631499987270217,0.0031631499987270217,8.107015000001411,ok,-13.706407,13.706407
Chien,TSP-squeezed_uniform-n700-g1000-2,14740.533,16408,0.00968999999895459,0.004844999999477295,0.004844999999477295,17.86578659999941,ok,-10.162523,10.162523
Chien,TSP-squeezed_uniform-n8-g1000-3,1532.2856,2119,7.88000033935532e-05,3.94000016967766e-05,3.94000016967766e-05,0.16017799999099225,ok,-27.688265,27.688265
Chien,TSP-squeezed_uniform-n8-g10000-5,14070.767,18981,8.549999620299786e-05,4.274999810149893e-05,4.274999810149893e-05,0.38135999999940395,ok,-25.869202,25.869202
Chien,TSP-squeezed_uniform-n700-g10000-1,149155.8,170338,0.006548199999087956,0.003274099999543978,0.003274099999543978,188.08393760000763,ok,-12.435395,12.435395
Chien,TSP-squeezed_uniform-n80-g1000-2,5113.06,6081,0.00010010000551119447,5.0050002755597234e-05,5.0050002755597234e-05,0.32952660000592005,ok,-15.917447,15.917447
Chien,TSP-squeezed_uniform-n700-g1000-3,15364.603,16856,0.012674600002355874,0.006337300001177937,0.006337300001177937,6.892722300006426,ok,-8.847873,8.847873
Chien,TSP-squeezed_uniform-n8-g10000-3,15755.675,21716,9.90999978967011e-05,4.954999894835055e-05,4.954999894835055e-05,0.2111367000034079,ok,-27.4467,27.4467
Chien,TSP-squeezed_uniform-n700-g1000-4,14439.49,16694,0.0017908000008901581,0.0008954000004450791,0.0008954000004450791,3.6270723000052385,ok,-13.50491,13.50491
Chien,TSP-squeezed_uniform-n80-g1000-5,4862.055,5615,0.00010949999705189839,5.4749998525949195e-05,5.4749998525949195e-05,0.5399780000007013,ok,-13.409525,13.409525
Chien,TSP-squeezed_uniform-n700-g1000-5,15025.725,16845,0.013793199999781791,0.0068965999998908956,0.0068965999998908956,7.519965999992564,ok,-10.800091,10.800091
Chien,TSP-squeezed_uniform-n8-g1000-1,1557.9309,2279,8.639999578008428e-05,4.319999789004214e-05,4.319999789004214e-05,0.08349599999201018,ok,-31.639713,31.639713
Chien,TSP-squeezed_uniform-n8-g10000-2,15887.843,20330,8.789999992586672e-05,4.394999996293336e-05,4.394999996293336e-05,0.22044010000536218,ok,-21.850256,21.850256
Chien,TSP-squeezed_uniform-n8-g10000-4,14596.471,19723,8.540000271750614e-05,4.270000135875307e-05,4.270000135875307e-05,0.30939150000631344,ok,-25.992643,25.992643
Chien,TSP-squeezed_uniform-n80-g1000-3,5475.466,6485,0.0001123000038205646,5.61500019102823e-05,5.61500019102823e-05,0.4077945000026375,ok,-15.567219,15.567219
Chien,TSP-squeezed_uniform-n80-g10000-2,52398.74,60709,9.839999984251335e-05,4.9199999921256676e-05,4.9199999921256676e-05,0.1120299000031082,ok,-13.688682,13.688682
Chien,TSP-squeezed_uniform-n80-g1000-1,5507.607,6727,9.180000051856041e-05,4.5900000259280205e-05,4.5900000259280205e-05,0.3328784000041196,ok,-18.126848,18.126848
Chien,TSP-squeezed_uniform-n80-g1000-4,5143.5522,6221,0.00011719999747583643,5.859999873791821e-05,5.859999873791821e-05,0.3273258000117494,ok,-17.319527,17.319527
Chien,TSP-squeezed_uniform-n600-g10000-5,141953.23,156206,0.01158029999351129,0.005790149996755645,0.005790149996755645,5.499487999986741,ok,-9.124339,9.124339
Chien,TSP-squeezed_uniform-n80-g10000-4,51953.098,60429,0.00010759999713627622,5.379999856813811e-05,5.379999856813811e-05,0.21272129999124445,ok,-14.026217,14.026217
Chien,TSP-squeezed_uniform-n80-g10000-3,47195.89,55642,0.0002164999968954362,0.0001082499984477181,0.0001082499984477181,0.21935420000227168,ok,-15.179378,15.179378
Chien,TSP-squeezed_uniform-n700-g10000-4,144111.34,164296,0.02700829999957932,0.01350414999978966,0.01350414999978966,4.943116299982648,ok,-12.285543,12.285543
Chien,TSP-squeezed_uniform-n90-g1000-3,5388.8647,6342,0.00012340000102994964,6.170000051497482e-05,6.170000051497482e-05,0.38366079999832436,ok,-15.028938,15.028938
Chien,TSP-squeezed_uniform-n80-g10000-5,50235.355,56490,9.719999798107892e-05,4.859999899053946e-05,4.859999899053946e-05,0.12364039999374654,ok,-11.072126,11.072126
Chien,TSP-squeezed_uniform-n80-g10000-1,46219.504,55810,0.0001007999962894246,5.03999981447123e-05,5.03999981447123e-05,0.2727240000094753,ok,-17.184189,17.184189
Chien,TSP-squeezed_uniform-n90-g1000-5,5144.204,6269,9.660000068834051e-05,4.830000034417026e-05,4.830000034417026e-05,0.2285838999960106,ok,-17.94219,17.94219
Chien,TSP-squeezed_uniform-n700-g10000-3,152273.27,170693,0.03669880000234116,0.01834940000117058,0.01834940000117058,5.504404599996633,ok,-10.791148,10.791148
Chien,TSP-squeezed_uniform-n90-g1000-1,5282.899,6142,9.249999857274815e-05,4.624999928637408e-05,4.624999928637408e-05,0.34587780000583734,ok,-13.987318,13.987318
Chien,TSP-squeezed_uniform-n90-g1000-4,5633.861,6757,0.00011000000085914508,5.500000042957254e-05,5.500000042957254e-05,0.37567480000143405,ok,-16.62186,16.62186
Chien,TSP-squeezed_uniform-n90-g10000-1,56225.445,65664,9.62999984039925e-05,4.814999920199625e-05,4.814999920199625e-05,0.18815519999770913,ok,-14.374018,14.374018
Chien,TSP-squeezed_uniform-n800-g1000-3,15913.981,17809,0.00436959999933606,0.00218479999966803,0.00218479999966803,8.546004100004211,ok,-10.640792,10.640792
Chien,TSP-squeezed_uniform-n800-g10000-5,152921.67,175386,0.001441000000340864,0.000720500000170432,0.000720500000170432,301.75869070002227,ok,-12.808508,12.808508
Chien,TSP-squeezed_uniform-n800-g10000-4,156922.28,177691,0.004300399996282067,0.0021501999981410336,0.0021501999981410336,10.276672299980419,ok,-11.688109,11.688109
Chien,TSP-squeezed_uniform-n800-g1000-4,15984.3,18157,0.006615199999941979,0.0033075999999709893,0.0033075999999709893,11.364066900016041,ok,-11.966186,11.966186
Chien,TSP-squeezed_uniform-n800-g10000-3,157447.64,173257,0.007283999999344815,0.0036419999996724073,0.0036419999996724073,14.214093999995384,ok,-9.124803,9.124803
Chien,TSP-squeezed_uniform-n800-g1000-1,16015.926,17772,0.004405599996971432,0.002202799998485716,0.002202799998485716,9.756313599995337,ok,-9.881129,9.881129
Chien,TSP-squeezed_uniform-n800-g1000-5,16120.042,17794,0.00414660000387812,0.00207330000193906,0.00207330000193906,9.829693599996972,ok,-9.40743,9.40743
Chien,TSP-squeezed_uniform-n800-g1000-2,16327.757,17713,0.0066621000005397946,0.0033310500002698973,0.0033310500002698973,7.793820399994729,ok,-7.8204885,7.8204885
Chien,TSP-squeezed_uniform-n90-g10000-3,55373.895,68545,9.019999561132863e-05,4.5099997805664316e-05,4.5099997805664316e-05,0.39099040000292007,ok,-19.215267,19.215267
Chien,TSP-squeezed_uniform-n90-g10000-4,49296.89,57180,9.469999349676073e-05,4.734999674838036e-05,4.734999674838036e-05,0.5893178999976953,ok,-13.78648,13.78648
Chien,TSP-squeezed_uniform-n90-g10000-2,48563.195,57387,9.839999984251335e-05,4.9199999921256676e-05,4.9199999921256676e-05,0.12454560000333004,ok,-15.375964,15.375964
Chien,TSP-squeezed_uniform-n700-g10000-2,143007.52,163358,0.044636399994487874,0.022318199997243937,0.022318199997243937,9.388225399990915,ok,-12.457599,12.457599
Chien,TSP-squeezed_uniform-n90-g1000-2,5289.066,5948,0.00012179999612271786,6.089999806135893e-05,6.089999806135893e-05,0.4681224999949336,ok,-11.078246,11.078246
Chien,TSP-squeezed_uniform-n800-g10000-2,159930.55,175984,0.008099600003333762,0.004049800001666881,0.004049800001666881,14.868727900000522,ok,-9.122109,9.122109
Chien,TSP-triangular-n10-g1000-2,1947.636,2529,9.410000347997993e-05,4.7050001739989966e-05,4.7050001739989966e-05,0.08028619999822695,ok,-22.9879,22.9879
Chien,TSP-squeezed_uniform-n800-g10000-1,161802.47,177832,0.006558799999766052,0.003279399999883026,0.003279399999883026,9.867071999993641,ok,-9.013863,9.013863
Chien,TSP-squeezed_uniform-n900-g1000-1,16608.164,18658,0.007607599996845238,0.003803799998422619,0.003803799998422619,15.1479238000029,ok,-10.986364,10.986364
Chien,TSP-squeezed_uniform-n90-g10000-5,51778.11,61457,0.00010569999722065404,5.284999861032702e-05,5.284999861032702e-05,0.12942659998952877,ok,-15.749044,15.749044
Chien,TSP-triangular-n10-g1000-3,1692.7366,2251,8.040000102482736e-05,4.020000051241368e-05,4.020000051241368e-05,0.13050319999456406,ok,-24.800686,24.800686
Chien,TSP-triangular-n10-g1000-1,1321.5581,1643,8.36000035633333e-05,4.180000178166665e-05,4.180000178166665e-05,0.20260039999266155,ok,-19.564327,19.564327
Chien,TSP-triangular-n10-g1000-5,1459.0835,2010,8.340000204043463e-05,4.1700001020217314e-05,4.1700001020217314e-05,0.046448199995211326,ok,-27.408781,27.408781
Chien,TSP-triangular-n100-g1000-2,5288.679,6360,9.200000204145908e-05,4.600000102072954e-05,4.600000102072954e-05,0.37686889999895357,ok,-16.844666,16.844666
Chien,TSP-squeezed_uniform-n900-g1000-5,16614.266,19109,0.0044316999992588535,0.0022158499996294267,0.0022158499996294267,7.20316129999992,ok,-13.0552845,13.0552845
Chien,TSP-triangular-n10-g10000-2,17879.545,21890,0.00010070000280393288,5.035000140196644e-05,5.035000140196644e-05,0.03919999999925494,ok,-18.320946,18.320946
Chien,TSP-squeezed_uniform-n900-g1000-3,16550.691,18359,0.007008699998550583,0.0035043499992752913,0.0035043499992752913,6.943560100000468,ok,-9.849711,9.849711
Chien,TSP-squeezed_uniform-n900-g10000-5,171034.0,191034,0.007685800002946053,0.0038429000014730264,0.0038429000014730264,11.481866899994202,ok,-10.46934,10.46934
Chien,TSP-triangular-n10-g1000-4,1213.3229,1758,9.699999645818025e-05,4.8499998229090124e-05,4.8499998229090124e-05,0.06092920000082813,ok,-30.98277,30.98277
Chien,TSP-triangular-n10-g10000-4,10696.035,13893,8.379999781027436e-05,4.189999890513718e-05,4.189999890513718e-05,0.042560000001685694,ok,-23.011335,23.011335
Chien,TSP-squeezed_uniform-n900-g10000-1,172707.05,187825,0.00524050000240095,0.002620250001200475,0.002620250001200475,13.356180600007065,ok,-8.048957,8.048957
Chien,TSP-triangular-n10-g10000-3,13832.736,17277,8.060000254772604e-05,4.030000127386302e-05,4.030000127386302e-05,0.051657399992109276,ok,-19.935543,19.935543
Chien,TSP-triangular-n10-g10000-5,13555.643,19644,0.00011200000153621659,5.6000000768108293e-05,5.6000000768108293e-05,0.040115400013746694,ok,-30.993471,30.993471
Chien,TSP-triangular-n100-g1000-4,5401.5205,6294,0.0001033000007737428,5.16500003868714e-05,5.16500003868714e-05,0.09303329999966081,ok,-14.179845,14.179845
Chien,TSP-squeezed_uniform-n900-g1000-2,16914.295,18786,0.008857099994202144,0.004428549997101072,0.004428549997101072,12.430654700001469,ok,-9.963298,9.963298
Chien,TSP-squeezed_uniform-n900-g1000-4,17001.71,18734,0.0080902000045171,0.00404510000225855,0.00404510000225855,10.109083800009103,ok,-9.246766,9.246766
Chien,TSP-triangular-n100-g1000-5,5686.9995,6267,0.00010029999975813553,5.0149999879067764e-05,5.0149999879067764e-05,0.8648862999980338,ok,-9.254835,9.254835
Chien,TSP-squeezed_uniform-n900-g10000-4,172693.66,190929,0.004086000000825152,0.002043000000412576,0.002043000000412576,10.996957600000314,ok,-9.550851,9.550851
Chien,TSP-triangular-n10-g10000-1,9887.038,14788,7.960000220919028e-05,3.980000110459514e-05,3.980000110459514e-05,0.10472550000122283,ok,-33.14148,33.14148
Chien,TSP-triangular-n100-g1000-3,5306.2856,6147,8.769999840296805e-05,4.3849999201484025e-05,4.3849999201484025e-05,0.3390816999890376,ok,-13.676824,13.676824
Chien,TSP-triangular-n100-g1000-1,5484.8945,6323,0.0001007999962894246,5.03999981447123e-05,5.03999981447123e-05,1.2930448000115575,ok,-13.25487,13.25487
Chien,TSP-squeezed_uniform-n900-g10000-3,170033.42,188704,0.005698200002370868,0.002849100001185434,0.002849100001185434,196.56053090000933,ok,-9.894108,9.894108
Chien,TSP-triangular-n100-g10000-3,53320.04,59468,0.00010200000542681664,5.100000271340832e-05,5.100000271340832e-05,5.219169200005126,ok,-10.338267,10.338267
Chien,TSP-triangular-n20-g1000-2,2427.9004,3023,9.760000102687627e-05,4.8800000513438135e-05,4.8800000513438135e-05,0.24547449999954551,ok,-19.68573,19.68573
Chien,TSP-triangular-n100-g10000-1,54793.645,63612,9.910000517265871e-05,4.9550002586329356e-05,4.9550002586329356e-05,0.40360980000696145,ok,-13.862723,13.862723
Chien,TSP-triangular-n20-g1000-1,2443.6455,3015,8.820000221021473e-05,4.410000110510737e-05,4.410000110510737e-05,0.2646842999965884,ok,-18.950397,18.950397
Chien,TSP-triangular-n20-g1000-4,1987.5657,2653,8.930000331019983e-05,4.4650001655099913e-05,4.4650001655099913e-05,0.2421321000001626,ok,-25.082335,25.082335
Chien,TSP-triangular-n100-g10000-5,60054.07,66979,8.479999814881012e-05,4.239999907440506e-05,4.239999907440506e-05,0.3086417000013171,ok,-10.338957,10.338957
Chien,TSP-triangular-n100-g10000-2,54513.266,66089,8.400000660913065e-05,4.2000003304565325e-05,4.2000003304565325e-05,0.5108707999897888,ok,-17.515371,17.515371
Chien,TSP-triangular-n20-g10000-3,23580.54,29867,9.690000297268853e-05,4.845000148634426e-05,4.845000148634426e-05,0.066075800001272,ok,-21.048183,21.048183
Chien,TSP-squeezed_uniform-n900-g10000-2,172377.44,192021,0.01155799999833107,0.005778999999165535,0.005778999999165535,13.735678299999563,ok,-10.229903,10.229903
Chien,TSP-triangular-n20-g10000-2,25135.625,29626,0.00010460000339662656,5.230000169831328e-05,5.230000169831328e-05,0.04581250000046566,ok,-15.156873,15.156873
Chien,TSP-triangular-n1000-g1000-1,17607.934,19772,0.008189499996660743,0.0040947499983303715,0.0040947499983303715,10.944736899997224,ok,-10.9451065,10.9451065
Chien,TSP-triangular-n20-g1000-3,2076.4922,2495,9.180000051856041e-05,4.5900000259280205e-05,4.5900000259280205e-05,0.24446329999773297,ok,-16.77386,16.77386
Chien,TSP-triangular-n1000-g1000-2,17974.148,20272,0.007876899995608255,0.003938449997804128,0.003938449997804128,16.009300699995947,ok,-11.3351,11.3351
Chien,TSP-triangular-n1000-g10000-5,177782.4,205708,0.003840700002911035,0.0019203500014555175,0.0019203500014555175,5.907596500008367,ok,-13.575356,13.575356
Chien,TSP-triangular-n200-g1000-2,7903.209,9061,0.00012119999882997945,6.0599999414989725e-05,6.0599999414989725e-05,1.067550299994764,ok,-12.77774,12.77774
Chien,TSP-triangular-n200-g1000-3,7818.88,9225,0.0001334000044153072,6.67000022076536e-05,6.67000022076536e-05,1.114441199999419,ok,-15.242495,15.242495
Chien,TSP-triangular-n200-g1000-1,8082.0386,9735,0.00012780000542989,6.3900002714945e-05,6.3900002714945e-05,0.7559660999977496,ok,-16.979574,16.979574
Chien,TSP-triangular-n1000-g10000-1,178951.86,197324,0.006110299997089896,0.003055149998544948,0.003055149998544948,132.96062800000072,ok,-9.310647,9.310647
Chien,TSP-triangular-n20-g10000-5,22507.32,27846,9.919999865815043e-05,4.959999932907522e-05,4.959999932907522e-05,0.042852600003243424,ok,-19.172161,19.172161
Chien,TSP-triangular-n100-g10000-4,55408.168,68053,0.00010940000356640667,5.4700001783203334e-05,5.4700001783203334e-05,0.3019534999912139,ok,-18.580858,18.580858
Chien,TSP-triangular-n200-g10000-1,79347.305,90972,0.00011800000356743112,5.900000178371556e-05,5.900000178371556e-05,2.7335846000059973,ok,-12.778322,12.778322
Chien,TSP-triangular-n1000-g1000-4,17871.836,20047,0.004625399997166824,0.002312699998583412,0.002312699998583412,9.97155620000558,ok,-10.850323,10.850323
Chien,TSP-triangular-n20-g1000-5,2366.492,3075,9.729999874252826e-05,4.864999937126413e-05,4.864999937126413e-05,0.2337998000002699,ok,-23.040913,23.040913
Chien,TSP-triangular-n200-g10000-5,78202.734,91566,0.0001494999960414134,7.47499980207067e-05,7.47499980207067e-05,1.3482274999987567,ok,-14.594134,14.594134
Chien,TSP-triangular-n20-g10000-4,25036.977,31057,7.499999628635123e-05,3.749999814317562e-05,3.749999814317562e-05,0.04405570001108572,ok,-19.38379,19.38379
Chien,TSP-triangular-n1000-g10000-2,179027.47,202479,0.007784200002788566,0.003892100001394283,0.003892100001394283,6.695150499988813,ok,-11.582204,11.582204
Chien,TSP-triangular-n1000-g1000-5,17668.527,19915,0.005485800000315066,0.002742900000157533,0.002742900000157533,8.671551999999792,ok,-11.280305,11.280305
Chien,TSP-triangular-n200-g1000-5,7520.6567,8953,0.00012250000145286322,6.125000072643161e-05,6.125000072643161e-05,1.166234300006181,ok,-15.998472,15.998472
Chien,TSP-triangular-n200-g10000-3,73913.23,88356,0.0001264000020455569,6.320000102277845e-05,6.320000102277845e-05,2.124054600004456,ok,-16.346115,16.346115
Chien,TSP-triangular-n30-g1000-1,2700.77,3241,0.00011069999891333282,5.534999945666641e-05,5.534999945666641e-05,0.12444400000094902,ok,-16.668621,16.668621
Chien,TSP-triangular-n30-g1000-2,2896.424,3350,9.950000094249845e-05,4.975000047124922e-05,4.975000047124922e-05,0.1264783999940846,ok,-13.539579,13.539579
Chien,TSP-triangular-n1000-g10000-3,179917.34,205982,0.0024618000024929643,0.0012309000012464821,0.0012309000012464821,6.929742799999076,ok,-12.6538515,12.6538515
Chien,TSP-triangular-n1000-g1000-3,17850.318,20380,0.008114199998090044,0.004057099999045022,0.004057099999045022,21.08291569998255,ok,-12.41257,12.41257
Chien,TSP-triangular-n1000-g10000-4,178815.0,196710,0.010721099999500439,0.005360549999750219,0.005360549999750219,11.940346799994586,ok,-9.097148,9.097148
Chien,TSP-triangular-n30-g1000-3,2779.5957,3361,0.00010779999865917489,5.3899999329587445e-05,5.3899999329587445e-05,0.17098349999287166,ok,-17.298552,17.298552
Chien,TSP-triangular-n30-g1000-4,3025.5288,3398,7.000000186963007e-05,3.5000000934815034e-05,3.5000000934815034e-05,0.09376570000313222,ok,-10.961483,10.961483
Chien,TSP-triangular-n20-g10000-1,25885.309,35657,8.069999603321776e-05,4.034999801660888e-05,4.034999801660888e-05,0.06495269999140874,ok,-27.404694,27.404694
Chien,TSP-triangular-n30-g10000-5,28780.719,35090,9.839999984251335e-05,4.9199999921256676e-05,4.9199999921256676e-05,0.06956070000887848,ok,-17.980284,17.980284
Chien,TSP-triangular-n300-g1000-2,9588.068,11007,0.0009773999991011806,0.0004886999995505903,0.0004886999995505903,1.008043900001212,ok,-12.891175,12.891175
Chien,TSP-triangular-n200-g10000-4,78944.74,93564,0.00011899999663000926,5.949999831500463e-05,5.949999831500463e-05,2.433846399988397,ok,-15.624875,15.624875
Chien,TSP-triangular-n30-g1000-5,3194.2202,3693,9.020000288728625e-05,4.510000144364312e-05,4.510000144364312e-05,0.17220099999394733,ok,-13.506086,13.506086
Chien,TSP-triangular-n200-g10000-2,77305.81,89508,0.00012029999925289303,6.0149999626446515e-05,6.0149999626446515e-05,1.5262900000088848,ok,-13.63251,13.63251
Chien,TSP-triangular-n30-g10000-1,29244.61,37316,7.6299998909235e-05,3.81499994546175e-05,3.81499994546175e-05,0.14686369999253657,ok,-21.629839,21.629839
Chien,TSP-triangular-n30-g10000-4,26876.127,33844,8.160000288626179e-05,4.0800001443130895e-05,4.0800001443130895e-05,0.06943580000370275,ok,-20.588207,20.588207
Chien,TSP-triangular-n200-g1000-4,7822.2505,8925,0.00011340000492054969,5.6700002460274845e-05,5.6700002460274845e-05,0.32579509999777656,ok,-12.355737,12.355737
Chien,TSP-triangular-n40-g1000-1,3425.882,4295,8.089999755611643e-05,4.0449998778058216e-05,4.0449998778058216e-05,0.055843199996161275,ok,-20.235575,20.235575
Chien,TSP-triangular-n300-g10000-5,92425.516,107321,0.0007693000006838702,0.0003846500003419351,0.0003846500003419351,2.4188916999992216,ok,-13.879375,13.879375
Chien,TSP-triangular-n30-g10000-2,27504.762,32698,8.97999998414889e-05,4.489999992074445e-05,4.489999992074445e-05,0.048004199998104014,ok,-15.882434,15.882434
Chien,TSP-triangular-n300-g1000-1,9604.077,11168,0.0022547999978996813,0.0011273999989498407,0.0011273999989498407,2.491443299993989,ok,-14.003608,14.003608
Chien,TSP-triangular-n30-g10000-3,31830.496,37780,0.00010749999637482688,5.374999818741344e-05,5.374999818741344e-05,0.054408099997090176,ok,-15.74776,15.74776
Chien,TSP-triangular-n40-g10000-5,32400.11,41802,7.380000170087442e-05,3.690000085043721e-05,3.690000085043721e-05,0.08674750001227949,ok,-22.491486,22.491486
Chien,TSP-triangular-n40-g1000-3,3433.6433,3804,9.140000474872068e-05,4.570000237436034e-05,4.570000237436034e-05,0.09667120000813156,ok,-9.735981,9.735981
Chien,TSP-triangular-n40-g10000-3,36117.707,45773,8.540000271750614e-05,4.270000135875307e-05,4.270000135875307e-05,0.2046981000021333,ok,-21.09386,21.09386
Chien,TSP-triangular-n40-g1000-5,3580.968,4247,8.459999662591144e-05,4.229999831295572e-05,4.229999831295572e-05,0.09142700000666082,ok,-15.682411,15.682411
Chien,TSP-triangular-n300-g10000-3,96838.05,112247,0.004149399996094871,0.0020746999980474357,0.0020746999980474357,2.5403442999959225,ok,-13.72772,13.72772
Chien,TSP-triangular-n300-g1000-4,9794.547,11224,0.002062100000330247,0.0010310500001651235,0.0010310500001651235,3.746195200001239,ok,-12.735684,12.735684
Chien,TSP-triangular-n40-g10000-2,37274.332,47799,8.81000014487654e-05,4.40500007243827e-05,4.40500007243827e-05,0.10280029999557883,ok,-22.018595,22.018595
Chien,TSP-triangular-n300-g1000-5,9752.26,11239,0.002842699999746401,0.0014213499998732004,0.0014213499998732004,1.7380294000031427,ok,-13.228403,13.228403
Chien,TSP-triangular-n300-g10000-4,96946.39,110649,0.001774100004695356,0.000887050002347678,0.000887050002347678,2.96442869999737,ok,-12.383853,12.383853
Chien,TSP-triangular-n40-g10000-4,36930.656,45634,8.550000347895548e-05,4.275000173947774e-05,4.275000173947774e-05,0.1724466999876313,ok,-19.07206,19.07206
Chien,TSP-triangular-n40-g10000-1,36319.867,43067,7.860000187065452e-05,3.930000093532726e-05,3.930000093532726e-05,0.07712709999759682,ok,-15.666595,15.666595
Chien,TSP-triangular-n300-g1000-3,9951.733,11378,0.0033374999984516762,0.0016687499992258381,0.0016687499992258381,3.774108800003887,ok,-12.535301,12.535301
Chien,TSP-triangular-n400-g1000-3,11373.31,12850,0.0010085999965667725,0.0005042999982833862,0.0005042999982833862,2.17433809999784,ok,-11.491755,11.491755
Chien,TSP-triangular-n40-g1000-4,3341.912,3979,8.520000119460747e-05,4.260000059730373e-05,4.260000059730373e-05,0.07051160000264645,ok,-16.011255,16.011255
Chien,TSP-triangular-n400-g1000-1,10982.412,12520,0.0023016999984974973,0.0011508499992487486,0.0011508499992487486,2.2337031999923056,ok,-12.281054,12.281054
Chien,TSP-triangular-n5-g10000-1,8229.916,11428,9.809999755816534e-05,4.904999877908267e-05,4.904999877908267e-05,0.24099400000704918,ok,-27.984634,27.984634
Chien,TSP-triangular-n40-g1000-2,3344.3018,3874,7.980000373208895e-05,3.990000186604448e-05,3.990000186604448e-05,0.08352030000241939,ok,-13.673161,13.673161
Chien,TSP-triangular-n5-g1000-3,908.5177,1381,8.030000026337802e-05,4.015000013168901e-05,4.015000013168901e-05,0.04630909999832511,ok,-34.21306,34.21306
Chien,TSP-triangular-n300-g10000-1,98579.305,109011,0.0027990999951725826,0.0013995499975862913,0.0013995499975862913,41.04750159999821,ok,-9.569397,9.569397
Chien,TSP-triangular-n300-g10000-2,98218.82,115621,0.0015660999997635372,0.0007830499998817686,0.0007830499998817686,2.6061027999967337,ok,-15.051055,15.051055
Chien,TSP-triangular-n400-g10000-4,107623.52,123162,0.002377200005867053,0.0011886000029335264,0.0011886000029335264,2.1948649999976624,ok,-12.616292,12.616292
Chien,TSP-triangular-n5-g10000-2,11707.736,17062,9.479999425821006e-05,4.739999712910503e-05,4.739999712910503e-05,0.14757549999922048,ok,-31.38122,31.38122
Chien,TSP-triangular-n400-g1000-5,11150.822,12738,0.002772399995592423,0.0013861999977962114,0.0013861999977962114,1.881639899991569,ok,-12.46018,12.46018
Chien,TSP-triangular-n50-g1000-1,3768.38,4338,0.00011130000348202884,5.565000174101442e-05,5.565000174101442e-05,0.06495460000587627,ok,-13.1309395,13.1309395
Chien,TSP-triangular-n5-g1000-4,1115.5347,1745,0.00010260000271955505,5.1300001359777525e-05,5.1300001359777525e-05,0.042673100004321896,ok,-36.07251,36.07251
Chien,TSP-triangular-n5-g1000-1,1211.8895,1758,7.170000026235357e-05,3.5850000131176785e-05,3.5850000131176785e-05,0.04504799999995157,ok,-31.064304,31.064304
Chien,TSP-triangular-n50-g1000-3,3944.8945,4846,0.00010929999552899972,5.464999776449986e-05,5.464999776449986e-05,0.2460060000012163,ok,-18.59483,18.59483
Chien,TSP-triangular-n5-g10000-5,11013.945,15758,7.94000006862916e-05,3.97000003431458e-05,3.97000003431458e-05,0.3198285999969812,ok,-30.10569,30.10569
Chien,TSP-triangular-n400-g1000-4,11085.752,12332,0.0012602999995579012,0.0006301499997789506,0.0006301499997789506,12.060511299991049,ok,-10.105806,10.105806
Chien,TSP-triangular-n5-g1000-2,929.09436,1344,7.870000263210386e-05,3.935000131605193e-05,3.935000131605193e-05,0.04627679999975953,ok,-30.870956,30.870956
Chien,TSP-triangular-n400-g10000-5,112340.766,129463,0.0029284999982337467,0.0014642499991168734,0.0014642499991168734,6.912994600003003,ok,-13.225581,13.225581
Chien,TSP-triangular-n400-g10000-1,113589.74,128847,0.0036399000018718652,0.0018199500009359326,0.0018199500009359326,13.632044999991194,ok,-11.841376,11.841376
Chien,TSP-triangular-n50-g1000-4,3451.2637,4059,0.00010119999933522195,5.059999966761097e-05,5.059999966761097e-05,0.13579709999612533,ok,-14.972563,14.972563
Chien,TSP-triangular-n50-g1000-5,4000.4683,4907,9.519999730400741e-05,4.7599998652003706e-05,4.7599998652003706e-05,0.1487860999914119,ok,-18.474255,18.474255
Chien,TSP-triangular-n400-g10000-3,112859.055,127744,0.003125300005194731,0.0015626500025973655,0.0015626500025973655,4.949057600009837,ok,-11.652168,11.652168
Chien,TSP-triangular-n5-g1000-5,1178.6184,1750,6.940000457689166e-05,3.470000228844583e-05,3.470000228844583e-05,0.05020599999988917,ok,-32.650375,32.650375
Chien,TSP-triangular-n50-g10000-2,38729.11,46650,9.23000043258071e-05,4.615000216290355e-05,4.615000216290355e-05,0.09743819999857806,ok,-16.9794,16.9794
Chien,TSP-triangular-n400-g1000-2,11629.37,13224,0.0020440000007511117,0.0010220000003755558,0.0010220000003755558,3.211410399992019,ok,-12.058604,12.058604
Chien,TSP-triangular-n50-g10000-1,37012.04,46407,0.00010679999832063913,5.339999916031957e-05,5.339999916031957e-05,0.052172499999869615,ok,-20.244707,20.244707
Chien,TSP-triangular-n5-g10000-4,8903.06,12844,9.109999518841505e-05,4.5549997594207525e-05,4.5549997594207525e-05,0.18117979999806266,ok,-30.683125,30.683125
Chien,TSP-triangular-n5-g10000-3,12945.975,19319,0.00011100000119768083,5.5500000598840415e-05,5.5500000598840415e-05,0.2645178999955533,ok,-32.98838,32.98838
Chien,TSP-triangular-n50-g1000-2,4050.461,5483,0.00011199999426025897,5.5999997130129486e-05,5.5999997130129486e-05,0.11680249999335501,ok,-26.12692,26.12692
Chien,TSP-triangular-n50-g10000-4,36803.33,48902,9.839999984251335e-05,4.9199999921256676e-05,4.9199999921256676e-05,0.09900149999884889,ok,-24.740648,24.740648
Chien,TSP-triangular-n500-g1000-5,12169.609,14014,0.0010412999981781468,0.0005206499990890734,0.0005206499990890734,3.115116200002376,ok,-13.161057,13.161057
Chien,TSP-triangular-n60-g1000-2,3857.3682,4613,0.00010309999925084412,5.154999962542206e-05,5.154999962542206e-05,0.08776949999446515,ok,-16.380486,16.380486
Chien,TSP-triangular-n50-g10000-3,36660.434,43900,8.820000221021473e-05,4.410000110510737e-05,4.410000110510737e-05,0.20294609999109525,ok,-16.49104,16.49104
Chien,TSP-triangular-n500-g1000-2,12903.909,14529,0.0016947000040090643,0.0008473500020045321,0.0008473500020045321,4.0448090999998385,ok,-11.185153,11.185153
Chien,TSP-triangular-n60-g1000-1,4030.4863,4846,0.00010489999840501696,5.244999920250848e-05,5.244999920250848e-05,0.0886711000057403,ok,-16.828594,16.828594
Chien,TSP-triangular-n60-g10000-2,40520.2,51895,9.900000441120937e-05,4.950000220560469e-05,4.950000220560469e-05,0.5443800000066403,ok,-21.918877,21.918877
Chien,TSP-triangular-n400-g10000-2,113818.83,129865,0.006324699999822769,0.0031623499999113847,0.0031623499999113847,2.9551033999887295,ok,-12.356041,12.356041
Chien,TSP-triangular-n60-g1000-4,4220.4854,5177,9.279999358113855e-05,4.6399996790569276e-05,4.6399996790569276e-05,0.0976686000067275,ok,-18.476234,18.476234
Chien,TSP-triangular-n500-g1000-1,12489.36,14028,0.0014936000006855465,0.0007468000003427733,0.0007468000003427733,5.66844459999993,ok,-10.968347,10.968347
Chien,TSP-triangular-n60-g1000-5,4130.33,4874,8.380000508623198e-05,4.190000254311599e-05,4.190000254311599e-05,0.15846800000872463,ok,-15.257898,15.257898
Chien,TSP-triangular-n500-g10000-4,126250.24,144399,0.00434780000068713,0.002173900000343565,0.002173900000343565,3.104352900001686,ok,-12.568479,12.568479
Chien,TSP-triangular-n50-g10000-5,38775.54,49518,7.380000170087442e-05,3.690000085043721e-05,3.690000085043721e-05,0.16690169999492355,ok,-21.694052,21.694052
Chien,TSP-triangular-n500-g10000-2,128557.5,143076,0.000509900004544761,0.0002549500022723805,0.0002549500022723805,2.948923800009652,ok,-10.147404,10.147404
Chien,TSP-triangular-n60-g1000-3,4301.5303,5110,8.910000178730115e-05,4.4550000893650576e-05,4.4550000893650576e-05,0.04806480000843294,ok,-15.821325,15.821325
Chien,TSP-triangular-n60-g10000-1,41833.574,45853,8.800000068731606e-05,4.400000034365803e-05,4.400000034365803e-05,0.11440600000787526,ok,-8.765895,8.765895
Chien,TSP-triangular-n60-g10000-4,46340.887,55542,9.249999857274815e-05,4.624999928637408e-05,4.624999928637408e-05,0.08855970000149682,ok,-16.566046,16.566046
Chien,TSP-triangular-n60-g10000-5,39338.81,48847,0.00011500000255182385,5.750000127591193e-05,5.750000127591193e-05,0.19009879999794066,ok,-19.465252,19.465252
Chien,TSP-triangular-n60-g10000-3,41060.46,48354,8.649999654153362e-05,4.324999827076681e-05,4.324999827076681e-05,0.14357310000923462,ok,-15.0836315,15.0836315
Chien,TSP-triangular-n500-g10000-1,122403.375,143657,0.0017756999950506724,0.0008878499975253362,0.0008878499975253362,6.635692500000005,ok,-14.794702,14.794702
Chien,TSP-triangular-n500-g10000-5,124082.695,139987,0.0029705999986617826,0.0014852999993308913,0.0014852999993308913,2.9702507000038167,ok,-11.361273,11.361273
Chien,TSP-triangular-n600-g1000-4,13812.612,15522,0.005322599994542543,0.0026612999972712714,0.0026612999972712714,6.9041484000044875,ok,-11.012677,11.012677
Chien,TSP-triangular-n600-g1000-1,13547.32,15806,0.004422400001203641,0.0022112000006018206,0.0022112000006018206,45.856991599997855,ok,-14.290014,14.290014
Chien,TSP-triangular-n70-g1000-1,4478.212,5521,9.660000068834051e-05,4.830000034417026e-05,4.830000034417026e-05,0.1724135000113165,ok,-18.887667,18.887667
Chien,TSP-triangular-n500-g1000-4,12577.261,14057,0.00861080000322545,0.004305400001612725,0.004305400001612725,3.4482494999974733,ok,-10.526707,10.526707
Chien,TSP-triangular-n500-g1000-3,12815.25,14195,0.0033752000017557293,0.0016876000008778647,0.0016876000008778647,11.466740000003483,ok,-9.719972,9.719972
Chien,TSP-triangular-n70-g1000-2,4617.898,5701,0.0003347999954712577,0.00016739999773562886,0.00016739999773562886,0.18300499999895692,ok,-18.998457,18.998457
Chien,TSP-triangular-n600-g1000-2,13573.306,16046,0.0075962000046274625,0.0037981000023137312,0.0037981000023137312,4.9067257000133395,ok,-15.410036,15.410036
Chien,TSP-triangular-n70-g10000-3,47403.266,54235,0.00011269999959040433,5.6349999795202166e-05,5.6349999795202166e-05,0.3002564999915194,ok,-12.596541,12.596541
Chien,TSP-triangular-n70-g10000-2,46842.027,56787,9.359999967273325e-05,4.6799999836366624e-05,4.6799999836366624e-05,0.11678070000198204,ok,-17.512762,17.512762
Chien,TSP-triangular-n500-g10000-3,124053.664,145292,0.004542800001217984,0.002271400000608992,0.002271400000608992,7.8267557000071974,ok,-14.617692,14.617692
Chien,TSP-triangular-n70-g1000-4,4522.8755,5300,0.00010350000229664147,5.1750001148320735e-05,5.1750001148320735e-05,0.6405033000046387,ok,-14.662726,14.662726
Chien,TSP-triangular-n70-g1000-5,4617.6514,5696,9.589999535819516e-05,4.794999767909758e-05,4.794999767909758e-05,0.19288760000199545,ok,-18.931683,18.931683
Chien,TSP-triangular-n600-g10000-2,137058.05,151962,0.005889400003070477,0.0029447000015352387,0.0029447000015352387,93.19249869999476,ok,-9.807684,9.807684
Chien,TSP-triangular-n70-g10000-4,40186.117,48957,9.7999996796716e-05,4.8999998398358e-05,4.8999998398358e-05,0.20488280001154635,ok,-17.915483,17.915483
Chien,TSP-triangular-n600-g10000-5,135977.7,150832,0.005563400001847185,0.0027817000009235926,0.0027817000009235926,3.6550115999998525,ok,-9.84824,9.84824
Chien,TSP-triangular-n600-g10000-4,138279.84,156311,0.004522399998677429,0.0022611999993387144,0.0022611999993387144,9.489981899998384,ok,-11.535437,11.535437
Chien,TSP-triangular-n600-g10000-3,138052.1,159604,0.007363299999269657,0.0036816499996348284,0.0036816499996348284,12.190634099999443,ok,-13.503363,13.503363
Chien,TSP-triangular-n70-g10000-1,47702.24,57680,0.0001021999996737577,5.109999983687885e-05,5.109999983687885e-05,0.21034649999637622,ok,-17.298477,17.298477
Chien,TSP-triangular-n70-g10000-5,43056.17,52757,0.00012140000035287812,6.070000017643906e-05,6.070000017643906e-05,0.2537753999931738,ok,-18.387756,18.387756
Chien,TSP-triangular-n70-g1000-3,4365.281,5254,0.0001097999993362464,5.48999996681232e-05,5.48999996681232e-05,0.15349199999764096,ok,-16.915098,16.915098
Chien,TSP-triangular-n600-g1000-5,13828.559,15644,0.009655699999711942,0.004827849999855971,0.004827849999855971,3.5216347000095993,ok,-11.604713,11.604713
Chien,TSP-triangular-n600-g10000-1,136835.23,155075,0.004222299998218659,0.0021111499991093297,0.0021111499991093297,3.1264514999929816,ok,-11.761899,11.761899
Chien,TSP-triangular-n8-g1000-2,1309.6667,1775,8.600000001024455e-05,4.3000000005122274e-05,4.3000000005122274e-05,0.04904339999484364,ok,-26.215958,26.215958
Chien,TSP-triangular-n8-g10000-3,14719.392,21627,0.00011609999637585133,5.8049998187925667e-05,5.8049998187925667e-05,0.24997910000092816,ok,-31.939745,31.939745
Chien,TSP-triangular-n700-g1000-1,14875.35,16864,0.0026948000013362616,0.0013474000006681308,0.0013474000006681308,7.726878000001307,ok,-11.792282,11.792282
Chien,TSP-triangular-n8-g1000-3,1194.147,1619,8.130000060191378e-05,4.065000030095689e-05,4.065000030095689e-05,0.05223739999928512,ok,-26.241693,26.241693
Chien,TSP-triangular-n700-g1000-4,14503.656,16508,0.005764600005932152,0.002882300002966076,0.002882300002966076,7.460118999995757,ok,-12.141651,12.141651
Chien,TSP-triangular-n700-g1000-2,14799.534,17552,0.005092300001706462,0.002546150000853231,0.002546150000853231,6.4097978999925544,ok,-15.68178,15.68178
Chien,TSP-triangular-n600-g1000-3,13553.293,15578,0.011646200000541285,0.005823100000270642,0.005823100000270642,5.28204820000974,ok,-12.99722,12.99722
Chien,TSP-triangular-n700-g10000-1,147938.6,165609,0.0020989999975427054,0.0010494999987713527,0.0010494999987713527,7.2020444000081625,ok,-10.669955,10.669955
Chien,TSP-triangular-n8-g1000-1,846.0044,1314,8.86999987415038e-05,4.43499993707519e-05,4.43499993707519e-05,0.05374200000369456,ok,-35.616104,35.616104
Chien,TSP-triangular-n8-g1000-4,1616.3042,2074,8.779999916441739e-05,4.389999958220869e-05,4.389999958220869e-05,0.04027050000149757,ok,-22.068264,22.068264
Chien,TSP-triangular-n8-g1000-5,1510.6655,2029,0.00028619999648071826,0.00014309999824035913,0.00014309999824035913,0.04905210000288207,ok,-25.546303,25.546303
Chien,TSP-triangular-n700-g1000-3,15112.223,16809,0.006241700000828132,0.003120850000414066,0.003120850000414066,6.711527799998294,ok,-10.094457,10.094457
Chien,TSP-triangular-n80-g10000-4,47749.9,56945,0.00010869999823626131,5.4349999118130654e-05,5.4349999118130654e-05,0.1972465999861015,ok,-16.147337,16.147337
Chien,TSP-triangular-n8-g10000-1,19677.16,26604,9.100000170292333e-05,4.5500000851461664e-05,4.5500000851461664e-05,0.18472300001303665,ok,-26.036835,26.036835
Chien,TSP-triangular-n8-g10000-4,10462.729,15217,9.480000153416768e-05,4.740000076708384e-05,4.740000076708384e-05,0.20011279999744147,ok,-31.243156,31.243156
Chien,TSP-triangular-n80-g10000-1,51570.066,58176,9.410000347997993e-05,4.7050001739989966e-05,4.7050001739989966e-05,0.2145435999991605,ok,-11.355084,11.355084
Chien,TSP-triangular-n80-g1000-4,4780.054,5557,9.229999704984948e-05,4.614999852492474e-05,4.614999852492474e-05,0.332275100008701,ok,-13.981388,13.981388
Chien,TSP-triangular-n8-g10000-2,15298.83,19937,7.840000034775585e-05,3.9200000173877925e-05,3.9200000173877925e-05,0.17040339999948628,ok,-23.264132,23.264132
Chien,TSP-triangular-n80-g1000-1,5019.7666,5903,9.419999696547166e-05,4.709999848273583e-05,4.709999848273583e-05,0.15698970000084955,ok,-14.96245,14.96245
Chien,TSP-triangular-n700-g1000-5,14882.55,16781,0.0029566000011982396,0.0014783000005991198,0.0014783000005991198,9.37491769999906,ok,-11.313093,11.313093
Chien,TSP-triangular-n700-g10000-2,149913.27,170555,0.004572400001052301,0.0022862000005261507,0.0022862000005261507,7.9023043000051985,ok,-12.102685,12.102685
Chien,TSP-triangular-n80-g1000-3,5042.497,5680,9.88000028883107e-05,4.940000144415535e-05,4.940000144415535e-05,0.17408609999984037,ok,-11.223643,11.223643
Chien,TSP-triangular-n700-g10000-4,150557.31,168575,0.002446799997414928,0.001223399998707464,0.001223399998707464,12.31795919999422,ok,-10.688231,10.688231
Chien,TSP-triangular-n8-g10000-5,12558.002,17025,7.800000457791612e-05,3.900000228895806e-05,3.900000228895806e-05,0.17248759999347385,ok,-26.237875,26.237875
Chien,TSP-triangular-n80-g1000-2,4937.3296,5510,9.100000170292333e-05,4.5500000851461664e-05,4.5500000851461664e-05,0.12456039999960922,ok,-10.393292,10.393292
Chien,TSP-triangular-n80-g10000-5,50657.215,59184,8.759999764151871e-05,4.3799998820759356e-05,4.3799998820759356e-05,0.399158999993233,ok,-14.407248,14.407248
Chien,TSP-triangular-n80-g10000-3,46938.58,53360,0.00010689999908208847,5.3449999541044235e-05,5.3449999541044235e-05,0.21756839999579825,ok,-12.034149,12.034149
Chien,TSP-triangular-n700-g10000-5,148642.31,172370,0.007278999997652136,0.003639499998826068,0.003639499998826068,3.419658900005743,ok,-13.765555,13.765555
Chien,TSP-triangular-n80-g10000-2,49885.89,59114,0.00011529999756021425,5.7649998780107126e-05,5.7649998780107126e-05,0.49646260000008624,ok,-15.610701,15.610701
Chien,TSP-triangular-n700-g10000-3,148500.73,169069,0.01292950000060955,0.006464750000304775,0.006464750000304775,7.961432399999467,ok,-12.165605,12.165605
Chien,TSP-triangular-n80-g1000-5,4566.691,5522,9.900000441120937e-05,4.950000220560469e-05,4.950000220560469e-05,0.4272350999963237,ok,-17.300056,17.300056
Chien,TSP-triangular-n90-g1000-3,5154.731,5966,0.0003304999991087243,0.00016524999955436215,0.00016524999955436215,0.22211000000243075,ok,-13.5982065,13.5982065
Chien,TSP-triangular-n90-g10000-2,54742.836,61981,0.00011790000280598179,5.895000140299089e-05,5.895000140299089e-05,0.14761269999144133,ok,-11.678037,11.678037
Chien,TSP-triangular-n90-g1000-4,5052.5425,6208,0.00010069999552797526,5.034999776398763e-05,5.034999776398763e-05,0.43298569999751635,ok,-18.612394,18.612394
Chien,TSP-triangular-n90-g10000-5,52281.85,61451,8.800000068731606e-05,4.400000034365803e-05,4.400000034365803e-05,0.16202280001016334,ok,-14.921072,14.921072
Chien,TSP-triangular-n90-g1000-5,4984.4106,6030,8.38999985717237e-05,4.194999928586185e-05,4.194999928586185e-05,0.2079177000123309,ok,-17.33979,17.33979
Chien,TSP-triangular-n90-g1000-1,5166.117,6039,0.00010900000052060932,5.450000026030466e-05,5.450000026030466e-05,0.20739029999822378,ok,-14.454095,14.454095
Chien,TSP-triangular-n90-g10000-4,51093.746,59885,7.989999721758068e-05,3.994999860879034e-05,3.994999860879034e-05,0.22859369999787305,ok,-14.680227,14.680227
Chien,TSP-triangular-n800-g1000-2,15883.126,18451,0.005929200000537094,0.002964600000268547,0.002964600000268547,5.090998200001195,ok,-13.917261,13.917261
Chien,TSP-triangular-n800-g1000-1,16192.345,17965,0.009438799999770708,0.004719399999885354,0.004719399999885354,8.938091000003624,ok,-9.867271,9.867271
Chien,TSP-triangular-n90-g10000-1,47717.96,55385,0.00011809999705292284,5.904999852646142e-05,5.904999852646142e-05,0.18369230000826064,ok,-13.843168,13.843168
Chien,TSP-triangular-n90-g1000-2,5122.2285,5988,0.00010490000568097457,5.2450002840487286e-05,5.2450002840487286e-05,0.34770389999903273,ok,-14.458442,14.458442
Chien,TSP-triangular-n90-g10000-3,50248.676,60895,0.0011670999956550077,0.0005835499978275038,0.0005835499978275038,0.19248489999154117,ok,-17.483084,17.483084
Chien,TSP-triangular-n800-g10000-4,155378.69,176100,0.008876300002157222,0.004438150001078611,0.004438150001078611,4.883046899994952,ok,-11.766788,11.766788
Chien,TSP-triangular-n800-g1000-3,15790.778,17783,0.011072299996158108,0.005536149998079054,0.005536149998079054,6.102861600011238,ok,-11.202956,11.202956
Chien,TSP-triangular-n800-g10000-3,157041.53,177229,0.010473399997863453,0.0052366999989317264,0.0052366999989317264,13.314660100004403,ok,-11.390613,11.390613
Chien,TSP-triangular_squeezed-n10-g1000-1,1420.1287,1897,8.469999738736078e-05,4.234999869368039e-05,4.234999869368039e-05,0.041447099996730685,ok,-25.138184,25.138184
Chien,TSP-triangular-n900-g1000-3,17385.766,19239,0.003947299999708775,0.0019736499998543877,0.0019736499998543877,8.780879300000379,ok,-9.632696,9.632696
Chien,TSP-triangular-n800-g1000-4,15740.577,18099,0.0064978000009432435,0.0032489000004716218,0.0032489000004716218,7.381425700004911,ok,-13.030681,13.030681
Chien,TSP-triangular-n800-g1000-5,15914.838,18489,0.008987100001832005,0.004493550000916002,0.004493550000916002,14.631282200003625,ok,-13.9226675,13.9226675
Chien,TSP-triangular-n800-g10000-2,157527.55,179821,0.008220399999117944,0.004110199999558972,0.004110199999558972,121.25551290001022,ok,-12.39758,12.39758
Chien,TSP-triangular_squeezed-n10-g1000-4,1821.3636,2475,9.1200003225822e-05,4.5600001612911e-05,4.5600001612911e-05,0.12400070000148844,ok,-26.409548,26.409548
Chien,TSP-triangular_squeezed-n10-g10000-1,15587.98,20571,9.539999882690609e-05,4.769999941345304e-05,4.769999941345304e-05,0.03846589999739081,ok,-24.223516,24.223516
Chien,TSP-triangular-n800-g10000-1,157403.02,181268,0.008700899998075329,0.004350449999037664,0.004350449999037664,8.98983330000192,ok,-13.16558,13.16558
Chien,TSP-triangular_squeezed-n10-g1000-5,1477.4236,2002,9.119999594986439e-05,4.5599997974932194e-05,4.5599997974932194e-05,0.07593989999440964,ok,-26.20262,26.20262
Chien,TSP-triangular-n900-g1000-1,16792.475,19174,0.004808999998203944,0.002404499999101972,0.002404499999101972,7.122879700007616,ok,-12.420598,12.420598
Chien,TSP-triangular_squeezed-n100-g1000-1,5246.59,6370,0.00011480000102892518,5.740000051446259e-05,5.740000051446259e-05,1.9238444000075106,ok,-17.635952,17.635952
Chien,TSP-triangular_squeezed-n10-g1000-2,1920.6079,2528,7.950000144774094e-05,3.975000072387047e-05,3.975000072387047e-05,0.06438250000064727,ok,-24.026587,24.026587
Chien,TSP-triangular-n900-g10000-1,170896.1,190576,0.005522799998288974,0.002761399999144487,0.002761399999144487,3.996182000002591,ok,-10.32654,10.32654
Chien,TSP-triangular-n900-g1000-2,17333.594,19485,0.00792619999992894,0.00396309999996447,0.00396309999996447,104.54922740001348,ok,-11.041347,11.041347
Chien,TSP-triangular-n900-g1000-4,17055.621,19240,0.010662599997885991,0.0053312999989429954,0.0053312999989429954,15.13347440000507,ok,-11.353321,11.353321
Chien,TSP-triangular_squeezed-n10-g1000-3,1553.5273,2019,9.649999992689118e-05,4.824999996344559e-05,4.824999996344559e-05,0.0856701000011526,ok,-23.054615,23.054615
Chien,TSP-triangular_squeezed-n100-g1000-2,5343.0806,6078,0.00011850000009872019,5.9250000049360096e-05,5.9250000049360096e-05,0.463298799993936,ok,-12.091468,12.091468
Chien,TSP-triangular_squeezed-n10-g10000-5,15887.566,21801,0.00010359999578213319,5.1799997891066596e-05,5.1799997891066596e-05,0.04223679999995511,ok,-27.1246,27.1246
Chien,TSP-triangular_squeezed-n10-g10000-3,12872.816,19393,8.630000229459256e-05,4.315000114729628e-05,4.315000114729628e-05,0.08767369999259245,ok,-33.621326,33.621326
Chien,TSP-triangular-n800-g10000-5,160549.55,178130,0.010770300003059674,0.005385150001529837,0.005385150001529837,205.17986219999148,ok,-9.8694515,9.8694515
Chien,TSP-triangular_squeezed-n10-g10000-4,14055.241,18120,0.00010089999705087394,5.044999852543697e-05,5.044999852543697e-05,0.03860360001272056,ok,-22.432444,22.432444
Chien,TSP-triangular_squeezed-n100-g10000-2,51995.07,55501,9.329999738838524e-05,4.664999869419262e-05,4.664999869419262e-05,0.5888818000094034,ok,-6.3168764,6.3168764
Chien,TSP-triangular-n900-g10000-4,172327.58,192941,0.00358070000220323,0.001790350001101615,0.001790350001101615,10.341082500002813,ok,-10.683796,10.683796
Chien,TSP-triangular_squeezed-n100-g10000-4,55850.723,62391,0.00011359999916749075,5.6799999583745375e-05,5.6799999583745375e-05,0.7946131000062451,ok,-10.482725,10.482725
Chien,TSP-triangular_squeezed-n100-g10000-1,49909.234,57327,0.00011490000179037452,5.745000089518726e-05,5.745000089518726e-05,0.14629509999940637,ok,-12.939392,12.939392
Chien,TSP-triangular-n900-g10000-5,168769.86,189489,0.0025089999980991706,0.0012544999990495853,0.0012544999990495853,95.66667430000962,ok,-10.934218,10.934218
Chien,TSP-triangular_squeezed-n100-g10000-3,50274.86,55693,0.00010099999781232327,5.0499998906161636e-05,5.0499998906161636e-05,0.4897190000046976,ok,-9.728584,9.728584
Chien,TSP-triangular_squeezed-n10-g10000-2,15951.185,21839,8.540000271750614e-05,4.270000135875307e-05,4.270000135875307e-05,0.03964450000785291,ok,-26.960096,26.960096
Chien,TSP-triangular_squeezed-n100-g1000-5,5707.9634,6559,0.0001038999980664812,5.19499990332406e-05,5.19499990332406e-05,1.3573399000015343,ok,-12.975097,12.975097
Chien,TSP-triangular_squeezed-n100-g1000-4,5347.0576,6251,9.490000229561701e-05,4.745000114780851e-05,4.745000114780851e-05,0.3448382000060519,ok,-14.460765,14.460765
Chien,TSP-triangular_squeezed-n100-g10000-5,49568.18,55078,9.620000491850078e-05,4.810000245925039e-05,4.810000245925039e-05,0.3728717000049073,ok,-10.003668,10.003668
Chien,TSP-triangular_squeezed-n20-g1000-2,2158.8423,2761,0.00010569999722065404,5.284999861032702e-05,5.284999861032702e-05,0.07818630000110716,ok,-21.809406,21.809406
Chien,TSP-triangular_squeezed-n20-g1000-1,2290.3477,2829,8.189999789465219e-05,4.0949998947326094e-05,4.0949998947326094e-05,0.07145800000580493,ok,-19.04038,19.04038
Chien,TSP-triangular-n900-g1000-5,16986.635,18849,0.0132926000005682,0.0066463000002841,0.0066463000002841,7.954745499999262,ok,-9.8804455,9.8804455
Chien,TSP-triangular_squeezed-n1000-g1000-3,17260.973,18624,0.004201799994916655,0.0021008999974583276,0.0021008999974583276,22.387657400002354,ok,-7.3186607,7.3186607
Chien,TSP-triangular-n900-g10000-2,170583.84,193016,0.011590300004172605,0.005795150002086302,0.005795150002086302,246.75419380000676,ok,-11.621916,11.621916
Chien,TSP-triangular_squeezed-n100-g1000-3,5112.9727,5558,0.00010920000204350799,5.4600001021753997e-05,5.4600001021753997e-05,0.5930300000036368,ok,-8.006969,8.006969
Chien,TSP-triangular_squeezed-n20-g1000-5,2501.4116,2964,8.309999975608662e-05,4.154999987804331e-05,4.154999987804331e-05,0.045012600006884895,ok,-15.606895,15.606895
Chien,TSP-triangular_squeezed-n1000-g10000-1,178112.7,187045,0.005353400003514253,0.0026767000017571263,0.0026767000017571263,984.6872779999976,ok,-4.7754803,4.7754803
Chien,TSP-triangular_squeezed-n20-g1000-3,2374.141,3077,8.359999628737569e-05,4.1799998143687844e-05,4.1799998143687844e-05,0.09434680000413209,ok,-22.842342,22.842342
Chien,TSP-triangular_squeezed-n20-g10000-4,22513.44,26952,7.529999857069924e-05,3.764999928534962e-05,3.764999928534962e-05,0.042922900000121444,ok,-16.468391,16.468391
Chien,TSP-triangular-n900-g10000-3,169312.69,193123,0.01199320000159787,0.005996600000798935,0.005996600000798935,9.282404400000814,ok,-12.329092,12.329092
Chien,TSP-triangular_squeezed-n20-g10000-2,22368.83,30322,8.309999975608662e-05,4.154999987804331e-05,4.154999987804331e-05,0.06693089999316726,ok,-26.229042,26.229042
Chien,TSP-triangular_squeezed-n1000-g10000-2,173420.55,185473,0.0034653000038815662,0.0017326500019407831,0.0017326500019407831,18.66497129999334,ok,-6.498225,6.498225
Chien,TSP-triangular_squeezed-n200-g10000-2,77144.54,85045,0.00011519999679876491,5.759999839938246e-05,5.759999839938246e-05,1.6126064999989467,ok,-9.2897415,9.2897415
Chien,TSP-triangular_squeezed-n20-g10000-3,23378.973,27156,7.979999645613134e-05,3.989999822806567e-05,3.989999822806567e-05,0.06239939999068156,ok,-13.908629,13.908629
Chien,TSP-triangular_squeezed-n200-g1000-2,7481.9336,8405,0.00011640000593615696,5.820000296807848e-05,5.820000296807848e-05,0.5720157000032486,ok,-10.982348,10.982348
Chien,TSP-triangular_squeezed-n20-g10000-1,23049.455,27243,8.439999510301277e-05,4.2199997551506385e-05,4.2199997551506385e-05,0.050989600000320934,ok,-15.393109,15.393109
Chien,TSP-triangular_squeezed-n30-g1000-1,2915.0383,3301,8.309999975608662e-05,4.154999987804331e-05,4.154999987804331e-05,0.05450779999955557,ok,-11.6922655,11.6922655
Chien,TSP-triangular_squeezed-n20-g10000-5,22534.582,30839,8.990000060293823e-05,4.495000030146912e-05,4.495000030146912e-05,0.07679279999865685,ok,-26.928299,26.928299
Chien,TSP-triangular_squeezed-n200-g1000-1,7367.722,8273,0.0001123000038205646,5.61500019102823e-05,5.61500019102823e-05,1.203820700000506,ok,-10.942558,10.942558
Chien,TSP-triangular_squeezed-n30-g1000-3,2489.9258,2876,9.530000534141436e-05,4.765000267070718e-05,4.765000267070718e-05,0.05725660000462085,ok,-13.423999,13.423999
Chien,TSP-triangular_squeezed-n1000-g1000-5,17436.059,18657,0.007798899998306297,0.0038994499991531484,0.0038994499991531484,18.499614100001054,ok,-6.5441465,6.5441465
Chien,TSP-triangular_squeezed-n200-g10000-3,72880.14,83172,0.00011420000373618677,5.7100001868093386e-05,5.7100001868093386e-05,1.6264150999923004,ok,-12.374188,12.374188
Chien,TSP-triangular_squeezed-n1000-g1000-4,16822.928,18919,0.005484499997692183,0.0027422499988460913,0.0027422499988460913,30.57855720000225,ok,-11.079191,11.079191
Chien,TSP-triangular_squeezed-n1000-g10000-3,171427.2,186679,0.0066107000020565465,0.0033053500010282733,0.0033053500010282733,195.5342582000012,ok,-8.170066,8.170066
Chien,TSP-triangular_squeezed-n30-g1000-4,2890.5857,3653,8.059999527176842e-05,4.029999763588421e-05,4.029999763588421e-05,0.07566170000063721,ok,-20.870909,20.870909
Chien,TSP-triangular_squeezed-n30-g1000-2,3436.6992,4110,9.090000094147399e-05,4.5450000470736995e-05,4.5450000470736995e-05,0.04398490001040045,ok,-16.382015,16.382015
Chien,TSP-triangular_squeezed-n1000-g1000-1,17624.336,18666,0.010076500002469402,0.005038250001234701,0.005038250001234701,12.057960800011642,ok,-5.5805426,5.5805426
Chien,TSP-triangular_squeezed-n200-g1000-3,7863.404,8935,0.00040109999827109277,0.00020054999913554639,0.00020054999913554639,0.7442269000021042,ok,-11.993242,11.993242
Chien,TSP-triangular_squeezed-n1000-g10000-5,173625.89,183843,0.00622049999947194,0.00311024999973597,0.00311024999973597,25.716037799982587,ok,-5.557519,5.557519
Chien,TSP-triangular_squeezed-n200-g10000-4,74741.945,87478,0.00013749999925494194,6.874999962747097e-05,6.874999962747097e-05,6.015568800008623,ok,-14.559152,14.559152
Chien,TSP-triangular_squeezed-n20-g1000-4,2033.9166,2613,9.519999730400741e-05,4.7599998652003706e-05,4.7599998652003706e-05,0.13602070001070388,ok,-22.16163,22.16163
Chien,TSP-triangular_squeezed-n200-g10000-5,77560.8,86666,0.0001173999989987351,5.869999949936755e-05,5.869999949936755e-05,1.1494477999949595,ok,-10.506084,10.506084
Chien,TSP-triangular_squeezed-n30-g10000-2,27490.613,32796,8.769999840296805e-05,4.3849999201484025e-05,4.3849999201484025e-05,0.05421800000476651,ok,-16.176931,16.176931
Chien,TSP-triangular_squeezed-n200-g1000-5,7415.208,8218,0.00013179999950807542,6.589999975403771e-05,6.589999975403771e-05,0.718381099999533,ok,-9.7687025,9.7687025
Chien,TSP-triangular_squeezed-n1000-g10000-4,176335.81,192554,0.007327999999688473,0.0036639999998442363,0.0036639999998442363,9.200077700021211,ok,-8.422669,8.422669
Chien,TSP-triangular_squeezed-n200-g10000-1,77942.48,85536,0.000127500003145542,6.3750001572771e-05,6.3750001572771e-05,3.1493176000076346,ok,-8.877576,8.877576
Chien,TSP-triangular_squeezed-n30-g10000-5,25972.127,31432,0.0003445999973337166,0.0001722999986668583,0.0001722999986668583,0.04266000000643544,ok,-17.370428,17.370428
Chien,TSP-triangular_squeezed-n30-g1000-5,2930.0369,3657,8.820000221021473e-05,4.410000110510737e-05,4.410000110510737e-05,0.10359929999685846,ok,-19.878675,19.878675
Chien,TSP-triangular_squeezed-n30-g10000-4,28158.35,34672,9.770000178832561e-05,4.8850000894162804e-05,4.8850000894162804e-05,0.0794954000011785,ok,-18.786486,18.786486
Chien,TSP-triangular_squeezed-n1000-g1000-2,16905.43,17963,0.015454800006409641,0.007727400003204821,0.007727400003204821,10.483574899990344,ok,-5.8874927,5.8874927
Chien,TSP-triangular_squeezed-n30-g10000-3,29009.717,32238,8.860000525601208e-05,4.430000262800604e-05,4.430000262800604e-05,0.09429989999625832,ok,-10.0139065,10.0139065
Chien,TSP-triangular_squeezed-n200-g1000-4,7694.459,8782,0.0001221999991685152,6.10999995842576e-05,6.10999995842576e-05,5.062674400003743,ok,-12.383751,12.383751
Chien,TSP-triangular_squeezed-n300-g1000-1,9841.093,10549,0.0026816000026883557,0.0013408000013441779,0.0013408000013441779,3.096262299994123,ok,-6.7106576,6.7106576
Chien,TSP-triangular_squeezed-n300-g1000-4,9382.133,10854,0.000858300001709722,0.000429150000854861,0.000429150000854861,1.9851769000088098,ok,-13.560597,13.560597
Chien,TSP-triangular_squeezed-n30-g10000-1,30546.469,37546,9.190000128000975e-05,4.595000064000487e-05,4.595000064000487e-05,0.056561000004876405,ok,-18.64255,18.64255
Chien,TSP-triangular_squeezed-n300-g1000-3,9323.388,10429,0.0007898000039858744,0.0003949000019929372,0.0003949000019929372,2.1763068000000203,ok,-10.601326,10.601326
Chien,TSP-triangular_squeezed-n300-g10000-4,91531.195,102245,0.0008195999980671331,0.00040979999903356656,0.00040979999903356656,2.857580700001563,ok,-10.47856,10.47856
Chien,TSP-triangular_squeezed-n40-g10000-1,34474.73,40258,9.680000221123919e-05,4.8400001105619594e-05,4.8400001105619594e-05,0.1326686999964295,ok,-14.365517,14.365517
Chien,TSP-triangular_squeezed-n40-g10000-4,31439.082,40547,9.560000034980476e-05,4.780000017490238e-05,4.780000017490238e-05,0.15058260000660084,ok,-22.462618,22.462618
Chien,TSP-triangular_squeezed-n300-g1000-2,9072.2,9476,0.001950300000316929,0.0009751500001584645,0.0009751500001584645,0.9884526999958325,ok,-4.2612896,4.2612896
Chien,TSP-triangular_squeezed-n40-g1000-4,3353.0032,3546,9.29000016185455e-05,4.645000080927275e-05,4.645000080927275e-05,0.054134999998495914,ok,-5.4426627,5.4426627
Chien,TSP-triangular_squeezed-n40-g1000-3,2966.9968,3194,0.0001109000004362315,5.545000021811575e-05,5.545000021811575e-05,0.12865769999916665,ok,-7.1071754,7.1071754
Chien,TSP-triangular_squeezed-n40-g1000-2,2520.4805,3166,7.989999721758068e-05,3.994999860879034e-05,3.994999860879034e-05,0.10236850001092535,ok,-20.38912,20.38912
Chien,TSP-triangular_squeezed-n400-g1000-1,10983.084,11566,0.0008288999961223453,0.00041444999806117266,0.00041444999806117266,2.148988000000827,ok,-5.0399103,5.0399103
Chien,TSP-triangular_squeezed-n40-g10000-3,25813.398,30535,7.429999823216349e-05,3.7149999116081744e-05,3.7149999116081744e-05,0.11017849999188911,ok,-15.462917,15.462917
Chien,TSP-triangular_squeezed-n300-g10000-1,95528.56,104360,0.0011987999969278462,0.0005993999984639231,0.0005993999984639231,3.4674130999919726,ok,-8.462474,8.462474
Chien,TSP-triangular_squeezed-n400-g1000-2,10795.766,11795,0.0030992999963928014,0.0015496499981964007,0.0015496499981964007,3.4248132000066107,ok,-8.471678,8.471678
Chien,TSP-triangular_squeezed-n400-g1000-3,10102.008,11097,0.001374500003294088,0.000687250001647044,0.000687250001647044,15.151830400005565,ok,-8.966317,8.966317
Chien,TSP-triangular_squeezed-n300-g10000-2,91888.01,104015,0.0039410000026691705,0.0019705000013345852,0.0019705000013345852,2.969500200008042,ok,-11.658888,11.658888
Chien,TSP-triangular_squeezed-n40-g10000-2,33956.64,41114,7.12000037310645e-05,3.560000186553225e-05,3.560000186553225e-05,0.11786309999297373,ok,-17.40857,17.40857
Chien,TSP-triangular_squeezed-n300-g10000-5,92990.71,103601,0.0011330999986967072,0.0005665499993483536,0.0005665499993483536,4.239763400008087,ok,-10.241493,10.241493
Chien,TSP-triangular_squeezed-n300-g10000-3,91016.34,103942,0.004316600003221538,0.002158300001610769,0.002158300001610769,1.9622209999943152,ok,-12.4354515,12.4354515
Chien,TSP-triangular_squeezed-n40-g10000-5,34059.895,39274,9.200000204145908e-05,4.600000102072954e-05,4.600000102072954e-05,0.15880609999294393,ok,-13.276227,13.276227
Chien,TSP-triangular_squeezed-n40-g1000-1,3257.8655,4071,9.519999730400741e-05,4.7599998652003706e-05,4.7599998652003706e-05,0.07142190000740811,ok,-19.973827,19.973827
Chien,TSP-triangular_squeezed-n400-g10000-3,109210.11,118302,0.00017419999494450167,8.709999747225083e-05,8.709999747225083e-05,3.261077400005888,ok,-7.685323,7.685323
Chien,TSP-triangular_squeezed-n5-g1000-3,1234.6914,1730,8.859999798005447e-05,4.4299998990027234e-05,4.4299998990027234e-05,0.041604300000471994,ok,-28.630554,28.630554
Chien,TSP-triangular_squeezed-n40-g1000-5,2719.0884,3350,8.449999586446211e-05,4.2249997932231054e-05,4.2249997932231054e-05,0.08958040000288747,ok,-18.833183,18.833183
Chien,TSP-triangular_squeezed-n400-g1000-4,10518.182,11632,0.004874099999142345,0.0024370499995711725,0.0024370499995711725,2.573381000009249,ok,-9.575467,9.575467
Chien,TSP-triangular_squeezed-n5-g10000-3,9583.211,13942,9.14999982342124e-05,4.57499991171062e-05,4.57499991171062e-05,0.1289604000048712,ok,-31.26373,31.26373
Chien,TSP-triangular_squeezed-n5-g1000-1,667.48254,1005,7.94000006862916e-05,3.97000003431458e-05,3.97000003431458e-05,0.1149547000095481,ok,-33.583824,33.583824
Chien,TSP-triangular_squeezed-n300-g1000-5,9834.905,10394,0.003653799998573959,0.0018268999992869794,0.0018268999992869794,3.329705099997227,ok,-5.379014,5.379014
Chien,TSP-triangular_squeezed-n50-g1000-3,3481.2861,4391,9.729999874252826e-05,4.864999937126413e-05,4.864999937126413e-05,0.2014558999944711,ok,-20.717693,20.717693
Chien,TSP-triangular_squeezed-n400-g10000-2,111952.7,123739,0.0010379000013926998,0.0005189500006963499,0.0005189500006963499,4.210296199991717,ok,-9.525127,9.525127
Chien,TSP-triangular_squeezed-n50-g1000-2,3536.29,4036,0.00010309999925084412,5.154999962542206e-05,5.154999962542206e-05,0.12124120000225957,ok,-12.381317,12.381317
Chien,TSP-triangular_squeezed-n400-g10000-5,105849.69,117853,0.000890600000275299,0.0004453000001376495,0.0004453000001376495,8.34035969999968,ok,-10.184987,10.184987
Chien,TSP-triangular_squeezed-n5-g1000-4,1063.5654,1571,9.080000018002465e-05,4.540000009001233e-05,4.540000009001233e-05,0.04405820000101812,ok,-32.3001,32.3001
Chien,TSP-triangular_squeezed-n5-g10000-4,11058.099,17151,8.479999814881012e-05,4.239999907440506e-05,4.239999907440506e-05,0.1389155000069877,ok,-35.52505,35.52505
Chien,TSP-triangular_squeezed-n5-g1000-2,1312.571,1736,8.720000187167898e-05,4.360000093583949e-05,4.360000093583949e-05,0.044669800001429394,ok,-24.39107,24.39107
Chien,TSP-triangular_squeezed-n400-g10000-1,111728.37,115579,0.005005500002880581,0.0025027500014402904,0.0025027500014402904,11.575960599991959,ok,-3.3316023,3.3316023
Chien,TSP-triangular_squeezed-n5-g10000-1,9977.397,14790,8.270000398624688e-05,4.135000199312344e-05,4.135000199312344e-05,0.1614218000031542,ok,-32.53957,32.53957
Chien,TSP-triangular_squeezed-n400-g10000-4,109377.055,122112,0.0016974000027403235,0.0008487000013701618,0.0008487000013701618,6.0863949000049615,ok,-10.4289055,10.4289055
Chien,TSP-triangular_squeezed-n50-g1000-5,3872.4583,4665,9.169999975711107e-05,4.5849999878555536e-05,4.5849999878555536e-05,0.050365100003546104,ok,-16.989105,16.989105
Chien,TSP-triangular_squeezed-n50-g10000-3,35002.766,41134,9.510000381851569e-05,4.7550001909257844e-05,4.7550001909257844e-05,0.14792210000450723,ok,-14.905516,14.905516
Chien,TSP-triangular_squeezed-n50-g1000-1,3394.1282,4000,9.829999908106402e-05,4.914999954053201e-05,4.914999954053201e-05,0.06893819999822881,ok,-15.146795,15.146795
Chien,TSP-triangular_squeezed-n50-g10000-2,39258.508,47284,8.859999798005447e-05,4.4299998990027234e-05,4.4299998990027234e-05,0.19068099999276455,ok,-16.972954,16.972954
Chien,TSP-triangular_squeezed-n50-g10000-5,38671.566,47487,8.27999974717386e-05,4.13999987358693e-05,4.13999987358693e-05,0.22066249999625143,ok,-18.563887,18.563887
Chien,TSP-triangular_squeezed-n400-g1000-5,10774.114,12301,0.003506600005493965,0.0017533000027469825,0.0017533000027469825,11.604324899992207,ok,-12.412696,12.412696
Chien,TSP-triangular_squeezed-n50-g10000-4,38320.76,40678,7.970000297063962e-05,3.985000148531981e-05,3.985000148531981e-05,0.08448569999018218,ok,-5.7948728,5.7948728
Chien,TSP-triangular_squeezed-n5-g10000-5,9112.784,12424,9.390000195708126e-05,4.695000097854063e-05,4.695000097854063e-05,0.2615675000124611,ok,-26.65177,26.65177
Chien,TSP-triangular_squeezed-n5-g10000-2,11246.686,15577,9.590000263415277e-05,4.7950001317076385e-05,4.7950001317076385e-05,0.15544789998966735,ok,-27.799412,27.799412
Chien,TSP-triangular_squeezed-n500-g1000-3,11754.915,12653,0.0018424000008963048,0.0009212000004481524,0.0009212000004481524,8.055051900009857,ok,-7.097802,7.097802
Chien,TSP-triangular_squeezed-n500-g1000-2,12405.396,13213,0.0014786999963689595,0.0007393499981844798,0.0007393499981844798,9.156030000012834,ok,-6.112189,6.112189
Chien,TSP-triangular_squeezed-n50-g10000-1,39751.62,45145,0.00010040000051958486,5.020000025979243e-05,5.020000025979243e-05,0.30764210000052117,ok,-11.946792,11.946792
Chien,TSP-triangular_squeezed-n60-g1000-1,3988.7944,4927,0.00010150000161956996,5.075000080978498e-05,5.075000080978498e-05,0.10343590000411496,ok,-19.042128,19.042128
Chien,TSP-triangular_squeezed-n60-g1000-3,4149.9204,4705,9.259999933419749e-05,4.6299999667098746e-05,4.6299999667098746e-05,0.20091440000396688,ok,-11.797653,11.797653
Chien,TSP-triangular_squeezed-n5-g1000-5,981.70264,1465,7.130000449251384e-05,3.565000224625692e-05,3.565000224625692e-05,0.03954310000699479,ok,-32.989582,32.989582
Chien,TSP-triangular_squeezed-n60-g10000-1,45166.836,54011,7.329999789362773e-05,3.6649998946813866e-05,3.6649998946813866e-05,0.5430014999874402,ok,-16.374746,16.374746
Chien,TSP-triangular_squeezed-n500-g10000-3,122905.484,128694,0.002965200001199264,0.001482600000599632,0.001482600000599632,3.290362300002016,ok,-4.497891,4.497891
Chien,TSP-triangular_squeezed-n500-g10000-1,116335.5,128551,0.0015090999950189143,0.0007545499975094572,0.0007545499975094572,3.8015035999997053,ok,-9.502454,9.502454
Chien,TSP-triangular_squeezed-n60-g10000-2,39215.91,49909,9.7999996796716e-05,4.8999998398358e-05,4.8999998398358e-05,0.4993490000051679,ok,-21.425175,21.425175
Chien,TSP-triangular_squeezed-n60-g1000-4,3523.7896,3937,8.900000102585182e-05,4.450000051292591e-05,4.450000051292591e-05,0.08655520000320394,ok,-10.495566,10.495566
Chien,TSP-triangular_squeezed-n50-g1000-4,3739.6982,4340,8.05000017862767e-05,4.025000089313835e-05,4.025000089313835e-05,0.11112700001103804,ok,-13.831838,13.831838
Chien,TSP-triangular_squeezed-n60-g1000-5,3578.5955,4560,7.619999814778566e-05,3.809999907389283e-05,3.809999907389283e-05,0.1411740000039572,ok,-21.522028,21.522028
Chien,TSP-triangular_squeezed-n500-g1000-4,12047.884,13202,0.0030236000020522624,0.0015118000010261312,0.0015118000010261312,4.578208999999333,ok,-8.74198,8.74198
Chien,TSP-triangular_squeezed-n500-g10000-2,120768.28,132065,0.0011319000041112304,0.0005659500020556152,0.0005659500020556152,5.237735700007761,ok,-8.553908,8.553908
Chien,TSP-triangular_squeezed-n500-g10000-5,124242.56,134572,0.005495400000654627,0.0027477000003273133,0.0027477000003273133,8.393230200003018,ok,-7.67577,7.67577
Chien,TSP-triangular_squeezed-n500-g1000-5,12291.31,13013,0.004128599997784477,0.0020642999988922384,0.0020642999988922384,6.935657699999865,ok,-5.545919,5.545919
Chien,TSP-triangular_squeezed-n60-g1000-2,4170.139,4988,9.070000669453293e-05,4.5350003347266465e-05,4.5350003347266465e-05,0.12317459999758285,ok,-16.396568,16.396568
Chien,TSP-triangular_squeezed-n60-g10000-5,41715.07,48920,9.380000119563192e-05,4.690000059781596e-05,4.690000059781596e-05,0.259095300003537,ok,-14.727984,14.727984
Chien,TSP-triangular_squeezed-n60-g10000-3,40852.477,48640,9.020000288728625e-05,4.510000144364312e-05,4.510000144364312e-05,0.21198480000020936,ok,-16.010532,16.010532
Chien,TSP-triangular_squeezed-n500-g1000-1,11912.358,12976,0.0035076999993179925,0.0017538499996589962,0.0017538499996589962,4.176170699996874,ok,-8.196992,8.196992
Chien,TSP-triangular_squeezed-n70-g1000-4,4579.3804,5294,0.00010029999975813553,5.0149999879067764e-05,5.0149999879067764e-05,0.1607944999996107,ok,-13.498672,13.498672
Chien,TSP-triangular_squeezed-n500-g10000-4,123656.23,135814,0.007837800003471784,0.003918900001735892,0.003918900001735892,4.650067100010347,ok,-8.951782,8.951782
Chien,TSP-triangular_squeezed-n70-g1000-5,4496.869,5438,9.4600000011269e-05,4.73000000056345e-05,4.73000000056345e-05,0.09762010000122245,ok,-17.306562,17.306562
Chien,TSP-triangular_squeezed-n60-g10000-4,41080.383,49512,8.07999967946671e-05,4.039999839733355e-05,4.039999839733355e-05,0.19438950000039767,ok,-17.029442,17.029442
Chien,TSP-triangular_squeezed-n70-g10000-5,42935.977,49387,0.00010379999730503187,5.189999865251593e-05,5.189999865251593e-05,0.3081848000001628,ok,-13.062189,13.062189
Chien,TSP-triangular_squeezed-n70-g10000-1,43949.375,51586,0.00010660000407369807,5.330000203684904e-05,5.330000203684904e-05,0.4345132000016747,ok,-14.803678,14.803678
Chien,TSP-triangular_squeezed-n600-g1000-5,13638.017,14723,0.006496200003311969,0.0032481000016559847,0.0032481000016559847,5.891517099997145,ok,-7.369309,7.369309
Chien,TSP-triangular_squeezed-n600-g1000-4,13396.344,14778,0.005898199997318443,0.0029490999986592215,0.0029490999986592215,5.911656199998106,ok,-9.349413,9.349413
Chien,TSP-triangular_squeezed-n600-g1000-3,12929.966,14142,0.00527929999952903,0.002639649999764515,0.002639649999764515,10.292281900008675,ok,-8.570458,8.570458
Chien,TSP-triangular_squeezed-n600-g10000-1,139292.22,142978,0.0024587000007159077,0.0012293500003579538,0.0012293500003579538,9.704406899996684,ok,-2.577866,2.577866
Chien,TSP-triangular_squeezed-n600-g1000-1,13441.847,14025,0.00427299999864772,0.00213649999932386,0.00213649999932386,4.250032899988582,ok,-4.157956,4.157956
Chien,TSP-triangular_squeezed-n70-g10000-4,45554.703,54129,9.370000043418258e-05,4.685000021709129e-05,4.685000021709129e-05,0.3565027999866288,ok,-15.840486,15.840486
Chien,TSP-triangular_squeezed-n70-g1000-2,4209.9243,5077,9.409999620402232e-05,4.704999810201116e-05,4.704999810201116e-05,0.10287899999821093,ok,-17.078505,17.078505
Chien,TSP-triangular_squeezed-n600-g1000-2,13124.14,14132,0.001801099999283906,0.000900549999641953,0.000900549999641953,6.548584899996058,ok,-7.1317606,7.1317606
Chien,TSP-triangular_squeezed-n70-g10000-3,40994.934,45693,9.690000297268853e-05,4.845000148634426e-05,4.845000148634426e-05,0.07822229999874253,ok,-10.281808,10.281808
Chien,TSP-triangular_squeezed-n70-g1000-3,4241.414,5198,9.830000635702163e-05,4.9150003178510815e-05,4.9150003178510815e-05,0.1862152999965474,ok,-18.402962,18.402962
Chien,TSP-triangular_squeezed-n70-g10000-2,44917.1,52783,9.300000237999484e-05,4.650000118999742e-05,4.650000118999742e-05,0.39020280000113416,ok,-14.902332,14.902332
Chien,TSP-triangular_squeezed-n600-g10000-3,136328.28,149390,0.0034978999974555336,0.0017489499987277668,0.0017489499987277668,7.592899499999476,ok,-8.743369,8.743369
Chien,TSP-triangular_squeezed-n70-g1000-1,4142.73,4695,8.189999789465219e-05,4.0949998947326094e-05,4.0949998947326094e-05,0.18713489999936428,ok,-11.762939,11.762939
Chien,TSP-triangular_squeezed-n700-g1000-2,14825.95,15828,0.0033475000018370338,0.0016737500009185169,0.0016737500009185169,4.800051099999109,ok,-6.330868,6.330868
Chien,TSP-triangular_squeezed-n600-g10000-2,132564.52,148275,0.00706720000016503,0.003533600000082515,0.003533600000082515,5.382003899998381,ok,-10.595504,10.595504
Chien,TSP-triangular_squeezed-n600-g10000-5,137013.67,146602,0.008617400002549402,0.004308700001274701,0.004308700001274701,4.068215899998904,ok,-6.5403805,6.5403805
Chien,TSP-triangular_squeezed-n8-g1000-5,920.87964,1329,0.00010010000551119447,5.0050002755597234e-05,5.0050002755597234e-05,0.05070159999013413,ok,-30.708832,30.708832
Chien,TSP-triangular_squeezed-n8-g1000-4,1168.5906,1531,9.850000060396269e-05,4.9250000301981345e-05,4.9250000301981345e-05,0.09884930000407621,ok,-23.67142,23.67142
Chien,TSP-triangular_squeezed-n8-g1000-2,1560.2559,2193,7.340000593103468e-05,3.670000296551734e-05,3.670000296551734e-05,0.29304819999379106,ok,-28.852901,28.852901
Chien,TSP-triangular_squeezed-n700-g10000-2,150371.69,158755,0.002882699998735916,0.001441349999367958,0.001441349999367958,77.34696119998989,ok,-5.2806606,5.2806606
Chien,TSP-triangular_squeezed-n8-g1000-1,1349.4983,1869,6.38999990769662e-05,3.19499995384831e-05,3.19499995384831e-05,0.28943179998896085,ok,-27.795706,27.795706
Chien,TSP-triangular_squeezed-n8-g10000-3,16774.715,20966,0.00010009999823523685,5.004999911761843e-05,5.004999911761843e-05,0.38000520000059623,ok,-19.990868,19.990868
Chien,TSP-triangular_squeezed-n8-g10000-1,10811.137,13689,9.340000542579219e-05,4.6700002712896094e-05,4.6700002712896094e-05,0.7745091999968281,ok,-21.023182,21.023182
Chien,TSP-triangular_squeezed-n700-g1000-4,14676.761,15386,0.005832899994857144,0.002916449997428572,0.002916449997428572,6.1929145000030985,ok,-4.60964,4.60964
Chien,TSP-triangular_squeezed-n8-g1000-3,1446.7009,1906,8.10999990790151e-05,4.054999953950755e-05,4.054999953950755e-05,0.15394329999980982,ok,-24.097538,24.097538
Chien,TSP-triangular_squeezed-n8-g10000-4,13416.34,18789,9.080000018002465e-05,4.540000009001233e-05,4.540000009001233e-05,0.40850409999256954,ok,-28.594711,28.594711
Chien,TSP-triangular_squeezed-n80-g1000-2,4654.226,5018,9.99000039882958e-05,4.99500019941479e-05,4.99500019941479e-05,0.16148429999884684,ok,-7.2493806,7.2493806
Chien,TSP-triangular_squeezed-n8-g10000-5,12259.482,16163,7.90999984019436e-05,3.95499992009718e-05,3.95499992009718e-05,1.106349699999555,ok,-24.150948,24.150948
Chien,TSP-triangular_squeezed-n700-g10000-5,143150.67,156967,0.004350800001702737,0.0021754000008513685,0.0021754000008513685,7.553382500016596,ok,-8.802059,8.802059
Chien,TSP-triangular_squeezed-n700-g10000-1,144037.14,154454,0.0031106000024010427,0.0015553000012005214,0.0015553000012005214,3.779505699989386,ok,-6.744312,6.744312
Chien,TSP-triangular_squeezed-n80-g10000-2,44316.64,52258,9.869999485090375e-05,4.9349997425451875e-05,4.9349997425451875e-05,0.20188670000061393,ok,-15.196447,15.196447
Chien,TSP-triangular_squeezed-n600-g10000-4,135275.8,143546,0.00873439999850234,0.00436719999925117,0.00436719999925117,3.1173906000040006,ok,-5.7613606,5.7613606
Chien,TSP-triangular_squeezed-n80-g10000-3,46179.824,50981,0.00010819999442901462,5.409999721450731e-05,5.409999721450731e-05,0.5635174000053667,ok,-9.417579,9.417579
Chien,TSP-triangular_squeezed-n80-g1000-1,5012.259,5534,9.950000094249845e-05,4.975000047124922e-05,4.975000047124922e-05,0.22798370000964496,ok,-9.427922,9.427922
Chien,TSP-triangular_squeezed-n80-g1000-4,4538.793,5264,0.00010140000085812062,5.070000042906031e-05,5.070000042906031e-05,0.19475559999409597,ok,-13.77673,13.77673
Chien,TSP-triangular_squeezed-n80-g1000-5,4426.306,5439,9.950000094249845e-05,4.975000047124922e-05,4.975000047124922e-05,0.5663825999945402,ok,-18.619118,18.619118
Chien,TSP-triangular_squeezed-n80-g10000-1,44044.766,52172,9.560000034980476e-05,4.780000017490238e-05,4.780000017490238e-05,0.410881400006474,ok,-15.577771,15.577771
Chien,TSP-triangular_squeezed-n700-g10000-3,140737.11,153174,0.007854599993152078,0.003927299996576039,0.003927299996576039,6.461945300005027,ok,-8.119452,8.119452
Chien,TSP-triangular_squeezed-n700-g10000-4,143650.81,151942,0.005873100002645515,0.0029365500013227575,0.0029365500013227575,8.177723799977684,ok,-5.456811,5.456811
Chien,TSP-triangular_squeezed-n80-g1000-3,4507.5146,4910,0.000130899999930989,6.54499999654945e-05,6.54499999654945e-05,0.38658080001187045,ok,-8.197258,8.197258
Chien,TSP-triangular_squeezed-n80-g10000-4,43904.156,51423,9.690000297268853e-05,4.845000148634426e-05,4.845000148634426e-05,0.1063228999992134,ok,-14.621557,14.621557
Chien,TSP-triangular_squeezed-n8-g10000-2,12378.771,18711,9.300000237999484e-05,4.650000118999742e-05,4.650000118999742e-05,0.6426394000009168,ok,-33.842278,33.842278
Chien,TSP-triangular_squeezed-n700-g1000-3,14381.137,15296,0.0060794000019086525,0.0030397000009543262,0.0030397000009543262,6.164405899995472,ok,-5.9810624,5.9810624
Chien,TSP-triangular_squeezed-n700-g1000-5,14865.243,15759,0.002921399995102547,0.0014606999975512736,0.0014606999975512736,27.610527400000137,ok,-5.671406,5.671406
Chien,TSP-triangular_squeezed-n700-g1000-1,14298.01,15292,0.008263299998361617,0.004131649999180809,0.004131649999180809,3.576170100001036,ok,-6.5000668,6.5000668
Chien,TSP-triangular_squeezed-n90-g1000-2,5155.5796,5900,0.00010460000339662656,5.230000169831328e-05,5.230000169831328e-05,0.27679789999092463,ok,-12.617294,12.617294
Chien,TSP-triangular_squeezed-n90-g1000-4,5176.8535,6073,9.890000364976004e-05,4.945000182488002e-05,4.945000182488002e-05,0.28692660000524484,ok,-14.75624,14.75624
Chien,TSP-triangular_squeezed-n90-g1000-5,4668.194,5270,0.00011269999959040433,5.6349999795202166e-05,5.6349999795202166e-05,0.09457980000297539,ok,-11.419472,11.419472
Chien,TSP-triangular_squeezed-n800-g10000-1,155344.44,167694,0.005018799995013978,0.002509399997506989,0.002509399997506989,5.477633699993021,ok,-7.3643436,7.3643436
Chien,TSP-triangular_squeezed-n90-g10000-1,51978.46,61387,0.00011760000052163377,5.880000026081689e-05,5.880000026081689e-05,0.9552382999972906,ok,-15.326598,15.326598
Chien,TSP-triangular_squeezed-n90-g1000-3,4657.2554,5890,9.100000170292333e-05,4.5500000851461664e-05,4.5500000851461664e-05,0.35045650000392925,ok,-20.92945,20.92945
Chien,TSP-triangular_squeezed-n90-g1000-1,5028.6675,5892,0.00011050000466639176,5.525000233319588e-05,5.525000233319588e-05,0.19906369999807794,ok,-14.652623,14.652623
Chien,TSP-triangular_squeezed-n90-g10000-4,51778.195,54791,7.750000077066943e-05,3.8750000385334715e-05,3.8750000385334715e-05,0.2518701999943005,ok,-5.4987216,5.4987216
Chien,TSP-triangular_squeezed-n800-g1000-2,15968.104,16845,0.006321499997284263,0.0031607499986421317,0.0031607499986421317,9.886756499996409,ok,-5.205678,5.205678
Chien,TSP-triangular_squeezed-n80-g10000-5,45712.605,51885,8.969999908003956e-05,4.484999954001978e-05,4.484999954001978e-05,0.1540411000023596,ok,-11.896298,11.896298
Chien,TSP-triangular_squeezed-n90-g10000-5,49993.484,58355,0.00011330000415910035,5.665000207955018e-05,5.665000207955018e-05,0.4609316999994917,ok,-14.328705,14.328705
Chien,TSP-triangular_squeezed-n800-g10000-4,156288.83,169778,0.004163400000834372,0.002081700000417186,0.002081700000417186,83.43471080000745,ok,-7.9451823,7.9451823
Chien,TSP-triangular_squeezed-n90-g10000-2,49218.07,56467,0.00010109999857377261,5.0549999286886305e-05,5.0549999286886305e-05,0.5172821000014665,ok,-12.837462,12.837462
Chien,TSP-triangular_squeezed-n800-g1000-1,15860.161,17291,0.007653700005903374,0.003826850002951687,0.003826850002951687,5.916690199999721,ok,-8.27505,8.27505
Chien,TSP-triangular_squeezed-n800-g1000-4,15311.971,16411,0.00682799999776762,0.00341399999888381,0.00341399999888381,63.4398724000057,ok,-6.6969066,6.6969066
Chien,TSP-triangular_squeezed-n800-g1000-3,14893.281,16391,0.007733600003120955,0.0038668000015604775,0.0038668000015604775,17.15635299999849,ok,-9.137445,9.137445
Chien,TSP-triangular_squeezed-n90-g10000-3,48850.168,55736,0.00010240000119665638,5.120000059832819e-05,5.120000059832819e-05,0.19184210000094026,ok,-12.354371,12.354371
Chien,TSP-truncated_exponential-n10-g1000-3,2348.5728,3017,7.620000542374328e-05,3.810000271187164e-05,3.810000271187164e-05,0.036336899996967986,ok,-22.155361,22.155361
Chien,TSP-triangular_squeezed-n800-g1000-5,16148.5625,17108,0.0058216000034008175,0.0029108000017004088,0.0029108000017004088,3.843645800006925,ok,-5.608122,5.608122
Chien,TSP-truncated_exponential-n10-g1000-2,2325.435,2913,6.690000009257346e-05,3.345000004628673e-05,3.345000004628673e-05,0.04415339999832213,ok,-20.17044,20.17044
Chien,TSP-truncated_exponential-n10-g1000-4,2214.5479,2703,7.860000187065452e-05,3.930000093532726e-05,3.930000093532726e-05,0.09959169999638107,ok,-18.070742,18.070742
Chien,TSP-triangular_squeezed-n900-g1000-1,16387.316,17756,0.00539779999962775,0.002698899999813875,0.002698899999813875,7.931720700013102,ok,-7.708288,7.708288
Chien,TSP-triangular_squeezed-n800-g10000-5,147939.27,163722,0.00934150000102818,0.00467075000051409,0.00467075000051409,6.88886600000842,ok,-9.639959,9.639959
Chien,TSP-triangular_squeezed-n900-g1000-3,16561.916,17607,0.005267799999273848,0.002633899999636924,0.002633899999636924,15.218758500006516,ok,-5.9356165,5.9356165
Chien,TSP-triangular_squeezed-n900-g1000-2,17050.049,17859,0.002066400003968738,0.001033200001984369,0.001033200001984369,9.579674799984787,ok,-4.5296555,4.5296555
Chien,TSP-triangular_squeezed-n800-g10000-2,157335.7,162307,0.008726199994271155,0.004363099997135578,0.004363099997135578,4.828040399996098,ok,-3.0628974,3.0628974
Chien,TSP-truncated_exponential-n100-g1000-1,6246.515,7837,9.71000044955872e-05,4.85500022477936e-05,4.85500022477936e-05,0.6997012999927392,ok,-20.294561,20.294561
Chien,TSP-truncated_exponential-n10-g10000-1,23130.086,31333,8.13999940874055e-05,4.069999704370275e-05,4.069999704370275e-05,0.04268640000373125,ok,-26.17979,26.17979
Chien,TSP-truncated_exponential-n100-g1000-4,6299.6406,7405,0.00010089999705087394,5.044999852543697e-05,5.044999852543697e-05,0.1083548000024166,ok,-14.927202,14.927202
Chien,TSP-truncated_exponential-n10-g1000-1,2295.986,3160,8.439999510301277e-05,4.2199997551506385e-05,4.2199997551506385e-05,0.04464429999643471,ok,-27.342213,27.342213
Chien,TSP-truncated_exponential-n100-g10000-1,62055.29,77137,0.00010029999975813553,5.0149999879067764e-05,5.0149999879067764e-05,0.26506429999426473,ok,-19.551851,19.551851
Chien,TSP-truncated_exponential-n10-g10000-3,18829.139,24455,8.489999891025946e-05,4.244999945512973e-05,4.244999945512973e-05,0.040986899999552406,ok,-23.004953,23.004953
Chien,TSP-triangular_squeezed-n900-g10000-2,163828.56,176298,0.007250999995449092,0.003625499997724546,0.003625499997724546,8.23742210000637,ok,-7.0729322,7.0729322
Chien,TSP-triangular_squeezed-n800-g10000-3,154945.12,168213,0.01543840000522323,0.007719200002611615,0.007719200002611615,6.421485900005791,ok,-7.8875446,7.8875446
Chien,TSP-truncated_exponential-n100-g1000-3,6331.85,7820,0.0003341999981785193,0.00016709999908925965,0.00016709999908925965,0.332545500001288,ok,-19.03005,19.03005
Chien,TSP-truncated_exponential-n100-g1000-5,6333.592,7270,0.00011590000212891027,5.795000106445514e-05,5.795000106445514e-05,0.301127800004906,ok,-12.880443,12.880443
Chien,TSP-truncated_exponential-n10-g1000-5,2081.0276,2813,9.449999924981967e-05,4.724999962490983e-05,4.724999962490983e-05,0.0824713000038173,ok,-26.02106,26.02106
Chien,TSP-truncated_exponential-n10-g10000-5,22147.71,29806,8.64000030560419e-05,4.320000152802095e-05,4.320000152802095e-05,0.04128740000305697,ok,-25.693783,25.693783
Chien,TSP-triangular_squeezed-n900-g10000-3,167414.39,175682,0.006838000001152977,0.0034190000005764887,0.0034190000005764887,253.7966535000014,ok,-4.7060084,4.7060084
Chien,TSP-truncated_exponential-n100-g1000-2,6224.2427,7086,9.590000263415277e-05,4.7950001317076385e-05,4.7950001317076385e-05,0.19410179999249522,ok,-12.161407,12.161407
Chien,TSP-truncated_exponential-n10-g10000-4,19532.488,24968,8.900000102585182e-05,4.450000051292591e-05,4.450000051292591e-05,0.04577689999132417,ok,-21.769913,21.769913
Chien,TSP-truncated_exponential-n100-g10000-4,63364.203,76315,9.429999772692099e-05,4.7149998863460496e-05,4.7149998863460496e-05,0.5228781000041636,ok,-16.970186,16.970186
Chien,TSP-triangular_squeezed-n900-g10000-5,164921.34,176348,0.005592000001342967,0.0027960000006714836,0.0027960000006714836,6.6224700000020675,ok,-6.479606,6.479606
Chien,TSP-truncated_exponential-n10-g10000-2,19772.371,22602,8.910000178730115e-05,4.4550000893650576e-05,4.4550000893650576e-05,0.04130160000931937,ok,-12.519375,12.519375
Chien,TSP-truncated_exponential-n100-g10000-5,63698.945,78035,0.00010730000212788582,5.365000106394291e-05,5.365000106394291e-05,0.4397945999953663,ok,-18.371313,18.371313
Chien,TSP-triangular_squeezed-n900-g10000-4,157317.86,173919,0.008142599996062927,0.0040712999980314635,0.0040712999980314635,4.578381300001638,ok,-9.545329,9.545329
Chien,TSP-triangular_squeezed-n900-g1000-5,16544.875,18079,0.014234599999326747,0.0071172999996633735,0.0071172999996633735,11.607890200000838,ok,-8.485674,8.485674
Chien,TSP-truncated_exponential-n20-g1000-2,3129.1987,3427,0.00010750000365078449,5.3750001825392246e-05,5.3750001825392246e-05,0.07471960000111721,ok,-8.689854,8.689854
Chien,TSP-truncated_exponential-n100-g10000-3,62109.363,73946,0.00012480000441428274,6.240000220714137e-05,6.240000220714137e-05,0.12365759999374859,ok,-16.007135,16.007135
Chien,TSP-truncated_exponential-n100-g10000-2,64046.035,79405,0.00011760000052163377,5.880000026081689e-05,5.880000026081689e-05,0.0637948000075994,ok,-19.342567,19.342567
Chien,TSP-triangular_squeezed-n900-g1000-4,16246.447,17622,0.010189299995545298,0.005094649997772649,0.005094649997772649,11.919158699995023,ok,-7.805883,7.805883
Chien,TSP-truncated_exponential-n20-g1000-3,2840.9983,3459,0.0001055999964592047,5.279999822960235e-05,5.279999822960235e-05,0.07507009999244474,ok,-17.866486,17.866486
Chien,TSP-truncated_exponential-n1000-g10000-1,187463.84,228047,0.0056245999949169345,0.0028122999974584673,0.0028122999974584673,176.77465229999507,ok,-17.795961,17.795961
Chien,TSP-truncated_exponential-n20-g1000-1,3134.9412,3991,8.10999990790151e-05,4.054999953950755e-05,4.054999953950755e-05,0.13237439999647904,ok,-21.449734,21.449734
Chien,TSP-truncated_exponential-n20-g1000-5,2866.5225,3465,0.00010869999823626131,5.4349999118130654e-05,5.4349999118130654e-05,0.0884986999881221,ok,-17.27208,17.27208
Chien,TSP-truncated_exponential-n20-g10000-5,29255.867,36813,9.499999578110874e-05,4.749999789055437e-05,4.749999789055437e-05,0.051857500002370216,ok,-20.528435,20.528435
Chien,TSP-truncated_exponential-n1000-g1000-5,18722.941,22748,0.00873670000146376,0.00436835000073188,0.00436835000073188,14.08266439998988,ok,-17.69412,17.69412
Chien,TSP-triangular_squeezed-n900-g10000-1,164270.98,179093,0.01596150000113994,0.00798075000056997,0.00798075000056997,175.9013394000067,ok,-8.276155,8.276155
Chien,TSP-truncated_exponential-n1000-g1000-1,18707.686,22602,0.010616599996865261,0.005308299998432631,0.005308299998432631,825.8203237999987,ok,-17.229956,17.229956
Chien,TSP-truncated_exponential-n20-g10000-1,29430.785,36860,9.600000339560211e-05,4.8000001697801054e-05,4.8000001697801054e-05,0.042153999995207414,ok,-20.155222,20.155222
Chien,TSP-truncated_exponential-n20-g10000-4,29704.457,36174,8.579999848734587e-05,4.289999924367294e-05,4.289999924367294e-05,0.06213170000410173,ok,-17.88451,17.88451
Chien,TSP-truncated_exponential-n200-g1000-3,8680.203,10202,0.00011790000280598179,5.895000140299089e-05,5.895000140299089e-05,1.4911900999868521,ok,-14.916653,14.916653
Chien,TSP-truncated_exponential-n200-g1000-1,8690.275,10342,0.00012419999984558672,6.209999992279336e-05,6.209999992279336e-05,2.285614299995359,ok,-15.971036,15.971036
Chien,TSP-truncated_exponential-n20-g10000-3,28702.297,35704,8.400000660913065e-05,4.2000003304565325e-05,4.2000003304565325e-05,0.04484339999908116,ok,-19.610416,19.610416
Chien,TSP-truncated_exponential-n200-g1000-4,8666.449,10684,0.00011349999840604141,5.674999920302071e-05,5.674999920302071e-05,0.9528010000067297,ok,-18.883852,18.883852
Chien,TSP-truncated_exponential-n20-g1000-4,3225.555,4513,9.309999586548656e-05,4.654999793274328e-05,4.654999793274328e-05,0.06357900000875816,ok,-28.527477,28.527477
Chien,TSP-truncated_exponential-n1000-g10000-4,187324.84,227055,0.002812799997627735,0.0014063999988138676,0.0014063999988138676,88.68491149999318,ok,-17.498032,17.498032
Chien,TSP-truncated_exponential-n30-g1000-4,3750.7397,4696,9.20999955269508e-05,4.60499977634754e-05,4.60499977634754e-05,0.05682659999001771,ok,-20.129051,20.129051
Chien,TSP-truncated_exponential-n1000-g10000-2,187480.12,226256,0.0053926000036881305,0.0026963000018440653,0.0026963000018440653,295.771974400006,ok,-17.138054,17.138054
Chien,TSP-truncated_exponential-n200-g1000-2,8792.402,10597,0.00012119999882997945,6.0599999414989725e-05,6.0599999414989725e-05,1.0069323000061559,ok,-17.029325,17.029325
Chien,TSP-truncated_exponential-n1000-g10000-5,187275.17,227519,0.005091400002129376,0.002545700001064688,0.002545700001064688,9.330240900017088,ok,-17.688118,17.688118
Chien,TSP-truncated_exponential-n200-g1000-5,8689.32,10500,0.0001100999943446368,5.50499971723184e-05,5.50499971723184e-05,2.158831000007922,ok,-17.244568,17.244568
Chien,TSP-truncated_exponential-n1000-g1000-4,18760.008,22741,0.01082680000399705,0.005413400001998525,0.005413400001998525,8.309754600006272,ok,-17.505793,17.505793
Chien,TSP-truncated_exponential-n200-g10000-1,86319.766,105005,0.00012269999569980428,6.134999784990214e-05,6.134999784990214e-05,1.6965166000009049,ok,-17.794613,17.794613
Chien,TSP-truncated_exponential-n200-g10000-4,87083.22,105092,0.00012489999789977446,6.244999894988723e-05,6.244999894988723e-05,0.8391531000088435,ok,-17.136206,17.136206
Chien,TSP-truncated_exponential-n200-g10000-3,87383.21,103060,0.00012689999857684597,6.344999928842299e-05,6.344999928842299e-05,3.369737000000896,ok,-15.211323,15.211323
Chien,TSP-truncated_exponential-n1000-g10000-3,186889.39,225533,0.006159000004117843,0.0030795000020589214,0.0030795000020589214,271.41332669999974,ok,-17.134348,17.134348
Chien,TSP-truncated_exponential-n30-g1000-1,3639.15,4289,9.869999485090375e-05,4.9349997425451875e-05,4.9349997425451875e-05,0.04335450001235586,ok,-15.151553,15.151553
Chien,TSP-truncated_exponential-n30-g1000-5,3647.7627,4742,9.299999510403723e-05,4.649999755201861e-05,4.649999755201861e-05,0.08608449999883305,ok,-23.07544,23.07544
Chien,TSP-truncated_exponential-n30-g10000-3,35354.535,40865,9.48999950196594e-05,4.74499975098297e-05,4.74499975098297e-05,0.08298780000768602,ok,-13.484558,13.484558
Chien,TSP-truncated_exponential-n1000-g1000-3,18752.713,22604,0.011846599998534657,0.0059232999992673285,0.0059232999992673285,20.387984699991648,ok,-17.038076,17.038076
Chien,TSP-truncated_exponential-n30-g10000-2,36726.188,46258,9.1200003225822e-05,4.5600001612911e-05,4.5600001612911e-05,0.04513600000063889,ok,-20.60576,20.60576
Chien,TSP-truncated_exponential-n200-g10000-2,87308.85,103298,0.00012409999908413738,6.204999954206869e-05,6.204999954206869e-05,2.098317900003167,ok,-15.478662,15.478662
Chien,TSP-truncated_exponential-n20-g10000-2,31204.129,39716,8.550000347895548e-05,4.275000173947774e-05,4.275000173947774e-05,0.060533200012287125,ok,-21.431845,21.431845
Chien,TSP-truncated_exponential-n30-g1000-3,3708.617,4678,0.00013380000018514693,6.690000009257346e-05,6.690000009257346e-05,0.040607899994938634,ok,-20.722168,20.722168
Chien,TSP-truncated_exponential-n30-g10000-4,37957.414,49169,7.709999772487208e-05,3.854999886243604e-05,3.854999886243604e-05,0.06349420000333339,ok,-22.802143,22.802143
Chien,TSP-truncated_exponential-n200-g10000-5,87513.79,105489,0.00013300000136950985,6.650000068475492e-05,6.650000068475492e-05,1.9917226000106893,ok,-17.03989,17.03989
Chien,TSP-truncated_exponential-n300-g1000-5,10437.893,12563,0.0023131999987526797,0.0011565999993763398,0.0011565999993763398,2.2624758000019938,ok,-16.915604,16.915604
Chien,TSP-truncated_exponential-n40-g1000-1,4085.7104,4882,0.00010000000474974513,5.0000002374872565e-05,5.0000002374872565e-05,0.15118580000125803,ok,-16.310724,16.310724
Chien,TSP-truncated_exponential-n300-g1000-1,10595.874,12600,0.002114499999152031,0.0010572499995760154,0.0010572499995760154,1.387639600012335,ok,-15.905762,15.905762
Chien,TSP-truncated_exponential-n300-g10000-4,105358.72,126541,0.00015050000365590677,7.525000182795338e-05,7.525000182795338e-05,4.603071799996542,ok,-16.73946,16.73946
Chien,TSP-truncated_exponential-n1000-g1000-2,18720.457,22288,0.014972799996030517,0.0074863999980152585,0.0074863999980152585,11.513538100000005,ok,-16.006563,16.006563
Chien,TSP-truncated_exponential-n300-g10000-3,104975.414,126249,0.0022859000018797815,0.0011429500009398907,0.0011429500009398907,1.8545982999930857,ok,-16.850498,16.850498
Chien,TSP-truncated_exponential-n30-g10000-1,36755.19,44453,0.0002882000044337474,0.0001441000022168737,0.0001441000022168737,0.0738238000049023,ok,-17.316736,17.316736
Chien,TSP-truncated_exponential-n300-g10000-1,105591.98,127865,0.0026727000004029833,0.0013363500002014916,0.0013363500002014916,1.1379304000001866,ok,-17.41917,17.41917
Chien,TSP-truncated_exponential-n40-g1000-4,3901.4727,4666,0.00010520000068936497,5.2600000344682485e-05,5.2600000344682485e-05,0.08003560001088772,ok,-16.385069,16.385069
Chien,TSP-truncated_exponential-n30-g10000-5,34229.62,39404,0.00011310000263620168,5.655000131810084e-05,5.655000131810084e-05,0.04543859999103006,ok,-13.131608,13.131608
Chien,TSP-truncated_exponential-n40-g1000-5,4058.813,4974,9.019999561132863e-05,4.5099997805664316e-05,4.5099997805664316e-05,0.11846440000226721,ok,-18.399418,18.399418
Chien,TSP-truncated_exponential-n40-g10000-3,40649.89,52285,9.649999992689118e-05,4.824999996344559e-05,4.824999996344559e-05,0.18777989999216516,ok,-22.253244,22.253244
Chien,TSP-truncated_exponential-n300-g1000-3,10603.341,12529,0.0036400000026333146,0.0018200000013166573,0.0018200000013166573,4.253346700003021,ok,-15.3696165,15.3696165
Chien,TSP-truncated_exponential-n300-g1000-2,10529.417,12760,0.004595300000801217,0.0022976500004006084,0.0022976500004006084,2.168997600005241,ok,-17.481058,17.481058
Chien,TSP-truncated_exponential-n40-g10000-5,39327.86,48902,9.409999620402232e-05,4.704999810201116e-05,4.704999810201116e-05,0.15854709999985062,ok,-19.578218,19.578218
Chien,TSP-truncated_exponential-n40-g1000-3,3956.9495,5336,0.00010170000314246863,5.0850001571234316e-05,5.0850001571234316e-05,0.10925349999160971,ok,-25.844276,25.844276
Chien,TSP-truncated_exponential-n40-g10000-2,41726.508,48314,9.249999857274815e-05,4.624999928637408e-05,4.624999928637408e-05,0.07073349998972844,ok,-13.634748,13.634748
Chien,TSP-truncated_exponential-n400-g1000-2,12070.133,14389,0.0016310999999404885,0.0008155499999702442,0.0008155499999702442,6.994770799996331,ok,-16.115555,16.115555
Chien,TSP-truncated_exponential-n40-g1000-2,4074.7932,4389,9.119999594986439e-05,4.5599997974932194e-05,4.5599997974932194e-05,0.07920230001036543,ok,-7.1589603,7.1589603
Chien,TSP-truncated_exponential-n30-g1000-2,3719.2761,4729,0.0001053000014508143,5.265000072540715e-05,5.265000072540715e-05,0.06057570000120904,ok,-21.351742,21.351742
Chien,TSP-truncated_exponential-n40-g10000-4,41639.633,51269,7.349999941652641e-05,3.6749999708263204e-05,3.6749999708263204e-05,0.09857479999482166,ok,-18.782047,18.782047
Chien,TSP-truncated_exponential-n400-g1000-4,12077.426,14603,0.0012167000022600405,0.0006083500011300202,0.0006083500011300202,4.9380506000015885,ok,-17.2949,17.2949
Chien,TSP-truncated_exponential-n300-g1000-4,10555.964,12948,0.0018429999981890433,0.0009214999990945216,0.0009214999990945216,2.255364600001485,ok,-18.474174,18.474174
Chien,TSP-truncated_exponential-n400-g1000-5,12004.277,14139,0.0010609000019030645,0.0005304500009515323,0.0005304500009515323,2.4753442000073846,ok,-15.098116,15.098116
Chien,TSP-truncated_exponential-n5-g1000-1,1400.5078,2024,8.119999984046444e-05,4.059999992023222e-05,4.059999992023222e-05,0.3260444000043208,ok,-30.80495,30.80495
Chien,TSP-truncated_exponential-n400-g10000-3,120623.23,146406,0.0025383999964105897,0.0012691999982052948,0.0012691999982052948,7.362202599993907,ok,-17.610462,17.610462
Chien,TSP-truncated_exponential-n40-g10000-1,42407.426,50031,0.0001036000030580908,5.18000015290454e-05,5.18000015290454e-05,0.050014699998428114,ok,-15.237701,15.237701
Chien,TSP-truncated_exponential-n5-g10000-1,13312.1,21555,8.820000221021473e-05,4.410000110510737e-05,4.410000110510737e-05,0.05520790000446141,ok,-38.241245,38.241245
Chien,TSP-truncated_exponential-n5-g1000-2,1537.0886,2140,8.859999798005447e-05,4.4299998990027234e-05,4.4299998990027234e-05,0.2812763999972958,ok,-28.17343,28.17343
Chien,TSP-truncated_exponential-n5-g1000-3,1098.616,1580,7.699999696342275e-05,3.849999848171137e-05,3.849999848171137e-05,0.03782070000306703,ok,-30.467342,30.467342
Chien,TSP-truncated_exponential-n400-g1000-1,12061.623,14298,0.004735300004540477,0.0023676500022702385,0.0023676500022702385,2.5511390999890864,ok,-15.641187,15.641187
Chien,TSP-truncated_exponential-n300-g10000-2,105418.22,125893,0.0007430999976349995,0.0003715499988174997,0.0003715499988174997,2.5521045999921625,ok,-16.263638,16.263638
Chien,TSP-truncated_exponential-n5-g10000-5,12404.492,18463,7.20999960321933e-05,3.604999801609665e-05,3.604999801609665e-05,0.04665610000665765,ok,-32.81432,32.81432
Chien,TSP-truncated_exponential-n5-g1000-5,1472.0219,2111,8.289999823318794e-05,4.144999911659397e-05,4.144999911659397e-05,0.06702159999986179,ok,-30.268978,30.268978
Chien,TSP-truncated_exponential-n400-g10000-1,121101.91,147955,0.003077199995459523,0.0015385999977297615,0.0015385999977297615,5.3304494000039995,ok,-18.149502,18.149502
Chien,TSP-truncated_exponential-n5-g1000-4,1427.5106,1879,8.359999628737569e-05,4.1799998143687844e-05,4.1799998143687844e-05,0.04170390000217594,ok,-24.028173,24.028173
Chien,TSP-truncated_exponential-n5-g10000-4,18689.336,25989,8.05000017862767e-05,4.025000089313835e-05,4.025000089313835e-05,0.05640539999876637,ok,-28.087515,28.087515
Chien,TSP-truncated_exponential-n400-g10000-4,120406.68,143922,0.0006573999999091029,0.00032869999995455146,0.00032869999995455146,7.679979199994705,ok,-16.338934,16.338934
Chien,TSP-truncated_exponential-n50-g1000-3,4418.2134,5860,8.630000229459256e-05,4.315000114729628e-05,4.315000114729628e-05,0.1085212999896612,ok,-24.603867,24.603867
Chien,TSP-truncated_exponential-n50-g10000-1,46448.91,58660,9.200000204145908e-05,4.600000102072954e-05,4.600000102072954e-05,0.14064749999670312,ok,-20.816723,20.816723
Chien,TSP-truncated_exponential-n50-g1000-1,4759.2393,5762,8.260000322479755e-05,4.1300001612398773e-05,4.1300001612398773e-05,0.11494559999846388,ok,-17.402998,17.402998
Chien,TSP-truncated_exponential-n400-g10000-2,120472.92,142179,0.0022507999965455383,0.0011253999982727692,0.0011253999982727692,4.294989900008659,ok,-15.266726,15.266726
Chien,TSP-truncated_exponential-n50-g1000-2,4553.126,5834,8.769999840296805e-05,4.3849999201484025e-05,4.3849999201484025e-05,0.26554500000202097,ok,-21.95533,21.95533
Chien,TSP-truncated_exponential-n400-g10000-5,120487.59,145102,0.005394100000557955,0.0026970500002789777,0.0026970500002789777,4.465624500007834,ok,-16.96352,16.96352
Chien,TSP-truncated_exponential-n5-g10000-3,13236.321,19658,7.429999823216349e-05,3.7149999116081744e-05,3.7149999116081744e-05,0.058066400000825524,ok,-32.667,32.667
Chien,TSP-truncated_exponential-n400-g1000-3,12109.631,14641,0.0005753000004915521,0.00028765000024577603,0.00028765000024577603,20.977293899995857,ok,-17.289593,17.289593
Chien,TSP-truncated_exponential-n5-g10000-2,9202.257,13405,7.03999976394698e-05,3.51999988197349e-05,3.51999988197349e-05,0.04258899998967536,ok,-31.352055,31.352055
Chien,TSP-truncated_exponential-n500-g1000-5,13457.882,16160,0.0016025000004447065,0.0008012500002223533,0.0008012500002223533,6.054392300007748,ok,-16.721027,16.721027
Chien,TSP-truncated_exponential-n50-g10000-2,46192.54,55930,8.140000136336312e-05,4.070000068168156e-05,4.070000068168156e-05,0.0488830000103917,ok,-17.410086,17.410086
Chien,TSP-truncated_exponential-n300-g10000-5,105514.78,129012,0.0027295000036247075,0.0013647500018123537,0.0013647500018123537,3.0175835999980336,ok,-18.213203,18.213203
Chien,TSP-truncated_exponential-n60-g1000-4,5005.2153,6210,9.73999995039776e-05,4.86999997519888e-05,4.86999997519888e-05,0.14274690000456758,ok,-19.400719,19.400719
Chien,TSP-truncated_exponential-n50-g10000-3,45480.266,55596,9.139999747276306e-05,4.569999873638153e-05,4.569999873638153e-05,0.12238020000222605,ok,-18.195076,18.195076
Chien,TSP-truncated_exponential-n50-g1000-4,4751.644,6003,8.929999603424221e-05,4.4649998017121106e-05,4.4649998017121106e-05,0.1023159000033047,ok,-20.84551,20.84551
Chien,TSP-truncated_exponential-n50-g10000-4,47453.445,58885,8.060000254772604e-05,4.030000127386302e-05,4.030000127386302e-05,0.16263930000422988,ok,-19.413357,19.413357
Chien,TSP-truncated_exponential-n500-g1000-4,13431.777,16140,0.0025928999966708943,0.0012964499983354472,0.0012964499983354472,2.5999366999894846,ok,-16.77957,16.77957
Chien,TSP-truncated_exponential-n60-g1000-1,4915.614,5554,7.780000305501744e-05,3.890000152750872e-05,3.890000152750872e-05,0.24908950000826735,ok,-11.494171,11.494171
Chien,TSP-truncated_exponential-n50-g1000-5,4643.348,5920,8.059999527176842e-05,4.029999763588421e-05,4.029999763588421e-05,0.048714999997173436,ok,-21.565065,21.565065
Chien,TSP-truncated_exponential-n60-g1000-5,4833.49,6216,0.00010379999730503187,5.189999865251593e-05,5.189999865251593e-05,0.16191219999745954,ok,-22.241148,22.241148
Chien,TSP-truncated_exponential-n50-g10000-5,47063.793,57598,9.380000119563192e-05,4.690000059781596e-05,4.690000059781596e-05,0.08984130001044832,ok,-18.289188,18.289188
Chien,TSP-truncated_exponential-n60-g10000-4,50274.65,62797,9.780000254977494e-05,4.890000127488747e-05,4.890000127488747e-05,0.1359958000102779,ok,-19.941002,19.941002
Chien,TSP-truncated_exponential-n60-g10000-1,50090.14,61884,9.760000102687627e-05,4.8800000513438135e-05,4.8800000513438135e-05,0.16833640000550076,ok,-19.058012,19.058012
Chien,TSP-truncated_exponential-n500-g1000-1,13447.021,16414,0.004880599997704849,0.0024402999988524243,0.0024402999988524243,3.767419299998437,ok,-18.075901,18.075901
Chien,TSP-truncated_exponential-n500-g10000-4,134309.52,164609,0.0020618999988073483,0.0010309499994036742,0.0010309499994036742,3.232200999991619,ok,-18.406942,18.406942
Chien,TSP-truncated_exponential-n500-g10000-3,133827.27,161995,0.0026892000023508444,0.0013446000011754222,0.0013446000011754222,8.379511799998,ok,-17.388027,17.388027
Chien,TSP-truncated_exponential-n60-g1000-2,4922.404,5856,0.00010430000111227855,5.2150000556139275e-05,5.2150000556139275e-05,0.4917338999948697,ok,-15.942558,15.942558
Chien,TSP-truncated_exponential-n500-g10000-1,134147.05,164215,0.004245100004482083,0.0021225500022410415,0.0021225500022410415,1.9781532000051811,ok,-18.310114,18.310114
Chien,TSP-truncated_exponential-n60-g10000-3,49555.844,61070,9.88000028883107e-05,4.940000144415535e-05,4.940000144415535e-05,0.25879100000020117,ok,-18.854029,18.854029
Chien,TSP-truncated_exponential-n500-g1000-2,13435.996,16359,0.006492500004242174,0.003246250002121087,0.003246250002121087,4.6875983999925666,ok,-17.867865,17.867865
Chien,TSP-truncated_exponential-n60-g1000-3,4741.7563,5853,0.00011789999553002417,5.8949997765012085e-05,5.8949997765012085e-05,0.14108519999717828,ok,-18.985882,18.985882
Chien,TSP-truncated_exponential-n500-g10000-5,134159.45,163037,0.002536399995733518,0.001268199997866759,0.001268199997866759,2.6203447000007145,ok,-17.712265,17.712265
Chien,TSP-truncated_exponential-n500-g1000-3,13473.261,16397,0.006213400003616698,0.003106700001808349,0.003106700001808349,3.1635340999928303,ok,-17.83094,17.83094
Chien,TSP-truncated_exponential-n500-g10000-2,134138.9,161898,0.005297299998346716,0.002648649999173358,0.002648649999173358,4.216196299996227,ok,-17.146038,17.146038
Chien,TSP-truncated_exponential-n60-g10000-2,49564.773,61996,0.00010000000474974513,5.0000002374872565e-05,5.0000002374872565e-05,0.37838249999913387,ok,-20.05166,20.05166
Chien,TSP-truncated_exponential-n60-g10000-5,47945.594,57145,8.549999620299786e-05,4.274999810149893e-05,4.274999810149893e-05,0.1644300000043586,ok,-16.098358,16.098358
Chien,TSP-truncated_exponential-n70-g1000-3,5288.63,6328,9.88000028883107e-05,4.940000144415535e-05,4.940000144415535e-05,0.058155999999144115,ok,-16.424938,16.424938
Chien,TSP-truncated_exponential-n70-g1000-4,5205.278,6208,8.479999814881012e-05,4.239999907440506e-05,4.239999907440506e-05,0.12485959999321494,ok,-16.152098,16.152098
Chien,TSP-truncated_exponential-n600-g10000-3,146670.52,174914,0.003127600000880193,0.0015638000004400965,0.0015638000004400965,2.5016408000083175,ok,-16.14707,16.14707
Chien,TSP-truncated_exponential-n600-g10000-2,146900.1,174065,0.0040169999992940575,0.0020084999996470287,0.0020084999996470287,10.772619800001848,ok,-15.606186,15.606186
Chien,TSP-truncated_exponential-n600-g1000-4,14647.639,17679,0.005241300001216587,0.0026206500006082933,0.0026206500006082933,3.677389000004041,ok,-17.146679,17.146679
Chien,TSP-truncated_exponential-n600-g1000-1,14655.651,17399,0.0059738999989349395,0.0029869499994674698,0.0029869499994674698,10.212175900000148,ok,-15.767278,15.767278
Chien,TSP-truncated_exponential-n70-g10000-2,53810.766,65592,9.670000144978985e-05,4.8350000724894926e-05,4.8350000724894926e-05,0.2971544000029098,ok,-17.96139,17.96139
Chien,TSP-truncated_exponential-n70-g10000-4,54276.844,66938,9.300000237999484e-05,4.650000118999742e-05,4.650000118999742e-05,0.7296187999891117,ok,-18.914751,18.914751
Chien,TSP-truncated_exponential-n70-g1000-2,5377.831,6611,9.789999603526667e-05,4.8949998017633334e-05,4.8949998017633334e-05,0.15514439999242313,ok,-18.653288,18.653288
Chien,TSP-truncated_exponential-n70-g1000-1,5405.1133,6466,8.650000381749123e-05,4.325000190874562e-05,4.325000190874562e-05,0.21165920000930782,ok,-16.407156,16.407156
Chien,TSP-truncated_exponential-n600-g1000-3,14680.338,17850,0.004663699997763615,0.0023318499988818076,0.0023318499988818076,2.7886001000006218,ok,-17.75721,17.75721
Chien,TSP-truncated_exponential-n70-g10000-5,55453.68,67259,0.00011320000339765102,5.660000169882551e-05,5.660000169882551e-05,0.1323019999981625,ok,-17.55203,17.55203
Chien,TSP-truncated_exponential-n70-g10000-1,53945.715,63145,8.230000094044954e-05,4.115000047022477e-05,4.115000047022477e-05,0.19637260001036339,ok,-14.568509,14.568509
Chien,TSP-truncated_exponential-n600-g10000-4,147059.45,179838,0.0027847000019392,0.0013923500009696,0.0013923500009696,11.560473900011857,ok,-18.22671,18.22671
Chien,TSP-truncated_exponential-n600-g10000-5,146129.55,173690,0.007607400002598297,0.0038037000012991484,0.0038037000012991484,10.416173200006597,ok,-15.86761,15.86761
Chien,TSP-truncated_exponential-n600-g1000-2,14652.794,18017,0.005498500002431683,0.0027492500012158416,0.0027492500012158416,13.377880700005335,ok,-18.6724,18.6724
Chien,TSP-truncated_exponential-n8-g1000-3,1892.1387,2492,8.779999916441739e-05,4.389999958220869e-05,4.389999958220869e-05,0.20416819999809377,ok,-24.071482,24.071482
Chien,TSP-truncated_exponential-n600-g1000-5,14698.352,17762,0.008416500000748783,0.004208250000374392,0.004208250000374392,4.5571600000112085,ok,-17.248331,17.248331
Chien,TSP-truncated_exponential-n70-g10000-3,53664.98,63673,0.00011379999341443181,5.6899996707215905e-05,5.6899996707215905e-05,0.19060529999842402,ok,-15.717838,15.717838
Chien,TSP-truncated_exponential-n600-g10000-1,146349.89,177067,0.00985450000007404,0.00492725000003702,0.00492725000003702,3.631520900002215,ok,-17.347733,17.347733
Chien,TSP-truncated_exponential-n70-g1000-5,5267.0015,6778,8.589999924879521e-05,4.2949999624397606e-05,4.2949999624397606e-05,0.18696370000543538,ok,-22.29269,22.29269
Chien,TSP-truncated_exponential-n8-g1000-1,1822.8357,2417,7.760000153211877e-05,3.8800000766059384e-05,3.8800000766059384e-05,0.0814544000022579,ok,-24.582718,24.582718
Chien,TSP-truncated_exponential-n8-g10000-4,19569.703,25097,7.680000271648169e-05,3.840000135824084e-05,3.840000135824084e-05,0.17451040000014473,ok,-22.023735,22.023735
Chien,TSP-truncated_exponential-n8-g1000-4,1678.8234,2564,8.430000161752105e-05,4.2150000808760524e-05,4.2150000808760524e-05,0.04673430000548251,ok,-34.52327,34.52327
Chien,TSP-truncated_exponential-n700-g10000-2,156082.86,188058,0.006133500006399117,0.0030667500031995587,0.0030667500031995587,17.016480899997987,ok,-17.002808,17.002808
Chien,TSP-truncated_exponential-n8-g10000-3,19946.156,23941,7.840000034775585e-05,3.9200000173877925e-05,3.9200000173877925e-05,0.2171426999993855,ok,-16.686203,16.686203
Chien,TSP-truncated_exponential-n8-g10000-1,15941.94,24455,8.830000297166407e-05,4.4150001485832036e-05,4.4150001485832036e-05,0.1186230000021169,ok,-34.811123,34.811123
Chien,TSP-truncated_exponential-n700-g10000-1,157887.38,187862,0.005309999993187375,0.0026549999965936877,0.0026549999965936877,444.88808599999174,ok,-15.955661,15.955661
Chien,TSP-truncated_exponential-n8-g1000-2,2123.6826,2980,9.929999941959977e-05,4.9649999709799886e-05,4.9649999709799886e-05,0.05444520000310149,ok,-28.735483,28.735483
Chien,TSP-truncated_exponential-n80-g1000-1,5770.853,6538,0.00010960000508930534,5.480000254465267e-05,5.480000254465267e-05,0.25816100000520237,ok,-11.7336645,11.7336645
Chien,TSP-truncated_exponential-n700-g1000-2,15775.324,19182,0.006218599999556318,0.003109299999778159,0.003109299999778159,7.5607866999926046,ok,-17.759752,17.759752
Chien,TSP-truncated_exponential-n700-g1000-3,15782.017,19006,0.008128200002829544,0.004064100001414772,0.004064100001414772,11.388898500008509,ok,-16.962976,16.962976
Chien,TSP-truncated_exponential-n700-g1000-1,15783.368,19428,0.009357299997645896,0.004678649998822948,0.004678649998822948,5.695682100005797,ok,-18.759686,18.759686
Chien,TSP-truncated_exponential-n700-g1000-4,15768.106,18979,0.003461300002527423,0.0017306500012637116,0.0017306500012637116,6.533752999996068,ok,-16.918139,16.918139
Chien,TSP-truncated_exponential-n8-g10000-2,12364.889,17212,0.00010119999933522195,5.059999966761097e-05,5.059999966761097e-05,0.11884500000451226,ok,-28.161234,28.161234
Chien,TSP-truncated_exponential-n80-g10000-3,55895.746,64164,0.00010060000204248354,5.030000102124177e-05,5.030000102124177e-05,0.12855330000456888,ok,-12.8861265,12.8861265
Chien,TSP-truncated_exponential-n700-g10000-4,157410.05,190909,0.0029903999966336414,0.0014951999983168207,0.0014951999983168207,28.06956679999712,ok,-17.54708,17.54708
Chien,TSP-truncated_exponential-n80-g1000-3,5718.937,6915,0.00010929999552899972,5.464999776449986e-05,5.464999776449986e-05,0.5491981999948621,ok,-17.296644,17.296644
Chien,TSP-truncated_exponential-n700-g10000-5,157557.25,189874,0.0050652999998419546,0.0025326499999209773,0.0025326499999209773,5.156797800009372,ok,-17.020103,17.020103
Chien,TSP-truncated_exponential-n80-g1000-5,5768.7876,7108,9.940000018104911e-05,4.9700000090524554e-05,4.9700000090524554e-05,0.31885529999271967,ok,-18.840918,18.840918
Chien,TSP-truncated_exponential-n8-g1000-5,2080.5679,3197,0.00010179999662796035,5.089999831398018e-05,5.089999831398018e-05,0.04234759999962989,ok,-34.921246,34.921246
Chien,TSP-truncated_exponential-n8-g10000-5,20988.148,28059,9.099999442696571e-05,4.549999721348286e-05,4.549999721348286e-05,0.27362670000002254,ok,-25.199942,25.199942
Chien,TSP-truncated_exponential-n80-g1000-2,5730.9766,7210,0.00010299999848939478,5.149999924469739e-05,5.149999924469739e-05,0.5846137999906205,ok,-20.513502,20.513502
Chien,TSP-truncated_exponential-n80-g1000-4,5736.52,6703,0.00010720000136643648,5.360000068321824e-05,5.360000068321824e-05,0.3326336000027368,ok,-14.418618,14.418618
Chien,TSP-truncated_exponential-n80-g10000-1,56407.57,69201,0.00010130000009667128,5.065000004833564e-05,5.065000004833564e-05,0.3808035999973072,ok,-18.487349,18.487349
Chien,TSP-truncated_exponential-n80-g10000-4,55718.766,61976,0.00010509999992791563,5.2549999963957816e-05,5.2549999963957816e-05,0.12554340000497177,ok,-10.096221,10.096221
Chien,TSP-truncated_exponential-n80-g10000-5,57652.07,72206,0.00011030000314349309,5.515000157174654e-05,5.515000157174654e-05,0.7919456999952672,ok,-20.156122,20.156122
Chien,TSP-truncated_exponential-n90-g1000-1,5855.9717,6972,9.600000339560211e-05,4.8000001697801054e-05,4.8000001697801054e-05,0.21260110000730492,ok,-16.00729,16.00729
Chien,TSP-truncated_exponential-n80-g10000-2,55144.36,66112,0.00011089999316027388,5.544999658013694e-05,5.544999658013694e-05,0.10418560000834987,ok,-16.589485,16.589485
Chien,TSP-truncated_exponential-n90-g1000-2,6011.0117,7034,9.420000424142927e-05,4.7100002120714635e-05,4.7100002120714635e-05,0.19566430000122637,ok,-14.543478,14.543478
Chien,TSP-truncated_exponential-n90-g1000-3,6033.895,7038,0.00010719999409047887,5.3599997045239434e-05,5.3599997045239434e-05,1.6510513999965042,ok,-14.266909,14.266909
Chien,TSP-truncated_exponential-n90-g10000-2,58231.06,65675,9.259999933419749e-05,4.6299999667098746e-05,4.6299999667098746e-05,0.25122420000843704,ok,-11.334513,11.334513
Chien,TSP-truncated_exponential-n700-g10000-3,157811.38,186837,0.012076099999831058,0.006038049999915529,0.006038049999915529,4.971037100011017,ok,-15.535267,15.535267
Chien,TSP-truncated_exponential-n700-g1000-5,15791.28,18831,0.014985900001192931,0.0074929500005964655,0.0074929500005964655,3.8636980000010226,ok,-16.142105,16.142105
Chien,TSP-truncated_exponential-n800-g1000-4,16830.996,20259,0.007826100001693703,0.003913050000846852,0.003913050000846852,57.34619060000114,ok,-16.920895,16.920895
Chien,TSP-truncated_exponential-n90-g1000-4,5867.5186,6930,9.71000044955872e-05,4.85500022477936e-05,4.85500022477936e-05,0.5220962999883341,ok,-15.331623,15.331623
Chien,TSP-truncated_exponential-n800-g1000-2,16759.406,20175,0.006326399998215493,0.0031631999991077464,0.0031631999991077464,6.017228900003829,ok,-16.929832,16.929832
Chien,TSP-truncated_exponential-n90-g10000-3,61046.33,74850,0.00010749999637482688,5.374999818741344e-05,5.374999818741344e-05,0.3857248999993317,ok,-18.44178,18.44178
Chien,TSP-truncated_exponential-n800-g10000-5,168330.58,201949,0.0038994000060483813,0.0019497000030241907,0.0019497000030241907,7.663514800005942,ok,-16.646986,16.646986
Chien,TSP-truncated_exponential-n90-g10000-5,60259.86,69715,9.819999831961468e-05,4.909999915980734e-05,4.909999915980734e-05,0.3143764000124065,ok,-13.562563,13.562563
Chien,TSP-truncated_exponential-n90-g1000-5,5986.6826,6853,8.520000119460747e-05,4.260000059730373e-05,4.260000059730373e-05,0.3133582999871578,ok,-12.641433,12.641433
Chien,TSP-truncated_exponential-n800-g10000-2,168006.11,202341,0.004699400000390597,0.0023497000001952983,0.0023497000001952983,5.219515300006606,ok,-16.968826,16.968826
Chien,TSP-truncated_exponential-n90-g10000-1,60301.83,73301,9.1200003225822e-05,4.5600001612911e-05,4.5600001612911e-05,0.2502978999982588,ok,-17.733963,17.733963
Chien,TSP-truncated_exponential-n800-g1000-5,16808.445,20559,0.0036513000013655983,0.0018256500006827991,0.0018256500006827991,275.7566603999876,ok,-18.242886,18.242886
Chien,TSP-truncated_exponential-n800-g1000-1,16830.543,20348,0.008284800002002157,0.004142400001001079,0.004142400001001079,2.9449210000020685,ok,-17.2865,17.2865
Chien,TSP-truncated_exponential-n90-g10000-4,60286.24,73220,9.669999417383224e-05,4.834999708691612e-05,4.834999708691612e-05,0.6640833999990718,ok,-17.664248,17.664248
Chien,TSP-truncated_exponential-n800-g10000-1,167653.42,207066,0.009831700001086574,0.004915850000543287,0.004915850000543287,7.033711900003254,ok,-19.033823,19.033823
Chien,TSP-truncated_exponential-n800-g1000-3,16791.47,20201,0.009609699998691212,0.004804849999345606,0.004804849999345606,7.805563199988683,ok,-16.878023,16.878023
Chien,TSP-truncated_exponential-n900-g1000-1,17802.152,21338,0.004925799999909941,0.0024628999999549706,0.0024628999999549706,18.191402099997504,ok,-16.57066,16.57066
Chien,TSP-uniform_triangular-n10-g10000-1,20452.18,27793,7.670000195503235e-05,3.8350000977516174e-05,3.8350000977516174e-05,0.038115899995318614,ok,-26.412477,26.412477
Chien,TSP-uniform_triangular-n10-g1000-4,2046.2418,2598,7.280000136233866e-05,3.640000068116933e-05,3.640000068116933e-05,0.04834370000753552,ok,-21.237806,21.237806
Chien,TSP-truncated_exponential-n900-g10000-5,178392.8,214709,0.006099300000641961,0.0030496500003209803,0.0030496500003209803,14.337211800011573,ok,-16.91415,16.91415
Chien,TSP-uniform_triangular-n10-g1000-5,1942.6104,2598,8.97999998414889e-05,4.489999992074445e-05,4.489999992074445e-05,0.04393580000032671,ok,-25.2267,25.2267
Chien,TSP-uniform_triangular-n10-g1000-2,1710.0977,2466,9.679999493528157e-05,4.839999746764079e-05,4.839999746764079e-05,0.07378099999914411,ok,-30.652973,30.652973
Chien,TSP-uniform_triangular-n10-g1000-3,2073.9292,2780,9.059999865712598e-05,4.529999932856299e-05,4.529999932856299e-05,0.037010399988503195,ok,-25.398232,25.398232
Chien,TSP-uniform_triangular-n10-g10000-2,18001.82,21960,7.590000313939527e-05,3.795000156969763e-05,3.795000156969763e-05,0.03740960000141058,ok,-18.024498,18.024498
Chien,TSP-uniform_triangular-n10-g1000-1,1843.4065,2670,7.270000060088933e-05,3.635000030044466e-05,3.635000030044466e-05,0.039127099997131154,ok,-30.958557,30.958557
Chien,TSP-uniform_triangular-n10-g10000-4,18525.186,25658,9.259999933419749e-05,4.6299999667098746e-05,4.6299999667098746e-05,0.10192139999708161,ok,-27.799574,27.799574
Chien,TSP-uniform_triangular-n100-g10000-1,61217.887,72457,9.979999595088884e-05,4.989999797544442e-05,4.989999797544442e-05,0.19156780000776052,ok,-15.511425,15.511425
Chien,TSP-truncated_exponential-n800-g10000-4,168172.36,204181,0.013958499999716878,0.006979249999858439,0.006979249999858439,5.689506599999731,ok,-17.635647,17.635647
Chien,TSP-uniform_triangular-n100-g1000-1,5706.219,7095,9.750000026542693e-05,4.875000013271347e-05,4.875000013271347e-05,0.38197099999524653,ok,-19.574078,19.574078
Chien,TSP-truncated_exponential-n900-g10000-1,177816.5,210638,0.00394149999920046,0.00197074999960023,0.00197074999960023,4.239378199999919,ok,-15.581946,15.581946
Chien,TSP-truncated_exponential-n900-g1000-5,17776.037,21512,0.005757599996286444,0.002878799998143222,0.002878799998143222,21.06411059999664,ok,-17.366879,17.366879
Chien,TSP-uniform_triangular-n100-g1000-2,6180.9146,7566,0.00010910000128205866,5.455000064102933e-05,5.455000064102933e-05,0.45138180001231376,ok,-18.306707,18.306707
Chien,TSP-truncated_exponential-n900-g10000-2,178150.95,217885,0.003424200003792066,0.001712100001896033,0.001712100001896033,12.581449600009364,ok,-18.236246,18.236246
Chien,TSP-truncated_exponential-n900-g1000-4,17774.68,21743,0.004070800001500174,0.002035400000750087,0.002035400000750087,505.8864300000132,ok,-18.251024,18.251024
Chien,TSP-uniform_triangular-n100-g10000-2,59646.094,73999,0.00010080000356538221,5.0400001782691106e-05,5.0400001782691106e-05,0.38209810000262223,ok,-19.396082,19.396082
Chien,TSP-uniform_triangular-n100-g10000-3,61361.71,75205,0.0001036000030580908,5.18000015290454e-05,5.18000015290454e-05,0.49826790000952315,ok,-18.407406,18.407406
Chien,TSP-truncated_exponential-n900-g10000-3,178274.83,215086,0.007890900000347756,0.003945450000173878,0.003945450000173878,10.437070799991488,ok,-17.11463,17.11463
Chien,TSP-uniform_triangular-n100-g10000-4,59893.984,73229,0.00011349999840604141,5.674999920302071e-05,5.674999920302071e-05,0.7512664999958361,ok,-18.21002,18.21002
Chien,TSP-uniform_triangular-n10-g10000-3,19574.172,24214,8.800000068731606e-05,4.400000034365803e-05,4.400000034365803e-05,0.04058669999358244,ok,-19.161758,19.161758
Chien,TSP-uniform_triangular-n100-g1000-5,6105.35,7071,9.499999578110874e-05,4.749999789055437e-05,4.749999789055437e-05,2.3517431000072975,ok,-13.656484,13.656484
Chien,TSP-uniform_triangular-n10-g10000-5,14915.319,19647,7.269999332493171e-05,3.6349996662465855e-05,3.6349996662465855e-05,0.051638299992191605,ok,-24.083477,24.083477
Chien,TSP-truncated_exponential-n900-g10000-4,177515.95,215586,0.008933699995395727,0.004466849997697864,0.004466849997697864,20.03683060000185,ok,-17.658869,17.658869
Chien,TSP-uniform_triangular-n100-g10000-5,56641.992,65984,9.470000077271834e-05,4.735000038635917e-05,4.735000038635917e-05,0.3678485999989789,ok,-14.1579895,14.1579895
Chien,TSP-truncated_exponential-n900-g1000-2,17809.37,21377,0.015790500001457985,0.007895250000728993,0.007895250000728993,107.81922990000749,ok,-16.68911,16.68911
Chien,TSP-uniform_triangular-n100-g1000-4,5944.6646,6854,9.239999781129882e-05,4.619999890564941e-05,4.619999890564941e-05,0.7597837000066647,ok,-13.267222,13.267222
Chien,TSP-truncated_exponential-n800-g10000-3,167885.31,202869,0.018011400003160816,0.009005700001580408,0.009005700001580408,4.032514699996682,ok,-17.244473,17.244473
Chien,TSP-uniform_triangular-n100-g1000-3,6007.9434,7523,0.00010439999459777027,5.219999729888514e-05,5.219999729888514e-05,0.2793161000008695,ok,-20.138996,20.138996
Chien,TSP-uniform_triangular-n20-g1000-4,2870.041,3821,8.19000051706098e-05,4.09500025853049e-05,4.09500025853049e-05,0.15424040000652894,ok,-24.8877,24.8877
Chien,TSP-truncated_exponential-n900-g1000-3,17800.121,21764,0.014341199996124487,0.007170599998062244,0.007170599998062244,10.076480599993374,ok,-18.213007,18.213007
Chien,TSP-uniform_triangular-n20-g1000-3,2435.3965,3115,9.239999781129882e-05,4.619999890564941e-05,4.619999890564941e-05,0.041855899995425716,ok,-21.817127,21.817127
Chien,TSP-uniform_triangular-n20-g1000-5,3095.3552,3801,9.219999628840014e-05,4.609999814420007e-05,4.609999814420007e-05,0.1420730999961961,ok,-18.564714,18.564714
Chien,TSP-uniform_triangular-n20-g1000-1,2707.2383,3120,0.0001016000023810193,5.080000119050965e-05,5.080000119050965e-05,0.06552579998970032,ok,-13.229543,13.229543
Chien,TSP-uniform_triangular-n20-g1000-2,2366.5737,3077,9.789999603526667e-05,4.8949998017633334e-05,4.8949998017633334e-05,0.054151699994690716,ok,-23.088276,23.088276
Chien,TSP-uniform_triangular-n20-g10000-1,26887.65,31436,7.950000144774094e-05,3.975000072387047e-05,3.975000072387047e-05,0.043070899992017075,ok,-14.468601,14.468601
Chien,TSP-uniform_triangular-n200-g1000-3,8280.751,9944,0.00012599999899975955,6.299999949987978e-05,6.299999949987978e-05,1.410049700003583,ok,-16.726156,16.726156
Chien,TSP-uniform_triangular-n1000-g1000-2,18379.172,21762,0.004760600000736304,0.002380300000368152,0.002380300000368152,95.60107259999495,ok,-15.544656,15.544656
Chien,TSP-uniform_triangular-n200-g1000-1,8125.699,9508,0.00011349999840604141,5.674999920302071e-05,5.674999920302071e-05,0.9862868000054732,ok,-14.538291,14.538291
Chien,TSP-uniform_triangular-n1000-g10000-2,182599.39,213786,0.00855079999746522,0.00427539999873261,0.00427539999873261,5.789386899996316,ok,-14.58777,14.58777
Chien,TSP-uniform_triangular-n1000-g1000-5,18174.07,21233,0.003030599997146055,0.0015152999985730276,0.0015152999985730276,60.90263229999982,ok,-14.406488,14.406488
Chien,TSP-uniform_triangular-n20-g10000-5,26808.264,31335,9.940000018104911e-05,4.9700000090524554e-05,4.9700000090524554e-05,0.14119900000514463,ok,-14.446263,14.446263
Chien,TSP-uniform_triangular-n1000-g10000-1,184790.5,215362,0.008861199996317737,0.004430599998158868,0.004430599998158868,7.368569099984597,ok,-14.195402,14.195402
Chien,TSP-uniform_triangular-n200-g1000-4,8378.061,9962,0.00010590000601951033,5.2950003009755164e-05,5.2950003009755164e-05,1.4906371999968542,ok,-15.899813,15.899813
Chien,TSP-uniform_triangular-n200-g1000-2,8282.874,9935,0.00012679999781539664,6.339999890769832e-05,6.339999890769832e-05,1.4681482000014512,ok,-16.62935,16.62935
Chien,TSP-uniform_triangular-n1000-g10000-3,180306.16,213598,0.008350700001756195,0.0041753500008780975,0.0041753500008780975,11.144670300011057,ok,-15.586215,15.586215
Chien,TSP-uniform_triangular-n20-g10000-2,29901.184,39057,9.930000669555739e-05,4.965000334777869e-05,4.965000334777869e-05,0.12039070000173524,ok,-23.44219,23.44219
Chien,TSP-uniform_triangular-n20-g10000-3,25986.39,28959,9.229999704984948e-05,4.614999852492474e-05,4.614999852492474e-05,0.04300409999268595,ok,-10.26489,10.26489
Chien,TSP-uniform_triangular-n1000-g10000-5,183184.72,218764,0.005844600003911182,0.002922300001955591,0.002922300001955591,23.482761599996593,ok,-16.263775,16.263775
Chien,TSP-uniform_triangular-n1000-g1000-4,18528.223,21525,0.007640400006494019,0.0038202000032470096,0.0038202000032470096,168.18047389999265,ok,-13.92231,13.92231
Chien,TSP-uniform_triangular-n200-g10000-2,83071.82,100016,0.00012180000339867547,6.0900001699337736e-05,6.0900001699337736e-05,2.598225599998841,ok,-16.94147,16.94147
Chien,TSP-uniform_triangular-n200-g10000-1,83653.91,97287,0.00011049999739043415,5.524999869521707e-05,5.524999869521707e-05,1.366396999990684,ok,-14.013274,14.013274
Chien,TSP-uniform_triangular-n200-g1000-5,8338.392,9406,0.00012119999882997945,6.0599999414989725e-05,6.0599999414989725e-05,0.8812077999900794,ok,-11.350291,11.350291
Chien,TSP-uniform_triangular-n20-g10000-4,25865.05,34268,9.03999971342273e-05,4.519999856711365e-05,4.519999856711365e-05,0.10125909998896532,ok,-24.521273,24.521273
Chien,TSP-uniform_triangular-n30-g1000-2,3343.7646,4344,8.410000009462237e-05,4.205000004731119e-05,4.205000004731119e-05,0.0991340000036871,ok,-23.025675,23.025675
Chien,TSP-uniform_triangular-n30-g1000-5,2967.5227,3299,8.36000035633333e-05,4.180000178166665e-05,4.180000178166665e-05,0.04404320000321604,ok,-10.0478115,10.0478115
Chien,TSP-uniform_triangular-n200-g10000-5,83231.66,96125,0.00012140000035287812,6.070000017643906e-05,6.070000017643906e-05,0.5895320999989053,ok,-13.413101,13.413101
Chien,TSP-uniform_triangular-n30-g1000-4,3411.0974,4175,0.00010009999823523685,5.004999911761843e-05,5.004999911761843e-05,0.03524040000047535,ok,-18.297068,18.297068
Chien,TSP-uniform_triangular-n1000-g10000-4,184536.95,212579,0.004522099996393081,0.0022610499981965404,0.0022610499981965404,10.348479400010547,ok,-13.191353,13.191353
Chien,TSP-uniform_triangular-n200-g10000-3,83973.66,99992,0.00012509999942267314,6.254999971133657e-05,6.254999971133657e-05,2.162948700002744,ok,-16.019627,16.019627
Chien,TSP-uniform_triangular-n30-g10000-1,30959.57,40027,9.4600000011269e-05,4.73000000056345e-05,4.73000000056345e-05,0.06891190000169445,ok,-22.653284,22.653284
Chien,TSP-uniform_triangular-n30-g10000-2,34065.746,38650,8.579999848734587e-05,4.289999924367294e-05,4.289999924367294e-05,0.0448640999966301,ok,-11.860941,11.860941
Chien,TSP-uniform_triangular-n30-g10000-3,30432.605,40231,8.929999603424221e-05,4.4649998017121106e-05,4.4649998017121106e-05,0.062312000009114854,ok,-24.355333,24.355333
Chien,TSP-uniform_triangular-n300-g1000-2,10150.3955,11692,0.0007687000033911318,0.0003843500016955659,0.0003843500016955659,1.0158741000050213,ok,-13.1851225,13.1851225
Chien,TSP-uniform_triangular-n1000-g1000-3,18142.938,21841,0.014126999994914513,0.0070634999974572565,0.0070634999974572565,8.907673300011083,ok,-16.931746,16.931746
Chien,TSP-uniform_triangular-n200-g10000-4,84499.875,98589,0.00010849999671336263,5.424999835668132e-05,5.424999835668132e-05,1.3945509000041056,ok,-14.290768,14.290768
Chien,TSP-uniform_triangular-n300-g1000-3,10243.811,11961,0.0007878999967942946,0.0003939499983971473,0.0003939499983971473,3.5800809000065783,ok,-14.356571,14.356571
Chien,TSP-uniform_triangular-n30-g1000-3,3178.099,3959,9.510000381851569e-05,4.7550001909257844e-05,4.7550001909257844e-05,0.1262745999993058,ok,-19.724699,19.724699
Chien,TSP-uniform_triangular-n300-g10000-2,102521.0,121847,0.0022629000013694167,0.0011314500006847084,0.0011314500006847084,7.510787400009576,ok,-15.860875,15.860875
Chien,TSP-uniform_triangular-n30-g10000-4,31154.322,38728,8.890000026440248e-05,4.445000013220124e-05,4.445000013220124e-05,0.07114549999823794,ok,-19.556078,19.556078
Chien,TSP-uniform_triangular-n30-g10000-5,33461.902,41266,8.22000001790002e-05,4.11000000895001e-05,4.11000000895001e-05,0.06501019999268465,ok,-18.91169,18.91169
Chien,TSP-uniform_triangular-n300-g1000-5,10349.338,11922,0.0015762999973958358,0.0007881499986979179,0.0007881499986979179,1.1917872000049101,ok,-13.19126,13.19126
Chien,TSP-uniform_triangular-n40-g1000-3,3751.694,4864,9.599999611964449e-05,4.7999998059822246e-05,4.7999998059822246e-05,0.17867789999581873,ok,-22.868132,22.868132
Chien,TSP-uniform_triangular-n40-g10000-5,38569.99,47103,8.939999679569155e-05,4.4699998397845775e-05,4.4699998397845775e-05,0.12637440000253264,ok,-18.115644,18.115644
Chien,TSP-uniform_triangular-n40-g10000-4,38305.242,49679,9.839999984251335e-05,4.9199999921256676e-05,4.9199999921256676e-05,0.13802359999681357,ok,-22.894499,22.894499
Chien,TSP-uniform_triangular-n30-g1000-1,3204.371,3892,7.550000009359792e-05,3.775000004679896e-05,3.775000004679896e-05,0.054722400003811345,ok,-17.667753,17.667753
Chien,TSP-uniform_triangular-n400-g1000-1,11696.537,13705,0.0007851999980630353,0.00039259999903151765,0.00039259999903151765,4.24215569999069,ok,-14.654964,14.654964
Chien,TSP-uniform_triangular-n40-g10000-1,41622.94,52662,8.900000102585182e-05,4.450000051292591e-05,4.450000051292591e-05,0.09842680000292603,ok,-20.962095,20.962095
Chien,TSP-uniform_triangular-n40-g10000-2,38974.297,45123,8.86999987415038e-05,4.43499993707519e-05,4.43499993707519e-05,0.06620859999384265,ok,-13.626538,13.626538
Chien,TSP-uniform_triangular-n300-g10000-4,99352.664,119905,0.003863599995383993,0.0019317999976919964,0.0019317999976919964,2.4900805999932345,ok,-17.140516,17.140516
Chien,TSP-uniform_triangular-n300-g1000-1,10242.824,12042,0.003381000002264045,0.0016905000011320226,0.0016905000011320226,1.411576899990905,ok,-14.940839,14.940839
Chien,TSP-uniform_triangular-n40-g1000-2,3499.3008,4407,8.70000003487803e-05,4.350000017439015e-05,4.350000017439015e-05,0.0599930000025779,ok,-20.59676,20.59676
Chien,TSP-uniform_triangular-n300-g1000-4,10149.363,11690,0.0001632999992580153,8.164999962900765e-05,8.164999962900765e-05,3.8687978999951156,ok,-13.1791,13.1791
Chien,TSP-uniform_triangular-n300-g10000-1,100947.02,121897,0.003255600000557024,0.001627800000278512,0.001627800000278512,4.730563100005384,ok,-17.186623,17.186623
Chien,TSP-uniform_triangular-n1000-g1000-1,18420.545,21758,0.010041499997896608,0.005020749998948304,0.005020749998948304,6.220243300005677,ok,-15.33898,15.33898
Chien,TSP-uniform_triangular-n40-g1000-5,3937.812,4711,9.449999924981967e-05,4.724999962490983e-05,4.724999962490983e-05,0.04130440000153612,ok,-16.412397,16.412397
Chien,TSP-uniform_triangular-n40-g1000-1,3817.16,4644,0.00010109999857377261,5.0549999286886305e-05,5.0549999286886305e-05,0.05339739999908488,ok,-17.804482,17.804482
Chien,TSP-uniform_triangular-n300-g10000-5,99831.805,119328,0.002892999997129664,0.001446499998564832,0.001446499998564832,2.158868499987875,ok,-16.338326,16.338326
Chien,TSP-uniform_triangular-n400-g1000-3,11735.597,14312,0.00017339999612886459,8.669999806443229e-05,8.669999806443229e-05,25.691910099994857,ok,-18.0017,18.0017
Chien,TSP-uniform_triangular-n40-g1000-4,4063.4521,5454,9.030000364873558e-05,4.515000182436779e-05,4.515000182436779e-05,0.04572870000265539,ok,-25.495926,25.495926
Chien,TSP-uniform_triangular-n300-g10000-3,100400.42,116450,0.004478399998333771,0.0022391999991668854,0.0022391999991668854,2.0110162000055425,ok,-13.782377,13.782377
Chien,TSP-uniform_triangular-n40-g10000-3,39165.28,45668,7.170000026235357e-05,3.5850000131176785e-05,3.5850000131176785e-05,0.14810669999860693,ok,-14.239115,14.239115
Chien,TSP-uniform_triangular-n50-g1000-1,4358.704,5394,7.65999939176254e-05,3.82999969588127e-05,3.82999969588127e-05,0.21626929999911226,ok,-19.193472,19.193472
Chien,TSP-uniform_triangular-n5-g1000-4,1837.6439,2477,8.499999967170879e-05,4.2499999835854396e-05,4.2499999835854396e-05,0.1290967999957502,ok,-25.81171,25.81171
Chien,TSP-uniform_triangular-n5-g10000-4,9276.826,17232,8.570000500185415e-05,4.2850002500927076e-05,4.2850002500927076e-05,0.2638720000104513,ok,-46.16512,46.16512
Chien,TSP-uniform_triangular-n400-g1000-5,11654.606,13871,0.001055699998687487,0.0005278499993437435,0.0005278499993437435,5.402125900000101,ok,-15.978614,15.978614
Chien,TSP-uniform_triangular-n400-g10000-3,115988.305,134843,0.0009782000051927753,0.0004891000025963876,0.0004891000025963876,5.719065299999784,ok,-13.982703,13.982703
Chien,TSP-uniform_triangular-n5-g1000-5,1781.1838,2419,7.77000022935681e-05,3.885000114678405e-05,3.885000114678405e-05,0.08552090000011958,ok,-26.366934,26.366934
Chien,TSP-uniform_triangular-n5-g10000-5,19846.828,26796,8.719999459572136e-05,4.359999729786068e-05,4.359999729786068e-05,0.15634429999045096,ok,-25.933617,25.933617
Chien,TSP-uniform_triangular-n400-g1000-2,11769.398,13742,0.002284899994265288,0.001142449997132644,0.001142449997132644,5.4762487999978475,ok,-14.354545,14.354545
Chien,TSP-uniform_triangular-n5-g1000-1,1158.0925,1551,7.960000220919028e-05,3.980000110459514e-05,3.980000110459514e-05,0.4574391000060132,ok,-25.332525,25.332525
Chien,TSP-uniform_triangular-n50-g1000-2,4103.8335,4766,0.00010740000288933516,5.370000144466758e-05,5.370000144466758e-05,0.09536150000349153,ok,-13.893548,13.893548
Chien,TSP-uniform_triangular-n400-g10000-5,115221.13,137764,0.0035582999989856035,0.0017791499994928017,0.0017791499994928017,3.829834199990728,ok,-16.363394,16.363394
Chien,TSP-uniform_triangular-n50-g10000-4,42555.023,53406,8.299999899463728e-05,4.149999949731864e-05,4.149999949731864e-05,0.3292180999997072,ok,-20.317898,20.317898
Chien,TSP-uniform_triangular-n5-g1000-3,1825.7445,2554,9.480000153416768e-05,4.740000076708384e-05,4.740000076708384e-05,0.0457380000007106,ok,-28.51431,28.51431
Chien,TSP-uniform_triangular-n5-g10000-1,14368.171,18755,8.070000330917537e-05,4.0350001654587686e-05,4.0350001654587686e-05,0.23734790000889916,ok,-23.390184,23.390184
Chien,TSP-uniform_triangular-n50-g10000-3,43107.285,53897,0.00010939999629044905,5.4699998145224527e-05,5.4699998145224527e-05,0.11879370000679046,ok,-20.019138,20.019138
Chien,TSP-uniform_triangular-n400-g10000-4,117046.7,136495,0.0008294999934150837,0.00041474999670754187,0.00041474999670754187,5.1945746000128565,ok,-14.248358,14.248358
Chien,TSP-uniform_triangular-n50-g1000-5,4131.2607,5259,9.100000170292333e-05,4.5500000851461664e-05,4.5500000851461664e-05,0.06928369999513961,ok,-21.443987,21.443987
Chien,TSP-uniform_triangular-n5-g10000-3,11411.842,17033,8.569999772589654e-05,4.284999886294827e-05,4.284999886294827e-05,0.15653539999038912,ok,-33.001575,33.001575
Chien,TSP-uniform_triangular-n50-g1000-3,4366.3535,5124,7.999999797903001e-05,3.9999998989515007e-05,3.9999998989515007e-05,0.10216029999719467,ok,-14.786232,14.786232
Chien,TSP-uniform_triangular-n5-g1000-2,1408.2021,2000,9.790000331122428e-05,4.895000165561214e-05,4.895000165561214e-05,0.29695219999121036,ok,-29.589891,29.589891
Chien,TSP-uniform_triangular-n400-g10000-2,114516.96,133888,0.0029940000022179447,0.0014970000011089724,0.0014970000011089724,2.885844399992493,ok,-14.468092,14.468092
Chien,TSP-uniform_triangular-n50-g10000-1,43060.707,50423,8.200000593205914e-05,4.100000296602957e-05,4.100000296602957e-05,0.15758710000955034,ok,-14.601061,14.601061
Chien,TSP-uniform_triangular-n50-g10000-5,39990.066,47770,9.90999978967011e-05,4.954999894835055e-05,4.954999894835055e-05,0.14231840000138618,ok,-16.286234,16.286234
Chien,TSP-uniform_triangular-n400-g10000-1,114518.836,135634,0.0018315000052098185,0.0009157500026049092,0.0009157500026049092,2.5031051999976626,ok,-15.567751,15.567751
Chien,TSP-uniform_triangular-n50-g10000-2,41033.324,50370,0.00010760000441223383,5.3800002206116915e-05,5.3800002206116915e-05,0.3083958000061102,ok,-18.536182,18.536182
Chien,TSP-uniform_triangular-n400-g1000-4,11593.413,13464,0.004661299994040746,0.002330649997020373,0.002330649997020373,3.791962200004491,ok,-13.893249,13.893249
Chien,TSP-uniform_triangular-n500-g1000-5,12991.81,15196,0.002364500003750436,0.001182250001875218,0.001182250001875218,5.67578869999852,ok,-14.505071,14.505071
Chien,TSP-uniform_triangular-n5-g10000-2,11175.824,15758,8.24999951873906e-05,4.12499975936953e-05,4.12499975936953e-05,0.14323579998745117,ok,-29.07841,29.07841
Chien,TSP-uniform_triangular-n50-g1000-4,4418.001,5083,7.03999976394698e-05,3.51999988197349e-05,3.51999988197349e-05,0.08920810000563506,ok,-13.082806,13.082806
Chien,TSP-uniform_triangular-n500-g10000-4,128020.34,148726,0.0019210000027669594,0.0009605000013834797,0.0009605000013834797,7.273675799995544,ok,-13.922015,13.922015
Chien,TSP-uniform_triangular-n60-g1000-3,4825.732,5692,9.409999620402232e-05,4.704999810201116e-05,4.704999810201116e-05,0.12388110000756569,ok,-15.219047,15.219047
Chien,TSP-uniform_triangular-n500-g10000-1,131982.7,155159,0.002127799998561386,0.001063899999280693,0.001063899999280693,4.280106500009424,ok,-14.937126,14.937126
Chien,TSP-uniform_triangular-n500-g1000-3,12957.604,15017,0.0036978999996790662,0.0018489499998395331,0.0018489499998395331,2.912811000001966,ok,-13.713768,13.713768
Chien,TSP-uniform_triangular-n60-g1000-5,4686.9653,5689,9.270000009564683e-05,4.6350000047823414e-05,4.6350000047823414e-05,0.08094780000101309,ok,-17.613546,17.613546
Chien,TSP-uniform_triangular-n500-g1000-1,13061.94,15491,0.004821700000320561,0.0024108500001602806,0.0024108500001602806,5.692511699991883,ok,-15.680456,15.680456
Chien,TSP-uniform_triangular-n500-g10000-3,131208.86,156205,0.0034597999983816408,0.0017298999991908204,0.0017298999991908204,5.235114100010833,ok,-16.002138,16.002138
Chien,TSP-uniform_triangular-n500-g1000-2,13331.701,16061,0.002452900000207592,0.001226450000103796,0.001226450000103796,4.310285699990345,ok,-16.99333,16.99333
Chien,TSP-uniform_triangular-n60-g10000-2,47487.44,61276,9.240000508725643e-05,4.6200002543628216e-05,4.6200002543628216e-05,0.13029000000096858,ok,-22.50238,22.50238
Chien,TSP-uniform_triangular-n60-g1000-1,4710.61,5705,0.0001666999960434623,8.334999802173115e-05,8.334999802173115e-05,0.2479909000103362,ok,-17.430153,17.430153
Chien,TSP-uniform_triangular-n60-g10000-1,46878.934,55239,9.219999628840014e-05,4.609999814420007e-05,4.609999814420007e-05,0.13756719999946654,ok,-15.134356,15.134356
Chien,TSP-uniform_triangular-n60-g10000-4,43949.91,54532,9.870000212686136e-05,4.935000106343068e-05,4.935000106343068e-05,0.6207149999972899,ok,-19.405285,19.405285
Chien,TSP-uniform_triangular-n60-g10000-5,46882.33,55930,8.70000003487803e-05,4.350000017439015e-05,4.350000017439015e-05,0.15202599999611266,ok,-16.176779,16.176779
Chien,TSP-uniform_triangular-n60-g10000-3,47481.06,52534,7.850000110920519e-05,3.925000055460259e-05,3.925000055460259e-05,0.11176490000798367,ok,-9.618421,9.618421
Chien,TSP-uniform_triangular-n60-g1000-4,4640.054,5778,8.860000525601208e-05,4.430000262800604e-05,4.430000262800604e-05,0.07575840000936296,ok,-19.694458,19.694458
Chien,TSP-uniform_triangular-n500-g1000-4,13027.975,15434,0.006569199998921249,0.0032845999994606245,0.0032845999994606245,5.538398000004236,ok,-15.589124,15.589124
Chien,TSP-uniform_triangular-n500-g10000-2,130526.87,154814,0.0053256999963195994,0.0026628499981597997,0.0026628499981597997,2.6223631000029854,ok,-15.687944,15.687944
Chien,TSP-uniform_triangular-n70-g10000-2,47808.777,58121,9.62999984039925e-05,4.814999920199625e-05,4.814999920199625e-05,0.32703400000173133,ok,-17.74268,17.74268
Chien,TSP-uniform_triangular-n70-g1000-3,5021.293,6016,9.649999992689118e-05,4.824999996344559e-05,4.824999996344559e-05,6.287103499998921,ok,-16.534359,16.534359
Chien,TSP-uniform_triangular-n500-g10000-5,131013.305,154892,0.006417099997634068,0.003208549998817034,0.003208549998817034,3.025432800000999,ok,-15.416351,15.416351
Chien,TSP-uniform_triangular-n60-g1000-2,4746.9316,5323,9.280000085709617e-05,4.640000042854808e-05,4.640000042854808e-05,0.13327299999946263,ok,-10.82225,10.82225
Chien,TSP-uniform_triangular-n600-g1000-1,14430.909,17091,0.00342839999939315,0.001714199999696575,0.001714199999696575,7.305737999995472,ok,-15.564278,15.564278
Chien,TSP-uniform_triangular-n70-g1000-4,5065.374,6283,0.00010040000051958486,5.020000025979243e-05,5.020000025979243e-05,0.1889865999983158,ok,-19.37969,19.37969
Chien,TSP-uniform_triangular-n70-g1000-5,5214.8413,5831,0.00010099999781232327,5.0499998906161636e-05,5.0499998906161636e-05,0.17057470000872854,ok,-10.566947,10.566947
Chien,TSP-uniform_triangular-n600-g10000-5,142851.3,171914,0.002644499996677041,0.0013222499983385205,0.0013222499983385205,4.205813799999305,ok,-16.905373,16.905373
Chien,TSP-uniform_triangular-n600-g1000-5,14357.243,16864,0.005164499998500105,0.0025822499992500525,0.0025822499992500525,7.462122099997941,ok,-14.864545,14.864545
Chien,TSP-uniform_triangular-n70-g1000-1,5099.733,5918,0.0017578999977558851,0.0008789499988779426,0.0008789499988779426,0.2860698999866145,ok,-13.82675,13.82675
Chien,TSP-uniform_triangular-n600-g10000-2,141805.81,167899,0.0010017000022344291,0.0005008500011172146,0.0005008500011172146,1.981133299996145,ok,-15.541002,15.541002
Chien,TSP-uniform_triangular-n600-g10000-3,139492.06,167523,0.004888899995421525,0.0024444499977107625,0.0024444499977107625,7.21799689999898,ok,-16.73259,16.73259
Chien,TSP-uniform_triangular-n600-g1000-3,14359.927,16736,0.005805799999507144,0.002902899999753572,0.002902899999753572,3.024464399990393,ok,-14.197378,14.197378
Chien,TSP-uniform_triangular-n70-g10000-5,51120.82,60645,0.00010830000246642157,5.415000123321079e-05,5.415000123321079e-05,0.17355510000197683,ok,-15.704806,15.704806
Chien,TSP-uniform_triangular-n70-g10000-3,49239.39,61930,0.00010090000432683155,5.0450002163415775e-05,5.0450002163415775e-05,0.45644400001037866,ok,-20.491861,20.491861
Chien,TSP-uniform_triangular-n600-g1000-2,14253.593,16999,0.008305099996505305,0.004152549998252653,0.004152549998252653,4.447673999995459,ok,-16.150404,16.150404
Chien,TSP-uniform_triangular-n600-g10000-4,143179.2,168054,0.004403899998578709,0.0022019499992893543,0.0022019499992893543,6.6689427999954205,ok,-14.801669,14.801669
Chien,TSP-uniform_triangular-n70-g10000-4,51665.207,65509,0.00010140000085812062,5.070000042906031e-05,5.070000042906031e-05,0.18681289999221917,ok,-21.132658,21.132658
Chien,TSP-uniform_triangular-n8-g1000-1,1817.0942,2634,7.579999510198832e-05,3.789999755099416e-05,3.789999755099416e-05,0.07746670000778977,ok,-31.013885,31.013885
Chien,TSP-uniform_triangular-n70-g10000-1,49241.523,58369,0.00010379999730503187,5.189999865251593e-05,5.189999865251593e-05,0.21001650000107475,ok,-15.637541,15.637541
Chien,TSP-uniform_triangular-n700-g10000-4,155763.48,181002,0.0012324999988777563,0.0006162499994388781,0.0006162499994388781,6.1015310999937356,ok,-13.943776,13.943776
Chien,TSP-uniform_triangular-n8-g1000-5,1821.0767,2469,8.030000026337802e-05,4.015000013168901e-05,4.015000013168901e-05,0.29106570000294596,ok,-26.24234,26.24234
Chien,TSP-uniform_triangular-n70-g1000-2,5041.749,6046,9.549999958835542e-05,4.774999979417771e-05,4.774999979417771e-05,0.12887919999775477,ok,-16.61017,16.61017
Chien,TSP-uniform_triangular-n8-g1000-4,1589.9993,2204,7.610000466229394e-05,3.805000233114697e-05,3.805000233114697e-05,0.16488850000314415,ok,-27.85847,27.85847
Chien,TSP-uniform_triangular-n600-g10000-1,143499.17,168165,0.004494699998758733,0.0022473499993793666,0.0022473499993793666,5.980743899999652,ok,-14.667635,14.667635
Chien,TSP-uniform_triangular-n8-g10000-2,14622.915,23059,8.650000381749123e-05,4.325000190874562e-05,4.325000190874562e-05,0.36064290000649635,ok,-36.58478,36.58478
Chien,TSP-uniform_triangular-n8-g1000-2,1718.3477,2383,6.84000042383559e-05,3.420000211917795e-05,3.420000211917795e-05,0.05319530000269879,ok,-27.891413,27.891413
Chien,TSP-uniform_triangular-n8-g10000-4,19398.027,27073,8.709999383427203e-05,4.3549996917136014e-05,4.3549996917136014e-05,0.4745131000090623,ok,-28.349176,28.349176
Chien,TSP-uniform_triangular-n8-g1000-3,1537.0756,2134,7.580000237794593e-05,3.7900001188972965e-05,3.7900001188972965e-05,0.2708143000054406,ok,-27.972094,27.972094
Chien,TSP-uniform_triangular-n8-g10000-3,18981.025,24132,7.100000220816582e-05,3.550000110408291e-05,3.550000110408291e-05,0.5603211999987252,ok,-21.344997,21.344997
Chien,TSP-uniform_triangular-n8-g10000-5,17854.766,24747,8.05000017862767e-05,4.025000089313835e-05,4.025000089313835e-05,0.4846646999940276,ok,-27.850788,27.850788
Chien,TSP-uniform_triangular-n8-g10000-1,18088.943,25581,7.9699995694682e-05,3.9849997847341e-05,3.9849997847341e-05,0.2791293000045698,ok,-29.287582,29.287582
Chien,TSP-uniform_triangular-n700-g1000-3,15438.509,18323,0.006546100004925393,0.0032730500024626963,0.0032730500024626963,5.669278500005021,ok,-15.742461,15.742461
Chien,TSP-uniform_triangular-n600-g1000-4,14241.366,17142,0.009395799999765586,0.004697899999882793,0.004697899999882793,3.4802696999977343,ok,-16.921211,16.921211
Chien,TSP-uniform_triangular-n700-g10000-5,152912.64,177837,0.005119500005093869,0.0025597500025469344,0.0025597500025469344,3.367106400008197,ok,-14.015283,14.015283
Chien,TSP-uniform_triangular-n80-g1000-1,5197.625,6207,9.960000170394778e-05,4.980000085197389e-05,4.980000085197389e-05,0.28403990001243073,ok,-16.26188,16.26188
Chien,TSP-uniform_triangular-n700-g1000-4,15375.007,17884,0.0029358999963733368,0.0014679499981866684,0.0014679499981866684,9.668563100000028,ok,-14.029262,14.029262
Chien,TSP-uniform_triangular-n80-g1000-5,5384.1187,6905,9.599999611964449e-05,4.7999998059822246e-05,4.7999998059822246e-05,0.17145690000324976,ok,-22.025799,22.025799
Chien,TSP-uniform_triangular-n80-g1000-4,5280.7197,6371,9.339999814983457e-05,4.669999907491729e-05,4.669999907491729e-05,0.8551331000053324,ok,-17.113173,17.113173
Chien,TSP-uniform_triangular-n700-g1000-5,15386.823,18345,0.004702700003690552,0.002351350001845276,0.002351350001845276,138.67181749999872,ok,-16.125248,16.125248
Chien,TSP-uniform_triangular-n80-g10000-2,50969.023,60470,8.610000077169389e-05,4.305000038584694e-05,4.305000038584694e-05,0.5580118999932893,ok,-15.7118845,15.7118845
Chien,TSP-uniform_triangular-n80-g1000-2,5420.7188,6256,9.62999984039925e-05,4.814999920199625e-05,4.814999920199625e-05,0.37982100000954233,ok,-13.351682,13.351682
Chien,TSP-uniform_triangular-n700-g10000-1,150874.12,176040,0.008980400001746602,0.004490200000873301,0.004490200000873301,9.548518799987505,ok,-14.295544,14.295544
Chien,TSP-uniform_triangular-n80-g1000-3,5464.6157,6364,8.429999434156343e-05,4.214999717078172e-05,4.214999717078172e-05,0.33627529999648686,ok,-14.132375,14.132375
Chien,TSP-uniform_triangular-n700-g1000-1,15292.056,18184,0.0036653999995905906,0.0018326999997952953,0.0018326999997952953,5.489431999987573,ok,-15.903786,15.903786
Chien,TSP-uniform_triangular-n80-g10000-1,55925.39,71653,9.929999941959977e-05,4.9649999709799886e-05,4.9649999709799886e-05,0.1281788000051165,ok,-21.949688,21.949688
Chien,TSP-uniform_triangular-n80-g10000-3,54112.188,59691,0.00010140000085812062,5.070000042906031e-05,5.070000042906031e-05,0.4073850999993738,ok,-9.346153,9.346153
Chien,TSP-uniform_triangular-n80-g10000-4,51731.75,60580,0.00010040000051958486,5.020000025979243e-05,5.020000025979243e-05,0.1635413000039989,ok,-14.605893,14.605893
Chien,TSP-uniform_triangular-n700-g10000-3,151470.52,180331,0.010158199998841155,0.005079099999420578,0.005079099999420578,6.642513899991172,ok,-16.004171,16.004171
Chien,TSP-uniform_triangular-n800-g1000-4,16409.219,19568,0.002122699996107258,0.001061349998053629,0.001061349998053629,9.366235900000902,ok,-16.142586,16.142586
Chien,TSP-uniform_triangular-n700-g10000-2,154420.3,182013,0.007463400004780851,0.0037317000023904257,0.0037317000023904257,6.5827489999937825,ok,-15.159742,15.159742
Chien,TSP-uniform_triangular-n90-g1000-1,5400.707,6943,0.00011600000289035961,5.8000001445179805e-05,5.8000001445179805e-05,0.24918470000557136,ok,-22.21364,22.21364
Chien,TSP-uniform_triangular-n700-g1000-2,15590.4375,18151,0.009628699997847434,0.004814349998923717,0.004814349998923717,4.003154899997753,ok,-14.107005,14.107005
Chien,TSP-uniform_triangular-n90-g1000-5,5711.5337,6706,0.00011129999620607123,5.5649998103035614e-05,5.5649998103035614e-05,0.1594521000079112,ok,-14.8295,14.8295
Chien,TSP-uniform_triangular-n90-g10000-4,56221.918,66666,9.43000050028786e-05,4.71500025014393e-05,4.71500025014393e-05,0.46317860000999644,ok,-15.666279,15.666279
Chien,TSP-uniform_triangular-n90-g10000-1,53558.55,58861,9.340000542579219e-05,4.6700002712896094e-05,4.6700002712896094e-05,0.11604629999783356,ok,-9.008426,9.008426
Chien,TSP-uniform_triangular-n90-g1000-4,5453.927,6651,9.439999848837033e-05,4.7199999244185165e-05,4.7199999244185165e-05,0.6170681999938097,ok,-17.998394,17.998394
Chien,TSP-uniform_triangular-n90-g1000-3,5880.741,7056,8.38999985717237e-05,4.194999928586185e-05,4.194999928586185e-05,0.2774613999936264,ok,-16.656162,16.656162
Chien,TSP-uniform_triangular-n90-g1000-2,5710.9253,6475,9.409999620402232e-05,4.704999810201116e-05,4.704999810201116e-05,0.18472340000153054,ok,-11.800382,11.800382
Chien,TSP-uniform_triangular-n90-g10000-3,55253.64,68097,9.310000314144418e-05,4.655000157072209e-05,4.655000157072209e-05,0.8171608000120614,ok,-18.86039,18.86039
Chien,TSP-uniform_triangular-n800-g10000-3,162659.33,190844,0.004309200005081948,0.002154600002540974,0.002154600002540974,266.0861375999957,ok,-14.7684355,14.7684355
Chien,TSP-uniform_triangular-n90-g10000-5,56081.508,69270,8.499999967170879e-05,4.2499999835854396e-05,4.2499999835854396e-05,0.621979100003955,ok,-19.039255,19.039255
Chien,TSP-uniform_triangular-n800-g1000-2,16427.328,19286,0.005337000002327841,0.0026685000011639204,0.0026685000011639204,6.982036899993545,ok,-14.822523,14.822523
Chien,TSP-uniform_triangular-n800-g1000-1,16497.5,19768,0.007630699998117052,0.003815349999058526,0.003815349999058526,11.530591999995522,ok,-16.544415,16.544415
Chien,TSP-uniform_triangular-n800-g1000-3,16370.651,19373,0.007252199997310527,0.0036260999986552633,0.0036260999986552633,4.906467000007979,ok,-15.497592,15.497592
Chien,TSP-uniform_triangular-n800-g10000-1,163237.9,188238,0.006129000001237728,0.003064500000618864,0.003064500000618864,6.105051599995932,ok,-13.281109,13.281109
Chien,TSP-uniform_triangular-n800-g1000-5,16269.384,18981,0.003832099995634053,0.0019160499978170265,0.0019160499978170265,12.430766299992683,ok,-14.285951,14.285951
Chien,TSP-uniform_triangular-n90-g10000-2,59173.688,70791,0.0001078000059351325,5.390000296756625e-05,5.390000296756625e-05,2.124446200003149,ok,-16.410719,16.410719
Chien,TSP-uniform_triangular-n80-g10000-5,51390.55,61542,9.479999425821006e-05,4.739999712910503e-05,4.739999712910503e-05,0.10587129999476019,ok,-16.495155,16.495155
Chien,TSP-uniform_triangular-n800-g10000-4,163721.89,189302,0.00857430000178283,0.004287150000891415,0.004287150000891415,10.015357299998868,ok,-13.512857,13.512857
Chien,TSP-uniform_triangular-n900-g1000-4,17561.19,20728,0.005386299999372568,0.002693149999686284,0.002693149999686284,7.775877199994284,ok,-15.277936,15.277936
Chien,TSP-x_central-n10-g1000-3,1923.0825,2226,7.139999797800556e-05,3.569999898900278e-05,3.569999898900278e-05,0.08083089999854565,ok,-13.608153,13.608153
Chien,TSP-uniform_triangular-n800-g10000-5,164339.23,192954,0.00950899999588728,0.00475449999794364,0.00475449999794364,7.735573900019517,ok,-14.829838,14.829838
Chien,TSP-x_central-n10-g10000-1,17116.969,24763,7.509999704780057e-05,3.7549998523900285e-05,3.7549998523900285e-05,0.04182450000371318,ok,-30.876837,30.876837
Chien,TSP-x_central-n10-g1000-2,2154.9907,2866,8.920000254875049e-05,4.4600001274375245e-05,4.4600001274375245e-05,0.06476759999350179,ok,-24.808418,24.808418
Chien,TSP-uniform_triangular-n900-g1000-5,17325.72,20530,0.0014277999944170006,0.0007138999972085003,0.0007138999972085003,54.39791149999655,ok,-15.607791,15.607791
Chien,TSP-x_central-n10-g1000-4,2134.7134,2785,8.840000373311341e-05,4.4200001866556704e-05,4.4200001866556704e-05,0.042448699998203665,ok,-23.34961,23.34961
Chien,TSP-x_central-n10-g10000-4,19304.172,25324,7.88000033935532e-05,3.94000016967766e-05,3.94000016967766e-05,0.039530499998363666,ok,-23.771236,23.771236
Chien,TSP-uniform_triangular-n900-g10000-3,173245.81,200020,0.004672499999287538,0.002336249999643769,0.002336249999643769,10.554437599988887,ok,-13.385755,13.385755
Chien,TSP-x_central-n10-g10000-2,18934.96,25768,7.639999967068434e-05,3.819999983534217e-05,3.819999983534217e-05,0.038138099989737384,ok,-26.517538,26.517538
Chien,TSP-x_central-n100-g1000-4,6185.8467,6580,0.00010550000297371298,5.275000148685649e-05,5.275000148685649e-05,0.3278513999975985,ok,-5.9901724,5.9901724
Chien,TSP-x_central-n10-g1000-1,2179.6255,2584,7.570000161649659e-05,3.7850000808248296e-05,3.7850000808248296e-05,0.04906819999450818,ok,-15.649168,15.649168
Chien,TSP-x_central-n10-g1000-5,2276.3015,3056,7.160000677686185e-05,3.580000338843092e-05,3.580000338843092e-05,0.0849168999993708,ok,-25.513693,25.513693
Chien,TSP-uniform_triangular-n900-g1000-3,17471.773,20533,0.009010699999635108,0.004505349999817554,0.004505349999817554,228.70328859999427,ok,-14.9088125,14.9088125
Chien,TSP-uniform_triangular-n900-g1000-2,17362.988,20243,0.0053047999972477555,0.0026523999986238778,0.0026523999986238778,9.895417499996256,ok,-14.227198,14.227198
Chien,TSP-x_central-n10-g10000-3,22533.287,29981,7.860000187065452e-05,3.930000093532726e-05,3.930000093532726e-05,0.04517219999979716,ok,-24.841442,24.841442
Chien,TSP-x_central-n100-g1000-5,6188.5493,6703,9.839999984251335e-05,4.9199999921256676e-05,4.9199999921256676e-05,0.25569359998917207,ok,-7.6749315,7.6749315
Chien,TSP-x_central-n10-g10000-5,20963.201,27001,8.339999476447701e-05,4.169999738223851e-05,4.169999738223851e-05,0.037459200000739656,ok,-22.361391,22.361391
Chien,TSP-x_central-n100-g10000-2,58781.586,64732,0.00010679999832063913,5.339999916031957e-05,5.339999916031957e-05,0.9099490999942645,ok,-9.192384,9.192384
Chien,TSP-uniform_triangular-n900-g10000-1,175030.73,203686,0.005232200004684273,0.0026161000023421366,0.0026161000023421366,4.311926099995617,ok,-14.068354,14.068354
Chien,TSP-uniform_triangular-n900-g1000-1,17511.148,20378,0.0064388999962829985,0.0032194499981414992,0.0032194499981414992,8.067698500002734,ok,-14.068365,14.068365
Chien,TSP-uniform_triangular-n900-g10000-4,174631.36,208033,0.00915779999922961,0.004578899999614805,0.004578899999614805,20.23329139998532,ok,-16.055935,16.055935
Chien,TSP-x_central-n100-g1000-2,6239.988,6490,0.00010569999722065404,5.284999861032702e-05,5.284999861032702e-05,0.4620758999953978,ok,-3.8522682,3.8522682
Chien,TSP-uniform_triangular-n800-g10000-2,162265.61,193723,0.011559499995200895,0.005779749997600447,0.005779749997600447,9.740613000001758,ok,-16.238335,16.238335
Chien,TSP-x_central-n100-g1000-1,6172.9272,6810,0.00011810000432888046,5.905000216444023e-05,5.905000216444023e-05,0.23730200000863988,ok,-9.3549595,9.3549595
Chien,TSP-x_central-n100-g10000-1,58334.188,69189,0.00011169999925186858,5.584999962593429e-05,5.584999962593429e-05,1.7534918000019388,ok,-15.688639,15.688639
Chien,TSP-x_central-n100-g1000-3,6326.813,6900,0.00010140000085812062,5.070000042906031e-05,5.070000042906031e-05,0.27918379999755416,ok,-8.307058,8.307058
Chien,TSP-uniform_triangular-n900-g10000-5,175913.73,206129,0.010501099997782148,0.005250549998891074,0.005250549998891074,21.222674599994207,ok,-14.658425,14.658425
Chien,TSP-x_central-n20-g1000-1,3175.8223,3805,9.449999924981967e-05,4.724999962490983e-05,4.724999962490983e-05,0.1573733999975957,ok,-16.535551,16.535551
Chien,TSP-x_central-n100-g10000-5,62741.477,67007,8.710000111022964e-05,4.355000055511482e-05,4.355000055511482e-05,0.13793409999925643,ok,-6.365788,6.365788
Chien,TSP-x_central-n1000-g1000-1,18246.732,20232,0.006262399998377077,0.0031311999991885386,0.0031311999991885386,18.986079299997073,ok,-9.812513,9.812513
Chien,TSP-x_central-n1000-g1000-5,18558.033,20631,0.0046022999958950095,0.0023011499979475047,0.0023011499979475047,34.49818020001112,ok,-10.047826,10.047826
Chien,TSP-x_central-n20-g10000-1,28317.496,34795,9.330000466434285e-05,4.6650002332171425e-05,4.6650002332171425e-05,0.04291269999521319,ok,-18.616192,18.616192
Chien,TSP-x_central-n20-g1000-4,3067.978,3496,8.449999586446211e-05,4.2249997932231054e-05,4.2249997932231054e-05,0.14981360000092536,ok,-12.243191,12.243191
Chien,TSP-x_central-n20-g10000-2,31062.965,36505,8.650000381749123e-05,4.325000190874562e-05,4.325000190874562e-05,0.04671260000031907,ok,-14.907643,14.907643
Chien,TSP-x_central-n100-g10000-3,60752.08,69079,9.169999975711107e-05,4.5849999878555536e-05,4.5849999878555536e-05,0.8462066999927629,ok,-12.054201,12.054201
Chien,TSP-x_central-n20-g1000-2,2786.4656,3445,7.680000271648169e-05,3.840000135824084e-05,3.840000135824084e-05,0.1566205999988597,ok,-19.115658,19.115658
Chien,TSP-x_central-n20-g1000-3,2726.8901,3474,8.340000204043463e-05,4.1700001020217314e-05,4.1700001020217314e-05,0.15289179999672342,ok,-21.505754,21.505754
Chien,TSP-x_central-n20-g1000-5,2672.0652,2980,8.099999831756577e-05,4.0499999158782884e-05,4.0499999158782884e-05,0.15349910000804812,ok,-10.333384,10.333384
Chien,TSP-uniform_triangular-n900-g10000-2,173605.34,205376,0.010753000002296176,0.005376500001148088,0.005376500001148088,11.75389239998185,ok,-15.469508,15.469508
Chien,TSP-x_central-n100-g10000-4,61143.55,68331,0.00011100000119768083,5.5500000598840415e-05,5.5500000598840415e-05,0.2717040999996243,ok,-10.518578,10.518578
Chien,TSP-x_central-n1000-g1000-2,18377.031,20370,0.006045199996151496,0.003022599998075748,0.003022599998075748,9.945615799995721,ok,-9.783842,9.783842
Chien,TSP-x_central-n1000-g10000-2,185544.69,204313,0.003653899999335408,0.001826949999667704,0.001826949999667704,12.821099799999502,ok,-9.186059,9.186059
Chien,TSP-x_central-n1000-g10000-3,185018.72,204355,0.004914199998893309,0.0024570999994466547,0.0024570999994466547,6.575648700003512,ok,-9.462103,9.462103
Chien,TSP-x_central-n200-g1000-3,8369.144,9515,0.00012340000102994964,6.170000051497482e-05,6.170000051497482e-05,4.1945337999932235,ok,-12.042632,12.042632
Chien,TSP-x_central-n20-g10000-5,29683.77,33005,9.100000170292333e-05,4.5500000851461664e-05,4.5500000851461664e-05,0.043387300000176765,ok,-10.06281,10.06281
Chien,TSP-x_central-n1000-g1000-4,18451.314,20537,0.0060868000000482425,0.0030434000000241213,0.0030434000000241213,13.117404799995711,ok,-10.1557455,10.1557455
Chien,TSP-x_central-n20-g10000-4,30192.63,34516,8.909999451134354e-05,4.454999725567177e-05,4.454999725567177e-05,0.04313229999388568,ok,-12.525696,12.525696
Chien,TSP-x_central-n1000-g10000-1,184227.9,204166,0.006425799998396542,0.003212899999198271,0.003212899999198271,16.461308400001144,ok,-9.765629,9.765629
Chien,TSP-x_central-n1000-g1000-3,18517.291,20853,0.010416999997687526,0.005208499998843763,0.005208499998843763,11.459918099993956,ok,-11.2008295,11.2008295
Chien,TSP-x_central-n200-g10000-1,85648.4,97936,0.00012390000483719632,6.195000241859816e-05,6.195000241859816e-05,2.209428999994998,ok,-12.546563,12.546563
Chien,TSP-x_central-n200-g1000-2,8305.98,9044,0.0001253000009455718,6.26500004727859e-05,6.26500004727859e-05,0.9782071000081487,ok,-8.160322,8.160322
Chien,TSP-x_central-n200-g1000-5,8444.997,8834,0.00012520000018412247,6.260000009206124e-05,6.260000009206124e-05,1.6524760999891441,ok,-4.4034743,4.4034743
Chien,TSP-x_central-n200-g10000-2,81270.12,86972,0.00013139999646227807,6.569999823113903e-05,6.569999823113903e-05,0.5911682000005385,ok,-6.5559983,6.5559983
Chien,TSP-x_central-n30-g1000-4,3528.0715,4113,8.630000229459256e-05,4.315000114729628e-05,4.315000114729628e-05,0.041284200007794425,ok,-14.221456,14.221456
Chien,TSP-x_central-n30-g10000-1,29660.129,33895,8.630000229459256e-05,4.315000114729628e-05,4.315000114729628e-05,0.04129709998960607,ok,-12.494088,12.494088
Chien,TSP-x_central-n1000-g10000-4,185296.12,205450,0.004018100000394043,0.0020090500001970213,0.0020090500001970213,6.164587799998117,ok,-9.809626,9.809626
Chien,TSP-x_central-n30-g1000-3,3409.3462,4075,8.749999688006938e-05,4.374999844003469e-05,4.374999844003469e-05,0.11194909999903757,ok,-16.335062,16.335062
Chien,TSP-x_central-n20-g10000-3,24603.658,30141,8.920000254875049e-05,4.4600001274375245e-05,4.4600001274375245e-05,0.0960930000001099,ok,-18.37146,18.37146
Chien,TSP-x_central-n200-g10000-3,86155.55,93922,0.00013390000094659626,6.695000047329813e-05,6.695000047329813e-05,1.2030369999993127,ok,-8.269046,8.269046
Chien,TSP-x_central-n30-g1000-5,3606.3943,3999,9.609999688109383e-05,4.8049998440546915e-05,4.8049998440546915e-05,0.0853732000105083,ok,-9.817597,9.817597
Chien,TSP-x_central-n200-g10000-5,83851.75,95591,0.00011549999908311293,5.774999954155646e-05,5.774999954155646e-05,3.163755500005209,ok,-12.280706,12.280706
Chien,TSP-x_central-n200-g1000-1,8570.08,9948,0.0001140000022132881,5.700000110664405e-05,5.700000110664405e-05,2.292908699993859,ok,-13.851225,13.851225
Chien,TSP-x_central-n200-g1000-4,8654.384,9379,0.0001205000007757917,6.025000038789585e-05,6.025000038789585e-05,1.0917949000140652,ok,-7.725943,7.725943
Chien,TSP-x_central-n30-g1000-2,3604.9287,4135,9.270000009564683e-05,4.6350000047823414e-05,4.6350000047823414e-05,0.0892628000001423,ok,-12.819137,12.819137
Chien,TSP-x_central-n30-g10000-2,33214.023,41479,7.850000110920519e-05,3.925000055460259e-05,3.925000055460259e-05,0.04394670001056511,ok,-19.92569,19.92569
Chien,TSP-x_central-n30-g10000-3,32373.027,39394,8.510000043315813e-05,4.2550000216579065e-05,4.2550000216579065e-05,0.11240490000636782,ok,-17.822441,17.822441
Chien,TSP-x_central-n30-g10000-4,36315.906,43091,8.140000136336312e-05,4.070000068168156e-05,4.070000068168156e-05,0.15278280001075473,ok,-15.722757,15.722757
Chien,TSP-x_central-n30-g1000-1,3509.4565,4052,8.449999586446211e-05,4.2249997932231054e-05,4.2249997932231054e-05,0.05937370000174269,ok,-13.3895235,13.3895235
Chien,TSP-x_central-n1000-g10000-5,183623.47,202450,0.008505800004058983,0.004252900002029492,0.004252900002029492,11.06599180001649,ok,-9.299348,9.299348
Chien,TSP-x_central-n300-g1000-3,10261.731,11509,0.0008281999980681576,0.0004140999990340788,0.0004140999990340788,3.657017799996538,ok,-10.837332,10.837332
Chien,TSP-x_central-n300-g1000-2,10147.867,11186,0.00016209999739658087,8.104999869829044e-05,8.104999869829044e-05,2.1282528000010643,ok,-9.280643,9.280643
Chien,TSP-x_central-n40-g10000-1,39306.434,46078,9.470000077271834e-05,4.735000038635917e-05,4.735000038635917e-05,0.06236860000353772,ok,-14.695877,14.695877
Chien,TSP-x_central-n30-g10000-5,32734.066,38927,0.00010109999857377261,5.0549999286886305e-05,5.0549999286886305e-05,0.08007479998923372,ok,-15.909095,15.909095
Chien,TSP-x_central-n300-g10000-3,102291.125,109706,0.0014425000044866465,0.0007212500022433233,0.0007212500022433233,5.164604899997357,ok,-6.7588596,6.7588596
Chien,TSP-x_central-n40-g10000-2,39988.098,44257,9.560000034980476e-05,4.780000017490238e-05,4.780000017490238e-05,0.22632510001130868,ok,-9.645711,9.645711
Chien,TSP-x_central-n40-g1000-3,3801.7422,4447,9.499999578110874e-05,4.749999789055437e-05,4.749999789055437e-05,0.06892550000338815,ok,-14.509958,14.509958
Chien,TSP-x_central-n300-g10000-5,101413.11,111197,0.0010311000005458482,0.0005155500002729241,0.0005155500002729241,2.8557293000048958,ok,-8.798699,8.798699
Chien,TSP-x_central-n300-g1000-4,10390.947,11792,0.0018972000034409575,0.0009486000017204788,0.0009486000017204788,3.291563699996914,ok,-11.881384,11.881384
Chien,TSP-x_central-n40-g10000-3,40792.906,48733,9.639999916544184e-05,4.819999958272092e-05,4.819999958272092e-05,0.07521370000904426,ok,-16.293053,16.293053
Chien,TSP-x_central-n40-g1000-1,4079.475,4717,9.390000195708126e-05,4.695000097854063e-05,4.695000097854063e-05,0.05089489999227226,ok,-13.515474,13.515474
Chien,TSP-x_central-n300-g10000-1,104027.875,116585,0.0033011000050464645,0.0016505500025232323,0.0016505500025232323,12.376237200005562,ok,-10.770789,10.770789
Chien,TSP-x_central-n40-g10000-5,39685.08,45193,8.900000102585182e-05,4.450000051292591e-05,4.450000051292591e-05,0.33258060000662226,ok,-12.187555,12.187555
Chien,TSP-x_central-n300-g10000-2,102534.87,116819,0.0007870000044931658,0.0003935000022465829,0.0003935000022465829,4.107512700007646,ok,-12.227577,12.227577
Chien,TSP-x_central-n40-g1000-5,3994.321,4705,7.439999899361283e-05,3.719999949680641e-05,3.719999949680641e-05,0.05754219999653287,ok,-15.10476,15.10476
Chien,TSP-x_central-n300-g10000-4,103380.016,116500,0.00101120000181254,0.00050560000090627,0.00050560000090627,1.442820299998857,ok,-11.261789,11.261789
Chien,TSP-x_central-n200-g10000-4,82209.516,88932,0.00012990000686841086,6.495000343420543e-05,6.495000343420543e-05,0.9584848999948008,ok,-7.5591288,7.5591288
Chien,TSP-x_central-n300-g1000-1,10282.553,11206,0.00016879999748198316,8.439999874099158e-05,8.439999874099158e-05,1.9687450000055833,ok,-8.24065,8.24065
Chien,TSP-x_central-n400-g1000-1,11727.419,12623,0.00019099999917671084,9.549999958835542e-05,9.549999958835542e-05,3.0487341999978526,ok,-7.0948353,7.0948353
Chien,TSP-x_central-n400-g10000-5,115967.87,127578,0.00017220000154338777,8.610000077169389e-05,8.610000077169389e-05,7.2639613000064855,ok,-9.100419,9.100419
Chien,TSP-x_central-n40-g10000-4,34152.223,40391,8.870000601746142e-05,4.435000300873071e-05,4.435000300873071e-05,0.15554780000820756,ok,-15.445959,15.445959
Chien,TSP-x_central-n400-g1000-5,11783.157,13328,0.0027664999943226576,0.0013832499971613288,0.0013832499971613288,2.6642310000024736,ok,-11.590957,11.590957
Chien,TSP-x_central-n40-g1000-4,3889.801,4375,8.179999713320285e-05,4.0899998566601425e-05,4.0899998566601425e-05,0.0459506000042893,ok,-11.090262,11.090262
Chien,TSP-x_central-n400-g10000-4,116690.06,130012,0.0011949999970966019,0.0005974999985483009,0.0005974999985483009,2.988038700001198,ok,-10.246698,10.246698
Chien,TSP-x_central-n400-g1000-3,11779.329,13270,0.0036946000036550686,0.0018473000018275343,0.0018473000018275343,2.1200391000020318,ok,-11.23339,11.23339
Chien,TSP-x_central-n300-g1000-5,10151.688,11492,0.00266100000590086,0.00133050000295043,0.00133050000295043,4.994395500005339,ok,-11.662996,11.662996
Chien,TSP-x_central-n5-g1000-1,2173.9595,3194,8.009999874047935e-05,4.0049999370239675e-05,4.0049999370239675e-05,0.04010319999360945,ok,-31.936148,31.936148
Chien,TSP-x_central-n400-g10000-2,116544.914,129522,0.002362100000027567,0.0011810500000137836,0.0011810500000137836,3.0588235000032,ok,-10.019214,10.019214
Chien,TSP-x_central-n40-g1000-2,4165.133,4499,8.459999662591144e-05,4.229999831295572e-05,4.229999831295572e-05,0.08917520000250079,ok,-7.42092,7.42092
Chien,TSP-x_central-n5-g1000-3,1685.7964,2433,8.320000051753595e-05,4.160000025876798e-05,4.160000025876798e-05,0.07705939999141265,ok,-30.711205,30.711205
Chien,TSP-x_central-n5-g10000-1,14238.171,22620,8.089999755611643e-05,4.0449998778058216e-05,4.0449998778058216e-05,0.12842429999727756,ok,-37.054947,37.054947
Chien,TSP-x_central-n400-g10000-1,118315.87,130233,0.005840600002557039,0.0029203000012785196,0.0029203000012785196,2.769838099993649,ok,-9.150624,9.150624
Chien,TSP-x_central-n5-g1000-2,1336.2085,1771,7.329999789362773e-05,3.6649998946813866e-05,3.6649998946813866e-05,0.09395529999164864,ok,-24.550621,24.550621
Chien,TSP-x_central-n5-g10000-4,17549.39,25453,8.030000026337802e-05,4.015000013168901e-05,4.015000013168901e-05,0.05011949999607168,ok,-31.051779,31.051779
Chien,TSP-x_central-n50-g1000-1,4652.17,5215,0.0001038999980664812,5.19499990332406e-05,5.19499990332406e-05,0.10983929999929387,ok,-10.792522,10.792522
Chien,TSP-x_central-n50-g1000-3,4521.145,4968,9.31999966269359e-05,4.659999831346795e-05,4.659999831346795e-05,0.07986359999631532,ok,-8.994666,8.994666
Chien,TSP-x_central-n5-g1000-4,1315.9841,1997,0.00010209999891230837,5.104999945615418e-05,5.104999945615418e-05,0.5113809000031324,ok,-34.101944,34.101944
Chien,TSP-x_central-n5-g10000-2,12751.807,19552,8.030000026337802e-05,4.015000013168901e-05,4.015000013168901e-05,0.05195789999561384,ok,-34.78004,34.78004
Chien,TSP-x_central-n5-g10000-3,18379.764,24690,8.460000390186906e-05,4.230000195093453e-05,4.230000195093453e-05,0.03991770000720862,ok,-25.557863,25.557863
Chien,TSP-x_central-n400-g1000-2,11691.933,12598,0.0035629999983939342,0.0017814999991969671,0.0017814999991969671,7.321551200002432,ok,-7.192153,7.192153
Chien,TSP-x_central-n50-g10000-4,41975.562,48752,9.190000128000975e-05,4.595000064000487e-05,4.595000064000487e-05,0.6622628000041004,ok,-13.899815,13.899815
Chien,TSP-x_central-n50-g1000-4,4333.881,4697,8.769999840296805e-05,4.3849999201484025e-05,4.3849999201484025e-05,0.08677539999189321,ok,-7.7308736,7.7308736
Chien,TSP-x_central-n5-g10000-5,19351.277,27691,6.0999998822808266e-05,3.0499999411404133e-05,3.0499999411404133e-05,0.05157570001028944,ok,-30.117088,30.117088
Chien,TSP-x_central-n50-g1000-5,4520.6616,5200,0.00011030000314349309,5.515000157174654e-05,5.515000157174654e-05,0.24380630000086967,ok,-13.064199,13.064199
Chien,TSP-x_central-n50-g10000-3,43718.273,50320,0.00010170000314246863,5.0850001571234316e-05,5.0850001571234316e-05,0.1709599000023445,ok,-13.119489,13.119489
Chien,TSP-x_central-n5-g1000-5,1182.5525,1998,7.119999645510688e-05,3.559999822755344e-05,3.559999822755344e-05,0.3705061999935424,ok,-40.81319,40.81319
Chien,TSP-x_central-n500-g1000-1,13197.841,14835,0.0015485999974771403,0.0007742999987385701,0.0007742999987385701,34.36202130001038,ok,-11.035788,11.035788
Chien,TSP-x_central-n50-g1000-2,4149.9023,4461,9.130000398727134e-05,4.565000199363567e-05,4.565000199363567e-05,0.12091260000306647,ok,-6.9737206,6.9737206
Chien,TSP-x_central-n400-g1000-4,11866.063,12831,0.00536149999970803,0.002680749999854015,0.002680749999854015,3.1404117999918526,ok,-7.520353,7.520353
Chien,TSP-x_central-n400-g10000-3,119370.88,133125,0.004320100000768434,0.002160050000384217,0.002160050000384217,4.547308100009104,ok,-10.331731,10.331731
Chien,TSP-x_central-n60-g1000-1,4715.32,5527,9.410000347997993e-05,4.7050001739989966e-05,4.7050001739989966e-05,0.078039500003797,ok,-14.685728,14.685728
Chien,TSP-x_central-n500-g1000-4,13251.877,14718,0.0021840999979758635,0.0010920499989879318,0.0010920499989879318,3.219191600001068,ok,-9.961429,9.961429
Chien,TSP-x_central-n50-g10000-5,44872.977,51491,9.14999982342124e-05,4.57499991171062e-05,4.57499991171062e-05,0.0657400000054622,ok,-12.8527775,12.8527775
Chien,TSP-x_central-n60-g1000-4,4843.401,5403,8.299999899463728e-05,4.149999949731864e-05,4.149999949731864e-05,0.1619697999994969,ok,-10.357193,10.357193
Chien,TSP-x_central-n50-g10000-1,40626.53,46191,0.00010409999958937988,5.204999979468994e-05,5.204999979468994e-05,0.11976030000369065,ok,-12.046652,12.046652
Chien,TSP-x_central-n60-g1000-3,4945.056,5476,9.480000153416768e-05,4.740000076708384e-05,4.740000076708384e-05,0.10743940000247676,ok,-9.695834,9.695834
Chien,TSP-x_central-n50-g10000-2,44760.977,47735,0.00010580000525806099,5.2900002629030496e-05,5.2900002629030496e-05,0.049094999994849786,ok,-6.2302785,6.2302785
Chien,TSP-x_central-n60-g1000-2,4439.7207,5063,8.589999924879521e-05,4.2949999624397606e-05,4.2949999624397606e-05,0.11042589999851771,ok,-12.310473,12.310473
Chien,TSP-x_central-n500-g1000-5,12998.331,14627,0.0015936000054352917,0.0007968000027176458,0.0007968000027176458,4.044636899998295,ok,-11.134675,11.134675
Chien,TSP-x_central-n60-g10000-4,50048.992,53840,7.789999654050916e-05,3.894999827025458e-05,3.894999827025458e-05,0.48202510000555776,ok,-7.041248,7.041248
Chien,TSP-x_central-n500-g1000-2,13109.6875,14587,0.0033937999978661537,0.0016968999989330769,0.0016968999989330769,2.722562299997662,ok,-10.127597,10.127597
Chien,TSP-x_central-n60-g10000-1,49091.16,56573,8.70000003487803e-05,4.350000017439015e-05,4.350000017439015e-05,0.0961377000057837,ok,-13.225107,13.225107
Chien,TSP-x_central-n60-g10000-5,47509.957,55469,0.0001007999962894246,5.03999981447123e-05,5.03999981447123e-05,0.3990036000031978,ok,-14.348632,14.348632
Chien,TSP-x_central-n500-g10000-3,131070.15,143981,0.0020035000052303076,0.0010017500026151538,0.0010017500026151538,4.404377200000454,ok,-8.967052,8.967052
Chien,TSP-x_central-n60-g10000-3,45405.46,52806,0.00012109999806853011,6.0549999034265056e-05,6.0549999034265056e-05,0.3188615999970352,ok,-14.01458,14.01458
Chien,TSP-x_central-n500-g10000-1,129773.33,142131,0.007060000003548339,0.0035300000017741695,0.0035300000017741695,3.234888899998623,ok,-8.694565,8.694565
Chien,TSP-x_central-n500-g10000-2,131855.75,145334,0.005686999997124076,0.002843499998562038,0.002843499998562038,9.26238519999606,ok,-9.273983,9.273983
Chien,TSP-x_central-n500-g10000-4,130059.445,141453,0.006964400003198534,0.003482200001599267,0.003482200001599267,4.812480699998559,ok,-8.054657,8.054657
Chien,TSP-x_central-n500-g1000-3,13228.518,14482,0.0007798000006005168,0.0003899000003002584,0.0003899000003002584,6.805361599996104,ok,-8.655451,8.655451
Chien,TSP-x_central-n70-g1000-2,5124.9995,5592,7.259999983943999e-05,3.6299999919719994e-05,3.6299999919719994e-05,0.09300129998882767,ok,-8.351225,8.351225
Chien,TSP-x_central-n70-g1000-3,5030.6514,5464,9.110000246437266e-05,4.555000123218633e-05,4.555000123218633e-05,0.11899080000875983,ok,-7.930978,7.930978
Chien,TSP-x_central-n60-g10000-2,49703.062,55329,9.359999967273325e-05,4.6799999836366624e-05,4.6799999836366624e-05,0.3702412999991793,ok,-10.168153,10.168153
Chien,TSP-x_central-n600-g1000-2,14407.494,15650,0.0021687999978894368,0.0010843999989447184,0.0010843999989447184,6.251740799998515,ok,-7.9393344,7.9393344
Chien,TSP-x_central-n70-g1000-1,5117.6553,5971,0.00010379999730503187,5.189999865251593e-05,5.189999865251593e-05,0.14814150000165682,ok,-14.291488,14.291488
Chien,TSP-x_central-n600-g1000-3,14366.319,16132,0.004026700000395067,0.0020133500001975335,0.0020133500001975335,6.350640000004205,ok,-10.945206,10.945206
Chien,TSP-x_central-n70-g1000-5,5079.189,5978,0.00010689999908208847,5.3449999541044235e-05,5.3449999541044235e-05,0.12128310000116471,ok,-15.035314,15.035314
Chien,TSP-x_central-n70-g1000-4,5110.9463,5578,8.86999987415038e-05,4.43499993707519e-05,4.43499993707519e-05,0.16354340000543743,ok,-8.373139,8.373139
Chien,TSP-x_central-n70-g10000-3,49539.64,55476,9.239999781129882e-05,4.619999890564941e-05,4.619999890564941e-05,0.1777909000084037,ok,-10.70077,10.70077
Chien,TSP-x_central-n500-g10000-5,132246.14,148966,0.007519099999626633,0.0037595499998133164,0.0037595499998133164,8.994178900000406,ok,-11.223944,11.223944
Chien,TSP-x_central-n70-g10000-5,50186.58,57610,0.0001064000025507994,5.32000012753997e-05,5.32000012753997e-05,0.23308540000289213,ok,-12.885648,12.885648
Chien,TSP-x_central-n60-g1000-5,4436.9526,4956,9.379999391967431e-05,4.6899996959837154e-05,4.6899996959837154e-05,0.359595600006287,ok,-10.47311,10.47311
Chien,TSP-x_central-n70-g10000-2,51164.742,60053,9.069999941857532e-05,4.534999970928766e-05,4.534999970928766e-05,0.10480070000630803,ok,-14.800689,14.800689
Chien,TSP-x_central-n600-g10000-2,143621.67,156991,0.0059056000027339906,0.0029528000013669953,0.0029528000013669953,3.4218985000043176,ok,-8.515984,8.515984
Chien,TSP-x_central-n70-g10000-1,51776.594,58258,7.729999924777076e-05,3.864999962388538e-05,3.864999962388538e-05,0.1016933000064455,ok,-11.12535,11.12535
Chien,TSP-x_central-n600-g1000-1,14485.74,16298,0.007559800003946293,0.0037799000019731466,0.0037799000019731466,21.87597039999673,ok,-11.119522,11.119522
Chien,TSP-x_central-n600-g1000-4,14340.756,15724,0.006158599993796088,0.003079299996898044,0.003079299996898044,7.601117099999101,ok,-8.797024,8.797024
Chien,TSP-x_central-n600-g10000-1,141046.3,156797,0.004715399998531211,0.0023576999992656056,0.0023576999992656056,2.8907073000009404,ok,-10.045283,10.045283
Chien,TSP-x_central-n70-g10000-4,49992.51,57792,0.00011239999730605632,5.619999865302816e-05,5.619999865302816e-05,0.23373089999950025,ok,-13.495792,13.495792
Chien,TSP-x_central-n8-g1000-3,1537.5074,2333,8.830000297166407e-05,4.4150001485832036e-05,4.4150001485832036e-05,0.1241810999927111,ok,-34.09741,34.09741
Chien,TSP-x_central-n600-g1000-5,14325.192,15701,0.0060278999953879975,0.0030139499976939987,0.0030139499976939987,4.6193940000084694,ok,-8.7625475,8.7625475
Chien,TSP-x_central-n600-g10000-3,144061.06,161999,0.008363100001588464,0.004181550000794232,0.004181550000794232,3.0855990999989444,ok,-11.072869,11.072869
Chien,TSP-x_central-n8-g1000-4,1786.8666,2439,8.879999950295314e-05,4.439999975147657e-05,4.439999975147657e-05,0.18239109999558423,ok,-26.737738,26.737738
Chien,TSP-x_central-n700-g10000-3,154874.4,171146,0.001427000002877321,0.0007135000014386605,0.0007135000014386605,12.027795600006357,ok,-9.507434,9.507434
Chien,TSP-x_central-n8-g1000-2,1679.5771,2072,9.470000077271834e-05,4.735000038635917e-05,4.735000038635917e-05,0.04534500000590924,ok,-18.939327,18.939327
Chien,TSP-x_central-n700-g10000-5,155201.52,175955,0.0051401999953668565,0.0025700999976834282,0.0025700999976834282,13.73669359998894,ok,-11.794768,11.794768
Chien,TSP-x_central-n8-g1000-1,1900.2703,2600,0.00010479999764356762,5.239999882178381e-05,5.239999882178381e-05,0.04496189999917988,ok,-26.912683,26.912683
Chien,TSP-x_central-n700-g10000-2,154832.7,170458,0.0042347999988123775,0.0021173999994061887,0.0021173999994061887,8.67217740000342,ok,-9.166655,9.166655
Chien,TSP-x_central-n600-g10000-4,143113.28,162037,0.008815699999104254,0.004407849999552127,0.004407849999552127,15.665911400006735,ok,-11.67864,11.67864
Chien,TSP-x_central-n600-g10000-5,144551.86,160421,0.006762199998775031,0.0033810999993875157,0.0033810999993875157,5.2878381999908015,ok,-9.892184,9.892184
Chien,TSP-x_central-n8-g10000-4,20445.463,26932,9.020000288728625e-05,4.510000144364312e-05,4.510000144364312e-05,0.09991430000809487,ok,-24.08487,24.08487
Chien,TSP-x_central-n8-g1000-5,1661.1558,2200,9.069999941857532e-05,4.534999970928766e-05,4.534999970928766e-05,0.05690150000737049,ok,-24.49292,24.49292
Chien,TSP-x_central-n8-g10000-2,17892.121,22823,8.81000014487654e-05,4.40500007243827e-05,4.40500007243827e-05,0.3277360999927623,ok,-21.604868,21.604868
Chien,TSP-x_central-n700-g1000-4,15620.229,17316,0.004801399998541456,0.002400699999270728,0.002400699999270728,5.883497699993313,ok,-9.79309,9.79309
Chien,TSP-x_central-n8-g10000-3,16247.2705,21558,8.759999764151871e-05,4.3799998820759356e-05,4.3799998820759356e-05,0.1509970000042813,ok,-24.634611,24.634611
Chien,TSP-x_central-n80-g1000-4,5284.895,6031,8.24999951873906e-05,4.12499975936953e-05,4.12499975936953e-05,0.5198122000001604,ok,-12.371165,12.371165
Chien,TSP-x_central-n80-g10000-5,54495.3,63473,9.340000542579219e-05,4.6700002712896094e-05,4.6700002712896094e-05,0.1284099999902537,ok,-14.144123,14.144123
Chien,TSP-x_central-n80-g1000-1,5635.0796,6851,0.00010369999654358253,5.1849998271791264e-05,5.1849998271791264e-05,0.28639449999900535,ok,-17.748072,17.748072
Chien,TSP-x_central-n700-g1000-1,15210.646,17327,0.006933800003025681,0.0034669000015128404,0.0034669000015128404,8.638238400002592,ok,-12.214195,12.214195
Chien,TSP-x_central-n700-g10000-4,157028.03,174109,0.008123800005705561,0.004061900002852781,0.004061900002852781,5.048605400006636,ok,-9.810503,9.810503
Chien,TSP-x_central-n700-g1000-3,15343.695,16485,0.0064441000067745335,0.0032220500033872668,0.0032220500033872668,5.921363300003577,ok,-6.9232917,6.9232917
Chien,TSP-x_central-n80-g10000-4,53834.863,60170,9.580000187270343e-05,4.7900000936351717e-05,4.7900000936351717e-05,0.12610520000453107,ok,-10.528729,10.528729
Chien,TSP-x_central-n80-g10000-2,53808.22,57087,8.910000178730115e-05,4.4550000893650576e-05,4.4550000893650576e-05,0.30637550000392366,ok,-5.7434816,5.7434816
Chien,TSP-x_central-n80-g1000-5,5427.7266,6130,9.719999798107892e-05,4.859999899053946e-05,4.859999899053946e-05,0.14223260000289883,ok,-11.456337,11.456337
Chien,TSP-x_central-n8-g10000-5,17172.361,21685,8.450000314041972e-05,4.225000157020986e-05,4.225000157020986e-05,0.09031200000026729,ok,-20.809954,20.809954
Chien,TSP-x_central-n80-g1000-3,5618.8613,5795,9.719999798107892e-05,4.859999899053946e-05,4.859999899053946e-05,0.32104640000034124,ok,-3.039494,3.039494
Chien,TSP-x_central-n700-g1000-2,15545.316,17151,0.005530000002181623,0.0027650000010908116,0.0027650000010908116,35.42752479999035,ok,-9.3620405,9.3620405
Chien,TSP-x_central-n80-g10000-1,55236.76,61185,9.73999995039776e-05,4.86999997519888e-05,4.86999997519888e-05,0.26307790000282694,ok,-9.721726,9.721726
Chien,TSP-x_central-n80-g10000-3,55405.28,59717,8.560000424040481e-05,4.280000212020241e-05,4.280000212020241e-05,0.784185399999842,ok,-7.2202535,7.2202535
Chien,TSP-x_central-n8-g10000-1,20244.713,26996,7.339999865507707e-05,3.6699999327538535e-05,3.6699999327538535e-05,0.35898610000731423,ok,-25.008472,25.008472
Chien,TSP-x_central-n80-g1000-2,5313.4775,6101,0.00011439999798312783,5.7199998991563916e-05,5.7199998991563916e-05,1.0620810999971582,ok,-12.908088,12.908088
Chien,TSP-x_central-n700-g10000-1,153605.33,166165,0.009931599997798912,0.004965799998899456,0.004965799998899456,21.0085878999962,ok,-7.5585546,7.5585546
Chien,TSP-x_central-n700-g1000-5,15420.697,16871,0.011418500005675014,0.005709250002837507,0.005709250002837507,14.183969100005925,ok,-8.596424,8.596424
Chien,TSP-x_central-n800-g10000-1,165188.06,182836,0.001995600003283471,0.0009978000016417354,0.0009978000016417354,5.395537000003969,ok,-9.652332,9.652332
Chien,TSP-x_central-n90-g1000-3,5560.1885,6321,9.999999747378752e-05,4.999999873689376e-05,4.999999873689376e-05,0.24123660000623204,ok,-12.036253,12.036253
Chien,TSP-x_central-n90-g1000-1,5937.669,6468,0.00010489999840501696,5.244999920250848e-05,5.244999920250848e-05,0.27796249999664724,ok,-8.199306,8.199306
Chien,TSP-x_central-n90-g1000-2,5861.372,6505,9.700000373413786e-05,4.850000186706893e-05,4.850000186706893e-05,0.16731819999404252,ok,-9.894357,9.894357
Chien,TSP-x_central-n800-g1000-2,16737.402,18051,0.0074104000013903715,0.0037052000006951857,0.0037052000006951857,4.485592400000314,ok,-7.277146,7.277146
Chien,TSP-x_central-n800-g1000-3,16588.26,18388,0.005449500000395346,0.002724750000197673,0.002724750000197673,6.0403096999943955,ok,-9.7875805,9.7875805
Chien,TSP-x_central-n90-g10000-5,59575.453,64957,9.23000043258071e-05,4.615000216290355e-05,4.615000216290355e-05,0.33589760000177193,ok,-8.284783,8.284783
Chien,TSP-x_central-n90-g1000-5,5766.3633,6358,9.919999865815043e-05,4.959999932907522e-05,4.959999932907522e-05,0.4880025000020396,ok,-9.30539,9.30539
Chien,TSP-x_central-n800-g10000-5,165469.1,177635,0.0062400000024354085,0.0031200000012177043,0.0031200000012177043,6.23708340000303,ok,-6.8488226,6.8488226
Chien,TSP-x_central-n90-g10000-2,59429.348,66229,8.740000339457765e-05,4.3700001697288826e-05,4.3700001697288826e-05,0.3025821999908658,ok,-10.266881,10.266881
Chien,TSP-x_central-n90-g10000-1,55429.742,56607,0.00010459999612066895,5.2299998060334474e-05,5.2299998060334474e-05,2.241472399997292,ok,-2.0797036,2.0797036
Chien,TSP-x_central-n90-g10000-3,58239.387,63393,0.00011449999874457717,5.7249999372288585e-05,5.7249999372288585e-05,0.12946379999630153,ok,-8.129625,8.129625
Chien,TSP-x_central-n90-g10000-4,56116.9,62059,9.090000094147399e-05,4.5450000470736995e-05,4.5450000470736995e-05,0.33624499999859836,ok,-9.574923,9.574923
Chien,TSP-x_central-n800-g1000-4,16439.885,18059,0.00485119999939343,0.002425599999696715,0.002425599999696715,5.706710700003896,ok,-8.965697,8.965697
Chien,TSP-x_central-n90-g1000-4,5588.0566,6411,0.00011419999646022916,5.709999823011458e-05,5.709999823011458e-05,0.28609989999677055,ok,-12.836428,12.836428
Chien,TSP-x_central-n800-g10000-4,166013.88,183943,0.010818199996720068,0.005409099998360034,0.005409099998360034,145.07107299999916,ok,-9.747108,9.747108
Chien,TSP-x_central-n800-g10000-2,165651.03,188775,0.010416299999633338,0.005208149999816669,0.005208149999816669,20.29143589999876,ok,-12.249487,12.249487
Chien,TSP-x_central-n900-g1000-1,17349.102,19316,0.008206900005461648,0.004103450002730824,0.004103450002730824,21.42157120000047,ok,-10.182742,10.182742
Chien,TSP-x_central-n800-g10000-3,164607.39,184203,0.01043500000378117,0.005217500001890585,0.005217500001890585,9.309764700010419,ok,-10.638051,10.638051
Chien,TSP-x_central-n900-g1000-4,17325.05,19080,0.0066923999984283,0.00334619999921415,0.00334619999921415,84.29449190000014,ok,-9.197846,9.197846
Chien,TSP-x_central-n900-g10000-2,173842.42,191391,0.0020218999998178333,0.0010109499999089167,0.0010109499999089167,5.857476100005442,ok,-9.168967,9.168967
Chien,TSP-x_central-n800-g1000-5,16360.861,17689,0.006429199995181989,0.0032145999975909945,0.0032145999975909945,23.95051059999969,ok,-7.508274,7.508274
Chien,TSP-x_central-n900-g10000-1,175196.97,197008,0.005172899996978231,0.0025864499984891154,0.0025864499984891154,6.854846999995061,ok,-11.071139,11.071139
Chien,TSP-x_central-n900-g1000-3,17459.99,19246,0.0011807000046246685,0.0005903500023123343,0.0005903500023123343,17.623551000011503,ok,-9.279901,9.279901
Chien,TSP-x_central-n900-g10000-4,176185.86,192236,0.003939299997000489,0.0019696499985002447,0.0019696499985002447,12.522487899987027,ok,-8.349185,8.349185
Chien,TSP-x_central-n900-g10000-3,174557.78,190497,0.0035486999986460432,0.0017743499993230216,0.0017743499993230216,5.917373200005386,ok,-8.367176,8.367176
Chien,TSP-x_central-n800-g1000-1,16446.902,18210,0.008229600003687665,0.004114800001843832,0.004114800001843832,11.28831769998942,ok,-9.682031,9.682031
Chien,TSP-x_central-n900-g1000-5,17413.113,19388,0.0034413999965181574,0.0017206999982590787,0.0017206999982590787,14.305989399988903,ok,-10.186129,10.186129
Chien,TSP-x_central-n900-g10000-5,175005.7,195816,0.002390399997239001,0.0011951999986195005,0.0011951999986195005,11.512427000008756,ok,-10.627476,10.627476
Chien,TSP-x_central-n900-g1000-2,17602.51,19713,0.005247699999017641,0.0026238499995088205,0.0026238499995088205,39.72508390000439,ok,-10.706083,10.706083
