model,instance,pred_cost,true_cost,prediction_time_s,feature_time_s,inference_time_s,optimal_solve_time_s,status,gap_pct,abs_gap_pct
NN_V3,TSP-boundary-n100-g1000-5,7222.29357718199,7017,1.104615799995372,1.050517800002126,0.05409799999324605,0.1406589000107487,ok,2.925660213509908,2.925660213509908
NN_V3,TSP-boundary-n10-g1000-2,3109.1098883701343,3247,1.1078128000081051,1.0350776000123005,0.07273519999580458,0.0730119000072591,ok,-4.2466926895554575,4.2466926895554575
NN_V3,TSP-boundary-n100-g10000-4,73680.69069807825,71295,1.1064447999815457,1.053537600004347,0.052907199977198616,0.5164423000096576,ok,3.3462244169692843,3.3462244169692843
NN_V3,TSP-boundary-n100-g1000-3,7121.966356754703,7047,1.1240305000101216,1.0005131000070833,0.12351740000303835,0.3462584999942919,ok,1.0638052611707558,1.0638052611707558
NN_V3,TSP-boundary-n10-g10000-1,33062.36390974489,31722,1.097838799993042,1.030569499998819,0.06726929999422282,0.0441271999879973,ok,4.225344901787058,4.225344901787058
NN_V3,TSP-boundary-n10-g1000-3,3091.013364157261,2942,1.0976492000045255,1.020667600008892,0.07698159999563359,0.1574338000064017,ok,5.065036171218936,5.065036171218936
NN_V3,TSP-boundary-n100-g10000-3,73499.08049000485,71693,1.1164951999962796,1.0616023000038695,0.054892899992410094,0.6195137000031536,ok,2.519186657002571,2.519186657002571
NN_V3,TSP-boundary-n10-g1000-5,2906.9681242074003,3006,1.1097632000164595,1.049640700017335,0.06012249999912456,0.1571512999944389,ok,-3.2944735792614686,3.2944735792614686
NN_V3,TSP-boundary-n100-g10000-2,72285.32327150472,70034,1.1245982999680564,1.040192099986598,0.08440619998145849,0.3339735999907134,ok,3.2146147178580686,3.2146147178580686
NN_V3,TSP-boundary-n100-g10000-1,70568.00173393823,70551,1.1237955999968108,1.0441477999847848,0.07964780001202598,0.2148888000083388,ok,0.024098501705478396,0.024098501705478396
NN_V3,TSP-boundary-n100-g1000-4,7285.880293702867,7168,1.0956666999845766,1.0058483999746386,0.08981830000993796,0.3713453000091249,ok,1.644535347417226,1.644535347417226
NN_V3,TSP-boundary-n10-g10000-5,28437.43264915544,27743,1.085464999981923,1.0196991999982856,0.06576579998363741,0.0500725000019883,ok,2.5030914074016453,2.5030914074016453
NN_V3,TSP-boundary-n10-g10000-2,35409.733498645364,36007,1.1100102000054903,1.0324474000080954,0.0775627999973949,0.0417942000058246,ok,-1.658751079941777,1.658751079941777
NN_V3,TSP-boundary-n100-g10000-5,69606.24730976298,69815,1.0756483000004664,1.0138731999904849,0.06177510000998154,4.705000100002508,ok,-0.2990083653040399,0.2990083653040399
NN_V3,TSP-boundary-n10-g1000-4,3277.0559061141757,3550,1.1041092999803368,1.0446377999905962,0.05947149998974055,0.3243078000086825,ok,-7.688566024952796,7.688566024952796
NN_V3,TSP-boundary-n10-g10000-4,34150.138488275115,33497,1.1003370999824256,1.020561799989082,0.07977529999334365,0.0499473000090802,ok,1.9498417418727507,1.9498417418727507
NN_V3,TSP-boundary-n100-g1000-1,7086.48171667289,6956,1.1322168000333477,1.0705738000106066,0.061643000022741035,0.2130082000076072,ok,1.8758153633250414,1.8758153633250414
NN_V3,TSP-boundary-n100-g1000-2,7032.500788873513,6834,1.129787000012584,1.051565900008427,0.07822110000415705,0.0672060000069905,ok,2.904606217054619,2.904606217054619
NN_V3,TSP-boundary-n10-g10000-3,29027.16979353677,31281,1.1064556000055745,1.0175469999958295,0.08890860000974499,0.0424796999868704,ok,-7.205109192363511,7.205109192363511
NN_V3,TSP-boundary-n10-g1000-1,3311.841993347334,3399,1.150077100028284,1.077526900015073,0.072550200013211,0.0762508000043453,ok,-2.564224967715969,2.564224967715969
NN_V3,TSP-boundary-n20-g10000-2,37797.25649500894,37802,0.08556029997998849,0.03423789999214932,0.05132239998783916,0.0496548999944934,ok,-0.012548291072050148,0.012548291072050148
NN_V3,TSP-boundary-n20-g1000-3,3545.538604153626,3809,0.06600759999128059,0.013268999988213181,0.052738600003067404,0.1841885000030743,ok,-6.916812702713947,6.916812702713947
NN_V3,TSP-boundary-n20-g1000-4,4290.374136032711,4313,0.07324899997911416,0.016981199994916096,0.056267799984198064,0.1820376999967266,ok,-0.5245968923554081,0.5245968923554081
NN_V3,TSP-boundary-n20-g1000-2,4325.297404904151,4345,0.09332390001509339,0.022471100004622713,0.07085280001047067,0.1955378999991808,ok,-0.4534544325857,0.4534544325857
NN_V3,TSP-boundary-n20-g10000-5,42681.5561409574,41629,0.11923410001327284,0.02773590001743287,0.09149819999583997,0.0458705999917583,ok,2.528420430366812,2.528420430366812
NN_V3,TSP-boundary-n20-g10000-4,40532.57260861155,40020,0.08835649999673478,0.025386699999216944,0.06296979999751784,0.0419974999967962,ok,1.2807911259658833,1.2807911259658833
NN_V3,TSP-boundary-n20-g10000-1,39019.376510256145,37631,0.08472239997354336,0.014079299988225102,0.07064309998531826,0.0444615999876987,ok,3.6894488859082792,3.6894488859082792
NN_V3,TSP-boundary-n20-g1000-1,4157.978010506369,4099,0.09364130001631565,0.02802460000384599,0.06561670001246966,0.0424805000075139,ok,1.4388389974718023,1.4388389974718023
NN_V3,TSP-boundary-n20-g1000-5,3817.2254074161465,3865,0.10212749999482185,0.03392899999744259,0.06819849999737926,0.1778774999984307,ok,-1.2360826024282927,1.2360826024282927
NN_V3,TSP-boundary-n20-g10000-3,38677.397727353324,39825,0.10223359998781234,0.030161300004692748,0.07207229998311959,0.0527591000136453,ok,-2.8816127373425644,2.8816127373425644
NN_V3,TSP-boundary-n1000-g1000-1,20670.786775315588,20552,0.1564895999908913,0.0996850999945309,0.05680449999636039,10.352445600001374,ok,0.5779815848364533,0.5779815848364533
NN_V3,TSP-boundary-n1000-g1000-5,20461.48396120686,20398,0.1593486999918241,0.10691509998287074,0.05243360000895336,10.911729599989483,ok,0.3112264006611474,0.3112264006611474
NN_V3,TSP-boundary-n1000-g1000-4,20709.910707304836,20565,0.20360350000555627,0.14456580000114627,0.05903770000441,14.6575100000191,ok,0.7046472516646547,0.7046472516646547
NN_V3,TSP-boundary-n1000-g10000-1,207466.56943461858,207156,0.1960980000148993,0.1338959000131581,0.0622021000017412,95.81789179999032,ok,0.14992055968380225,0.14992055968380225
NN_V3,TSP-boundary-n1000-g10000-4,208782.50916653778,208514,0.18982679999317043,0.11404119999497198,0.07578559999819845,16.147434299986344,ok,0.12877272822821684,0.12877272822821684
NN_V3,TSP-boundary-n1000-g1000-2,20853.873086171807,20615,0.21383519997471012,0.13487579999491572,0.0789593999797944,12.61317229999986,ok,1.1587343496085705,1.1587343496085705
NN_V3,TSP-boundary-n1000-g10000-2,203934.03272721777,202565,0.18214030002127402,0.10255500001949258,0.07958530000178143,6.294937500002561,ok,0.6758486052465961,0.6758486052465961
NN_V3,TSP-boundary-n1000-g10000-3,202468.8907869649,203317,0.21234229998663068,0.13749570000800304,0.07484659997862764,14.201905299996724,ok,-0.41713639933457997,0.41713639933457997
NN_V3,TSP-boundary-n1000-g10000-5,208239.93789474107,206702,0.217005499987863,0.1250616000033915,0.0919438999844715,9.355593499989482,ok,0.7440362912507248,0.7440362912507248
NN_V3,TSP-boundary-n1000-g1000-3,20683.72046292061,20395,0.24477499999920838,0.13960100000258535,0.10517399999662302,24.521400800003903,ok,1.415643358277077,1.415643358277077
NN_V3,TSP-boundary-n200-g1000-2,9969.39911595927,9755,0.11128589996951632,0.0243056999752298,0.08698019999428652,1.633126100001391,ok,2.1978381953794943,2.1978381953794943
NN_V3,TSP-boundary-n200-g1000-1,9222.475674466536,9326,0.13857730000745505,0.027767099993070588,0.11081020001438446,1.4348636000067927,ok,-1.1100613932389496,1.1100613932389496
NN_V3,TSP-boundary-n200-g10000-2,96804.36775525217,95920,0.10328619999927469,0.038370299997041,0.06491590000223368,3.1889790999994148,ok,0.9219847323312859,0.9219847323312859
NN_V3,TSP-boundary-n200-g10000-1,93964.96586790076,92227,0.09763219999149442,0.02456779999192804,0.07306439999956638,1.2857908999867504,ok,1.8844436747381517,1.8844436747381517
NN_V3,TSP-boundary-n200-g1000-4,9878.554415903418,9477,0.11808620000374503,0.026432899991050363,0.09165330001269467,1.0148306000046432,ok,4.237146944216714,4.237146944216714
NN_V3,TSP-boundary-n200-g10000-3,100319.361207271,96954,0.11443509996752255,0.028626699990127236,0.08580839997739531,8.438265499993577,ok,3.4710906277935876,3.4710906277935876
NN_V3,TSP-boundary-n200-g1000-3,9421.216146204068,9384,0.11871320000500418,0.039137199986726046,0.07957600001827814,1.5555985999963011,ok,0.3965914983383166,0.3965914983383166
NN_V3,TSP-boundary-n30-g1000-1,4846.281971339617,4564,0.08507149998331442,0.03723429999081418,0.047837199992500246,0.0474511999927926,ok,6.184968697187042,6.184968697187042
NN_V3,TSP-boundary-n200-g1000-5,9721.14143705854,9490,0.1306221000268124,0.033882200019434094,0.09673990000737831,1.582245999990846,ok,2.4356315812280376,2.4356315812280376
NN_V3,TSP-boundary-n200-g10000-4,98708.35408733785,97285,0.11146129999542609,0.042356999998446554,0.06910429999697953,2.866724899999099,ok,1.4630766175030596,1.4630766175030596
NN_V3,TSP-boundary-n30-g1000-4,4318.031208507091,4117,0.08746080001583323,0.035760900005698204,0.051699900010135025,0.0544446999992942,ok,4.882953813628635,4.882953813628635
NN_V3,TSP-boundary-n30-g10000-3,45036.18522663019,42582,0.0624320000060834,0.02551790000870824,0.03691409999737516,0.0533030000078724,ok,5.763433438143315,5.763433438143315
NN_V3,TSP-boundary-n200-g10000-5,102831.00592200912,100841,0.09459449999849312,0.052145699999528006,0.042448799998965114,1.5299895999924047,ok,1.9734095477128555,1.9734095477128555
NN_V3,TSP-boundary-n30-g1000-3,4861.684631198099,4735,0.09692149999318644,0.03983709999010898,0.05708440000307746,0.0412899999937508,ok,2.6754937951024065,2.6754937951024065
NN_V3,TSP-boundary-n30-g10000-2,48785.09211618849,47104,0.08383690001210198,0.02946160000283271,0.05437530000926927,0.0460742000141181,ok,3.568894608076789,3.568894608076789
NN_V3,TSP-boundary-n30-g1000-2,4567.245378109052,4612,0.105916000000434,0.03692039998713881,0.06899560001329519,0.0521414999966509,ok,-0.9703950973752891,0.9703950973752891
NN_V3,TSP-boundary-n30-g10000-1,43809.92655370454,43457,0.08937309999600984,0.034459899994544685,0.05491320000146516,0.049530299991602,ok,0.8121282042123088,0.8121282042123088
NN_V3,TSP-boundary-n30-g10000-4,44410.91220604582,44131,0.08220669999718666,0.018726299982517958,0.0634804000146687,0.0445185999997193,ok,0.6342756929274604,0.6342756929274604
NN_V3,TSP-boundary-n30-g10000-5,42691.62021939416,43579,0.10150719998637214,0.02354709999053739,0.07796009999583475,0.0486658000008901,ok,-2.0362554914198188,2.0362554914198188
NN_V3,TSP-boundary-n30-g1000-5,4098.716100505881,4111,0.11467979999724776,0.0333253999997396,0.08135439999750815,0.051777899992885,ok,-0.29880563109023095,0.29880563109023095
NN_V3,TSP-boundary-n300-g1000-3,11420.963880581621,11257,0.14518680001492612,0.023484500008635223,0.1217023000062909,3.45801780000329,ok,1.4565504182430595,1.4565504182430595
NN_V3,TSP-boundary-n300-g1000-1,11942.18833616619,11846,0.11888789999647997,0.028762999980244786,0.09012490001623519,2.233340600010706,ok,0.8119900064679166,0.8119900064679166
NN_V3,TSP-boundary-n300-g1000-2,11394.372566772392,11159,0.11467300000367686,0.029385800007730722,0.08528719999594614,6.341344900007243,ok,2.1092621809516263,2.1092621809516263
NN_V3,TSP-boundary-n40-g1000-1,5158.109144264163,5030,0.07814349999534898,0.01943290000781417,0.058710599987534806,0.1847581000038189,ok,2.546901476424707,2.546901476424707
NN_V3,TSP-boundary-n300-g1000-4,11920.317666793126,11542,0.1108898000093177,0.03034170001046732,0.08054809999885038,2.966981300007319,ok,3.2777479361733293,3.2777479361733293
NN_V3,TSP-boundary-n300-g10000-4,122989.21443654038,120861,0.09627809998346493,0.06548409999231808,0.030793999991146848,8.038870899996255,ok,1.7608777327180647,1.7608777327180647
NN_V3,TSP-boundary-n40-g1000-4,5041.417824461983,4900,0.05926119998912327,0.023642299987841398,0.03561890000128187,0.0523647999943932,ok,2.886078050244559,2.886078050244559
NN_V3,TSP-boundary-n300-g10000-2,119226.46022995375,116741,0.09823199998936616,0.04480989999137819,0.05342209999798797,6.775888300006045,ok,2.129037981475018,2.129037981475018
NN_V3,TSP-boundary-n300-g1000-5,12004.158351291466,11645,0.1047563000174705,0.038870099990163,0.0658862000273075,1.4859470999945188,ok,3.0842280059378773,3.0842280059378773
NN_V3,TSP-boundary-n300-g10000-1,119823.15439451067,119041,0.09571949997916818,0.03946889998042025,0.05625059999874793,11.337956400006078,ok,0.6570462231589685,0.6570462231589685
NN_V3,TSP-boundary-n300-g10000-3,119006.47088299482,115554,0.09982630002195947,0.06919850001577288,0.03062780000618659,1.9706148999975996,ok,2.987755406991382,2.987755406991382
NN_V3,TSP-boundary-n40-g1000-2,5000.346037978459,4944,0.0738145999785047,0.02539479997358285,0.048419800004921854,0.0494325000036042,ok,1.139685234192136,1.139685234192136
NN_V3,TSP-boundary-n40-g1000-5,5249.9387596343295,4972,0.08843970001908019,0.04202390002319589,0.0464157999958843,0.0470935000048484,ok,5.590079638663103,5.590079638663103
NN_V3,TSP-boundary-n40-g1000-3,4982.411460112671,4794,0.06720359998871572,0.021439600008307025,0.0457639999804087,0.0959274000051664,ok,3.930151441649378,3.930151441649378
NN_V3,TSP-boundary-n300-g10000-5,118573.24321674532,115441,0.10512580000795424,0.06865100000868551,0.036474799999268726,2.499435200006701,ok,2.7132848959601206,2.7132848959601206
NN_V3,TSP-boundary-n40-g10000-2,54016.16280760121,49833,0.09073229998466559,0.042642699991120026,0.04808959999354556,0.0654733999981544,ok,8.394362786910706,8.394362786910706
NN_V3,TSP-boundary-n40-g10000-5,49757.686627163086,47067,0.0837543000234291,0.021248500008368865,0.06250580001506023,0.0867538000020431,ok,5.716715803350725,5.716715803350725
NN_V3,TSP-boundary-n40-g10000-1,45962.566582870204,44362,0.09502059998339973,0.029875899985199794,0.06514469999819994,0.0461278000002494,ok,3.6079675913398948,3.6079675913398948
NN_V3,TSP-boundary-n40-g10000-3,49967.62913615676,49175,0.11228819997631945,0.03519279998727143,0.07709539998904802,0.0481084000057308,ok,1.6118538610203488,1.6118538610203488
NN_V3,TSP-boundary-n40-g10000-4,48191.19888215442,49599,0.11785050001344644,0.04608200001530349,0.07176849999814294,0.046747399988817,ok,-2.8383659304533926,2.8383659304533926
NN_V3,TSP-boundary-n400-g1000-3,13670.57547625569,13531,0.12179180001839995,0.02136050001718104,0.10043130000121891,2.497820899996441,ok,1.0315237325821438,1.0315237325821438
NN_V3,TSP-boundary-n5-g1000-3,3191.2703880701156,3301,0.08364480000454932,0.026287700020475313,0.05735709998407401,0.0877431000117212,ok,-3.324132442589652,3.324132442589652
NN_V3,TSP-boundary-n400-g1000-2,13336.487572091399,13231,0.08454799995524809,0.03953359997831285,0.04501439997693524,9.881466000006183,ok,0.7972758830881925,0.7972758830881925
NN_V3,TSP-boundary-n400-g1000-4,13998.43036270488,13726,0.1018923000083305,0.02742610001587309,0.0744661999924574,2.392791099991882,ok,1.9847760651674147,1.9847760651674147
NN_V3,TSP-boundary-n400-g1000-1,13723.51817647864,13501,0.10001330001978204,0.03647869999986142,0.06353460001992062,1.7832259999995586,ok,1.6481607027526803,1.6481607027526803
NN_V3,TSP-boundary-n400-g10000-1,136490.49285696773,134933,0.09536039998056367,0.0527134999865666,0.04264689999399707,15.880199499995795,ok,1.1542712731264617,1.1542712731264617
NN_V3,TSP-boundary-n400-g10000-4,130574.26416806225,127600,0.10737650000373833,0.06779079997795634,0.03958570002578199,3.810321799988742,ok,2.3309280313967453,2.3309280313967453
NN_V3,TSP-boundary-n5-g1000-1,2661.326074321405,2756,0.078825099975802,0.019883499975549057,0.05894160000025295,0.043626899991068,ok,-3.4351932394265225,3.4351932394265225
NN_V3,TSP-boundary-n400-g1000-5,13437.99537788771,13342,0.11537699998007156,0.06236809998517856,0.053008899994893,3.0199887000053423,ok,0.7194976606783823,0.7194976606783823
NN_V3,TSP-boundary-n5-g1000-5,1609.0525912202575,1674,0.07694130000891164,0.038565499999094754,0.038375800009816885,0.0708211000019218,ok,-3.8797735232821116,3.8797735232821116
NN_V3,TSP-boundary-n5-g1000-2,2239.0543430627586,2348,0.0633963999862317,0.02557859997614287,0.03781780001008883,0.0416970999940531,ok,-4.639934281824592,4.639934281824592
NN_V3,TSP-boundary-n5-g1000-4,2014.1532985000085,2219,0.07196109998039901,0.02427909997641109,0.04768200000398792,0.0393573000037577,ok,-9.231487223974378,9.231487223974378
NN_V3,TSP-boundary-n400-g10000-2,134377.3312979769,133755,0.10869339999044314,0.058555299998261034,0.050138099992182106,1.8698617999907583,ok,0.4652770348599276,0.4652770348599276
NN_V3,TSP-boundary-n5-g10000-4,24877.343126661144,25809,0.07960679999087006,0.020675199979450554,0.058931600011419505,0.1602507999923546,ok,-3.609813915063954,3.609813915063954
NN_V3,TSP-boundary-n400-g10000-3,132182.33969341568,129635,0.1150340999593027,0.06812069998704828,0.04691339997225441,3.854709000006551,ok,1.9650092131104075,1.9650092131104075
NN_V3,TSP-boundary-n5-g10000-5,29279.2706296721,29308,0.0716627000074368,0.029662499990081415,0.04200020001735538,0.1188267999968957,ok,-0.09802569376245132,0.09802569376245132
NN_V3,TSP-boundary-n5-g10000-1,22480.78151033842,19819,0.0838864000106696,0.028349700005492195,0.05553670000517741,0.1104254999954719,ok,13.430453152724256,13.430453152724256
NN_V3,TSP-boundary-n5-g10000-2,26147.55821343907,27529,0.08551689999876544,0.028711499995552003,0.056805400003213435,0.121178699992015,ok,-5.018132829237998,5.018132829237998
NN_V3,TSP-boundary-n400-g10000-5,137172.75700928504,135996,0.15964350002468564,0.10052350000478327,0.05912000001990236,3.306738500003121,ok,0.8652879564730114,0.8652879564730114
NN_V3,TSP-boundary-n5-g10000-3,21989.772631076572,22805,0.1180216999782715,0.03730569998151623,0.08071599999675527,0.0829517999954987,ok,-3.5747746938102525,3.5747746938102525
NN_V3,TSP-boundary-n50-g1000-1,5629.600051793677,5448,0.13188630001968704,0.011475800012703985,0.12041050000698306,0.0564357999974163,ok,3.3333342840249127,3.3333342840249127
NN_V3,TSP-boundary-n50-g1000-2,5428.7626098571345,5332,0.1026381999545265,0.012425999972037971,0.09021219998248853,0.0971315000060712,ok,1.8147526229770166,1.8147526229770166
NN_V3,TSP-boundary-n50-g10000-1,53297.95833907975,50920,0.10834039998007938,0.025343899993458763,0.08299649998662062,0.0685344000085024,ok,4.669988882717496,4.669988882717496
NN_V3,TSP-boundary-n50-g1000-4,5717.16825054714,5612,0.11863150002318434,0.011352200002875179,0.10727930002030917,0.1185041999997338,ok,1.8739887838050588,1.8739887838050588
NN_V3,TSP-boundary-n50-g1000-5,6066.93309221504,5766,0.10703570002806373,0.01804740002262406,0.08898830000543967,0.073073799998383,ok,5.219096292317729,5.219096292317729
NN_V3,TSP-boundary-n50-g10000-3,53669.487680145656,52169,0.10628750000614673,0.030752799997571856,0.07553470000857487,0.1873816000006627,ok,2.8762055629696865,2.8762055629696865
NN_V3,TSP-boundary-n50-g1000-3,5707.900898951579,5570,0.10527479997836053,0.024614299996756017,0.08066049998160452,0.1257521999941673,ok,2.475779155324573,2.475779155324573
NN_V3,TSP-boundary-n50-g10000-2,59098.54416548496,57427,0.12171229999512434,0.023411700007272884,0.09830059998785146,0.0564381000003777,ok,2.9107286911817725,2.9107286911817725
NN_V3,TSP-boundary-n50-g10000-5,53748.5375498957,52923,0.11739090000628494,0.03151530001196079,0.08587559999432415,0.0954625000013038,ok,1.5598842656230751,1.5598842656230751
NN_V3,TSP-boundary-n500-g1000-3,14680.701465698017,14577,0.1334770999965258,0.07049379998352379,0.06298330001300201,22.919459199998528,ok,0.7114047176923735,0.7114047176923735
NN_V3,TSP-boundary-n500-g1000-1,14940.693425465724,14788,0.12681119999615476,0.05611420000786893,0.07069699998828582,3.4455307999887737,ok,1.032549536554804,1.032549536554804
NN_V3,TSP-boundary-n500-g1000-2,15221.499771749819,14989,0.12228410001262091,0.05108440000913106,0.07119970000348985,11.302185699998518,ok,1.5511359780493632,1.5511359780493632
NN_V3,TSP-boundary-n50-g10000-4,57268.177133071935,55788,0.11900840001180768,0.03540570000768639,0.08360270000412129,0.0942776000010781,ok,2.6532177763532205,2.6532177763532205
NN_V3,TSP-boundary-n500-g10000-2,147402.45465715555,145249,0.15192349997232668,0.07156559999566525,0.08035789997666143,2.270085500000277,ok,1.4825951690927681,1.4825951690927681
NN_V3,TSP-boundary-n500-g1000-4,14558.72816808417,14408,0.14283769999747165,0.06349729999783449,0.07934039999963716,13.337091900000814,ok,1.046142199362644,1.046142199362644
NN_V3,TSP-boundary-n500-g10000-1,150127.95875474252,147140,0.13223690001177602,0.06825790001312271,0.06397899999865331,5.54722939999192,ok,2.0306910117864065,2.0306910117864065
NN_V3,TSP-boundary-n500-g10000-4,150625.9737307229,147812,0.1394334000069648,0.06816160000744276,0.07127179999952205,4.768104300004779,ok,1.9037518812565337,1.9037518812565337
NN_V3,TSP-boundary-n500-g1000-5,14686.12899938086,14524,0.16086110001197085,0.08271020001848228,0.07815089999348857,8.848964500008151,ok,1.11628338874181,1.11628338874181
NN_V3,TSP-boundary-n500-g10000-5,148816.98667753814,146350,0.13904639999964274,0.0697824000089895,0.06926399999065325,9.7054894999892,ok,1.6856758985569784,1.6856758985569784
NN_V3,TSP-boundary-n500-g10000-3,145403.93747820973,143473,0.16226389998337254,0.07460289998562075,0.08766099999775179,2.475389700004598,ok,1.345854257044691,1.345854257044691
NN_V3,TSP-boundary-n60-g1000-1,6127.574554447958,5869,0.11155189998680726,0.01982220000354573,0.09172969998326153,0.196824500002549,ok,4.405768520156037,4.405768520156037
NN_V3,TSP-boundary-n60-g1000-3,5939.215657963447,5606,0.10711480001918972,0.021793300024000928,0.08532149999518879,0.0819953000027453,ok,5.943911130279104,5.943911130279104
NN_V3,TSP-boundary-n60-g1000-5,6080.172490243742,5905,0.1104277000122238,0.03213050001068041,0.07829720000154339,0.1470638000027975,ok,2.966511265770394,2.966511265770394
NN_V3,TSP-boundary-n60-g1000-4,6126.888167534329,6019,0.13872600000468083,0.028708800004096702,0.11001720000058413,0.149754899990512,ok,1.7924600022317514,1.7924600022317514
NN_V3,TSP-boundary-n60-g1000-2,6107.858769423903,5873,0.12672530001145788,0.03266680001979694,0.09405849999166094,0.2882640000025276,ok,3.9989574225081412,3.9989574225081412
NN_V3,TSP-boundary-n60-g10000-2,58233.19082977774,56792,0.12358780001522973,0.01689009999972768,0.10669770001550205,0.1013657000003149,ok,2.537665216540606,2.537665216540606
NN_V3,TSP-boundary-n60-g10000-1,57660.889859574905,55252,0.14249810003093444,0.029628000018419698,0.11287010001251474,0.0560228999966057,ok,4.359823824612512,4.359823824612512
NN_V3,TSP-boundary-n60-g10000-4,61657.08767654229,61590,0.14178880001418293,0.028604999999515712,0.11318380001466721,0.2693680999946082,ok,0.10892624864797407,0.10892624864797407
NN_V3,TSP-boundary-n60-g10000-3,60065.29328079661,59668,0.14340960001572967,0.027778300020145252,0.11563129999558441,0.2281517000083113,ok,0.6658397814517221,0.6658397814517221
NN_V3,TSP-boundary-n60-g10000-5,61224.266378075816,57474,0.1609644999844022,0.03578179999021813,0.12518269999418408,0.1076526999968336,ok,6.525152900573852,6.525152900573852
NN_V3,TSP-boundary-n600-g1000-1,15972.421939310312,15758,0.19263320000027306,0.08152390000759624,0.11110929999267682,3.878137199993944,ok,1.360717980139054,1.360717980139054
NN_V3,TSP-boundary-n600-g1000-4,16154.25631802436,16025,0.1672569000220392,0.058220200007781386,0.1090367000142578,4.481437099995674,ok,0.8065916881395299,0.8065916881395299
NN_V3,TSP-boundary-n600-g1000-2,16356.61881774984,16239,0.16738440000335686,0.07066160000977106,0.0967227999935858,28.217762400003267,ok,0.7242984035337192,0.7242984035337192
NN_V3,TSP-boundary-n600-g1000-3,16577.211972895777,16513,0.17511350000859238,0.07416460002423264,0.10094889998435974,5.026221600011922,ok,0.3888570998351411,0.3888570998351411
NN_V3,TSP-boundary-n600-g10000-1,157498.07401792007,156725,0.1679868999926839,0.07258429998182692,0.09540260001085699,4.938473899994278,ok,0.4932678372436214,0.4932678372436214
NN_V3,TSP-boundary-n600-g10000-3,167204.71644898038,165575,0.1733003999979701,0.08535340000526048,0.0879469999927096,3.822116900002584,ok,0.9842768829716948,0.9842768829716948
NN_V3,TSP-boundary-n600-g10000-2,163255.48634162825,162343,0.15084409998962656,0.07323259999975562,0.07761149998987094,4.045419300004141,ok,0.5620731054792913,0.5620731054792913
NN_V3,TSP-boundary-n600-g10000-4,167247.21640972048,164626,0.17288190001272596,0.076834500010591,0.09604740000213496,9.074188800004777,ok,1.5922250493363626,1.5922250493363626
NN_V3,TSP-boundary-n70-g1000-2,6143.361950135099,6063,0.12541919999057427,0.043285799998557195,0.08213339999201708,0.0693994000030215,ok,1.325448625022243,1.325448625022243
NN_V3,TSP-boundary-n600-g1000-5,16070.154239780823,15884,0.16965080000227317,0.06909070000983775,0.10056009999243543,4.457909999997355,ok,1.1719607138052288,1.1719607138052288
NN_V3,TSP-boundary-n70-g1000-1,5987.166092440093,5786,0.12213840000913478,0.06366189999971539,0.058476500009419397,0.1643213999923318,ok,3.4767731151070356,3.4767731151070356
NN_V3,TSP-boundary-n600-g10000-5,157429.77323891595,157015,0.17110609996598214,0.09162679998553358,0.07947929998044856,30.00891010000487,ok,0.2641615380160813,0.2641615380160813
NN_V3,TSP-boundary-n70-g1000-4,6531.081007070752,6457,0.11611269999411888,0.029779700009385124,0.08633299998473376,0.365405800010194,ok,1.1472976160872246,1.1472976160872246
NN_V3,TSP-boundary-n70-g1000-3,6160.208660800097,6138,0.12150750000728294,0.05098689999431372,0.07052060001296923,0.1557941000064602,ok,0.3618224307607898,0.3618224307607898
NN_V3,TSP-boundary-n70-g1000-5,6115.112448689317,6053,0.12744939999538474,0.03134220000356436,0.09610719999182038,0.096704800002044,ok,1.0261432131061756,1.0261432131061756
NN_V3,TSP-boundary-n70-g10000-3,62011.35692442255,60617,0.1369519000290893,0.04537850001361221,0.09157340001547709,0.2116127999906893,ok,2.300273725889686,2.300273725889686
NN_V3,TSP-boundary-n70-g10000-5,60217.2068624309,58924,0.12166609999258071,0.038464699988253415,0.0832014000043273,0.0920874000003095,ok,2.194703113215164,2.194703113215164
NN_V3,TSP-boundary-n70-g10000-1,59708.431412650156,58320,0.13842709999880753,0.05044580000685528,0.08798129999195226,0.282718799993745,ok,2.380712298782846,2.380712298782846
NN_V3,TSP-boundary-n70-g10000-2,57481.81903757737,56270,0.1371120000258088,0.04285590001381934,0.09425610001198947,0.1955602999951224,ok,2.1535792386304786,2.1535792386304786
NN_V3,TSP-boundary-n70-g10000-4,61043.29265521583,59062,0.1366027999902144,0.0395332999760285,0.0970695000141859,0.0569497999968007,ok,3.3545979736816083,3.3545979736816083
NN_V3,TSP-boundary-n700-g1000-1,17212.928062109946,17144,0.2139263000281062,0.0618679000181146,0.1520584000099916,24.911428599996725,ok,0.40205355873743603,0.40205355873743603
NN_V3,TSP-boundary-n700-g1000-4,17508.075798044913,17464,0.1645820999983698,0.062398399983067065,0.10218370001530275,8.795029400003841,ok,0.25238088665204145,0.25238088665204145
NN_V3,TSP-boundary-n700-g1000-2,17566.045840586215,17373,0.14120270003331825,0.0736394000123255,0.06756330002099276,6.92876479998813,ok,1.1111831035872646,1.1111831035872646
NN_V3,TSP-boundary-n700-g1000-3,17821.08508382243,17579,0.14087050000671297,0.0694495000061579,0.07142100000055507,4.697206400000141,ok,1.3771265932216208,1.3771265932216208
NN_V3,TSP-boundary-n700-g10000-1,175874.56989088375,175616,0.1285515000054147,0.0776964999968186,0.05085500000859611,10.379001500026789,ok,0.14723595280825846,0.14723595280825846
NN_V3,TSP-boundary-n8-g1000-1,3398.9532589185837,3320,0.09321719998843037,0.01806060000672005,0.07515659998171031,0.0422594999981811,ok,2.3781102083910763,2.3781102083910763
NN_V3,TSP-boundary-n700-g10000-2,174244.4645503182,175350,0.13347890001023188,0.08968810000806116,0.04379080000217073,6.62368739998783,ok,-0.6304735954843477,0.6304735954843477
NN_V3,TSP-boundary-n8-g1000-2,3207.5143255727526,3121,0.085437700006878,0.01826250000158325,0.06717520000529476,0.0510159000114072,ok,2.772006586759134,2.772006586759134
NN_V3,TSP-boundary-n8-g1000-3,3430.7953849350597,3478,0.08577130001503974,0.016477900004247203,0.06929340001079254,0.0506058000028133,ok,-1.3572344757027113,1.3572344757027113
NN_V3,TSP-boundary-n8-g1000-4,2419.4721182630383,2637,0.08866509998915717,0.018763400003081188,0.06990169998607598,0.0490490000083809,ok,-8.249066429160475,8.249066429160475
NN_V3,TSP-boundary-n700-g1000-5,17355.264181500068,17318,0.165078900026856,0.09538300000713207,0.06969590001972392,12.508719899997232,ok,0.21517601050968896,0.21517601050968896
NN_V3,TSP-boundary-n700-g10000-3,171776.71222178987,171652,0.156256599992048,0.07726349998847581,0.07899310000357218,8.618686699992395,ok,0.07265410352915916,0.07265410352915916
NN_V3,TSP-boundary-n8-g1000-5,2769.1142019642393,2807,0.08527739997953176,0.019015700003365055,0.06626169997616671,0.1326214000000618,ok,-1.349689990586415,1.349689990586415
NN_V3,TSP-boundary-n8-g10000-4,24427.780564029934,25701,0.1135536000074353,0.030068200023379177,0.08348539998405613,0.2653704999975161,ok,-4.95396846803652,4.95396846803652
NN_V3,TSP-boundary-n8-g10000-5,31391.417920781532,31031,0.10353329998906702,0.02672840000013821,0.07680489998892881,0.3634891999972751,ok,1.1614769771568183,1.1614769771568183
NN_V3,TSP-boundary-n8-g10000-3,33526.55297032144,34166,0.11548619999666698,0.01717950002057478,0.0983066999760922,0.4614666999987094,ok,-1.871588800791894,1.871588800791894
NN_V3,TSP-boundary-n700-g10000-4,177181.77580359043,173365,0.23177250003209338,0.14691100001800805,0.08486150001408532,12.89531399999396,ok,2.201583828102804,2.201583828102804
NN_V3,TSP-boundary-n8-g10000-1,31162.48958773585,33402,0.13799209997523576,0.03574939997633919,0.10224269999889657,0.4420339000062085,ok,-6.704719514592389,6.704719514592389
NN_V3,TSP-boundary-n700-g10000-5,174550.66496048262,173629,0.20914039999479428,0.1089438000053633,0.10019659998943098,7.731723099990631,ok,0.5308243210999449,0.5308243210999449
NN_V3,TSP-boundary-n8-g10000-2,30126.505381277762,29005,0.1749077000131365,0.04816350000328384,0.12674420000985265,0.3940565999946557,ok,3.866593281426521,3.866593281426521
NN_V3,TSP-boundary-n80-g1000-3,6982.675169182949,6742,0.12518139998428524,0.015486899996176362,0.10969449998810887,0.341940300000715,ok,3.569788922915286,3.569788922915286
NN_V3,TSP-boundary-n80-g1000-4,6744.090418288339,6664,0.10974790001637302,0.012926499999593943,0.09682140001677908,0.0862742000026628,ok,1.201837009128732,1.201837009128732
NN_V3,TSP-boundary-n80-g1000-1,5970.598823156295,5681,0.13454130000900477,0.013672400003997609,0.12086890000500716,0.1822433000052115,ok,5.097673352513556,5.097673352513556
NN_V3,TSP-boundary-n80-g1000-2,6454.206694001841,6217,0.13650890000280924,0.02146980000543408,0.11503909999737516,0.1033079999906476,ok,3.815452694255127,3.815452694255127
NN_V3,TSP-boundary-n80-g10000-2,62908.03120332118,61027,0.12157489999663085,0.033115999976871535,0.08845890001975931,0.1185906000027898,ok,3.0822934165552645,3.0822934165552645
NN_V3,TSP-boundary-n80-g10000-1,65186.59766226809,63622,0.12894280001637526,0.02947950002271682,0.09946329999365844,0.3424070999899413,ok,2.4592085477792116,2.4592085477792116
NN_V3,TSP-boundary-n80-g1000-5,6911.568910158814,6794,0.13159029997768812,0.03287189998081885,0.09871839999686927,0.1019769999984419,ok,1.7304814565618796,1.7304814565618796
NN_V3,TSP-boundary-n80-g10000-3,68837.44033011555,69194,0.1507870999921579,0.030200499983038753,0.12058660000911914,0.2268553000030806,ok,-0.515304318126493,0.515304318126493
NN_V3,TSP-boundary-n80-g10000-5,67975.93358502915,67313,0.13181300001451746,0.03275499999290332,0.09905800002161413,0.1099745999963488,ok,0.9848522351242013,0.9848522351242013
NN_V3,TSP-boundary-n80-g10000-4,65285.34345395467,63042,0.16733329999260604,0.04484499999671243,0.12248829999589361,0.1149660000082803,ok,3.5584902984592373,3.5584902984592373
NN_V3,TSP-boundary-n800-g1000-2,18804.005691626924,18571,0.207827400037786,0.08419650001451373,0.12363090002327226,5.513284399989061,ok,1.2546749858754191,1.2546749858754191
NN_V3,TSP-boundary-n800-g1000-1,18703.547841862717,18611,0.21220660003018565,0.09230000001844019,0.11990660001174547,16.465018899994902,ok,0.4972749549337337,0.4972749549337337
NN_V3,TSP-boundary-n800-g1000-3,18770.678943175008,18426,0.18046700002742,0.09368480002740398,0.08678220000001602,5.908687799994368,ok,1.8706118700477998,1.8706118700477998
NN_V3,TSP-boundary-n800-g10000-2,183466.88044371316,184854,0.18296260002534837,0.07707610001671128,0.10588650000863709,226.9496613999945,ok,-0.7503865517039598,0.7503865517039598
NN_V3,TSP-boundary-n800-g1000-5,18398.662878124975,18162,0.19760959999985062,0.08282599999802187,0.11478360000182875,5.016360900001018,ok,1.3030661718146386,1.3030661718146386
NN_V3,TSP-boundary-n800-g10000-3,184235.74767828325,183429,0.17114660001243465,0.11705180001445115,0.0540947999979835,5.994047500003944,ok,0.43981468485531333,0.43981468485531333
NN_V3,TSP-boundary-n800-g1000-4,18866.01589888113,18601,0.161995799979195,0.08649349998449907,0.07550229999469593,33.339048099995125,ok,1.4247400617231916,1.4247400617231916
NN_V3,TSP-boundary-n800-g10000-1,187452.72592527978,186065,0.1794678999867756,0.10231700001168065,0.07715089997509494,6.679852500004927,ok,0.7458285681239251,0.7458285681239251
NN_V3,TSP-boundary-n800-g10000-4,188833.39505846053,188036,0.14720699997269548,0.08874849998392165,0.05845849998877384,7.187218499995652,ok,0.4240651037357387,0.4240651037357387
NN_V3,TSP-boundary-n90-g1000-2,6859.586260266995,6651,0.10463369998615235,0.038811299978988245,0.0658224000071641,0.1274632999993628,ok,3.136163889144414,3.136163889144414
NN_V3,TSP-boundary-n90-g1000-3,6668.672058570897,6498,0.10006110000540502,0.034991900000022724,0.0650692000053823,0.1539069999998901,ok,2.626532141749726,2.626532141749726
NN_V3,TSP-boundary-n90-g1000-1,6565.6468295466475,6593,0.10306929997750558,0.034433399996487424,0.06863589998101816,0.1682462000026134,ok,-0.41488200293269384,0.41488200293269384
NN_V3,TSP-boundary-n90-g1000-4,6591.884109361927,6519,0.11644509999314323,0.03445010000723414,0.08199499998590909,0.0901991999999154,ok,1.1180259144336044,1.1180259144336044
NN_V3,TSP-boundary-n800-g10000-5,178855.50210905122,178451,0.17916849997709505,0.09657919997698627,0.08258930000010878,18.041770399999223,ok,0.22667405004803357,0.22667405004803357
NN_V3,TSP-boundary-n90-g10000-2,67254.45041052386,64465,0.12153379997471347,0.04770289998850785,0.07383089998620562,0.1919266000040806,ok,4.32707734510798,4.32707734510798
NN_V3,TSP-boundary-n90-g1000-5,6734.374303309269,6637,0.1602077000134159,0.059644100023433566,0.10056359998998232,0.2007595000031869,ok,1.4671433374908651,1.4671433374908651
NN_V3,TSP-boundary-n90-g10000-3,71638.15584152355,69192,0.16332699998747557,0.0413826999720186,0.12194430001545697,0.1065311999991536,ok,3.535315992489809,3.535315992489809
NN_V3,TSP-boundary-n90-g10000-5,66474.92292381357,65189,0.14579650002997369,0.035397900006501004,0.11039860002347268,0.5789832000009483,ok,1.972607224859369,1.972607224859369
NN_V3,TSP-boundary-n90-g10000-1,68989.6920058087,67541,0.16979189999983646,0.05192769999848679,0.11786420000134967,0.1478282000025501,ok,2.144907546244056,2.144907546244056
NN_V3,TSP-boundary-n90-g10000-4,66019.5284593883,64892,0.16396760000498034,0.04109829998924397,0.12286930001573637,0.1899121000024024,ok,1.737546168076646,1.737546168076646
NN_V3,TSP-boundary-n900-g1000-1,19990.938107741502,19866,0.1975504000147339,0.07928110001375899,0.11826930000097491,10.823129700002028,ok,0.6289041968262452,0.6289041968262452
NN_V3,TSP-boundary-n900-g1000-2,20022.059886917355,19832,0.20470810003462248,0.06668680001166649,0.13802130002295598,6.772020100004738,ok,0.9583495709830349,0.9583495709830349
NN_V3,TSP-boundary-n900-g1000-3,20018.698920263385,19767,0.1498513999977149,0.08110609999857843,0.06874529999913648,343.4526244000008,ok,1.273328882801563,1.273328882801563
NN_V3,TSP-clustered-n100-g1000-c10-r10-2,5009.927367209602,5027,0.13318819997948594,0.059724099992308766,0.07346409998717718,0.7294317000050796,ok,-0.3396187147483115,0.3396187147483115
NN_V3,TSP-boundary-n900-g1000-4,19588.12484494038,19365,0.1532456999993883,0.09491350001189858,0.05833219998748973,10.63208169999416,ok,1.152206790293722,1.152206790293722
NN_V3,TSP-clustered-n100-g1000-c10-r10-1,4655.169175560048,4656,0.1340286000049673,0.0338810000102967,0.1001475999946706,1.052139099992928,ok,-0.01784416752474799,0.01784416752474799
NN_V3,TSP-boundary-n900-g10000-1,199016.7060437759,197681,0.16087849996984005,0.10179319998132996,0.05908529998851009,21.687275000003865,ok,0.6756876198399906,0.6756876198399906
NN_V3,TSP-boundary-n900-g1000-5,19806.739001111215,19786,0.16995049998513423,0.060250099981203675,0.10970040000393055,11.174093099994934,ok,0.1048165425614816,0.1048165425614816
NN_V3,TSP-boundary-n900-g10000-2,198026.12368730363,196562,0.14205940000829287,0.06698780000442639,0.07507160000386648,80.47898859999259,ok,0.7448660917693273,0.7448660917693273
NN_V3,TSP-clustered-n100-g1000-c10-r10-3,5148.406458068675,5292,0.10251619998598471,0.04290850000688806,0.05960769997909665,2.5103675999998813,ok,-2.71340782183153,2.71340782183153
NN_V3,TSP-boundary-n900-g10000-4,194655.55443312228,192765,0.15383639998617582,0.08349429999361746,0.07034209999255836,9.116299999994226,ok,0.9807560672955554,0.9807560672955554
NN_V3,TSP-clustered-n100-g1000-c10-r10-4,5239.8288974892275,5263,0.13299679997726344,0.06901269999798387,0.06398409997927956,1.069019500006107,ok,-0.4402641556293458,0.4402641556293458
NN_V3,TSP-clustered-n100-g1000-c10-r10-5,4919.776099558105,5213,0.12107090002973564,0.06577480002306402,0.05529610000667162,1.3023149999935413,ok,-5.624859014807122,5.624859014807122
NN_V3,TSP-boundary-n900-g10000-3,195126.0996052879,195494,0.16716760001145303,0.10137910000048578,0.06578850001096725,14.352525299997067,ok,-0.18819012077716407,0.18819012077716407
NN_V3,TSP-clustered-n100-g1000-c10-r5-3,4446.8946558852185,4370,0.13179489999311045,0.05774509999901056,0.07404979999409989,2.8935513000033097,ok,1.759603109501568,1.759603109501568
NN_V3,TSP-boundary-n900-g10000-5,193146.7949857749,192390,0.2098651999840513,0.12636369999381714,0.08350149999023415,11.862939899991034,ok,0.3933650323690963,0.3933650323690963
NN_V3,TSP-clustered-n100-g1000-c10-r5-1,4235.920685107754,3980,0.1236806999950204,0.05349029999342747,0.07019040000159293,0.8031785999919521,ok,6.4301679675315135,6.4301679675315135
NN_V3,TSP-clustered-n100-g1000-c10-r5-2,4565.766220397389,4376,0.13412729997071438,0.04576869998709299,0.08835859998362139,1.0825814999989234,ok,4.336522403962264,4.336522403962264
NN_V3,TSP-clustered-n100-g1000-c10-r5-5,3894.6145399629604,3812,0.12515169999096543,0.04999060000409372,0.0751610999868717,3.3784310999908485,ok,2.167222979091301,2.167222979091301
NN_V3,TSP-clustered-n100-g1000-c10-r5-4,4479.120384660433,4259,0.2140979999967385,0.06585369998356327,0.14824430001317523,1.2609677000000374,ok,5.168358409495963,5.168358409495963
NN_V3,TSP-clustered-n100-g1000-c5-r5-2,3412.155196493928,3523,0.13437740001245402,0.019036000012420118,0.1153414000000339,3.1245721000013877,ok,-3.146318578088899,3.146318578088899
NN_V3,TSP-clustered-n100-g1000-c5-r5-3,2304.828137898585,2413,0.11221550000482239,0.026292900001863018,0.08592260000295937,4.277486499995575,ok,-4.48287866147597,4.48287866147597
NN_V3,TSP-clustered-n100-g1000-c5-r5-1,3274.6356675013667,3294,0.12622489998466335,0.022839499986730516,0.10338539999793284,4.521199299997534,ok,-0.587866803237198,0.587866803237198
NN_V3,TSP-clustered-n100-g10000-c10-r10-4,48011.12128126295,46682,0.11924780000117607,0.03622249999898486,0.08302530000219122,0.0622072000114712,ok,2.8471815287754443,2.8471815287754443
NN_V3,TSP-clustered-n100-g10000-c10-r10-5,50177.31090094498,50639,0.1096733000013046,0.048308299999916926,0.06136500000138767,0.131095999997342,ok,-0.9117263355418084,0.9117263355418084
NN_V3,TSP-clustered-n100-g1000-c5-r5-4,3491.612095788776,3194,0.09235239998088218,0.02474579997942783,0.06760660000145435,1.6482375000050524,ok,9.317848960199626,9.317848960199626
NN_V3,TSP-clustered-n100-g10000-c10-r10-3,44099.143907505786,45142,0.11087340000085533,0.03516910001053475,0.07570429999032058,1.0051226999930805,ok,-2.310168119476793,2.310168119476793
NN_V3,TSP-clustered-n100-g10000-c10-r10-2,44743.88753496023,45066,0.10476529999868944,0.030447500001173466,0.07431779999751598,0.1405896999931428,ok,-0.7147571673540335,0.7147571673540335
NN_V3,TSP-clustered-n100-g10000-c10-r10-1,50679.911375036,50116,0.11233470001025125,0.05175829998916015,0.060576400021091104,0.3752921999985119,ok,1.1252122576342833,1.1252122576342833
NN_V3,TSP-clustered-n100-g1000-c5-r5-5,2826.5746851501535,2920,0.10645160000422038,0.039007100014714524,0.06744449998950586,3.247115699996357,ok,-3.1994970838988515,3.1994970838988515
NN_V3,TSP-clustered-n100-g10000-c10-r5-3,40729.88042744866,39588,0.10481069996603765,0.04009229998337105,0.0647183999826666,1.368008200006443,ok,2.8844104967380546,2.8844104967380546
NN_V3,TSP-clustered-n100-g10000-c10-r5-1,39005.54920390586,33113,0.12279670001589693,0.05285950002144091,0.06993719999445602,0.4398454000038327,ok,17.795274375338565,17.795274375338565
NN_V3,TSP-clustered-n100-g10000-c5-r5-1,31818.90711070923,30848,0.13789670000551268,0.07161129999440163,0.06628540001111105,1.4352475000050615,ok,3.147390789384178,3.147390789384178
NN_V3,TSP-clustered-n100-g10000-c10-r5-4,43231.57077966747,41412,0.11997620001784526,0.04318720000446774,0.07678900001337752,0.3429417000006651,ok,4.393824929169006,4.393824929169006
NN_V3,TSP-clustered-n100-g10000-c5-r5-2,34373.76075385488,35317,0.13147399999434128,0.06656050001038238,0.0649134999839589,1.541286499996204,ok,-2.670779641943324,2.670779641943324
NN_V3,TSP-clustered-n100-g10000-c5-r5-3,30844.01739959634,31841,0.13273949999711476,0.04490740000619553,0.08783209999091923,1.3821425999922212,ok,-3.131128420601296,3.131128420601296
NN_V3,TSP-clustered-n100-g10000-c10-r5-5,49102.47302251635,43916,0.13511489998199977,0.055400899989763275,0.0797139999922365,0.5331836999976076,ok,11.80998502258027,11.80998502258027
NN_V3,TSP-clustered-n100-g10000-c10-r5-2,38143.46846657951,37465,0.14454249999835156,0.04979119999916293,0.09475129999918863,0.5736953000014182,ok,1.8109394543694293,1.8109394543694293
NN_V3,TSP-clustered-n100-g10000-c5-r5-4,26913.74524900911,25622,0.13622879999456927,0.03274779999628663,0.10348099999828264,1.2420207999966806,ok,5.0415472992315555,5.0415472992315555
NN_V3,TSP-clustered-n100-g10000-c5-r5-5,27447.050095053564,26480,0.1913030999712646,0.03691249998519197,0.15439059998607263,2.1709877000103006,ok,3.6520018695376293,3.6520018695376293
NN_V3,TSP-clustered-n1000-g1000-c20-r10-2,14980.718899805448,15203,0.19607099998393096,0.06624449999071658,0.12982649999321438,15.93639620000613,ok,-1.462087089354417,1.462087089354417
NN_V3,TSP-clustered-n1000-g1000-c20-r10-1,14990.402417267382,15160,0.23193360000732355,0.05803569999989122,0.17389790000743233,123.27919690001,ok,-1.1187175641993292,1.1187175641993292
NN_V3,TSP-clustered-n500-g1000-c10-r5-1,5610.224703614476,5453,0.16652410000097007,0.07937150000361726,0.08715259999735281,19.49607520000427,ok,2.8832698260494465,2.8832698260494465
NN_V3,TSP-clustered-n1000-g1000-c20-r10-3,15562.187537558377,15891,0.22805470001185313,0.0773308000061661,0.15072390000568703,51.62400969999726,ok,-2.0691741390826457,2.0691741390826457
NN_V3,TSP-clustered-n1000-g10000-c20-r10-5,157443.1605026573,161586,0.17775829997844994,0.11867830000119284,0.0590799999772571,224.6262854000088,ok,-2.5638604194315757,2.5638604194315757
NN_V3,TSP-clustered-n500-g1000-c10-r5-5,6020.439771049321,6104,0.14006090004113503,0.09256320001441054,0.04749770002672449,32.13442910001322,ok,-1.368942151878747,1.368942151878747
NN_V3,TSP-clustered-n1000-g10000-c20-r10-1,145173.20598539873,146479,0.2150693999719806,0.07034119998570532,0.14472819998627529,9.43321869999636,ok,-0.8914547577477111,0.8914547577477111
NN_V3,TSP-clustered-n500-g1000-c10-r5-4,6166.069945852098,6363,0.1300137999933213,0.07688350000535138,0.05313029998796992,50.84293050000269,ok,-3.0949246290728025,3.0949246290728025
NN_V3,TSP-clustered-n1000-g1000-c20-r10-4,15314.003222989384,15543,0.1768832000088878,0.07515140000032261,0.10173180000856519,22.27339249999204,ok,-1.4733113106261078,1.4733113106261078
NN_V3,TSP-clustered-n1000-g10000-c20-r10-2,157077.23519107327,159532,0.1806044999975711,0.1262325999850873,0.05437190001248382,107.06078739999792,ok,-1.538728787282007,1.538728787282007
NN_V3,TSP-clustered-n1000-g10000-c20-r10-3,153602.90859008348,159226,0.1825364999822341,0.13563149998662993,0.04690499999560416,115.67414400000416,ok,-3.5315158390693253,3.5315158390693253
NN_V3,TSP-clustered-n1000-g1000-c20-r10-5,14203.644229709142,14436,0.16470459999982268,0.07923770000343211,0.08546689999639057,37.28057650000847,ok,-1.6095578435221554,1.6095578435221554
NN_V3,TSP-clustered-n1000-g10000-c20-r10-4,149363.75182361132,152731,0.19931769999675453,0.15226659999461845,0.04705110000213608,18.410464400003548,ok,-2.204692024794361,2.204692024794361
NN_V3,TSP-clustered-n500-g1000-c10-r5-2,6159.3988235872675,6022,0.1548645999864675,0.10667099998681806,0.04819359999964945,37.60363919999509,ok,2.281614473385379,2.281614473385379
NN_V3,TSP-clustered-n500-g1000-c20-r10-3,11773.175505172752,11762,0.1519896000099834,0.09731250000186265,0.05467710000812076,2.046593500010204,ok,0.09501364710722929,0.09501364710722929
NN_V3,TSP-clustered-n500-g1000-c10-r5-3,5994.054231019341,6167,0.18462499996530823,0.10727299997233786,0.07735199999297038,40.63895039999625,ok,-2.8043743956649685,2.8043743956649685
NN_V3,TSP-clustered-n500-g1000-c20-r10-1,10605.93489777403,10713,0.1830064000096172,0.11361980001674965,0.06938659999286756,29.613700200003223,ok,-0.9993942147481555,0.9993942147481555
NN_V3,TSP-clustered-n500-g1000-c20-r10-2,11724.742034842682,11918,0.1940889999968931,0.1045936000009533,0.0894953999959398,4.350630300003104,ok,-1.621563728455427,1.621563728455427
NN_V3,TSP-clustered-n500-g1000-c20-r10-4,11052.104399901873,11066,0.19369389998610131,0.09539800000493415,0.09829589998116717,19.5994936000061,ok,-0.12557021595994067,0.12557021595994067
NN_V3,TSP-clustered-n500-g1000-c20-r10-5,10979.194050148362,11171,0.20022710002376698,0.05826680001337081,0.14196030001039617,10.501491299990448,ok,-1.7169989244618897,1.7169989244618897
NN_V3,TSP-clustered-n500-g10000-c10-r5-1,62760.97727806773,61703,0.13714700000127777,0.029444699990563095,0.10770230001071468,8.997720400002436,ok,1.7146285886711026,1.7146285886711026
NN_V3,TSP-correlated-n10-g1000-2,2321.354281415559,2486,0.11818839999614283,0.026903099991614,0.09128530000452884,0.0443792000005487,ok,-6.622917079020155,6.622917079020155
NN_V3,TSP-correlated-n10-g1000-1,2654.9268857392526,2694,0.1347824000113178,0.01971280001453124,0.11506959999678656,0.0711597000045003,ok,-1.4503754365533552,1.4503754365533552
NN_V3,TSP-correlated-n10-g1000-3,2536.57090408403,2640,0.10289039998315275,0.02461979998042807,0.07827060000272468,0.192071900004521,ok,-3.9177687846958262,3.9177687846958262
NN_V3,TSP-correlated-n10-g1000-5,2190.9900861505157,2249,0.0849059000320267,0.033754900010535493,0.0511510000214912,0.1294519000075524,ok,-2.5793647776560378,2.5793647776560378
NN_V3,TSP-clustered-n500-g10000-c10-r5-4,59266.41461570561,56914,0.12182120000943542,0.055494400003226474,0.06632680000620894,29.798959199993988,ok,4.133279361326931,4.133279361326931
NN_V3,TSP-correlated-n10-g1000-4,2489.54149818953,2387,0.08477230000426061,0.014297000016085804,0.07047529998817481,0.1271186000085435,ok,4.295831511919988,4.295831511919988
NN_V3,TSP-clustered-n500-g10000-c20-r10-3,114750.40494150366,118909,0.12448339999536984,0.07253989999298938,0.05194350000238046,10.678595999997924,ok,-3.4972920960535734,3.4972920960535734
NN_V3,TSP-clustered-n500-g10000-c10-r5-3,66095.85866760998,68860,0.15856759998132475,0.08183529999223538,0.07673229998908937,97.15307070000564,ok,-4.014146576227156,4.014146576227156
NN_V3,TSP-correlated-n10-g10000-1,24394.432397917495,25534,0.09667799997259863,0.024585299979662523,0.0720926999929361,0.1196472000010544,ok,-4.462941967895766,4.462941967895766
NN_V3,TSP-clustered-n500-g10000-c10-r5-5,61271.50681884214,61953,0.138829799980158,0.08729589998256415,0.051533899997593835,18.1173351000034,ok,-1.1000164336801401,1.1000164336801401
NN_V3,TSP-clustered-n500-g10000-c20-r10-4,114767.78749495279,115408,0.15915820002555847,0.08923570002662018,0.06992249999893829,4.342118600005051,ok,-0.5547384107230084,0.5547384107230084
NN_V3,TSP-clustered-n500-g10000-c20-r10-2,103463.45396606158,106730,0.15641590001177974,0.10403740001493134,0.052378499996848404,16.4446706000017,ok,-3.060569693561712,3.060569693561712
NN_V3,TSP-correlated-n10-g10000-4,25212.74677607324,23264,0.08164429999305867,0.026136400003451854,0.05550789998960681,0.0525835000007646,ok,8.376662551896663,8.376662551896663
NN_V3,TSP-correlated-n10-g10000-3,24415.740129947662,24736,0.0953979000041727,0.032290700008161366,0.06310719999601133,0.0555502999923191,ok,-1.2947116350757504,1.2947116350757504
NN_V3,TSP-correlated-n10-g10000-2,23105.105512976064,23420,0.11210739999660291,0.04670879998593591,0.065398600010667,0.041838999997708,ok,-1.3445537447648832,1.3445537447648832
NN_V3,TSP-clustered-n500-g10000-c20-r10-5,112520.517778293,114328,0.1636651000007987,0.08793129998957738,0.07573380001122132,6.9921853999985615,ok,-1.5809619880580463,1.5809619880580463
NN_V3,TSP-clustered-n500-g10000-c10-r5-2,58771.57265395182,56755,0.15529609998338856,0.062140699999872595,0.09315539998351596,11.221550100002789,ok,3.5531189392156146,3.5531189392156146
NN_V3,TSP-clustered-n500-g10000-c20-r10-1,109971.03126051801,112649,0.1876347000070382,0.11187399999471381,0.07576070001232438,8.870767899992643,ok,-2.3772680977922502,2.3772680977922502
NN_V3,TSP-correlated-n100-g1000-1,4717.043550116359,4639,0.130564899998717,0.027123400010168552,0.10344149998854846,0.1892345000087516,ok,1.6823356351877399,1.6823356351877399
NN_V3,TSP-correlated-n10-g10000-5,22595.317060550908,23777,0.19001559997559525,0.04335509997326881,0.14666050000232644,0.0408502999925985,ok,-4.969857170581202,4.969857170581202
NN_V3,TSP-correlated-n100-g1000-2,4841.783549297397,4929,0.13002600002801046,0.014544800011208281,0.11548120001680218,0.1714053000032436,ok,-1.7694552790140545,1.7694552790140545
NN_V3,TSP-correlated-n100-g1000-4,4547.985021705121,4543,0.13018430001102388,0.029466800013324246,0.10071749999769963,0.3382789000024786,ok,0.10972973156770291,0.10972973156770291
NN_V3,TSP-correlated-n100-g10000-2,48214.42473315593,46965,0.15529549997881986,0.025673800002550706,0.12962169997626916,0.1191878999961773,ok,2.660331594072034,2.660331594072034
NN_V3,TSP-correlated-n100-g10000-4,48163.659765250166,47860,0.14386300000478514,0.030942600016715005,0.11292039998807013,0.2945146999991266,ok,0.6344750632055285,0.6344750632055285
NN_V3,TSP-correlated-n100-g1000-3,4863.928011392301,4989,0.19440629999735393,0.02243770001223311,0.17196859998512082,0.3519467000005534,ok,-2.5069550733152655,2.5069550733152655
NN_V3,TSP-correlated-n100-g10000-3,50811.19667466404,50000,0.15872900004615076,0.039765700028510764,0.11896330001764,0.507085500008543,ok,1.6223933493280784,1.6223933493280784
NN_V3,TSP-correlated-n100-g10000-1,48579.089238247136,49407,0.1629094999807421,0.024254499992821366,0.13865499998792075,0.3402922999957809,ok,-1.6756952694008225,1.6756952694008225
NN_V3,TSP-correlated-n100-g1000-5,5188.680650052775,5080,0.18158469998161308,0.04873999999836087,0.1328446999832522,0.2262345000053756,ok,2.1393828750546175,2.1393828750546175
NN_V3,TSP-correlated-n100-g10000-5,49932.44953603682,49729,0.17127620000974275,0.049316100019495934,0.12196009999024682,0.3912067999917781,ok,0.40911648341373535,0.40911648341373535
NN_V3,TSP-correlated-n1000-g10000-1,142749.70501307398,143934,0.17940560000715777,0.09463040000991896,0.08477519999723881,18.70663129998138,ok,-0.8228041928425661,0.8228041928425661
NN_V3,TSP-correlated-n1000-g1000-5,14048.676861608372,14121,0.19331699999747798,0.12053469999227673,0.07278230000520125,253.13229649999997,ok,-0.5121672572171104,0.5121672572171104
NN_V3,TSP-correlated-n1000-g1000-1,14123.351371153723,14073,0.23699750000378117,0.11502120000659488,0.12197629999718629,9.94050110000535,ok,0.3577870472090062,0.3577870472090062
NN_V3,TSP-correlated-n1000-g10000-2,144432.14382277802,145501,0.19415909997769631,0.11018489999696612,0.08397419998073019,2115.611118800007,ok,-0.7346040076851593,0.7346040076851593
NN_V3,TSP-correlated-n1000-g1000-4,14351.642125961313,14397,0.18382929998915642,0.09486099999048747,0.08896829999866895,17.90100720000919,ok,-0.31505087197810266,0.31505087197810266
NN_V3,TSP-correlated-n1000-g1000-2,14436.101062706206,14546,0.2082681999891065,0.11503069999162108,0.09323749999748543,19.935671100014588,ok,-0.7555268616375224,0.7555268616375224
NN_V3,TSP-correlated-n1000-g1000-3,14358.810297055228,14368,0.20005420001689345,0.09009020001394674,0.1099640000029467,16.153673600012553,ok,-0.06395951381383527,0.06395951381383527
NN_V3,TSP-correlated-n20-g1000-1,2543.8259036521267,2623,0.124279799987562,0.030578300007618964,0.09370149997994304,0.0580161999969277,ok,-3.0184558272159085,3.0184558272159085
NN_V3,TSP-correlated-n1000-g10000-3,142655.82120997214,145136,0.24878389996592887,0.15541349997511134,0.09337039999081753,6.641579799994361,ok,-1.7088653332239128,1.7088653332239128
NN_V3,TSP-correlated-n20-g1000-2,2998.2803334123237,3010,0.1484113000042271,0.027204199985135347,0.12120710001909174,0.0890646999905584,ok,-0.38935769394273523,0.38935769394273523
NN_V3,TSP-correlated-n1000-g10000-4,141365.0789368793,142064,0.23480730000301264,0.12830959999701008,0.10649770000600256,243.73681160001436,ok,-0.4919761960248266,0.4919761960248266
NN_V3,TSP-correlated-n1000-g10000-5,140676.4505537767,141657,0.1808172999881208,0.10655460000270978,0.07426269998541102,4.8632092000043485,ok,-0.692199782731036,0.692199782731036
NN_V3,TSP-correlated-n20-g1000-4,2848.7196179187886,2974,0.10452719999011606,0.021360799990361556,0.0831663999997545,0.065344400005415,ok,-4.212521253571333,4.212521253571333
NN_V3,TSP-correlated-n20-g1000-3,3002.5868479530327,2991,0.12455629999749362,0.03361270000459626,0.09094359999289736,0.0776301999867428,ok,0.387390436410321,0.387390436410321
NN_V3,TSP-correlated-n20-g10000-2,27125.26954971836,27481,0.09328289999393746,0.018555899994680658,0.0747269999992568,0.0442202000122051,ok,-1.294459627675996,1.294459627675996
NN_V3,TSP-correlated-n20-g10000-1,27269.799447170226,27076,0.10574439997435547,0.018116199993528426,0.08762819998082705,0.0544794000015826,ok,0.7157609956057982,0.7157609956057982
NN_V3,TSP-correlated-n20-g1000-5,2715.6005280570425,2761,0.1318670999899041,0.028084399993531406,0.10378269999637268,0.0675601999973878,ok,-1.64431263828169,1.64431263828169
NN_V3,TSP-correlated-n20-g10000-3,28571.392311352654,27248,0.16226330000790767,0.03506480000214651,0.12719850000576116,0.0431548000051407,ok,4.856842011717022,4.856842011717022
NN_V3,TSP-correlated-n20-g10000-5,29731.7279049824,28601,0.13545060000615194,0.024498700018739328,0.11095189998741262,0.041203000000678,ok,3.9534558406433313,3.9534558406433313
NN_V3,TSP-correlated-n20-g10000-4,24077.71523737401,25114,0.1413347000197973,0.027819100010674447,0.11351560000912286,0.0443505000002915,ok,-4.126323017543959,4.126323017543959
NN_V3,TSP-correlated-n200-g1000-1,6839.843581058041,6771,0.13657380000222474,0.048243099998217076,0.08833070000400767,0.9605453999974998,ok,1.016741708138256,1.016741708138256
NN_V3,TSP-correlated-n200-g1000-5,6251.00704027609,6192,0.12137830001302063,0.041466299997409806,0.07991200001561083,0.9919045999995432,ok,0.9529560768102433,0.9529560768102433
NN_V3,TSP-correlated-n200-g1000-2,6367.545248857932,6390,0.15116629999829456,0.035405300004640594,0.11576099999365397,1.1352532000018982,ok,-0.3514045562138941,0.3514045562138941
NN_V3,TSP-correlated-n200-g10000-1,65891.86881583242,66282,0.13381570001365617,0.04758640000363812,0.08622930001001805,1.1826494000124512,ok,-0.5885929576168158,0.5885929576168158
NN_V3,TSP-correlated-n200-g1000-3,7252.462869864306,7272,0.15907910000532866,0.03792160001466982,0.12115749999065883,1.07515040000726,ok,-0.26866240560634747,0.26866240560634747
NN_V3,TSP-correlated-n200-g10000-3,68781.26215582597,69044,0.13064940000185743,0.04657860001316294,0.08407079998869449,2.722870000012336,ok,-0.38053682314760057,0.38053682314760057
NN_V3,TSP-correlated-n200-g1000-4,6888.020957018271,6818,0.1352138000074774,0.041635300003690645,0.09357850000378676,1.1035255000024335,ok,1.0270014229725808,1.0270014229725808
NN_V3,TSP-correlated-n200-g10000-2,61732.23400664935,61838,0.14858060001279227,0.04538789999787696,0.10319270001491532,1.1510228000115603,ok,-0.17103721554812756,0.17103721554812756
NN_V3,TSP-correlated-n200-g10000-5,66511.97606130096,65583,0.1275422000035178,0.04992530000163242,0.07761690000188537,1.777247999998508,ok,1.4164891226399472,1.4164891226399472
NN_V3,TSP-correlated-n30-g1000-2,2866.6413625063724,3151,0.10054989997297525,0.036474799999268726,0.06407509997370653,0.0503138999920338,ok,-9.024393446322678,9.024393446322678
NN_V3,TSP-correlated-n30-g10000-1,32972.569826980296,32711,0.08339620000333525,0.027868400007719174,0.05552779999561608,0.055189100006828,ok,0.7996387361447098,0.7996387361447098
NN_V3,TSP-correlated-n200-g10000-4,63127.82124616101,62683,0.14398269998491742,0.05964500000118278,0.08433769998373464,1.3322217999957502,ok,0.7096361791251363,0.7096361791251363
NN_V3,TSP-correlated-n30-g1000-1,3106.4956672384214,3128,0.1129025999980513,0.04046249997918494,0.07244010001886636,0.0449453000037465,ok,-0.6874786688484192,0.6874786688484192
NN_V3,TSP-correlated-n30-g10000-3,31723.612364674627,31821,0.05537149999872781,0.01708130000042729,0.03829019999830052,0.0533492000104161,ok,-0.3060483181715618,0.3060483181715618
NN_V3,TSP-correlated-n30-g1000-5,2819.4695775973087,2946,0.08528140000998974,0.03149750002194196,0.05378389998804778,0.057796099994448,ok,-4.294990577144987,4.294990577144987
NN_V3,TSP-correlated-n30-g1000-4,3112.0718254875974,3172,0.08792389999143779,0.03049569998984225,0.05742820000159554,0.1130578000011155,ok,-1.8892867122447234,1.8892867122447234
NN_V3,TSP-correlated-n30-g10000-2,34689.31200603768,33943,0.09490129997720942,0.03358369998750277,0.06131759998970665,0.0869928000029176,ok,2.1987214036404628,2.1987214036404628
NN_V3,TSP-correlated-n30-g1000-3,3191.073138810025,3279,0.09292789999744855,0.027278399997157976,0.06564950000029057,0.0734733999997843,ok,-2.6815145224146133,2.6815145224146133
NN_V3,TSP-correlated-n30-g10000-5,32398.8050766245,34043,0.1542285000323318,0.02835630002664402,0.12587220000568777,0.092902900010813,ok,-4.829759196826075,4.829759196826075
NN_V3,TSP-correlated-n30-g10000-4,31195.394693427952,30655,0.1678937000397127,0.030572700023185462,0.13732100001652725,0.1596713000035379,ok,1.7628272498057478,1.7628272498057478
NN_V3,TSP-correlated-n300-g1000-1,7773.944919562549,7762,0.14546599998720922,0.03563699999358505,0.10982899999362417,6.073619000002509,ok,0.153889713508752,0.153889713508752
NN_V3,TSP-correlated-n300-g1000-2,8061.809082352556,8169,0.12310550000984222,0.03440699999919161,0.0886985000106506,2.150467400002526,ok,-1.3121669439030936,1.3121669439030936
NN_V3,TSP-correlated-n300-g1000-3,7957.917040779066,8036,0.13183190001291223,0.04246820000116713,0.0893637000117451,2.180775500004529,ok,-0.9716645000116206,0.9716645000116206
NN_V3,TSP-correlated-n300-g10000-1,77602.94809605926,76971,0.11444740000297315,0.03502609999850392,0.07942130000446923,1.5343295999919064,ok,0.821021028776114,0.821021028776114
NN_V3,TSP-correlated-n300-g10000-2,83339.29541609949,82442,0.10645969997858629,0.03907129997969605,0.06738839999889024,2.7626813999959268,ok,1.0883959827508856,1.0883959827508856
NN_V3,TSP-correlated-n300-g1000-4,8112.04659818887,8036,0.1201137000171002,0.06474070000695065,0.05537300001014955,1.6500839999935124,ok,0.9463240192741428,0.9463240192741428
NN_V3,TSP-correlated-n40-g10000-2,33626.9646601266,33765,0.0820747000107076,0.022594800015212968,0.059479899995494634,0.1057967000087956,ok,-0.4088119054446928,0.4088119054446928
NN_V3,TSP-correlated-n300-g1000-5,8018.743807263214,7980,0.11236500000813976,0.0524100000038743,0.05995500000426546,2.6704618000076152,ok,0.4855113692132076,0.4855113692132076
NN_V3,TSP-correlated-n40-g1000-5,3245.534725830941,3317,0.08130980000714771,0.029541099997004494,0.05176870001014322,0.0713755000033415,ok,-2.1545153502881766,2.1545153502881766
NN_V3,TSP-correlated-n40-g10000-3,36232.50193969114,35005,0.08358869998482987,0.04316050000488758,0.04042819997994229,0.0999504000064916,ok,3.5066474494818958,3.5066474494818958
NN_V3,TSP-correlated-n40-g10000-1,35648.71039065975,35122,0.08287909999489784,0.041054400004213676,0.04182469999068417,0.0948840999917592,ok,1.4996594461014396,1.4996594461014396
NN_V3,TSP-correlated-n300-g10000-3,81084.89464589604,80614,0.10777170001529157,0.06108670000685379,0.04668500000843778,2.156392899996717,ok,0.5841350707024112,0.5841350707024112
NN_V3,TSP-correlated-n40-g1000-1,3521.4162637334084,3609,0.11930409996421076,0.04821009997976944,0.07109399998444133,0.0563017999957082,ok,-2.4268145266442667,2.4268145266442667
NN_V3,TSP-correlated-n40-g1000-3,3144.9424783771246,3285,0.10498960001859814,0.03631220001261681,0.06867740000598133,0.0861785000015515,ok,-4.2635470813660685,4.2635470813660685
NN_V3,TSP-correlated-n40-g1000-2,3264.480796817428,3295,0.11593409997294657,0.06892249998054467,0.0470115999924019,0.0454904999933205,ok,-0.9262277141903429,0.9262277141903429
NN_V3,TSP-correlated-n300-g10000-4,76019.28953722492,76189,0.16151060000993311,0.1049570000031963,0.056553600006736815,6.393391400008113,ok,-0.22274929815994615,0.22274929815994615
NN_V3,TSP-correlated-n300-g10000-5,78398.80896524317,78142,0.15648889998556115,0.09524389999569394,0.06124499998986721,2.678095199997188,ok,0.3286439625849944,0.3286439625849944
NN_V3,TSP-correlated-n40-g1000-4,3034.696548056585,3108,0.15400880001834594,0.06382730000768788,0.09018150001065806,0.0681476000027032,ok,-2.3585409248203018,2.3585409248203018
NN_V3,TSP-correlated-n40-g10000-4,35855.096553327225,34842,0.15994250000221655,0.03365140000823885,0.1262910999939777,0.1132511000032536,ok,2.9076877140440405,2.9076877140440405
NN_V3,TSP-correlated-n40-g10000-5,33977.30175922462,33983,0.18792799999937415,0.0351401999942027,0.15278780000517145,0.0546857000008458,ok,-0.016767915650125493,0.016767915650125493
NN_V3,TSP-correlated-n400-g1000-1,9091.78535726387,9016,0.13566400000127032,0.027650600008200854,0.10801339999306947,1.6924141999916174,ok,0.840565187043817,0.840565187043817
NN_V3,TSP-correlated-n400-g1000-2,9627.59933616317,9418,0.11992019999888726,0.05868789998930879,0.061232300009578466,1.7374679999920772,ok,2.2255185407004667,2.2255185407004667
NN_V3,TSP-correlated-n5-g1000-2,2215.9922133344808,2249,0.09925210001529194,0.017904500011354685,0.08134760000393726,0.0373725999961607,ok,-1.4676650362614154,1.4676650362614154
NN_V3,TSP-correlated-n5-g1000-1,1919.7525243723794,1996,0.09296499998890795,0.009675699984654784,0.08328930000425316,0.0454534000018611,ok,-3.820013808999027,3.820013808999027
NN_V3,TSP-correlated-n5-g10000-2,17506.08133802761,16625,0.07870930002536625,0.01434480000170879,0.06436450002365746,0.051026200002525,ok,5.299737371594638,5.299737371594638
NN_V3,TSP-correlated-n5-g1000-3,2420.3585925935477,2473,0.09700470001553185,0.027098099992144853,0.069906600023387,0.0800466999935451,ok,-2.1286456694885705,2.1286456694885705
NN_V3,TSP-correlated-n5-g1000-5,2609.5597862325812,2556,0.09834080000291578,0.022075599990785122,0.07626520001213066,0.1536024000088218,ok,2.095453295484399,2.095453295484399
NN_V3,TSP-correlated-n400-g1000-3,9633.069954726147,9560,0.1285894000029657,0.05922090000240132,0.06936850000056438,7.199269799995818,ok,0.7643300703571814,0.7643300703571814
NN_V3,TSP-correlated-n5-g1000-4,2451.5769286729046,2624,0.09134420001646504,0.020630500017432496,0.07071369999903254,0.0374219000077573,ok,-6.571001193867964,6.571001193867964
NN_V3,TSP-correlated-n400-g10000-4,91377.62763707712,92362,0.12721960002090782,0.07652230001986027,0.05069730000104755,1.918890499990084,ok,-1.0657763614071556,1.0657763614071556
NN_V3,TSP-correlated-n400-g1000-4,9012.996403080062,9030,0.11185540002770722,0.04624860000330955,0.06560680002439767,13.66952909999236,ok,-0.18830118405246946,0.18830118405246946
NN_V3,TSP-correlated-n400-g1000-5,8920.00292453231,8948,0.1364925000234507,0.0671857999986969,0.06930670002475381,2.7345081999956165,ok,-0.31288640442211213,0.31288640442211213
NN_V3,TSP-correlated-n400-g10000-2,89095.73418571276,89824,0.1526206000125967,0.0879074000113178,0.06471320000127889,7.414559700002428,ok,-0.8107697433728611,0.8107697433728611
NN_V3,TSP-correlated-n400-g10000-5,89119.99446016154,89783,0.14876409995486028,0.07648299998254515,0.07228109997231513,5.465811999994912,ok,-0.7384533150356498,0.7384533150356498
NN_V3,TSP-correlated-n5-g10000-1,19310.27008994698,19764,0.11088069999823347,0.02208059999975376,0.08880009999847971,0.0522023999947123,ok,-2.295739273694706,2.295739273694706
NN_V3,TSP-correlated-n400-g10000-3,92972.14855474886,91906,0.19353389999014325,0.10961519999545999,0.08391869999468327,1.7399778999970297,ok,1.1600423854251687,1.1600423854251687
NN_V3,TSP-correlated-n5-g10000-3,23211.66699091904,23603,0.1292300999921281,0.03679300000658259,0.0924370999855455,0.0579551999981049,ok,-1.6579799562808175,1.6579799562808175
NN_V3,TSP-correlated-n5-g10000-4,21043.764259791933,21395,0.11163530001067556,0.03202059998875484,0.07961470002192073,0.0453827000019373,ok,-1.6416720738867352,1.6416720738867352
NN_V3,TSP-correlated-n400-g10000-1,91846.52776272036,92909,0.19030730001395568,0.0824758000089787,0.10783150000497699,2.96612979999918,ok,-1.143562235391231,1.143562235391231
NN_V3,TSP-correlated-n5-g10000-5,23334.18524207035,23785,0.1344453999772668,0.011513699981151149,0.12293169999611564,0.0615172000107122,ok,-1.895374218749839,1.895374218749839
NN_V3,TSP-correlated-n50-g1000-1,3680.7882553463605,3758,0.1452436000108719,0.018183100008172914,0.12706050000269897,0.1722727000014856,ok,-2.054596717765819,2.054596717765819
NN_V3,TSP-correlated-n50-g1000-4,3586.707739098929,3680,0.10939030000008643,0.012265500001376495,0.09712479999870993,0.1398252000071806,ok,-2.5351157853551936,2.5351157853551936
NN_V3,TSP-correlated-n50-g1000-2,3481.521317690058,3711,0.13979070002096705,0.03198810000321828,0.10780260001774877,0.0619090999971376,ok,-6.183742449742444,6.183742449742444
NN_V3,TSP-correlated-n50-g1000-5,3530.455873021754,3522,0.11965539999073371,0.017989899992244318,0.1016654999984894,0.1348285999993095,ok,0.24008725217927562,0.24008725217927562
NN_V3,TSP-correlated-n50-g10000-2,35123.14787319576,36115,0.12676089999149553,0.021438299998408183,0.10532259999308735,0.05410129998927,ok,-2.7463716649708947,2.7463716649708947
NN_V3,TSP-correlated-n50-g10000-1,36013.12449760735,36474,0.1415733000030741,0.0369895999901928,0.10458370001288131,0.0801904999971157,ok,-1.2635726884702791,1.2635726884702791
NN_V3,TSP-correlated-n50-g10000-5,38391.29495742323,37513,0.14969349998864345,0.03162160000647418,0.11807189998216927,0.1127984000049764,ok,2.341308232941203,2.341308232941203
NN_V3,TSP-correlated-n50-g1000-3,3693.989433747396,3677,0.18305100002908148,0.025305400020442903,0.15774560000863858,0.1112222999945515,ok,0.46204606329605946,0.46204606329605946
NN_V3,TSP-correlated-n50-g10000-3,35573.86054379982,34342,0.17375459996401332,0.036476299981586635,0.1372782999824267,0.0476802000048337,ok,3.5870378655868014,3.5870378655868014
NN_V3,TSP-correlated-n50-g10000-4,38056.01223975571,37634,0.17294600000604987,0.030355800001416355,0.14259020000463352,0.2106606000015745,ok,1.1213589832484279,1.1213589832484279
NN_V3,TSP-correlated-n500-g1000-4,10166.828077070648,10232,0.1702682999894023,0.07247809998807497,0.09779020000132732,5.149718999993638,ok,-0.6369421709279921,0.6369421709279921
NN_V3,TSP-correlated-n500-g1000-5,10358.803480399103,10319,0.15744830001494847,0.07370970002375543,0.08373859999119304,2.551823100002366,ok,0.3857300164657732,0.3857300164657732
NN_V3,TSP-correlated-n500-g1000-1,10373.077254429518,10216,0.19491019999259152,0.09111619999748655,0.10379399999510497,4.51599780000106,ok,1.5375612219020927,1.5375612219020927
NN_V3,TSP-correlated-n500-g1000-2,10368.25629337132,10307,0.19974459998775274,0.0802679999906104,0.11947659999714233,2.817902100010542,ok,0.5943173898449575,0.5943173898449575
NN_V3,TSP-correlated-n500-g1000-3,10154.533497942248,10198,0.21246350000728853,0.09226200002012774,0.12020149998716079,4.867875299998559,ok,-0.42622575071339697,0.42622575071339697
NN_V3,TSP-correlated-n60-g1000-1,3622.5951487728744,3823,0.11136609996901825,0.03932779998285696,0.07203829998616129,0.2623009999952046,ok,-5.242083474421282,5.242083474421282
NN_V3,TSP-correlated-n500-g10000-2,105328.62640045921,105714,0.1691158999747131,0.06611549999797717,0.10300039997673593,2.210144000011496,ok,-0.3645435794131255,0.3645435794131255
NN_V3,TSP-correlated-n500-g10000-3,102342.86855272483,103144,0.18132929998682812,0.08268369999132119,0.09864559999550693,3.398781500000041,ok,-0.7767116335173827,0.7767116335173827
NN_V3,TSP-correlated-n500-g10000-1,100352.17432714021,100740,0.1661339999991469,0.07649619999574497,0.08963780000340194,8.223050400003558,ok,-0.3849768442126183,0.3849768442126183
NN_V3,TSP-correlated-n500-g10000-4,102931.1953504202,103378,0.15527519999886863,0.07326609999290667,0.08200910000596195,9.414072300001862,ok,-0.43220477236917365,0.43220477236917365
NN_V3,TSP-correlated-n60-g1000-2,3917.381883017566,3946,0.1286487000179477,0.03752740001073107,0.09112130000721663,0.0634674999892013,ok,-0.7252437147094274,0.7252437147094274
NN_V3,TSP-correlated-n60-g1000-3,4000.3729125659156,4126,0.09562269999878481,0.03371230000630021,0.0619103999924846,0.0615923000004841,ok,-3.0447670245779057,3.0447670245779057
NN_V3,TSP-correlated-n500-g10000-5,99589.33224457351,100578,0.1578750999760814,0.07762319999164902,0.08025189998443238,6.062073399996734,ok,-0.9829860957928073,0.9829860957928073
NN_V3,TSP-correlated-n60-g1000-5,3939.360221699306,3920,0.09330069998395629,0.026112199993804097,0.0671884999901522,0.1640654999937396,ok,0.49388320661494484,0.49388320661494484
NN_V3,TSP-correlated-n60-g1000-4,3634.2576068385533,3692,0.09393599999020807,0.03440849998150952,0.05952750000869855,0.0443559999985154,ok,-1.5639868136903217,1.5639868136903217
NN_V3,TSP-correlated-n60-g10000-2,42547.967219516286,40743,0.09354349999921396,0.02101789999869652,0.07252560000051744,0.1098257999983616,ok,4.43012841350977,4.43012841350977
NN_V3,TSP-correlated-n60-g10000-1,40495.89737795008,38293,0.12179670002660714,0.03443750002770685,0.0873591999989003,0.086310600003344,ok,5.752741696785526,5.752741696785526
NN_V3,TSP-correlated-n60-g10000-3,38510.04863968841,38548,0.1356112000066787,0.03320410000742413,0.10240709999925457,0.2666594000038458,ok,-0.09845221622805853,0.09845221622805853
NN_V3,TSP-correlated-n60-g10000-4,41436.4589683403,41936,0.1790272000071127,0.04583660000935197,0.13319059999776073,0.0577714999963063,ok,-1.191198568436897,1.191198568436897
NN_V3,TSP-correlated-n60-g10000-5,36874.54280615039,37003,0.18699359998572618,0.037344499985920265,0.1496490999998059,0.3758683000050951,ok,-0.3471534574213126,0.3471534574213126
NN_V3,TSP-correlated-n70-g1000-1,4125.66355859569,4242,0.1213143999921158,0.03386019999743439,0.0874541999946814,0.0831860000034794,ok,-2.742490367852661,2.742490367852661
NN_V3,TSP-correlated-n600-g1000-3,11767.668869516929,11583,0.1636191999714356,0.07339199999114498,0.0902271999802906,5.945843399997102,ok,1.5943095011389856,1.5943095011389856
NN_V3,TSP-correlated-n600-g1000-2,11289.39501794352,11295,0.1484659000125248,0.06551169999875128,0.08295420001377352,4.308630799991079,ok,-0.04962356845046805,0.04962356845046805
NN_V3,TSP-correlated-n600-g1000-4,11331.539230030321,11436,0.14066930001717992,0.08467310000560246,0.05599620001157746,3.922088100007386,ok,-0.9134380025330444,0.9134380025330444
NN_V3,TSP-correlated-n600-g1000-5,11546.69158157648,11480,0.14023889999953099,0.058611699991161004,0.08162720000836998,4.827098800000385,ok,0.5809371217463462,0.5809371217463462
NN_V3,TSP-correlated-n70-g1000-5,4041.7530143476324,4149,0.08196290000341833,0.03793049999512732,0.044032400008291006,0.0992732000013347,ok,-2.584887578991747,2.584887578991747
NN_V3,TSP-correlated-n70-g1000-2,4309.46556236867,4261,0.09154850000049919,0.02980250000837259,0.0617459999921266,0.074102300000959,ok,1.1374222569507244,1.1374222569507244
NN_V3,TSP-correlated-n600-g10000-4,110808.45814345055,111193,0.15650709997862577,0.09611269997549243,0.06039440000313334,4.569467399996938,ok,-0.34583279212670526,0.34583279212670526
NN_V3,TSP-correlated-n70-g1000-4,4023.505956920948,4146,0.09838680000393651,0.04469280000193976,0.053694000001996756,0.2482362000009743,ok,-2.9545114104932964,2.9545114104932964
NN_V3,TSP-correlated-n600-g10000-5,114797.05612289428,114788,0.1387041000125464,0.09369090001564473,0.045013199996901676,14.73861419998866,ok,0.00788943347238601,0.00788943347238601
NN_V3,TSP-correlated-n600-g1000-1,11684.717816108168,11680,0.15996079999604262,0.06632410001475364,0.09363669998128898,3.859487900001113,ok,0.04039226120007136,0.04039226120007136
NN_V3,TSP-correlated-n70-g1000-3,4421.9177148201015,4337,0.09702210000250489,0.03402230000938289,0.062999799993122,0.0733414999995147,ok,1.957982818079353,1.957982818079353
NN_V3,TSP-correlated-n600-g10000-1,108192.19420402357,109530,0.1470293999882415,0.09098729997640476,0.05604210001183674,6.893852000008337,ok,-1.2214058212146686,1.2214058212146686
NN_V3,TSP-correlated-n600-g10000-3,113236.52497027873,113170,0.14736309999716468,0.08533149998402223,0.06203160001314245,3.918597399999271,ok,0.058783220180901256,0.058783220180901256
NN_V3,TSP-correlated-n600-g10000-2,111728.21651607484,112362,0.14606829997501336,0.08945269999094307,0.056615599984070286,15.989772700006142,ok,-0.564055004294298,0.564055004294298
NN_V3,TSP-correlated-n70-g10000-1,42444.86755162559,43111,0.1072924000036437,0.05559770000400022,0.05169469999964349,0.0986174999998183,ok,-1.5451565687977782,1.5451565687977782
NN_V3,TSP-correlated-n70-g10000-2,41805.50187586155,41743,0.10195209996891208,0.042500399984419346,0.059451699984492734,0.0564482000045245,ok,0.14973019634800538,0.14973019634800538
NN_V3,TSP-correlated-n70-g10000-3,40424.03141978569,41045,0.12393750000046566,0.027936300000874326,0.09600119999959134,1.2289904999925056,ok,-1.512897015992951,1.512897015992951
NN_V3,TSP-correlated-n70-g10000-4,39616.89020917518,38370,0.16505689997575246,0.039592299988726154,0.1254645999870263,0.1799811000091722,ok,3.2496487077799863,3.2496487077799863
NN_V3,TSP-correlated-n70-g10000-5,38830.87255177382,38287,0.14119330001994967,0.014259800023864955,0.12693349999608472,0.1356304000073578,ok,1.4205149313704921,1.4205149313704921
NN_V3,TSP-correlated-n700-g1000-2,12275.457891569604,12343,0.15230719998362474,0.07096039998577908,0.08134679999784566,6.482417599996552,ok,-0.5472098228177605,0.5472098228177605
NN_V3,TSP-correlated-n8-g1000-4,2598.879547354183,2567,0.10540709999622777,0.023604099988006055,0.08180300000822172,0.1119425999931991,ok,1.2418990009420787,1.2418990009420787
NN_V3,TSP-correlated-n8-g1000-2,2415.5638391657267,2374,0.10770340001909062,0.0344024000223726,0.07330099999671802,0.0436606000002939,ok,1.7507935621620334,1.7507935621620334
NN_V3,TSP-correlated-n700-g1000-5,12596.902109757648,12603,0.15197220002301037,0.07839110001805238,0.07358110000495799,45.114398699995945,ok,-0.048384434201000956,0.048384434201000956
NN_V3,TSP-correlated-n8-g10000-1,25314.99417127337,26603,0.09265430000959896,0.030906800006050617,0.06174750000354834,0.0417096000019228,ok,-4.841581132679131,4.841581132679131
NN_V3,TSP-correlated-n8-g1000-1,1211.9633729513116,1284,0.11126299999887124,0.034824500005925074,0.07643849999294616,0.0404699999926378,ok,-5.610329209399407,5.610329209399407
NN_V3,TSP-correlated-n8-g1000-5,2661.40410599811,2692,0.09082559999660589,0.03658630000427365,0.054239299992332235,0.1067567999998573,ok,-1.1365488113629263,1.1365488113629263
NN_V3,TSP-correlated-n700-g1000-1,12112.365704570038,12104,0.1227099999669008,0.06957939997664653,0.05313059999025427,10.171494900001562,ok,0.06911520629575645,0.06911520629575645
NN_V3,TSP-correlated-n8-g1000-3,2553.265805942654,2608,0.09704799999599345,0.020568099978845567,0.07647990001714788,0.0438812999927904,ok,-2.0987037598675626,2.0987037598675626
NN_V3,TSP-correlated-n8-g10000-2,22559.598810535274,23828,0.09498239998356439,0.03360540000721812,0.06137699997634627,0.0556834000017261,ok,-5.323154228070869,5.323154228070869
NN_V3,TSP-correlated-n700-g1000-4,12205.850925962674,12183,0.13843289998476394,0.09157459999551065,0.04685829998925328,14.541918500006432,ok,0.18756403154127474,0.18756403154127474
NN_V3,TSP-correlated-n8-g10000-3,19051.557999054494,18709,0.0938239999813959,0.04815829999279231,0.04566569998860359,0.0460515999875497,ok,1.830979737316232,1.830979737316232
NN_V3,TSP-correlated-n700-g1000-3,12444.504071201125,12419,0.1472600999986753,0.08376599999610335,0.06349410000257194,8.940812000000733,ok,0.20536332394818457,0.20536332394818457
NN_V3,TSP-correlated-n700-g10000-1,121257.31004291098,121620,0.18255550001049414,0.10652580001624301,0.07602969999425113,5.163903000007849,ok,-0.2982157187050022,0.2982157187050022
NN_V3,TSP-correlated-n700-g10000-3,119678.59687395976,119040,0.21129999996628612,0.12151269998867065,0.08978729997761548,3.168343699988327,ok,0.5364557072914644,0.5364557072914644
NN_V3,TSP-correlated-n700-g10000-2,119805.41848960868,121206,0.21956050000153482,0.1433262000209652,0.07623429998056963,10.811057099999744,ok,-1.1555381007469259,1.1555381007469259
NN_V3,TSP-correlated-n700-g10000-4,119542.27118838578,120114,0.20562679998693056,0.11009949998697266,0.0955272999999579,2.2233338999940315,ok,-0.47598848728226134,0.47598848728226134
NN_V3,TSP-correlated-n8-g10000-4,24225.223866349203,24957,0.14038019996951334,0.03199069999391213,0.10838949997560121,0.050572899999679,ok,-2.932147828868844,2.932147828868844
NN_V3,TSP-correlated-n700-g10000-5,117284.5314898598,120265,0.22987610002746806,0.11338580001029186,0.1164903000171762,18.47356209999998,ok,-2.4782509542595097,2.4782509542595097
NN_V3,TSP-correlated-n8-g10000-5,25962.251217746525,26244,0.16060390003258362,0.025824800017289817,0.1347791000152938,0.0453224999946542,ok,-1.0735740826607032,1.0735740826607032
NN_V3,TSP-correlated-n80-g1000-2,4541.093707406544,4562,0.13770459999796003,0.014099099993472919,0.12360550000448711,0.2041671000042697,ok,-0.45827033304375,0.45827033304375
NN_V3,TSP-correlated-n80-g1000-3,4300.961338005611,4279,0.14443109999410808,0.039609899977222085,0.104821200016886,0.2305908999987878,ok,0.5132352887499589,0.5132352887499589
NN_V3,TSP-correlated-n80-g1000-4,4428.4674926107255,4559,0.11832490001688711,0.025648700015153736,0.09267620000173338,0.1320662000071024,ok,-2.8631828775888253,2.8631828775888253
NN_V3,TSP-correlated-n80-g10000-1,36283.61007297982,38558,0.12105160002829507,0.05263300001388416,0.06841860001441091,1.7947728000144707,ok,-5.898620071114114,5.898620071114114
NN_V3,TSP-correlated-n80-g10000-3,44166.933779610205,43542,0.12230629997793585,0.033865699981106445,0.0884405999968294,0.1592057999951066,ok,1.4352436259478307,1.4352436259478307
NN_V3,TSP-correlated-n80-g1000-5,4271.1579503899775,4335,0.14502050000010058,0.01983000000473112,0.12519049999536946,0.1166297999880043,ok,-1.472711640369608,1.472711640369608
NN_V3,TSP-correlated-n80-g10000-2,41960.90744966391,43552,0.15242259998922236,0.04861329999403097,0.1038092999951914,0.2233804999996209,ok,-3.653316840411674,3.653316840411674
NN_V3,TSP-correlated-n80-g1000-1,4093.7360264520757,4187,0.13874750002287328,0.020615900022676215,0.11813160000019707,0.2640415000059875,ok,-2.2274653343187065,2.2274653343187065
NN_V3,TSP-correlated-n80-g10000-5,41489.529289999686,39978,0.14617750002071261,0.041879900003550574,0.10429760001716204,0.0690387999929953,ok,3.780902721496037,3.780902721496037
NN_V3,TSP-correlated-n80-g10000-4,42486.21730083192,43795,0.15281080003478564,0.03644350002286956,0.11636730001191609,0.1779269000107888,ok,-2.9884294991850155,2.9884294991850155
NN_V3,TSP-correlated-n800-g1000-1,12923.992899218458,12977,0.2213564999983646,0.11400169998523779,0.1073548000131268,9.796043900001678,ok,-0.4084696060841662,0.4084696060841662
NN_V3,TSP-correlated-n800-g1000-3,12867.574131755275,12915,0.19543219998013228,0.0892384999897331,0.10619369999039918,23.975514699995983,ok,-0.3672153948488214,0.3672153948488214
NN_V3,TSP-correlated-n800-g1000-2,12636.02234458347,12605,0.26137769999331795,0.12107530000503175,0.1403023999882862,5.331236500001978,ok,0.24611142073360445,0.24611142073360445
NN_V3,TSP-correlated-n800-g10000-1,128789.65499241347,129520,0.2047762000001967,0.11102430001483299,0.09375189998536371,4.118495599992457,ok,-0.5638858922070149,0.5638858922070149
NN_V3,TSP-correlated-n800-g10000-3,130849.90282298625,131398,0.176722999982303,0.08218299999134615,0.09453999999095686,10.818744499993045,ok,-0.4171274882522983,0.4171274882522983
NN_V3,TSP-correlated-n800-g1000-4,13144.261973790068,13148,0.2155441000359133,0.09915360002196394,0.11639050001394935,6.333797899991623,ok,-0.028430378840373336,0.028430378840373336
NN_V3,TSP-correlated-n800-g10000-4,128284.63246173388,128194,0.17074590001720935,0.08180710001033731,0.08893880000687204,4.31853200000478,ok,0.07069945686528484,0.07069945686528484
NN_V3,TSP-correlated-n800-g10000-5,130301.75452509825,131045,0.16907129998435266,0.06410499999765307,0.1049662999866996,8.417655800003558,ok,-0.5671681291935967,0.5671681291935967
NN_V3,TSP-correlated-n800-g1000-5,12925.831250412448,12894,0.1912290999898687,0.10502649997943081,0.08620260001043789,19.85908140000538,ok,0.24686870181827086,0.24686870181827086
NN_V3,TSP-correlated-n800-g10000-2,125688.15368050127,127757,0.19013070000801235,0.1020184000080917,0.08811229999992065,14.896964100000332,ok,-1.6193604416969147,1.6193604416969147
NN_V3,TSP-correlated-n90-g1000-3,4178.454621410474,4305,0.0935207000002265,0.05756010001641698,0.035960599983809516,0.4682489999977406,ok,-2.939497760500025,2.939497760500025
NN_V3,TSP-correlated-n90-g1000-1,4684.672833490185,4539,0.11839489999692887,0.054308999999193475,0.0640858999977354,0.3223517000005813,ok,3.209359627455066,3.209359627455066
NN_V3,TSP-correlated-n90-g1000-5,4809.126292282319,4697,0.1076844000199344,0.04791660001501441,0.05976780000491999,0.2028676000045379,ok,2.3871895312394913,2.3871895312394913
NN_V3,TSP-correlated-n90-g1000-4,4380.521099387028,4522,0.09110050002345815,0.03496150000137277,0.056139000022085384,0.2103599000110989,ok,-3.12867980125989,3.12867980125989
NN_V3,TSP-correlated-n90-g1000-2,4841.3035628553735,4923,0.11829030001536012,0.055257400003029034,0.06303290001233108,0.1847450000059325,ok,-1.6594848089503664,1.6594848089503664
NN_V3,TSP-correlated-n90-g10000-1,46722.60705707624,46719,0.11843380000209436,0.04333390001556836,0.075099899986526,0.1885383000044385,ok,0.007720749751147417,0.007720749751147417
NN_V3,TSP-correlated-n90-g10000-2,45384.24235798302,46120,0.12977229998796247,0.06409369999892078,0.06567859998904169,0.6369271000003209,ok,-1.5953114527688181,1.5953114527688181
NN_V3,TSP-correlated-n90-g10000-4,46505.470615780796,46381,0.12645170002360828,0.05812210001749918,0.0683296000061091,0.4781993999931728,ok,0.2683655285155471,0.2683655285155471
NN_V3,TSP-correlated-n90-g10000-3,43830.996115062386,45328,0.14981480001006275,0.06913399999029934,0.08068080001976341,0.1843862999958219,ok,-3.302602993596925,3.302602993596925
NN_V3,TSP-correlated-n90-g10000-5,49177.876700278954,50306,0.15615020002587698,0.05075280001619831,0.10539740000967868,0.1024939000053564,ok,-2.242522362583084,2.242522362583084
NN_V3,TSP-correlated-n900-g1000-1,13460.360374938653,13406,0.18742800000472926,0.05887930002063513,0.12854869998409413,9.278989800004638,ok,0.40549287586642524,0.40549287586642524
NN_V3,TSP-grid-n10-g1000-1,2639.429656429307,2480,0.11330139997880906,0.036332599993329495,0.07696879998547956,0.0938502999924821,ok,6.428615178601098,6.428615178601098
NN_V3,TSP-grid-n10-g1000-4,2692.69869778023,2493,0.09268349999911152,0.020863600017037243,0.07181989998207428,0.0536515999992843,ok,8.010376966715999,8.010376966715999
NN_V3,TSP-grid-n10-g10000-3,26664.090353094478,24850,0.0726178000040818,0.026700299989897758,0.04591750001418404,0.0374350999918533,ok,7.3001623866981005,7.3001623866981005
NN_V3,TSP-grid-n10-g1000-5,2697.420655194903,2478,0.09208279999438673,0.030997199995908886,0.061085599998477846,0.0827549000096041,ok,8.854747990109072,8.854747990109072
NN_V3,TSP-grid-n10-g1000-3,2660.648594001308,2516,0.125948500004597,0.024820799997542053,0.10112770000705495,0.0762648999952944,ok,5.749149205139431,5.749149205139431
NN_V3,TSP-grid-n10-g1000-2,2764.9198741014116,2482,0.08435060002375394,0.02904960000887513,0.05530100001487881,0.0410287999984575,ok,11.398866805052844,11.398866805052844
NN_V3,TSP-grid-n10-g10000-1,26705.261263451743,24644,0.07322960000601597,0.020893300010357052,0.05233629999565892,0.0396005999937187,ok,8.364150557749321,8.364150557749321
NN_V3,TSP-correlated-n900-g1000-4,13650.210257604485,13638,0.15514540000003763,0.0987295999948401,0.056415800005197525,10.535639900001115,ok,0.08953114536211598,0.08953114536211598
NN_V3,TSP-correlated-n900-g1000-3,13534.141210758826,13486,0.14281460002530366,0.07571390000521205,0.06710070002009161,76.60579800000414,ok,0.3569717541066718,0.3569717541066718
NN_V3,TSP-correlated-n900-g1000-2,13769.228326735058,13727,0.11434019997250289,0.0572682999772951,0.05707189999520779,9.894945000007285,ok,0.30762968409017,0.30762968409017
NN_V3,TSP-correlated-n900-g10000-2,132827.76997519063,134548,0.14542169999913312,0.11234530000365339,0.03307639999547973,13.909226300005685,ok,-1.2785251544499858,1.2785251544499858
NN_V3,TSP-grid-n10-g10000-2,26750.831621901307,24556,0.09607689999393187,0.04737099999329075,0.04870590000064112,0.0399892999994335,ok,8.938066549524788,8.938066549524788
NN_V3,TSP-grid-n10-g10000-4,26633.56363987201,25056,0.07748859998537228,0.03050309998798184,0.046985499997390434,0.0441749000019626,ok,6.296151180842948,6.296151180842948
NN_V3,TSP-grid-n10-g10000-5,27496.74555191252,25164,0.07973090000450611,0.028847700014011934,0.05088319999049418,0.0546447999950032,ok,9.270169893151014,9.270169893151014
NN_V3,TSP-correlated-n900-g10000-5,139992.1523427558,140149,0.2113987999910023,0.15868729999056086,0.05271150000044145,17.42656339998939,ok,-0.11191493142597296,0.11191493142597296
NN_V3,TSP-correlated-n900-g1000-5,13961.787912415835,13842,0.22557120001874864,0.154336500010686,0.07123470000806265,13.971598600008292,ok,0.8653945413656647,0.8653945413656647
NN_V3,TSP-correlated-n900-g10000-3,136467.86662305286,137251,0.23535050000646152,0.14828200000920333,0.08706849999725819,3.2123751000035554,ok,-0.5705848241157722,0.5705848241157722
NN_V3,TSP-correlated-n900-g10000-1,134211.14632667974,134054,0.21416709999903105,0.118695100012701,0.09547199998633005,11.238714699997216,ok,0.11722613773534275,0.11722613773534275
NN_V3,TSP-correlated-n900-g10000-4,138410.63927907776,139095,0.2643367999990005,0.15701819999958389,0.10731859999941662,12.135074999998324,ok,-0.4920095768519639,0.4920095768519639
NN_V3,TSP-grid-n100-g1000-1,10541.089459575778,9835,0.13421230000676587,0.011364100006176159,0.12284820000058971,0.1768841000011889,ok,7.179353935696778,7.179353935696778
NN_V3,TSP-grid-n100-g1000-3,10606.277334507555,9829,0.12013180000940338,0.017304100008914247,0.10282770000048913,0.1389042999944649,ok,7.908000147599499,7.908000147599499
NN_V3,TSP-grid-n100-g10000-1,105445.82742934464,98611,0.14725340000586584,0.030393299995921552,0.11686010000994429,0.1102959999989252,ok,6.931100414096444,6.931100414096444
NN_V3,TSP-grid-n100-g10000-5,106498.053110948,98857,0.14330680001876317,0.04034400000819005,0.10296280001057312,0.1966960999998264,ok,7.729400154716417,7.729400154716417
NN_V3,TSP-grid-n100-g1000-4,10594.210382288482,9820,0.14877319999504834,0.026322599995182827,0.12245059999986552,0.125507100005052,ok,7.884016112917331,7.884016112917331
NN_V3,TSP-grid-n100-g1000-5,10565.640137891518,9823,0.14604170000529848,0.021936000004643574,0.1241057000006549,0.3266926999931456,ok,7.560217223776015,7.560217223776015
NN_V3,TSP-grid-n100-g1000-2,10596.475094149937,9837,0.1540306000097189,0.03474100001039915,0.11928959999931976,0.1075703000096837,ok,7.720596667174311,7.720596667174311
NN_V3,TSP-grid-n100-g10000-2,105646.10650474869,98648,0.15177029999904335,0.02907499999855645,0.1226953000004869,0.2805251000099815,ok,7.094017623011811,7.094017623011811
NN_V3,TSP-grid-n100-g10000-3,105788.57312842703,98398,0.1370972000004258,0.0425556999980472,0.0945415000023786,0.1779769999993732,ok,7.510897709737016,7.510897709737016
NN_V3,TSP-grid-n100-g10000-4,106017.16431128234,98586,0.17890749999787658,0.054565200000070035,0.12434229999780655,0.1673253000044496,ok,7.537748068977682,7.537748068977682
NN_V3,TSP-grid-n1000-g1000-2,32143.292390521885,30613,0.21217600000090897,0.12828249999438412,0.08389350000652485,7.380860800010851,ok,4.9988318378528245,4.9988318378528245
NN_V3,TSP-grid-n1000-g1000-5,32200.505133538623,30628,0.19398010001168586,0.09709270001621917,0.0968873999954667,5.714466100005666,ok,5.134207697331276,5.134207697331276
NN_V3,TSP-grid-n1000-g1000-4,32123.427280481992,30605,0.22510159999364987,0.10599569999612868,0.11910589999752119,4.232757299992954,ok,4.961369973801641,4.961369973801641
NN_V3,TSP-grid-n1000-g1000-3,32084.84128522392,30593,0.23165400000289083,0.1284635000047274,0.10319049999816343,5.707034100021701,ok,4.876413837230477,4.876413837230477
NN_V3,TSP-grid-n1000-g10000-4,320676.63701078226,306199,0.17411100000026636,0.08384139998815954,0.09026960001210682,3.5757956999877933,ok,4.72817906354438,4.72817906354438
NN_V3,TSP-grid-n1000-g10000-2,322140.6484192461,306071,0.19532899998012,0.1056518999976106,0.08967709998250939,3.772795099997893,ok,5.250300884188988,5.250300884188988
NN_V3,TSP-grid-n1000-g1000-1,32115.08361404827,30597,0.24143410002579913,0.09849380000378005,0.14294030002201907,4.669257900008233,ok,4.961543988130443,4.961543988130443
NN_V3,TSP-grid-n1000-g10000-1,320973.2075972026,306285,0.24868940000305884,0.13081470000906847,0.11787469999399036,4.7623859999876,ok,4.795601350768932,4.795601350768932
NN_V3,TSP-grid-n1000-g10000-3,322325.5999419184,306502,0.21438200000557117,0.11206819998915307,0.1023138000164181,2.79256620000524,ok,5.162641660386684,5.162641660386684
NN_V3,TSP-grid-n20-g1000-2,4317.128033668912,3960,0.1001486000022851,0.015207699994789436,0.08494090000749566,0.1772540000092703,ok,9.018384688608899,9.018384688608899
NN_V3,TSP-grid-n20-g1000-4,4565.956617614065,4005,0.08638919997611083,0.027796799986390397,0.058592399989720434,0.0473046999977668,ok,14.0064074310628,14.0064074310628
NN_V3,TSP-grid-n1000-g10000-5,320876.33304524934,306166,0.18761769999400713,0.09929919999558479,0.08831849999842234,5.344472299999325,ok,4.8046919139451605,4.8046919139451605
NN_V3,TSP-grid-n20-g1000-5,4348.913864778457,3966,0.09550820000004023,0.03490050000254996,0.06060769999749027,0.0590631000086432,ok,9.654913383218776,9.654913383218776
NN_V3,TSP-grid-n20-g1000-1,4238.8657156667905,3940,0.12864799998351373,0.03033869998762384,0.09830929999588989,0.0737645999906817,ok,7.585424255502297,7.585424255502297
NN_V3,TSP-grid-n20-g1000-3,4389.953565385724,3971,0.10256030000164174,0.023341699998127297,0.07921860000351444,0.08281240001088,ok,10.550329020038372,10.550329020038372
NN_V3,TSP-grid-n20-g10000-2,42845.09428803495,39556,0.12482800002908334,0.03427500001271255,0.09055300001637079,0.0543364000041037,ok,8.315032581744733,8.315032581744733
NN_V3,TSP-grid-n20-g10000-4,43016.775493304245,39643,0.115494400030002,0.028491600009147078,0.08700280002085492,0.0582121000043116,ok,8.510393999708008,8.510393999708008
NN_V3,TSP-grid-n20-g10000-3,42445.21453665127,39667,0.1213737000070978,0.019608300004620105,0.10176540000247769,0.0656922999914968,ok,7.003843337412133,7.003843337412133
NN_V3,TSP-grid-n20-g10000-1,40135.89508444778,39395,0.1359322000062093,0.03445959999226034,0.10147260001394898,0.042733499998576,ok,1.880683042131693,1.880683042131693
NN_V3,TSP-grid-n20-g10000-5,42834.1607341615,39582,0.1198564000078477,0.022712700010742992,0.0971436999971047,0.0620587000012164,ok,8.21626177090976,8.21626177090976
NN_V3,TSP-grid-n200-g1000-2,14027.42942428618,13079,0.1416777000122238,0.048539700015680864,0.09313799999654293,0.5038027999980841,ok,7.251543881689576,7.251543881689576
NN_V3,TSP-grid-n200-g1000-3,14047.803032089098,13063,0.1824966999993194,0.05187110000406392,0.13062559999525547,0.5988573000067845,ok,7.5388733988295,7.5388733988295
NN_V3,TSP-grid-n200-g10000-2,141702.11353269033,131378,0.11312699998961762,0.050224400009028614,0.062902599980589,0.5131672999996226,ok,7.858327522637223,7.858327522637223
NN_V3,TSP-grid-n200-g1000-5,14023.428062392122,13098,0.1321440000028815,0.03509960000519641,0.0970443999976851,0.8554424000030849,ok,7.06541504345795,7.06541504345795
NN_V3,TSP-grid-n200-g1000-4,14070.828592153557,13126,0.14585990001796745,0.04157640002085827,0.10428349999710917,0.4735019000072498,ok,7.198145605314315,7.198145605314315
NN_V3,TSP-grid-n200-g1000-1,14090.881502293632,13129,0.18009030001121573,0.043417800014140084,0.13667249999707565,0.3863897999981418,ok,7.326388165843799,7.326388165843799
NN_V3,TSP-grid-n200-g10000-1,141579.94543742726,131476,0.1331369999970775,0.04600500001106411,0.0871319999860134,0.4991861000016797,ok,7.685011285274316,7.685011285274316
NN_V3,TSP-grid-n30-g1000-4,5263.91136494567,4958,0.0990886999934446,0.015225300012389198,0.08386339998105541,0.0998158000002149,ok,6.170055767359225,6.170055767359225
NN_V3,TSP-grid-n30-g1000-3,5396.534400684977,4965,0.09535870002582669,0.03387990000192076,0.06147880002390593,0.0511092999950051,ok,8.691528714702464,8.691528714702464
NN_V3,TSP-grid-n30-g1000-1,5329.0025457263255,4934,0.08845789995393716,0.027899199980311096,0.06055869997362606,0.0444505000050412,ok,8.005726504384384,8.005726504384384
NN_V3,TSP-grid-n200-g10000-3,141990.67866145226,130973,0.13678020003135316,0.06423690001247451,0.07254330001887865,1.082463300001109,ok,8.412175533470453,8.412175533470453
NN_V3,TSP-grid-n30-g1000-5,5388.936807459759,4975,0.10467330002575181,0.040065000008326024,0.06460830001742579,0.0414306000020587,ok,8.32033783838711,8.32033783838711
NN_V3,TSP-grid-n200-g10000-5,141939.0007015618,131362,0.12394980000681244,0.0389695999911055,0.08498020001570694,0.6499589000013657,ok,8.051796334984092,8.051796334984092
NN_V3,TSP-grid-n30-g1000-2,5300.442413719342,4935,0.10209770000074059,0.029185599996708333,0.07291210000403225,0.0555973000009544,ok,7.405114766349379,7.405114766349379
NN_V3,TSP-grid-n200-g10000-4,141420.17749369837,131136,0.15137190002133138,0.08522330000414513,0.06614860001718625,1.003089200006798,ok,7.84237546798619,7.84237546798619
NN_V3,TSP-grid-n30-g10000-1,53209.195868897485,49506,0.13487850001547486,0.04227810000884347,0.09260040000663139,0.0771703999926103,ok,7.480297072874974,7.480297072874974
NN_V3,TSP-grid-n30-g10000-2,53376.93896415294,49710,0.12680679999175481,0.03015959999174811,0.0966472000000067,0.0523699999903328,ok,7.3766625712189535,7.3766625712189535
NN_V3,TSP-grid-n30-g10000-5,53154.787670239806,49222,0.13603779999539256,0.027432600007159635,0.10860519998823293,0.0785103000089293,ok,7.989898155783605,7.989898155783605
NN_V3,TSP-grid-n30-g10000-3,53005.0614117285,49470,0.13858999995863996,0.03840939997462556,0.1001805999840144,0.0431679000030271,ok,7.145869035230444,7.145869035230444
NN_V3,TSP-grid-n30-g10000-4,52701.31860370448,49487,0.16602730000158772,0.037165499990805984,0.12886180001078174,0.047612599999411,ok,6.495278767564168,6.495278767564168
NN_V3,TSP-grid-n300-g1000-1,17507.992955604714,16340,0.17500319998362102,0.03990549998707138,0.13509769999654964,0.8146417999960249,ok,7.148059703823217,7.148059703823217
NN_V3,TSP-grid-n300-g1000-3,17472.778116299305,16327,0.15400800001225434,0.0371541999920737,0.11685380002018064,1.6555994999944232,ok,7.017689203768636,7.017689203768636
NN_V3,TSP-grid-n300-g1000-2,17501.637803937774,16381,0.161019600025611,0.04110900001251139,0.11991060001309961,1.3863742999965325,ok,6.841082986006801,6.841082986006801
NN_V3,TSP-grid-n300-g1000-5,17469.543181070134,16334,0.130777099984698,0.03857969999080524,0.09219739999389276,0.6537748999980977,ok,6.952021434248401,6.952021434248401
NN_V3,TSP-grid-n40-g1000-3,6120.553474417902,5666,0.09604079998098314,0.030742899980396032,0.0652979000005871,0.048104699992109,ok,8.022475722165586,8.022475722165586
NN_V3,TSP-grid-n300-g1000-4,17562.987752519926,16397,0.14255090002552606,0.04160520000732504,0.10094570001820102,0.8668343000026653,ok,7.110982207232581,7.110982207232581
NN_V3,TSP-grid-n40-g1000-2,6096.034751056577,5633,0.09665819996735081,0.036479399976087734,0.06017879999126308,0.0746224999893456,ok,8.220038186695847,8.220038186695847
NN_V3,TSP-grid-n40-g1000-4,6090.966546182906,5627,0.09140529998694547,0.0336237000010442,0.057781599985901266,0.0956316999945556,ok,8.245362469929027,8.245362469929027
NN_V3,TSP-grid-n40-g1000-1,6143.572815322259,5640,0.1114116000244394,0.02248800001689233,0.08892360000754707,0.0535690000106114,ok,8.92859601635211,8.92859601635211
NN_V3,TSP-grid-n300-g10000-1,176103.0116515397,163571,0.14081469998927787,0.06240560000878759,0.07840909998049028,0.9042711999936728,ok,7.661511913199595,7.661511913199595
NN_V3,TSP-grid-n300-g10000-2,176040.65635409835,163706,0.10071929998230189,0.05008119999547489,0.050638099986827,0.9038822000002256,ok,7.5346391421807075,7.5346391421807075
NN_V3,TSP-grid-n300-g10000-3,176812.2843831312,163735,0.14773209998384118,0.08984839997719973,0.05788370000664145,1.3851436999975704,ok,7.986859488277516,7.986859488277516
NN_V3,TSP-grid-n40-g1000-5,6122.482051372925,5683,0.10422159999143332,0.0411811999802012,0.06304040001123212,0.0965358000103151,ok,7.733275582842242,7.733275582842242
NN_V3,TSP-grid-n300-g10000-5,176460.64107595012,163778,0.14252619998296723,0.08814899998833425,0.054377199994632974,2.115101899995352,ok,7.743800190471319,7.743800190471319
NN_V3,TSP-grid-n300-g10000-4,176309.87022727728,163853,0.1374082999827806,0.06237409997265786,0.07503420001012273,1.2446332999970764,ok,7.602466983990087,7.602466983990087
NN_V3,TSP-grid-n40-g10000-1,61714.18559364689,56451,0.13657360000070184,0.05340120001346804,0.0831723999872338,0.1195974000002024,ok,9.3234585634389,9.3234585634389
NN_V3,TSP-grid-n40-g10000-2,61748.66145615175,56537,0.12990829997579567,0.0303651999856811,0.09954309999011457,0.049675299989758,ok,9.218142908452426,9.218142908452426
NN_V3,TSP-grid-n40-g10000-3,62148.22655568016,56559,0.1433549000066705,0.04177519999211654,0.10157970001455396,0.0488406999938888,ok,9.882117002917585,9.882117002917585
NN_V3,TSP-grid-n40-g10000-5,61260.399585354025,56528,0.10560219999752007,0.018943100003525615,0.08665909999399446,0.0487005000031786,ok,8.371779623114254,8.371779623114254
NN_V3,TSP-grid-n40-g10000-4,61603.40403980692,56742,0.1451270000252407,0.03774250001879409,0.10738450000644661,0.0464243000023998,ok,8.567558492486905,8.567558492486905
NN_V3,TSP-grid-n400-g1000-1,20996.33420169755,19598,0.14721349999308586,0.034282199980225414,0.11293130001286045,1.12642099999357,ok,7.135086241950971,7.135086241950971
NN_V3,TSP-grid-n400-g1000-2,21031.94270278531,19603,0.1215784999949392,0.034981399978278205,0.08659710001666099,2.483611600007862,ok,7.289408268047283,7.289408268047283
NN_V3,TSP-grid-n400-g1000-3,20972.115345691083,19564,0.12444740001228638,0.043776400008937344,0.08067100000334904,2.8931661999959037,ok,7.197481832401776,7.197481832401776
NN_V3,TSP-grid-n5-g1000-2,1834.4679148031864,1809,0.10531870002159849,0.020579800009727478,0.08473890001187101,0.0379096000106073,ok,1.4078449310771937,1.4078449310771937
NN_V3,TSP-grid-n5-g1000-5,1871.0779115900368,1829,0.08377299999119714,0.025295100000221282,0.05847789999097586,0.0406201000005239,ok,2.3005965877548835,2.3005965877548835
NN_V3,TSP-grid-n400-g1000-5,20975.065122299085,19597,0.09771339999861084,0.05147560001933016,0.04623779997928068,1.5967649999947753,ok,7.032020831245014,7.032020831245014
NN_V3,TSP-grid-n400-g1000-4,21050.672962157347,19629,0.1063933999685105,0.04115149998688139,0.0652418999816291,1.3407510999968508,ok,7.242717215127346,7.242717215127346
NN_V3,TSP-grid-n400-g10000-1,210285.23982629355,196191,0.11332350000157021,0.04729610000504181,0.0660273999965284,1.0572685000079218,ok,7.183938012596676,7.183938012596676
NN_V3,TSP-grid-n5-g1000-4,1822.1226194485644,1788,0.0748493000282906,0.023428300017258152,0.05142100001103245,0.0421864000090863,ok,1.9084239065192596,1.9084239065192596
NN_V3,TSP-grid-n5-g1000-3,1751.4025041843706,1814,0.10900120000587776,0.024006799998460338,0.08499440000741743,0.038455600006273,ok,-3.4507991078075726,3.4507991078075726
NN_V3,TSP-grid-n5-g1000-1,1778.4362104637548,1818,0.08618440001737326,0.022043800010578707,0.06414060000679456,0.0381178999959956,ok,-2.176226047098194,2.176226047098194
NN_V3,TSP-grid-n400-g10000-5,209671.4956091257,196360,0.12549240002408624,0.0676351000147406,0.057857300009345636,1.3914100999973016,ok,6.779127932942404,6.779127932942404
NN_V3,TSP-grid-n400-g10000-2,209919.43128171377,196178,0.13808720000088215,0.07419680000748485,0.0638903999933973,1.5804934999905529,ok,7.004573031488633,7.004573031488633
NN_V3,TSP-grid-n5-g10000-1,18239.280387976032,18245,0.1074267000076361,0.03611590000218712,0.07131080000544898,0.097076999998535,ok,-0.031348928604920716,0.031348928604920716
NN_V3,TSP-grid-n400-g10000-4,210510.94361170707,196170,0.15958259999752045,0.08918390001053922,0.07039869998698123,1.1964666999992914,ok,7.3104672537630995,7.3104672537630995
NN_V3,TSP-grid-n400-g10000-3,209740.15345842298,196223,0.17745230000582524,0.09914440001011826,0.07830789999570698,1.2072048999980325,ok,6.8886692479592,6.8886692479592
NN_V3,TSP-grid-n5-g10000-3,17853.704997713678,18533,0.1101895000319928,0.026043100020615384,0.08414640001137741,0.0411043999920366,ok,-3.6653267268457475,3.6653267268457475
NN_V3,TSP-grid-n5-g10000-2,16769.195275139355,17927,0.12191459999303333,0.03413029998773709,0.08778430000529625,0.0400826999975834,ok,-6.45844103787943,6.45844103787943
NN_V3,TSP-grid-n5-g10000-4,17740.257829760376,17817,0.13177229999564588,0.042900500004179776,0.0888717999914661,0.042674900003476,ok,-0.43072442184219617,0.43072442184219617
NN_V3,TSP-grid-n5-g10000-5,17711.93181841937,18087,0.14228470000671223,0.04511669999919832,0.09716800000751391,0.0726224999962141,ok,-2.073689288332123,2.073689288332123
NN_V3,TSP-grid-n50-g1000-1,6700.613516119629,6165,0.14493789998232387,0.011012000002665445,0.13392589997965842,0.074884599991492,ok,8.687972686449779,8.687972686449779
NN_V3,TSP-grid-n50-g1000-2,6647.1248285888505,6164,0.15475869999499992,0.018006300000706688,0.13675239999429323,0.0628346000012243,ok,7.837846018638069,7.837846018638069
NN_V3,TSP-grid-n50-g1000-3,6713.309518332171,6163,0.19055769997066818,0.015187699988018721,0.17536999998264946,0.0755187000031583,ok,8.92924741736445,8.92924741736445
NN_V3,TSP-grid-n50-g1000-5,6700.025372549164,6165,0.1535806000174489,0.021427700005006045,0.13215290001244284,0.1778572999901371,ok,8.678432644755294,8.678432644755294
NN_V3,TSP-grid-n50-g1000-4,6718.30488816178,6158,0.1549951999913901,0.01250630000140518,0.14248889998998493,0.0741139000019757,ok,9.098812734033448,9.098812734033448
NN_V3,TSP-grid-n50-g10000-5,67980.9558020489,61816,0.16845609998563305,0.0385969000053592,0.12985919998027384,0.0993877000000793,ok,9.973074611830118,9.973074611830118
NN_V3,TSP-grid-n50-g10000-2,67715.56384512177,61797,0.18332670000381768,0.02354439999908209,0.1597823000047356,0.0878449000010732,ok,9.577429074423948,9.577429074423948
NN_V3,TSP-grid-n50-g10000-1,66735.01053507999,61824,0.16771409998182207,0.033610699989367276,0.1341033999924548,0.1596762999979546,ok,7.943534121182689,7.943534121182689
NN_V3,TSP-grid-n50-g10000-4,67323.85318743729,61898,0.16747959997155704,0.039514999982202426,0.1279645999893546,0.1672893000068143,ok,8.765797259099301,8.765797259099301
NN_V3,TSP-grid-n50-g10000-3,67839.41735420981,61652,0.15498089996981435,0.04342539998469874,0.1115554999851156,0.0495977999962633,ok,10.03603671285573,10.03603671285573
NN_V3,TSP-grid-n500-g1000-3,22732.63965677668,21297,0.13933380000526085,0.07374729998991825,0.06558650001534261,1.2492216999962693,ok,6.741041727833398,6.741041727833398
NN_V3,TSP-grid-n500-g1000-2,22739.987659447463,21320,0.15360200000577606,0.0679443999833893,0.08565760002238676,2.667742100005853,ok,6.660354875457141,6.660354875457141
NN_V3,TSP-grid-n500-g1000-1,22753.34040920151,21303,0.193141999974614,0.10612119999132119,0.08702079998329282,3.68159109998669,ok,6.808151007846368,6.808151007846368
NN_V3,TSP-grid-n500-g1000-5,22733.284622330277,21289,0.14898579998407513,0.07572490000165999,0.07326089998241514,2.378370799997356,ok,6.784182546527676,6.784182546527676
NN_V3,TSP-grid-n500-g10000-2,229032.39976248937,213359,0.1517681000113953,0.07869240001309663,0.07307569999829866,1.5549931999994442,ok,7.3460223203564725,7.3460223203564725
NN_V3,TSP-grid-n500-g1000-4,22741.777742152044,21281,0.16523689997848123,0.08038409997243434,0.08485280000604689,2.739613300000201,ok,6.864234491574852,6.864234491574852
NN_V3,TSP-grid-n500-g10000-4,229107.08388043568,213440,0.16966619997401722,0.06582779999007471,0.10383839998394251,9.563585800002327,ok,7.340275431238603,7.340275431238603
NN_V3,TSP-grid-n60-g1000-1,7943.120758430741,7365,0.13800180001999252,0.04738650002400391,0.09061529999598861,0.1098225000023376,ok,7.849569021462882,7.849569021462882
NN_V3,TSP-grid-n500-g10000-1,229188.29219335655,213465,0.22274080000352114,0.10838600000715815,0.114354799996363,1.925273400003789,ok,7.36574716855529,7.36574716855529
NN_V3,TSP-grid-n500-g10000-3,228875.00507469708,213038,0.20536260001244955,0.10523420001845807,0.10012839999399148,1.986009100000956,ok,7.433887416656691,7.433887416656691
NN_V3,TSP-grid-n500-g10000-5,228649.6715324924,213394,0.19060460000764579,0.09267850001924671,0.09792609998839907,1.301349500005017,ok,7.149063016060614,7.149063016060614
NN_V3,TSP-grid-n60-g1000-2,7955.54102512011,7381,0.12713109998730943,0.02086550000240095,0.10626559998490848,0.0861988000106066,ok,7.784053991601546,7.784053991601546
NN_V3,TSP-grid-n60-g1000-3,7990.411395124829,7377,0.1323747000133153,0.01917070001945831,0.113203999993857,0.0973147000040626,ok,8.315187679609991,8.315187679609991
NN_V3,TSP-grid-n60-g10000-1,80463.06231888605,74039,0.1405246000213083,0.027742100006435066,0.11278250001487322,0.0610493999993195,ok,8.676592497043515,8.676592497043515
NN_V3,TSP-grid-n60-g1000-5,7987.186557281828,7407,0.16126640001311898,0.03190370000083931,0.12936270001227967,0.1847070999938296,ok,7.832949335518129,7.832949335518129
NN_V3,TSP-grid-n60-g10000-2,80356.0457264958,74122,0.1511776999977883,0.01786049999645911,0.13331720000132918,0.0568367999949259,ok,8.410520124248935,8.410520124248935
NN_V3,TSP-grid-n60-g1000-4,8000.514309989929,7409,0.1627194999891799,0.029425799992168322,0.13329369999701157,0.1005820999998832,ok,7.983726683627059,7.983726683627059
NN_V3,TSP-grid-n60-g10000-3,80207.91809596587,74107,0.16337890000431798,0.02902620000531897,0.13435269999899901,0.1911524000024655,ok,8.232580047722712,8.232580047722712
NN_V3,TSP-grid-n60-g10000-5,80221.01071141683,74190,0.1591119000222534,0.0391840000229422,0.1199278999993112,0.0664864999998826,ok,8.12914235263086,8.12914235263086
NN_V3,TSP-grid-n60-g10000-4,79614.11849049386,74081,0.19783290001214482,0.05585110001266003,0.1419817999994848,0.0538078000099631,ok,7.4690116095812105,7.4690116095812105
NN_V3,TSP-grid-n600-g1000-1,25195.796573689207,23532,0.18308009995962493,0.08871349997934885,0.09436659998027608,3.621342200000072,ok,7.070357698832259,7.070357698832259
NN_V3,TSP-grid-n600-g1000-3,25213.601044787792,23543,0.18361779997940175,0.07701719997567125,0.1066006000037305,2.954862200000207,ok,7.0959565254546675,7.0959565254546675
NN_V3,TSP-grid-n600-g1000-2,25187.82163545268,23538,0.20358129998203367,0.07974919999833219,0.12383209998370148,4.385219600007986,ok,7.0091835986603845,7.0091835986603845
NN_V3,TSP-grid-n70-g1000-1,8230.69908158882,7693,0.15079429998877458,0.045545100001618266,0.10524919998715632,0.1147316999995382,ok,6.989459009343822,6.989459009343822
NN_V3,TSP-grid-n600-g10000-4,251748.74046291574,235148,0.1655293000221718,0.08391919999849051,0.0816101000236813,1.4075776999961818,ok,7.059698769675157,7.059698769675157
NN_V3,TSP-grid-n600-g1000-5,25142.44987869446,23515,0.17511949999607168,0.07202569997753017,0.10309380001854151,4.955286499985959,ok,6.920901036336213,6.920901036336213
NN_V3,TSP-grid-n600-g10000-2,252034.31765347044,235328,0.181432000012137,0.1011622000078205,0.0802698000043165,2.3659398000017973,ok,7.099162723292783,7.099162723292783
NN_V3,TSP-grid-n600-g1000-4,25251.788131991838,23552,0.168667700025253,0.07641200002399273,0.09225570000126027,3.067345200004638,ok,7.217171076731649,7.217171076731649
NN_V3,TSP-grid-n600-g10000-1,251202.56811837852,235164,0.1811669000016991,0.08733780001057312,0.09382909999112599,1.8720173000037903,ok,6.820163000450121,6.820163000450121
NN_V3,TSP-grid-n600-g10000-3,251518.39544137917,235312,0.17743619997054338,0.11757639999268577,0.05985979997785762,2.6667087000096217,ok,6.887194635793826,6.887194635793826
NN_V3,TSP-grid-n600-g10000-5,251723.21823510923,235489,0.17921529998420738,0.09792090000701137,0.08129439997719601,2.3921645999944303,ok,6.893832932794837,6.893832932794837
NN_V3,TSP-grid-n70-g1000-2,8258.241379403946,7678,0.12220630000228994,0.053077799995662645,0.06912850000662729,0.0788297000108286,ok,7.55719431367473,7.55719431367473
NN_V3,TSP-grid-n70-g1000-4,8164.444820940051,7666,0.11968429997796193,0.053091099980520085,0.06659319999744184,0.0893745000066701,ok,6.50201957918146,6.50201957918146
NN_V3,TSP-grid-n70-g1000-5,8231.390344950341,7643,0.08903790000476874,0.02600969999912195,0.0630282000056468,0.1202329999941866,ok,7.69842136530605,7.69842136530605
NN_V3,TSP-grid-n70-g1000-3,8299.117293008065,7692,0.12902489997213706,0.05654890000005253,0.07247599997208454,0.0703671000082977,ok,7.892840522725751,7.892840522725751
NN_V3,TSP-grid-n70-g10000-2,83672.66405216721,76756,0.1297867999819573,0.042956799996318296,0.086829999985639,0.0806847000058041,ok,9.011235671696296,9.011235671696296
NN_V3,TSP-grid-n70-g10000-3,83651.07419806934,76944,0.13100480000139214,0.03947190000326373,0.09153289999812841,0.0918578999990131,ok,8.716825480959324,8.716825480959324
NN_V3,TSP-grid-n70-g10000-1,83239.14862415375,76906,0.1440903999900911,0.04188770000473596,0.10220269998535514,0.0907467999932123,ok,8.23492136394267,8.23492136394267
NN_V3,TSP-grid-n70-g10000-4,82828.71994866582,76715,0.11983979999786243,0.028265800006920472,0.09157399999094196,0.1486788999900454,ok,7.969393141713903,7.969393141713903
NN_V3,TSP-grid-n70-g10000-5,82943.87629037455,76729,0.2112937000056263,0.052676399995107204,0.1586173000105191,0.0914296000119065,ok,8.099774909583797,8.099774909583797
NN_V3,TSP-grid-n700-g1000-1,27121.378906343947,25395,0.1621972999710124,0.05209709997870959,0.1101001999923028,2.8405992000043625,ok,6.798105557566242,6.798105557566242
NN_V3,TSP-grid-n8-g1000-1,2787.8185214762634,2616,0.09727689999272116,0.026016499992692843,0.07126040000002831,0.0442483999941032,ok,6.567986294964198,6.567986294964198
NN_V3,TSP-grid-n700-g1000-2,27158.384754524945,25400,0.14910989999771118,0.08330120000755414,0.06580869999015704,2.633811200008495,ok,6.922774624113955,6.922774624113955
NN_V3,TSP-grid-n8-g1000-4,2809.053195468816,2626,0.08378779998747632,0.024602599994977936,0.05918519999249838,0.0467681000009179,ok,6.970799522803345,6.970799522803345
NN_V3,TSP-grid-n700-g1000-3,27121.626397156535,25373,0.14110900001833215,0.0829026999999769,0.05820630001835525,3.028157499997178,ok,6.891681697696509,6.891681697696509
NN_V3,TSP-grid-n8-g1000-2,3001.7692626215503,2677,0.09493709998787381,0.01955110000562854,0.07538599998224527,0.0419527000049129,ok,12.131836481940617,12.131836481940617
NN_V3,TSP-grid-n8-g1000-3,2874.822531965605,2709,0.09395350000704639,0.02426430000923574,0.06968919999781065,0.0406829999992623,ok,6.121171353473786,6.121171353473786
NN_V3,TSP-grid-n700-g1000-4,27125.30600126891,25374,0.14152750000357628,0.06068840000079945,0.08083910000277683,2.898427799998899,ok,6.901970526006579,6.901970526006579
NN_V3,TSP-grid-n700-g10000-1,271515.45669011585,254476,0.1534006000147201,0.08433790001436137,0.06906270000035875,2.433581200006301,ok,6.695899295067454,6.695899295067454
NN_V3,TSP-grid-n8-g1000-5,2838.107885225072,2625,0.09414469997864217,0.034240799985127524,0.05990389999351464,0.0469012999965343,ok,8.118395627621794,8.118395627621794
NN_V3,TSP-grid-n700-g10000-3,271238.1762491537,254228,0.1489589000120759,0.08401280001271516,0.06494609999936074,2.0763944999926025,ok,6.690913766050032,6.690913766050032
NN_V3,TSP-grid-n700-g1000-5,27151.162263067992,25401,0.1615182000095956,0.09748970001237467,0.06402849999722093,5.014709800001583,ok,6.890131345490304,6.890131345490304
NN_V3,TSP-grid-n700-g10000-5,271431.99849082483,254471,0.15939859999343753,0.10225070000160486,0.057147899991832674,3.598070600011852,ok,6.665198977810764,6.665198977810764
NN_V3,TSP-grid-n700-g10000-2,271001.24972232385,253901,0.17451330000767484,0.11313750001136214,0.06137579999631271,2.240805499997805,ok,6.735006842164405,6.735006842164405
NN_V3,TSP-grid-n8-g10000-4,28819.916906854836,26841,0.09117060000426136,0.033265800011577085,0.057904799992684275,0.0435529000096721,ok,7.372739118717024,7.372739118717024
NN_V3,TSP-grid-n8-g10000-2,29192.00480637228,27360,0.12061529999482445,0.037377100001322106,0.08323819999350235,0.1788990999921225,ok,6.69592399989868,6.69592399989868
NN_V3,TSP-grid-n8-g10000-3,28120.987531482824,26819,0.124730500014266,0.03969850001158193,0.08503200000268407,0.0415458000061335,ok,4.854720651339812,4.854720651339812
NN_V3,TSP-grid-n700-g10000-4,271621.799234624,254363,0.18593279999913648,0.09310540001024492,0.09282739998889156,1.7147016000089934,ok,6.785106023527016,6.785106023527016
NN_V3,TSP-grid-n8-g10000-1,27377.090783565363,26300,0.1633459999866318,0.06874139999854378,0.09460459998808801,0.1906726000015624,ok,4.095402218879709,4.095402218879709
NN_V3,TSP-grid-n8-g10000-5,27479.409376916592,26515,0.12371139999595471,0.022664699994493276,0.10104670000146143,0.0403244000044651,ok,3.637221862781791,3.637221862781791
NN_V3,TSP-grid-n80-g1000-2,9428.642491379054,8761,0.10662030000821687,0.012269800005014986,0.09435050000320189,0.2415097999910358,ok,7.6206196938597675,7.6206196938597675
NN_V3,TSP-grid-n80-g1000-4,9449.813859861679,8759,0.11696470002061687,0.02974900000845082,0.08721570001216605,0.1788432000030297,ok,7.88690329788422,7.88690329788422
NN_V3,TSP-grid-n80-g1000-3,9433.84976033806,8764,0.13392630001180805,0.023400800011586398,0.11052550000022165,0.230531900000642,ok,7.643196717686675,7.643196717686675
NN_V3,TSP-grid-n80-g1000-1,9420.724585485572,8739,0.15474659999017604,0.02704210000229068,0.12770449998788536,0.174717400004738,ok,7.800945022148666,7.800945022148666
NN_V3,TSP-grid-n80-g10000-1,94647.13179388258,87560,0.1395935000036843,0.030390200001420453,0.10920330000226386,0.1846328000101493,ok,8.094029001693217,8.094029001693217
NN_V3,TSP-grid-n80-g1000-5,9389.687218392355,8745,0.12666979999630712,0.02323439999599941,0.10343540000030771,0.2035680999979376,ok,7.372066533932021,7.372066533932021
NN_V3,TSP-grid-n80-g10000-2,94886.84905882971,87952,0.1378623000055086,0.03956750000361353,0.09829480000189506,0.1187938999937614,ok,7.884811100179317,7.884811100179317
NN_V3,TSP-grid-n80-g10000-4,94241.77301879996,87986,0.1437430999649223,0.04285949998302385,0.10088359998189844,0.063237599999411,ok,7.109964106562357,7.109964106562357
NN_V3,TSP-grid-n80-g10000-5,94968.02505157655,87785,0.14612119999947026,0.045480100001441315,0.10064109999802895,0.1388131999992765,ok,8.182519851428548,8.182519851428548
NN_V3,TSP-grid-n80-g10000-3,94332.86826139758,87158,0.16981059999670833,0.03541139999288134,0.134399200003827,0.0733934999880148,ok,8.232024898916432,8.232024898916432
NN_V3,TSP-grid-n800-g1000-2,28712.351056947227,27039,0.19214100000681356,0.10307459998875856,0.08906640001805499,8.367211100005079,ok,6.188657335505112,6.188657335505112
NN_V3,TSP-grid-n800-g1000-1,28732.776239291765,27028,0.19340340001508594,0.09757990000071004,0.0958235000143759,8.203661000006832,ok,6.307445017358905,6.307445017358905
NN_V3,TSP-grid-n800-g1000-5,28648.90109807368,27002,0.1996917000215035,0.09145880001597106,0.10823290000553243,5.092065099990577,ok,6.099181905316934,6.099181905316934
NN_V3,TSP-grid-n800-g1000-3,28705.31558898918,27021,0.20810940000228584,0.10672569999587722,0.10138370000640862,2.087877900004969,ok,6.2333577180310815,6.2333577180310815
NN_V3,TSP-grid-n800-g1000-4,28692.711972113117,27018,0.23720459998003207,0.11491509998450056,0.12228949999553151,5.775566800002707,ok,6.198504597354048,6.198504597354048
NN_V3,TSP-grid-n800-g10000-1,287877.13234714884,270423,0.21284699998795986,0.09801370001514442,0.11483329997281544,5.407338999997592,ok,6.454381597404378,6.454381597404378
NN_V3,TSP-grid-n90-g1000-1,9468.70401828899,8855,0.11701310001080856,0.02420200000051409,0.09281110001029447,0.1393122999870684,ok,6.930593091914066,6.930593091914066
NN_V3,TSP-grid-n800-g10000-3,288351.1516579678,270468,0.1966723999939859,0.07679650001227856,0.11987589998170733,3.1081610999972327,ok,6.6119288263187626,6.6119288263187626
NN_V3,TSP-grid-n800-g10000-4,288128.1711889431,270129,0.18840440001804382,0.10337010002695024,0.08503429999109358,56.69785069998761,ok,6.663176182099326,6.663176182099326
NN_V3,TSP-grid-n800-g10000-2,287430.2699597804,270683,0.19037939998088405,0.10841379998601042,0.08196559999487363,6.033954600017751,ok,6.187041653809212,6.187041653809212
NN_V3,TSP-grid-n90-g1000-5,9517.624555139053,8870,0.09585610002977774,0.025005600007716566,0.07085050002206117,0.3668387000070652,ok,7.301291489730022,7.301291489730022
NN_V3,TSP-grid-n90-g1000-2,9487.326846393262,8837,0.11028779999469407,0.044256199995288625,0.06603159999940544,0.1009650999912992,ok,7.359135978196919,7.359135978196919
NN_V3,TSP-grid-n90-g10000-1,96074.03396611242,88697,0.1074825000250712,0.04786580000654794,0.05961670001852326,0.2718501000053948,ok,8.317117789905426,8.317117789905426
NN_V3,TSP-grid-n90-g1000-3,9532.633566234144,8868,0.10273449998931028,0.037916199973551556,0.06481830001575872,0.2486376999877393,ok,7.494740259744524,7.494740259744524
NN_V3,TSP-grid-n800-g10000-5,288312.0411289553,270438,0.15266029999474995,0.07952539998223074,0.07313490001251921,3.465790999995079,ok,6.6092934901734655,6.6092934901734655
NN_V3,TSP-grid-n90-g1000-4,9536.745315273394,8867,0.10100490003242157,0.046391200012294576,0.054613700020127,0.090528800006723,ok,7.553234637119592,7.553234637119592
NN_V3,TSP-grid-n90-g10000-4,95783.86971478187,88826,0.0780069999746047,0.021491699997568503,0.05651529997703619,0.3239789999934146,ok,7.833145379485595,7.833145379485595
NN_V3,TSP-grid-n90-g10000-3,95832.16056605754,88919,0.11856919998535886,0.03031659999396652,0.08825259999139234,0.3617527000023983,ok,7.7746719666860225,7.7746719666860225
NN_V3,TSP-grid-n90-g10000-2,95874.77879673243,88890,0.13795100001152605,0.0395501000166405,0.09840089999488555,0.1846479999949224,ok,7.857777924099928,7.857777924099928
NN_V3,TSP-grid-n90-g10000-5,95620.99591108598,88945,0.15256540002883412,0.03932210002676584,0.11324330000206828,0.4071621000039158,ok,7.505757390618897,7.505757390618897
NN_V3,TSP-grid-n900-g1000-1,31207.550767348468,29359,0.19250569998985156,0.0745660999964457,0.11793959999340586,5.37775519999559,ok,6.296368293703695,6.296368293703695
NN_V3,TSP-line_noise-n10-g1000-2,1838.0560092075211,1864,0.08249569998588413,0.01896029998897575,0.06353539999690838,0.124518500000704,ok,-1.3918449995965059,1.3918449995965059
NN_V3,TSP-grid-n900-g1000-2,31203.670214944577,29361,0.20972119996440597,0.05944469998939894,0.15027649997500703,3.972894999998971,ok,6.275910953116642,6.275910953116642
NN_V3,TSP-grid-n900-g1000-3,31219.205856491884,29364,0.13130820001242682,0.07810780001454987,0.05320039999787696,3.4635525999910897,ok,6.317960279566423,6.317960279566423
NN_V3,TSP-line_noise-n10-g1000-5,2787.8505784646404,2970,0.08070680001401342,0.036712100001750514,0.04399470001226291,0.079591599991545,ok,-6.132977156072713,6.132977156072713
NN_V3,TSP-line_noise-n10-g1000-1,2333.4717934010405,2618,0.1075256000040099,0.028684299992164597,0.0788413000118453,0.0797580999787896,ok,-10.868151512565298,10.868151512565298
NN_V3,TSP-grid-n900-g1000-4,31219.312878775934,29360,0.14237339998362586,0.06270660000154749,0.07966679998207837,5.838307700003497,ok,6.332809532615579,6.332809532615579
NN_V3,TSP-line_noise-n10-g10000-1,21457.030577438534,22756,0.09208129998296499,0.034865800000261515,0.05721549998270348,0.7442105999798514,ok,-5.708250230978493,5.708250230978493
NN_V3,TSP-grid-n900-g10000-4,311791.6094850465,294012,0.14088549997541122,0.09379009998519905,0.04709539999021217,270.55115700000897,ok,6.047239393305876,6.047239393305876
NN_V3,TSP-line_noise-n10-g1000-4,2665.0478370751807,2814,0.09322989999782294,0.03251099999761209,0.06071890000021085,0.0946990000084042,ok,-5.2932538352814245,5.2932538352814245
NN_V3,TSP-grid-n900-g1000-5,31258.052044438955,29413,0.15939669997897,0.12950899999123067,0.029887699987739325,7.04349069998716,ok,6.27291348872592,6.27291348872592
NN_V3,TSP-line_noise-n10-g10000-2,27272.9561065851,28096,0.08231159998103976,0.03847259999020025,0.04383899999083951,0.516573500004597,ok,-2.9293988233730737,2.9293988233730737
NN_V3,TSP-line_noise-n10-g1000-3,2495.2649969066115,2738,0.08988320003845729,0.03581190001568757,0.05407130002276972,0.0818216999759897,ok,-8.865412822987162,8.865412822987162
NN_V3,TSP-grid-n900-g10000-3,312357.1054431349,294168,0.1559385000145994,0.11410380000597797,0.04183470000862144,2.381662599989795,ok,6.183237280443456,6.183237280443456
NN_V3,TSP-grid-n900-g10000-5,312140.06322591053,294175,0.19315040000947192,0.1276791999989655,0.06547120001050644,3.79263899999205,ok,6.106930645333741,6.106930645333741
NN_V3,TSP-line_noise-n10-g10000-3,27784.314341392368,31210,0.09887610000441782,0.02902190000168048,0.06985420000273734,0.8652230000006966,ok,-10.976243699479756,10.976243699479756
NN_V3,TSP-grid-n900-g10000-1,311734.5368880546,294220,0.1668360999901779,0.08928190000005998,0.07755419999011792,4.094849599990994,ok,5.952870942850443,5.952870942850443
NN_V3,TSP-grid-n900-g10000-2,312129.78508258704,294303,0.20084229996427894,0.11233899998478591,0.08850329997949302,358.9380663000047,ok,6.057289624158449,6.057289624158449
NN_V3,TSP-line_noise-n10-g10000-5,26544.765099383658,27923,0.14344569999957457,0.03571570001076907,0.1077299999888055,0.5960228000185452,ok,-4.935841065130331,4.935841065130331
NN_V3,TSP-line_noise-n10-g10000-4,25172.49722088955,27665,0.15861450001830235,0.04819380000117235,0.11042070001713,0.7032987999846227,ok,-9.009588935877286,9.009588935877286
NN_V3,TSP-line_noise-n100-g1000-1,2811.9287735240905,3357,0.16055569998570718,0.020621699979528785,0.1399340000061784,1.2120501999743285,ok,-16.23685512290466,16.23685512290466
NN_V3,TSP-line_noise-n100-g1000-2,2649.0022365241894,3330,0.14406630001030862,0.015037300006952137,0.1290290000033565,1.231738599948585,ok,-20.450383287561884,20.450383287561884
NN_V3,TSP-line_noise-n100-g1000-3,2809.5598813397373,3250,0.13648649997776374,0.029554699984146282,0.10693179999361746,0.7097790000261739,ok,-13.552003651085004,13.552003651085004
NN_V3,TSP-line_noise-n100-g1000-4,2778.979318438709,3258,0.14473060000455007,0.02813849999802187,0.1165921000065282,0.3600863000028766,ok,-14.702906125269827,14.702906125269827
NN_V3,TSP-line_noise-n100-g1000-5,2476.598890841524,2577,0.1399420999805443,0.039553799986606464,0.10038829999393784,1.921994099975564,ok,-3.8960461450708648,3.8960461450708648
NN_V3,TSP-line_noise-n100-g10000-2,28057.681629630388,33315,0.15225530002499,0.03047070000320673,0.12178460002178326,1.0250083000282757,ok,-15.78063446006187,15.78063446006187
NN_V3,TSP-line_noise-n100-g10000-3,28858.272845315398,31398,0.15408390000811778,0.04642619998776354,0.10765770002035424,3.346799099992495,ok,-8.088818251750437,8.088818251750437
NN_V3,TSP-line_noise-n100-g10000-4,29384.141048324876,33689,0.17361510000773706,0.0404524999903515,0.13316260001738556,1.022647300036624,ok,-12.778233107765512,12.778233107765512
NN_V3,TSP-line_noise-n100-g10000-1,29515.490630851127,33611,0.14881210000021383,0.0346467999916058,0.11416530000860803,2.862844999996014,ok,-12.185026833920064,12.185026833920064
NN_V3,TSP-line_noise-n100-g10000-5,28378.00295654463,33338,0.22067070001503453,0.06109210001886822,0.1595785999961663,1.2547347999643534,ok,-14.877908223214856,14.877908223214856
NN_V3,TSP-line_noise-n1000-g1000-3,5131.150728571694,5705,0.24520929998834617,0.1130416999803856,0.13216760000796057,8.106752499996219,ok,-10.058707649926479,10.058707649926479
NN_V3,TSP-line_noise-n1000-g1000-1,7654.680436861054,7670,0.23327719999360852,0.12923329998739064,0.10404390000621788,12.204721199988851,ok,-0.19973354809577903,0.19973354809577903
NN_V3,TSP-line_noise-n1000-g10000-2,50730.01775021403,55898,0.18899799999780953,0.10917670000344515,0.07982129999436438,4.287416699982714,ok,-9.245379530190654,9.245379530190654
NN_V3,TSP-line_noise-n1000-g1000-2,6255.418161787624,6766,0.22420240001520142,0.10699110000859946,0.11721130000660196,16.23994640004821,ok,-7.54628788371824,7.54628788371824
NN_V3,TSP-line_noise-n20-g1000-1,2520.7707434702097,2954,0.1082141000078991,0.024225200002547354,0.08398890000535175,0.0794407000066712,ok,-14.66585160899764,14.66585160899764
NN_V3,TSP-line_noise-n1000-g1000-4,6367.626042159158,6799,0.23388390001491643,0.11475540001993068,0.11912849999498576,8.113024299964309,ok,-6.344667713499665,6.344667713499665
NN_V3,TSP-line_noise-n1000-g10000-1,46501.26392984716,50575,0.21255649998784065,0.09643249999498948,0.11612399999285117,5.538742400007322,ok,-8.054841463475706,8.054841463475706
NN_V3,TSP-line_noise-n1000-g1000-5,6879.541934120862,7181,0.23421310001867823,0.11073800001759082,0.12347510000108741,52.331671399995685,ok,-4.197995625666875,4.197995625666875
NN_V3,TSP-line_noise-n1000-g10000-4,52442.42752111016,58129,0.18216080000274815,0.10463940000045113,0.07752140000229701,20.81497649999801,ok,-9.782677284814529,9.782677284814529
NN_V3,TSP-line_noise-n20-g1000-2,2867.185404056123,3056,0.09941919997800142,0.03078899998217821,0.0686301999958232,0.0787783000268973,ok,-6.178488087168752,6.178488087168752
NN_V3,TSP-line_noise-n1000-g10000-3,48269.044877122855,53234,0.21323550000670366,0.11784270001226105,0.09539279999444261,6.853039500012528,ok,-9.3266617629281,9.3266617629281
NN_V3,TSP-line_noise-n1000-g10000-5,48990.08747143205,54135,0.18427960001281463,0.11564370000269264,0.06863590001012199,31.594816600030757,ok,-9.503856153261195,9.503856153261195
NN_V3,TSP-line_noise-n20-g1000-3,2261.242538172919,2730,0.10815840002032928,0.033193300012499094,0.07496510000783019,0.0781957000144757,ok,-17.170602997328974,17.170602997328974
NN_V3,TSP-line_noise-n20-g1000-5,2347.6880805495166,2727,0.09856059998855926,0.025524600001517683,0.07303599998704158,0.2009057000395842,ok,-13.909494662650657,13.909494662650657
NN_V3,TSP-line_noise-n20-g1000-4,2005.2079092255735,2187,0.1096796999918297,0.021828800003277138,0.08785089998855256,0.0850437000044621,ok,-8.312395554386212,8.312395554386212
NN_V3,TSP-line_noise-n20-g10000-4,27318.945687601226,29688,0.11758780002128333,0.02694890002021566,0.09063890000106767,0.4929897999973036,ok,-7.979838023439685,7.979838023439685
NN_V3,TSP-line_noise-n20-g10000-2,26138.926655536518,28105,0.12629899999592453,0.02851919998647645,0.09777980000944808,0.6572273000492714,ok,-6.9954575501280285,6.9954575501280285
NN_V3,TSP-line_noise-n20-g10000-3,26342.71167811891,30353,0.12942549999570474,0.02336059999652207,0.10606489999918267,0.3574789999984205,ok,-13.212164602777616,13.212164602777616
NN_V3,TSP-line_noise-n20-g10000-1,24071.02816951787,29506,0.15615099997376092,0.03430539998225868,0.12184559999150224,0.6447151000029407,ok,-18.41988690599244,18.41988690599244
NN_V3,TSP-line_noise-n20-g10000-5,25222.127685895655,29754,0.14050280000083148,0.011462099995696917,0.12904070000513457,0.7500306000001729,ok,-15.231136365209197,15.231136365209197
NN_V3,TSP-line_noise-n200-g1000-1,2845.153098505565,3530,0.1463973999780137,0.03627129999222234,0.11012609998579137,1.583470199955627,ok,-19.40076208199532,19.40076208199532
NN_V3,TSP-line_noise-n200-g1000-3,3070.504630244177,3636,0.1286017000384163,0.03330940002342686,0.09529230001498945,1.9665618000435643,ok,-15.55267793607874,15.55267793607874
NN_V3,TSP-line_noise-n200-g1000-2,3699.501851418161,3876,0.14493789998232387,0.0411413999972865,0.10379649998503737,1.651382499956526,ok,-4.553615804485007,4.553615804485007
NN_V3,TSP-line_noise-n200-g1000-4,2991.990870328853,3597,0.12529209998319857,0.029621099994983524,0.09567099998821504,2.5976993999793194,ok,-16.81982567893097,16.81982567893097
NN_V3,TSP-line_noise-n200-g10000-1,32661.678152604145,37357,0.13073479998274706,0.03703139998833649,0.09370339999441057,2.2125010000308976,ok,-12.568787235045253,12.568787235045253
NN_V3,TSP-line_noise-n200-g1000-5,3144.600560806459,3675,0.13917140002013184,0.046339500026078895,0.09283189999405295,2.4352190000354312,ok,-14.432637801184795,14.432637801184795
NN_V3,TSP-line_noise-n30-g1000-1,2089.8108453936875,2229,0.0970670000242535,0.024727500014705583,0.07233950000954792,0.2931917999521829,ok,-6.244466334962428,6.244466334962428
NN_V3,TSP-line_noise-n200-g10000-2,33370.06744378293,34182,0.13832670002011582,0.04771850001998246,0.09060820000013337,2.721535100019537,ok,-2.37532197126286,2.37532197126286
NN_V3,TSP-line_noise-n30-g1000-4,2521.5849426507193,2985,0.09012180002173409,0.03735700002289377,0.05276479999884032,0.3565535000525415,ok,-15.52479254101443,15.52479254101443
NN_V3,TSP-line_noise-n30-g1000-3,2587.0776953920795,3073,0.09469750002608635,0.03758100001141429,0.057116500014672056,0.2558151000412181,ok,-15.81263601067102,15.81263601067102
NN_V3,TSP-line_noise-n30-g1000-2,2603.757645516642,3132,0.09180260001448914,0.03127060001133941,0.06053200000314973,0.0878323999932035,ok,-16.865975558217055,16.865975558217055
NN_V3,TSP-line_noise-n200-g10000-3,34058.30045458488,37416,0.13815430001704954,0.07099140001810156,0.06716289999894798,2.096996799984481,ok,-8.973967140835788,8.973967140835788
NN_V3,TSP-line_noise-n200-g10000-5,31911.657841057284,34437,0.10942140000406653,0.056475099991075695,0.05294630001299083,1.513278700003866,ok,-7.33322344844997,7.33322344844997
NN_V3,TSP-line_noise-n200-g10000-4,32350.20854318468,36813,0.13962650002213195,0.06358440002077259,0.07604210000135936,2.6897398000000976,ok,-12.122868162918863,12.122868162918863
NN_V3,TSP-line_noise-n30-g10000-2,24731.992963801138,29017,0.0945064999978058,0.025178699987009168,0.06932780001079664,0.4337746999808587,ok,-14.767229679838929,14.767229679838929
NN_V3,TSP-line_noise-n30-g1000-5,2179.0155279984174,2307,0.11812870000721887,0.04428050000569783,0.07384820000152104,0.2386623999918811,ok,-5.547658084160495,5.547658084160495
NN_V3,TSP-line_noise-n30-g10000-1,27697.435274354415,31004,0.10622970000258647,0.02743909999844618,0.07879060000414029,0.3754595000064,ok,-10.66496170057278,10.66496170057278
NN_V3,TSP-line_noise-n30-g10000-4,26737.82565377187,29650,0.13586040001246147,0.02327760000480339,0.11258280000765808,0.303669799992349,ok,-9.821835906334336,9.821835906334336
NN_V3,TSP-line_noise-n30-g10000-3,24352.60272244492,28660,0.15663860001950525,0.04745710000861436,0.10918150001089089,0.3613605000427924,ok,-15.02929964255087,15.02929964255087
NN_V3,TSP-line_noise-n30-g10000-5,27652.403911060654,30832,0.127536499989219,0.02334389998577535,0.10419260000344366,0.2116898000240326,ok,-10.3126494841053,10.3126494841053
NN_V3,TSP-line_noise-n300-g10000-1,33840.59457006084,37771,0.13840520003577694,0.03574230000958778,0.10266290002618916,4.770957400032785,ok,-10.405881310897666,10.405881310897666
NN_V3,TSP-line_noise-n300-g1000-1,3443.993638213942,3806,0.1429603000287898,0.043051600019680336,0.09990870000910945,2.7189189000055194,ok,-9.511465102103465,9.511465102103465
NN_V3,TSP-line_noise-n300-g1000-2,3810.5221279831167,4031,0.1397265000268817,0.03581670002313331,0.10390980000374839,2.788598599960096,ok,-5.469557728029852,5.469557728029852
NN_V3,TSP-line_noise-n300-g1000-3,3274.4782324937187,3811,0.13298799999756739,0.035060099995462224,0.09792790000210516,2.0224242999684066,ok,-14.07824107862192,14.07824107862192
NN_V3,TSP-line_noise-n300-g1000-5,3102.6449125723957,3708,0.11962909999419935,0.039587799983564764,0.08004130001063459,5.204167800024152,ok,-16.325649607001193,16.325649607001193
NN_V3,TSP-line_noise-n40-g1000-3,2041.3407731777988,2096,0.1023233000014443,0.037332799984142184,0.06499050001730211,0.0839632999850437,ok,-2.6077875392271546,2.6077875392271546
NN_V3,TSP-line_noise-n40-g1000-4,2568.991381672189,3069,0.08235159999458119,0.03880779998144135,0.043543800013139844,0.0659227999858558,ok,-16.292232594584906,16.292232594584906
NN_V3,TSP-line_noise-n40-g1000-5,2255.6228590188766,2331,0.1019714999711141,0.0426953999849502,0.0592760999861639,0.1585745000047609,ok,-3.233682581772775,3.233682581772775
NN_V3,TSP-line_noise-n40-g1000-1,2653.3118248857645,3135,0.10150659998180345,0.03846399998292327,0.06304259999888018,0.1129651999799534,ok,-15.364854070629521,15.364854070629521
NN_V3,TSP-line_noise-n40-g1000-2,2759.5350302890874,3091,0.09302480003680103,0.030485200026305392,0.06253960001049563,0.1597117000492289,ok,-10.723551268551038,10.723551268551038
NN_V3,TSP-line_noise-n300-g1000-4,3306.310460795212,3829,0.13415309999254532,0.06675779999932274,0.06739529999322258,4.004447999992408,ok,-13.650810634755503,13.650810634755503
NN_V3,TSP-line_noise-n300-g10000-4,34101.16179980175,37360,0.13846399998874404,0.0827700000081677,0.055693999980576336,4.147504599997774,ok,-8.722800321729801,8.722800321729801
NN_V3,TSP-line_noise-n300-g10000-2,42363.58574652008,43857,0.14262430000235327,0.07818219999899156,0.0644421000033617,4.430159299983643,ok,-3.4051901714205655,3.4051901714205655
NN_V3,TSP-line_noise-n40-g10000-1,27361.41506523732,29953,0.10403210003278218,0.04717980002169497,0.05685230001108721,0.382908400031738,ok,-8.652171517920339,8.652171517920339
NN_V3,TSP-line_noise-n300-g10000-3,37373.13578604744,39004,0.15128499997081235,0.08623049999005161,0.06505449998076074,3.4552785000414588,ok,-4.18127426405641,4.18127426405641
NN_V3,TSP-line_noise-n300-g10000-5,34997.50836528279,38501,0.15580549999140203,0.08115499999257736,0.07465049999882467,3.848907000035979,ok,-9.099741915059898,9.099741915059898
NN_V3,TSP-line_noise-n40-g10000-2,27994.82644984557,31602,0.1166259000019636,0.04340090000187047,0.07322500000009313,0.1959509000298567,ok,-11.414383742024024,11.414383742024024
NN_V3,TSP-line_noise-n40-g10000-3,28705.347799116047,31605,0.11347680000471883,0.029069299984257668,0.08440750002046116,0.3684576000086963,ok,-9.17466287259596,9.17466287259596
NN_V3,TSP-line_noise-n40-g10000-5,25557.631237733876,28524,0.15177650001714937,0.03993700002320111,0.11183949999394827,0.5050877000321634,ok,-10.399553927451,10.399553927451
NN_V3,TSP-line_noise-n40-g10000-4,22609.974677754915,25494,0.16296339998370968,0.05174479997367598,0.1112186000100337,0.8476260000024922,ok,-11.312565004491585,11.312565004491585
NN_V3,TSP-line_noise-n400-g1000-3,3888.10581529314,4382,0.14139120001345873,0.02542000001994893,0.1159711999935098,6.108798699977342,ok,-11.270976373958467,11.270976373958467
NN_V3,TSP-line_noise-n400-g1000-1,3724.8270578588053,4242,0.16915750000043772,0.039912300009746104,0.12924519999069162,7.6729078000062145,ok,-12.191724237180448,12.191724237180448
NN_V3,TSP-line_noise-n400-g1000-2,3662.5081407454127,4093,0.14457190001849085,0.04603150000912137,0.09854040000936948,6.153651600005105,ok,-10.517758594052951,10.517758594052951
NN_V3,TSP-line_noise-n5-g1000-1,1619.4973441387447,1691,0.08303780001006089,0.019418400013819337,0.06361939999624155,0.0985896000056527,ok,-4.2284243560766015,4.2284243560766015
NN_V3,TSP-line_noise-n5-g1000-2,2129.9770345926663,2297,0.08960470001329668,0.0298913000151515,0.05971339999814518,0.1085464999778196,ok,-7.271352433928327,7.271352433928327
NN_V3,TSP-line_noise-n5-g1000-3,2566.4409998013434,2650,0.07791429999633692,0.024645900004543364,0.05326839999179356,0.0885028000338934,ok,-3.1531698188172292,3.1531698188172292
NN_V3,TSP-line_noise-n400-g10000-1,44134.71986350324,44494,0.13550119998399168,0.05345969999325462,0.08204149999073707,2.7327393000014126,ok,-0.8074799669545555,0.8074799669545555
NN_V3,TSP-line_noise-n400-g1000-5,3817.4658846163657,4275,0.11564979999093339,0.060253000003285706,0.05539679998764768,5.128029600018635,ok,-10.702552406634721,10.702552406634721
NN_V3,TSP-line_noise-n400-g1000-4,3914.8456686943537,4339,0.14067910000449046,0.03235930000664666,0.1083197999978438,7.506071400013752,ok,-9.775393669178298,9.775393669178298
NN_V3,TSP-line_noise-n400-g10000-5,38106.14736398414,39735,0.1267202000017278,0.07425410000723787,0.05246609999448992,3.580055699974764,ok,-4.099289382196697,4.099289382196697
NN_V3,TSP-line_noise-n400-g10000-3,37533.61300684302,40923,0.1393120999855455,0.08074259999557398,0.05856949998997152,5.136573399999179,ok,-8.282352205744884,8.282352205744884
NN_V3,TSP-line_noise-n5-g1000-4,2704.7647831114737,2759,0.10212899997713976,0.03583099998650141,0.06629799999063835,0.0991776000009849,ok,-1.9657563207149815,1.9657563207149815
NN_V3,TSP-line_noise-n5-g10000-2,25750.6637599775,26730,0.09340179996797815,0.0318822999834083,0.06151949998456985,6.8248636000207625,ok,-3.6638093528713114,3.6638093528713114
NN_V3,TSP-line_noise-n400-g10000-2,39997.70449684613,41943,0.14051980001386255,0.09692569999606349,0.043594100017799065,6.300679000036325,ok,-4.637950321040157,4.637950321040157
NN_V3,TSP-line_noise-n5-g1000-5,2382.9714656918077,2387,0.10664829995948821,0.034178399975644425,0.07246989998384379,0.1223815000266768,ok,-0.16876976573910013,0.16876976573910013
NN_V3,TSP-line_noise-n5-g10000-3,27811.994297414203,28094,0.1012019999907352,0.03598529999726452,0.06521669999347068,2.569483299972489,ok,-1.003793345859603,1.003793345859603
NN_V3,TSP-line_noise-n400-g10000-4,37068.21287424609,39773,0.17493389997980557,0.10630849999142811,0.06862539998837747,9.524631700012833,ok,-6.800560998048696,6.800560998048696
NN_V3,TSP-line_noise-n5-g10000-1,26631.255997350905,27070,0.10490030000801198,0.018974300008267164,0.08592599999974482,1.377202400006354,ok,-1.6207757763173065,1.6207757763173065
NN_V3,TSP-line_noise-n5-g10000-5,23785.12795403693,24050,0.12428119996911846,0.030744199990294874,0.09353699997882359,0.891630099969916,ok,-1.101339068453519,1.101339068453519
NN_V3,TSP-line_noise-n5-g10000-4,17173.685945235193,17607,0.12407659998279996,0.025157099997159094,0.09891949998564087,1.8684281999594528,ok,-2.4610328549145635,2.4610328549145635
NN_V3,TSP-line_noise-n50-g1000-2,2705.642839955777,3197,0.12212079996243119,0.011719999980414286,0.1104007999820169,0.160065800009761,ok,-15.36931998887153,15.36931998887153
NN_V3,TSP-line_noise-n50-g1000-1,2554.6990307271044,3175,0.17211529999622144,0.017113199981395155,0.15500210001482628,0.0885907000047154,ok,-19.537038402295927,19.537038402295927
NN_V3,TSP-line_noise-n50-g1000-3,2807.2699202384683,3245,0.12709349999204278,0.020726399990962818,0.10636710000107996,0.2650196999893524,ok,-13.48937071684227,13.48937071684227
NN_V3,TSP-line_noise-n50-g1000-4,2687.946835305076,3168,0.14021230000071228,0.019534599996404722,0.12067770000430755,0.0944939000182785,ok,-15.153193330016537,15.153193330016537
NN_V3,TSP-line_noise-n50-g10000-1,30598.198314607143,33183,0.1350009999878239,0.022380700014764443,0.11262029997305945,0.3583539000246674,ok,-7.789535862920341,7.789535862920341
NN_V3,TSP-line_noise-n50-g10000-3,26889.567622917413,31599,0.1441536000056658,0.03992340000695549,0.1042301999987103,0.3555882999789901,ok,-14.903738653383291,14.903738653383291
NN_V3,TSP-line_noise-n50-g10000-2,21091.356295149075,21675,0.1475303000479471,0.04143560002557933,0.10609470002236776,0.6534516999963671,ok,-2.6927045206501736,2.6927045206501736
NN_V3,TSP-line_noise-n50-g10000-5,30310.69264958147,32406,0.1649040999764111,0.04327139997621998,0.12163270000019111,0.5722340999636799,ok,-6.4658006246328785,6.4658006246328785
NN_V3,TSP-line_noise-n50-g10000-4,22560.356745088473,23882,0.15279940000618808,0.03715429999283515,0.11564510001335293,0.3529505999758839,ok,-5.5340560041517755,5.5340560041517755
NN_V3,TSP-line_noise-n50-g1000-5,2584.738602273137,3211,0.17953720001969486,0.026901900011580437,0.15263530000811443,0.0812335999798961,ok,-19.503624968136496,19.503624968136496
NN_V3,TSP-line_noise-n500-g10000-1,39291.86950258212,42695,0.1510126999928616,0.06985759999952279,0.08115509999333881,7.234000599943101,ok,-7.970793997933899,7.970793997933899
NN_V3,TSP-line_noise-n500-g1000-2,4482.952933859247,4844,0.1897014999995008,0.08154240000294521,0.1081590999965556,4.558396200009156,ok,-7.453490217604306,7.453490217604306
NN_V3,TSP-line_noise-n500-g1000-3,3845.556411336547,4317,0.16996070003369823,0.08181620002142154,0.0881445000122767,4.864058099978138,ok,-10.920629804573844,10.920629804573844
NN_V3,TSP-line_noise-n500-g1000-1,4898.60124198845,4954,0.17899230000330135,0.0717587000108324,0.10723359999246895,5.399986100033857,ok,-1.1182631815008064,1.1182631815008064
NN_V3,TSP-line_noise-n500-g10000-2,37590.9900957183,40204,0.20784640000783838,0.08587189999525435,0.12197450001258403,6.720261800044682,ok,-6.499377933244707,6.499377933244707
NN_V3,TSP-line_noise-n500-g10000-3,48314.78422016837,50604,0.17219230000046082,0.07162309999694116,0.10056920000351965,4.054906699981075,ok,-4.523784245971925,4.523784245971925
NN_V3,TSP-line_noise-n500-g1000-5,4193.396771613996,4637,0.17959719998179935,0.07003529998473823,0.10956189999706112,9.103967800037935,ok,-9.566599706405091,9.566599706405091
NN_V3,TSP-line_noise-n500-g1000-4,4305.455732928822,4692,0.21312980001675896,0.09618130000308156,0.1169485000136774,5.222816299996339,ok,-8.238368863409596,8.238368863409596
NN_V3,TSP-line_noise-n500-g10000-5,37215.09680931363,41299,0.2108223000250291,0.10576580002089031,0.1050565000041388,7.745369500014931,ok,-9.888624883620349,9.888624883620349
NN_V3,TSP-line_noise-n60-g1000-3,2786.1249788633977,3226,0.11514200002420694,0.037446900008944795,0.07769510001526214,1.4340310999541543,ok,-13.635307536782465,13.635307536782465
NN_V3,TSP-line_noise-n60-g1000-1,2809.535124612812,3190,0.15557459997944534,0.06215949999750592,0.09341509998193942,0.7722540999529883,ok,-11.926798601479245,11.926798601479245
NN_V3,TSP-line_noise-n500-g10000-4,45283.08592445322,46660,0.20558330000494607,0.11114829999860376,0.0944350000063423,4.856502200011164,ok,-2.950951726418306,2.950951726418306
NN_V3,TSP-line_noise-n60-g1000-4,2281.5407940000005,2300,0.11028689998784102,0.027373099990654737,0.08291379999718629,0.0609786000568419,ok,-0.8025741739130235,0.8025741739130235
NN_V3,TSP-line_noise-n60-g1000-2,2679.421609937097,3219,0.11134000000311062,0.035446800000499934,0.07589320000261068,1.6379668000154195,ok,-16.762298541873346,16.762298541873346
NN_V3,TSP-line_noise-n60-g10000-1,28655.589978114585,32647,0.11216489999787882,0.027587899996433407,0.08457700000144541,0.8800307000055909,ok,-12.225962636338453,12.225962636338453
NN_V3,TSP-line_noise-n60-g1000-5,2781.767423875761,3309,0.11730789998546243,0.017571200005477294,0.09973669997998513,0.1899274999741464,ok,-15.933290302938627,15.933290302938627
NN_V3,TSP-line_noise-n60-g10000-2,29146.43351261248,32588,0.13183840000419877,0.031742399994982406,0.10009600000921637,0.7518795999931172,ok,-10.56083984100749,10.56083984100749
NN_V3,TSP-line_noise-n60-g10000-3,28169.116695296078,32624,0.14726609998615459,0.039768299990100786,0.1074977999960538,0.3664078000001609,ok,-13.655233278273426,13.655233278273426
NN_V3,TSP-line_noise-n60-g10000-4,25105.881862222508,28044,0.14897929999278858,0.037749000010080636,0.11123029998270795,1.6861372999846935,ok,-10.4768154962826,10.4768154962826
NN_V3,TSP-line_noise-n60-g10000-5,22726.94489111367,22841,0.1419173000031151,0.03101130001596175,0.11090599998715334,0.6698989999713376,ok,-0.49934376291024263,0.49934376291024263
NN_V3,TSP-line_noise-n600-g1000-1,6109.652177339376,6222,0.18446179997408763,0.06982029997743666,0.11464149999665096,10.337055499956476,ok,-1.805654494706267,1.805654494706267
NN_V3,TSP-line_noise-n600-g1000-2,5214.975502733469,5498,0.16068919998360798,0.06580879999091849,0.09488039999268949,13.52973509998992,ok,-5.147771867343241,5.147771867343241
NN_V3,TSP-line_noise-n600-g1000-3,5844.901022898848,5911,0.16292080000857823,0.0663574000063818,0.09656340000219643,20.71598149999045,ok,-1.1182367975156797,1.1182367975156797
NN_V3,TSP-line_noise-n600-g1000-4,4716.831479565008,5154,0.15169530001003295,0.06919920002110302,0.08249609998892993,8.381685899978038,ok,-8.482121079452705,8.482121079452705
NN_V3,TSP-line_noise-n600-g10000-2,41987.789407855016,44975,0.1556867999897804,0.06800629998906516,0.08768050000071526,7.693786500021815,ok,-6.641935724613639,6.641935724613639
NN_V3,TSP-line_noise-n70-g1000-1,2605.639041871622,3186,0.12012510001659393,0.03422659999341704,0.0858985000231769,1.7632248000008983,ok,-18.215974831399187,18.215974831399187
NN_V3,TSP-line_noise-n70-g1000-2,2900.560356383314,3398,0.09295720001682639,0.021064400003524497,0.0718928000133019,1.491798699949868,ok,-14.639189041103185,14.639189041103185
NN_V3,TSP-line_noise-n600-g1000-5,4814.518904524524,5217,0.15568050000001676,0.08382149998215027,0.07185900001786649,9.14870229997905,ok,-7.714799606583779,7.714799606583779
NN_V3,TSP-line_noise-n70-g1000-4,2564.7167598643864,3160,0.11516479999409057,0.0475979000038933,0.06756689999019727,0.1949113000300713,ok,-18.83807721948144,18.83807721948144
NN_V3,TSP-line_noise-n70-g1000-3,2455.495553358909,2461,0.1263514999882318,0.0354102999845054,0.09094120000372641,0.5055124000064097,ok,-0.22366707196631078,0.22366707196631078
NN_V3,TSP-line_noise-n70-g10000-1,27862.50157934701,32130,0.09607519998098724,0.03998989998945035,0.056085299991536885,0.8254399999859743,ok,-13.281974542959823,13.281974542959823
NN_V3,TSP-line_noise-n600-g10000-3,43720.89454327384,47109,0.16669340000953525,0.0889997000049334,0.07769370000460185,4.125985699996818,ok,-7.192055566295527,7.192055566295527
NN_V3,TSP-line_noise-n70-g10000-2,28653.42618504411,32008,0.10325360001297668,0.03386820000014268,0.069385400012834,1.8043891999986956,ok,-10.48042306597066,10.48042306597066
NN_V3,TSP-line_noise-n600-g10000-4,51204.21143337665,52339,0.15814150002552196,0.08427890000166371,0.07386260002385825,6.83521109999856,ok,-2.1681510281498473,2.1681510281498473
NN_V3,TSP-line_noise-n70-g1000-5,2735.5822204871583,3341,0.1325088000157848,0.08648680002079345,0.04602199999499135,0.3780528000206686,ok,-18.120855417924027,18.120855417924027
NN_V3,TSP-line_noise-n600-g10000-1,47439.68397105206,50254,0.17167880001943558,0.09225460002198815,0.07942419999744743,8.210245100024622,ok,-5.600183127607637,5.600183127607637
NN_V3,TSP-line_noise-n70-g10000-4,27787.025097595062,33064,0.09268770000198856,0.034861299995100126,0.057826400006888434,0.2208179999724961,ok,-15.959880541994126,15.959880541994126
NN_V3,TSP-line_noise-n600-g10000-5,44164.815287371166,47020,0.19595990001107566,0.11161660001380369,0.08434329999727197,12.37861980003072,ok,-6.07227714297923,6.07227714297923
NN_V3,TSP-line_noise-n70-g10000-3,24938.8918884116,26093,0.13246409996645525,0.05634049998479895,0.0761235999816563,1.5671040000161156,ok,-4.4230564196849755,4.4230564196849755
NN_V3,TSP-line_noise-n70-g10000-5,27348.357071963255,31929,0.15128310001455247,0.04015869999420829,0.11112440002034418,0.4456309999804944,ok,-14.346340092194385,14.346340092194385
NN_V3,TSP-line_noise-n8-g1000-1,2122.6614237463073,2212,0.10408669998287223,0.02013329998590052,0.08395339999697171,0.0893829999840818,ok,-4.038814478015042,4.038814478015042
NN_V3,TSP-line_noise-n700-g1000-2,5202.7631040454435,5554,0.1558763000066392,0.05325820000143722,0.102618100005202,7.629846700001508,ok,-6.324034856941961,6.324034856941961
NN_V3,TSP-line_noise-n700-g10000-2,46487.76106965105,50143,0.12369900001795031,0.05931000001146458,0.06438900000648573,13.898695099982431,ok,-7.289629520269922,7.289629520269922
NN_V3,TSP-line_noise-n700-g1000-3,4478.495813048139,4953,0.12769260004279204,0.058229100017342716,0.06946350002544932,12.313857899978755,ok,-9.580137027091881,9.580137027091881
NN_V3,TSP-line_noise-n8-g1000-4,2742.44907450935,2791,0.09052559998235665,0.03271209998638369,0.05781349999597296,0.0804704999900423,ok,-1.7395530451684027,1.7395530451684027
NN_V3,TSP-line_noise-n700-g1000-1,4745.335520317385,5250,0.1273038000217639,0.06813480000710115,0.05916900001466274,11.70760419999715,ok,-9.612656755859332,9.612656755859332
NN_V3,TSP-line_noise-n700-g1000-4,6001.805706641637,6148,0.13474290000158362,0.08099879999645054,0.05374410000513308,9.766425499983598,ok,-2.3779162875465714,2.3779162875465714
NN_V3,TSP-line_noise-n8-g1000-2,2740.8084733079886,2894,0.08352310000918806,0.03577440002118237,0.04774869998800568,0.1234144999762065,ok,-5.2934183376645265,5.2934183376645265
NN_V3,TSP-line_noise-n8-g1000-3,2694.8235632744036,2848,0.07289439998567104,0.016637499997159466,0.05625689998851158,0.0825369000085629,ok,-5.378386120983021,5.378386120983021
NN_V3,TSP-line_noise-n700-g10000-1,43566.08573342115,46256,0.14081750001059845,0.09575050001149066,0.04506699999910779,7.111163099994883,ok,-5.8152764324170985,5.8152764324170985
NN_V3,TSP-line_noise-n700-g10000-3,44385.5930687245,45815,0.1145812000031583,0.08300120002240874,0.03157999998074956,10.93676949996734,ok,-3.119954013479214,3.119954013479214
NN_V3,TSP-line_noise-n8-g1000-5,2913.4928066487482,2926,0.07790400000521913,0.03243730001850054,0.045466699986718595,0.091148899984546,ok,-0.4274502170626033,0.4274502170626033
NN_V3,TSP-line_noise-n8-g10000-2,22740.565586626763,24508,0.08154080001986586,0.03673690001596697,0.04480390000389889,1.6604499000241049,ok,-7.211663184973223,7.211663184973223
NN_V3,TSP-line_noise-n8-g10000-1,20499.534549185773,22445,0.08167959999991581,0.02031270001316443,0.06136689998675138,1.07303770002909,ok,-8.667700827864676,8.667700827864676
NN_V3,TSP-line_noise-n8-g10000-4,24395.37122810242,26291,0.0862430999695789,0.0454320999851916,0.04081099998438731,1.3732047999510542,ok,-7.21018132401803,7.21018132401803
NN_V3,TSP-line_noise-n700-g10000-5,46810.61544671154,48945,0.1442910000041593,0.08904210000764579,0.0552488999965135,8.308387500001118,ok,-4.36078159830107,4.36078159830107
NN_V3,TSP-line_noise-n700-g1000-5,5992.601668799354,5946,0.1751001999946311,0.1075907000049483,0.06750949998968281,7.781146200024523,ok,0.7837482139144673,0.7837482139144673
NN_V3,TSP-line_noise-n8-g10000-5,24589.59379487147,24718,0.09297830000286922,0.03479400000651367,0.05818429999635555,0.9251907999860124,ok,-0.5194846068797196,0.5194846068797196
NN_V3,TSP-line_noise-n8-g10000-3,20030.91252642765,21003,0.08935140000539832,0.027947900001890957,0.06140350000350736,0.7291148999938741,ok,-4.628326779852156,4.628326779852156
NN_V3,TSP-line_noise-n700-g10000-4,42462.82243474573,45250,0.16237109998473898,0.08724819999770261,0.07512289998703636,16.24251180002466,ok,-6.159508431501151,6.159508431501151
NN_V3,TSP-line_noise-n80-g1000-1,2620.840412945632,3282,0.13910140001098625,0.010539100010646507,0.12856230000033975,0.258186699997168,ok,-20.145020934014866,20.145020934014866
NN_V3,TSP-line_noise-n80-g1000-2,2771.4737099733175,3262,0.13301550000323914,0.017035900003975257,0.11597959999926388,0.6281069999677129,ok,-15.037593195177271,15.037593195177271
NN_V3,TSP-line_noise-n80-g1000-3,2716.5619935023788,3254,0.1413919999904465,0.01839409998501651,0.12299790000542998,0.2189450999721884,ok,-16.516226382840234,16.516226382840234
NN_V3,TSP-line_noise-n80-g1000-4,2751.9197804070755,3360,0.1241740999976173,0.022750500007532537,0.10142359999008477,1.092907100042794,ok,-18.097625583122753,18.097625583122753
NN_V3,TSP-line_noise-n80-g10000-1,23631.043871457747,24267,0.11939939999138005,0.028253399999812245,0.0911459999915678,3.1960871999617666,ok,-2.6206623337959094,2.6206623337959094
NN_V3,TSP-line_noise-n80-g1000-5,2714.42740559336,3112,0.1428097999887541,0.028412099985871464,0.11439770000288263,0.1451355000026524,ok,-12.775468971935727,12.775468971935727
NN_V3,TSP-line_noise-n80-g10000-5,26790.065660573775,29035,0.1315636000072118,0.04988010000670329,0.0816835000005085,1.17005600000266,ok,-7.731821386003874,7.731821386003874
NN_V3,TSP-line_noise-n80-g10000-3,25222.64877509605,29848,0.15285189999849536,0.034797500004060566,0.11805439999443479,0.9727469999925232,ok,-15.496352267836869,15.496352267836869
NN_V3,TSP-line_noise-n80-g10000-4,26168.202986347023,31798,0.14923730003647506,0.03705750001245178,0.11217980002402328,0.5696435000281781,ok,-17.704877708198556,17.704877708198556
NN_V3,TSP-line_noise-n80-g10000-2,29847.750146278762,33242,0.15094179997686297,0.04431729999487288,0.10662449998199008,1.063296900014393,ok,-10.210726953014975,10.210726953014975
NN_V3,TSP-line_noise-n800-g1000-3,5860.347491009161,6314,0.20295099998475052,0.11531929997727275,0.08763170000747778,20.711412400007248,ok,-7.1848671047012855,7.1848671047012855
NN_V3,TSP-line_noise-n800-g1000-1,6924.645333041481,6968,0.20853360003093258,0.10667190002277493,0.10186170000815764,15.473641899996435,ok,-0.6221967129523446,0.6221967129523446
NN_V3,TSP-line_noise-n800-g1000-5,5545.211246431383,5950,0.19410240001161583,0.0968785000150092,0.09722389999660663,16.351178300043102,ok,-6.803172328884316,6.803172328884316
NN_V3,TSP-line_noise-n800-g1000-2,4638.387941590219,5077,0.22034030000213534,0.1212052000046242,0.09913509999751113,34.633051500015426,ok,-8.639197526290737,8.639197526290737
NN_V3,TSP-line_noise-n800-g1000-4,4520.01250298768,5100,0.2072115000046324,0.10390750001533888,0.10330399998929352,29.788645900029223,ok,-11.37230386298667,11.37230386298667
NN_V3,TSP-line_noise-n800-g10000-2,70343.15500656056,70959,0.194830800028285,0.10997710001538508,0.08485370001289994,6.932110099995043,ok,-0.8678884897468183,0.8678884897468183
NN_V3,TSP-line_noise-n800-g10000-4,66667.61805799772,67801,0.20541530000627972,0.0940073000092525,0.11140799999702722,5.459234500012826,ok,-1.6716301264026745,1.6716301264026745
NN_V3,TSP-line_noise-n800-g10000-3,44946.15047161933,48573,0.23705600001267157,0.12850720001733862,0.10854879999533296,15.851468199980443,ok,-7.466801573673995,7.466801573673995
NN_V3,TSP-line_noise-n800-g10000-1,45851.306331163505,47711,0.24225579999620095,0.13559449999593198,0.10666130000026897,14.519427600025663,ok,-3.8978299948366093,3.8978299948366093
NN_V3,TSP-line_noise-n800-g10000-5,57031.03759649489,60616,0.20892950004781596,0.09371910002664663,0.11521040002116933,15.078985700034536,ok,-5.91421803402585,5.91421803402585
NN_V3,TSP-line_noise-n90-g1000-3,2691.4416572010305,3372,0.12626010001986288,0.034823100024368614,0.09143699999549426,0.2582211999688297,ok,-20.182631755604078,20.182631755604078
NN_V3,TSP-line_noise-n90-g1000-1,2696.0685408272257,3259,0.14500419999239966,0.038559600012376904,0.10644459998002276,1.42849020002177,ok,-17.273134678514094,17.273134678514094
NN_V3,TSP-line_noise-n90-g1000-4,2880.9364521639363,3320,0.16221159999258816,0.0360930000024382,0.12611859999014996,1.1694689999567345,ok,-13.22480565771276,13.22480565771276
NN_V3,TSP-line_noise-n90-g1000-2,2596.143987896645,3224,0.1487626000016462,0.044002699985867366,0.10475990001577884,0.2745590000413358,ok,-19.474442062759156,19.474442062759156
NN_V3,TSP-line_noise-n90-g1000-5,2672.397252129813,3270,0.14835129998391494,0.03652259998489171,0.11182869999902323,0.3904834999702871,ok,-18.275313390525604,18.275313390525604
NN_V3,TSP-line_noise-n90-g10000-1,28147.417801295407,32853,0.14346230000955984,0.042054399993503466,0.10140790001605637,0.3434183999779634,ok,-14.323143088012033,14.323143088012033
NN_V3,TSP-line_noise-n90-g10000-2,28912.90230898146,33492,0.15674120001494884,0.03380919998744503,0.12293200002750382,1.1277326999697834,ok,-13.672213337568797,13.672213337568797
NN_V3,TSP-line_noise-n90-g10000-5,26950.904341259797,31583,0.15655069999047555,0.02840670000296086,0.1281439999875147,1.276886499952525,ok,-14.666420728683796,14.666420728683796
NN_V3,TSP-line_noise-n90-g10000-3,31073.29075487447,33531,0.18093609999050386,0.04270570000517182,0.13823039998533204,1.219951500010211,ok,-7.329662834766426,7.329662834766426
NN_V3,TSP-line_noise-n90-g10000-4,27865.09642240405,31805,0.17272650002269074,0.040859000000637025,0.13186750002205372,0.6601830000290647,ok,-12.3876861424177,12.3876861424177
NN_V3,TSP-line_noise-n900-g1000-3,5876.13731697615,6156,0.17503370001213625,0.06984390001161955,0.1051898000005167,13.94544479995966,ok,-4.5461774370346,4.5461774370346
NN_V3,TSP-line_noise-n900-g1000-1,6633.40960951009,6719,0.1820849000068847,0.07607559999451041,0.1060093000123743,51.92699680000078,ok,-1.2738560870651827,1.2738560870651827
NN_V3,TSP-line_noise-n900-g1000-4,5534.223136295375,5990,0.18537260001176037,0.09952899999916553,0.08584360001259483,14.459175299969502,ok,-7.6089626661873915,7.6089626661873915
NN_V3,TSP-normal-n10-g1000-2,1848.1053097315998,1725,0.13114640000276268,0.02345100001548417,0.1076953999872785,0.2216393000126117,ok,7.136539694585499,7.136539694585499
NN_V3,TSP-line_noise-n900-g10000-4,50805.12515984435,54372,0.16543470000033267,0.10113369999453425,0.06430100000579841,3.147703199996613,ok,-6.56013175927987,6.56013175927987
NN_V3,TSP-line_noise-n900-g1000-2,5338.02644006937,5834,0.1708278000005521,0.09013409999897704,0.08069370000157505,9.920081200019922,ok,-8.501432292263106,8.501432292263106
NN_V3,TSP-line_noise-n900-g1000-5,5687.176217238804,5860,0.16978880000533536,0.10247340000933036,0.067315399996005,18.306119600019883,ok,-2.949211309918014,2.949211309918014
NN_V3,TSP-normal-n10-g1000-1,1646.115558746751,1391,0.13367189996642992,0.029363099980400875,0.10430879998602904,0.4217183000000659,ok,18.340442756775776,18.340442756775776
NN_V3,TSP-line_noise-n900-g10000-1,43960.97099998966,48182,0.16444289998617023,0.08324959999299608,0.08119329999317415,23.48611030000029,ok,-8.760593167594417,8.760593167594417
NN_V3,TSP-line_noise-n900-g10000-3,48940.657056147465,52911,0.20011199999134988,0.133840099995723,0.06627189999562688,17.803887100017164,ok,-7.503813845613454,7.503813845613454
NN_V3,TSP-normal-n10-g1000-4,1447.5280651715002,1414,0.11024570002336986,0.025274000014178455,0.08497170000919141,0.0968223999952897,ok,2.3711502950141585,2.3711502950141585
NN_V3,TSP-normal-n10-g1000-5,2349.6242422658834,2295,0.09147700000903569,0.02539609998348169,0.066080900025554,0.3092878000024939,ok,2.38014127520189,2.38014127520189
NN_V3,TSP-normal-n10-g10000-5,16773.73458179139,16328,0.09491559996968135,0.029280099988682196,0.06563549998099916,0.0414543999941088,ok,2.7298786243960578,2.7298786243960578
NN_V3,TSP-normal-n10-g1000-3,1919.2292924876092,1826,0.11306579998927191,0.043548199988435954,0.06951760000083596,0.4622107000031974,ok,5.105656762738729,5.105656762738729
NN_V3,TSP-normal-n10-g10000-3,14723.326234550215,12592,0.0866719999758061,0.028297899989411235,0.05837409998639487,0.0817912000056821,ok,16.926034264217087,16.926034264217087
NN_V3,TSP-line_noise-n900-g10000-5,48950.25997764431,52602,0.16603930000565015,0.08572120001190342,0.08031809999374673,8.514512499968987,ok,-6.9422075631262885,6.9422075631262885
NN_V3,TSP-normal-n10-g10000-2,13741.065175938187,13553,0.11588640001718886,0.040498800022760406,0.07538759999442846,0.0386086999933468,ok,1.387627653937779,1.387627653937779
NN_V3,TSP-normal-n10-g10000-4,17301.9062687587,18893,0.11754059998202138,0.033876300003612414,0.08366429997840896,0.0539128999953391,ok,-8.421604463247238,8.421604463247238
NN_V3,TSP-line_noise-n900-g10000-2,67994.84297520295,68595,0.1896421000128612,0.10297169999103062,0.08667040002183057,6.014943999995012,ok,-0.874928237913918,0.874928237913918
NN_V3,TSP-normal-n10-g10000-1,15915.881990822672,15502,0.1317620000045281,0.037535499985096976,0.09422650001943111,0.040322400003788,ok,2.6698618940954226,2.6698618940954226
NN_V3,TSP-normal-n100-g1000-4,5495.292157723874,5712,0.12890590002643876,0.022086900018621236,0.10681900000781752,0.5022791999945184,ok,-3.7939048017529062,3.7939048017529062
NN_V3,TSP-normal-n100-g1000-1,5796.591073243879,5922,0.1512042000249494,0.01761490001808852,0.13358930000686087,0.3882884000049671,ok,-2.117678601082763,2.117678601082763
NN_V3,TSP-normal-n100-g1000-2,6040.542982124374,5934,0.12397760001476854,0.020360000024084002,0.10361759999068454,0.3067337999964366,ok,1.7954665002422356,1.7954665002422356
NN_V3,TSP-normal-n100-g1000-5,4895.707654326048,4925,0.12862320002750494,0.030513300007442012,0.09810990002006292,0.2640253999998094,ok,-0.5947684400802393,0.5947684400802393
NN_V3,TSP-normal-n100-g1000-3,6108.258730185858,6267,0.12751829996705055,0.028978199989069253,0.0985400999779813,0.2873156999994535,ok,-2.5329706368939138,2.5329706368939138
NN_V3,TSP-normal-n100-g10000-3,59996.77138320729,59777,0.13621339996461757,0.02807939998456277,0.1081339999800548,0.7494975000008708,ok,0.3676520789054174,0.3676520789054174
NN_V3,TSP-normal-n100-g10000-2,55386.943900000595,55767,0.14882439997745678,0.0383704999985639,0.11045389997889288,0.2106460000068182,ok,-0.6815071637337583,0.6815071637337583
NN_V3,TSP-normal-n100-g10000-1,58445.18266097456,58587,0.15698840000550263,0.04563199999392964,0.11135640001157299,0.4011992000014288,ok,-0.2420628109058969,0.2420628109058969
NN_V3,TSP-normal-n100-g10000-5,56726.91825945483,56177,0.1571881999843754,0.03355809999629855,0.12363009998807684,0.3129428999964148,ok,0.9789028596308683,0.9789028596308683
NN_V3,TSP-normal-n100-g10000-4,55732.69636348181,55631,0.13689110000268556,0.0219855000032112,0.11490559999947436,0.4693867000023601,ok,0.18280520479913967,0.18280520479913967
NN_V3,TSP-normal-n1000-g10000-1,181500.36838110164,181880,0.17927110000164248,0.09823760000290349,0.08103349999873899,12.874840300006326,ok,-0.20872642341013958,0.20872642341013958
NN_V3,TSP-normal-n1000-g1000-3,18055.548354605708,17980,0.20729359998949803,0.09394120000069961,0.11335239998879842,11.482060599999386,ok,0.4201799477514326,0.4201799477514326
NN_V3,TSP-normal-n1000-g1000-2,17970.98263683371,17952,0.20405749999918044,0.10128709999844432,0.10277040000073612,124.55442600000242,ok,0.10574106970648933,0.10574106970648933
NN_V3,TSP-normal-n1000-g1000-5,18041.885570780767,18070,0.18667830000049435,0.08769220000249334,0.09898609999800101,7.670901399993454,ok,-0.15558621593377414,0.15558621593377414
NN_V3,TSP-normal-n1000-g10000-3,182692.60869140457,183242,0.17951929999981076,0.08222830001614057,0.09729099998367019,19.90178860000742,ok,-0.29981735005917115,0.29981735005917115
NN_V3,TSP-normal-n1000-g1000-4,18467.623292747812,18507,0.18368749995715916,0.09519229998113587,0.08849519997602329,16.51826450000226,ok,-0.2127665599621104,0.2127665599621104
NN_V3,TSP-normal-n1000-g10000-4,178469.32372922637,180381,0.1795241999789141,0.11293069997918792,0.06659349999972619,157.87843359998078,ok,-1.0597991311577353,1.0597991311577353
NN_V3,TSP-normal-n1000-g1000-1,17089.213736134523,17225,0.20105529998545535,0.11919769999803975,0.0818575999874156,15.173178299999565,ok,-0.7883092241827397,0.7883092241827397
NN_V3,TSP-normal-n1000-g10000-5,171641.5358072135,172250,0.15853540002717637,0.09471500001382083,0.06382040001335554,11.887558999995235,ok,-0.3532448143898327,0.3532448143898327
NN_V3,TSP-normal-n1000-g10000-2,175809.85354907345,177384,0.20670369997969829,0.12088169998605736,0.08582199999364093,403.4844676999783,ok,-0.887423020636895,0.887423020636895
NN_V3,TSP-normal-n20-g1000-2,2459.7521740300035,2258,0.10017669998342171,0.04343059999519028,0.056746099988231435,0.1116411999973934,ok,8.934994421169332,8.934994421169332
NN_V3,TSP-normal-n20-g10000-1,20700.731868263567,21298,0.1023474000103306,0.04046990000642836,0.06187750000390224,0.051454400003422,ok,-2.8043390540728383,2.8043390540728383
NN_V3,TSP-normal-n20-g1000-4,2420.349595050793,2287,0.07876020000549033,0.03496900000027381,0.043791200005216524,0.1120025999989593,ok,5.830764978171978,5.830764978171978
NN_V3,TSP-normal-n20-g1000-1,2399.53248867231,2489,0.11026109999511391,0.0328295000072103,0.07743159998790361,0.2674762999959057,ok,-3.5945163249373184,3.5945163249373184
NN_V3,TSP-normal-n20-g1000-5,1992.4258780110904,1958,0.0748872000258416,0.02086080002482049,0.0540264000010211,0.260193199996138,ok,1.7582164459188148,1.7582164459188148
NN_V3,TSP-normal-n20-g1000-3,2682.3957404355897,2562,0.11919349999516271,0.05148709999048151,0.0677064000046812,0.4113769999967189,ok,4.699287292567903,4.699287292567903
NN_V3,TSP-normal-n20-g10000-4,27627.39233990322,25866,0.11923989999922924,0.02649119999841787,0.09274870000081137,0.0727817000006325,ok,6.809681975965441,6.809681975965441
NN_V3,TSP-normal-n20-g10000-2,18941.279400892498,20051,0.12243129999842495,0.032213900005444884,0.09021739999298006,0.0473458000051323,ok,-5.534490045920416,5.534490045920416
NN_V3,TSP-normal-n20-g10000-5,24411.53554165503,26410,0.12481889998889528,0.02263439999660477,0.10218449999229051,0.1147805999935371,ok,-7.567074813877205,7.567074813877205
NN_V3,TSP-normal-n20-g10000-3,20591.25839613704,19809,0.16581970002152957,0.05263240000931546,0.11318730001221411,0.0942799000040395,ok,3.949004978227271,3.949004978227271
NN_V3,TSP-normal-n200-g1000-3,8796.250438803181,8691,0.10894069995265454,0.03498519997810945,0.07395549997454509,1.765908400004264,ok,1.2110279461877937,1.2110279461877937
NN_V3,TSP-normal-n200-g1000-4,8111.086447420501,8396,0.1306497999757994,0.025408599991351366,0.10524119998444803,0.888798100000713,ok,-3.39344393258098,3.39344393258098
NN_V3,TSP-normal-n200-g1000-5,7846.267111455723,7731,0.12585650000255555,0.03000550001161173,0.09585099999094382,1.0683924999902956,ok,1.4909728554614325,1.4909728554614325
NN_V3,TSP-normal-n200-g1000-2,7544.955151813469,7692,0.13954189998912625,0.031240799988154322,0.10830110000097193,1.8592062999960035,ok,-1.9116594928046209,1.9116594928046209
NN_V3,TSP-normal-n200-g1000-1,7898.209735712968,7863,0.12415529999998398,0.044565899996086955,0.07958940000389703,0.703337900005863,ok,0.44779010190725943,0.44779010190725943
NN_V3,TSP-normal-n30-g1000-4,3380.1310758735635,3423,0.07931769997230731,0.03266589998384006,0.046651799988467246,0.0796621000044979,ok,-1.2523787358000722,1.2523787358000722
NN_V3,TSP-normal-n30-g1000-1,3039.2611246697197,2882,0.08545230000163428,0.03513080000993796,0.05032149999169633,0.1330998000048566,ok,5.456666366055507,5.456666366055507
NN_V3,TSP-normal-n200-g10000-3,78042.06976806978,78801,0.08326119999401271,0.03099349999683909,0.05226769999717362,1.6053994999965653,ok,-0.9630972093377271,0.9630972093377271
NN_V3,TSP-normal-n200-g10000-2,79064.87521417555,79426,0.0981776999833528,0.046547000005375594,0.0516306999779772,3.170084699988365,ok,-0.45466822680790425,0.45466822680790425
NN_V3,TSP-normal-n200-g10000-1,80477.5824123586,80738,0.11012829997343943,0.04040159998112358,0.06972669999231584,1.1923419000086142,ok,-0.32254649315241124,0.32254649315241124
NN_V3,TSP-normal-n30-g1000-3,2789.8599645460054,2846,0.09431069999118336,0.0429186999972444,0.05139199999393895,0.088304099990637,ok,-1.9725943588894814,1.9725943588894814
NN_V3,TSP-normal-n200-g10000-4,78000.98189050402,78691,0.11930859999847598,0.06839949998538941,0.05090910001308657,2.373877399993944,ok,-0.8768704292688927,0.8768704292688927
NN_V3,TSP-normal-n30-g1000-2,3454.441722245996,3334,0.08669329999247566,0.022050200001103804,0.06464309999137186,0.0881272000115132,ok,3.612529161547572,3.612529161547572
NN_V3,TSP-normal-n200-g10000-5,83033.62984778848,81601,0.12195080000674352,0.06214910000562668,0.05980170000111684,2.3244549999944866,ok,1.7556523177270924,1.7556523177270924
NN_V3,TSP-normal-n30-g10000-2,24771.77215763455,23176,0.08501199999591336,0.033381400018697605,0.05163059997721575,0.065971999996691,ok,6.885451146162194,6.885451146162194
NN_V3,TSP-normal-n30-g10000-1,30508.327855273616,31191,0.1183611000305973,0.036043800006154925,0.08231730002444237,0.0482044000091264,ok,-2.18868309681121,2.18868309681121
NN_V3,TSP-normal-n30-g10000-3,28217.954811439617,26166,0.1105981000000611,0.029355600010603666,0.08124249998945743,0.0483643999905325,ok,7.842065319267816,7.842065319267816
NN_V3,TSP-normal-n30-g1000-5,3430.3302338246795,3512,0.14379700002609752,0.04347770000458695,0.10031930002151057,0.0740481999964686,ok,-2.325448922987487,2.325448922987487
NN_V3,TSP-normal-n30-g10000-5,27961.89685206313,25634,0.1376202000246849,0.031221100012771785,0.1063991000119131,0.0410200999904191,ok,9.081285995408955,9.081285995408955
NN_V3,TSP-normal-n30-g10000-4,32416.932625933492,32625,0.15961849997984245,0.03517059999285266,0.1244478999869898,0.0699594000034267,ok,-0.6377544032689897,0.6377544032689897
NN_V3,TSP-normal-n300-g1000-1,9541.033128232404,9433,0.1754302000044845,0.0345789999992121,0.1408512000052724,2.0983821999980137,ok,1.1452679765970966,1.1452679765970966
NN_V3,TSP-normal-n40-g1000-1,3879.9957090565294,3837,0.1274252000148408,0.020324300014181063,0.10710090000065975,0.0992495999962557,ok,1.1205553572199491,1.1205553572199491
NN_V3,TSP-normal-n300-g1000-4,10056.205257005204,10095,0.13287299999501556,0.05438419998972677,0.0784888000052888,1.2414698999928078,ok,-0.38429661213270183,0.38429661213270183
NN_V3,TSP-normal-n40-g1000-2,3323.3267654268275,3390,0.08678269997471943,0.023553599981823936,0.0632290999928955,0.2695570999931078,ok,-1.9667620818044993,1.9667620818044993
NN_V3,TSP-normal-n300-g1000-2,9919.512363356043,9885,0.1211427999951411,0.031875799992121756,0.08926700000301935,1.661686399995233,ok,0.34913872894328124,0.34913872894328124
NN_V3,TSP-normal-n300-g1000-3,9368.809936944977,9380,0.13299149999511428,0.045075500005623326,0.08791599998949096,1.4728497000032803,ok,-0.11929704749491066,0.11929704749491066
NN_V3,TSP-normal-n300-g10000-2,105123.4025453236,104592,0.10066180001012981,0.055353300005663186,0.04530850000446662,6.159889999995357,ok,0.5080718843923009,0.5080718843923009
NN_V3,TSP-normal-n40-g1000-4,3724.883780058808,3831,0.07912780001061037,0.038845500006573275,0.0402823000040371,0.0888660000055097,ok,-2.7699352634088217,2.7699352634088217
NN_V3,TSP-normal-n40-g10000-1,34469.13508400589,33003,0.05891880000126548,0.02123889999347739,0.03767990000778809,0.0957405999943148,ok,4.442429730648388,4.442429730648388
NN_V3,TSP-normal-n40-g1000-3,3870.022142064292,3836,0.08603609999408945,0.046186899999156594,0.03984919999493286,0.1753612000029534,ok,0.8869171549606878,0.8869171549606878
NN_V3,TSP-normal-n300-g10000-3,103513.98797571321,102031,0.12656190001871437,0.07263609999790788,0.05392580002080649,2.0054638000001432,ok,1.4534680398243816,1.4534680398243816
NN_V3,TSP-normal-n300-g1000-5,10366.621512676502,10302,0.11561799998162314,0.08070930000394583,0.034908699977677315,2.172930800006725,ok,0.62727152665989,0.62727152665989
NN_V3,TSP-normal-n300-g10000-1,99919.75955865812,96936,0.12497049997909926,0.058458699990296736,0.06651179998880252,6.655078499999945,ok,3.0780716747731653,3.0780716747731653
NN_V3,TSP-normal-n40-g1000-5,3366.1337677245974,3414,0.0873796000087168,0.027290500001981854,0.06008910000673495,0.1244314000068698,ok,-1.402057184399607,1.402057184399607
NN_V3,TSP-normal-n40-g10000-2,37554.396987721964,36588,0.08465699999942444,0.044536100002005696,0.040120899997418746,0.0974373000062769,ok,2.641294926538658,2.641294926538658
NN_V3,TSP-normal-n40-g10000-3,35885.37756202533,34790,0.08004989998880774,0.04280669998843223,0.03724320000037551,0.1455544999917037,ok,3.148541425769845,3.148541425769845
NN_V3,TSP-normal-n300-g10000-5,105353.32747379644,104753,0.13823039998533204,0.07722669999930076,0.06100369998603128,2.03075419999368,ok,0.5730885738799256,0.5730885738799256
NN_V3,TSP-normal-n300-g10000-4,98944.83838847885,96793,0.14164750001509674,0.07870930002536625,0.06293819998973049,2.5949337000056403,ok,2.223134305661411,2.223134305661411
NN_V3,TSP-normal-n40-g10000-5,30561.883712466806,30291,0.10891609996906482,0.03097269998397678,0.07794339998508804,0.0462697000039042,ok,0.8942712768373648,0.8942712768373648
NN_V3,TSP-normal-n40-g10000-4,38281.63561955071,37987,0.13415040003019385,0.032019600010244176,0.10213080001994967,0.0958241000043926,ok,0.775622238004345,0.775622238004345
NN_V3,TSP-normal-n5-g1000-2,1575.4663680056474,1724,0.10495940002147108,0.02049190000980161,0.08446750001166947,0.0895170000003418,ok,-8.615639906865,8.615639906865
NN_V3,TSP-normal-n400-g1000-2,11518.554738596315,11626,0.12937870001769625,0.02649560000281781,0.10288310001487844,6.361773500000709,ok,-0.9241808137251457,0.9241808137251457
NN_V3,TSP-normal-n400-g1000-3,10804.065805251128,10789,0.10744809999596328,0.04666009999345988,0.060788000002503395,2.805910099996254,ok,0.13964042312659228,0.13964042312659228
NN_V3,TSP-normal-n5-g1000-1,1437.886273213895,1398,0.08091250000870787,0.019217100023524836,0.06169539998518303,0.0416406000003917,ok,2.8530953658007894,2.8530953658007894
NN_V3,TSP-normal-n400-g10000-3,115801.50313845184,114917,0.109291300032055,0.06529960001353174,0.04399170001852326,9.561253699997906,ok,0.7696886783085505,0.7696886783085505
NN_V3,TSP-normal-n5-g10000-1,5717.859189031995,5091,0.0837366999767255,0.01772889998392202,0.06600779999280348,0.3351690999988932,ok,12.313085622313787,12.313085622313787
NN_V3,TSP-normal-n5-g10000-2,13818.853018241469,13829,0.06529179998324253,0.030404799996176735,0.03488699998706579,0.3294030999968527,ok,-0.07337466019619049,0.07337466019619049
NN_V3,TSP-normal-n400-g1000-1,11296.959308243095,11159,0.12244030000874773,0.04294260000460781,0.07949770000413992,2.0033210999972653,ok,1.2363052983519556,1.2363052983519556
NN_V3,TSP-normal-n400-g10000-4,114263.13885539945,113234,0.1252029000024777,0.09522680001100525,0.029976099991472438,5.958339799995883,ok,0.9088602852495252,0.9088602852495252
NN_V3,TSP-normal-n400-g1000-5,11975.237957088102,11979,0.11236100000678562,0.058925499994074926,0.05343550001271069,4.767353099989123,ok,-0.031405316903730524,0.031405316903730524
NN_V3,TSP-normal-n400-g10000-2,108289.79646495543,105955,0.11561919999076054,0.07409189999452792,0.041527299996232614,3.256970500005991,ok,2.203573653867618,2.203573653867618
NN_V3,TSP-normal-n5-g10000-5,10861.725375664886,10464,0.04931650002254173,0.014461500017205253,0.03485500000533648,0.1171955000027082,ok,3.80089235153752,3.80089235153752
NN_V3,TSP-normal-n5-g1000-4,1075.1872729521929,1032,0.0710022000130266,0.02671639999607578,0.044285800016950816,0.06045579999045,ok,4.184813270561325,4.184813270561325
NN_V3,TSP-normal-n5-g1000-5,753.0416511533258,782,0.09081850002985448,0.05720800001290627,0.03361050001694821,0.0452996000094572,ok,-3.70311366325757,3.70311366325757
NN_V3,TSP-normal-n400-g1000-4,11814.510640918714,11988,0.08909870000206865,0.05728000000817701,0.03181869999389164,1.148556500003906,ok,-1.4471918508615802,1.4471918508615802
NN_V3,TSP-normal-n5-g1000-3,1611.556522894709,1586,0.09765849998802878,0.0474642000044696,0.050194299983559176,0.0925812999921618,ok,1.6113822758328438,1.6113822758328438
NN_V3,TSP-normal-n400-g10000-5,119120.87630975922,119100,0.1581605999963358,0.1038031000061892,0.05435749999014661,3.481830699995044,ok,0.017528387707150615,0.017528387707150615
NN_V3,TSP-normal-n400-g10000-1,108603.77892136713,107821,0.14051249998738058,0.06146269998862408,0.0790497999987565,5.13986379999551,ok,0.7259985729747775,0.7259985729747775
NN_V3,TSP-normal-n5-g10000-3,7936.144897046499,8077,0.11022289999527857,0.033387200004654005,0.07683569999062456,0.1166667000070447,ok,-1.7439037136746445,1.7439037136746445
NN_V3,TSP-normal-n5-g10000-4,10065.202585287276,9361,0.10860719997435808,0.030519099993398413,0.07808809998095967,0.1691317999939201,ok,7.522728183818778,7.522728183818778
NN_V3,TSP-normal-n50-g1000-2,3900.1241638169413,4038,0.14204129998688586,0.013166499993531033,0.12887479999335483,0.3344736000144621,ok,-3.414458548366981,3.414458548366981
NN_V3,TSP-normal-n50-g1000-1,3483.9465954912957,3602,0.1432436000322923,0.007249100017361343,0.13599450001493096,0.2934636999998474,ok,-3.2774404361106124,3.2774404361106124
NN_V3,TSP-normal-n50-g10000-2,42726.89023638063,42468,0.12620579998474568,0.016377299994928762,0.10982849998981692,0.0518890000093961,ok,0.6096124997189094,0.6096124997189094
NN_V3,TSP-normal-n50-g10000-1,35852.86863555701,35838,0.1393054000218399,0.03401610002038069,0.1052893000014592,0.1371982999989995,ok,0.04148846352198739,0.04148846352198739
NN_V3,TSP-normal-n50-g10000-5,47023.88009076426,47148,0.12964439997449517,0.06194009998580441,0.06770429998869076,0.0871703000011621,ok,-0.2632559371250996,0.2632559371250996
NN_V3,TSP-normal-n50-g1000-5,4174.920380602216,4069,0.1352587000001222,0.02730139999766834,0.10795730000245385,0.1953664000029675,ok,2.6031059376312617,2.6031059376312617
NN_V3,TSP-normal-n50-g1000-4,3920.2103833691144,3904,0.11704089998966083,0.033261400007177144,0.08377949998248369,0.0619716000073822,ok,0.41522498384002116,0.41522498384002116
NN_V3,TSP-normal-n50-g10000-4,39059.42584045266,38138,0.11499630002072081,0.03105440002400428,0.08394189999671653,0.2120961000036914,ok,2.4160308365741847,2.4160308365741847
NN_V3,TSP-normal-n50-g1000-3,3777.6050061195165,3807,0.12449399998877198,0.024611600005300716,0.09988239998347126,0.1676826000039,ok,-0.7721301255708832,0.7721301255708832
NN_V3,TSP-normal-n500-g1000-1,12792.253274353192,12791,0.11787210003240034,0.056841000012354925,0.061031100020045415,77.9672806999879,ok,0.00979809516997854,0.00979809516997854
NN_V3,TSP-normal-n50-g10000-3,36151.34172322287,34719,0.10915649999515153,0.03589379999903031,0.07326269999612123,0.0479784000053769,ok,4.125527011788552,4.125527011788552
NN_V3,TSP-normal-n500-g10000-1,126086.77188340807,128012,0.15069260000018403,0.06706209998810664,0.08363050001207739,2.730625500000315,ok,-1.5039434713870001,1.5039434713870001
NN_V3,TSP-normal-n500-g1000-2,13313.135873135529,13098,0.17070139999850653,0.11216560000320897,0.058535799995297566,3.757860900004744,ok,1.6425093383381322,1.6425093383381322
NN_V3,TSP-normal-n500-g1000-4,13277.449222051771,13268,0.16529730000183918,0.0861731999902986,0.07912410001154058,6.278650899999775,ok,0.07121813424609102,0.07121813424609102
NN_V3,TSP-normal-n500-g1000-3,12405.594186838425,12387,0.16074050002498552,0.0866270000115037,0.07411350001348183,6.492663900004118,ok,0.15011049356926803,0.15011049356926803
NN_V3,TSP-normal-n500-g10000-3,127340.31008059205,124464,0.15877559999353252,0.09224840000388213,0.0665271999896504,2.4430739999952493,ok,2.3109574500193264,2.3109574500193264
NN_V3,TSP-normal-n500-g10000-2,128562.5254396617,126270,0.1694143000349868,0.08648320002248511,0.0829311000125017,4.750727799997549,ok,1.815574118683531,1.815574118683531
NN_V3,TSP-normal-n500-g10000-4,121659.35127008718,120711,0.1424389999883715,0.05984750000061467,0.08259149998775683,5.673406199988676,ok,0.7856378209833237,0.7856378209833237
NN_V3,TSP-normal-n500-g10000-5,123414.74735826883,121579,0.18813399999635294,0.10116379999089986,0.08697020000545308,6.41481859999476,ok,1.5099214159261265,1.5099214159261265
NN_V3,TSP-normal-n500-g1000-5,12784.449853917438,12849,0.21262219999334775,0.10805069998605177,0.10457150000729598,3.0283302000025287,ok,-0.5023748624995072,0.5023748624995072
NN_V3,TSP-normal-n60-g1000-1,4015.7646134549614,4189,0.11323760001687333,0.022140499990200624,0.0910971000266727,0.20996720000403,ok,-4.135483087730691,4.135483087730691
NN_V3,TSP-normal-n60-g1000-5,3955.32563460432,3868,0.09892230003606528,0.0188460000208579,0.08007630001520738,0.1582508999999845,ok,2.2576430869782818,2.2576430869782818
NN_V3,TSP-normal-n60-g1000-3,4554.457412181189,4589,0.11647970002377406,0.022230900009162724,0.09424880001461133,0.1035387000010814,ok,-0.7527258186709679,0.7527258186709679
NN_V3,TSP-normal-n60-g1000-2,4321.944277323906,4402,0.1297393999993801,0.028257800004212186,0.10148159999516793,0.2212112999986857,ok,-1.8186215964582884,1.8186215964582884
NN_V3,TSP-normal-n60-g10000-2,47690.25593478,49528,0.1250605000241194,0.03653350000968203,0.08852700001443736,0.1882302000012714,ok,-3.710515395776131,3.710515395776131
NN_V3,TSP-normal-n60-g10000-3,41024.553027111164,40741,0.12890720000723377,0.019636500015622005,0.10927069999161176,0.3193375999981072,ok,0.6959893647950807,0.6959893647950807
NN_V3,TSP-normal-n60-g10000-4,41754.80378840002,43580,0.13627309998264536,0.03902289998950437,0.097250199993141,0.4391355999978259,ok,-4.188151013308806,4.188151013308806
NN_V3,TSP-normal-n60-g10000-1,45125.04280741094,45602,0.15478110002004541,0.03301600000122562,0.1217651000188198,0.2506388000037987,ok,-1.0459128823057393,1.0459128823057393
NN_V3,TSP-normal-n60-g1000-4,4164.591806858763,4204,0.1604055000061635,0.0323043999960646,0.1281011000100989,0.166232299990952,ok,-0.9373975533120017,0.9373975533120017
NN_V3,TSP-normal-n60-g10000-5,45087.68115886557,45553,0.17461099999491125,0.05541800000355579,0.11919299999135546,0.1528937999974005,ok,-1.0214889055263778,1.0214889055263778
NN_V3,TSP-normal-n600-g1000-1,13828.976142679807,13726,0.19056780001847073,0.08530840001185425,0.10525940000661649,3.7214328000118257,ok,0.7502268882398864,0.7502268882398864
NN_V3,TSP-normal-n600-g10000-1,134327.88991560228,133931,0.17091339998296462,0.07232139998814091,0.09859199999482371,5.754894099998637,ok,0.29633909670075015,0.29633909670075015
NN_V3,TSP-normal-n600-g1000-2,13650.68976276755,13464,0.1830412000126671,0.09637390001444146,0.08666729999822564,5.113973300001817,ok,1.386584690786912,1.386584690786912
NN_V3,TSP-normal-n600-g1000-4,13838.125989045715,13818,0.1909847000206355,0.07468489999882877,0.11629980002180673,10.097958300000755,ok,0.14565052139032392,0.14565052139032392
NN_V3,TSP-normal-n600-g1000-5,14343.706360683456,14133,0.2123816999956034,0.09723519999533892,0.1151465000002645,5.167093900003238,ok,1.4908820539408214,1.4908820539408214
NN_V3,TSP-normal-n600-g1000-3,14116.931575869443,14088,0.213324799988186,0.10290540001005866,0.11041939997812733,4.964504000003217,ok,0.2053632585849155,0.2053632585849155
NN_V3,TSP-normal-n600-g10000-2,141102.54890292068,139835,0.1637101999949664,0.08460040000500157,0.07910979998996481,5.163880799998879,ok,0.906460401845518,0.906460401845518
NN_V3,TSP-normal-n600-g10000-3,137182.63764137588,137424,0.16562120002345182,0.07252070002141409,0.09310050000203773,5.790588900010334,ok,-0.1756333381535362,0.1756333381535362
NN_V3,TSP-normal-n70-g1000-1,4347.244534197667,4279,0.09822389998589642,0.04752540000481531,0.05069849998108111,0.2539667000091867,ok,1.5948710959959624,1.5948710959959624
NN_V3,TSP-normal-n70-g1000-2,4786.21413214723,4904,0.11159169999882579,0.0425196000142023,0.06907209998462349,0.1397829000052297,ok,-2.401832541859095,2.401832541859095
NN_V3,TSP-normal-n600-g10000-5,137134.80417411402,138198,0.15361690003192052,0.08575730002485216,0.06785960000706837,49.31183419999434,ok,-0.7693279395403562,0.7693279395403562
NN_V3,TSP-normal-n600-g10000-4,147029.1571916896,143604,0.16445569999632426,0.07859469999675639,0.08586099999956787,5.879438299991307,ok,2.385140519546525,2.385140519546525
NN_V3,TSP-normal-n70-g1000-3,5114.770882559475,5003,0.12389200003235601,0.04219160001957789,0.08170040001277812,0.1845470999978715,ok,2.2340772048665714,2.2340772048665714
NN_V3,TSP-normal-n70-g1000-5,5362.256270658254,5356,0.11933320001116954,0.037097099993843585,0.08223610001732595,0.2657250000047497,ok,0.11680863813020773,0.11680863813020773
NN_V3,TSP-normal-n70-g10000-1,41950.99686878733,42337,0.1412189999828115,0.05085149998194538,0.09036750000086613,0.332382199994754,ok,-0.9117394506286856,0.9117394506286856
NN_V3,TSP-normal-n70-g1000-4,4674.08629567235,4660,0.14604180000605993,0.05064840000704862,0.09539339999901131,0.2675622000097064,ok,0.30228102301181087,0.30228102301181087
NN_V3,TSP-normal-n70-g10000-5,45687.64725692489,47149,0.1261606000480242,0.03473880002275109,0.09142180002527311,0.1145371999882627,ok,-3.0994352861674965,3.0994352861674965
NN_V3,TSP-normal-n70-g10000-2,52277.280728415004,53392,0.127803400013363,0.03920620001736097,0.08859719999600202,0.3312071000109426,ok,-2.0878020519647063,2.0878020519647063
NN_V3,TSP-normal-n70-g10000-4,51788.65822606778,51254,0.1534364000253845,0.04031570002553053,0.11312069999985397,0.5323960999958217,ok,1.0431541461501197,1.0431541461501197
NN_V3,TSP-normal-n70-g10000-3,47141.71585183684,47244,0.18782209997880273,0.05392189999110997,0.13390019998769276,0.2936919999920064,ok,-0.21650187994911985,0.21650187994911985
NN_V3,TSP-normal-n700-g1000-1,14914.664445493429,14755,0.19514429999981076,0.060483000008389354,0.1346612999914214,3.661383500002557,ok,1.0821040019886716,1.0821040019886716
NN_V3,TSP-normal-n8-g1000-1,1464.6624105215233,1540,0.1404061999928672,0.013643199985381216,0.12676300000748597,0.1826794999942649,ok,-4.892051264836151,4.892051264836151
NN_V3,TSP-normal-n700-g1000-3,15268.997644987889,15273,0.16494429999147542,0.05730069999117404,0.10764360000030138,7.548159199999645,ok,-0.026205427958563253,0.026205427958563253
NN_V3,TSP-normal-n700-g1000-2,15609.018278774398,15427,0.1365619999996852,0.05214539999724366,0.08441660000244156,6.993793100002222,ok,1.1798682749361376,1.1798682749361376
NN_V3,TSP-normal-n8-g1000-2,1512.0465295837785,1378,0.11876789998495951,0.024987699987832457,0.09378019999712706,0.0431835999916074,ok,9.727614628721224,9.727614628721224
NN_V3,TSP-normal-n8-g1000-3,2052.5082677965474,1944,0.09741699998266995,0.024817700003040954,0.072599299979629,0.0482402000052388,ok,5.581701018340918,5.581701018340918
NN_V3,TSP-normal-n700-g1000-5,15066.718606427748,15063,0.15049450000515208,0.08540260000154376,0.06509190000360832,5.765825299997232,ok,0.02468702401744974,0.02468702401744974
NN_V3,TSP-normal-n700-g10000-4,153663.14575818088,150690,0.14060530002461746,0.08407700000680052,0.056528300017816946,188.76747809999503,ok,1.9730212742589948,1.9730212742589948
NN_V3,TSP-normal-n8-g1000-5,1246.3515699624331,1132,0.0854844999848865,0.018931200000224635,0.06655329998466186,0.0358403999998699,ok,10.101728795267945,10.101728795267945
NN_V3,TSP-normal-n700-g1000-4,14947.511562899861,14588,0.1785686000075657,0.06910520000383258,0.10946340000373311,3.94096890000219,ok,2.4644335268704487,2.4644335268704487
NN_V3,TSP-normal-n8-g1000-4,2069.2471078436356,2122,0.09928199998103082,0.01617479999549687,0.08310719998553395,0.0512679000094067,ok,-2.485998687858831,2.485998687858831
NN_V3,TSP-normal-n8-g10000-2,16284.480626533565,20537,0.08755339999333955,0.0263074999966193,0.061245899996720254,0.164199799997732,ok,-20.706624012594027,20.706624012594027
NN_V3,TSP-normal-n8-g10000-1,10025.117267367896,9684,0.10059559997171164,0.031367999996291474,0.06922759997542016,0.1121285999979591,ok,3.522483140932421,3.522483140932421
NN_V3,TSP-normal-n8-g10000-5,13076.342023915495,12914,0.09926820002146997,0.041570200002752244,0.05769800001871772,0.1229766999895218,ok,1.2571010060050705,1.2571010060050705
NN_V3,TSP-normal-n8-g10000-3,16405.73440466961,14037,0.10402319996501319,0.034797799977241084,0.06922539998777211,0.2051271999953314,ok,16.874933423591997,16.874933423591997
NN_V3,TSP-normal-n700-g10000-2,147223.2688885089,146713,0.2148723999853246,0.12735409999731928,0.08751829998800531,8.715929900004994,ok,0.3478007323883371,0.3478007323883371
NN_V3,TSP-normal-n700-g10000-3,155328.16263603955,152745,0.1923106999893207,0.10786459999508224,0.08444609999423847,4.217378200002713,ok,1.6911601925035487,1.6911601925035487
NN_V3,TSP-normal-n700-g10000-1,148944.41363920784,147108,0.21394159996998496,0.126347799989162,0.08759379998082295,6.694900999995298,ok,1.2483438284850832,1.2483438284850832
NN_V3,TSP-normal-n8-g10000-4,11541.652271266503,11189,0.13426469996920787,0.04108629998518154,0.09317839998402633,0.2864661999919917,ok,3.15177648821613,3.15177648821613
NN_V3,TSP-normal-n700-g10000-5,146625.78515925212,145264,0.24257940001552925,0.14240280000376515,0.1001766000117641,5.3572420999989845,ok,0.9374553635120322,0.9374553635120322
NN_V3,TSP-normal-n80-g1000-1,4601.966673734532,4673,0.13820529996883124,0.030050899978959933,0.10815439998987131,0.3770596999966074,ok,-1.5200797403267199,1.5200797403267199
NN_V3,TSP-normal-n80-g1000-3,5331.693671167472,5513,0.11930729998857714,0.017954499984625727,0.10135280000395142,0.200509600006626,ok,-3.288705402367647,3.288705402367647
NN_V3,TSP-normal-n80-g1000-2,4836.99327424958,4755,0.12403279999853112,0.01915269999881275,0.10488009999971837,0.2565036000014515,ok,1.7243590799070512,1.7243590799070512
NN_V3,TSP-normal-n80-g1000-4,5090.5373675714945,5179,0.11784400002215989,0.020467299997108057,0.09737670002505183,0.0907069999957457,ok,-1.7081025763372362,1.7081025763372362
NN_V3,TSP-normal-n80-g10000-2,51358.002815192565,51336,0.12599840000621043,0.022180400002980605,0.10381800000322983,0.8147386999917217,ok,0.042860400484193005,0.042860400484193005
NN_V3,TSP-normal-n80-g1000-5,4566.720582721922,4759,0.13248069997644052,0.019324199995025992,0.11315649998141453,0.4352184000017587,ok,-4.040332365582637,4.040332365582637
NN_V3,TSP-normal-n80-g10000-1,44050.52465109347,42379,0.12345809998805635,0.025201499985996634,0.09825660000205971,0.4263925999985076,ok,3.944228629966414,3.944228629966414
NN_V3,TSP-normal-n80-g10000-4,50707.10055209842,51698,0.14016549999359995,0.038972699985606596,0.10119280000799336,0.3125933999981498,ok,-1.9167075088041738,1.9167075088041738
NN_V3,TSP-normal-n80-g10000-5,49246.20744787529,50163,0.14439629999105819,0.0337876999983564,0.11060859999270178,0.4868881000002147,ok,-1.827627040098696,1.827627040098696
NN_V3,TSP-normal-n80-g10000-3,47233.773467132356,47119,0.17535559998941608,0.05124599998816848,0.1241096000012476,0.2700178999948548,ok,0.24358213699856962,0.24358213699856962
NN_V3,TSP-normal-n800-g1000-1,15620.812943161392,15590,0.16473670001141727,0.0747992999968119,0.08993740001460537,4.572412599998643,ok,0.19764556229244687,0.19764556229244687
NN_V3,TSP-normal-n800-g10000-3,161452.02244003862,160983,0.18074440001510084,0.08354770002188161,0.09719669999321923,15.26929189999646,ok,0.2913490493024863,0.2913490493024863
NN_V3,TSP-normal-n800-g10000-2,163607.94262864115,164163,0.16610899998340756,0.09812640000018291,0.06798259998322465,623.46235289998,ok,-0.3381135647855198,0.3381135647855198
NN_V3,TSP-normal-n800-g1000-4,16248.303946932312,16167,0.17930609997711144,0.09082549999584444,0.088480599981267,8.405030900001293,ok,0.5029006428670261,0.5029006428670261
NN_V3,TSP-normal-n800-g10000-5,162703.87565201707,159659,0.1436375999765005,0.07145829999353737,0.07217929998296313,9.288490399994773,ok,1.9071118145654626,1.9071118145654626
NN_V3,TSP-normal-n800-g1000-5,16128.198254576186,16043,0.1574724999954924,0.08057660001213662,0.07689589998335578,11.790015199992922,ok,0.5310618623461055,0.5310618623461055
NN_V3,TSP-normal-n800-g1000-3,15300.365110519517,15356,0.20158079999964684,0.08473760000197217,0.11684319999767467,8.453636700010975,ok,-0.3623006608523265,0.3623006608523265
NN_V3,TSP-normal-n800-g1000-2,16353.13414181277,16061,0.20077130000572652,0.08701519999885932,0.1137561000068672,8.728653400001349,ok,1.818903815533095,1.818903815533095
NN_V3,TSP-normal-n90-g1000-2,4575.081012237119,4450,0.1380893999885302,0.03678509997553192,0.10130430001299828,0.5734568999905605,ok,2.8108092637554734,2.8108092637554734
NN_V3,TSP-normal-n800-g10000-1,166636.76889218204,167378,0.19371379999211058,0.08397849998436868,0.1097353000077419,14.298034600011306,ok,-0.44284858692179546,0.44284858692179546
NN_V3,TSP-normal-n90-g1000-5,5172.049439623843,5271,0.143082799972035,0.047210699995048344,0.09587209997698665,0.1650336000020615,ok,-1.877263524495489,1.877263524495489
NN_V3,TSP-normal-n800-g10000-4,163643.54352702107,163028,0.23516310000559315,0.1214730000065174,0.11369009999907576,4.5217933999956585,ok,0.3775692071429894,0.3775692071429894
NN_V3,TSP-normal-n90-g10000-1,51735.79841671488,52381,0.13869149997481145,0.038436599978012964,0.10025489999679849,0.6527806000085548,ok,-1.231747357410354,1.231747357410354
NN_V3,TSP-normal-n90-g1000-3,5257.011800924927,5363,0.16960659995675087,0.07624939997913316,0.09335719997761771,0.1277718000055756,ok,-1.9762856437641763,1.9762856437641763
NN_V3,TSP-normal-n90-g1000-1,5332.594237950398,5294,0.15663599999970756,0.053027499991003424,0.10360850000870414,0.1303284000023268,ok,0.7290184728069069,0.7290184728069069
NN_V3,TSP-normal-n90-g10000-2,54385.48429261148,54146,0.15657930000452325,0.049825499998405576,0.10675380000611767,0.1251219999976456,ok,0.4422935999177774,0.4422935999177774
NN_V3,TSP-normal-n90-g1000-4,5206.1412096500135,5223,0.17576589999953285,0.04667250000056811,0.12909339999896474,0.5060649000079138,ok,-0.3227798267276761,0.3227798267276761
NN_V3,TSP-normal-n90-g10000-3,51811.42069088924,52843,0.16819930000929162,0.043125600001076236,0.12507370000821538,0.6286366999993334,ok,-1.9521588651491446,1.9521588651491446
NN_V3,TSP-normal-n90-g10000-4,50287.293996177614,50817,0.18630080000730231,0.04706330000772141,0.1392374999995809,0.6267496000073152,ok,-1.042379526186879,1.042379526186879
NN_V3,TSP-normal-n90-g10000-5,55113.491082050896,54842,0.17718760002753697,0.043903800018597394,0.13328380000893958,0.241166499996325,ok,0.4950422706153966,0.4950422706153966
NN_V3,TSP-normal-n900-g1000-4,18188.485284977476,18043,0.13137580003240146,0.05485370001406409,0.07652210001833737,11.02205810000305,ok,0.8063253615112571,0.8063253615112571
NN_V3,TSP-random-n10-g1000-3,2803.269721642384,3029,0.10213360001216643,0.027526100020622835,0.07460749999154359,0.1015629000030458,ok,-7.452303676382174,7.452303676382174
NN_V3,TSP-normal-n900-g1000-3,17445.081519108266,17132,0.20481859997380525,0.1027886999945622,0.10202989997924305,10.725538300001062,ok,1.8274662567608315,1.8274662567608315
NN_V3,TSP-random-n10-g10000-2,21605.41604052487,21593,0.08451960003003478,0.04560050001600757,0.03891910001402721,0.0408506000094348,ok,0.05750030345421877,0.05750030345421877
NN_V3,TSP-random-n10-g1000-2,2851.112830009588,2913,0.11667560000205413,0.035822900012135506,0.08085269998991862,0.0424624000006588,ok,-2.124516649173089,2.124516649173089
NN_V3,TSP-normal-n900-g1000-5,16794.86227440252,16589,0.148626600013813,0.06856230000266805,0.08006430001114495,8.060172199999215,ok,1.2409565037224648,1.2409565037224648
NN_V3,TSP-normal-n900-g1000-2,17818.644266819407,17606,0.17839960000128485,0.0681994000042323,0.11020019999705255,9.373664500002633,ok,1.2077943134125115,1.2077943134125115
NN_V3,TSP-normal-n900-g1000-1,16837.44959606482,16790,0.16714749997481704,0.09209249998093583,0.07505499999388121,10.932252900005553,ok,0.28260628984407427,0.28260628984407427
NN_V3,TSP-normal-n900-g10000-1,172827.51552350353,172711,0.14648110000416636,0.08915509999496862,0.05732600000919774,11.082975899989831,ok,0.06746271141012124,0.06746271141012124
NN_V3,TSP-normal-n900-g10000-2,167322.1146037532,166996,0.1451048000017181,0.07107320000068285,0.07403160000103526,14.222709800000302,ok,0.19528288327457044,0.19528288327457044
NN_V3,TSP-random-n10-g1000-1,2713.9055852864476,2702,0.1117610999790486,0.017952199996216223,0.09380889998283237,0.0452324999932898,ok,0.4406212171150113,0.4406212171150113
NN_V3,TSP-random-n10-g10000-1,27237.84574841999,27929,0.08602069999324158,0.02476629999000579,0.06125440000323579,0.0398860999994212,ok,-2.4746831307243733,2.4746831307243733
NN_V3,TSP-normal-n900-g10000-4,168302.4900857946,167800,0.16987260000314564,0.1303407000086736,0.03953189999447204,133.53628030000257,ok,0.29945773885255683,0.29945773885255683
NN_V3,TSP-random-n10-g1000-4,2455.0216864892645,2509,0.10826180002186447,0.05202319999807514,0.05623860002378933,0.102543400003924,ok,-2.1513875452664593,2.1513875452664593
NN_V3,TSP-normal-n900-g10000-3,172652.9860512819,171173,0.16508989996509627,0.1119876999873668,0.05310219997772947,5.123346400010632,ok,0.8646141922393802,0.8646141922393802
NN_V3,TSP-random-n10-g1000-5,3262.709592077197,3221,0.09039520000806078,0.04900590001489036,0.041389299993170425,0.1192612000013468,ok,1.2949267953181358,1.2949267953181358
NN_V3,TSP-random-n10-g10000-3,32782.28306804469,34570,0.0958573000098113,0.02680970000801608,0.06904760000179522,0.0395220000064,ok,-5.171295724487437,5.171295724487437
NN_V3,TSP-random-n10-g10000-5,27667.5305356225,28167,0.13054040001588874,0.03560610002023168,0.09493429999565706,0.0380399999994551,ok,-1.7732433854421845,1.7732433854421845
NN_V3,TSP-normal-n900-g10000-5,171890.5378758572,172297,0.2762148000183515,0.16468860002350993,0.11152619999484159,13.272237199998926,ok,-0.23590783597090825,0.23590783597090825
NN_V3,TSP-random-n10-g10000-4,31128.83750461694,30435,0.1336895000131335,0.029613799997605383,0.10407570001552813,0.0417833000101381,ok,2.2797355170591045,2.2797355170591045
NN_V3,TSP-random-n100-g1000-1,7567.002072470699,7528,0.13597809997736476,0.01894819998415187,0.1170298999932129,0.3027827000041725,ok,0.5180934175172582,0.5180934175172582
NN_V3,TSP-random-n100-g10000-1,75378.54735295812,77010,0.13908140000421554,0.029458000004524365,0.10962339999969117,0.3084715000004507,ok,-2.118494542321619,2.118494542321619
NN_V3,TSP-random-n100-g1000-3,7659.757858716184,7651,0.1242643000150565,0.032597699988400564,0.09166660002665594,0.27204540000821,ok,0.11446685029648769,0.11446685029648769
NN_V3,TSP-random-n100-g1000-5,8144.724078566709,8115,0.1341357999772299,0.023113799979910254,0.11102199999731965,0.3881559000001289,ok,0.3662856262071358,0.3662856262071358
NN_V3,TSP-random-n100-g10000-2,75603.85801150929,75973,0.15485579997766763,0.05303859998821281,0.10181719998945482,0.2352600000012898,ok,-0.485885760060427,0.485885760060427
NN_V3,TSP-random-n100-g1000-4,7959.887846500729,7902,0.14394930002163164,0.05294950000825338,0.09099980001337826,0.1328775000001769,ok,0.732572089353698,0.732572089353698
NN_V3,TSP-random-n100-g10000-4,79524.17743634258,79511,0.14361369999824092,0.041843999992124736,0.10176970000611618,0.4347360999963712,ok,0.016573098492761142,0.016573098492761142
NN_V3,TSP-random-n100-g1000-2,7773.1531091133,7742,0.15802239999175072,0.045406099990941584,0.11261630000080913,0.3697956999967573,ok,0.40239097278868713,0.40239097278868713
NN_V3,TSP-random-n100-g10000-5,73799.30480445089,73429,0.12837419999414124,0.029491699999198318,0.09888249999494292,0.2555762000120012,ok,0.5043032105174937,0.5043032105174937
NN_V3,TSP-random-n100-g10000-3,78223.23337289644,78233,0.1668142000271473,0.06610310001997277,0.10071110000717454,0.1064902000071015,ok,-0.012484024776700301,0.012484024776700301
NN_V3,TSP-random-n1000-g1000-3,23019.11237508763,23012,0.2280554999888409,0.12423600000329316,0.10381949998554774,18.3015388000058,ok,0.03090724442737966,0.03090724442737966
NN_V3,TSP-random-n1000-g1000-1,23625.400227302744,23413,0.24751809998997487,0.11515430000144988,0.132363799988525,6.084185999992769,ok,0.9071892850243182,0.9071892850243182
NN_V3,TSP-random-n1000-g1000-2,23151.94703391721,23122,0.23576819998561405,0.126392299978761,0.10937590000685304,208.78109869999756,ok,0.1295174894784674,0.1295174894784674
NN_V3,TSP-random-n1000-g1000-4,23060.225210679346,23094,0.2580842000024859,0.152882900001714,0.10520130000077188,11.101557000016328,ok,-0.14624919598447317,0.14624919598447317
NN_V3,TSP-random-n1000-g10000-1,227472.4172023614,228639,0.23780380000243895,0.11702460001106374,0.12077919999137521,240.1183488999959,ok,-0.5102291374781233,0.5102291374781233
NN_V3,TSP-random-n1000-g10000-2,228165.28348579863,228872,0.24771389999659732,0.12036909998278134,0.12734480001381598,10.267818099993749,ok,-0.30878242607281325,0.30878242607281325
NN_V3,TSP-random-n1000-g1000-5,23091.348891327507,23228,0.27595199999632314,0.15668669997830875,0.11926530001801439,6.383347800001502,ok,-0.5883033781319663,0.5883033781319663
NN_V3,TSP-random-n20-g1000-1,3640.7894823713286,3609,0.10117770000942983,0.03109140001470223,0.0700862999947276,0.0674056999996537,ok,0.880839079283143,0.880839079283143
NN_V3,TSP-random-n20-g1000-2,3919.2187972486136,3821,0.09708770003635436,0.02088310002000071,0.07620460001635365,0.2652563000010559,ok,2.57049979713723,2.57049979713723
NN_V3,TSP-random-n1000-g10000-3,231889.21874879126,232731,0.1689164999697823,0.07963279998512007,0.08928369998466223,7.685093600011896,ok,-0.3616970885738214,0.3616970885738214
NN_V3,TSP-random-n1000-g10000-4,232620.68643779552,233816,0.18888639999204315,0.0857073999941349,0.10317899999790825,23.10038990000612,ok,-0.5112197463836861,0.5112197463836861
NN_V3,TSP-random-n20-g1000-3,3899.846199811047,4029,0.08592829998815432,0.02860399999190122,0.0573242999962531,0.1564743000053567,ok,-3.205604373019435,3.205604373019435
NN_V3,TSP-random-n20-g1000-4,3941.2923642015376,3983,0.10197600000537932,0.023933500022394583,0.07804249998298474,0.2119852000032551,ok,-1.0471412452538897,1.0471412452538897
NN_V3,TSP-random-n20-g10000-1,41553.63444135885,42535,0.09763749997364357,0.03558669998892583,0.06205079998471774,0.0414660999958869,ok,-2.3071953888354244,2.3071953888354244
NN_V3,TSP-random-n1000-g10000-5,232651.18616508902,232824,0.2074179999763146,0.11157429998274893,0.09584369999356568,13.180065799999284,ok,-0.07422509488325064,0.07422509488325064
NN_V3,TSP-random-n20-g1000-5,3703.5878040577954,3549,0.10845689999405295,0.030157400004100055,0.07829949998995289,0.1588172999909147,ok,4.355813019379978,4.355813019379978
NN_V3,TSP-random-n20-g10000-3,34889.532019574835,34103,0.11400259999209084,0.023836799984565005,0.09016580000752583,0.0465770000009797,ok,2.306342607907913,2.306342607907913
NN_V3,TSP-random-n20-g10000-5,31157.568045542692,32606,0.11070810002274811,0.038399600016418844,0.07230850000632927,0.0399570000008679,ok,-4.442225217620402,4.442225217620402
NN_V3,TSP-random-n20-g10000-4,34928.44189901627,36016,0.11295619999873452,0.02866919999360107,0.08428700000513345,0.0449434999900404,ok,-3.0196526571072115,3.0196526571072115
NN_V3,TSP-random-n20-g10000-2,42468.661408268614,41438,0.12264819999109022,0.025866699987091124,0.0967815000039991,0.0406778000033227,ok,2.487237338357579,2.487237338357579
NN_V3,TSP-random-n200-g1000-2,10580.935110992286,10596,0.16205499999341555,0.04374570000800304,0.11830929998541251,10.384652599997937,ok,-0.14217524544841115,0.14217524544841115
NN_V3,TSP-random-n200-g1000-1,10670.959648421587,10677,0.17826629997580312,0.04849329998251051,0.12977299999329261,0.6748994000081439,ok,-0.05657349047871883,0.05657349047871883
NN_V3,TSP-random-n200-g1000-4,10827.33349742461,10777,0.15059209999162704,0.034825799986720085,0.11576630000490695,0.6216893999953754,ok,0.46704553609176913,0.46704553609176913
NN_V3,TSP-random-n200-g1000-3,10330.745721994695,10297,0.1489772999775596,0.03468269997392781,0.11429460000363179,0.7427278999966802,ok,0.3277238224210497,0.3277238224210497
NN_V3,TSP-random-n200-g1000-5,10703.27571035581,10650,0.14216019999003038,0.03649159998167306,0.10566860000835732,0.4686664000037126,ok,0.5002414117916487,0.5002414117916487
NN_V3,TSP-random-n200-g10000-5,106358.01066008536,107384,0.10648490002495237,0.04025250000995584,0.06623240001499653,4.794464299993706,ok,-0.9554396743599033,0.9554396743599033
NN_V3,TSP-random-n200-g10000-1,108630.21967034088,107741,0.10600770000019111,0.04506149998633191,0.0609462000138592,3.15363640000578,ok,0.825330812170747,0.825330812170747
NN_V3,TSP-random-n200-g10000-2,107063.42925700068,106831,0.11954649997642264,0.03235399999539368,0.08719249998102896,4.046168900007615,ok,0.21756723891069077,0.21756723891069077
NN_V3,TSP-random-n30-g1000-2,4911.348501380231,4942,0.09754720001365058,0.02368810001644306,0.07385909999720752,0.0505615000001853,ok,-0.6202245774943135,0.6202245774943135
NN_V3,TSP-random-n30-g1000-1,4816.243555389228,4747,0.0970472999906633,0.021953299990855157,0.07509399999980815,0.0823797999910311,ok,1.4586803326148785,1.4586803326148785
NN_V3,TSP-random-n30-g10000-3,50116.91727686883,48494,0.07657569998991676,0.029087999981129542,0.047487700008787215,0.0631280999950831,ok,3.346635206146801,3.346635206146801
NN_V3,TSP-random-n30-g1000-3,4230.6835962441255,4144,0.09897869999986142,0.028065699996659532,0.07091300000320189,0.0579119999893009,ok,2.091785623651677,2.091785623651677
NN_V3,TSP-random-n30-g10000-4,42498.13871018356,44246,0.08533830000669695,0.03147630000603385,0.0538620000006631,0.0523698000033618,ok,-3.950326108159931,3.950326108159931
NN_V3,TSP-random-n30-g1000-4,4049.7071370270532,4196,0.10745790001237765,0.05585480001172982,0.05160310000064783,0.1155534999998053,ok,-3.4864838649415337,3.4864838649415337
NN_V3,TSP-random-n200-g10000-4,105041.67717565084,105429,0.12854959999094717,0.051848000002792105,0.07670159998815507,3.482745100001921,ok,-0.36737787928289295,0.36737787928289295
NN_V3,TSP-random-n30-g1000-5,4194.997272833767,4225,0.0952388999867253,0.029436999990139157,0.06580189999658614,0.1244003000028897,ok,-0.7101237199108389,0.7101237199108389
NN_V3,TSP-random-n30-g10000-1,38983.58707671196,39213,0.10500789998332039,0.048948399984510615,0.05605949999880977,0.0434391000017058,ok,-0.5850430298320375,0.5850430298320375
NN_V3,TSP-random-n200-g10000-3,104527.05195515556,105042,0.14956039999378845,0.06775079999351874,0.08180960000026971,0.7069654000079026,ok,-0.4902306171288031,0.4902306171288031
NN_V3,TSP-random-n30-g10000-2,45095.45406199177,45722,0.0997471000009682,0.02487920000567101,0.0748678999952972,0.0578311999997822,ok,-1.3703379948563754,1.3703379948563754
NN_V3,TSP-random-n30-g10000-5,46037.489633648656,47255,0.1235902999760583,0.04240789997857064,0.08118239999748766,0.0507807999965734,ok,-2.576468873878624,2.576468873878624
NN_V3,TSP-random-n300-g1000-2,13189.913694102332,13240,0.16004450002219528,0.0451560000074096,0.11488850001478568,2.5219756000005877,ok,-0.3782953617648667,0.3782953617648667
NN_V3,TSP-random-n300-g1000-1,13415.150833590305,13264,0.19766159998835064,0.04570109999622218,0.15196049999212846,1.7148547999968289,ok,1.139556948057188,1.139556948057188
NN_V3,TSP-random-n300-g1000-3,13177.329568726855,13167,0.18039689998840913,0.044336099992506206,0.13606079999590293,0.6939643999940017,ok,0.07845043462333585,0.07845043462333585
NN_V3,TSP-random-n300-g1000-4,12873.030380551703,12823,0.17745959997409955,0.03543799999170005,0.1420215999823995,1.731390900007682,ok,0.3901612770155445,0.3901612770155445
NN_V3,TSP-random-n40-g1000-2,5092.244812485333,5123,0.09148929998627864,0.03164979998837225,0.05983949999790639,0.171152399998391,ok,-0.6003354970655347,0.6003354970655347
NN_V3,TSP-random-n300-g1000-5,12481.925873947897,12482,0.14888289998634718,0.047438899986445904,0.10144399999990128,4.665502000003471,ok,-0.0005938635803769917,0.0005938635803769917
NN_V3,TSP-random-n300-g10000-2,127026.81109707966,127586,0.11962829998810776,0.03618509997613728,0.08344320001197048,2.6006177000090247,ok,-0.43828390491146746,0.43828390491146746
NN_V3,TSP-random-n40-g1000-4,5005.885916537001,4904,0.08160649999626912,0.04904069998883642,0.0325658000074327,0.0740057999937562,ok,2.0776084122553287,2.0776084122553287
NN_V3,TSP-random-n40-g10000-1,50261.70920402021,50986,0.0812588999979198,0.04068629999528639,0.04057260000263341,0.0632977000059327,ok,-1.4205679911736329,1.4205679911736329
NN_V3,TSP-random-n300-g10000-5,129404.18177512544,129198,0.13018639999791048,0.06053059999248944,0.06965580000542104,1.648648400005186,ok,0.1595858876495318,0.1595858876495318
NN_V3,TSP-random-n40-g10000-2,52860.29105107626,52007,0.08581099996808916,0.03552849998231977,0.05028249998576939,0.3486783999978797,ok,1.6407234623728717,1.6407234623728717
NN_V3,TSP-random-n300-g10000-4,130703.25124146906,131168,0.10049279997474514,0.038766799989389256,0.061725999985355884,4.820444699988002,ok,-0.35431565513764235,0.35431565513764235
NN_V3,TSP-random-n40-g1000-3,5274.292483151512,5302,0.09650759998476133,0.04041940000024624,0.056088199984515086,0.0607980999920982,ok,-0.5225861344490383,0.5225861344490383
NN_V3,TSP-random-n40-g10000-3,51653.56337280944,50615,0.07979909999994561,0.03143080000882037,0.04836829999112524,0.1536616000084905,ok,2.0518885168614833,2.0518885168614833
NN_V3,TSP-random-n40-g1000-1,5448.301723699507,5325,0.0843853999977,0.03285769998910837,0.05152770000859164,0.107391199999256,ok,2.3155253276902803,2.3155253276902803
NN_V3,TSP-random-n300-g10000-1,127298.09013795108,126463,0.11979269998846576,0.05391269997926429,0.06588000000920147,3.151325500002713,ok,0.6603434506148644,0.6603434506148644
NN_V3,TSP-random-n40-g1000-5,5083.54704025753,4940,0.083541999978479,0.03283359998022206,0.05070839999825694,0.1873304000037023,ok,2.905810531528951,2.905810531528951
NN_V3,TSP-random-n40-g10000-5,50367.7579933728,53463,0.10955510000349022,0.0322619000216946,0.07729319998179562,0.254019399988465,ok,-5.789503033176594,5.789503033176594
NN_V3,TSP-random-n40-g10000-4,51254.29011387029,49715,0.135403700027382,0.04129100000136532,0.09411270002601668,0.0655106999911367,ok,3.0962287315101826,3.0962287315101826
NN_V3,TSP-random-n300-g10000-3,127159.17530344147,127265,0.19404070000746287,0.09386880000238307,0.1001719000050798,3.867059099997277,ok,-0.08315302444389867,0.08315302444389867
NN_V3,TSP-random-n400-g1000-2,14840.082263166812,15004,0.14999030000763014,0.02169829999911599,0.12829200000851415,2.5646183000062592,ok,-1.0924935805997569,1.0924935805997569
NN_V3,TSP-random-n400-g1000-1,14013.407552384306,14263,0.16174009998212568,0.05224279998219572,0.10949729999992996,1.901673200001824,ok,-1.749929521248645,1.749929521248645
NN_V3,TSP-random-n400-g1000-4,14744.180244812742,14812,0.12383789999876171,0.03434039998683147,0.08949750001193024,2.802323500000057,ok,-0.45787034287913936,0.45787034287913936
NN_V3,TSP-random-n400-g1000-3,14582.367029621637,14655,0.15375139997922815,0.044057499995687976,0.10969389998354018,4.3340305000019725,ok,-0.4956190404528359,0.4956190404528359
NN_V3,TSP-random-n400-g10000-2,148277.73301988887,149159,0.11077400000067428,0.06986560000223108,0.0409083999984432,9.24107940000249,ok,-0.5908238725863899,0.5908238725863899
NN_V3,TSP-random-n5-g1000-5,2549.673345543226,2474,0.07691579998936504,0.022858699987409636,0.054057100001955405,0.0431109000055585,ok,3.0587447673090495,3.0587447673090495
NN_V3,TSP-random-n5-g1000-4,1752.9438966093585,1876,0.0925400999840349,0.0230802999867592,0.0694597999972757,0.0493549999955575,ok,-6.559493784149334,6.559493784149334
NN_V3,TSP-random-n5-g1000-1,2066.4871293042233,2085,0.09030840001651086,0.012766600004397333,0.07754180001211353,0.0878494000062346,ok,-0.8879074674233408,0.8879074674233408
NN_V3,TSP-random-n5-g1000-2,1993.3988832412288,1825,0.0951772999833338,0.030797599989455193,0.0643796999938786,0.047213500001817,ok,9.227336068012534,9.227336068012534
NN_V3,TSP-random-n5-g10000-2,13400.91331175057,12913,0.11029289997532032,0.04072739998809993,0.06956549998722039,0.1699638999998569,ok,3.778465978088514,3.778465978088514
NN_V3,TSP-random-n400-g10000-1,148947.97294046392,150594,0.10873589999391697,0.05638269998598844,0.052353200007928535,3.423222800003714,ok,-1.093023001936384,1.093023001936384
NN_V3,TSP-random-n5-g1000-3,1890.8871438775677,1871,0.09883709999849088,0.025578900007531047,0.07325819999095984,0.0753174999990733,ok,1.0629152259523102,1.0629152259523102
NN_V3,TSP-random-n5-g10000-1,19920.058062138734,20778,0.09495430000242777,0.0359687999880407,0.05898550001438707,0.1212286999943899,ok,-4.1290881598867335,4.1290881598867335
NN_V3,TSP-random-n400-g1000-5,14488.499234431976,14529,0.11819830001331866,0.06813810000312515,0.05006020001019351,4.738981299989973,ok,-0.27875810839028,0.27875810839028
NN_V3,TSP-random-n5-g10000-3,18794.11450189358,17620,0.05454560002544895,0.015631800022674724,0.038913800002774224,0.1542431999987457,ok,6.66353292788637,6.66353292788637
NN_V3,TSP-random-n5-g10000-5,16284.312411439838,17554,0.07237139999051578,0.025865600007819012,0.04650579998269677,0.1722126999957254,ok,-7.233038558506108,7.233038558506108
NN_V3,TSP-random-n400-g10000-3,153205.91484429885,152936,0.1192321999988053,0.08693099999800324,0.032301200000802055,6.168977900000755,ok,0.17648875627638466,0.17648875627638466
NN_V3,TSP-random-n400-g10000-4,146716.8626119662,145885,0.14758720001555048,0.10519660002319142,0.04239059999235906,1.6560611000022618,ok,0.5702180566653238,0.5702180566653238
NN_V3,TSP-random-n400-g10000-5,144064.21889401018,144745,0.16124940000008792,0.10068689999752678,0.06056250000256114,2.071403800000553,ok,-0.4703313454625881,0.4703313454625881
NN_V3,TSP-random-n5-g10000-4,16729.556652093306,17225,0.0898311999917496,0.03033859998686239,0.05949260000488721,0.1044434000068577,ok,-2.8763039065700657,2.8763039065700657
NN_V3,TSP-random-n50-g1000-1,5811.182846635231,5885,0.14974450002773665,0.01861220001592301,0.13113230001181364,0.1455631999997422,ok,-1.2543271599790855,1.2543271599790855
NN_V3,TSP-random-n50-g1000-2,6143.732247282947,5978,0.16661489999387413,0.019150600011926144,0.147464299981948,0.3436319000029471,ok,2.77236947612826,2.77236947612826
NN_V3,TSP-random-n50-g1000-3,5568.7649781931395,5438,0.1434311000048183,0.015301300009014085,0.1281297999958042,0.0698853000067174,ok,2.4046520447432793,2.4046520447432793
NN_V3,TSP-random-n50-g1000-4,5409.322155540045,5485,0.14784989997860976,0.020803999999770895,0.12704589997883886,0.1851412000105483,ok,-1.3797236911568813,1.3797236911568813
NN_V3,TSP-random-n50-g10000-2,53886.80208958802,54863,0.14291320001939312,0.0169006000214722,0.12601259999792092,0.2246318999968934,ok,-1.779337459511842,1.779337459511842
NN_V3,TSP-random-n50-g1000-5,5881.710362617909,5981,0.15462469999329187,0.02783909998834133,0.12678560000495054,0.2594013000052655,ok,-1.6600842230745914,1.6600842230745914
NN_V3,TSP-random-n50-g10000-3,55827.58840662136,53597,0.15555879997555166,0.0380476999853272,0.11751109999022447,0.1033425000059651,ok,4.16177847010348,4.16177847010348
NN_V3,TSP-random-n50-g10000-1,57683.699782127514,58518,0.1375322999956552,0.02648649999173358,0.11104580000392161,0.1518523999984609,ok,-1.4257155368817893,1.4257155368817893
NN_V3,TSP-random-n50-g10000-5,54691.31584272289,51711,0.1340446999820415,0.04343319998588413,0.09061149999615736,0.0860601000022143,ok,5.763407868196112,5.763407868196112
NN_V3,TSP-random-n50-g10000-4,56003.22329456068,56936,0.12912220001453534,0.03672450000885874,0.0923977000056766,0.1432553000049665,ok,-1.6382898437531948,1.6382898437531948
NN_V3,TSP-random-n500-g10000-2,166962.63982473314,165668,0.15079719998175278,0.07823719998123124,0.07256000000052154,2.306263799997396,ok,0.7814664417589021,0.7814664417589021
NN_V3,TSP-random-n500-g1000-2,16623.181770996336,16778,0.13030560000333935,0.06567010001162998,0.06463549999170937,4.804231499991147,ok,-0.9227454345193937,0.9227454345193937
NN_V3,TSP-random-n500-g1000-5,16305.065285259683,16389,0.14364840000052936,0.08060380001552403,0.06304459998500533,6.187833200005116,ok,-0.5121405500049842,0.5121405500049842
NN_V3,TSP-random-n500-g10000-4,168162.91745230334,166830,0.17524929999490269,0.09468469998682849,0.0805646000080742,69.00190570000268,ok,0.7989674832484226,0.7989674832484226
NN_V3,TSP-random-n500-g10000-1,167823.41709377104,168002,0.1572903999767732,0.08430679998127744,0.07298359999549575,4.751961800007848,ok,-0.10629808349243214,0.10629808349243214
NN_V3,TSP-random-n500-g10000-5,165937.74450097233,165349,0.14256119998754002,0.0696571999869775,0.07290400000056252,8.061607000010554,ok,0.3560617245779113,0.3560617245779113
NN_V3,TSP-random-n500-g1000-4,16227.733050049748,16209,0.18076829999336042,0.0871871999988798,0.09358109999448061,2.000128899991978,ok,0.11557190480441897,0.11557190480441897
NN_V3,TSP-random-n500-g1000-3,16473.689283149855,16376,0.20744290002039634,0.12486100001842715,0.08258190000196919,7.128763500004425,ok,0.5965393450772797,0.5965393450772797
NN_V3,TSP-random-n500-g1000-1,16649.1555079628,16538,0.17032670002663508,0.07930860001943074,0.09101810000720434,8.155299899997772,ok,0.6721218282912171,0.6721218282912171
NN_V3,TSP-random-n500-g10000-3,166698.85507139843,166758,0.1951522999734152,0.08932539998204447,0.10582689999137074,6.305559499989613,ok,-0.035467520959456475,0.035467520959456475
NN_V3,TSP-random-n60-g1000-1,6281.030011046925,6295,0.1236186999885831,0.04057679997640662,0.08304190001217648,0.1924950999964494,ok,-0.22192198495750265,0.22192198495750265
NN_V3,TSP-random-n60-g1000-3,6298.843777339789,6103,0.12264409998897463,0.021430599997984245,0.10121349999099039,0.2260995999968145,ok,3.2089755421889086,3.2089755421889086
NN_V3,TSP-random-n60-g1000-4,6392.828919335792,6189,0.12249199999496341,0.02170240000123158,0.10078959999373183,0.1876496999902883,ok,3.2934063554013946,3.2934063554013946
NN_V3,TSP-random-n60-g1000-2,6314.796863993164,6168,0.1450413000129629,0.026909700012765825,0.11813160000019707,0.2532307999936165,ok,2.379975097165437,2.379975097165437
NN_V3,TSP-random-n60-g1000-5,6382.895795112716,6442,0.12846330003230833,0.02990780002437532,0.098555500007933,0.8923648000054527,ok,-0.917482224267062,0.917482224267062
NN_V3,TSP-random-n60-g10000-2,59801.316530534066,61745,0.17992610001238063,0.03460040001664311,0.14532569999573752,0.1368358999898191,ok,-3.147920429939159,3.147920429939159
NN_V3,TSP-random-n60-g10000-3,63895.514036094304,64496,0.17978030000813305,0.0357244000188075,0.14405589998932555,0.3372514999937266,ok,-0.931043729697494,0.931043729697494
NN_V3,TSP-random-n60-g10000-5,57811.31256965641,58065,0.19153229999938048,0.0400186000042595,0.151513699995121,0.1734109999961219,ok,-0.43690248918210745,0.43690248918210745
NN_V3,TSP-random-n60-g10000-4,69647.3520048107,68411,0.2030790000280831,0.02759040001546964,0.17548860001261346,0.2974400999955833,ok,1.807241532517727,1.807241532517727
NN_V3,TSP-random-n60-g10000-1,63097.09480832645,64764,0.21122190001187846,0.049612400005571544,0.16160950000630692,0.1614278000051854,ok,-2.573814451969532,2.573814451969532
NN_V3,TSP-random-n600-g1000-1,17923.789645671262,17855,0.16974929999560118,0.09218530001817271,0.07756399997742847,10.921744799998123,ok,0.38526824794882336,0.38526824794882336
NN_V3,TSP-random-n600-g1000-2,17574.830739221834,17655,0.18009410001104698,0.09951770000043325,0.08057640001061372,6.261356799994246,ok,-0.45408813808080467,0.45408813808080467
NN_V3,TSP-random-n600-g10000-2,180047.62781970552,181526,0.13955339998938143,0.07639380000182427,0.06315959998755716,165.0315816999937,ok,-0.8144134615947459,0.8144134615947459
NN_V3,TSP-random-n600-g1000-3,17777.35644605197,18015,0.19369049998931587,0.09866049999254756,0.09502999999676831,3.546943499997724,ok,-1.3191426808106015,1.3191426808106015
NN_V3,TSP-random-n600-g10000-1,183400.3977459243,184472,0.16243779999786057,0.09014600000227802,0.07229179999558255,7.112428299995372,ok,-0.580902388479388,0.580902388479388
NN_V3,TSP-random-n70-g1000-1,6775.875893230412,6761,0.1394385000166949,0.03704880000441335,0.10238970001228154,0.1690815999900223,ok,0.2200250440824101,0.2200250440824101
NN_V3,TSP-random-n70-g1000-2,6742.141459371283,6707,0.11720130001776852,0.036566900002071634,0.08063440001569688,0.1601068999880226,ok,0.5239519810836949,0.5239519810836949
NN_V3,TSP-random-n600-g1000-5,17866.715631653802,17939,0.17453399999067187,0.095558400003938,0.07897559998673387,6.948963499991805,ok,-0.40294536120295377,0.40294536120295377
NN_V3,TSP-random-n600-g1000-4,18045.83071015816,18032,0.1774579999910202,0.10200389998499304,0.07545410000602715,3.175553399996716,ok,0.0767009214627301,0.0767009214627301
NN_V3,TSP-random-n600-g10000-5,178601.5915956127,178870,0.17459469998721033,0.09117969998624176,0.08341500000096858,2.1575944000069285,ok,-0.1500578097989047,0.1500578097989047
NN_V3,TSP-random-n600-g10000-3,178581.87096278882,180509,0.18798629997763783,0.11708119997638278,0.07090510000125505,8.010176700001466,ok,-1.0676082839144772,1.0676082839144772
NN_V3,TSP-random-n70-g1000-3,6648.2185897580275,6638,0.12053439998999238,0.04224929999327287,0.07828509999671951,0.1446781999984523,ok,0.1539407917750455,0.1539407917750455
NN_V3,TSP-random-n70-g1000-4,6343.937102183903,6453,0.1330020000168588,0.0411727000027895,0.0918293000140693,0.1514255000074627,ok,-1.690111542167932,1.690111542167932
NN_V3,TSP-random-n600-g10000-4,178112.73407720786,179720,0.193490900011966,0.11816350001026876,0.07532740000169724,11.86760030000005,ok,-0.894316671929746,0.894316671929746
NN_V3,TSP-random-n70-g1000-5,6554.4899900828095,6505,0.152038200001698,0.04856819999986328,0.1034700000018347,0.2223545000015292,ok,0.7607992326335055,0.7607992326335055
NN_V3,TSP-random-n70-g10000-2,60004.63546928787,63441,0.1498157000169158,0.03160839999327436,0.11820730002364144,0.1638854000048013,ok,-5.416630460919804,5.416630460919804
NN_V3,TSP-random-n70-g10000-1,60689.573732846766,62106,0.1684788000129629,0.020353700005216524,0.14812510000774637,0.0688485999999102,ok,-2.280659303695672,2.280659303695672
NN_V3,TSP-random-n70-g10000-3,62845.465728560346,62317,0.17764559999341145,0.023608899995451793,0.15403669999795966,0.2437544999993406,ok,0.8480281922434427,0.8480281922434427
NN_V3,TSP-random-n70-g10000-4,67285.30371791683,67115,0.1693098999967333,0.022512499999720603,0.1467973999970127,0.1634836000012001,ok,0.25374911408303863,0.25374911408303863
NN_V3,TSP-random-n70-g10000-5,62887.12935903232,62967,0.1962908000277821,0.0289018000185024,0.1673890000092797,0.1913456999900518,ok,-0.12684523793047395,0.12684523793047395
NN_V3,TSP-random-n8-g1000-3,2686.769801562885,2702,0.13026040000841022,0.019852700002957135,0.11040770000545308,0.125698600008036,ok,-0.5636638947859058,0.5636638947859058
NN_V3,TSP-random-n700-g1000-4,19451.09187289863,19565,0.14581990000442602,0.07033570000203326,0.07548420000239275,17.14373369999521,ok,-0.5822035630021521,0.5822035630021521
NN_V3,TSP-random-n8-g1000-1,3078.2060594483337,3061,0.1328016000043135,0.024294700007885695,0.10850689999642782,0.1333987999969395,ok,0.5621058297397482,0.5621058297397482
NN_V3,TSP-random-n8-g1000-4,2238.3554285520986,2306,0.13208229996962473,0.018557599978521466,0.11352469999110326,0.4534143000055337,ok,-2.9334159344276407,2.9334159344276407
NN_V3,TSP-random-n700-g1000-1,19411.95158252085,19294,0.20488739997381344,0.08229279998340644,0.122594599990407,7.741584199990029,ok,0.6113381492736133,0.6113381492736133
NN_V3,TSP-random-n700-g1000-3,19142.912003292586,19314,0.18086079999920912,0.10164100001566112,0.079219799983548,5.427546099992469,ok,-0.8858237377416086,0.8858237377416086
NN_V3,TSP-random-n700-g10000-2,195300.84750364802,195932,0.18279530000290833,0.10531390001415275,0.07748139998875558,6.1309748999919975,ok,-0.3221283385827618,0.3221283385827618
NN_V3,TSP-random-n700-g10000-1,193322.77249656152,193018,0.18991629997617565,0.09620189998531714,0.09371439999085851,8.412648400000762,ok,0.15789848437012083,0.15789848437012083
NN_V3,TSP-random-n8-g1000-2,2285.931552385773,2327,0.14543020000564866,0.026491800002986565,0.11893840000266209,0.1402041999972425,ok,-1.7648666787377265,1.7648666787377265
NN_V3,TSP-random-n700-g1000-5,19407.60811951726,19425,0.21775079998769797,0.13388429998303764,0.08386650000466034,4.898728400003165,ok,-0.08953349025863998,0.08953349025863998
NN_V3,TSP-random-n8-g1000-5,2534.7499245036743,2650,0.1318104000238236,0.04854670001077466,0.08326370001304895,0.4495604999974603,ok,-4.349059452691537,4.349059452691537
NN_V3,TSP-random-n700-g1000-2,19656.217989216035,19738,0.190714200027287,0.09978040002170019,0.09093380000558682,9.918509499999344,ok,-0.4143378801497884,0.4143378801497884
NN_V3,TSP-random-n700-g10000-5,197759.38323145732,198937,0.20357429998693988,0.12321150000207126,0.08036279998486862,3.473652900007437,ok,-0.5919546230930782,0.5919546230930782
NN_V3,TSP-random-n700-g10000-3,192827.93265986769,192270,0.22794650003197603,0.15160810001543723,0.0763384000165388,5.40025059999607,ok,0.29018185877551633,0.29018185877551633
NN_V3,TSP-random-n8-g10000-4,22087.310854335024,26803,0.11120700000901707,0.02679770000395365,0.08440930000506341,0.172866699998849,ok,-17.593885556336886,17.593885556336886
NN_V3,TSP-random-n8-g10000-2,28806.60984650976,26791,0.10521319997496903,0.030595799995353445,0.07461739997961558,0.1327263999992283,ok,7.523458797767011,7.523458797767011
NN_V3,TSP-random-n700-g10000-4,190833.3813397875,192066,0.2293511000170838,0.13473530000192113,0.09461580001516268,10.6738676999812,ok,-0.6417682776818877,0.6417682776818877
NN_V3,TSP-random-n8-g10000-1,20656.061806346,22038,0.12980660001630895,0.02950490001239814,0.10030170000391081,0.1335582000028807,ok,-6.2707060243851585,6.2707060243851585
NN_V3,TSP-random-n8-g10000-3,34641.55695591378,35741,0.12152369998511858,0.027318699983879924,0.09420500000123866,0.1530309000081615,ok,-3.0761395710422756,3.0761395710422756
NN_V3,TSP-random-n8-g10000-5,20168.47691044706,20205,0.1459152000315953,0.01868770000874065,0.12722750002285466,0.1911440999974729,ok,-0.1807626307990026,0.1807626307990026
NN_V3,TSP-random-n80-g1000-1,6961.548016618719,6898,0.14902740000979975,0.026647399994544685,0.12238000001525506,0.165887199997087,ok,0.9212527778880687,0.9212527778880687
NN_V3,TSP-random-n80-g1000-2,7277.827884689032,7124,0.14550149999558926,0.024950799997895956,0.1205506999976933,0.2649170999939088,ok,2.1592909136585012,2.1592909136585012
NN_V3,TSP-random-n80-g1000-4,7039.733926406567,6950,0.14116859997739084,0.02824509999481961,0.11292349998257123,0.141978100000415,ok,1.2911356317491618,1.2911356317491618
NN_V3,TSP-random-n80-g1000-3,7439.151828482747,7219,0.10829420000663958,0.036605400004191324,0.07168880000244826,0.1037709999945946,ok,3.049616684897452,3.049616684897452
NN_V3,TSP-random-n80-g10000-2,70292.77767023857,69907,0.12810790000366978,0.03669320000335574,0.09141470000031404,0.3655979999894043,ok,0.551844121816949,0.551844121816949
NN_V3,TSP-random-n80-g10000-4,72869.13413698686,70766,0.1518270999949891,0.03582709998590872,0.1160000000090804,0.5228367999952752,ok,2.9719556524133917,2.9719556524133917
NN_V3,TSP-random-n80-g10000-1,69844.49667025788,69969,0.12555300001986325,0.024484000023221597,0.10106899999664165,0.3416850999929011,ok,-0.17794070194245706,0.17794070194245706
NN_V3,TSP-random-n80-g1000-5,7098.360867786687,7181,0.15134700000635348,0.03947300001163967,0.11187399999471381,0.1284129999985452,ok,-1.1508025652877472,1.1508025652877472
NN_V3,TSP-random-n80-g10000-3,71953.15509853174,71179,0.15930619998835027,0.03317199999582954,0.12613419999252073,0.2038074000010965,ok,1.0876172726952393,1.0876172726952393
NN_V3,TSP-random-n80-g10000-5,71308.90147756273,70352,0.18190460003097542,0.044129100017016754,0.13777550001395866,0.6109234999894397,ok,1.3601624368358103,1.3601624368358103
NN_V3,TSP-random-n800-g1000-2,20434.161784446333,20439,0.24693520000437275,0.1006692000082694,0.14626599999610335,15.43028630000481,ok,-0.023671488593705155,0.023671488593705155
NN_V3,TSP-random-n800-g1000-3,20374.815219815588,20449,0.23472469998523593,0.09364449998247437,0.14108020000276156,4.541776700003538,ok,-0.3627795011218758,0.3627795011218758
NN_V3,TSP-random-n800-g10000-2,207170.53765751095,207925,0.21936519999871962,0.10830429999623448,0.11106090000248514,5.770357299988973,ok,-0.3628531165030877,0.3628531165030877
NN_V3,TSP-random-n800-g10000-1,207902.88401297294,209055,0.21466769999824464,0.07371389999752864,0.140953800000716,160.99431039999763,ok,-0.5511066403707464,0.5511066403707464
NN_V3,TSP-random-n800-g1000-1,20902.97547587531,20931,0.2881257999979425,0.11561599999549799,0.17250980000244454,6.499728300012066,ok,-0.133890039294293,0.133890039294293
NN_V3,TSP-random-n800-g10000-3,208539.46014016052,208830,0.17614019999746233,0.09047419999842532,0.08566599999903701,220.91395429999105,ok,-0.13912745287529676,0.13912745287529676
NN_V3,TSP-random-n800-g1000-4,20958.678916345525,21013,0.23279399998136796,0.11662419998901896,0.116169799992349,5.587421500007622,ok,-0.2585117958143765,0.2585117958143765
NN_V3,TSP-random-n90-g1000-4,7364.687114031331,7543,0.0989941000007093,0.04414909999468364,0.05484500000602566,0.0791609000007156,ok,-2.363951822466783,2.363951822466783
NN_V3,TSP-random-n90-g1000-1,7228.300863421551,7440,0.11883640001178719,0.05372470000293106,0.06511170000885613,0.4291632999957073,ok,-2.8454185023985055,2.8454185023985055
NN_V3,TSP-random-n800-g1000-5,20624.130990232297,20575,0.2055926000175532,0.12419020000379533,0.08140240001375787,4.631545100011863,ok,0.23878974596499314,0.23878974596499314
NN_V3,TSP-random-n800-g10000-4,205116.04567246092,206382,0.19895530003122985,0.11092930001905188,0.08802600001217797,4.722381700004917,ok,-0.6134034593806995,0.6134034593806995
NN_V3,TSP-random-n800-g10000-5,206251.33491544728,208259,0.18121439998503774,0.11851020000176504,0.0627041999832727,8.321390500001144,ok,-0.964023204064515,0.964023204064515
NN_V3,TSP-random-n90-g1000-2,7434.017874591191,7318,0.12614719997509383,0.057091299997409806,0.06905589997768402,0.3361102000053506,ok,1.5853768050176384,1.5853768050176384
NN_V3,TSP-random-n90-g10000-3,73014.31013505324,72103,0.11862650001421571,0.06516739999642596,0.05345910001778975,0.5491708000045037,ok,1.2639004411095764,1.2639004411095764
NN_V3,TSP-random-n90-g10000-2,72443.28431482892,72585,0.10480930001358502,0.04537539999000728,0.059433900023577735,0.8370904000039445,ok,-0.19524100733081928,0.19524100733081928
NN_V3,TSP-random-n90-g1000-3,7399.330551188206,7280,0.12971840001409873,0.060995600011665374,0.06872280000243336,0.2323068999976385,ok,1.6391559229149217,1.6391559229149217
NN_V3,TSP-random-n90-g1000-5,7478.183255262949,7410,0.11846279999008402,0.04317739998805337,0.07528540000203066,0.2710372000001371,ok,0.9201518928873063,0.9201518928873063
NN_V3,TSP-random-n90-g10000-1,69420.28952221083,71346,0.12742420000722632,0.05013139999937266,0.07729280000785366,0.3756913999968674,ok,-2.699114845666422,2.699114845666422
NN_V3,TSP-random-n90-g10000-4,74128.48686950514,74766,0.15472399999271147,0.05639849998988211,0.09832550000282936,0.4835809999931371,ok,-0.8526778622567198,0.8526778622567198
NN_V3,TSP-random-n90-g10000-5,74801.90027212084,76024,0.17937090003397316,0.04779500002041459,0.13157590001355857,0.7709039999899687,ok,-1.6075183203714114,1.6075183203714114
NN_V3,TSP-squeezed_uniform-n10-g1000-1,3019.0405850454263,3081,0.12900609997450374,0.02172900000005029,0.10727709997445345,0.0800040000031003,ok,-2.0110163893078132,2.0110163893078132
NN_V3,TSP-squeezed_uniform-n10-g1000-4,2567.255432985512,2568,0.13608210001257248,0.02455480000935495,0.11152730000321753,0.0379708000109531,ok,-0.028994042620248604,0.028994042620248604
NN_V3,TSP-squeezed_uniform-n10-g1000-2,2208.6533820256154,2484,0.09607689999393187,0.028327300009550527,0.06774959998438135,0.0414384000032441,ok,-11.084807486891489,11.084807486891489
NN_V3,TSP-squeezed_uniform-n10-g1000-3,2736.8381463959267,2559,0.09328920001280494,0.04767830000491813,0.04561090000788681,0.0417870999954175,ok,6.949517248766187,6.949517248766187
NN_V3,TSP-random-n900-g1000-1,22343.642421183176,22361,0.16618580001522787,0.06538240000372753,0.10080340001150034,6.035836099996232,ok,-0.07762434066823336,0.07762434066823336
NN_V3,TSP-squeezed_uniform-n10-g10000-4,24760.849615715153,23222,0.04942510000546463,0.01912300000549294,0.030302099999971688,0.0452188000053865,ok,6.626688552730829,6.626688552730829
NN_V3,TSP-squeezed_uniform-n10-g1000-5,1771.2572992687783,1846,0.09506860002875328,0.059263500006636605,0.035805100022116676,0.041265599997132,ok,-4.048900364638229,4.048900364638229
NN_V3,TSP-random-n900-g10000-3,220446.7948200032,221776,0.16590110000106506,0.1295869000023231,0.03631419999874197,365.2208775000181,ok,-0.5993458173998938,0.5993458173998938
NN_V3,TSP-random-n900-g1000-4,22022.12442645598,22190,0.1470559999870602,0.09164540001074784,0.05541059997631237,11.710626600004616,ok,-0.7565370596846367,0.7565370596846367
NN_V3,TSP-random-n900-g1000-5,21918.72011160711,21894,0.1731525000068359,0.1478433000156656,0.025309199991170317,9.186235300003318,ok,0.1129081556915514,0.1129081556915514
NN_V3,TSP-random-n900-g10000-2,217825.43133190507,217201,0.13453159996424802,0.0856789999816101,0.04885259998263791,5.5039209999958985,ok,0.28749008149367206,0.28749008149367206
NN_V3,TSP-random-n900-g1000-3,21926.10389694874,22037,0.1545005000079982,0.07893170000170358,0.07556880000629462,4.338619100002688,ok,-0.5032268596054738,0.5032268596054738
NN_V3,TSP-random-n900-g10000-5,222402.89160265517,223658,0.17618720000609756,0.14759219999541529,0.02859500001068227,14.82572639999853,ok,-0.5611730397950557,0.5611730397950557
NN_V3,TSP-random-n900-g10000-1,216676.80826927302,217290,0.1599364000139758,0.1113457000174094,0.0485906999965664,228.23099480000383,ok,-0.2821997011951659,0.2821997011951659
NN_V3,TSP-squeezed_uniform-n10-g10000-3,30956.326947991736,31600,0.09024679998401552,0.04750039998907596,0.042746399994939566,0.1129957999946782,ok,-2.036940038000835,2.036940038000835
NN_V3,TSP-random-n900-g10000-4,218055.36814574338,221030,0.1830511000007391,0.14501760000712238,0.038033499993616715,5.285031599996728,ok,-1.3458045759655317,1.3458045759655317
NN_V3,TSP-squeezed_uniform-n10-g10000-2,18486.218820820854,18238,0.09467300001415424,0.031720600003609434,0.0629524000105448,0.0522582999983569,ok,1.3609980306001401,1.3609980306001401
NN_V3,TSP-squeezed_uniform-n10-g10000-1,17872.195870934345,19402,0.07959720003418624,0.02101980001316406,0.058577400021022186,0.0463987999974051,ok,-7.884775430706395,7.884775430706395
NN_V3,TSP-random-n900-g1000-2,21870.22113344242,21858,0.20176299999002367,0.12927410000702366,0.07248889998300001,7.607948799995938,ok,0.055911489808861646,0.055911489808861646
NN_V3,TSP-squeezed_uniform-n10-g10000-5,22369.410784326494,24258,0.09879939997335896,0.03694089999771677,0.06185849997564219,0.0417728999891551,ok,-7.7854283769210415,7.7854283769210415
NN_V3,TSP-squeezed_uniform-n100-g1000-1,6682.2124465288,6678,0.1465297999966424,0.010912199999438599,0.1356175999972038,0.2604926000058185,ok,0.06307946284515983,0.06307946284515983
NN_V3,TSP-squeezed_uniform-n100-g1000-2,6492.9611003876635,6287,0.1644660999882035,0.02391439999337308,0.14055169999483041,0.2112250999925891,ok,3.2759837822119207,3.2759837822119207
NN_V3,TSP-squeezed_uniform-n100-g1000-4,6172.602223540227,6149,0.17485899999155663,0.03509910000138916,0.13975989999016747,0.2247663999878568,ok,0.3838384052728409,0.3838384052728409
NN_V3,TSP-squeezed_uniform-n100-g10000-1,63733.54135640088,64229,0.14282479998655617,0.033885099983308464,0.10893970000324771,0.2547161999973468,ok,-0.7713939865156273,0.7713939865156273
NN_V3,TSP-squeezed_uniform-n100-g10000-5,69618.00509435346,65855,0.17926730000181124,0.05010349999065511,0.12916380001115613,0.1351101999898674,ok,5.714076523200149,5.714076523200149
NN_V3,TSP-squeezed_uniform-n100-g1000-5,6770.454861602411,6803,0.14362309998250566,0.053861699998378754,0.08976139998412691,0.3861710999917704,ok,-0.47839392029382244,0.47839392029382244
NN_V3,TSP-squeezed_uniform-n100-g10000-4,60462.93435430998,60452,0.1531505000020843,0.04301419999683276,0.11013630000525154,0.2466724999976577,ok,0.01808766345196545,0.01808766345196545
NN_V3,TSP-squeezed_uniform-n100-g1000-3,6869.609212486539,6776,0.14761680000810884,0.03712880000239238,0.11048800000571646,0.4016359999950509,ok,1.3814818843940235,1.3814818843940235
NN_V3,TSP-squeezed_uniform-n100-g10000-3,66959.46102946531,64404,0.12893850001273677,0.04032090000691824,0.08861760000581853,0.3275506000063615,ok,3.967860737633237,3.967860737633237
NN_V3,TSP-squeezed_uniform-n100-g10000-2,61317.51621813036,61862,0.17363609999301843,0.0659406999766361,0.10769540001638234,0.2962979000003543,ok,-0.88015871111448,0.88015871111448
NN_V3,TSP-squeezed_uniform-n1000-g1000-1,20197.924720483075,19948,0.22651589999441057,0.1238461000029929,0.10266979999141768,20.820528500000364,ok,1.2528810932578471,1.2528810932578471
NN_V3,TSP-squeezed_uniform-n1000-g10000-1,198650.17560201976,198144,0.21616330003598705,0.13018550002016127,0.08597780001582578,14.507904800004326,ok,0.2554584554767061,0.2554584554767061
NN_V3,TSP-squeezed_uniform-n1000-g1000-4,20520.03508585377,20364,0.22928759999922477,0.146683099999791,0.08260449999943376,16.649420600006124,ok,0.7662300424954395,0.7662300424954395
NN_V3,TSP-squeezed_uniform-n1000-g1000-3,20464.19645124022,20242,0.22797979999450035,0.1280886000022292,0.09989119999227114,7.233491100007086,ok,1.0977000851705325,1.0977000851705325
NN_V3,TSP-squeezed_uniform-n1000-g10000-3,194597.72111218097,192489,0.1976481000019703,0.11034529999596998,0.08730280000600033,8.989063300017733,ok,1.0955021389175315,1.0955021389175315
NN_V3,TSP-squeezed_uniform-n1000-g10000-2,198520.00471927598,196434,0.21406189998378977,0.11055899999337271,0.10350289999041706,12.41777440000442,ok,1.0619366908355892,1.0619366908355892
NN_V3,TSP-squeezed_uniform-n1000-g1000-5,20131.14562584751,19929,0.24409769999329,0.14627729999483563,0.09782039999845438,9.074108199987675,ok,1.0143289971775211,1.0143289971775211
NN_V3,TSP-squeezed_uniform-n1000-g1000-2,20337.23746377899,19959,0.2809975999989547,0.17705180001212284,0.10394579998683184,363.728197599994,ok,1.89507221693968,1.89507221693968
NN_V3,TSP-squeezed_uniform-n1000-g10000-5,204771.22467315756,202136,0.2338367000047583,0.1380916000052821,0.09574509999947622,17.16014059999725,ok,1.3036889387133206,1.3036889387133206
NN_V3,TSP-squeezed_uniform-n1000-g10000-4,202826.58634985797,201108,0.27199779998045415,0.1545703999872785,0.11742739999317564,14.003085300006203,ok,0.8545589185203826,0.8545589185203826
NN_V3,TSP-squeezed_uniform-n20-g1000-4,3822.301517456617,3859,0.1082229999883566,0.013092499983031303,0.0951305000053253,0.0403059999953256,ok,-0.9509842587038831,0.9509842587038831
NN_V3,TSP-squeezed_uniform-n20-g1000-1,2701.674995240697,2793,0.14617220000945963,0.027638900006422773,0.11853330000303686,0.0450557000003755,ok,-3.2697817672503695,3.2697817672503695
NN_V3,TSP-squeezed_uniform-n20-g1000-3,2994.1198943481286,2827,0.13349569999263622,0.03138770000077784,0.10210799999185838,0.0364075000106822,ok,5.911563294946182,5.911563294946182
NN_V3,TSP-squeezed_uniform-n20-g10000-1,28768.532230041485,31145,0.12192659999709576,0.0181006999919191,0.10382590000517666,0.0523041999986162,ok,-7.630334788757474,7.630334788757474
NN_V3,TSP-squeezed_uniform-n20-g1000-2,3550.8234954893196,3570,0.13275289998273365,0.029178199998568743,0.10357469998416491,0.0360992000059923,ok,-0.5371569890946887,0.5371569890946887
NN_V3,TSP-squeezed_uniform-n20-g10000-3,31603.711556893308,31737,0.12885890004690737,0.021632400021189824,0.10722650002571754,0.0443953999929362,ok,-0.41997807954971256,0.41997807954971256
NN_V3,TSP-squeezed_uniform-n20-g1000-5,3527.55463660229,3338,0.14009330002591014,0.013979600014863536,0.1261137000110466,0.0426583999942522,ok,5.6786889335617134,5.6786889335617134
NN_V3,TSP-squeezed_uniform-n20-g10000-4,34256.35704184882,36355,0.13464740000199527,0.04254259998560883,0.09210480001638643,0.0484617000038269,ok,-5.772639136710704,5.772639136710704
NN_V3,TSP-squeezed_uniform-n20-g10000-5,29027.81561581517,29236,0.13269630001741461,0.015469800011487678,0.11722650000592694,0.0500486000091768,ok,-0.7120823101136656,0.7120823101136656
NN_V3,TSP-squeezed_uniform-n20-g10000-2,30826.964693795482,31326,0.13601719998405315,0.027343599998857826,0.10867359998519532,0.0517467000026954,ok,-1.5930387097124366,1.5930387097124366
NN_V3,TSP-squeezed_uniform-n200-g1000-4,9539.434339573752,9352,0.14417379998485558,0.04067919999943115,0.10349459998542443,1.1564733999985035,ok,2.0042166335944436,2.0042166335944436
NN_V3,TSP-squeezed_uniform-n200-g1000-3,9266.874440695072,9198,0.15232209998066537,0.04706719997921027,0.1052549000014551,1.4989088000002084,ok,0.7487980071218941,0.7487980071218941
NN_V3,TSP-squeezed_uniform-n200-g1000-1,9205.514391052042,9157,0.17221850002533756,0.05321050001657568,0.11900800000876188,1.2231018000020413,ok,0.5298066075356765,0.5298066075356765
NN_V3,TSP-squeezed_uniform-n200-g1000-2,8734.092840585756,8708,0.17516549996798858,0.0516899999929592,0.12347549997502938,1.0000341999984812,ok,0.2996421748479073,0.2996421748479073
NN_V3,TSP-squeezed_uniform-n200-g1000-5,8856.49957210329,8728,0.15509210000163876,0.07294919999549165,0.0821429000061471,3.5548223000078,ok,1.4722682413300885,1.4722682413300885
NN_V3,TSP-squeezed_uniform-n200-g10000-1,93382.65937266848,90275,0.1632331000000704,0.06543089999468066,0.09780220000538975,2.111510899994755,ok,3.4424363031497984,3.4424363031497984
NN_V3,TSP-squeezed_uniform-n200-g10000-3,97113.20926889777,95372,0.15351369997370057,0.06864549999590963,0.08486819997779094,1.9878736999962712,ok,1.8257027942139954,1.8257027942139954
NN_V3,TSP-squeezed_uniform-n200-g10000-2,92803.1831995491,92411,0.17573290003929287,0.05979940001270734,0.11593350002658553,1.78805669999565,ok,0.42439016951347114,0.42439016951347114
NN_V3,TSP-squeezed_uniform-n200-g10000-5,92063.58264501393,91622,0.16179419998661615,0.058828000008361414,0.10296619997825474,1.9688375999976413,ok,0.48196136846382787,0.48196136846382787
NN_V3,TSP-squeezed_uniform-n30-g1000-3,4415.639226673193,4394,0.09326570000848733,0.04137390002142638,0.05189179998706095,0.0654691999952774,ok,0.49247215915322606,0.49247215915322606
NN_V3,TSP-squeezed_uniform-n30-g1000-1,4074.519608352821,4073,0.122233200003393,0.042393799987621605,0.07983940001577139,0.1179006000020308,ok,0.037309313842887215,0.037309313842887215
NN_V3,TSP-squeezed_uniform-n200-g10000-4,91203.15591158997,91891,0.13529369997559115,0.06317680000211112,0.07211689997348003,3.5181930999970064,ok,-0.7485434791329154,0.7485434791329154
NN_V3,TSP-squeezed_uniform-n30-g1000-2,3933.958331408947,3958,0.10981550000724383,0.02459740001359023,0.0852180999936536,0.0781136000005062,ok,-0.6074196207946733,0.6074196207946733
NN_V3,TSP-squeezed_uniform-n30-g1000-4,3220.714229302088,3165,0.10805149999214336,0.03698089998215437,0.071070600009989,0.0747104999900329,ok,1.7603232006978802,1.7603232006978802
NN_V3,TSP-squeezed_uniform-n30-g10000-2,40911.66374239954,42520,0.12362739999662153,0.03472570001031272,0.08890169998630881,0.0929476000019349,ok,-3.7825405870189517,3.7825405870189517
NN_V3,TSP-squeezed_uniform-n30-g10000-3,39452.90070722182,39604,0.13134749999153428,0.03469879998010583,0.09664870001142845,0.1417406999971717,ok,-0.3815253327395646,0.3815253327395646
NN_V3,TSP-squeezed_uniform-n30-g10000-5,31743.785961315152,31716,0.14444319999893196,0.035249600012321025,0.10919359998661093,0.1103542000055313,ok,0.0876086559312405,0.0876086559312405
NN_V3,TSP-squeezed_uniform-n30-g10000-1,42935.39404715382,42127,0.17331649997504428,0.03332019998924807,0.1399962999857962,0.0420321000128751,ok,1.918945206527459,1.918945206527459
NN_V3,TSP-squeezed_uniform-n30-g1000-5,4243.841712693771,4196,0.1958994000160601,0.047046100022271276,0.14885329999378882,0.0567093999998178,ok,1.1401742777352506,1.1401742777352506
NN_V3,TSP-squeezed_uniform-n30-g10000-4,35652.28404747468,34865,0.2098913999798242,0.036734099994646385,0.17315729998517781,0.0503834999981336,ok,2.2580927792189223,2.2580927792189223
NN_V3,TSP-squeezed_uniform-n300-g1000-1,11356.339984316495,11061,0.15976799998315983,0.04962749997503124,0.11014050000812858,1.1621943000063766,ok,2.6701020189539393,2.6701020189539393
NN_V3,TSP-squeezed_uniform-n300-g1000-4,11344.969665199751,11210,0.16027119997306727,0.048451999988174066,0.1118191999848932,1.30159280000953,ok,1.2040112863492511,1.2040112863492511
NN_V3,TSP-squeezed_uniform-n40-g1000-1,3866.492154793814,3809,0.11085349999484606,0.02446300000883639,0.08639049998600967,0.0728550999920116,ok,1.5093766026204734,1.5093766026204734
NN_V3,TSP-squeezed_uniform-n300-g1000-2,11242.835769726575,11116,0.13711729997885413,0.05644570000004023,0.0806715999788139,1.1639710000017658,ok,1.1410198787925032,1.1410198787925032
NN_V3,TSP-squeezed_uniform-n300-g10000-2,113838.93297074363,112799,0.14252759999362752,0.061002800008282065,0.08152479998534545,1.792967299988959,ok,0.9219345656819887,0.9219345656819887
NN_V3,TSP-squeezed_uniform-n300-g1000-5,11409.529622793401,11139,0.15458939998643473,0.06358829999226145,0.09100109999417327,1.4115041999903042,ok,2.42867064182962,2.42867064182962
NN_V3,TSP-squeezed_uniform-n300-g10000-4,113880.43246016977,113142,0.12847360002342612,0.059454400005051866,0.06901920001837425,2.868346899995231,ok,0.6526598965634102,0.6526598965634102
NN_V3,TSP-squeezed_uniform-n300-g1000-3,10747.481669550325,10468,0.12795799999730662,0.04636959999334067,0.08158840000396594,1.6909853999968618,ok,2.66986692348419,2.66986692348419
NN_V3,TSP-squeezed_uniform-n300-g10000-1,114263.84472868871,112674,0.1111745999660343,0.04225059997406788,0.06892399999196641,3.110577800005558,ok,1.4110129476975253,1.4110129476975253
NN_V3,TSP-squeezed_uniform-n300-g10000-5,114439.85502810392,110278,0.14932610001415014,0.07749820000026375,0.07182790001388639,3.923994099997799,ok,3.773966727818713,3.773966727818713
NN_V3,TSP-squeezed_uniform-n40-g1000-4,4067.073998368578,4227,0.0840798000281211,0.025855000014416873,0.058224800013704225,0.0978140000079292,ok,-3.7834398304097934,3.7834398304097934
NN_V3,TSP-squeezed_uniform-n40-g1000-5,4291.333379182499,4285,0.09847959998296574,0.05421659999410622,0.04426299998885952,0.0860376000055112,ok,0.14780348150522524,0.14780348150522524
NN_V3,TSP-squeezed_uniform-n40-g1000-3,4412.853698417079,4455,0.13181660004192963,0.05863890002365224,0.07317770001827739,0.0902707999921403,ok,-0.9460449289095689,0.9460449289095689
NN_V3,TSP-squeezed_uniform-n40-g1000-2,4507.6604501648035,4320,0.12068200003704987,0.04379000002518296,0.07689200001186691,0.0578402999963145,ok,4.343991901963044,4.343991901963044
NN_V3,TSP-squeezed_uniform-n40-g10000-1,40206.966513322724,41785,0.09828289999859408,0.029897700005676597,0.06838519999291748,0.6247832999943057,ok,-3.7765549519618893,3.7765549519618893
NN_V3,TSP-squeezed_uniform-n300-g10000-3,118088.65196500137,115849,0.1724691999843344,0.08747150000999682,0.08499769997433759,28.033932099991944,ok,1.9332510120945068,1.9332510120945068
NN_V3,TSP-squeezed_uniform-n40-g10000-2,45196.669237435795,41759,0.12661919998936355,0.04460319998906925,0.0820160000002943,0.0899050000007264,ok,8.232163695097574,8.232163695097574
NN_V3,TSP-squeezed_uniform-n40-g10000-4,42327.34512538224,41170,0.17863540002144873,0.02953130000969395,0.14910410001175478,0.0784489999932702,ok,2.8111370546083125,2.8111370546083125
NN_V3,TSP-squeezed_uniform-n40-g10000-3,45433.5928149079,45736,0.2014807999948971,0.044733499991707504,0.1567473000031896,0.0904480000026524,ok,-0.6612016466068364,0.6612016466068364
NN_V3,TSP-squeezed_uniform-n40-g10000-5,44628.81346064777,43772,0.18034190000616945,0.03092869999818504,0.14941320000798441,0.0679046999866841,ok,1.9574464512651208,1.9574464512651208
NN_V3,TSP-squeezed_uniform-n400-g1000-1,12863.275243072683,12688,0.1581599000201095,0.03590360001544468,0.12225630000466481,3.0173847999976715,ok,1.3814253079498993,1.3814253079498993
NN_V3,TSP-squeezed_uniform-n400-g1000-2,13221.422437817673,13117,0.13757339998846874,0.046122999978251755,0.09145040001021698,9.757436699990649,ok,0.7960847588448059,0.7960847588448059
NN_V3,TSP-squeezed_uniform-n400-g1000-4,13325.450919274648,12977,0.16588399998727255,0.07876989999203943,0.08711409999523312,2.422584799991455,ok,2.6851423231459366,2.6851423231459366
NN_V3,TSP-squeezed_uniform-n400-g10000-2,128541.35557704954,125445,0.1422686000005342,0.051259700005175546,0.09100889999535866,44.8171888999932,ok,2.468297323169153,2.468297323169153
NN_V3,TSP-squeezed_uniform-n400-g1000-3,12724.71895474533,12466,0.12562940001953393,0.057610200019553304,0.06801919999998063,5.156594799991581,ok,2.0753967170329766,2.0753967170329766
NN_V3,TSP-squeezed_uniform-n5-g1000-4,1828.4320678531221,1774,0.0930559000116773,0.030548600014299154,0.06250729999737814,0.1682367000030353,ok,3.068324005249275,3.068324005249275
NN_V3,TSP-squeezed_uniform-n5-g1000-5,1465.599492216861,1552,0.12388680002186447,0.03728040002170019,0.08660640000016429,0.5055993999994826,ok,-5.567043027264104,5.567043027264104
NN_V3,TSP-squeezed_uniform-n5-g1000-2,1823.1514531438588,1889,0.11440080002648756,0.029001100017922,0.08539970000856556,0.0936622000008355,ok,-3.485894486825897,3.485894486825897
NN_V3,TSP-squeezed_uniform-n400-g1000-5,13190.683060255076,13044,0.1421009000041522,0.06621150000137277,0.07588940000277944,7.67400970000017,ok,1.1245251476163467,1.1245251476163467
NN_V3,TSP-squeezed_uniform-n5-g1000-1,1811.9385194490314,1828,0.09801840002182871,0.023767500009853393,0.07425090001197532,0.0474151000089477,ok,-0.8786367916284766,0.8786367916284766
NN_V3,TSP-squeezed_uniform-n5-g10000-1,18881.275454633287,21178,0.10719539999263361,0.039695799991022795,0.06749960000161082,0.2583138999907532,ok,-10.844860446532783,10.844860446532783
NN_V3,TSP-squeezed_uniform-n5-g1000-3,1233.6026423170988,1166,0.11762639999506064,0.04916890000458807,0.06845749999047257,0.089763199997833,ok,5.797825241603671,5.797825241603671
NN_V3,TSP-squeezed_uniform-n400-g10000-5,117249.88643772877,116751,0.15152779998607002,0.09223280000151135,0.05929499998455867,4.86965790000977,ok,0.42730806393844006,0.42730806393844006
NN_V3,TSP-squeezed_uniform-n400-g10000-1,131279.06205164967,129598,0.16240809997543693,0.09312139998655766,0.06928669998887926,3.049871200011694,ok,1.2971357981216307,1.2971357981216307
NN_V3,TSP-squeezed_uniform-n400-g10000-4,131525.8685163093,129431,0.16051669997978024,0.09157369998865761,0.06894299999112263,9.07665870001074,ok,1.618521464185012,1.618521464185012
NN_V3,TSP-squeezed_uniform-n400-g10000-3,129669.91889430769,126536,0.20477170002413914,0.1306728000054136,0.07409890001872554,1.678967100000591,ok,2.4767014085380348,2.4767014085380348
NN_V3,TSP-squeezed_uniform-n5-g10000-5,21322.257362231612,21991,0.09454670001287013,0.016864500008523464,0.07768220000434667,0.1421938999992562,ok,-3.040983301206802,3.040983301206802
NN_V3,TSP-squeezed_uniform-n5-g10000-2,10857.407330431306,10405,0.15454930000123568,0.04639659999520518,0.1081527000060305,0.2729534000100102,ok,4.3479801098635855,4.3479801098635855
NN_V3,TSP-squeezed_uniform-n5-g10000-3,20568.51907583233,20565,0.16707690001931041,0.028655400004936382,0.13842150001437403,0.4096152999991318,ok,0.017111966118792562,0.017111966118792562
NN_V3,TSP-squeezed_uniform-n5-g10000-4,14894.2785323633,15347,0.17208600000594743,0.029159099998651072,0.14292690000729635,0.0945542999979807,ok,-2.949902050151171,2.949902050151171
NN_V3,TSP-squeezed_uniform-n50-g10000-1,49800.00887417729,49669,0.11284030001843348,0.019941800012020394,0.09289850000641309,0.0505441999994218,ok,0.26376386514182376,0.26376386514182376
NN_V3,TSP-squeezed_uniform-n50-g1000-1,5632.843950192328,5438,0.1256784000142943,0.022356900008162484,0.10332150000613183,0.1224713000119663,ok,3.5830075430733284,3.5830075430733284
NN_V3,TSP-squeezed_uniform-n50-g1000-2,4974.948938947156,5118,0.14162269997177646,0.0233099999895785,0.11831269998219796,0.0775656000041635,ok,-2.7950578556632197,2.7950578556632197
NN_V3,TSP-squeezed_uniform-n50-g1000-3,4325.613495697402,4240,0.14387080000597052,0.03198050000355579,0.11189030000241473,0.1100609000131953,ok,2.0191862192783483,2.0191862192783483
NN_V3,TSP-squeezed_uniform-n50-g1000-5,5247.359828577057,5142,0.14284539999789558,0.027836799999931827,0.11500859999796376,0.0750116999988677,ok,2.0490048342484783,2.0490048342484783
NN_V3,TSP-squeezed_uniform-n50-g1000-4,4625.882076308888,4610,0.16952379999565892,0.03258349999669008,0.13694029999896884,0.1858805000083521,ok,0.34451358587609365,0.34451358587609365
NN_V3,TSP-squeezed_uniform-n50-g10000-4,48558.0687252644,46707,0.13652679999358952,0.03709490000619553,0.09943189998739399,0.1046692999952938,ok,3.963150545452284,3.963150545452284
NN_V3,TSP-squeezed_uniform-n50-g10000-2,44758.40625398513,43945,0.14501320000272244,0.044509700004709885,0.10050349999801256,0.1015773999970406,ok,1.8509642825921706,1.8509642825921706
NN_V3,TSP-squeezed_uniform-n50-g10000-3,55120.077863816405,55017,0.12964249998913147,0.04757759999483824,0.08206489999429323,0.1206403999967733,ok,0.18735638769181293,0.18735638769181293
NN_V3,TSP-squeezed_uniform-n50-g10000-5,50261.63641264709,48620,0.1884689999569673,0.03370799997355789,0.15476099998340942,0.0495611999940592,ok,3.376463209887057,3.376463209887057
NN_V3,TSP-squeezed_uniform-n500-g1000-4,14382.80682792794,14197,0.1893123000045307,0.09101810000720434,0.09829419999732636,6.175206600004458,ok,1.3087752900467675,1.3087752900467675
NN_V3,TSP-squeezed_uniform-n500-g10000-1,145942.3747854852,143196,0.17663610001909547,0.08188350001000799,0.09475260000908747,4.276460299995961,ok,1.9179130600611831,1.9179130600611831
NN_V3,TSP-squeezed_uniform-n500-g1000-3,14268.874962679984,13961,0.18469640001421794,0.08212380000622943,0.10257260000798851,3.7501296999980696,ok,2.2052500729172952,2.2052500729172952
NN_V3,TSP-squeezed_uniform-n500-g1000-5,14771.809190428583,14604,0.2056165999674704,0.09704279998550192,0.10857379998196848,3.0721726000047056,ok,1.149063204797199,1.149063204797199
NN_V3,TSP-squeezed_uniform-n500-g1000-1,14763.758534334454,14581,0.21416810000664555,0.09498960000928491,0.11917849999736063,9.311835500004236,ok,1.2534019226010182,1.2534019226010182
NN_V3,TSP-squeezed_uniform-n500-g1000-2,14095.601994164987,13795,0.22399299999233335,0.09779199998592958,0.12620100000640377,1.7912158999970416,ok,2.1790648362811638,2.1790648362811638
NN_V3,TSP-squeezed_uniform-n500-g10000-2,137236.37525941804,136735,0.17887639999389648,0.06426959999953397,0.11460679999436252,35.89451360001112,ok,0.36667660761183346,0.36667660761183346
NN_V3,TSP-squeezed_uniform-n500-g10000-3,140173.69145780161,139131,0.21074920002138242,0.10484210000140592,0.1059071000199765,2.523257900000317,ok,0.7494314407296827,0.7494314407296827
NN_V3,TSP-squeezed_uniform-n500-g10000-4,142937.7578096101,140767,0.16132619997370057,0.06977159998496063,0.09155459998873994,6.198698699998204,ok,1.5420928268771132,1.5420928268771132
NN_V3,TSP-squeezed_uniform-n500-g10000-5,143965.7209578571,142630,0.17578520000097342,0.06821979998494498,0.10756540001602843,3.0757080000039423,ok,0.9364936954757701,0.9364936954757701
NN_V3,TSP-squeezed_uniform-n60-g1000-2,4832.189277992671,4837,0.12397759998566471,0.024048399995081127,0.09992919999058358,0.1761621999903582,ok,-0.09945672952923046,0.09945672952923046
NN_V3,TSP-squeezed_uniform-n60-g1000-4,5152.743201305457,5104,0.11304160000872798,0.021312299999408424,0.09172930000931956,0.1329362999967998,ok,0.9550000255771306,0.9550000255771306
NN_V3,TSP-squeezed_uniform-n60-g1000-1,5524.589947654313,5591,0.13691930001368746,0.03953960002399981,0.09737969998968765,0.1069794000068213,ok,-1.1878027606096815,1.1878027606096815
NN_V3,TSP-squeezed_uniform-n60-g1000-3,5533.5371443398035,5461,0.14167829998768866,0.0394224000046961,0.10225589998299256,0.1329482000001007,ok,1.3282758531368521,1.3282758531368521
NN_V3,TSP-squeezed_uniform-n60-g10000-3,51637.016781286395,52767,0.14477959999931045,0.03289269999368116,0.11188690000562929,0.214213600003859,ok,-2.141458143751976,2.141458143751976
NN_V3,TSP-squeezed_uniform-n60-g10000-1,52913.03230253857,51741,0.16218990003108047,0.03627760001108982,0.12591230001999065,0.1747590000013588,ok,2.265190666084098,2.265190666084098
NN_V3,TSP-squeezed_uniform-n60-g1000-5,5455.868891349164,5651,0.14441490004537627,0.0373070000205189,0.10710790002485737,0.1439666000078432,ok,-3.4530367837698783,3.4530367837698783
NN_V3,TSP-squeezed_uniform-n60-g10000-2,56352.643968290125,54425,0.1650487000006251,0.05461039999499917,0.11043830000562593,0.2369259999977657,ok,3.5418354952505755,3.5418354952505755
NN_V3,TSP-squeezed_uniform-n60-g10000-4,54388.65495977283,56062,0.19770090002566576,0.04284690000349656,0.1548540000221692,0.65956179999921,ok,-2.9848115304968963,2.9848115304968963
NN_V3,TSP-squeezed_uniform-n60-g10000-5,50691.56821216573,50282,0.18181859998730943,0.03976929999771528,0.14204929998959415,0.2159966999897733,ok,0.814542405166322,0.814542405166322
NN_V3,TSP-squeezed_uniform-n600-g1000-3,15317.937481751433,15097,0.16744660001131706,0.06484580002143048,0.10260079998988658,12.408783199993197,ok,1.4634528830326068,1.4634528830326068
NN_V3,TSP-squeezed_uniform-n600-g1000-2,15146.341154742782,14986,0.21272080001654103,0.08736400000634603,0.125356800010195,5.085278300000937,ok,1.0699396419510359,1.0699396419510359
NN_V3,TSP-squeezed_uniform-n600-g1000-1,15899.33617035579,15747,0.2112120999954641,0.08571079999092035,0.12550130000454374,12.258267199998954,ok,0.9673980463312972,0.9673980463312972
NN_V3,TSP-squeezed_uniform-n600-g10000-1,159319.82800242258,155567,0.19040970000787638,0.07901850002235733,0.11139119998551905,4.811391499999445,ok,2.4123548068822966,2.4123548068822966
NN_V3,TSP-squeezed_uniform-n600-g1000-4,15787.859908533515,15513,0.19722669999464415,0.07399469998199493,0.12323200001264922,9.99692020000657,ok,1.7718037035616283,1.7718037035616283
NN_V3,TSP-squeezed_uniform-n70-g1000-2,4933.509172051803,5112,0.13515120002557524,0.05183570002554916,0.08331550000002608,0.1562643000070238,ok,-3.4916046155750577,3.4916046155750577
NN_V3,TSP-squeezed_uniform-n70-g1000-1,5993.436774886162,5834,0.16667010000674054,0.04627389999222942,0.12039620001451112,0.3724594000086654,ok,2.73288952495993,2.73288952495993
NN_V3,TSP-squeezed_uniform-n600-g10000-3,156179.25605528872,154317,0.17105850001098588,0.05368760001147166,0.11737089999951422,20.062011100002564,ok,1.2067731068441683,1.2067731068441683
NN_V3,TSP-squeezed_uniform-n600-g1000-5,16443.91781029207,16110,0.19434449999243952,0.10052770000766031,0.09381679998477921,3.893309999999474,ok,2.072736252588892,2.072736252588892
NN_V3,TSP-squeezed_uniform-n600-g10000-5,159566.78760090936,156206,0.1820692999754101,0.12056680000387132,0.06150249997153878,5.499487999986741,ok,2.151509929778216,2.151509929778216
NN_V3,TSP-squeezed_uniform-n600-g10000-2,156199.4677099844,154309,0.20487770001636818,0.103898700006539,0.10097900000982918,57.62730530000408,ok,1.2251182432550256,1.2251182432550256
NN_V3,TSP-squeezed_uniform-n600-g10000-4,158070.5473435102,157307,0.16865119998692535,0.1248007999965921,0.043850399990333244,7.379515399996308,ok,0.4853867555227695,0.4853867555227695
NN_V3,TSP-squeezed_uniform-n70-g1000-3,6016.439268266811,6026,0.13809790002414957,0.054823200014652684,0.08327470000949688,0.190687499998603,ok,-0.15865801083950765,0.15865801083950765
NN_V3,TSP-squeezed_uniform-n70-g10000-2,56367.346379731316,56510,0.102356499992311,0.04422989999875426,0.05812659999355674,0.1132949000020744,ok,-0.2524396040854431,0.2524396040854431
NN_V3,TSP-squeezed_uniform-n70-g1000-4,5068.0788317923725,5032,0.18308749998686835,0.057251599995652214,0.12583589999121614,0.1551814999984344,ok,0.7169879132029514,0.7169879132029514
NN_V3,TSP-squeezed_uniform-n70-g1000-5,5276.905652501053,5307,0.16503350000130013,0.07780560001265258,0.08722789998864755,0.2540863000031095,ok,-0.5670689183898092,0.5670689183898092
NN_V3,TSP-squeezed_uniform-n70-g10000-3,56419.78156786272,55062,0.15253490000031888,0.06142280000494793,0.09111209999537095,0.1613389999984065,ok,2.465914002147984,2.465914002147984
NN_V3,TSP-squeezed_uniform-n70-g10000-1,53593.84582393506,52099,0.14190920002874918,0.05154250000487082,0.09036670002387837,0.1351523000048473,ok,2.8692409142882944,2.8692409142882944
NN_V3,TSP-squeezed_uniform-n70-g10000-4,54908.56506644632,55339,0.16479650000110269,0.03778719998081215,0.12700930002029054,0.5710421999974642,ok,-0.7778148024967612,0.7778148024967612
NN_V3,TSP-squeezed_uniform-n70-g10000-5,51667.309222115204,52051,0.18362340002204292,0.034754799999063835,0.14886860002297908,0.500084400002379,ok,-0.7371439124796761,0.7371439124796761
NN_V3,TSP-squeezed_uniform-n700-g1000-1,16817.852102918405,16574,0.17786590004106984,0.04695820002234541,0.13090770001872443,22.08940680000524,ok,1.4712930066272767,1.4712930066272767
NN_V3,TSP-squeezed_uniform-n8-g1000-4,2428.6099376383863,2290,0.1316804000234697,0.02258390001952648,0.10909650000394322,0.0550985999871045,ok,6.0528357047330275,6.0528357047330275
NN_V3,TSP-squeezed_uniform-n8-g1000-3,2220.89948334964,2119,0.12618729996029288,0.031606199976522475,0.0945810999837704,0.1601779999909922,ok,4.808847727684753,4.808847727684753
NN_V3,TSP-squeezed_uniform-n700-g1000-4,17119.81627428654,16694,0.1515738999878522,0.08164879999822006,0.06992509998963214,3.6270723000052394,ok,2.5507144739819028,2.5507144739819028
NN_V3,TSP-squeezed_uniform-n8-g1000-1,2145.3490735869273,2279,0.1376868000079412,0.03386960001080297,0.10381719999713823,0.0834959999920101,ok,-5.86445486674299,5.86445486674299
NN_V3,TSP-squeezed_uniform-n700-g1000-2,16632.082588761463,16408,0.18828520001261495,0.07368450000649318,0.11460070000612177,17.86578659999941,ok,1.3656910577856096,1.3656910577856096
NN_V3,TSP-squeezed_uniform-n8-g1000-2,1602.410687286174,1522,0.11860800001886673,0.03948920001857914,0.07911880000028759,0.0368099000043002,ok,5.283225183060047,5.283225183060047
NN_V3,TSP-squeezed_uniform-n700-g10000-4,164979.16013793228,164296,0.1558480999956373,0.09453269999357872,0.061315400002058595,4.943116299982648,ok,0.41581057234033814,0.41581057234033814
NN_V3,TSP-squeezed_uniform-n8-g10000-1,21606.2832664398,22070,0.08675210000365041,0.03156989999115467,0.05518220001249574,0.3478677999955835,ok,-2.1011179590403213,2.1011179590403213
NN_V3,TSP-squeezed_uniform-n700-g1000-3,17022.96210206783,16856,0.16294399995240383,0.09159849997377023,0.0713454999786336,6.892722300006426,ok,0.9905203017787816,0.9905203017787816
NN_V3,TSP-squeezed_uniform-n8-g1000-5,2378.4268501484366,2427,0.10074890000396408,0.03118930000346154,0.06955960000050254,0.1028252999967662,ok,-2.001365877691115,2.001365877691115
NN_V3,TSP-squeezed_uniform-n700-g10000-3,172310.68347351858,170693,0.17792570000165142,0.10801540000829846,0.06991029999335296,5.504404599996633,ok,0.9477151807740117,0.9477151807740117
NN_V3,TSP-squeezed_uniform-n700-g10000-5,172627.0894808853,169241,0.18782319998717867,0.11875959997996688,0.06906360000721179,8.107015000001411,ok,2.0007501024487593,2.0007501024487593
NN_V3,TSP-squeezed_uniform-n8-g10000-2,20723.25503892766,20330,0.12808029999723658,0.03848139999900013,0.08959889999823645,0.2204401000053621,ok,1.934358282969299,1.934358282969299
NN_V3,TSP-squeezed_uniform-n700-g1000-5,16988.58239164854,16845,0.223595400020713,0.13603140000486746,0.08756400001584552,7.519965999992564,ok,0.8523739486407762,0.8523739486407762
NN_V3,TSP-squeezed_uniform-n8-g10000-4,20015.251026500482,19723,0.11325090000173077,0.031301000009989366,0.0819498999917414,0.3093915000063134,ok,1.4817777544008626,1.4817777544008626
NN_V3,TSP-squeezed_uniform-n700-g10000-2,166156.88431262458,163358,0.210411700012628,0.109396400017431,0.10101529999519698,9.388225399990915,ok,1.7133438904887288,1.7133438904887288
NN_V3,TSP-squeezed_uniform-n8-g10000-3,20065.61425354879,21716,0.1468355000251904,0.0449300000036601,0.10190550002153032,0.2111367000034079,ok,-7.5998606854448845,7.5998606854448845
NN_V3,TSP-squeezed_uniform-n700-g10000-1,173657.69951816252,170338,0.22556140000233427,0.11151930000050925,0.11404210000182502,188.08393760000763,ok,1.948889571418312,1.948889571418312
NN_V3,TSP-squeezed_uniform-n8-g10000-5,19061.466741541866,18981,0.1311703999817837,0.03279549998114817,0.09837490000063553,0.3813599999994039,ok,0.42393309910893107,0.42393309910893107
NN_V3,TSP-squeezed_uniform-n80-g1000-2,5929.716817803914,6081,0.13146359997335821,0.0225557999801822,0.10890779999317601,0.32952660000592,ok,-2.48780105568305,2.48780105568305
NN_V3,TSP-squeezed_uniform-n80-g1000-1,6658.424667515414,6727,0.15894279998610727,0.026402899995446205,0.13253989999066107,0.3328784000041196,ok,-1.019404377651054,1.019404377651054
NN_V3,TSP-squeezed_uniform-n80-g1000-3,6539.64253110555,6485,0.13873499998589978,0.018929399986518547,0.11980559999938123,0.4077945000026375,ok,0.8425987834317658,0.8425987834317658
NN_V3,TSP-squeezed_uniform-n80-g1000-4,6188.859922356933,6221,0.1408071000187192,0.02558730001328513,0.11521980000543408,0.3273258000117494,ok,-0.5166384446723573,0.5166384446723573
NN_V3,TSP-squeezed_uniform-n80-g10000-1,56020.0168475043,55810,0.1513627000094857,0.030753400002140552,0.12060930000734515,0.2727240000094753,ok,0.376306840179722,0.376306840179722
NN_V3,TSP-squeezed_uniform-n80-g10000-2,61496.31990873889,60709,0.15163950002170168,0.04497380001703277,0.1066657000046689,0.1120299000031082,ok,1.2968751070498492,1.2968751070498492
NN_V3,TSP-squeezed_uniform-n80-g10000-3,56878.9625800699,55642,0.17156079999404028,0.04181980001158081,0.12974099998245947,0.2193542000022716,ok,2.2230735416949416,2.2230735416949416
NN_V3,TSP-squeezed_uniform-n80-g1000-5,5658.566176049586,5615,0.18534470000304282,0.016538900003070012,0.1688057999999728,0.5399780000007013,ok,0.7758891549347449,0.7758891549347449
NN_V3,TSP-squeezed_uniform-n80-g10000-5,57799.45156253618,56490,0.14117109999642707,0.026736200001323596,0.11443489999510348,0.1236403999937465,ok,2.318023654693188,2.318023654693188
NN_V3,TSP-squeezed_uniform-n80-g10000-4,60699.81466649944,60429,0.18429430000833236,0.02561109999078326,0.1586832000175491,0.2127212999912444,ok,0.4481534801162388,0.4481534801162388
NN_V3,TSP-squeezed_uniform-n800-g1000-1,18019.080587807635,17772,0.2241057999781333,0.09015529998578131,0.13395049999235198,9.756313599995336,ok,1.390280147465875,1.390280147465875
NN_V3,TSP-squeezed_uniform-n800-g1000-2,17777.459058370077,17713,0.2131983000144828,0.10342379999929108,0.10977450001519173,7.793820399994729,ok,0.36390819381289113,0.36390819381289113
NN_V3,TSP-squeezed_uniform-n800-g1000-5,18157.0458268011,17794,0.20449920001556166,0.08437500000582077,0.12012420000974089,9.829693599996972,ok,2.040271028442727,2.040271028442727
NN_V3,TSP-squeezed_uniform-n800-g1000-3,17954.109658851667,17809,0.23671239998657256,0.11664359999122098,0.12006879999535158,8.546004100004211,ok,0.8148108195388095,0.8148108195388095
NN_V3,TSP-squeezed_uniform-n800-g10000-1,178877.9839997599,177832,0.21417910000309348,0.10071840000455268,0.1134606999985408,9.86707199999364,ok,0.5881866029510382,0.5881866029510382
NN_V3,TSP-squeezed_uniform-n800-g1000-4,18486.464138271927,18157,0.22220029999152757,0.10893260000739247,0.1132676999841351,11.36406690001604,ok,1.8145295933905787,1.8145295933905787
NN_V3,TSP-squeezed_uniform-n800-g10000-3,176320.0574940974,173257,0.22386130000813864,0.1044670999981463,0.11939420000999235,14.214093999995384,ok,1.7679271221926904,1.7679271221926904
NN_V3,TSP-squeezed_uniform-n800-g10000-4,180041.76652042195,177691,0.20252279998385347,0.10976979997940361,0.09275300000444986,10.27667229998042,ok,1.3229519336499609,1.3229519336499609
NN_V3,TSP-squeezed_uniform-n800-g10000-5,177326.67675916012,175386,0.22094890000880696,0.1272014999995008,0.09374740000930615,301.75869070002227,ok,1.1065174866637724,1.1065174866637724
NN_V3,TSP-squeezed_uniform-n800-g10000-2,179257.68065006286,175984,0.21401550000882708,0.11504030000651255,0.09897520000231452,14.868727900000522,ok,1.8602149343479288,1.8602149343479288
NN_V3,TSP-squeezed_uniform-n90-g1000-4,6760.238846888133,6757,0.11902220000047237,0.03813800000352785,0.08088419999694452,0.375674800001434,ok,0.04793320834886317,0.04793320834886317
NN_V3,TSP-squeezed_uniform-n90-g1000-5,6079.656354695471,6269,0.1251464999804739,0.058666400000220165,0.06648009998025373,0.2285838999960106,ok,-3.020316562522392,3.020316562522392
NN_V3,TSP-squeezed_uniform-n90-g1000-1,6233.9359358472575,6142,0.14536379999481142,0.05590929999016225,0.08945450000464916,0.3458778000058373,ok,1.496840375240272,1.496840375240272
NN_V3,TSP-squeezed_uniform-n90-g1000-3,6381.222059694017,6342,0.13060980002046563,0.05537810001987964,0.07523170000058599,0.3836607999983243,ok,0.6184493802273248,0.6184493802273248
NN_V3,TSP-squeezed_uniform-n90-g1000-2,6029.714371778537,5948,0.12097009998979047,0.038811299978988245,0.08215880001080222,0.4681224999949336,ok,1.3738125719323568,1.3738125719323568
NN_V3,TSP-squeezed_uniform-n90-g10000-4,57722.93381264771,57180,0.14473440000438131,0.04504789999919012,0.09968650000519119,0.5893178999976953,ok,0.9495169860925301,0.9495169860925301
NN_V3,TSP-squeezed_uniform-n90-g10000-1,65721.34317499079,65664,0.16713580003124662,0.06390040001133457,0.10323540001991205,0.1881551999977091,ok,0.08732817828763162,0.08732817828763162
NN_V3,TSP-squeezed_uniform-n90-g10000-3,67980.34343825479,68545,0.1502823000191711,0.049772300000768155,0.10051000001840293,0.39099040000292,ok,-0.8237749824862707,0.8237749824862707
NN_V3,TSP-squeezed_uniform-n90-g10000-2,56940.13611897826,57387,0.16944619998685084,0.06803819999913685,0.10140799998771399,0.12454560000333,ok,-0.7786848607206128,0.7786848607206128
NN_V3,TSP-squeezed_uniform-n90-g10000-5,61700.031220582605,61457,0.20173280002200045,0.03408450001734309,0.16764830000465736,0.1294265999895287,ok,0.3954492093375936,0.3954492093375936
NN_V3,TSP-squeezed_uniform-n900-g1000-1,18705.70540718513,18658,0.21875139998155646,0.06453030000557192,0.15422109997598454,15.1479238000029,ok,0.255683391494966,0.255683391494966
NN_V3,TSP-triangular-n10-g1000-3,2276.2761328410415,2251,0.14644889999181032,0.034450900013325736,0.11199799997848459,0.130503199994564,ok,1.122884621992072,1.122884621992072
NN_V3,TSP-squeezed_uniform-n900-g1000-3,18424.830529948696,18359,0.1845916000311263,0.1013610000081826,0.08323060002294369,6.943560100000468,ok,0.3585736148412032,0.3585736148412032
NN_V3,TSP-squeezed_uniform-n900-g1000-2,19074.938429995498,18786,0.2107553999812808,0.06419439997989684,0.14656100000138395,12.430654700001469,ok,1.5380519003273616,1.5380519003273616
NN_V3,TSP-triangular-n10-g1000-2,2562.1882903637015,2529,0.155533099983586,0.03360540000721812,0.12192769997636788,0.0802861999982269,ok,1.3123088320957503,1.3123088320957503
NN_V3,TSP-squeezed_uniform-n900-g1000-5,19399.5348928108,19109,0.1608797999797389,0.1002829999779351,0.060596800001803786,7.20316129999992,ok,1.5204086703166029,1.5204086703166029
NN_V3,TSP-triangular-n10-g1000-4,1769.7173560113297,1758,0.11093409999739379,0.034024299995508045,0.07690980000188574,0.0609292000008281,ok,0.6665162691313814,0.6665162691313814
NN_V3,TSP-triangular-n10-g1000-1,1910.614141920225,1643,0.10981559997890145,0.02128449999145232,0.08853109998744912,0.2026003999926615,ok,16.28814010470024,16.28814010470024
NN_V3,TSP-triangular-n10-g1000-5,1933.3057233308791,2010,0.11983390001114458,0.03672450000885874,0.08310940000228584,0.0464481999952113,ok,-3.8156356551801434,3.8156356551801434
NN_V3,TSP-squeezed_uniform-n900-g1000-4,19015.210926756263,18734,0.192343400005484,0.13807549999910407,0.05426790000637993,10.109083800009104,ok,1.5010725245877163,1.5010725245877163
NN_V3,TSP-triangular-n10-g10000-1,13342.487801737385,14788,0.09198699999251403,0.029480700002750382,0.06250629998976365,0.1047255000012228,ok,-9.774899907104512,9.774899907104512
NN_V3,TSP-squeezed_uniform-n900-g10000-1,189861.52349613258,187825,0.1761926999897696,0.11880570001085289,0.05738699997891672,13.356180600007065,ok,1.084266469390431,1.084266469390431
NN_V3,TSP-triangular-n10-g10000-4,13003.129856541054,13893,0.09414070000639185,0.03917639999417588,0.05496430001221597,0.0425600000016856,ok,-6.405169102849966,6.405169102849966
NN_V3,TSP-triangular-n10-g10000-2,22347.006784666795,21890,0.10444250001455657,0.03488439999637194,0.06955810001818463,0.0391999999992549,ok,2.0877422780575388,2.0877422780575388
NN_V3,TSP-squeezed_uniform-n900-g10000-2,193643.3368342896,192021,0.19871199995395727,0.12261159997433424,0.07610039997962303,13.735678299999565,ok,0.8448746930229503,0.8448746930229503
NN_V3,TSP-squeezed_uniform-n900-g10000-5,194143.54901128937,191034,0.22333240002626553,0.15563060002750717,0.06770179999875836,11.481866899994202,ok,1.6277463756657846,1.6277463756657846
NN_V3,TSP-triangular-n10-g10000-3,18053.819801020436,17277,0.12788680000812747,0.059894300007727,0.06799250000040047,0.0516573999921092,ok,4.496265561268947,4.496265561268947
NN_V3,TSP-squeezed_uniform-n900-g10000-4,191120.8280664722,190929,0.21911660002660938,0.11732770001981407,0.1017889000067953,10.996957600000314,ok,0.10047089047352523,0.10047089047352523
NN_V3,TSP-squeezed_uniform-n900-g10000-3,192691.16795008164,188704,0.29237650000141,0.1478867999976501,0.14448970000375994,196.56053090000933,ok,2.1129217982033444,2.1129217982033444
NN_V3,TSP-triangular-n10-g10000-5,17426.159581157117,19644,0.19923489997745492,0.038840900000650436,0.16039399997680448,0.0401154000137466,ok,-11.290167068025266,11.290167068025266
NN_V3,TSP-triangular-n100-g1000-1,6250.439284342829,6323,0.17425710000679828,0.027132999995956197,0.14712410001084208,1.2930448000115575,ok,-1.1475678579340722,1.1475678579340722
NN_V3,TSP-triangular-n100-g1000-2,6423.77301721531,6360,0.16498930001398548,0.027321700006723404,0.13766760000726208,0.3768688999989535,ok,1.0027203964671332,1.0027203964671332
NN_V3,TSP-triangular-n100-g1000-4,6264.47148850502,6294,0.1475335000141058,0.03151339999749325,0.11602010001661256,0.0930332999996608,ok,-0.4691533443752811,0.4691533443752811
NN_V3,TSP-triangular-n100-g10000-1,64281.45295556565,63612,0.16915380000136793,0.03459840000141412,0.1345553999999538,0.4036098000069614,ok,1.0524004206213422,1.0524004206213422
NN_V3,TSP-triangular-n100-g10000-4,67172.87510896422,68053,0.15009540002210997,0.040039500017883256,0.11005590000422671,0.3019534999912139,ok,-1.2932933023316864,1.2932933023316864
NN_V3,TSP-triangular-n100-g10000-2,66434.54264073854,66089,0.16483369999332353,0.036501599999610335,0.1283320999937132,0.5108707999897888,ok,0.5228444079022809,0.5228444079022809
NN_V3,TSP-triangular-n100-g10000-3,58636.518685195595,59468,0.16718910000054166,0.04276159999426454,0.12442750000627711,5.219169200005126,ok,-1.3981995607795874,1.3981995607795874
NN_V3,TSP-triangular-n100-g1000-5,6431.625500986353,6267,0.18808689998695627,0.03754709998611361,0.15053980000084266,0.8648862999980338,ok,2.626862948561554,2.626862948561554
NN_V3,TSP-triangular-n100-g1000-3,6053.761130015075,6147,0.1775832999846898,0.030829600000288337,0.14675369998440146,0.3390816999890376,ok,-1.516819098502119,1.516819098502119
NN_V3,TSP-triangular-n100-g10000-5,67420.08146763092,66979,0.23849109999719076,0.09060039999894798,0.14789069999824278,0.3086417000013171,ok,0.6585369558084231,0.6585369558084231
NN_V3,TSP-triangular-n1000-g1000-3,20283.326781023236,20380,0.23536809996585362,0.11668479998479597,0.11868329998105764,21.08291569998255,ok,-0.47435338065144494,0.47435338065144494
NN_V3,TSP-triangular-n1000-g1000-1,19795.597741050646,19772,0.2307270999881439,0.10069839999778196,0.13002869999036193,10.944736899997224,ok,0.11934928712647032,0.11934928712647032
NN_V3,TSP-triangular-n1000-g10000-2,201804.79276953265,202479,0.23712390000582673,0.13893789998837747,0.09818600001744926,6.695150499988813,ok,-0.3329763730892336,0.3329763730892336
NN_V3,TSP-triangular-n1000-g10000-3,205098.21461471543,205982,0.20164450001902878,0.08189810000476427,0.11974640001426451,6.929742799999076,ok,-0.4290595223294137,0.4290595223294137
NN_V3,TSP-triangular-n1000-g1000-4,19904.074190668034,20047,0.24611090001417324,0.13134409999474883,0.11476680001942441,9.97155620000558,ok,-0.7129536056864662,0.7129536056864662
NN_V3,TSP-triangular-n1000-g1000-2,20257.139274490997,20272,0.2568336999975145,0.1569718999962788,0.09986180000123568,16.009300699995947,ok,-0.07330665700968235,0.07330665700968235
NN_V3,TSP-triangular-n1000-g10000-4,194729.8804954267,196710,0.17177230003289878,0.09630980002111755,0.07546250001178123,11.940346799994586,ok,-1.0066186287292407,1.0066186287292407
NN_V3,TSP-triangular-n20-g1000-1,3024.2053977364412,3015,0.14558449998730794,0.04342709999764338,0.10215739998966455,0.2646842999965884,ok,0.3053199912584155,0.3053199912584155
NN_V3,TSP-triangular-n1000-g10000-1,196344.42592609674,197324,0.2550182999984827,0.12166939998860471,0.13334890000987798,132.96062800000072,ok,-0.4964292604565398,0.4964292604565398
NN_V3,TSP-triangular-n1000-g1000-5,20050.48006026959,19915,0.27372019996983,0.1474125999957323,0.12630759997409768,8.671551999999792,ok,0.6802915403946296,0.6802915403946296
NN_V3,TSP-triangular-n20-g1000-2,3019.0885395551595,3023,0.11663010003394447,0.042183400015346706,0.07444670001859777,0.2454744999995455,ok,-0.1293900246391163,0.1293900246391163
NN_V3,TSP-triangular-n20-g1000-4,2790.3255004924868,2653,0.11444470004062168,0.03939710001577623,0.07504760002484545,0.2421321000001626,ok,5.176234470127658,5.176234470127658
NN_V3,TSP-triangular-n20-g10000-1,33526.46549582016,35657,0.09292130000540055,0.030367400002432987,0.06255390000296757,0.0649526999914087,ok,-5.9750806410518065,5.9750806410518065
NN_V3,TSP-triangular-n20-g1000-3,2703.141544256141,2495,0.136236899998039,0.026274500007275492,0.10996239999076352,0.2444632999977329,ok,8.342346463171985,8.342346463171985
NN_V3,TSP-triangular-n20-g10000-3,29357.94960136304,29867,0.11817270002211444,0.03903270000591874,0.0791400000161957,0.066075800001272,ok,-1.7043907946461263,1.7043907946461263
NN_V3,TSP-triangular-n20-g10000-2,29138.689559448743,29626,0.12329990000580437,0.03002340000239201,0.09327650000341237,0.0458125000004656,ok,-1.6448742339541509,1.6448742339541509
NN_V3,TSP-triangular-n20-g1000-5,3356.4048621628463,3075,0.12025780000840314,0.02830780000658706,0.09195000000181608,0.2337998000002699,ok,9.151377631312073,9.151377631312073
NN_V3,TSP-triangular-n20-g10000-4,31598.827035913593,31057,0.12409150000894442,0.03528139999252744,0.08881010001641698,0.0440557000110857,ok,1.7446212960478897,1.7446212960478897
NN_V3,TSP-triangular-n1000-g10000-5,205004.64822706324,205708,0.2401698000030592,0.13516050000907853,0.10500929999398068,5.907596500008367,ok,-0.3419175593252375,0.3419175593252375
NN_V3,TSP-triangular-n20-g10000-5,26862.57270795596,27846,0.15122060000430793,0.03040560000226833,0.1208150000020396,0.0428526000032434,ok,-3.5316644833873507,3.5316644833873507
NN_V3,TSP-triangular-n200-g1000-1,9774.89912172954,9735,0.16952080000191927,0.03714239998953417,0.1323784000123851,0.7559660999977496,ok,0.4098523033337508,0.4098523033337508
NN_V3,TSP-triangular-n200-g1000-2,9131.459551276712,9061,0.1815984999993816,0.04810499999439344,0.13349350000498816,1.067550299994764,ok,0.7776134121698693,0.7776134121698693
NN_V3,TSP-triangular-n200-g1000-3,9279.962914817384,9225,0.16933320002863184,0.044640200008871034,0.1246930000197608,1.114441199999419,ok,0.595803954659994,0.595803954659994
NN_V3,TSP-triangular-n200-g1000-4,9001.05759000915,8925,0.13068159998510964,0.05901649998850189,0.07166509999660775,0.3257950999977765,ok,0.8521858824554607,0.8521858824554607
NN_V3,TSP-triangular-n200-g10000-1,90580.57465487067,90972,0.1378392999758944,0.03398499998729676,0.10385429998859763,2.7335846000059973,ok,-0.43027013271043113,0.43027013271043113
NN_V3,TSP-triangular-n200-g1000-5,8902.810598931159,8953,0.12254000001121312,0.062337700015632436,0.06020229999558069,1.166234300006181,ok,-0.5605875245039775,0.5605875245039775
NN_V3,TSP-triangular-n30-g1000-1,3295.556941335999,3241,0.09956820000661537,0.027710800000932068,0.0718574000056833,0.124444000000949,ok,1.6833366657204258,1.6833366657204258
NN_V3,TSP-triangular-n200-g10000-4,91865.83639151487,93564,0.1271462999866344,0.04410569998435676,0.08304060000227764,2.433846399988397,ok,-1.8149754269645744,1.8149754269645744
NN_V3,TSP-triangular-n200-g10000-5,91377.28969611693,91566,0.1309231000195723,0.05351140000857413,0.07741170001099817,1.348227499998757,ok,-0.20609211266525593,0.20609211266525593
NN_V3,TSP-triangular-n200-g10000-2,91238.82976456033,89508,0.14581550000002608,0.05237940000370145,0.09343609999632463,1.5262900000088848,ok,1.9337151590476054,1.9337151590476054
NN_V3,TSP-triangular-n30-g1000-5,3719.1970065389323,3693,0.12542729996494018,0.05618849999154918,0.069238799973391,0.1722009999939473,ok,0.7093692536943496,0.7093692536943496
NN_V3,TSP-triangular-n30-g1000-2,3283.7626139566055,3350,0.09697339998092502,0.03992189999553375,0.057051499985391274,0.1264783999940846,ok,-1.9772354042804332,1.9772354042804332
NN_V3,TSP-triangular-n200-g10000-3,89540.89941221662,88356,0.13190010000835173,0.06578949998947792,0.06611060001887381,2.124054600004456,ok,1.3410514421393211,1.3410514421393211
NN_V3,TSP-triangular-n30-g1000-4,3490.3872390434844,3398,0.11692430000402965,0.052674600010504946,0.0642496999935247,0.0937657000031322,ok,2.7188710724980707,2.7188710724980707
NN_V3,TSP-triangular-n30-g10000-2,33590.493216107134,32698,0.09061679997830652,0.03091499998117797,0.059701799997128546,0.048004199998104,ok,2.7295039944557278,2.7295039944557278
NN_V3,TSP-triangular-n30-g1000-3,3405.834461986313,3361,0.11318640000536107,0.029214000009233132,0.08397239999612793,0.1709834999928716,ok,1.3339619751952638,1.3339619751952638
NN_V3,TSP-triangular-n30-g10000-3,37508.77649462444,37780,0.10776590000023134,0.035420200001681224,0.07234569999855012,0.0544080999970901,ok,-0.7179023435033287,0.7179023435033287
NN_V3,TSP-triangular-n30-g10000-1,38587.63284789777,37316,0.1324546999821905,0.06352799999876879,0.06892669998342171,0.1468636999925365,ok,3.4077415797453283,3.4077415797453283
NN_V3,TSP-triangular-n30-g10000-4,34998.068616574805,33844,0.1134203000110574,0.041071000014198944,0.07234929999685846,0.0694358000037027,ok,3.4099651831190307,3.4099651831190307
NN_V3,TSP-triangular-n30-g10000-5,35145.28790374176,35090,0.1725375000096392,0.03508400000282563,0.13745350000681356,0.0695607000088784,ok,0.15756028424553656,0.15756028424553656
NN_V3,TSP-triangular-n300-g1000-1,11071.372442060849,11168,0.2157260999956634,0.045570199989015236,0.17015590000664815,2.491443299993989,ok,-0.8652181047560109,0.8652181047560109
NN_V3,TSP-triangular-n300-g1000-2,11041.557397740893,11007,0.19453360000625253,0.040805399999953806,0.15372820000629872,1.008043900001212,ok,0.3139583695911063,0.3139583695911063
NN_V3,TSP-triangular-n300-g1000-5,11424.50763213684,11239,0.15592499999911524,0.03850080000120215,0.11742419999791309,1.7380294000031429,ok,1.6505706213794793,1.6505706213794793
NN_V3,TSP-triangular-n300-g10000-1,106343.79443815257,109011,0.10250660000019707,0.0484885000041686,0.05401809999602847,41.04750159999821,ok,-2.446730661903318,2.446730661903318
NN_V3,TSP-triangular-n300-g1000-3,11360.757116139866,11378,0.14079219996347092,0.04965139998239465,0.09114079998107627,3.774108800003887,ok,-0.15154582404757944,0.15154582404757944
NN_V3,TSP-triangular-n40-g1000-4,4063.313010665028,3979,0.10461159999249503,0.041857399977743626,0.0627542000147514,0.0705116000026464,ok,2.118949752828043,2.118949752828043
NN_V3,TSP-triangular-n40-g10000-1,44000.11890164693,43067,0.09459609998157248,0.02641709998715669,0.06817899999441579,0.0771270999975968,ok,2.1666679862700646,2.1666679862700646
NN_V3,TSP-triangular-n40-g1000-5,4256.739215614507,4247,0.09442469998612069,0.053483800002140924,0.04094089998397976,0.0914270000066608,ok,0.22931988732062575,0.22931988732062575
NN_V3,TSP-triangular-n40-g1000-1,4282.802761877429,4295,0.09417939998093061,0.04211129999021068,0.05206809999071993,0.0558431999961612,ok,-0.28398691787127905,0.28398691787127905
NN_V3,TSP-triangular-n300-g1000-4,11111.256874263345,11224,0.13910800003213808,0.054326900019077584,0.0847811000130605,3.746195200001239,ok,-1.0044825885304276,1.0044825885304276
NN_V3,TSP-triangular-n40-g1000-2,3832.3341904470362,3874,0.09394349998910911,0.03520270000444725,0.05874079998466186,0.0835203000024193,ok,-1.075524252786881,1.075524252786881
NN_V3,TSP-triangular-n300-g10000-5,107642.59608307853,107321,0.14419590000761673,0.07238629998755641,0.07180960002006032,2.4188916999992216,ok,0.2996581126513296,0.2996581126513296
NN_V3,TSP-triangular-n40-g10000-4,44197.571349122794,45634,0.07819800000288524,0.03255800000624731,0.045639999996637926,0.1724466999876313,ok,-3.1477158497550195,3.1477158497550195
NN_V3,TSP-triangular-n300-g10000-2,115361.03188878915,115621,0.13323000000673346,0.07433589998981915,0.05889410001691431,2.6061027999967337,ok,-0.22484506379537622,0.22484506379537622
NN_V3,TSP-triangular-n40-g1000-3,3677.657702502911,3804,0.09605710001778789,0.030605900014052168,0.06545120000373572,0.0966712000081315,ok,-3.3213011960328345,3.3213011960328345
NN_V3,TSP-triangular-n300-g10000-3,112583.79898793832,112247,0.14766099999542348,0.09129049998591654,0.05637050000950694,2.5403442999959225,ok,0.30005166101394604,0.30005166101394604
NN_V3,TSP-triangular-n300-g10000-4,110332.96284615935,110649,0.17877989998669364,0.11780429998179898,0.06097560000489466,2.96442869999737,ok,-0.28562133759965935,0.28562133759965935
NN_V3,TSP-triangular-n40-g10000-2,46976.86656621331,47799,0.0990639999799896,0.03977249999297783,0.059291499987011775,0.1028002999955788,ok,-1.7199804050015408,1.7199804050015408
NN_V3,TSP-triangular-n40-g10000-3,44403.94770148548,45773,0.12375579998479225,0.03858849999960512,0.08516729998518713,0.2046981000021333,ok,-2.990960388251855,2.990960388251855
NN_V3,TSP-triangular-n40-g10000-5,40871.01500141225,41802,0.20834469998953864,0.0539674999890849,0.15437720000045374,0.0867475000122794,ok,-2.2271302774693837,2.2271302774693837
NN_V3,TSP-triangular-n400-g1000-1,12595.3068975918,12520,0.2115371999971103,0.027093399985460564,0.18444380001164973,2.2337031999923056,ok,0.6014927922667691,0.6014927922667691
NN_V3,TSP-triangular-n400-g1000-2,13101.15843001238,13224,0.14940420002676547,0.03935310000088066,0.11005110002588481,3.211410399992019,ok,-0.9289289926468577,0.9289289926468577
NN_V3,TSP-triangular-n400-g10000-1,129589.13499115803,128847,0.12769599998136982,0.09390959999291226,0.03378639998845756,13.632044999991194,ok,0.5759815837062817,0.5759815837062817
NN_V3,TSP-triangular-n5-g10000-3,18894.40327055531,19319,0.07859900002949871,0.03422480000881478,0.04437420002068393,0.2645178999955533,ok,-2.197819397715664,2.197819397715664
NN_V3,TSP-triangular-n5-g1000-1,1864.6003789127717,1758,0.0920650000043679,0.019745900004636496,0.0723190999997314,0.0450479999999515,ok,6.063730313582008,6.063730313582008
NN_V3,TSP-triangular-n5-g1000-3,1523.043412540981,1381,0.1066292000177782,0.02234570001019165,0.08428350000758655,0.0463090999983251,ok,10.285547613394721,10.285547613394721
NN_V3,TSP-triangular-n5-g1000-4,1764.605620313203,1745,0.1002345000160858,0.045660800009500235,0.05457370000658557,0.0426731000043218,ok,1.1235312500402843,1.1235312500402843
NN_V3,TSP-triangular-n5-g10000-2,16095.347794201516,17062,0.12292810002691112,0.03821540001081303,0.0847127000160981,0.1475754999992204,ok,-5.66552693587202,5.66552693587202
NN_V3,TSP-triangular-n5-g10000-1,10415.550430980627,11428,0.10247199999867007,0.03895590000320226,0.06351609999546781,0.2409940000070491,ok,-8.859376697754398,8.859376697754398
NN_V3,TSP-triangular-n5-g1000-5,1771.1169115880039,1750,0.0994283999898471,0.030437600013101473,0.06899079997674562,0.0502059999998891,ok,1.206680662171649,1.206680662171649
NN_V3,TSP-triangular-n5-g1000-2,1341.6679676328931,1344,0.1057147000101395,0.029991699993843213,0.07572300001629628,0.0462767999997595,ok,-0.17351431302878545,0.17351431302878545
NN_V3,TSP-triangular-n400-g10000-3,127336.40450166469,127744,0.11788360000355169,0.06801149999955669,0.049872100003995,4.949057600009837,ok,-0.319072127329123,0.319072127329123
NN_V3,TSP-triangular-n400-g1000-5,12839.738301578502,12738,0.14890140003990382,0.07635460002347827,0.07254680001642555,1.881639899991569,ok,0.7986991802363141,0.7986991802363141
NN_V3,TSP-triangular-n400-g1000-4,12264.42128799,12332,0.1299445999902673,0.05800599997746758,0.07193860001279972,12.060511299991049,ok,-0.547994745458964,0.547994745458964
NN_V3,TSP-triangular-n400-g10000-4,124866.50242951512,123162,0.1693439999653492,0.08615649997955188,0.08318749998579733,2.1948649999976624,ok,1.383951567460031,1.383951567460031
NN_V3,TSP-triangular-n400-g1000-3,12775.864274997264,12850,0.19157860000268556,0.0842938999994658,0.10728470000321977,2.17433809999784,ok,-0.5769317120835474,0.5769317120835474
NN_V3,TSP-triangular-n5-g10000-4,13386.639288768201,12844,0.12688990001333877,0.03682090001530014,0.09006899999803863,0.1811797999980626,ok,4.224846533542521,4.224846533542521
NN_V3,TSP-triangular-n400-g10000-5,129026.35890886409,129463,0.21657770001911558,0.11979769999743439,0.09678000002168119,6.912994600003003,ok,-0.3372709508785619,0.3372709508785619
NN_V3,TSP-triangular-n400-g10000-2,131150.07068185927,129865,0.18320109997875988,0.07241689998772927,0.11078419999103062,2.955103399988729,ok,0.9895435120003645,0.9895435120003645
NN_V3,TSP-triangular-n5-g10000-5,15345.912420537672,15758,0.1871355999901425,0.026352499990025535,0.16078310000011697,0.3198285999969812,ok,-2.6151007707978677,2.6151007707978677
NN_V3,TSP-triangular-n50-g1000-1,4287.936509504863,4338,0.20142779999878258,0.019045099994400516,0.18238270000438206,0.0649546000058762,ok,-1.1540684761442288,1.1540684761442288
NN_V3,TSP-triangular-n50-g1000-4,4225.292662660824,4059,0.12258769999607466,0.022029199986718595,0.10055850000935607,0.1357970999961253,ok,4.096887476245975,4.096887476245975
NN_V3,TSP-triangular-n50-g1000-2,5442.39568353194,5483,0.14152180001838133,0.015883700019912794,0.12563809999846853,0.116802499993355,ok,-0.7405492698898332,0.7405492698898332
NN_V3,TSP-triangular-n50-g1000-5,4725.557473325171,4907,0.15381290001096204,0.027481199998874217,0.12633170001208782,0.1487860999914119,ok,-3.697626384243518,3.697626384243518
NN_V3,TSP-triangular-n50-g1000-3,4748.616091818309,4846,0.16274019997217692,0.022721599991200492,0.14001859998097643,0.2460060000012163,ok,-2.0095730124162476,2.0095730124162476
NN_V3,TSP-triangular-n50-g10000-5,48337.165943132946,49518,0.14289170000120066,0.03723539999919012,0.10565630000201054,0.1669016999949235,ok,-2.384656199497261,2.384656199497261
NN_V3,TSP-triangular-n50-g10000-3,44290.25195986871,43900,0.15328619998763315,0.04050079997978173,0.11278540000785142,0.2029460999910952,ok,0.8889566284025211,0.8889566284025211
NN_V3,TSP-triangular-n50-g10000-1,44758.76114581677,46407,0.14506929999333806,0.02392179999151267,0.12114750000182539,0.0521724999998696,ok,-3.5517030926007576,3.5517030926007576
NN_V3,TSP-triangular-n50-g10000-2,45790.23826726712,46650,0.15734429997974075,0.043531799979973584,0.11381249999976717,0.097438199998578,ok,-1.8430047861369285,1.8430047861369285
NN_V3,TSP-triangular-n50-g10000-4,49439.26127007074,48902,0.19085009998525493,0.049646400002529845,0.14120369998272508,0.0990014999988488,ok,1.0986488693115608,1.0986488693115608
NN_V3,TSP-triangular-n500-g1000-4,14028.757320244244,14057,0.18633050000062212,0.09185009999782778,0.09448040000279434,3.4482494999974733,ok,-0.20091541406954827,0.20091541406954827
NN_V3,TSP-triangular-n500-g1000-2,14731.366242369171,14529,0.1956400999915786,0.08411550000892021,0.1115245999826584,4.044809099999839,ok,1.3928435705772677,1.3928435705772677
NN_V3,TSP-triangular-n500-g1000-1,14093.383139793295,14028,0.18047529997420497,0.07825049999519251,0.10222479997901246,5.66844459999993,ok,0.46609024660176374,0.46609024660176374
NN_V3,TSP-triangular-n500-g1000-3,14114.008661374377,14195,0.21623739998904057,0.10294810001505539,0.11328929997398518,11.466740000003483,ok,-0.5705624418853331,0.5705624418853331
NN_V3,TSP-triangular-n500-g1000-5,14105.48373941984,14014,0.2022548000095412,0.06984459998784587,0.13241020002169535,3.115116200002376,ok,0.6528024790911965,0.6528024790911965
NN_V3,TSP-triangular-n500-g10000-2,142678.41342982976,143076,0.18500180001137778,0.06920790000003763,0.11579390001134016,2.948923800009652,ok,-0.2778848794838004,0.2778848794838004
NN_V3,TSP-triangular-n500-g10000-4,144530.1930117351,144399,0.19289879998541437,0.08044029999291524,0.11245849999249913,3.104352900001686,ok,0.09085451542953919,0.09085451542953919
NN_V3,TSP-triangular-n500-g10000-3,144070.2049595844,145292,0.18962039999314584,0.08380809999653138,0.10581229999661446,7.826755700007197,ok,-0.8409238226575447,0.8409238226575447
NN_V3,TSP-triangular-n500-g10000-1,143761.58248008345,143657,0.21931499999482185,0.10126890000537969,0.11804609998944215,6.635692500000005,ok,0.07280012814095556,0.07280012814095556
NN_V3,TSP-triangular-n500-g10000-5,141460.8709022426,139987,0.1731669999717269,0.06320189998950809,0.10996509998221882,2.9702507000038167,ok,1.05286269599506,1.05286269599506
NN_V3,TSP-triangular-n60-g1000-1,4856.88997821042,4846,0.1291481000080239,0.04123900001286529,0.08790909999515861,0.0886711000057403,ok,0.2247209700870809,0.2247209700870809
NN_V3,TSP-triangular-n60-g1000-3,5083.84491635859,5110,0.1462716999812983,0.03491369998664595,0.11135799999465235,0.0480648000084329,ok,-0.5118411671508781,0.5118411671508781
NN_V3,TSP-triangular-n60-g1000-5,4766.581188379554,4874,0.13258539998787455,0.04074309999123216,0.0918422999966424,0.1584680000087246,ok,-2.2039148875758294,2.2039148875758294
NN_V3,TSP-triangular-n60-g10000-3,48025.00774420524,48354,0.1105243000201881,0.038630600000033155,0.07189370002015494,0.1435731000092346,ok,-0.6803827104164237,0.6803827104164237
NN_V3,TSP-triangular-n60-g10000-1,46524.852556254715,45853,0.10028559999773279,0.023589200020069256,0.07669639997766353,0.1144060000078752,ok,1.465231405261847,1.465231405261847
NN_V3,TSP-triangular-n60-g1000-2,4724.478876659778,4613,0.14040370000293478,0.03229269999428652,0.10811100000864826,0.0877694999944651,ok,2.4166242501577626,2.4166242501577626
NN_V3,TSP-triangular-n60-g1000-4,5278.093290438468,5177,0.14300500001991168,0.0464380000194069,0.09656700000050478,0.0976686000067275,ok,1.952738853360404,1.952738853360404
NN_V3,TSP-triangular-n60-g10000-2,50789.94171440601,51895,0.12978600000496954,0.033422600012272596,0.09636339999269694,0.5443800000066403,ok,-2.1294118616321156,2.1294118616321156
NN_V3,TSP-triangular-n60-g10000-5,48797.96706467925,48847,0.12340750001021661,0.027258999994955957,0.09614850001526065,0.1900987999979406,ok,-0.10038064839345087,0.10038064839345087
NN_V3,TSP-triangular-n60-g10000-4,54566.35627160221,55542,0.16383100001257844,0.043325700011337176,0.12050530000124127,0.0885597000014968,ok,-1.756587318421711,1.756587318421711
NN_V3,TSP-triangular-n600-g1000-3,15528.61560354178,15578,0.19194980003521778,0.07687390001956373,0.11507590001565404,5.28204820000974,ok,-0.31701371458607824,0.31701371458607824
NN_V3,TSP-triangular-n600-g1000-2,16056.722410912407,16046,0.19841680000536144,0.075254399998812,0.12316240000654943,4.90672570001334,ok,0.06682295221492716,0.06682295221492716
NN_V3,TSP-triangular-n600-g1000-1,15863.876018699259,15806,0.21313119999831542,0.0722861000103876,0.14084509998792782,45.856991599997855,ok,0.36616486586902797,0.36616486586902797
NN_V3,TSP-triangular-n600-g1000-4,15519.7379002776,15522,0.21676079998724163,0.07728549998137169,0.13947530000586994,6.904148400004488,ok,-0.014573506780056098,0.014573506780056098
NN_V3,TSP-triangular-n70-g1000-2,5528.689131622377,5701,0.08820159998140298,0.023460199998226017,0.06474139998317696,0.1830049999989569,ok,-3.0224674333910313,3.0224674333910313
NN_V3,TSP-triangular-n70-g1000-1,5539.306884564052,5521,0.13575919999857433,0.04413279998698272,0.09162640001159161,0.1724135000113165,ok,0.33158638949559627,0.33158638949559627
NN_V3,TSP-triangular-n600-g10000-3,157830.02371800598,159604,0.15324059998965822,0.08693700001458637,0.06630359997507185,12.190634099999444,ok,-1.1114861043545416,1.1114861043545416
NN_V3,TSP-triangular-n600-g10000-1,155131.26440178975,155075,0.157116499991389,0.07711089999065734,0.08000560000073165,3.1264514999929816,ok,0.036282058223282045,0.036282058223282045
NN_V3,TSP-triangular-n600-g1000-5,15839.973962261225,15644,0.1549894000054337,0.08763840000028722,0.06735100000514649,3.5216347000095998,ok,1.25271006303519,1.25271006303519
NN_V3,TSP-triangular-n600-g10000-2,151297.92820044933,151962,0.16462409996893257,0.10339489998295903,0.06122919998597354,93.19249869999476,ok,-0.43699859145751646,0.43699859145751646
NN_V3,TSP-triangular-n70-g10000-3,54597.317927137716,54235,0.0896010999858845,0.04702359999646433,0.042577499989420176,0.3002564999915194,ok,0.6680518615980745,0.6680518615980745
NN_V3,TSP-triangular-n600-g10000-4,155057.13626916753,156311,0.1704745000170078,0.1156053000013344,0.054869200015673414,9.489981899998384,ok,-0.8021596246153302,0.8021596246153302
NN_V3,TSP-triangular-n600-g10000-5,151918.4648989588,150832,0.14393170000403188,0.0983315999910701,0.045600100012961775,3.655011599999853,ok,0.7203145877259483,0.7203145877259483
NN_V3,TSP-triangular-n70-g1000-4,5163.435496542537,5300,0.10665869998047128,0.060094699991168454,0.04656399998930283,0.6405033000046387,ok,-2.5766887444804287,2.5766887444804287
NN_V3,TSP-triangular-n70-g10000-1,56474.608195198816,57680,0.1073368999932427,0.050886499986518174,0.05645040000672452,0.2103464999963762,ok,-2.089791617200388,2.089791617200388
NN_V3,TSP-triangular-n70-g1000-3,5260.05837380563,5254,0.11935480000101961,0.060884500009706244,0.05847029999131337,0.1534919999976409,ok,0.11530974125676158,0.11530974125676158
NN_V3,TSP-triangular-n70-g10000-5,52991.04281074926,52757,0.09177090000594035,0.0378828999819234,0.05388800002401695,0.2537753999931738,ok,0.44362418399314324,0.44362418399314324
NN_V3,TSP-triangular-n70-g1000-5,5586.922883834704,5696,0.11266350001096725,0.047277500008931383,0.06538600000203587,0.1928876000019954,ok,-1.9149774607671275,1.9149774607671275
NN_V3,TSP-triangular-n70-g10000-4,48963.40543390112,48957,0.14128209999762475,0.04929009999614209,0.09199200000148267,0.2048828000115463,ok,0.013083795782257854,0.013083795782257854
NN_V3,TSP-triangular-n70-g10000-2,55122.76098792779,56787,0.16855909998412244,0.06531549998908304,0.1032435999950394,0.116780700001982,ok,-2.930669012401099,2.930669012401099
NN_V3,TSP-triangular-n700-g1000-1,16791.644887489194,16864,0.17852659997879528,0.035727899987250566,0.1427986999915447,7.726878000001307,ok,-0.42905071460392596,0.42905071460392596
NN_V3,TSP-triangular-n700-g1000-3,16844.090198124002,16809,0.15541779997874983,0.038823199982289225,0.1165945999964606,6.711527799998294,ok,0.20875839207568683,0.20875839207568683
NN_V3,TSP-triangular-n8-g1000-2,1833.4088430666743,1775,0.14967569999862462,0.02226870000595227,0.12740699999267235,0.0490433999948436,ok,3.2906390460098205,3.2906390460098205
NN_V3,TSP-triangular-n8-g10000-2,21671.465229678608,19937,0.10082610000972636,0.016360200010240078,0.08446589999948628,0.1704033999994862,ok,8.699730298834368,8.699730298834368
NN_V3,TSP-triangular-n8-g1000-3,1731.300889330043,1619,0.08460379997268319,0.023930099996505305,0.060673699976177886,0.0522373999992851,ok,6.936435412603026,6.936435412603026
NN_V3,TSP-triangular-n8-g1000-5,2206.2903454338957,2029,0.11803950002649799,0.03513220002059825,0.08290730000589974,0.049052100002882,ok,8.737818897678448,8.737818897678448
NN_V3,TSP-triangular-n8-g1000-4,2051.105300145282,2074,0.08308000001125038,0.0308560999983456,0.05222390001290478,0.0402705000014975,ok,-1.1038910248176497,1.1038910248176497
NN_V3,TSP-triangular-n700-g10000-1,166809.96749322605,165609,0.15909229998942465,0.10972059998312034,0.04937170000630431,7.2020444000081625,ok,0.725182504106693,0.725182504106693
NN_V3,TSP-triangular-n8-g1000-1,1140.405839041705,1314,0.11938469999586232,0.03235959997982718,0.08702510001603514,0.0537420000036945,ok,-13.211123360600846,13.211123360600846
NN_V3,TSP-triangular-n700-g1000-2,17587.361602768535,17552,0.1571665000228677,0.06124930002260953,0.09591720000025816,6.409797899992554,ok,0.2014676547888263,0.2014676547888263
NN_V3,TSP-triangular-n8-g10000-3,21976.191999361035,21627,0.12429559999145567,0.033607899997150525,0.09068769999430515,0.2499791000009281,ok,1.6146113624683749,1.6146113624683749
NN_V3,TSP-triangular-n700-g1000-4,16465.802002701676,16508,0.18814139999449253,0.12370039999950677,0.06444099999498576,7.460118999995757,ok,-0.2556215004744638,0.2556215004744638
NN_V3,TSP-triangular-n8-g10000-5,19009.364285922376,17025,0.10425190001842566,0.03841020000982098,0.06584170000860468,0.1724875999934738,ok,11.65559051936785,11.65559051936785
NN_V3,TSP-triangular-n700-g1000-5,16891.58156504821,16781,0.17805949997273274,0.09953639999730512,0.07852309997542761,9.37491769999906,ok,0.6589688638830279,0.6589688638830279
NN_V3,TSP-triangular-n8-g10000-1,27097.54645261803,26604,0.16360030000214465,0.04575930000282824,0.11784099999931641,0.1847230000130366,ok,1.855158820545893,1.855158820545893
NN_V3,TSP-triangular-n8-g10000-4,14431.869847842318,15217,0.14043910001055337,0.05418960002134554,0.08624949998920783,0.2001127999974414,ok,-5.159559388563333,5.159559388563333
NN_V3,TSP-triangular-n700-g10000-3,170245.95360446256,169069,0.2124632999766618,0.12990609998814762,0.08255719998851418,7.961432399999467,ok,0.6961380291257159,0.6961380291257159
NN_V3,TSP-triangular-n700-g10000-4,169832.85671085538,168575,0.2207891000143718,0.12973950000014156,0.09104960001423024,12.31795919999422,ok,0.7461703757113353,0.7461703757113353
NN_V3,TSP-triangular-n700-g10000-2,171068.35192808323,170555,0.25610209998558275,0.1562256999895908,0.09987639999599196,7.9023043000051985,ok,0.3009890815767501,0.3009890815767501
NN_V3,TSP-triangular-n700-g10000-5,171496.37640057132,172370,0.26037350003025495,0.14660860001458786,0.11376490001566708,3.419658900005743,ok,-0.5068304225959758,0.5068304225959758
NN_V3,TSP-triangular-n80-g1000-1,5651.549928155029,5903,0.11045690000173636,0.014276200003223494,0.09618069999851286,0.1569897000008495,ok,-4.259699675503486,4.259699675503486
NN_V3,TSP-triangular-n80-g1000-2,5491.233216654713,5510,0.1236166000016965,0.013199400011217222,0.11041719999047928,0.1245603999996092,ok,-0.34059497904332064,0.34059497904332064
NN_V3,TSP-triangular-n80-g1000-4,5685.243948950956,5557,0.1459074000013061,0.018671800004085526,0.12723559999722056,0.332275100008701,ok,2.3077910554427947,2.3077910554427947
NN_V3,TSP-triangular-n80-g10000-3,53397.213260468445,53360,0.15523740003118291,0.03875600002356805,0.11648140000761487,0.2175683999957982,ok,0.06973999338164315,0.06973999338164315
NN_V3,TSP-triangular-n80-g1000-5,5496.328359822335,5522,0.1454706999938935,0.03234000000520609,0.11313069998868741,0.4272350999963237,ok,-0.4648975041228688,0.4648975041228688
NN_V3,TSP-triangular-n80-g1000-3,5519.795410481282,5680,0.19746710002073087,0.034654000017326325,0.16281310000340454,0.1740860999998403,ok,-2.8205033365971555,2.8205033365971555
NN_V3,TSP-triangular-n80-g10000-1,55540.57842184068,58176,0.19565830001374707,0.04378619999624789,0.15187210001749918,0.2145435999991605,ok,-4.530083845845921,4.530083845845921
NN_V3,TSP-triangular-n80-g10000-5,54823.629309048,59184,0.18939830001909286,0.03899290002300404,0.15040539999608882,0.399158999993233,ok,-7.367482243430652,7.367482243430652
NN_V3,TSP-triangular-n80-g10000-4,58042.610300928354,56945,0.18614249996608123,0.04012649998185225,0.14601599998422898,0.1972465999861015,ok,1.9274919675623046,1.9274919675623046
NN_V3,TSP-triangular-n80-g10000-2,58962.83874870278,59114,0.2126105000206735,0.04826730000786483,0.16434320001280867,0.4964626000000862,ok,-0.2557114241926119,0.2557114241926119
NN_V3,TSP-triangular-n800-g1000-4,18094.827440058507,18099,0.20444729999871925,0.08728239999618381,0.11716490000253543,7.381425700004911,ok,-0.023054091063003986,0.023054091063003986
NN_V3,TSP-triangular-n800-g1000-1,17874.312367632985,17965,0.2146997000090778,0.10428420000243932,0.11041550000663847,8.938091000003624,ok,-0.5048017387532139,0.5048017387532139
NN_V3,TSP-triangular-n800-g1000-3,17755.809233178967,17783,0.20117190000019036,0.09709200001088902,0.10407989998930134,6.102861600011238,ok,-0.15290314806856728,0.15290314806856728
NN_V3,TSP-triangular-n800-g1000-5,18515.24407815037,18489,0.19114949999493547,0.10643210000125691,0.08471739999367855,14.631282200003623,ok,0.14194428119621558,0.14194428119621558
NN_V3,TSP-triangular-n800-g1000-2,18451.712988578583,18451,0.22477839997736737,0.09862549998797476,0.1261528999893926,5.090998200001195,ok,0.003864227297075839,0.003864227297075839
NN_V3,TSP-triangular-n800-g10000-5,178161.30430086516,178130,0.19569550000596792,0.09656380000524223,0.09913170000072569,205.17986219999148,ok,0.017573851044270162,0.017573851044270162
NN_V3,TSP-triangular-n800-g10000-2,178957.85048953397,179821,0.21252600001753308,0.11201400001300499,0.10051200000452809,121.25551290001022,ok,-0.48000484396484727,0.48000484396484727
NN_V3,TSP-triangular-n800-g10000-1,179682.84993649274,181268,0.22893039998598397,0.1190268000063952,0.10990359997958876,8.98983330000192,ok,-0.874478707497881,0.874478707497881
NN_V3,TSP-triangular-n90-g1000-1,6175.143652193947,6039,0.17239699998754077,0.06822739998460747,0.1041696000029333,0.2073902999982237,ok,2.254407222949938,2.254407222949938
NN_V3,TSP-triangular-n800-g10000-4,174552.20170287648,176100,0.22994550000294112,0.13489720001234673,0.09504829999059439,4.883046899994952,ok,-0.8789314577646324,0.8789314577646324
NN_V3,TSP-triangular-n90-g1000-2,5868.109797921963,5988,0.19398690000525676,0.05862980001256801,0.13535709999268875,0.3477038999990327,ok,-2.0021743834007513,2.0021743834007513
NN_V3,TSP-triangular-n800-g10000-3,178328.72199109476,177229,0.25552009997772984,0.14064649998908862,0.11487359998864122,13.314660100004405,ok,0.6205090538764878,0.6205090538764878
NN_V3,TSP-triangular-n90-g1000-3,6044.039983485163,5966,0.1656203999882564,0.07074510000529699,0.0948752999829594,0.2221100000024307,ok,1.3080788381690118,1.3080788381690118
NN_V3,TSP-triangular-n90-g10000-2,61443.46885119798,61981,0.1523579000204336,0.03627450001658872,0.11608340000384487,0.1476126999914413,ok,-0.8672514944935116,0.8672514944935116
NN_V3,TSP-triangular-n90-g10000-3,60139.74871129001,60895,0.13801559997955337,0.03912519998266362,0.09889039999688976,0.1924848999915411,ok,-1.2402517262665038,1.2402517262665038
NN_V3,TSP-triangular-n90-g10000-1,53256.38945321366,55385,0.17928010001196526,0.06585889999405481,0.11342120001791045,0.1836923000082606,ok,-3.8432979087954102,3.8432979087954102
NN_V3,TSP-triangular-n90-g1000-5,6015.814399159819,6030,0.20696600002702326,0.047545500012347475,0.15942050001467578,0.2079177000123309,ok,-0.235250428527048,0.235250428527048
NN_V3,TSP-triangular-n90-g1000-4,6389.263170946506,6208,0.2020778000005521,0.06178180000279099,0.1402959999977611,0.4329856999975163,ok,2.9198320062259318,2.9198320062259318
NN_V3,TSP-triangular-n90-g10000-4,61753.91180285206,59885,0.18578209998668171,0.05068449999089353,0.1350975999957882,0.228593699997873,ok,3.1208346044118906,3.1208346044118906
NN_V3,TSP-triangular-n90-g10000-5,60539.13613440469,61451,0.1870274000102654,0.040926899993792176,0.14610050001647323,0.1620228000101633,ok,-1.4838877570671118,1.4838877570671118
NN_V3,TSP-triangular-n900-g1000-1,19283.213735322934,19174,0.21782099999836646,0.08684039997751825,0.13098060002084821,7.122879700007616,ok,0.5695928618073102,0.5695928618073102
NN_V3,TSP-triangular-n900-g1000-2,19558.964189212566,19485,0.21113060001516715,0.08060680000926368,0.13052380000590347,104.54922740001348,ok,0.37959553098570975,0.37959553098570975
NN_V3,TSP-triangular_squeezed-n10-g1000-1,2098.5393279584678,1897,0.13990589999593794,0.021728099993197247,0.1181778000027407,0.0414470999967306,ok,10.624107957747379,10.624107957747379
NN_V3,TSP-triangular-n900-g1000-4,19137.51654452621,19240,0.19228990000556223,0.06751860000076704,0.1247713000047952,15.13347440000507,ok,-0.5326582924833156,0.5326582924833156
NN_V3,TSP-triangular_squeezed-n10-g1000-3,2053.2160077594017,2019,0.14813209997373633,0.03387819998897612,0.11425389998476021,0.0856701000011526,ok,1.6947007310253437,1.6947007310253437
NN_V3,TSP-triangular-n900-g1000-3,19181.343023079884,19239,0.21879869999247603,0.08619999999064021,0.13259870000183582,8.780879300000379,ok,-0.29968801351481883,0.29968801351481883
NN_V3,TSP-triangular_squeezed-n10-g1000-2,2561.6656532808775,2528,0.14403180000954308,0.026100899995071813,0.11793090001447126,0.0643825000006472,ok,1.3317109683891397,1.3317109683891397
NN_V3,TSP-triangular-n900-g10000-2,191406.916430871,193016,0.19443370003136806,0.10773820002214052,0.08669550000922754,246.7541938000068,ok,-0.8336529454185133,0.8336529454185133
NN_V3,TSP-triangular-n900-g1000-5,18880.42153522116,18849,0.20675740001024678,0.10708029998932034,0.09967710002092645,7.954745499999262,ok,0.16670133811428361,0.16670133811428361
NN_V3,TSP-triangular_squeezed-n10-g1000-4,2535.2962781686656,2475,0.09906629996839911,0.02542729998822324,0.07363899998017587,0.1240007000014884,ok,2.436213259340024,2.436213259340024
NN_V3,TSP-triangular-n900-g10000-1,191795.07612896618,190576,0.1942542000033427,0.12399560000631027,0.07025859999703243,3.996182000002591,ok,0.6396797755048773,0.6396797755048773
NN_V3,TSP-triangular_squeezed-n10-g10000-5,22694.584192274488,21801,0.09836279999581166,0.021666499989805743,0.07669630000600591,0.0422367999999551,ok,4.098822036945496,4.098822036945496
NN_V3,TSP-triangular_squeezed-n10-g10000-2,18836.354793841776,21839,0.12228119999053888,0.033383000001776963,0.08889819998876192,0.0396445000078529,ok,-13.749005019269308,13.749005019269308
NN_V3,TSP-triangular_squeezed-n10-g1000-5,1890.5067884143136,2002,0.15706309999222867,0.037154699995880947,0.11990839999634773,0.0759398999944096,ok,-5.569091487796522,5.569091487796522
NN_V3,TSP-triangular_squeezed-n10-g10000-3,20257.976662476896,19393,0.11702109998441301,0.03365040000062436,0.08337069998378865,0.0876736999925924,ok,4.460251959350778,4.460251959350778
NN_V3,TSP-triangular_squeezed-n10-g10000-1,21526.196715960803,20571,0.12354560001404025,0.03414770000381395,0.0893979000102263,0.0384658999973908,ok,4.643414107047801,4.643414107047801
NN_V3,TSP-triangular-n900-g10000-3,191101.1714923801,193123,0.23727979997056536,0.14759599999524653,0.08968379997531883,9.282404400000814,ok,-1.0469123344293068,1.0469123344293068
NN_V3,TSP-triangular_squeezed-n10-g10000-4,16967.35979197605,18120,0.17400100000668317,0.024019200005568564,0.1499818000011146,0.0386036000127205,ok,-6.361149050904799,6.361149050904799
NN_V3,TSP-triangular-n900-g10000-5,188636.4194995393,189489,0.27253930002916604,0.10996950001572259,0.16256980001344346,95.66667430000962,ok,-0.44993667202882254,0.44993667202882254
NN_V3,TSP-triangular-n900-g10000-4,194112.20642280625,192941,0.29965959998662584,0.14374489997862838,0.15591470000799745,10.341082500002813,ok,0.6070282743461741,0.6070282743461741
NN_V3,TSP-triangular_squeezed-n100-g1000-1,6433.33822674214,6370,0.2139174999902025,0.03881349999574013,0.17510399999446236,1.9238444000075103,ok,0.9943206709912127,0.9943206709912127
NN_V3,TSP-triangular_squeezed-n100-g1000-2,6108.015599542967,6078,0.20943250000709668,0.032833200006280094,0.17659930000081658,0.463298799993936,ok,0.49384007145387976,0.49384007145387976
NN_V3,TSP-triangular_squeezed-n100-g1000-3,5620.58999257566,5558,0.1489661999803502,0.031181099999230355,0.11778509998111986,0.5930300000036368,ok,1.1261243716383644,1.1261243716383644
NN_V3,TSP-triangular_squeezed-n100-g1000-4,6283.424357899668,6251,0.15409359996556304,0.025133599992841482,0.12895999997272156,0.3448382000060519,ok,0.5187067333173635,0.5187067333173635
NN_V3,TSP-triangular_squeezed-n100-g1000-5,6747.986867689149,6559,0.1637961000087671,0.020422900008270517,0.14337320000049658,1.3573399000015345,ok,2.8813366014506667,2.8813366014506667
NN_V3,TSP-triangular_squeezed-n100-g10000-2,56724.65814034105,55501,0.16461909998906776,0.04343570000492036,0.1211833999841474,0.5888818000094034,ok,2.2047497168358277,2.2047497168358277
NN_V3,TSP-triangular_squeezed-n100-g10000-1,57552.422484341776,57327,0.15986269997665659,0.03533769998466596,0.12452499999199063,0.1462950999994063,ok,0.39322218909375334,0.39322218909375334
NN_V3,TSP-triangular_squeezed-n100-g10000-5,57625.37918141112,55078,0.1727580000006128,0.036058800003957,0.1366991999966558,0.3728717000049073,ok,4.6250393649208705,4.6250393649208705
NN_V3,TSP-triangular_squeezed-n100-g10000-4,63868.477790237695,62391,0.2216177000082098,0.1049879000056535,0.1166298000025563,0.7946131000062451,ok,2.368094421050625,2.368094421050625
NN_V3,TSP-triangular_squeezed-n100-g10000-3,55976.44706202485,55693,0.25582829999621026,0.1255620000010822,0.13026629999512807,0.4897190000046976,ok,0.5089455802791134,0.5089455802791134
NN_V3,TSP-triangular_squeezed-n1000-g1000-1,19146.6186647758,18666,0.2595803999865893,0.15955829998711124,0.10002209999947809,12.057960800011642,ok,2.5748348053991235,2.5748348053991235
NN_V3,TSP-triangular_squeezed-n1000-g10000-2,185297.77234124206,185473,0.16853769999579526,0.07894289999967441,0.08959479999612086,18.66497129999334,ok,-0.09447610097315509,0.09447610097315509
NN_V3,TSP-triangular_squeezed-n1000-g10000-4,193531.64127251133,192554,0.18354319999343716,0.09075799997663125,0.0927852000168059,9.200077700021213,ok,0.5077231698699238,0.5077231698699238
NN_V3,TSP-triangular_squeezed-n20-g1000-2,3007.568550440941,2761,0.08384869998553768,0.0278497000108473,0.05599899997469038,0.0781863000011071,ok,8.930407477035175,8.930407477035175
NN_V3,TSP-triangular_squeezed-n1000-g10000-3,188004.45603181096,186679,0.16235540001071058,0.10065470001427457,0.061700699996436015,195.5342582000012,ok,0.7100188193695905,0.7100188193695905
NN_V3,TSP-triangular_squeezed-n1000-g1000-4,18922.41483797261,18919,0.19252379998215474,0.1057536999869626,0.08677009999519214,30.57855720000225,ok,0.018049780499023508,0.018049780499023508
NN_V3,TSP-triangular_squeezed-n1000-g1000-2,18029.30016686651,17963,0.18691439999383874,0.08523419999983162,0.10168019999400713,10.483574899990344,ok,0.3690929514363372,0.3690929514363372
NN_V3,TSP-triangular_squeezed-n1000-g1000-5,18975.27650334849,18657,0.20145540000521578,0.1152144999941811,0.08624090001103468,18.49961410000105,ok,1.7059361277187663,1.7059361277187663
NN_V3,TSP-triangular_squeezed-n1000-g10000-1,188090.41722422233,187045,0.16854670000611804,0.12725429999409243,0.04129240001202561,984.6872779999976,ok,0.5589121463938241,0.5589121463938241
NN_V3,TSP-triangular_squeezed-n20-g1000-1,2781.776386497426,2829,0.11368199999560602,0.03965940000489354,0.07402259999071248,0.0714580000058049,ok,-1.6692687699743427,1.6692687699743427
NN_V3,TSP-triangular_squeezed-n20-g10000-1,27364.340515221003,27243,0.09698059997754171,0.045022099977359176,0.05195850000018254,0.0509896000003209,ok,0.44540070925009523,0.44540070925009523
NN_V3,TSP-triangular_squeezed-n1000-g1000-3,18887.79081572505,18624,0.2115300000004936,0.14047280000522733,0.07105719999526627,22.387657400002357,ok,1.416402575843264,1.416402575843264
NN_V3,TSP-triangular_squeezed-n1000-g10000-5,182046.92234172672,183843,0.18576839999877848,0.12142700000549667,0.06434139999328181,25.716037799982587,ok,-0.9769627662044678,0.9769627662044678
NN_V3,TSP-triangular_squeezed-n20-g1000-3,3117.5158039382222,3077,0.08800700001302175,0.04463930000201799,0.04336770001100376,0.094346800004132,ok,1.3167307097244796,1.3167307097244796
NN_V3,TSP-triangular_squeezed-n20-g10000-4,29230.88740097708,26952,0.07119489999604411,0.026804699999047443,0.04439019999699667,0.0429229000001214,ok,8.455355450345357,8.455355450345357
NN_V3,TSP-triangular_squeezed-n20-g10000-2,28322.246055559488,30322,0.10470500000519678,0.042544800002360716,0.062160200002836064,0.0669308999931672,ok,-6.595059509400805,6.595059509400805
NN_V3,TSP-triangular_squeezed-n20-g10000-3,28444.70750505157,27156,0.10794660003739409,0.0408686000155285,0.06707800002186559,0.0623993999906815,ok,4.745571899585987,4.745571899585987
NN_V3,TSP-triangular_squeezed-n20-g1000-5,3216.5907104401704,2964,0.12198240001453087,0.05786000000080094,0.06412240001372993,0.0450126000068848,ok,8.521953793528017,8.521953793528017
NN_V3,TSP-triangular_squeezed-n20-g10000-5,31531.67047022574,30839,0.09078530000988394,0.022861800011014566,0.06792349999886937,0.0767927999986568,ok,2.246086028164795,2.246086028164795
NN_V3,TSP-triangular_squeezed-n20-g1000-4,2848.2986022713303,2613,0.17200790002243593,0.05950240002130158,0.11250550000113435,0.1360207000107038,ok,9.004921633039812,9.004921633039812
NN_V3,TSP-triangular_squeezed-n200-g1000-1,8508.80012818717,8273,0.14294119997066446,0.02487779999501072,0.11806339997565374,1.203820700000506,ok,2.850237255979322,2.850237255979322
NN_V3,TSP-triangular_squeezed-n200-g1000-4,8885.56762576101,8782,0.12788260000525042,0.026210100011667237,0.10167249999358319,5.062674400003743,ok,1.1793170776703517,1.1793170776703517
NN_V3,TSP-triangular_squeezed-n30-g1000-3,2850.7354378826276,2876,0.08518749999348074,0.03714250001939945,0.04804499997408129,0.0572566000046208,ok,-0.8784618260560642,0.8784618260560642
NN_V3,TSP-triangular_squeezed-n30-g1000-2,3885.563309514895,4110,0.06725929997628555,0.02880669999285601,0.038452599983429536,0.0439849000104004,ok,-5.460746727131506,5.460746727131506
NN_V3,TSP-triangular_squeezed-n200-g1000-5,8254.726075067243,8218,0.10175739997066557,0.0475663999968674,0.05419099997379817,0.718381099999533,ok,0.4468979686936368,0.4468979686936368
NN_V3,TSP-triangular_squeezed-n30-g1000-1,3301.4303841051296,3301,0.07342190001509152,0.029723000014200807,0.04369890000089072,0.0545077999995555,ok,0.013037991673118239,0.013037991673118239
NN_V3,TSP-triangular_squeezed-n200-g10000-2,87786.45872294554,85045,0.0845905999885872,0.043881399993551895,0.040709199995035306,1.612606499998947,ok,3.223538976948128,3.223538976948128
NN_V3,TSP-triangular_squeezed-n200-g1000-2,8683.878050263069,8405,0.10194910000427626,0.03510849998565391,0.06684060001862235,0.5720157000032486,ok,3.3180017877819017,3.3180017877819017
NN_V3,TSP-triangular_squeezed-n200-g10000-5,87983.4817888448,86666,0.0971125999931246,0.05632480001077056,0.040787799982354045,1.1494477999949595,ok,1.5201829885362212,1.5201829885362212
NN_V3,TSP-triangular_squeezed-n30-g1000-5,3593.878836875818,3657,0.09308949997648597,0.05035049997968599,0.042738999996799976,0.1035992999968584,ok,-1.7260367274865247,1.7260367274865247
NN_V3,TSP-triangular_squeezed-n30-g1000-4,3407.4657872793905,3653,0.07719149999320507,0.03482619998976588,0.04236530000343919,0.0756617000006372,ok,-6.721440260624405,6.721440260624405
NN_V3,TSP-triangular_squeezed-n200-g1000-3,8906.863721006048,8935,0.10518079999019392,0.03898680000565946,0.06619399998453446,0.7442269000021042,ok,-0.3148995970224079,0.3148995970224079
NN_V3,TSP-triangular_squeezed-n200-g10000-4,89396.789053604,87478,0.11140290001640096,0.06271200001356192,0.048690900002839044,6.015568800008623,ok,2.1934532723702036,2.1934532723702036
NN_V3,TSP-triangular_squeezed-n30-g10000-1,37040.53494837263,37546,0.0939792999997735,0.04609879999770783,0.047880500002065673,0.0565610000048764,ok,-1.3462553977184484,1.3462553977184484
NN_V3,TSP-triangular_squeezed-n200-g10000-1,88804.5759837199,85536,0.10218310001073405,0.03935159998945892,0.06283150002127513,3.1493176000076346,ok,3.821286924476127,3.821286924476127
NN_V3,TSP-triangular_squeezed-n200-g10000-3,84044.3014735356,83172,0.10384480000357144,0.061934600002132356,0.04191020000143908,1.6264150999923004,ok,1.0487922299999968,1.0487922299999968
NN_V3,TSP-triangular_squeezed-n30-g10000-4,32948.175827581814,34672,0.0913482999894768,0.03789019997930154,0.05345810001017526,0.0794954000011785,ok,-4.971804835077833,4.971804835077833
NN_V3,TSP-triangular_squeezed-n30-g10000-2,31901.099877209053,32796,0.1136875000083819,0.045644500001799315,0.06804300000658259,0.0542180000047665,ok,-2.7286867995821034,2.7286867995821034
NN_V3,TSP-triangular_squeezed-n30-g10000-3,32428.285638298723,32238,0.15013520000502467,0.06037130000186153,0.08976390000316314,0.0942998999962583,ok,0.5902526158531016,0.5902526158531016
NN_V3,TSP-triangular_squeezed-n30-g10000-5,32204.45877696597,31432,0.13455590000376105,0.030118399998173118,0.10443750000558794,0.0426600000064354,ok,2.4575552843152524,2.4575552843152524
NN_V3,TSP-triangular_squeezed-n300-g1000-1,10658.198769689538,10549,0.15170960000250489,0.018303200020454824,0.13340639998205006,3.096262299994123,ok,1.0351575475356678,1.0351575475356678
NN_V3,TSP-triangular_squeezed-n40-g1000-3,3300.3507980348513,3194,0.10913199998321943,0.016849599982379004,0.09228240000084043,0.1286576999991666,ok,3.3297056366578373,3.3297056366578373
NN_V3,TSP-triangular_squeezed-n300-g1000-2,9560.814980381168,9476,0.09795019999728538,0.03216390000307001,0.06578629999421537,0.9884526999958324,ok,0.8950504472474508,0.8950504472474508
NN_V3,TSP-triangular_squeezed-n300-g10000-1,106178.89942472731,104360,0.13403400001698174,0.06569610000588,0.06833790001110174,3.467413099991973,ok,1.7429086093592445,1.7429086093592445
NN_V3,TSP-triangular_squeezed-n300-g10000-4,104729.30644155876,102245,0.10778019999270327,0.06111030001193285,0.046669899980770424,2.857580700001563,ok,2.429758366236743,2.429758366236743
NN_V3,TSP-triangular_squeezed-n40-g1000-1,4142.134414870765,4071,0.09314179999637417,0.0230153999873437,0.07012640000903048,0.0714219000074081,ok,1.7473449980536695,1.7473449980536695
NN_V3,TSP-triangular_squeezed-n300-g1000-3,10512.739558185538,10429,0.08860599997569807,0.042327099974500015,0.04627890000119805,2.1763068000000203,ok,0.8029490668859723,0.8029490668859723
NN_V3,TSP-triangular_squeezed-n40-g1000-4,3618.279893614468,3546,0.08057479999843054,0.03634560000500642,0.04422919999342412,0.0541349999984959,ok,2.038350073730067,2.038350073730067
NN_V3,TSP-triangular_squeezed-n40-g10000-1,39457.76295009986,40258,0.10366290001547895,0.07602410000981763,0.027638800005661324,0.1326686999964295,ok,-1.9877714985844823,1.9877714985844823
NN_V3,TSP-triangular_squeezed-n40-g1000-2,3202.590335314817,3166,0.09858770002028905,0.042933400021865964,0.055654299998423085,0.1023685000109253,ok,1.155727584169833,1.155727584169833
NN_V3,TSP-triangular_squeezed-n300-g1000-4,11018.993673053628,10854,0.13306229998124763,0.08028599998215213,0.0527762999990955,1.9851769000088095,ok,1.5201186019313462,1.5201186019313462
NN_V3,TSP-triangular_squeezed-n40-g10000-2,41079.96752328955,41114,0.0822518999921158,0.03148249999503605,0.050769399997079745,0.1178630999929737,ok,-0.08277588342279185,0.08277588342279185
NN_V3,TSP-triangular_squeezed-n300-g10000-5,104114.68143828702,103601,0.1116743000166025,0.06793479999760166,0.04373950001900084,4.239763400008087,ok,0.4958267181658687,0.4958267181658687
NN_V3,TSP-triangular_squeezed-n40-g1000-5,3471.785473212367,3350,0.09150240002782084,0.03186370001640171,0.05963870001141913,0.0895804000028874,ok,3.635387260070654,3.635387260070654
NN_V3,TSP-triangular_squeezed-n300-g1000-5,10656.108150726039,10394,0.11900609999429435,0.08679090000805445,0.032215199986239895,3.329705099997227,ok,2.521725521705202,2.521725521705202
NN_V3,TSP-triangular_squeezed-n300-g10000-2,105691.44333409204,104015,0.11645689999568276,0.08655420001014136,0.029902699985541403,2.969500200008042,ok,1.6117322829323049,1.6117322829323049
NN_V3,TSP-triangular_squeezed-n40-g10000-4,39393.71178047353,40547,0.130174200021429,0.06388180001522414,0.06629240000620484,0.1505826000066008,ok,-2.8443244124755673,2.8443244124755673
NN_V3,TSP-triangular_squeezed-n40-g10000-3,32550.008341529523,30535,0.14431500004138798,0.04908720002276823,0.09522780001861975,0.1101784999918891,ok,6.599012089502286,6.599012089502286
NN_V3,TSP-triangular_squeezed-n40-g10000-5,40610.15448440361,39274,0.161830099998042,0.06177219998789951,0.10005790001014248,0.1588060999929439,ok,3.4021349605428797,3.4021349605428797
NN_V3,TSP-triangular_squeezed-n300-g10000-3,103347.64767324727,103942,0.23481760002323426,0.125644400017336,0.10917320000589825,1.9622209999943152,ok,-0.5718115167619773,0.5718115167619773
NN_V3,TSP-triangular_squeezed-n5-g1000-4,1565.7599100147781,1571,0.09465359998284839,0.02882589999353513,0.06582769998931326,0.0440582000010181,ok,-0.3335512403069292,0.3335512403069292
NN_V3,TSP-triangular_squeezed-n400-g1000-3,11266.911710127853,11097,0.1094370000064373,0.039067800011252984,0.07036919999518432,15.151830400005563,ok,1.531149951589199,1.531149951589199
NN_V3,TSP-triangular_squeezed-n5-g1000-2,1824.8629328198222,1736,0.11629239996545948,0.020252599992090836,0.09603979997336864,0.0446698000014293,ok,5.118832535704041,5.118832535704041
NN_V3,TSP-triangular_squeezed-n5-g1000-1,1077.0008531315834,1005,0.08898300002329051,0.013501200010068715,0.0754818000132218,0.1149547000095481,ok,7.164263993192381,7.164263993192381
NN_V3,TSP-triangular_squeezed-n5-g1000-3,1663.1899369160528,1730,0.09497900001588278,0.02608810001402162,0.06889090000186116,0.0416043000004719,ok,-3.861853357453594,3.861853357453594
NN_V3,TSP-triangular_squeezed-n400-g1000-1,11767.696243106591,11566,0.11051349999615923,0.04712689999723807,0.06338659999892116,2.148988000000827,ok,1.7438720655939068,1.7438720655939068
NN_V3,TSP-triangular_squeezed-n5-g1000-5,1641.684910159005,1465,0.08692370002972893,0.033495200012112036,0.0534285000176169,0.0395431000069947,ok,12.060403423822873,12.060403423822873
NN_V3,TSP-triangular_squeezed-n400-g10000-1,118496.35842983855,115579,0.12875619999249466,0.06940549999126233,0.059350700001232326,11.57596059999196,ok,2.5241249966157815,2.5241249966157815
NN_V3,TSP-triangular_squeezed-n5-g10000-1,14722.807397106953,14790,0.10645919997477904,0.04547169999568723,0.06098749997909181,0.1614218000031542,ok,-0.4543110405209369,0.4543110405209369
NN_V3,TSP-triangular_squeezed-n5-g10000-2,15425.539372381172,15577,0.07981219998328015,0.045893299975432456,0.0339189000078477,0.1554478999896673,ok,-0.9723350299725741,0.9723350299725741
NN_V3,TSP-triangular_squeezed-n400-g1000-2,11806.478334316635,11795,0.12471080000977963,0.04759970001759939,0.07711109999218024,3.4248132000066107,ok,0.09731525491000062,0.09731525491000062
NN_V3,TSP-triangular_squeezed-n400-g10000-3,122578.93160026148,118302,0.11702569999033585,0.0786894999910146,0.03833619999932125,3.261077400005888,ok,3.6152656762028363,3.6152656762028363
NN_V3,TSP-triangular_squeezed-n400-g1000-4,11781.783961703157,11632,0.1380477000202518,0.06850520000443794,0.06954250001581386,2.573381000009249,ok,1.2876888041880745,1.2876888041880745
NN_V3,TSP-triangular_squeezed-n400-g10000-5,120460.7248636256,117853,0.1813618000014685,0.12599679999402724,0.05536500000744127,8.34035969999968,ok,2.21269281530856,2.21269281530856
NN_V3,TSP-triangular_squeezed-n5-g10000-5,12758.199119784578,12424,0.09915470000123605,0.04706169999553822,0.05209300000569783,0.2615675000124611,ok,2.689947841150823,2.689947841150823
NN_V3,TSP-triangular_squeezed-n5-g10000-3,13156.314554981509,13942,0.10205810001934879,0.024693200015462935,0.07736490000388585,0.1289604000048712,ok,-5.635385490019301,5.635385490019301
NN_V3,TSP-triangular_squeezed-n400-g10000-2,124649.94593018969,123739,0.17253319997689687,0.0877549999859184,0.08477819999097846,4.210296199991717,ok,0.7361833619066631,0.7361833619066631
NN_V3,TSP-triangular_squeezed-n400-g10000-4,123164.20029645972,122112,0.13605440000537783,0.06377880001673475,0.07227559998864308,6.0863949000049615,ok,0.8616682197160963,0.8616682197160963
NN_V3,TSP-triangular_squeezed-n400-g1000-5,12564.96090852024,12301,0.204363100026967,0.10019409999949858,0.10416900002746843,11.604324899992209,ok,2.1458491872224954,2.1458491872224954
NN_V3,TSP-triangular_squeezed-n5-g10000-4,18577.34208421223,17151,0.1629096000106074,0.05330050000338815,0.10960910000721924,0.1389155000069877,ok,8.316378544762571,8.316378544762571
NN_V3,TSP-triangular_squeezed-n50-g1000-2,3931.495736370074,4036,0.12086319999070838,0.009810599993215874,0.11105259999749251,0.1212412000022595,ok,-2.5893028649634746,2.5893028649634746
NN_V3,TSP-triangular_squeezed-n50-g10000-1,44221.46869254112,45145,0.13296230000560172,0.023866800009272993,0.10909549999632873,0.3076421000005211,ok,-2.045700094050011,2.045700094050011
NN_V3,TSP-triangular_squeezed-n50-g1000-3,4297.448258474651,4391,0.14155410003149882,0.019304900022689253,0.12224920000880957,0.2014558999944711,ok,-2.1305338539136622,2.1305338539136622
NN_V3,TSP-triangular_squeezed-n50-g1000-1,3926.395959810743,4000,0.14909660001285374,0.015070499997818843,0.1340261000150349,0.0689381999982288,ok,-1.840101004731423,1.840101004731423
NN_V3,TSP-triangular_squeezed-n50-g1000-4,4519.926579053572,4340,0.16242920001968741,0.020326400001067668,0.14210280001861975,0.111127000011038,ok,4.145773710911795,4.145773710911795
NN_V3,TSP-triangular_squeezed-n50-g1000-5,4478.545913109727,4665,0.1342538000026252,0.02272649999940768,0.11152730000321753,0.0503651000035461,ok,-3.996872173424934,3.996872173424934
NN_V3,TSP-triangular_squeezed-n50-g10000-4,42489.08312652621,40678,0.1293471000099089,0.03394829999888316,0.09539880001102574,0.0844856999901821,ok,4.452242309175007,4.452242309175007
NN_V3,TSP-triangular_squeezed-n50-g10000-2,44565.748298599734,47284,0.14197070003137924,0.030384100013179705,0.11158660001819953,0.1906809999927645,ok,-5.748776967685192,5.748776967685192
NN_V3,TSP-triangular_squeezed-n50-g10000-5,46532.82612004416,47487,0.16331959998933598,0.057326899986946955,0.10599270000238903,0.2206624999962514,ok,-2.0093370395178405,2.0093370395178405
NN_V3,TSP-triangular_squeezed-n50-g10000-3,41340.026992969215,41134,0.14587950002169237,0.037836700008483604,0.10804280001320876,0.1479221000045072,ok,0.500867878079484,0.500867878079484
NN_V3,TSP-triangular_squeezed-n500-g1000-2,13356.522218836326,13213,0.1882847000088077,0.10754860000452027,0.08073610000428744,9.156030000012834,ok,1.0862197747394682,1.0862197747394682
NN_V3,TSP-triangular_squeezed-n500-g1000-3,12692.263053702278,12653,0.17130200000246987,0.07377320001251064,0.09752879998995923,8.055051900009857,ok,0.3103062807419413,0.3103062807419413
NN_V3,TSP-triangular_squeezed-n500-g1000-4,13424.717759930325,13202,0.18316220000269823,0.07707940001273528,0.10608279998996295,4.578208999999333,ok,1.687000150964437,1.687000150964437
NN_V3,TSP-triangular_squeezed-n500-g10000-2,134712.309773262,132065,0.16241639998042956,0.08510989998467267,0.0773064999957569,5.237735700007761,ok,2.004550617697352,2.004550617697352
NN_V3,TSP-triangular_squeezed-n500-g1000-5,13243.276305917389,13013,0.17647009997745045,0.08823039999697357,0.08823969998047687,6.935657699999865,ok,1.7695866127517754,1.7695866127517754
NN_V3,TSP-triangular_squeezed-n500-g1000-1,13184.322876617836,12976,0.2190641999768559,0.1035439999832306,0.11552019999362528,4.176170699996874,ok,1.6054475694962724,1.6054475694962724
NN_V3,TSP-triangular_squeezed-n500-g10000-4,136014.42039783485,135814,0.17627669998910278,0.08115990000078455,0.09511679998831823,4.650067100010347,ok,0.14756976293670193,0.14756976293670193
NN_V3,TSP-triangular_squeezed-n500-g10000-1,130852.73092056764,128551,0.20598329999484122,0.08768600001349114,0.11829729998135008,3.801503599999705,ok,1.790519654119877,1.790519654119877
NN_V3,TSP-triangular_squeezed-n500-g10000-5,137359.04416328296,134572,0.20694649999495596,0.08995269998558797,0.11699380000936799,8.393230200003018,ok,2.071043131768095,2.071043131768095
NN_V3,TSP-triangular_squeezed-n60-g1000-1,4890.852913554358,4927,0.1343131000176072,0.028794400015613064,0.10551870000199415,0.1034359000041149,ok,-0.7336530636420204,0.7336530636420204
NN_V3,TSP-triangular_squeezed-n500-g10000-3,130302.75968565233,128694,0.23003890001564287,0.08585730000049807,0.1441816000151448,3.290362300002016,ok,1.2500658038854418,1.2500658038854418
NN_V3,TSP-triangular_squeezed-n60-g1000-2,4964.907690225424,4988,0.10133390003466047,0.028117600013501942,0.07321630002115853,0.1231745999975828,ok,-0.4629572929947129,0.4629572929947129
NN_V3,TSP-triangular_squeezed-n60-g1000-3,4721.217321009553,4705,0.11321959999622777,0.027863600000273436,0.08535599999595433,0.2009144000039668,ok,0.3446826994591587,0.3446826994591587
NN_V3,TSP-triangular_squeezed-n60-g10000-1,52769.85033932235,54011,0.11957100001745857,0.031235900009050965,0.08833510000840761,0.5430014999874402,ok,-2.2979571951595954,2.2979571951595954
NN_V3,TSP-triangular_squeezed-n60-g1000-5,4478.739613391008,4560,0.12709389999508858,0.018271499982802197,0.10882240001228638,0.1411740000039572,ok,-1.78202602212702,1.78202602212702
NN_V3,TSP-triangular_squeezed-n60-g10000-2,48110.22594858846,49909,0.12140679999720305,0.033670100005110726,0.08773669999209233,0.4993490000051679,ok,-3.604107578616168,3.604107578616168
NN_V3,TSP-triangular_squeezed-n60-g1000-4,4067.2286561797846,3937,0.14429179998114705,0.0319757999968715,0.11231599998427555,0.0865552000032039,ok,3.307814482595494,3.307814482595494
NN_V3,TSP-triangular_squeezed-n60-g10000-3,48042.14292870287,48640,0.1304472999763675,0.03724589999183081,0.09320139998453669,0.2119848000002093,ok,-1.2291469393444219,1.2291469393444219
NN_V3,TSP-triangular_squeezed-n60-g10000-5,50355.22865227162,48920,0.16404370000236668,0.04594129999168217,0.1181024000106845,0.259095300003537,ok,2.9338279891079657,2.9338279891079657
NN_V3,TSP-triangular_squeezed-n60-g10000-4,48822.991438586614,49512,0.1798875000094995,0.02937600002042018,0.1505114999890793,0.1943895000003976,ok,-1.3915991303388793,1.3915991303388793
NN_V3,TSP-triangular_squeezed-n600-g1000-1,14238.379108739027,14025,0.21056980002322234,0.0719561000005342,0.13861370002268814,4.250032899988582,ok,1.5214196701534923,1.5214196701534923
NN_V3,TSP-triangular_squeezed-n600-g1000-2,14477.472150370886,14132,0.18247970001539215,0.08177429999341257,0.10070540002197959,6.548584899996058,ok,2.444609045930414,2.444609045930414
NN_V3,TSP-triangular_squeezed-n600-g1000-4,14940.28076307397,14778,0.17848770000273362,0.07502330001443624,0.10346439998829737,5.911656199998106,ok,1.0981239888616177,1.0981239888616177
NN_V3,TSP-triangular_squeezed-n600-g1000-5,14887.835601011786,14723,0.16938549999031238,0.07715369999641553,0.09223179999389686,5.891517099997145,ok,1.119578897043985,1.119578897043985
NN_V3,TSP-triangular_squeezed-n600-g10000-1,146636.256789858,142978,0.13448519998928532,0.0591398999968078,0.07534529999247752,9.704406899996684,ok,2.558615164471448,2.558615164471448
NN_V3,TSP-triangular_squeezed-n600-g1000-3,14383.973745295705,14142,0.17194619998917915,0.0906583999749273,0.08128780001425184,10.292281900008676,ok,1.711029170525422,1.711029170525422
NN_V3,TSP-triangular_squeezed-n70-g1000-1,4786.21858229192,4695,0.11007080000126734,0.028779499989468604,0.08129130001179874,0.1871348999993642,ok,1.9428878017448354,1.9428878017448354
NN_V3,TSP-triangular_squeezed-n600-g10000-3,150246.8033255497,149390,0.1458060999866575,0.08492850000038743,0.06087759998627007,7.592899499999476,ok,0.5735345910366821,0.5735345910366821
NN_V3,TSP-triangular_squeezed-n70-g10000-1,52609.16633185325,51586,0.0956558000179939,0.047905300016282126,0.04775050000171177,0.4345132000016747,ok,1.9834186249239172,1.9834186249239172
NN_V3,TSP-triangular_squeezed-n600-g10000-2,150639.82648668985,148275,0.16861989998142235,0.08765490000951104,0.08096499997191131,5.382003899998381,ok,1.594892252024855,1.594892252024855
NN_V3,TSP-triangular_squeezed-n70-g1000-2,5012.484728513817,5077,0.12458619999233633,0.03216689999680966,0.09241929999552667,0.1028789999982109,ok,-1.2707360938779464,1.2707360938779464
NN_V3,TSP-triangular_squeezed-n600-g10000-4,144072.9348292146,143546,0.13538900000276044,0.07520799999474548,0.06018100000801496,3.1173906000040006,ok,0.3670842999558245,0.3670842999558245
NN_V3,TSP-triangular_squeezed-n70-g10000-2,53743.483786113735,52783,0.10493490000953898,0.04475800000363961,0.06017690000589937,0.3902028000011341,ok,1.8196839628549626,1.8196839628549626
NN_V3,TSP-triangular_squeezed-n70-g1000-3,5193.24795882203,5198,0.11288430000422522,0.036811400001170114,0.07607290000305511,0.1862152999965474,ok,-0.09142056902596496,0.09142056902596496
NN_V3,TSP-triangular_squeezed-n70-g1000-4,5194.517402057245,5294,0.10386119998292997,0.04056289998698048,0.06329829999594949,0.1607944999996107,ok,-1.8791574979742178,1.8791574979742178
NN_V3,TSP-triangular_squeezed-n600-g10000-5,150246.00003819948,146602,0.1734567999956198,0.11316760000772774,0.06028919998789206,4.068215899998904,ok,2.485641422490468,2.485641422490468
NN_V3,TSP-triangular_squeezed-n70-g10000-5,49187.4705754593,49387,0.10546529997373,0.04022429999895394,0.06524099997477606,0.3081848000001628,ok,-0.4040120366507351,0.4040120366507351
NN_V3,TSP-triangular_squeezed-n70-g1000-5,5645.322024541012,5438,0.1473282999941148,0.06108479999238625,0.08624350000172853,0.0976201000012224,ok,3.8124682703385817,3.8124682703385817
NN_V3,TSP-triangular_squeezed-n70-g10000-4,53647.500615977566,54129,0.10599580002599396,0.03588600002694875,0.07010979999904521,0.3565027999866288,ok,-0.8895405125208932,0.8895405125208932
NN_V3,TSP-triangular_squeezed-n70-g10000-3,46415.500593089615,45693,0.11104309998336248,0.036437899980228394,0.07460520000313409,0.0782222999987425,ok,1.5812062965653713,1.5812062965653713
NN_V3,TSP-triangular_squeezed-n8-g1000-1,1966.3514363393333,1869,0.10559389999252744,0.014261000003898516,0.09133289998862892,0.2894317999889608,ok,5.208744587444265,5.208744587444265
NN_V3,TSP-triangular_squeezed-n8-g1000-3,1798.4517826117517,1906,0.13262249997933395,0.02266849999432452,0.10995399998500943,0.1539432999998098,ok,-5.642613713968956,5.642613713968956
NN_V3,TSP-triangular_squeezed-n8-g1000-2,2092.655530652941,2193,0.11314259999198839,0.01814830000512302,0.09499429998686537,0.293048199993791,ok,-4.575671196856325,4.575671196856325
NN_V3,TSP-triangular_squeezed-n700-g1000-1,15635.530110291147,15292,0.1491305000090506,0.06921280000824481,0.07991770000080578,3.576170100001036,ok,2.246469463060078,2.246469463060078
NN_V3,TSP-triangular_squeezed-n8-g1000-4,1587.9904723887885,1531,0.0843571999866981,0.02420220000203699,0.06015499998466112,0.0988493000040762,ok,3.7224345126576406,3.7224345126576406
NN_V3,TSP-triangular_squeezed-n8-g10000-5,15735.586748103378,16163,0.07133209996391088,0.03338839998468757,0.03794369997922331,1.106349699999555,ok,-2.6443930699537317,2.6443930699537317
NN_V3,TSP-triangular_squeezed-n700-g1000-2,15988.669349276242,15828,0.13672559999395162,0.06841669999994338,0.06830889999400824,4.800051099999109,ok,1.0150957118792168,1.0150957118792168
NN_V3,TSP-triangular_squeezed-n700-g1000-4,15750.957724016567,15386,0.1630930000101216,0.1144133000052534,0.04867970000486821,6.1929145000030985,ok,2.3720117250524324,2.3720117250524324
NN_V3,TSP-triangular_squeezed-n700-g10000-3,156170.2666080366,153174,0.14008430001558736,0.08828440000070259,0.05179990001488477,6.461945300005027,ok,1.9561195816761259,1.9561195816761259
NN_V3,TSP-triangular_squeezed-n700-g1000-3,15551.029927947675,15296,0.1381567999778781,0.07408379999105819,0.06407299998681992,6.164405899995472,ok,1.6672981691139832,1.6672981691139832
NN_V3,TSP-triangular_squeezed-n8-g10000-3,19812.931907469407,20966,0.08873790001962334,0.038209700025618076,0.05052819999400526,0.3800052000005962,ok,-5.499704724461477,5.499704724461477
NN_V3,TSP-triangular_squeezed-n8-g1000-5,1296.8185529008406,1329,0.10279229996376671,0.04841319998377003,0.05437909997999668,0.0507015999901341,ok,-2.421478337032311,2.421478337032311
NN_V3,TSP-triangular_squeezed-n8-g10000-1,14030.419866906013,13689,0.08427859999937937,0.03225459999521263,0.05202400000416674,0.7745091999968281,ok,2.4941183936446296,2.4941183936446296
NN_V3,TSP-triangular_squeezed-n8-g10000-2,19815.89575107675,18711,0.0892481000337284,0.038549300021259114,0.05069880001246929,0.6426394000009168,ok,5.905059863592274,5.905059863592274
NN_V3,TSP-triangular_squeezed-n700-g1000-5,15832.85292071254,15759,0.19117180001921952,0.13342880000709556,0.05774300001212396,27.610527400000137,ok,0.46863963901605016,0.46863963901605016
NN_V3,TSP-triangular_squeezed-n8-g10000-4,18933.578567713557,18789,0.09215140002197586,0.02526429999852553,0.06688710002345033,0.4085040999925695,ok,0.7694851653284224,0.7694851653284224
NN_V3,TSP-triangular_squeezed-n700-g10000-5,158715.12046397477,156967,0.20860390001325868,0.14838120000786148,0.0602227000053972,7.553382500016596,ok,1.1136866118195377,1.1136866118195377
NN_V3,TSP-triangular_squeezed-n700-g10000-1,155606.84991627932,154454,0.16028240000014193,0.07468359998892993,0.085598800011212,3.779505699989386,ok,0.7464034057255338,0.7464034057255338
NN_V3,TSP-triangular_squeezed-n700-g10000-4,154012.2670810693,151942,0.27118400001199916,0.1412486000044737,0.12993540000752546,8.177723799977684,ok,1.362537732206562,1.362537732206562
NN_V3,TSP-triangular_squeezed-n700-g10000-2,161876.59595287777,158755,0.29665750000276603,0.15918700001202524,0.1374704999907408,77.34696119998989,ok,1.9662977247190798,1.9662977247190798
NN_V3,TSP-triangular_squeezed-n80-g1000-2,5049.812647299841,5018,0.14908130001276731,0.011303500010399148,0.13777780000236817,0.1614842999988468,ok,0.6339706516508778,0.6339706516508778
NN_V3,TSP-triangular_squeezed-n80-g1000-1,5354.685260938866,5534,0.1407197999942582,0.01385299998219125,0.12686680001206696,0.2279837000096449,ok,-3.2402374243067196,3.2402374243067196
NN_V3,TSP-triangular_squeezed-n80-g1000-4,5313.358248525459,5264,0.15503119997447357,0.021648399997502565,0.133382799976971,0.1947555999940959,ok,0.937656696912219,0.937656696912219
NN_V3,TSP-triangular_squeezed-n80-g1000-5,5394.7015402151155,5439,0.16187939999508671,0.02856959999189712,0.1333098000031896,0.5663825999945402,ok,-0.8144596393617296,0.8144596393617296
NN_V3,TSP-triangular_squeezed-n80-g10000-2,52696.03777960932,52258,0.17485670000314713,0.04948539999895729,0.12537130000418983,0.2018867000006139,ok,0.8382214773036156,0.8382214773036156
NN_V3,TSP-triangular_squeezed-n80-g1000-3,5015.6625995271315,4910,0.2012603000330273,0.03348450001794845,0.16777580001507886,0.3865808000118704,ok,2.151987770410011,2.151987770410011
NN_V3,TSP-triangular_squeezed-n80-g10000-1,52473.80110932945,52172,0.18393199998536147,0.04464829998323694,0.13928370000212453,0.410881400006474,ok,0.5784733369037953,0.5784733369037953
NN_V3,TSP-triangular_squeezed-n80-g10000-4,50543.29218123015,51423,0.1658824000041932,0.043365599995013326,0.12251680000917986,0.1063228999992134,ok,-1.7107283098416075,1.7107283098416075
NN_V3,TSP-triangular_squeezed-n80-g10000-3,50246.13353309053,50981,0.17482250000466593,0.037713600002462044,0.13710890000220388,0.5635174000053667,ok,-1.4414516523988787,1.4414516523988787
NN_V3,TSP-triangular_squeezed-n800-g1000-2,17009.696478350088,16845,0.2192763999919407,0.10944850000669248,0.10982789998524822,9.886756499996409,ok,0.977717295043562,0.977717295043562
NN_V3,TSP-triangular_squeezed-n80-g10000-5,51754.535288669984,51885,0.206950699997833,0.054017200018279254,0.15293349997955374,0.1540411000023596,ok,-0.25144976646432715,0.25144976646432715
NN_V3,TSP-triangular_squeezed-n800-g1000-5,17323.32310858679,17108,0.23871389997657388,0.12703249999321997,0.11168139998335391,3.843645800006925,ok,1.258610641727778,1.258610641727778
NN_V3,TSP-triangular_squeezed-n800-g10000-2,164362.13815805689,162307,0.23171049999655224,0.10579160001361743,0.12591889998293482,4.828040399996098,ok,1.2662042660248078,1.2662042660248078
NN_V3,TSP-triangular_squeezed-n800-g10000-1,171351.75833148882,167694,0.19929459996637888,0.11064559998339973,0.08864899998297915,5.477633699993021,ok,2.181210020327989,2.181210020327989
NN_V3,TSP-triangular_squeezed-n800-g1000-4,16589.214059949663,16411,0.2715195000055246,0.1461575000139419,0.1253619999915827,63.4398724000057,ok,1.085942721038714,1.085942721038714
NN_V3,TSP-triangular_squeezed-n800-g10000-3,170801.57489362755,168213,0.22147199997561984,0.10958129999926314,0.1118906999763567,6.421485900005791,ok,1.5388673251339364,1.5388673251339364
NN_V3,TSP-triangular_squeezed-n800-g1000-3,16571.787443150344,16391,0.2614948000118602,0.14203570000245236,0.11945910000940785,17.15635299999849,ok,1.1029677454111657,1.1029677454111657
NN_V3,TSP-triangular_squeezed-n800-g1000-1,17499.982850106375,17291,0.28915820000111125,0.1611663000076078,0.12799189999350347,5.916690199999721,ok,1.2086221161666464,1.2086221161666464
NN_V3,TSP-triangular_squeezed-n800-g10000-5,165028.9700981523,163722,0.22239800001261756,0.10947520000627264,0.11292280000634491,6.88886600000842,ok,0.7982861791037802,0.7982861791037802
NN_V3,TSP-triangular_squeezed-n90-g1000-1,5666.871504505885,5892,0.158014600048773,0.04704250002396293,0.11097210002481006,0.1990636999980779,ok,-3.8209181176869444,3.8209181176869444
NN_V3,TSP-triangular_squeezed-n90-g1000-2,5998.89781208137,5900,0.14600470001460053,0.05386860002181493,0.0921360999927856,0.2767978999909246,ok,1.6762341030740664,1.6762341030740664
NN_V3,TSP-triangular_squeezed-n90-g1000-3,5812.524338367766,5890,0.11766280001029372,0.03630950002116151,0.08135329998913221,0.3504565000039292,ok,-1.3153762586117796,1.3153762586117796
NN_V3,TSP-triangular_squeezed-n90-g10000-3,56863.198060679715,55736,0.11562580001191236,0.031440299993846565,0.0841855000180658,0.1918421000009402,ok,2.0223877936696484,2.0223877936696484
NN_V3,TSP-triangular_squeezed-n800-g10000-4,173245.25093182083,169778,0.2862142999947537,0.13405449999845587,0.1521597999962978,83.43471080000745,ok,2.0422262789176644,2.0422262789176644
NN_V3,TSP-triangular_squeezed-n90-g1000-4,6205.487101160339,6073,0.15818850000505336,0.048167600005399436,0.11002089999965392,0.2869266000052448,ok,2.1815758465394217,2.1815758465394217
NN_V3,TSP-triangular_squeezed-n90-g10000-2,57702.59870482725,56467,0.16089229998760857,0.048250499996356666,0.1126417999912519,0.5172821000014665,ok,2.1881784136349567,2.1881784136349567
NN_V3,TSP-triangular_squeezed-n90-g10000-1,61234.17939424637,61387,0.1698704999871552,0.05067799999960698,0.11919249998754822,0.9552382999972906,ok,-0.24894620319225558,0.24894620319225558
NN_V3,TSP-triangular_squeezed-n90-g1000-5,5373.368530870881,5270,0.20033449999755248,0.06448380000074394,0.13585069999680854,0.0945798000029753,ok,1.9614521986884428,1.9614521986884428
NN_V3,TSP-triangular_squeezed-n90-g10000-4,56574.83467323426,54791,0.19943700000294484,0.05341459999908693,0.1460224000038579,0.2518701999943005,ok,3.255707457856695,3.255707457856695
NN_V3,TSP-triangular_squeezed-n90-g10000-5,57312.40664449637,58355,0.186734000017168,0.056359400012297556,0.13037460000487044,0.4609316999994917,ok,-1.786639286271325,1.786639286271325
NN_V3,TSP-triangular_squeezed-n900-g1000-1,17968.751650068152,17756,0.21803680001175962,0.08559400000376627,0.13244280000799336,7.931720700013102,ok,1.1981958215147117,1.1981958215147117
NN_V3,TSP-truncated_exponential-n10-g1000-1,3177.534738134731,3160,0.11225390000618063,0.017663000005995855,0.09459090000018477,0.0446442999964347,ok,0.5548967764155384,0.5548967764155384
NN_V3,TSP-triangular_squeezed-n900-g1000-5,18455.705211734923,18079,0.16185469995252788,0.0871993999753613,0.07465529997716658,11.607890200000838,ok,2.0836617718619563,2.0836617718619563
NN_V3,TSP-triangular_squeezed-n900-g1000-3,17737.325266315805,17607,0.19881400000303984,0.09738399999332614,0.1014300000097137,15.218758500006516,ok,0.7401900739240387,0.7401900739240387
NN_V3,TSP-triangular_squeezed-n900-g1000-2,18019.3966885056,17859,0.17843560001347214,0.07446609999169596,0.10396950002177618,9.579674799984788,ok,0.8981280503141259,0.8981280503141259
NN_V3,TSP-truncated_exponential-n10-g1000-3,2737.4111606801307,3017,0.0906931999779772,0.030473199993139133,0.06021999998483807,0.0363368999969679,ok,-9.267114329462025,9.267114329462025
NN_V3,TSP-truncated_exponential-n10-g1000-2,2759.9930520887137,2913,0.11780329997418448,0.03146669999114238,0.0863365999830421,0.0441533999983221,ok,-5.252555712711509,5.252555712711509
NN_V3,TSP-triangular_squeezed-n900-g10000-4,174842.85444025882,173919,0.17009659999166615,0.11460329999681562,0.05549329999485053,4.578381300001638,ok,0.5311981096135648,0.5311981096135648
NN_V3,TSP-truncated_exponential-n10-g1000-4,2616.1145662299386,2703,0.10403069999301806,0.030108700011624023,0.07392199998139404,0.099591699996381,ok,-3.2144074646711562,3.2144074646711562
NN_V3,TSP-triangular_squeezed-n900-g10000-5,178168.3978204513,176348,0.17277249999460764,0.11654109999653883,0.05623139999806881,6.622470000002068,ok,1.0322758525479714,1.0322758525479714
NN_V3,TSP-triangular_squeezed-n900-g10000-2,175779.6014707908,176298,0.17348240001592785,0.09493510000174865,0.0785473000141792,8.23742210000637,ok,-0.29404674426777194,0.29404674426777194
NN_V3,TSP-triangular_squeezed-n900-g1000-4,17968.522605265956,17622,0.18353589999605902,0.10568440001225099,0.07785149998380803,11.919158699995023,ok,1.9664204134942478,1.9664204134942478
NN_V3,TSP-truncated_exponential-n10-g1000-5,2837.4756606229203,2813,0.13203940002131276,0.03479150001658127,0.09724790000473149,0.0824713000038173,ok,0.8700910281877092,0.8700910281877092
NN_V3,TSP-triangular_squeezed-n900-g10000-1,181405.09319956927,179093,0.20767290002549998,0.11614310002187267,0.09152980000362732,175.9013394000067,ok,1.2910014347681182,1.2910014347681182
NN_V3,TSP-triangular_squeezed-n900-g10000-3,178530.5045574978,175682,0.17850589999579825,0.09001290000742301,0.08849299998837523,253.7966535000014,ok,1.621398070091301,1.621398070091301
NN_V3,TSP-truncated_exponential-n10-g10000-3,23696.681603877165,24455,0.10225269998773001,0.023315200000070035,0.07893749998765998,0.0409868999995524,ok,-3.10087260733116,3.10087260733116
NN_V3,TSP-truncated_exponential-n10-g10000-1,27455.37804794067,31333,0.15977229998679832,0.05078150000190362,0.10899079998489469,0.0426864000037312,ok,-12.375520863177256,12.375520863177256
NN_V3,TSP-truncated_exponential-n10-g10000-2,22254.50321416516,22602,0.16747610000311397,0.03996290001668967,0.1275131999864243,0.0413016000093193,ok,-1.5374603390622028,1.5374603390622028
NN_V3,TSP-truncated_exponential-n10-g10000-4,24562.059842546703,24968,0.15319579999777488,0.027462099998956546,0.12573369999881834,0.0457768999913241,ok,-1.6258417071984006,1.6258417071984006
NN_V3,TSP-truncated_exponential-n10-g10000-5,29741.730966553325,29806,0.1565452000068035,0.027739100012695417,0.12880609999410808,0.0412874000030569,ok,-0.21562448314659857,0.21562448314659857
NN_V3,TSP-truncated_exponential-n100-g1000-2,7082.53279698734,7086,0.15413449998595752,0.021539100009249523,0.132595399976708,0.1941017999924952,ok,-0.04893032758481965,0.04893032758481965
NN_V3,TSP-truncated_exponential-n100-g1000-1,7780.916561861515,7837,0.1727580000006128,0.02534860000014305,0.14740940000046976,0.6997012999927392,ok,-0.7156238118984916,0.7156238118984916
NN_V3,TSP-truncated_exponential-n100-g10000-1,78888.73409899289,77137,0.14063969999551773,0.029718300007516518,0.11092139998800121,0.2650642999942647,ok,2.2709388477551533,2.2709388477551533
NN_V3,TSP-truncated_exponential-n100-g10000-4,75154.15873050224,76315,0.14813149999827147,0.03160529999877326,0.1165261999994982,0.5228781000041636,ok,-1.5211180888393627,1.5211180888393627
NN_V3,TSP-truncated_exponential-n100-g1000-3,7793.297098525072,7820,0.16533990000607446,0.025130499998340383,0.14020940000773408,0.332545500001288,ok,-0.3414693283238847,0.3414693283238847
NN_V3,TSP-truncated_exponential-n100-g1000-5,7403.78188590557,7270,0.16123919998062775,0.03283129999181256,0.1284078999888152,0.301127800004906,ok,1.840191002827643,1.840191002827643
NN_V3,TSP-truncated_exponential-n100-g1000-4,7748.920584591586,7405,0.16108249998069368,0.03784209999139421,0.12324039998929948,0.1083548000024166,ok,4.644437334119997,4.644437334119997
NN_V3,TSP-truncated_exponential-n100-g10000-3,75967.6859630607,73946,0.1332805999845732,0.03471879998687655,0.09856179999769665,0.1236575999937485,ok,2.7340031415637176,2.7340031415637176
NN_V3,TSP-truncated_exponential-n100-g10000-5,76840.77430865727,78035,0.18431470001814887,0.04293090000282973,0.14138380001531914,0.4397945999953663,ok,-1.5303718733167506,1.5303718733167506
NN_V3,TSP-truncated_exponential-n100-g10000-2,81895.85203453293,79405,0.2278037000214681,0.05173870001453906,0.17606500000692904,0.0637948000075994,ok,3.136895704971892,3.136895704971892
NN_V3,TSP-truncated_exponential-n1000-g1000-3,22752.440474728035,22604,0.23650709999492392,0.11592320000636391,0.12058389998856,20.387984699991648,ok,0.6567000297647985,0.6567000297647985
NN_V3,TSP-truncated_exponential-n1000-g1000-1,22757.77127879887,22602,0.2536333000170998,0.11929550001514144,0.13433780000195839,825.8203237999987,ok,0.6891924555299143,0.6891924555299143
NN_V3,TSP-truncated_exponential-n1000-g1000-4,22777.71770896297,22741,0.24196929999743588,0.11500509997131303,0.12696420002612285,8.309754600006272,ok,0.16146039735706205,0.16146039735706205
NN_V3,TSP-truncated_exponential-n1000-g1000-2,22456.348264535947,22288,0.27501099999062717,0.12247780000325292,0.15253319998737425,11.513538100000003,ok,0.7553314094398207,0.7553314094398207
NN_V3,TSP-truncated_exponential-n1000-g10000-2,226998.59085175022,226256,0.22928319999482483,0.0874894000007771,0.14179379999404773,295.771974400006,ok,0.3282082471847044,0.3282082471847044
NN_V3,TSP-truncated_exponential-n20-g1000-4,4362.695915204014,4513,0.0969051999563817,0.022441499982960522,0.07446369997342117,0.0635790000087581,ok,-3.330469417150134,3.330469417150134
NN_V3,TSP-truncated_exponential-n1000-g1000-5,22799.75027810273,22748,0.24540590000106022,0.12397279997821897,0.12143310002284124,14.08266439998988,ok,0.22749374935259703,0.22749374935259703
NN_V3,TSP-truncated_exponential-n1000-g10000-1,228132.74972819164,228047,0.26115370000479743,0.13282040000194684,0.1283333000028506,176.77465229999507,ok,0.03760177866476821,0.03760177866476821
NN_V3,TSP-truncated_exponential-n20-g1000-2,3614.3404955434744,3427,0.12384109999402426,0.030065800005104393,0.09377529998891987,0.0747196000011172,ok,5.466603313203222,5.466603313203222
NN_V3,TSP-truncated_exponential-n20-g1000-3,3304.4908234388276,3459,0.12376080002286471,0.0500653000199236,0.07369550000294112,0.0750700999924447,ok,-4.4668741416933315,4.4668741416933315
NN_V3,TSP-truncated_exponential-n1000-g10000-4,228130.65448222263,227055,0.19831070001237094,0.112071300012758,0.08623939999961294,88.68491149999318,ok,0.4737418168384876,0.4737418168384876
NN_V3,TSP-truncated_exponential-n20-g1000-1,4082.1939754077903,3991,0.11970880001899786,0.034060000005410984,0.08564880001358688,0.132374399996479,ok,2.284990614076429,2.284990614076429
NN_V3,TSP-truncated_exponential-n1000-g10000-5,227088.691558004,227519,0.21125249998294748,0.1313110999763012,0.07994140000664629,9.330240900017088,ok,-0.18913077237329293,0.18913077237329293
NN_V3,TSP-truncated_exponential-n20-g10000-1,36206.725731596176,36860,0.12948860001051798,0.05460780000430532,0.07488080000621267,0.0421539999952074,ok,-1.772312176895887,1.772312176895887
NN_V3,TSP-truncated_exponential-n20-g1000-5,3228.0517809621815,3465,0.1294165999861434,0.04107699997257441,0.088339600013569,0.0884986999881221,ok,-6.838332439763882,6.838332439763882
NN_V3,TSP-truncated_exponential-n20-g10000-2,38979.44169004535,39716,0.15093139998498373,0.026788399991346523,0.1241429999936372,0.0605332000122871,ok,-1.8545631734178902,1.8545631734178902
NN_V3,TSP-truncated_exponential-n1000-g10000-3,225496.13252209523,225533,0.2694696999969892,0.14407999999821186,0.12538969999877736,271.41332669999974,ok,-0.016346821930614316,0.016346821930614316
NN_V3,TSP-truncated_exponential-n20-g10000-3,36056.96550027933,35704,0.1581544000073336,0.053866100002778694,0.10428830000455491,0.0448433999990811,ok,0.9885881141590009,0.9885881141590009
NN_V3,TSP-truncated_exponential-n20-g10000-4,38008.31834297895,36174,0.13895880000200123,0.03136719999019988,0.10759160001180135,0.0621317000041017,ok,5.070819768283711,5.070819768283711
NN_V3,TSP-truncated_exponential-n20-g10000-5,33718.94665978616,36813,0.2010415999975521,0.03620279999449849,0.16483880000305362,0.0518575000023702,ok,-8.404784560383122,8.404784560383122
NN_V3,TSP-truncated_exponential-n200-g1000-2,10720.17556732666,10597,0.16521990002365783,0.05962180002825335,0.10559809999540448,1.006932300006156,ok,1.1623626245792187,1.1623626245792187
NN_V3,TSP-truncated_exponential-n200-g1000-1,10383.77424426256,10342,0.1858615999808535,0.052258599986089393,0.1336029999947641,2.285614299995359,ok,0.4039281015525081,0.4039281015525081
NN_V3,TSP-truncated_exponential-n200-g1000-3,10131.789276509677,10202,0.1738420000183396,0.03587370002060197,0.13796829999773763,1.491190099986852,ok,-0.6882054841239296,0.6882054841239296
NN_V3,TSP-truncated_exponential-n200-g10000-1,104961.79193789838,105005,0.1448316999594681,0.03829939998104237,0.10653229997842573,1.6965166000009049,ok,-0.041148575878883084,0.041148575878883084
NN_V3,TSP-truncated_exponential-n200-g1000-4,10648.22334545423,10684,0.15296590002253652,0.04490790001000278,0.10805800001253374,0.9528010000067296,ok,-0.33486198563993563,0.33486198563993563
NN_V3,TSP-truncated_exponential-n200-g1000-5,10557.862828449084,10500,0.14622079997207038,0.040043899993179366,0.10617689997889102,2.158831000007922,ok,0.5510745566579447,0.5510745566579447
NN_V3,TSP-truncated_exponential-n30-g1000-2,4715.212203984745,4729,0.11758930000360124,0.030403300013858825,0.08718599998974241,0.060575700001209,ok,-0.2915583847590309,0.2915583847590309
NN_V3,TSP-truncated_exponential-n200-g10000-4,107326.9932739865,105092,0.11665439998614602,0.04637089997413568,0.07028350001201034,0.8391531000088435,ok,2.1267016271328965,2.1267016271328965
NN_V3,TSP-truncated_exponential-n200-g10000-3,103202.9789836593,103060,0.13499469999806024,0.05441079998854548,0.08058390000951476,3.369737000000896,ok,0.13873373147612772,0.13873373147612772
NN_V3,TSP-truncated_exponential-n200-g10000-2,105273.54589764588,103298,0.136966999998549,0.06231219999608584,0.07465480000246316,2.098317900003167,ok,1.9124725528527908,1.9124725528527908
NN_V3,TSP-truncated_exponential-n200-g10000-5,108304.76076356694,105489,0.11518620001152158,0.06037260001176037,0.05481359999976121,1.9917226000106891,ok,2.669245858399398,2.669245858399398
NN_V3,TSP-truncated_exponential-n30-g1000-1,4163.274418620567,4289,0.12098739997600205,0.045663700002478436,0.07532369997352362,0.0433545000123558,ok,-2.9313495308797552,2.9313495308797552
NN_V3,TSP-truncated_exponential-n30-g1000-4,4772.366478035576,4696,0.12287680001463741,0.05605230000219308,0.06682450001244433,0.0568265999900177,ok,1.6262026838921573,1.6262026838921573
NN_V3,TSP-truncated_exponential-n30-g1000-3,4765.085334806819,4678,0.11295149999205023,0.04417649999959394,0.06877499999245629,0.0406078999949386,ok,1.8615933049769013,1.8615933049769013
NN_V3,TSP-truncated_exponential-n30-g1000-5,4744.082236833321,4742,0.10555040001054294,0.03804880002280697,0.06750159998773597,0.086084499998833,ok,0.04391051947113193,0.04391051947113193
NN_V3,TSP-truncated_exponential-n30-g10000-1,43868.57227017498,44453,0.09156349999830127,0.014668399991933256,0.07689510000636801,0.0738238000049023,ok,-1.3147093105640195,1.3147093105640195
NN_V3,TSP-truncated_exponential-n30-g10000-4,47162.08738086221,49169,0.11709919999702834,0.042104899999685585,0.07499429999734275,0.0634942000033333,ok,-4.0816624685020795,4.0816624685020795
NN_V3,TSP-truncated_exponential-n30-g10000-3,41296.693471510196,40865,0.15841439997893758,0.058543199993437156,0.09987119998550043,0.082987800007686,ok,1.0563892610062304,1.0563892610062304
NN_V3,TSP-truncated_exponential-n30-g10000-2,46185.688151919516,46258,0.1743033000093419,0.045296299998881295,0.12900700001046062,0.0451360000006388,ok,-0.15632290215851138,0.15632290215851138
NN_V3,TSP-truncated_exponential-n30-g10000-5,39116.45867789484,39404,0.20238839997909963,0.01763389998814091,0.18475449999095872,0.04543859999103,ok,-0.72972622603075,0.72972622603075
NN_V3,TSP-truncated_exponential-n300-g1000-2,12741.458091473309,12760,0.18978400001651607,0.04212080000434071,0.14766320001217537,2.168997600005241,ok,-0.1453127627483641,0.1453127627483641
NN_V3,TSP-truncated_exponential-n300-g1000-1,12620.933560800593,12600,0.2081086999969557,0.03712930000619963,0.17097939999075606,1.387639600012335,ok,0.1661393714332787,0.1661393714332787
NN_V3,TSP-truncated_exponential-n300-g1000-3,12838.780370831286,12529,0.16606279998086393,0.049467100005131215,0.11659569997573271,4.253346700003021,ok,2.4725067509879946,2.4725067509879946
NN_V3,TSP-truncated_exponential-n40-g1000-1,4917.364563356168,4882,0.135166800027946,0.022425900009693578,0.11274090001825243,0.151185800001258,ok,0.7243867954970958,0.7243867954970958
NN_V3,TSP-truncated_exponential-n40-g10000-1,51821.64652994176,50031,0.11031909997109324,0.05183219999889843,0.058486899972194806,0.0500146999984281,ok,3.5790740339824536,3.5790740339824536
NN_V3,TSP-truncated_exponential-n300-g10000-4,126176.08490047231,126541,0.152512900007423,0.08541850000619888,0.06709440000122413,4.603071799996542,ok,-0.28837696835625354,0.28837696835625354
NN_V3,TSP-truncated_exponential-n300-g1000-4,12865.092298384887,12948,0.15264310000929981,0.05913999999756925,0.09350310001173057,2.255364600001485,ok,-0.6403128020938614,0.6403128020938614
NN_V3,TSP-truncated_exponential-n300-g1000-5,12722.06104611329,12563,0.15546370000811294,0.05147410000790842,0.10398960000020452,2.2624758000019938,ok,1.2661071886753896,1.2661071886753896
NN_V3,TSP-truncated_exponential-n40-g1000-3,5264.128587645901,5336,0.10638359998119995,0.03190380000160076,0.07447979997959919,0.1092534999916097,ok,-1.346915523877426,1.346915523877426
NN_V3,TSP-truncated_exponential-n40-g1000-2,4488.172963332909,4389,0.11081339998054318,0.04639649999444373,0.06441689998609945,0.0792023000103654,ok,2.2595799346755228,2.2595799346755228
NN_V3,TSP-truncated_exponential-n40-g1000-4,4793.156540032884,4666,0.11341050002374686,0.05236920001334511,0.061041300010401756,0.0800356000108877,ok,2.725172311034797,2.725172311034797
NN_V3,TSP-truncated_exponential-n300-g10000-1,128967.95317624323,127865,0.1464210000121966,0.07042309999815188,0.07599790001404472,1.1379304000001866,ok,0.8625919338702779,0.8625919338702779
NN_V3,TSP-truncated_exponential-n300-g10000-2,126064.34589992417,125893,0.1649856000149157,0.08852620000834577,0.07645940000656992,2.5521045999921625,ok,0.1361043901759194,0.1361043901759194
NN_V3,TSP-truncated_exponential-n40-g1000-5,5009.515805299816,4974,0.1444008000253234,0.0583712000225205,0.08602960000280291,0.1184644000022672,ok,0.7140290570932014,0.7140290570932014
NN_V3,TSP-truncated_exponential-n300-g10000-5,130491.84128455352,129012,0.1747058000182733,0.10188740000012331,0.07281840001814999,3.0175835999980336,ok,1.1470570834910865,1.1470570834910865
NN_V3,TSP-truncated_exponential-n40-g10000-2,44244.52138283494,48314,0.14566480001667514,0.06143140001222491,0.08423340000445023,0.0707334999897284,ok,-8.422980124115293,8.422980124115293
NN_V3,TSP-truncated_exponential-n300-g10000-3,128058.43818102032,126249,0.20838690001983196,0.10595590001321398,0.10243100000661798,1.8545982999930857,ok,1.433229713518776,1.433229713518776
NN_V3,TSP-truncated_exponential-n40-g10000-4,52127.04902648262,51269,0.17718800003058277,0.049246400012634695,0.12794160001794808,0.0985747999948216,ok,1.673621538322616,1.673621538322616
NN_V3,TSP-truncated_exponential-n40-g10000-3,50914.05602010526,52285,0.1911790000158362,0.05125750001752749,0.13992149999830872,0.1877798999921651,ok,-2.6220598257525913,2.6220598257525913
NN_V3,TSP-truncated_exponential-n40-g10000-5,48341.46910803777,48902,0.19691109997802414,0.02811059998930432,0.16880049998871982,0.1585470999998506,ok,-1.1462330619652223,1.1462330619652223
NN_V3,TSP-truncated_exponential-n400-g1000-1,14463.651911417895,14298,0.17921080003725365,0.04328400001395494,0.1359268000232987,2.5511390999890864,ok,1.158567012294695,1.158567012294695
NN_V3,TSP-truncated_exponential-n400-g1000-2,14511.40101888284,14389,0.1756603000103496,0.03965799999423325,0.13600230001611635,6.994770799996331,ok,0.8506568829163924,0.8506568829163924
NN_V3,TSP-truncated_exponential-n5-g1000-1,2014.5422096365073,2024,0.11331669997889549,0.016495799995027483,0.096820899983868,0.3260444000043208,ok,-0.46728213258363027,0.46728213258363027
NN_V3,TSP-truncated_exponential-n400-g1000-3,14532.888918545468,14641,0.15577969996957108,0.05061409997870214,0.10516559999086894,20.977293899995857,ok,-0.7384132330751438,0.7384132330751438
NN_V3,TSP-truncated_exponential-n400-g1000-5,14463.563916978019,14139,0.10627770001883619,0.05165050001232885,0.05462720000650734,2.4753442000073846,ok,2.2955224342458362,2.2955224342458362
NN_V3,TSP-truncated_exponential-n5-g1000-3,1481.966727497842,1580,0.10421009999117814,0.030813199991825968,0.07339689999935217,0.037820700003067,ok,-6.204637500136586,6.204637500136586
NN_V3,TSP-truncated_exponential-n5-g1000-2,2042.1730244718492,2140,0.123387300001923,0.0221187999995891,0.1012685000023339,0.2812763999972958,ok,-4.571353996642561,4.571353996642561
NN_V3,TSP-truncated_exponential-n400-g1000-4,14714.565358259017,14603,0.14848889998393133,0.078062399988994,0.07042649999493733,4.9380506000015885,ok,0.7639893053414822,0.7639893053414822
NN_V3,TSP-truncated_exponential-n400-g10000-4,143946.4853361362,143922,0.15481849998468533,0.08099049999145791,0.07382799999322742,7.679979199994705,ok,0.017012920982330215,0.017012920982330215
NN_V3,TSP-truncated_exponential-n5-g10000-2,13548.19688341074,13405,0.1118729000154417,0.03282839999883436,0.07904450001660734,0.0425889999896753,ok,1.0682348631908933,1.0682348631908933
NN_V3,TSP-truncated_exponential-n400-g10000-5,145765.86204708548,145102,0.15731050001340918,0.09380470000905916,0.06350580000435002,4.465624500007834,ok,0.45751405706708403,0.45751405706708403
NN_V3,TSP-truncated_exponential-n5-g10000-1,22712.835734270222,21555,0.09828559999004938,0.015433399996254593,0.08285219999379478,0.0552079000044614,ok,5.371541332731255,5.371541332731255
NN_V3,TSP-truncated_exponential-n400-g10000-1,149528.8402057793,147955,0.17324969999026507,0.09702829999150708,0.07622139999875799,5.330449400004,ok,1.063728975552904,1.063728975552904
NN_V3,TSP-truncated_exponential-n5-g1000-4,1728.263459163405,1879,0.13392340001882985,0.028594200004590675,0.10532920001423918,0.0417039000021759,ok,-8.02216821908435,8.02216821908435
NN_V3,TSP-truncated_exponential-n400-g10000-2,141801.78307966935,142179,0.16084970001247711,0.08090390000143088,0.07994580001104623,4.294989900008659,ok,-0.2653112768627257,0.2653112768627257
NN_V3,TSP-truncated_exponential-n5-g1000-5,2272.0317768015593,2111,0.11801160001778044,0.041220300015993416,0.07679130000178702,0.0670215999998617,ok,7.628222491783957,7.628222491783957
NN_V3,TSP-truncated_exponential-n5-g10000-4,23750.836891939398,25989,0.10372660000575706,0.03514930000528693,0.06857730000047013,0.0564053999987663,ok,-8.611963169266236,8.611963169266236
NN_V3,TSP-truncated_exponential-n400-g10000-3,145201.0877017025,146406,0.18699660000856966,0.10120190001907758,0.08579469998949207,7.362202599993907,ok,-0.8229937969055295,0.8229937969055295
NN_V3,TSP-truncated_exponential-n5-g10000-3,18480.5453397347,19658,0.1338404999987688,0.03862360000493936,0.09521689999382943,0.0580664000008255,ok,-5.989697122114656,5.989697122114656
NN_V3,TSP-truncated_exponential-n5-g10000-5,17284.36666129902,18463,0.16400869999779388,0.027561800001421943,0.13644689999637194,0.0466561000066576,ok,-6.383758537079457,6.383758537079457
NN_V3,TSP-truncated_exponential-n50-g1000-1,5885.91587952117,5762,0.1722451999958139,0.024760200001765043,0.14748499999404885,0.1149455999984638,ok,2.1505706268859717,2.1505706268859717
NN_V3,TSP-truncated_exponential-n50-g1000-2,5920.945053055868,5834,0.16327399999136105,0.0157953999878373,0.14747860000352375,0.2655450000020209,ok,1.4903163019517982,1.4903163019517982
NN_V3,TSP-truncated_exponential-n50-g1000-5,5949.391473298303,5920,0.15231890001450665,0.0261742000002414,0.12614470001426525,0.0487149999971734,ok,0.49647758949836196,0.49647758949836196
NN_V3,TSP-truncated_exponential-n50-g1000-3,6057.042382680687,5860,0.1438198999967426,0.017984200007049367,0.12583569998969324,0.1085212999896612,ok,3.3624979979639473,3.3624979979639473
NN_V3,TSP-truncated_exponential-n50-g10000-4,59310.36089441896,58885,0.18380910000996664,0.033597500005271286,0.15021160000469536,0.1626393000042298,ok,0.7223586557170109,0.7223586557170109
NN_V3,TSP-truncated_exponential-n50-g1000-4,6213.621209164397,6003,0.15794070000993088,0.022706000017933547,0.13523469999199733,0.1023159000033047,ok,3.5085991864800508,3.5085991864800508
NN_V3,TSP-truncated_exponential-n50-g10000-1,59822.197552481375,58660,0.1774921999895014,0.031153099989751354,0.14633909999975003,0.1406474999967031,ok,1.9812436966951503,1.9812436966951503
NN_V3,TSP-truncated_exponential-n50-g10000-5,57107.3630559732,57598,0.14257760002510622,0.0323019000061322,0.11027570001897402,0.0898413000104483,ok,-0.8518298274710974,0.8518298274710974
NN_V3,TSP-truncated_exponential-n50-g10000-2,58359.32620081678,55930,0.1885228000173811,0.02770299999974668,0.1608198000176344,0.0488830000103917,ok,4.34351189132269,4.34351189132269
NN_V3,TSP-truncated_exponential-n50-g10000-3,54424.07092318672,55596,0.18210630002431571,0.028308400011155754,0.15379790001315996,0.122380200002226,ok,-2.1079377595749293,2.1079377595749293
NN_V3,TSP-truncated_exponential-n500-g1000-1,16521.03628921212,16414,0.16802520002238452,0.07602860001497902,0.0919966000074055,3.767419299998437,ok,0.6521036262466144,0.6521036262466144
NN_V3,TSP-truncated_exponential-n500-g1000-2,16382.429846590458,16359,0.20765220001339912,0.09591030000592582,0.1117419000074733,4.687598399992567,ok,0.14322297567368178,0.14322297567368178
NN_V3,TSP-truncated_exponential-n500-g1000-4,16327.860877002822,16140,0.1975286999659147,0.09607689999393187,0.10145179997198284,2.5999366999894846,ok,1.1639459541686632,1.1639459541686632
NN_V3,TSP-truncated_exponential-n500-g1000-3,16596.735493899294,16397,0.19932410001638345,0.09898290000273846,0.100341200013645,3.1635340999928303,ok,1.218122180272574,1.218122180272574
NN_V3,TSP-truncated_exponential-n500-g1000-5,16412.67033248805,16160,0.20276900002500042,0.08953510000719689,0.11323390001780353,6.054392300007748,ok,1.5635540376735824,1.5635540376735824
NN_V3,TSP-truncated_exponential-n500-g10000-3,161882.3267865926,161995,0.16410029999678954,0.08542370001669042,0.07867659998009913,8.379511799998,ok,-0.06955351301422714,0.06955351301422714
NN_V3,TSP-truncated_exponential-n500-g10000-4,165737.28245993797,164609,0.18912320001982152,0.08261660000425763,0.10650660001556389,3.232200999991619,ok,0.6854318171776558,0.6854318171776558
NN_V3,TSP-truncated_exponential-n500-g10000-2,163212.28933858988,161898,0.19111610000254586,0.09950849998858757,0.09160760001395829,4.216196299996227,ok,0.8118008490468559,0.8118008490468559
NN_V3,TSP-truncated_exponential-n500-g10000-1,166262.8167712167,164215,0.20792380001512356,0.10903970000799745,0.09888410000712611,1.9781532000051807,ok,1.2470339318677894,1.2470339318677894
NN_V3,TSP-truncated_exponential-n60-g1000-1,5466.236166955656,5554,0.14341369998874143,0.03379670000867918,0.10961699998006225,0.2490895000082673,ok,-1.5801914484037487,1.5801914484037487
NN_V3,TSP-truncated_exponential-n60-g1000-2,5719.969206184876,5856,0.1320572999829892,0.03182289999676868,0.10023439998622052,0.4917338999948697,ok,-2.322930222252794,2.322930222252794
NN_V3,TSP-truncated_exponential-n60-g1000-3,5976.318700555887,5853,0.12940080001135357,0.029422799998428673,0.0999780000129249,0.1410851999971782,ok,2.1069314976232123,2.1069314976232123
NN_V3,TSP-truncated_exponential-n60-g1000-4,6334.3261773872655,6210,0.13961280000512488,0.03374899999471381,0.10586380001041107,0.1427469000045675,ok,2.0020318419849517,2.0020318419849517
NN_V3,TSP-truncated_exponential-n500-g10000-5,162878.17406404763,163037,0.26172509996104054,0.08534249998047017,0.17638259998057038,2.6203447000007145,ok,-0.09741711142401135,0.09741711142401135
NN_V3,TSP-truncated_exponential-n60-g10000-1,61856.914680937305,61884,0.12249639997025952,0.030302899976959452,0.09219349999330007,0.1683364000055007,ok,-0.04376788679253912,0.04376788679253912
NN_V3,TSP-truncated_exponential-n60-g10000-2,60238.82603722636,61996,0.14454619999742135,0.04156340000918135,0.10298279998824,0.3783824999991338,ok,-2.834334413145427,2.834334413145427
NN_V3,TSP-truncated_exponential-n60-g1000-5,6156.4674869179,6216,0.15971840001293458,0.02859940001508221,0.13111899999785237,0.1619121999974595,ok,-0.9577302619385488,0.9577302619385488
NN_V3,TSP-truncated_exponential-n60-g10000-3,60591.483132767025,61070,0.15082139999140054,0.02867329999571666,0.12214809999568388,0.2587910000002011,ok,-0.7835547195562055,0.7835547195562055
NN_V3,TSP-truncated_exponential-n60-g10000-4,62000.980397873616,62797,0.1908840000105556,0.026099000009708107,0.1647850000008475,0.1359958000102779,ok,-1.267607691651486,1.267607691651486
NN_V3,TSP-truncated_exponential-n60-g10000-5,60286.49476392672,57145,0.19226609996985644,0.03941259998828173,0.15285349998157471,0.1644300000043586,ok,5.497409684008608,5.497409684008608
NN_V3,TSP-truncated_exponential-n600-g1000-5,17831.705662601627,17762,0.20215269998880103,0.06016749999253079,0.14198519999627024,4.5571600000112085,ok,0.39244264498157533,0.39244264498157533
NN_V3,TSP-truncated_exponential-n600-g1000-3,18085.431863670594,17850,0.17042029998265207,0.06868529997882433,0.10173500000382774,2.7886001000006218,ok,1.3189460149613104,1.3189460149613104
NN_V3,TSP-truncated_exponential-n600-g1000-1,17630.3335802941,17399,0.22922719997586682,0.08575569998356514,0.1434714999923017,10.212175900000148,ok,1.3295797476527391,1.3295797476527391
NN_V3,TSP-truncated_exponential-n600-g1000-2,18127.100290360235,18017,0.1896800000104122,0.09045620000688359,0.0992238000035286,13.377880700005337,ok,0.6110911381486085,0.6110911381486085
NN_V3,TSP-truncated_exponential-n600-g1000-4,17751.096782552893,17679,0.19008410000242293,0.09642940000048839,0.09365470000193454,3.677389000004041,ok,0.40781029782732775,0.40781029782732775
NN_V3,TSP-truncated_exponential-n70-g1000-1,6677.406171565104,6466,0.13962279999395832,0.033799299999373034,0.10582349999458529,0.2116592000093078,ok,3.2695046638587097,3.2695046638587097
NN_V3,TSP-truncated_exponential-n600-g10000-1,177969.59819354815,177067,0.16888749998179264,0.0800429999944754,0.08884449998731725,3.631520900002215,ok,0.509749526195256,0.509749526195256
NN_V3,TSP-truncated_exponential-n600-g10000-2,173450.0477851238,174065,0.18244569998933002,0.0961644999915734,0.08628119999775663,10.772619800001848,ok,-0.3532888374321029,0.3532888374321029
NN_V3,TSP-truncated_exponential-n70-g1000-5,6883.6311277265195,6778,0.10048730002017692,0.043674100015778095,0.05681320000439882,0.1869637000054353,ok,1.5584409519994022,1.5584409519994022
NN_V3,TSP-truncated_exponential-n600-g10000-4,179655.9370892099,179838,0.17669930000556633,0.10635670000920072,0.0703425999963656,11.560473900011855,ok,-0.10123717500755654,0.10123717500755654
NN_V3,TSP-truncated_exponential-n600-g10000-3,175224.11167235486,174914,0.16282219998538494,0.10411069999099709,0.05871149999438785,2.501640800008317,ok,0.17729379715452284,0.17729379715452284
NN_V3,TSP-truncated_exponential-n70-g1000-2,6659.141728998904,6611,0.13322180000250228,0.041325700003653765,0.09189609999884851,0.1551443999924231,ok,0.7282064589155045,0.7282064589155045
NN_V3,TSP-truncated_exponential-n70-g1000-4,6033.007694064545,6208,0.12248300001374446,0.041989400022430345,0.08049359999131411,0.1248595999932149,ok,-2.8188193610736967,2.8188193610736967
NN_V3,TSP-truncated_exponential-n70-g1000-3,6648.237459711061,6328,0.12309219999588095,0.04106879999744706,0.08202339999843389,0.0581559999991441,ok,5.0606425365211924,5.0606425365211924
NN_V3,TSP-truncated_exponential-n600-g10000-5,174292.09481562534,173690,0.2017949000291992,0.12221000000135973,0.07958490002783947,10.416173200006597,ok,0.3466490964507706,0.3466490964507706
NN_V3,TSP-truncated_exponential-n70-g10000-2,65080.44524363289,65592,0.12217739998595789,0.04489610000746325,0.07728129997849464,0.2971544000029098,ok,-0.7799041900950016,0.7799041900950016
NN_V3,TSP-truncated_exponential-n70-g10000-1,62894.157071047346,63145,0.12889320001704618,0.03276219998952001,0.09613100002752617,0.1963726000103633,ok,-0.397249075861357,0.397249075861357
NN_V3,TSP-truncated_exponential-n70-g10000-3,64538.53383963666,63673,0.12344729999313131,0.039455699996324256,0.08399159999680705,0.190605299998424,ok,1.3593420125275342,1.3593420125275342
NN_V3,TSP-truncated_exponential-n70-g10000-5,67904.31313661742,67259,0.15359689999604598,0.039261800004169345,0.11433509999187663,0.1323019999981625,ok,0.9594450357831966,0.9594450357831966
NN_V3,TSP-truncated_exponential-n70-g10000-4,66293.41243681218,66938,0.24604660001932643,0.05596769999829121,0.19007890002103522,0.7296187999891117,ok,-0.9629620890791706,0.9629620890791706
NN_V3,TSP-truncated_exponential-n700-g1000-1,19563.388515821163,19428,0.19127690000459552,0.056401200010441244,0.13487569999415427,5.695682100005797,ok,0.6968731512310238,0.6968731512310238
NN_V3,TSP-truncated_exponential-n700-g1000-4,19121.520657650544,18979,0.15850230000796728,0.07651070001884364,0.08199159998912364,6.533752999996068,ok,0.7509387093658481,0.7509387093658481
NN_V3,TSP-truncated_exponential-n700-g1000-3,18955.99564618319,19006,0.18195560004096478,0.0640741000242997,0.11788150001666509,11.388898500008509,ok,-0.2630977260697158,0.2630977260697158
NN_V3,TSP-truncated_exponential-n700-g1000-2,19044.341447082,19182,0.16007889999309555,0.07528429999365471,0.08479459999944083,7.5607866999926046,ok,-0.7176444214263428,0.7176444214263428
NN_V3,TSP-truncated_exponential-n8-g1000-2,2793.725640054072,2980,0.10832030000165105,0.03379560000030324,0.07452470000134781,0.0544452000031014,ok,-6.250817447849938,6.250817447849938
NN_V3,TSP-truncated_exponential-n8-g10000-2,19893.2782778985,17212,0.10857969999779016,0.03232239998760633,0.07625730001018383,0.1188450000045122,ok,15.577958853697993,15.577958853697993
NN_V3,TSP-truncated_exponential-n8-g1000-4,2645.328652649201,2564,0.10474720000638627,0.028972000000067055,0.07577520000631921,0.0467343000054825,ok,3.1719443310920865,3.1719443310920865
NN_V3,TSP-truncated_exponential-n8-g1000-1,2203.769139798096,2417,0.13360679999459535,0.02687319999677129,0.10673359999782406,0.0814544000022579,ok,-8.82212909399685,8.82212909399685
NN_V3,TSP-truncated_exponential-n8-g10000-1,23850.027722696075,24455,0.07745529996464029,0.030536999984178692,0.0469182999804616,0.1186230000021169,ok,-2.473818349228889,2.473818349228889
NN_V3,TSP-truncated_exponential-n8-g1000-5,2860.7438899598783,3197,0.11124470000504516,0.024835000018356368,0.08640969998668879,0.0423475999996298,ok,-10.517863936193987,10.517863936193987
NN_V3,TSP-truncated_exponential-n8-g10000-3,22549.58687087428,23941,0.09171600002446212,0.038993499998468906,0.05272250002599321,0.2171426999993855,ok,-5.811842149975865,5.811842149975865
NN_V3,TSP-truncated_exponential-n700-g10000-5,190870.7134507848,189874,0.16769170001498424,0.1354124000063166,0.03227930000866763,5.156797800009372,ok,0.5249341409486264,0.5249341409486264
NN_V3,TSP-truncated_exponential-n700-g10000-4,191310.74938556552,190909,0.16029729999718256,0.10336209999513812,0.05693520000204444,28.06956679999712,ok,0.2104402545534885,0.2104402545534885
NN_V3,TSP-truncated_exponential-n8-g1000-3,2393.1273546109733,2492,0.10771720003685914,0.051334100018721074,0.056383100018138066,0.2041681999980937,ok,-3.967602142416803,3.967602142416803
NN_V3,TSP-truncated_exponential-n8-g10000-4,25609.81394439732,25097,0.06933640001807362,0.02377390000037849,0.04556250001769513,0.1745104000001447,ok,2.0433276662442506,2.0433276662442506
NN_V3,TSP-truncated_exponential-n700-g10000-1,188701.38913568482,187862,0.16468290000921115,0.10345319999032654,0.061229700018884614,444.8880859999917,ok,0.44681156151048,0.44681156151048
NN_V3,TSP-truncated_exponential-n700-g1000-5,18969.031396514503,18831,0.17314030000125058,0.08044859999790788,0.0926917000033427,3.863698000001023,ok,0.7330008842573591,0.7330008842573591
NN_V3,TSP-truncated_exponential-n700-g10000-2,187794.13254732313,188058,0.23590999998850748,0.12992929999018088,0.1059806999983266,17.016480899997987,ok,-0.14031174035503602,0.14031174035503602
NN_V3,TSP-truncated_exponential-n700-g10000-3,187386.09701183217,186837,0.2614354999968782,0.1520281000121031,0.10940739998477511,4.971037100011017,ok,0.2938909380005947,0.2938909380005947
NN_V3,TSP-truncated_exponential-n8-g10000-5,28347.660159044433,28059,0.1401703000010457,0.015429999999469146,0.12474030000157654,0.2736267000000225,ok,1.0287613922250736,1.0287613922250736
NN_V3,TSP-truncated_exponential-n80-g1000-1,6388.3492918735865,6538,0.15011829999275506,0.017852299992227927,0.13226600000052713,0.2581610000052023,ok,-2.2889371080821888,2.2889371080821888
NN_V3,TSP-truncated_exponential-n80-g1000-2,6978.823159434069,7210,0.13255940002272837,0.022142900008475408,0.11041650001425296,0.5846137999906205,ok,-3.206336207571863,3.206336207571863
NN_V3,TSP-truncated_exponential-n80-g10000-1,69599.23177766555,69201,0.1463623000017833,0.030880800011800602,0.1154814999899827,0.3808035999973072,ok,0.5754711314367633,0.5754711314367633
NN_V3,TSP-truncated_exponential-n80-g1000-4,6641.273747895495,6703,0.13834000000497326,0.040218800015281886,0.09812119998969138,0.3326336000027368,ok,-0.9208750127480974,0.9208750127480974
NN_V3,TSP-truncated_exponential-n80-g10000-3,64115.32977360021,64164,0.1402832000167109,0.038267500000074506,0.1020157000166364,0.1285533000045688,ok,-0.07585285580666226,0.07585285580666226
NN_V3,TSP-truncated_exponential-n80-g10000-4,61120.116528336075,61976,0.1170045999751892,0.0264123999804724,0.0905921999947168,0.1255434000049717,ok,-1.3809917898281994,1.3809917898281994
NN_V3,TSP-truncated_exponential-n80-g1000-3,6905.9548640310095,6915,0.18673230000422336,0.03711010000552051,0.14962219999870285,0.5491981999948621,ok,-0.13080456932741152,0.13080456932741152
NN_V3,TSP-truncated_exponential-n80-g10000-2,67846.45622348413,66112,0.17409059999044985,0.06032029999187216,0.11377029999857768,0.1041856000083498,ok,2.6235119546892074,2.6235119546892074
NN_V3,TSP-truncated_exponential-n80-g10000-5,69664.26107814792,72206,0.1559928999922704,0.04246739999507554,0.11352549999719486,0.7919456999952672,ok,-3.520121488314107,3.520121488314107
NN_V3,TSP-truncated_exponential-n80-g1000-5,6978.312538543032,7108,0.16173839999828488,0.029049500008113682,0.1326888999901712,0.3188552999927196,ok,-1.8245281578076515,1.8245281578076515
NN_V3,TSP-truncated_exponential-n800-g1000-1,20473.888888606773,20348,0.23850380003568716,0.14724410002236255,0.09125970001332462,2.9449210000020685,ok,0.6186794211066077,0.6186794211066077
NN_V3,TSP-truncated_exponential-n800-g1000-3,20302.04577840431,20201,0.2164182999986224,0.10489049999159761,0.11152780000702478,7.805563199988683,ok,0.5002018632954315,0.5002018632954315
NN_V3,TSP-truncated_exponential-n800-g10000-1,207611.9891167013,207066,0.23434070000075735,0.11179110000375658,0.12254959999700077,7.033711900003254,ok,0.26367878681256096,0.26367878681256096
NN_V3,TSP-truncated_exponential-n800-g1000-2,20272.095267661207,20175,0.24530420001246966,0.12699230000725947,0.11831190000521019,6.017228900003829,ok,0.48126526721787805,0.48126526721787805
NN_V3,TSP-truncated_exponential-n800-g1000-4,20417.632768828887,20259,0.25680020000436343,0.1474768999905791,0.10932330001378432,57.34619060000114,ok,0.783023687392702,0.783023687392702
NN_V3,TSP-truncated_exponential-n800-g1000-5,20632.326531362953,20559,0.24222690000897273,0.13303379999706522,0.10919310001190752,275.7566603999876,ok,0.3566639007877458,0.3566639007877458
NN_V3,TSP-truncated_exponential-n800-g10000-2,203310.24491966655,202341,0.2876542000158224,0.16837530001066625,0.11927890000515617,5.219515300006606,ok,0.4790155824408077,0.4790155824408077
NN_V3,TSP-truncated_exponential-n800-g10000-4,205135.28145302425,204181,0.21896550001110882,0.0978985000110697,0.12106700000003912,5.689506599999731,ok,0.46737034935877814,0.46737034935877814
NN_V3,TSP-truncated_exponential-n800-g10000-3,202877.8175128484,202869,0.22183850000146776,0.09973829999216832,0.12210020000929944,4.032514699996682,ok,0.004346407212740478,0.004346407212740478
NN_V3,TSP-truncated_exponential-n800-g10000-5,203423.4049801454,201949,0.2562000999751035,0.11375739998766221,0.1424426999874413,7.663514800005942,ok,0.7300877846116568,0.7300877846116568
NN_V3,TSP-truncated_exponential-n90-g1000-3,7002.805167246697,7038,0.14305090002017096,0.01795840001432225,0.1250925000058487,1.6510513999965042,ok,-0.5000686665715084,0.5000686665715084
NN_V3,TSP-truncated_exponential-n90-g1000-1,7185.7996287257265,6972,0.1546127999899909,0.05465669999830425,0.09995609999168664,0.2126011000073049,ok,3.0665465967545398,3.0665465967545398
NN_V3,TSP-truncated_exponential-n90-g1000-2,7332.201097933561,7034,0.1329873999929987,0.03713300000526942,0.09585439998772927,0.1956643000012263,ok,4.23942419581406,4.23942419581406
NN_V3,TSP-truncated_exponential-n90-g1000-5,7045.163830555655,6853,0.15497810000670142,0.031754600000567734,0.12322350000613369,0.3133582999871578,ok,2.804083329281414,2.804083329281414
NN_V3,TSP-truncated_exponential-n90-g10000-2,67040.08748951624,65675,0.179712200013455,0.046318500011693686,0.13339370000176132,0.251224200008437,ok,2.0785496604739118,2.0785496604739118
NN_V3,TSP-truncated_exponential-n90-g10000-1,71768.21628377831,73301,0.18886920000659302,0.04499789999681525,0.14387130000977777,0.2502978999982588,ok,-2.0910815899124016,2.0910815899124016
NN_V3,TSP-truncated_exponential-n90-g10000-4,73662.10817425151,73220,0.1682470999949146,0.051765200012596324,0.11648189998231828,0.6640833999990718,ok,0.6038079407969256,0.6038079407969256
NN_V3,TSP-truncated_exponential-n90-g10000-5,67988.91757072305,69715,0.16193709999788553,0.04769629999645986,0.11424080000142567,0.3143764000124065,ok,-2.4759125428917077,2.4759125428917077
NN_V3,TSP-truncated_exponential-n90-g1000-4,6937.382689308462,6930,0.19226149999303743,0.05358710000291467,0.13867439999012277,0.5220962999883341,ok,0.10653231325342616,0.10653231325342616
NN_V3,TSP-truncated_exponential-n90-g10000-3,74744.91563059972,74850,0.17816339997807518,0.04076309999800287,0.1374002999800723,0.3857248999993317,ok,-0.1403932790918949,0.1403932790918949
NN_V3,TSP-truncated_exponential-n900-g1000-1,21315.16663260176,21338,0.22467359999427572,0.08723659999668598,0.13743699999758974,18.191402099997504,ok,-0.10700800167888994,0.10700800167888994
NN_V3,TSP-truncated_exponential-n900-g1000-5,21606.85002434824,21512,0.20384989999001846,0.09584419999737293,0.10800569999264553,21.06411059999664,ok,0.44091681084158274,0.44091681084158274
NN_V3,TSP-truncated_exponential-n900-g1000-4,21979.38531559841,21743,0.20381859998451546,0.06547820000560023,0.13834039997891523,505.8864300000132,ok,1.0871789339024545,1.0871789339024545
NN_V3,TSP-truncated_exponential-n900-g1000-2,21627.38484208536,21377,0.1999841000069864,0.09893360000569373,0.10105050000129268,107.81922990000749,ok,1.1712814804947422,1.1712814804947422
NN_V3,TSP-truncated_exponential-n900-g1000-3,21720.097156718024,21764,0.19393910001963377,0.09894530000747181,0.09499380001216196,10.076480599993374,ok,-0.2017223087758498,0.2017223087758498
NN_V3,TSP-truncated_exponential-n900-g10000-1,210151.49282721104,210638,0.2125277000013739,0.08593080000719056,0.12659689999418333,4.239378199999919,ok,-0.2309683783500408,0.2309683783500408
NN_V3,TSP-uniform_triangular-n10-g1000-2,2432.3089522214723,2466,0.11859570001251996,0.02543320000404492,0.09316250000847504,0.0737809999991441,ok,-1.3662225376531922,1.3662225376531922
NN_V3,TSP-truncated_exponential-n900-g10000-3,215755.00163240917,215086,0.16448129998752847,0.10306059999857098,0.061420699988957494,10.437070799991488,ok,0.311039134304032,0.311039134304032
NN_V3,TSP-uniform_triangular-n10-g1000-3,2926.243724789041,2780,0.1089438000053633,0.022488899994641542,0.08645490001072176,0.0370103999885031,ok,5.260565639893567,5.260565639893567
NN_V3,TSP-uniform_triangular-n10-g1000-1,2459.509178551398,2670,0.12426809998578392,0.0296675999998115,0.09460049998597242,0.0391270999971311,ok,-7.883551365116189,7.883551365116189
NN_V3,TSP-uniform_triangular-n10-g1000-5,2686.2704740964073,2598,0.08484559998032637,0.028535299992654473,0.0563102999876719,0.0439358000003267,ok,3.397631797398278,3.397631797398278
NN_V3,TSP-uniform_triangular-n10-g10000-5,20650.968042184104,19647,0.09948289999738336,0.03562529999180697,0.06385760000557639,0.0516382999921916,ok,5.110032280674424,5.110032280674424
NN_V3,TSP-uniform_triangular-n10-g1000-4,2826.2879319657877,2598,0.13764889998128638,0.04511959999217652,0.09252929998910986,0.0483437000075355,ok,8.787064355880975,8.787064355880975
NN_V3,TSP-uniform_triangular-n10-g10000-2,21209.482357846224,21960,0.11329350003506988,0.023608300019986928,0.08968520001508296,0.0374096000014105,ok,-3.41765775115563,3.41765775115563
NN_V3,TSP-truncated_exponential-n900-g10000-4,214999.31477822142,215586,0.23694900001282804,0.1490938999922946,0.08785510002053343,20.03683060000185,ok,-0.2721351209162831,0.2721351209162831
NN_V3,TSP-truncated_exponential-n900-g10000-2,218462.10179978702,217885,0.24491199999465607,0.1584115000150632,0.08650049997959286,12.581449600009364,ok,0.26486531876311914,0.26486531876311914
NN_V3,TSP-uniform_triangular-n10-g10000-1,28622.883672470343,27793,0.13766070001292974,0.0473403999931179,0.09032030001981184,0.0381158999953186,ok,2.9859449230753907,2.9859449230753907
NN_V3,TSP-uniform_triangular-n10-g10000-4,25147.525184167956,25658,0.10757720001856796,0.029396900004940107,0.07818030001362786,0.1019213999970816,ok,-1.989534709767104,1.989534709767104
NN_V3,TSP-uniform_triangular-n10-g10000-3,22693.929568872554,24214,0.13716589999967255,0.04443750000791624,0.0927283999917563,0.0405866999935824,ok,-6.2776510742853135,6.2776510742853135
NN_V3,TSP-truncated_exponential-n900-g10000-5,216979.61623452196,214709,0.2415622000116855,0.13310330000240356,0.10845890000928193,14.337211800011572,ok,1.0575319313684863,1.0575319313684863
NN_V3,TSP-uniform_triangular-n100-g1000-1,7113.831284312022,7095,0.13864240000839345,0.023008799995295703,0.11563360001309775,0.3819709999952465,ok,0.2654162693731083,0.2654162693731083
NN_V3,TSP-uniform_triangular-n100-g1000-3,7421.689462326845,7523,0.17800750001333654,0.031566199992084876,0.14644130002125166,0.2793161000008695,ok,-1.3466773584096055,1.3466773584096055
NN_V3,TSP-uniform_triangular-n100-g1000-2,7480.0819332823885,7566,0.19427479998557828,0.02779769999324344,0.16647709999233484,0.4513818000123137,ok,-1.1355811091410457,1.1355811091410457
NN_V3,TSP-uniform_triangular-n100-g10000-3,73827.8127186289,75205,0.13598890000139363,0.03757490002317354,0.09841399997822009,0.4982679000095231,ok,-1.831244307387932,1.831244307387932
NN_V3,TSP-uniform_triangular-n100-g1000-4,6639.100440225651,6854,0.14812559998244978,0.025399799982551485,0.1227257999998983,0.7597837000066647,ok,-3.135388966652301,3.135388966652301
NN_V3,TSP-uniform_triangular-n100-g10000-4,74023.43338806444,73229,0.1483367999899201,0.027389800001401454,0.12094699998851866,0.7512664999958361,ok,1.0848617188059932,1.0848617188059932
NN_V3,TSP-uniform_triangular-n100-g10000-1,72534.36408683384,72457,0.15140970001812093,0.03631080000195652,0.11509890001616441,0.1915678000077605,ok,0.10677241237401591,0.10677241237401591
NN_V3,TSP-uniform_triangular-n100-g1000-5,7147.4590719357,7071,0.15146370002184995,0.028792500001145527,0.12267120002070442,2.351743100007297,ok,1.0813049347433206,1.0813049347433206
NN_V3,TSP-uniform_triangular-n100-g10000-5,66555.44264518889,65984,0.20060250000096858,0.04019279999192804,0.16040970000904053,0.3678485999989789,ok,0.8660321368648258,0.8660321368648258
NN_V3,TSP-uniform_triangular-n100-g10000-2,74258.64722611051,73999,0.2379404999956023,0.06640139999217354,0.17153910000342876,0.3820981000026222,ok,0.35087937149219345,0.35087937149219345
NN_V3,TSP-uniform_triangular-n1000-g1000-3,22058.921809203195,21841,0.22914219996891916,0.10524119998444803,0.12390099998447113,8.907673300011083,ok,0.9977647964983066,0.9977647964983066
NN_V3,TSP-uniform_triangular-n1000-g10000-1,216661.64664215245,215362,0.2000349999871105,0.10715779999736696,0.09287719998974353,7.368569099984597,ok,0.6034707339978514,0.6034707339978514
NN_V3,TSP-uniform_triangular-n20-g1000-1,2982.019520916743,3120,0.1022030999592971,0.02647639997303486,0.07572669998626225,0.0655257999897003,ok,-4.422451252668487,4.422451252668487
NN_V3,TSP-uniform_triangular-n1000-g1000-4,21743.37377385699,21525,0.1946812999958638,0.10351909999735653,0.09116219999850728,168.18047389999265,ok,1.014512305955822,1.014512305955822
NN_V3,TSP-uniform_triangular-n1000-g10000-4,213297.85536381695,212579,0.1644166000187397,0.10143999999854714,0.06297660002019256,10.348479400010548,ok,0.3381591614491338,0.3381591614491338
NN_V3,TSP-uniform_triangular-n1000-g1000-1,21921.652361137094,21758,0.23277500001131557,0.13589070001034997,0.0968843000009656,6.220243300005677,ok,0.7521479967694364,0.7521479967694364
NN_V3,TSP-uniform_triangular-n1000-g10000-2,214889.29738285288,213786,0.18150920001789927,0.10223889999906532,0.07927030001883395,5.789386899996316,ok,0.5160756002979042,0.5160756002979042
NN_V3,TSP-uniform_triangular-n1000-g1000-2,21911.997625581454,21762,0.2210363999765832,0.128569399996195,0.09246699998038821,95.60107259999496,ok,0.6892639719761717,0.6892639719761717
NN_V3,TSP-uniform_triangular-n1000-g10000-3,214143.59369951417,213598,0.2190946000337135,0.12619830001494847,0.09289630001876503,11.144670300011056,ok,0.2554301536129399,0.2554301536129399
NN_V3,TSP-uniform_triangular-n1000-g1000-5,21360.132710812308,21233,0.20588940000743605,0.1280552000098396,0.07783419999759644,60.90263229999982,ok,0.5987505807578193,0.5987505807578193
NN_V3,TSP-uniform_triangular-n1000-g10000-5,218472.53983253893,218764,0.21118889999343082,0.13849579999805428,0.07269309999537654,23.482761599996596,ok,-0.13323040695044655,0.13323040695044655
NN_V3,TSP-uniform_triangular-n20-g1000-5,3742.614808199054,3801,0.10043469999800436,0.02719940000679344,0.07323529999121092,0.1420730999961961,ok,-1.5360481926057854,1.5360481926057854
NN_V3,TSP-uniform_triangular-n20-g1000-4,3726.047415615438,3821,0.1066450999933295,0.035787300002994016,0.07085779999033548,0.1542404000065289,ok,-2.4850192196954257,2.4850192196954257
NN_V3,TSP-uniform_triangular-n20-g1000-2,3214.1767589894807,3077,0.11580610001692548,0.038115200004540384,0.0776909000123851,0.0541516999946907,ok,4.458133213827778,4.458133213827778
NN_V3,TSP-uniform_triangular-n20-g10000-2,40941.33317111246,39057,0.1212482999835629,0.03744419998838566,0.08380409999517724,0.1203907000017352,ok,4.824572217816173,4.824572217816173
NN_V3,TSP-uniform_triangular-n20-g1000-3,3149.4550616612105,3115,0.13322689998312853,0.04358299999148585,0.08964389999164268,0.0418558999954257,ok,1.1061014979521828,1.1061014979521828
NN_V3,TSP-uniform_triangular-n20-g10000-1,32880.46281110158,31436,0.13045900000724941,0.027558500005397946,0.10290050000185147,0.043070899992017,ok,4.594931960496174,4.594931960496174
NN_V3,TSP-uniform_triangular-n20-g10000-3,27840.658791045542,28959,0.17304710001917556,0.03299340000376105,0.1400537000154145,0.0430040999926859,ok,-3.861808795035941,3.861808795035941
NN_V3,TSP-uniform_triangular-n20-g10000-4,33494.121650749934,34268,0.1545188000309281,0.018630900012794882,0.13588790001813322,0.1012590999889653,ok,-2.2583119798356077,2.2583119798356077
NN_V3,TSP-uniform_triangular-n200-g1000-1,9508.78077619223,9508,0.16717510001035407,0.024287300009746104,0.14288780000060797,0.9862868000054732,ok,0.008211781575835141,0.008211781575835141
NN_V3,TSP-uniform_triangular-n20-g10000-5,30695.4918427128,31335,0.21082200002274476,0.022704600007273257,0.1881174000154715,0.1411990000051446,ok,-2.040874923527048,2.040874923527048
NN_V3,TSP-uniform_triangular-n200-g1000-4,9936.445516926033,9962,0.14476270001614466,0.03351989999646321,0.11124280001968145,1.4906371999968542,ok,-0.25651960523958317,0.25651960523958317
NN_V3,TSP-uniform_triangular-n200-g1000-5,9321.10263184915,9406,0.12781679999898188,0.04200940000009723,0.08580739999888465,0.8812077999900794,ok,-0.9025873713677496,0.9025873713677496
NN_V3,TSP-uniform_triangular-n200-g1000-3,10003.049175964334,9944,0.15230159999919124,0.04214609999326058,0.11015550000593066,1.410049700003583,ok,0.5938171356027122,0.5938171356027122
NN_V3,TSP-uniform_triangular-n200-g1000-2,10035.764745512395,9935,0.12606209999648854,0.041407199983950704,0.08465490001253784,1.4681482000014512,ok,1.0142400152229005,1.0142400152229005
NN_V3,TSP-uniform_triangular-n200-g10000-5,95466.56507927016,96125,0.12830129999201745,0.05647609999869019,0.07182519999332726,0.5895320999989053,ok,-0.6849778109023006,0.6849778109023006
NN_V3,TSP-uniform_triangular-n200-g10000-1,97564.30272527388,97287,0.12780450002173893,0.0481910000089556,0.07961350001278333,1.366396999990684,ok,0.2850357450367294,0.2850357450367294
NN_V3,TSP-uniform_triangular-n200-g10000-2,100348.9693657452,100016,0.14562589998240583,0.0924964000005275,0.053129499981878325,2.598225599998841,ok,0.3329160991693337,0.3329160991693337
NN_V3,TSP-uniform_triangular-n30-g1000-2,4294.453373014025,4344,0.0759056999522727,0.01905039997654967,0.05685529997572303,0.0991340000036871,ok,-1.1405761276697814,1.1405761276697814
NN_V3,TSP-uniform_triangular-n30-g10000-1,40454.50599199487,40027,0.08535959999426268,0.04172519998974167,0.04363440000452101,0.0689119000016944,ok,1.0680440502532516,1.0680440502532516
NN_V3,TSP-uniform_triangular-n200-g10000-4,99206.0763197951,98589,0.11110129998996854,0.06367619999218732,0.04742509999778122,1.3945509000041056,ok,0.6259078799816429,0.6259078799816429
NN_V3,TSP-uniform_triangular-n30-g1000-1,4092.605171209645,3892,0.0913707000145223,0.04980310000246391,0.04156760001205839,0.0547224000038113,ok,5.154295252046379,5.154295252046379
NN_V3,TSP-uniform_triangular-n200-g10000-3,100043.02449893346,99992,0.1375529000069946,0.06086759999743663,0.07668530000955798,2.162948700002744,ok,0.051028581219958166,0.051028581219958166
NN_V3,TSP-uniform_triangular-n30-g1000-5,3299.454367420658,3299,0.09625480003887787,0.03411870001582429,0.062136100023053586,0.044043200003216,ok,0.013772883317912862,0.013772883317912862
NN_V3,TSP-uniform_triangular-n30-g1000-3,4105.0525985732675,3959,0.10999389999778941,0.056602299999212846,0.05339159999857657,0.1262745999993058,ok,3.689128531782457,3.689128531782457
NN_V3,TSP-uniform_triangular-n30-g10000-2,37580.678534803796,38650,0.11005729998578317,0.024301800003740937,0.08575549998204224,0.0448640999966301,ok,-2.7666790820082907,2.7666790820082907
NN_V3,TSP-uniform_triangular-n30-g1000-4,4234.295180317538,4175,0.1462759999849368,0.05028259998653084,0.09599339999840595,0.0352404000004753,ok,1.4202438399410378,1.4202438399410378
NN_V3,TSP-uniform_triangular-n30-g10000-4,38710.542763218866,38728,0.12367679999442771,0.03042769999592565,0.09324909999850206,0.0711454999982379,ok,-0.04507652546254459,0.04507652546254459
NN_V3,TSP-uniform_triangular-n30-g10000-3,39485.04953037249,40231,0.1332550000224728,0.02590890001738444,0.10734610000508837,0.0623120000091148,ok,-1.8541683518369187,1.8541683518369187
NN_V3,TSP-uniform_triangular-n30-g10000-5,39683.18900514417,41266,0.1848133999737911,0.015879099984886125,0.16893429998890497,0.0650101999926846,ok,-3.8356298038477843,3.8356298038477843
NN_V3,TSP-uniform_triangular-n40-g1000-1,4771.558683799769,4644,0.10560010001063347,0.02060779999010265,0.08499230002053082,0.0533973999990848,ok,2.7467416838882195,2.7467416838882195
NN_V3,TSP-uniform_triangular-n300-g1000-1,11994.280273624754,12042,0.11907610000343993,0.04361100000096485,0.07546510000247508,1.411576899990905,ok,-0.39627741550611156,0.39627741550611156
NN_V3,TSP-uniform_triangular-n40-g1000-4,5416.045675223897,5454,0.10526330000720918,0.02238280000165105,0.08288050000555813,0.0457287000026553,ok,-0.6958988774496337,0.6958988774496337
NN_V3,TSP-uniform_triangular-n300-g1000-5,12035.88141557714,11922,0.1282354999857489,0.06352899997727945,0.06470650000846945,1.19178720000491,ok,0.9552207312291536,0.9552207312291536
NN_V3,TSP-uniform_triangular-n40-g1000-3,4759.000013992074,4864,0.10509799999999814,0.02849289998994209,0.07660510001005605,0.1786778999958187,ok,-2.158716817597164,2.158716817597164
NN_V3,TSP-uniform_triangular-n300-g10000-5,120925.44214191288,119328,0.12571389999357052,0.0742622000107076,0.05145169998286292,2.158868499987875,ok,1.338698496507842,1.338698496507842
NN_V3,TSP-uniform_triangular-n300-g1000-3,12079.062055197734,11961,0.12885959999402985,0.06942949999938719,0.05943009999464266,3.5800809000065783,ok,0.9870583997803994,0.9870583997803994
NN_V3,TSP-uniform_triangular-n300-g1000-2,11955.480018394417,11692,0.12720839999383315,0.053526600007899106,0.07368179998593405,1.015874100005021,ok,2.2535068285530033,2.2535068285530033
NN_V3,TSP-uniform_triangular-n300-g10000-1,121793.15363510046,121897,0.11248889999114908,0.05521009999210946,0.05727879999903962,4.730563100005384,ok,-0.08519189553437612,0.08519189553437612
NN_V3,TSP-uniform_triangular-n300-g1000-4,11827.259115073684,11690,0.11262070000520907,0.053523799986578524,0.05909690001863055,3.868797899995116,ok,1.1741583838638527,1.1741583838638527
NN_V3,TSP-uniform_triangular-n300-g10000-2,121265.29678444401,121847,0.1380115000065416,0.07668440000270493,0.061327100003836676,7.510787400009576,ok,-0.47740462674992934,0.47740462674992934
NN_V3,TSP-uniform_triangular-n40-g10000-2,46597.76535024395,45123,0.09717059999820776,0.0486500000115484,0.04852059998665936,0.0662085999938426,ok,3.268322917899851,3.268322917899851
NN_V3,TSP-uniform_triangular-n40-g10000-1,53156.766342510644,52662,0.08747909998055547,0.03921399998944253,0.04826509999111295,0.098426800002926,ok,0.9395130122491433,0.9395130122491433
NN_V3,TSP-uniform_triangular-n40-g1000-2,4299.005252431121,4407,0.08867369999643415,0.03808420000132173,0.05058949999511242,0.0599930000025779,ok,-2.4505275146103624,2.4505275146103624
NN_V3,TSP-uniform_triangular-n40-g1000-5,4842.604309480965,4711,0.10473839999758638,0.03930380000383593,0.06543459999375045,0.0413044000015361,ok,2.793553586944698,2.793553586944698
NN_V3,TSP-uniform_triangular-n300-g10000-4,119636.92611321516,119905,0.15833270002622157,0.08388300001388416,0.07444970001233742,2.4900805999932345,ok,-0.22357190007492705,0.22357190007492705
NN_V3,TSP-uniform_triangular-n300-g10000-3,115920.80933699198,116450,0.1846656000125222,0.1256580000044778,0.05900760000804439,2.0110162000055425,ok,-0.4544359493413648,0.4544359493413648
NN_V3,TSP-uniform_triangular-n40-g10000-3,45814.52830119518,45668,0.14268200000515208,0.04549550000228919,0.09718650000286289,0.1481066999986069,ok,0.32085552508361065,0.32085552508361065
NN_V3,TSP-uniform_triangular-n40-g10000-4,46338.23316922842,49679,0.13405049999710172,0.0394287999952212,0.09462170000188053,0.1380235999968135,ok,-6.724706275834014,6.724706275834014
NN_V3,TSP-uniform_triangular-n40-g10000-5,46787.83679321059,47103,0.19898109999485314,0.025758499978110194,0.17322260001674294,0.1263744000025326,ok,-0.6690937027140729,0.6690937027140729
NN_V3,TSP-uniform_triangular-n5-g1000-3,2322.699267262524,2554,0.10062300000572577,0.022857600008137524,0.07776539999758825,0.0457380000007106,ok,-9.056410835453258,9.056410835453258
NN_V3,TSP-uniform_triangular-n400-g1000-1,13671.497183304804,13705,0.13969829998677596,0.04159019998041913,0.09810810000635684,4.24215569999069,ok,-0.24445688942135052,0.24445688942135052
NN_V3,TSP-uniform_triangular-n400-g1000-3,14395.838923539734,14312,0.1073982999951113,0.035646700009237975,0.07175159998587333,25.691910099994857,ok,0.5857946027091497,0.5857946027091497
NN_V3,TSP-uniform_triangular-n5-g1000-4,2203.02351855069,2477,0.06955500002368353,0.02106820000335574,0.04848680002032779,0.1290967999957502,ok,-11.060818790848206,11.060818790848206
NN_V3,TSP-uniform_triangular-n5-g1000-1,1605.6250291194374,1551,0.10860559999127872,0.023123899998608977,0.08548169999266975,0.4574391000060132,ok,3.5219232185323914,3.5219232185323914
NN_V3,TSP-uniform_triangular-n5-g1000-5,2341.6802491703493,2419,0.07076110001071356,0.03310020000208169,0.03766090000863187,0.0855209000001195,ok,-3.1963518325610054,3.1963518325610054
NN_V3,TSP-uniform_triangular-n400-g1000-2,13966.590632527324,13742,0.10805909999180585,0.045969200000399724,0.06208989999140613,5.476248799997848,ok,1.6343373055401285,1.6343373055401285
NN_V3,TSP-uniform_triangular-n5-g1000-2,2000.9672285527558,2000,0.10698360000969842,0.03464860000531189,0.07233500000438653,0.2969521999912103,ok,0.048361427637792075,0.048361427637792075
NN_V3,TSP-uniform_triangular-n400-g1000-5,13903.00025818238,13871,0.11410439998144284,0.062257899990072474,0.051846499991370365,5.402125900000101,ok,0.23069899922413079,0.23069899922413079
NN_V3,TSP-uniform_triangular-n400-g10000-3,136096.45501716505,134843,0.13002109999069944,0.06921169999986887,0.06080939999083057,5.719065299999784,ok,0.9295662490192653,0.9295662490192653
NN_V3,TSP-uniform_triangular-n400-g1000-4,13443.456668284489,13464,0.15779209998436272,0.08792399999219924,0.06986809999216348,3.791962200004491,ok,-0.15257970674027896,0.15257970674027896
NN_V3,TSP-uniform_triangular-n400-g10000-5,137975.42217523232,137764,0.15248379998956807,0.0827733000041917,0.06971049998537637,3.829834199990728,ok,0.15346692549020138,0.15346692549020138
NN_V3,TSP-uniform_triangular-n5-g10000-3,16947.927157031663,17033,0.11379990002023987,0.040695900010177866,0.07310400001006201,0.1565353999903891,ok,-0.49945895008710606,0.49945895008710606
NN_V3,TSP-uniform_triangular-n400-g10000-4,137405.58551226184,136495,0.1826872999954503,0.10493199998745695,0.07775530000799336,5.1945746000128565,ok,0.6671200500105042,0.6671200500105042
NN_V3,TSP-uniform_triangular-n5-g10000-1,19556.566314944997,18755,0.14034070001798682,0.04828149999957532,0.0920592000184115,0.2373479000088991,ok,4.273880644868021,4.273880644868021
NN_V3,TSP-uniform_triangular-n400-g10000-2,134802.15199140133,133888,0.17102179999346845,0.08422950000385754,0.08679229998961091,2.885844399992493,ok,0.6827736551455943,0.6827736551455943
NN_V3,TSP-uniform_triangular-n5-g10000-2,14369.745800963952,15758,0.15194370000972413,0.043761500011896715,0.10818219999782741,0.1432357999874511,ok,-8.809837536718161,8.809837536718161
NN_V3,TSP-uniform_triangular-n5-g10000-4,17185.048117854632,17232,0.13445929999579675,0.03209870000137016,0.1023605999944266,0.2638720000104513,ok,-0.2724691396551042,0.2724691396551042
NN_V3,TSP-uniform_triangular-n400-g10000-1,134943.98910549842,135634,0.22700159999658354,0.1044613000121899,0.12254029998439364,2.5031051999976626,ok,-0.5087300341371498,0.5087300341371498
NN_V3,TSP-uniform_triangular-n5-g10000-5,24936.924792702426,26796,0.1509230999799911,0.022406599979149178,0.12851650000084192,0.1563442999904509,ok,-6.937883293392947,6.937883293392947
NN_V3,TSP-uniform_triangular-n50-g1000-2,4559.6389107436335,4766,0.1430753000313416,0.013639100012369454,0.12943620001897216,0.0953615000034915,ok,-4.3298591954755885,4.3298591954755885
NN_V3,TSP-uniform_triangular-n50-g1000-1,5357.209188704655,5394,0.13483059997088276,0.01730659999884665,0.11752399997203611,0.2162692999991122,ok,-0.6820691749229627,0.6820691749229627
NN_V3,TSP-uniform_triangular-n50-g1000-5,5148.455764688704,5259,0.14055070001631975,0.026847500004805624,0.11370320001151413,0.0692836999951396,ok,-2.1020010517454986,2.1020010517454986
NN_V3,TSP-uniform_triangular-n50-g10000-2,48934.054636189714,50370,0.12355800002114847,0.031430200004251674,0.0921278000168968,0.3083958000061102,ok,-2.850794845761934,2.850794845761934
NN_V3,TSP-uniform_triangular-n50-g1000-3,5108.873388021137,5124,0.15696540000499226,0.020618499984266236,0.13634690002072603,0.1021602999971946,ok,-0.2952110066132585,0.2952110066132585
NN_V3,TSP-uniform_triangular-n50-g10000-1,49795.94780292286,50423,0.1340867000108119,0.03399870000430383,0.10008800000650808,0.1575871000095503,ok,-1.243583676253172,1.243583676253172
NN_V3,TSP-uniform_triangular-n50-g1000-4,4932.119960331358,5083,0.15686339998501353,0.02753570000641048,0.12932769997860305,0.089208100005635,ok,-2.9683265722731065,2.9683265722731065
NN_V3,TSP-uniform_triangular-n50-g10000-4,53039.170983461896,53406,0.13407110003754497,0.0493016000255011,0.08476950001204386,0.3292180999997072,ok,-0.6868685476128227,0.6868685476128227
NN_V3,TSP-uniform_triangular-n50-g10000-3,54694.36552626826,53897,0.14593170004081912,0.03769680002005771,0.10823490002076142,0.1187937000067904,ok,1.4794246920389977,1.4794246920389977
NN_V3,TSP-uniform_triangular-n50-g10000-5,47760.944890208775,47770,0.18822770001133904,0.036752100015291944,0.1514755999960471,0.1423184000013861,ok,-0.018955641179034588,0.018955641179034588
NN_V3,TSP-uniform_triangular-n500-g10000-1,155933.92493087053,155159,0.1579386999947019,0.0681382000038866,0.0898004999908153,4.280106500009424,ok,0.49943924030867237,0.49943924030867237
NN_V3,TSP-uniform_triangular-n500-g1000-4,15503.073223503641,15434,0.20194630001788028,0.08432660001562908,0.11761970000225119,5.538398000004236,ok,0.4475393514554957,0.4475393514554957
NN_V3,TSP-uniform_triangular-n500-g1000-1,15580.167030515964,15491,0.2150231999985408,0.06718569999793544,0.14783750000060536,5.692511699991883,ok,0.5756053871019569,0.5756053871019569
NN_V3,TSP-uniform_triangular-n500-g1000-5,15167.09832468626,15196,0.18517969999811612,0.08227610000176355,0.10290359999635257,5.67578869999852,ok,-0.19019265144604022,0.19019265144604022
NN_V3,TSP-uniform_triangular-n500-g10000-2,157280.20871904446,154814,0.17791430003126152,0.0784142000193242,0.09950010001193732,2.622363100002985,ok,1.593014016202965,1.593014016202965
NN_V3,TSP-uniform_triangular-n500-g1000-2,16149.56574904034,16061,0.19603530000313185,0.07840790000045672,0.11762740000267513,4.310285699990345,ok,0.5514335909366735,0.5514335909366735
NN_V3,TSP-uniform_triangular-n500-g10000-4,147991.0492424348,148726,0.1631514999899082,0.08086319998255931,0.08228830000734888,7.273675799995544,ok,-0.4941642736073112,0.4941642736073112
NN_V3,TSP-uniform_triangular-n500-g1000-3,15141.798369975673,15017,0.20336860002134927,0.10278650000691414,0.10058210001443513,2.912811000001966,ok,0.8310472795876225,0.8310472795876225
NN_V3,TSP-uniform_triangular-n60-g1000-1,5603.372558026153,5705,0.11126160001731478,0.04287070001009852,0.06839090000721626,0.2479909000103362,ok,-1.7813749688667386,1.7813749688667386
NN_V3,TSP-uniform_triangular-n60-g1000-2,5315.166662503732,5323,0.11428280000109226,0.03715910000028089,0.07712370000081137,0.1332729999994626,ok,-0.14716020094434776,0.14716020094434776
NN_V3,TSP-uniform_triangular-n500-g10000-3,155738.32913927268,156205,0.1986173999903258,0.10311470000306144,0.09550269998726435,5.235114100010833,ok,-0.2987553924184998,0.2987553924184998
NN_V3,TSP-uniform_triangular-n60-g1000-4,5807.74888577198,5778,0.11406240001088008,0.03774080000584945,0.07632160000503063,0.0757584000093629,ok,0.5148647589473864,0.5148647589473864
NN_V3,TSP-uniform_triangular-n60-g1000-3,5697.44647983709,5692,0.11421719999634661,0.03451860000495799,0.07969859999138862,0.1238811000075656,ok,0.09568657479075914,0.09568657479075914
NN_V3,TSP-uniform_triangular-n60-g10000-2,61775.40232779429,61276,0.11229270001058467,0.043100799986859784,0.06919190002372488,0.1302900000009685,ok,0.8150047780440803,0.8150047780440803
NN_V3,TSP-uniform_triangular-n500-g10000-5,153863.94613986835,154892,0.17575339999166317,0.0765460999973584,0.09920729999430478,3.025432800000999,ok,-0.6637230199956429,0.6637230199956429
NN_V3,TSP-uniform_triangular-n60-g1000-5,5485.37834967392,5689,0.13715060002868995,0.029034600011073053,0.1081160000176169,0.080947800001013,ok,-3.579216915557748,3.579216915557748
NN_V3,TSP-uniform_triangular-n60-g10000-1,54707.22006701329,55239,0.15966010000556707,0.04685879999306053,0.11280130001250654,0.1375671999994665,ok,-0.9626892829101036,0.9626892829101036
NN_V3,TSP-uniform_triangular-n60-g10000-4,51959.799201429356,54532,0.1853689999843482,0.048149999987799674,0.13721899999654852,0.6207149999972899,ok,-4.71686495740234,4.71686495740234
NN_V3,TSP-uniform_triangular-n60-g10000-5,54952.2061135812,55930,0.16280510000069626,0.03269900000304915,0.1301060999976471,0.1520259999961126,ok,-1.7482458187355685,1.7482458187355685
NN_V3,TSP-uniform_triangular-n60-g10000-3,53084.67613937147,52534,0.20705970001290552,0.050818299991078675,0.15624140002182685,0.1117649000079836,ok,1.0482280796654921,1.0482280796654921
NN_V3,TSP-uniform_triangular-n600-g1000-3,16857.303199375252,16736,0.17952569999033585,0.05972089999704622,0.11980479999328963,3.024464399990393,ok,0.7248040115634082,0.7248040115634082
NN_V3,TSP-uniform_triangular-n600-g1000-1,17174.70811214592,17091,0.18898770000669174,0.07901049999054521,0.10997720001614653,7.305737999995472,ok,0.4897789020298378,0.4897789020298378
NN_V3,TSP-uniform_triangular-n600-g1000-2,17026.422879909078,16999,0.19805620002443902,0.06543040001997724,0.13262580000446178,4.447673999995459,ok,0.16132054773267776,0.16132054773267776
NN_V3,TSP-uniform_triangular-n600-g1000-5,17069.028615544812,16864,0.18853559999843128,0.06686639998224564,0.12166920001618564,7.462122099997941,ok,1.2157768948340373,1.2157768948340373
NN_V3,TSP-uniform_triangular-n600-g10000-1,168814.35576849408,168165,0.19262840002193116,0.10269800000241958,0.08993040001951158,5.980743899999652,ok,0.386142044119808,0.386142044119808
NN_V3,TSP-uniform_triangular-n70-g1000-1,5809.58109307132,5918,0.11992829997325316,0.02119579998543486,0.0987324999878183,0.2860698999866145,ok,-1.8320193803426896,1.8320193803426896
NN_V3,TSP-uniform_triangular-n600-g10000-2,167951.7243399471,167899,0.17523150003398769,0.08465990002150647,0.09057160001248121,1.981133299996145,ok,0.03140241451533628,0.03140241451533628
NN_V3,TSP-uniform_triangular-n70-g1000-2,6168.638635784999,6046,0.13008459997945465,0.048376599996117875,0.08170799998333678,0.1288791999977547,ok,2.0284259971055043,2.0284259971055043
NN_V3,TSP-uniform_triangular-n70-g1000-3,5890.5867094157875,6016,0.14712259997031651,0.06616599997505546,0.08095659999526106,6.287103499998921,ok,-2.0846624099769366,2.0846624099769366
NN_V3,TSP-uniform_triangular-n600-g1000-4,17212.537168910494,17142,0.18296920001739636,0.10287920001428574,0.08009000000311062,3.4802696999977343,ok,0.41148739301419945,0.41148739301419945
NN_V3,TSP-uniform_triangular-n70-g1000-4,6207.714395228075,6283,0.14003820001380518,0.04998589999740943,0.09005230001639575,0.1889865999983158,ok,-1.1982429535560264,1.1982429535560264
NN_V3,TSP-uniform_triangular-n70-g1000-5,6025.7068846290495,5831,0.1339367000036873,0.061789600003976375,0.07214709999971092,0.1705747000087285,ok,3.339167975116609,3.339167975116609
NN_V3,TSP-uniform_triangular-n70-g10000-1,56189.026731998194,58369,0.12618850002763793,0.061757200019201264,0.06443130000843666,0.2100165000010747,ok,-3.7348134592023268,3.7348134592023268
NN_V3,TSP-uniform_triangular-n600-g10000-3,167965.9169471499,167523,0.18771860000560991,0.11127049999777228,0.07644810000783764,7.21799689999898,ok,0.26439172361401386,0.26439172361401386
NN_V3,TSP-uniform_triangular-n600-g10000-5,172854.88105649874,171914,0.1929019000090193,0.10481540000182576,0.08808650000719354,4.205813799999305,ok,0.5472975188168132,0.5472975188168132
NN_V3,TSP-uniform_triangular-n600-g10000-4,167789.77548960736,168054,0.2181960000016261,0.13081259999307804,0.08738340000854805,6.6689427999954205,ok,-0.1572259573664654,0.1572259573664654
NN_V3,TSP-uniform_triangular-n70-g10000-5,59886.28457492252,60645,0.10647930001141503,0.029555899993283674,0.07692340001813136,0.1735551000019768,ok,-1.25107663464008,1.25107663464008
NN_V3,TSP-uniform_triangular-n70-g10000-2,57706.787084098905,58121,0.16365329999825917,0.04311779999989085,0.12053549999836832,0.3270340000017313,ok,-0.7126734156347873,0.7126734156347873
NN_V3,TSP-uniform_triangular-n70-g10000-3,61893.47333410336,61930,0.1715198000019882,0.04699649999383837,0.12452330000814982,0.4564440000103786,ok,-0.05898056821676562,0.05898056821676562
NN_V3,TSP-uniform_triangular-n70-g10000-4,65357.65557660238,65509,0.17797809999319725,0.04426719999173656,0.1337109000014607,0.1868128999922191,ok,-0.23102844402695633,0.23102844402695633
NN_V3,TSP-uniform_triangular-n700-g1000-2,18321.228193516494,18151,0.18062490000738762,0.05221769999479875,0.12840720001258887,4.003154899997753,ok,0.9378447111260745,0.9378447111260745
NN_V3,TSP-uniform_triangular-n700-g1000-1,18207.746357921336,18184,0.178719200019259,0.06249579999712296,0.11622340002213605,5.489431999987573,ok,0.13058929785160753,0.13058929785160753
NN_V3,TSP-uniform_triangular-n8-g1000-4,2131.8951930420008,2204,0.10801559998071752,0.024099399975966662,0.08391620000475086,0.1648885000031441,ok,-3.2715429654264634,3.2715429654264634
NN_V3,TSP-uniform_triangular-n8-g1000-1,2943.2682560070825,2634,0.1251343000039924,0.023061599989887327,0.10207270001410507,0.0774667000077897,ok,11.74139164795302,11.74139164795302
NN_V3,TSP-uniform_triangular-n700-g10000-2,183335.78645075345,182013,0.15510530001483858,0.10737640000297688,0.0477289000118617,6.582748999993783,ok,0.7267538311842858,0.7267538311842858
NN_V3,TSP-uniform_triangular-n8-g10000-1,25577.728548181127,25581,0.08357519999844953,0.0378461999935098,0.045729000004939735,0.2791293000045698,ok,-0.012788600206689241,0.012788600206689241
NN_V3,TSP-uniform_triangular-n8-g1000-3,2152.7989363778033,2134,0.1061712000227999,0.03995590002159588,0.06621530000120401,0.2708143000054406,ok,0.880924853692752,0.880924853692752
NN_V3,TSP-uniform_triangular-n8-g1000-5,2204.358361740422,2469,0.08670630000415258,0.02341670001624152,0.06328959998791106,0.2910657000029459,ok,-10.718575871185825,10.718575871185825
NN_V3,TSP-uniform_triangular-n700-g10000-3,182397.08430091594,180331,0.14734179998049513,0.09430140000768006,0.05304039997281507,6.642513899991172,ok,1.1457177639540308,1.1457177639540308
NN_V3,TSP-uniform_triangular-n8-g1000-2,2235.9660597690126,2383,0.11296669999137521,0.03444739998667501,0.0785193000047002,0.0531953000026987,ok,-6.170119187200476,6.170119187200476
NN_V3,TSP-uniform_triangular-n700-g1000-3,18461.39560686142,18323,0.17541610001353547,0.0656238000083249,0.10979230000521056,5.669278500005021,ok,0.7553108489953647,0.7553108489953647
NN_V3,TSP-uniform_triangular-n700-g1000-4,17830.785469013063,17884,0.15894049999769777,0.09480510000139475,0.06413539999630302,9.668563100000028,ok,-0.29755385253264066,0.29755385253264066
NN_V3,TSP-uniform_triangular-n700-g10000-1,175688.65527046332,176040,0.14057010001852177,0.08116270002210513,0.05940739999641664,9.548518799987503,ok,-0.1995823276168363,0.1995823276168363
NN_V3,TSP-uniform_triangular-n8-g10000-2,23641.100745254196,23059,0.07140580000123009,0.025738099997397512,0.04566770000383258,0.3606429000064963,ok,2.5243971779096936,2.5243971779096936
NN_V3,TSP-uniform_triangular-n8-g10000-3,22564.373376734555,24132,0.08698809996712953,0.027051999990362674,0.059936099976766855,0.5603211999987252,ok,-6.49604932564829,6.49604932564829
NN_V3,TSP-uniform_triangular-n700-g1000-5,18347.00820047033,18345,0.19663049999508075,0.11891829999512993,0.07771219999995083,138.67181749999872,ok,0.010946854567070207,0.010946854567070207
NN_V3,TSP-uniform_triangular-n700-g10000-4,180485.93188804388,181002,0.22215079999295995,0.14736709999851882,0.07478369999444112,6.101531099993736,ok,-0.28511735337516686,0.28511735337516686
NN_V3,TSP-uniform_triangular-n8-g10000-5,25573.04832590185,24747,0.11887030000798404,0.0428542000008747,0.07601610000710934,0.4846646999940276,ok,3.3379735964030024,3.3379735964030024
NN_V3,TSP-uniform_triangular-n8-g10000-4,28692.965130659286,27073,0.1307222999748774,0.038685299979988486,0.0920369999948889,0.4745131000090623,ok,5.9836927221190335,5.9836927221190335
NN_V3,TSP-uniform_triangular-n700-g10000-5,177163.6076264782,177837,0.27805850000004284,0.1452994999999646,0.13275900000007823,3.367106400008197,ok,-0.37865706996958576,0.37865706996958576
NN_V3,TSP-uniform_triangular-n80-g1000-1,6164.0433965437405,6207,0.15673959997366183,0.018421799992211163,0.13831779998145066,0.2840399000124307,ok,-0.6920670767884561,0.6920670767884561
NN_V3,TSP-uniform_triangular-n80-g1000-3,6274.55758871336,6364,0.12803700001677498,0.01757930000894703,0.11045770000782795,0.3362752999964868,ok,-1.4054432948874918,1.4054432948874918
NN_V3,TSP-uniform_triangular-n80-g1000-2,6217.116022621638,6256,0.1526360999851022,0.017364699975587428,0.13527140000951476,0.3798210000095423,ok,-0.6215469529789327,0.6215469529789327
NN_V3,TSP-uniform_triangular-n80-g10000-3,61463.16054920142,59691,0.15111519998754375,0.04834489998756908,0.10277029999997467,0.4073850999993738,ok,2.9688907024533355,2.9688907024533355
NN_V3,TSP-uniform_triangular-n80-g10000-2,58142.40386241197,60470,0.1497296000015922,0.038595099991653115,0.11113450000993907,0.5580118999932893,ok,-3.849175024951263,3.849175024951263
NN_V3,TSP-uniform_triangular-n80-g10000-1,71528.49984507804,71653,0.15023070000461303,0.03516850000596605,0.11506219999864697,0.1281788000051165,ok,-0.1737542809400299,0.1737542809400299
NN_V3,TSP-uniform_triangular-n80-g1000-5,7042.4057467742605,6905,0.15430719999130815,0.04034569999203086,0.1139614999992773,0.1714569000032497,ok,1.9899456448118822,1.9899456448118822
NN_V3,TSP-uniform_triangular-n80-g1000-4,6226.459098086038,6371,0.15490829999907874,0.03518669999903068,0.11972160000004806,0.8551331000053324,ok,-2.2687317832987355,2.2687317832987355
NN_V3,TSP-uniform_triangular-n80-g10000-5,62106.580686042784,61542,0.1666786999849137,0.04130159999476746,0.12537709999014623,0.1058712999947601,ok,0.9173908648447952,0.9173908648447952
NN_V3,TSP-uniform_triangular-n80-g10000-4,59587.445088215754,60580,0.18131230000290088,0.03075240002362989,0.150559899979271,0.1635413000039989,ok,-1.6384201250977972,1.6384201250977972
NN_V3,TSP-uniform_triangular-n800-g1000-1,19736.631364116445,19768,0.22348699998110533,0.10323039998183958,0.12025659999926575,11.530591999995522,ok,-0.1586839128063275,0.1586839128063275
NN_V3,TSP-uniform_triangular-n800-g1000-2,19366.816671390552,19286,0.21828069997718558,0.12221269999281503,0.09606799998437054,6.982036899993545,ok,0.419043199162875,0.419043199162875
NN_V3,TSP-uniform_triangular-n800-g1000-4,19810.390526389485,19568,0.22294120001606643,0.1318981999938842,0.09104300002218224,9.366235900000902,ok,1.2387087407475719,1.2387087407475719
NN_V3,TSP-uniform_triangular-n800-g10000-1,188486.7004034277,188238,0.190216099988902,0.09367609999026172,0.09653999999864027,6.105051599995932,ok,0.13212019009323578,0.13212019009323578
NN_V3,TSP-uniform_triangular-n800-g10000-2,194303.0802202461,193723,0.2169995000003837,0.130216699995799,0.08678280000458471,9.740613000001758,ok,0.299437970837797,0.299437970837797
NN_V3,TSP-uniform_triangular-n800-g1000-3,19494.803557787847,19373,0.22502920002443716,0.1192583000229206,0.10577090000151657,4.906467000007979,ok,0.6287284250650247,0.6287284250650247
NN_V3,TSP-uniform_triangular-n800-g10000-3,193239.0507154083,190844,0.21210619999328628,0.10880580000230111,0.10330039999098517,266.0861375999957,ok,1.2549782625643393,1.2549782625643393
NN_V3,TSP-uniform_triangular-n800-g1000-5,19011.072736172704,18981,0.2326658999954816,0.11875679998775013,0.11390910000773147,12.430766299992683,ok,0.1584359947985039,0.1584359947985039
NN_V3,TSP-uniform_triangular-n90-g1000-1,6891.6754877369385,6943,0.15899540000827983,0.052162100007990375,0.10683330000028946,0.2491847000055713,ok,-0.7392267357491211,0.7392267357491211
NN_V3,TSP-uniform_triangular-n800-g10000-4,189873.80223000795,189302,0.25639600001159124,0.15591739999945275,0.10047860001213849,10.015357299998868,ok,0.3020582085809693,0.3020582085809693
NN_V3,TSP-uniform_triangular-n800-g10000-5,194611.12156076822,192954,0.17033560000709258,0.06969010000466369,0.10064550000242889,7.735573900019517,ok,0.858816899762754,0.858816899762754
NN_V3,TSP-uniform_triangular-n90-g1000-2,6669.368170463713,6475,0.13279059997876175,0.024937399983173236,0.10785319999558851,0.1847234000015305,ok,3.001825026466608,3.001825026466608
NN_V3,TSP-uniform_triangular-n90-g1000-3,6984.83455489036,7056,0.16476800001692027,0.033731000003172085,0.13103700001374818,0.2774613999936264,ok,-1.008580571281748,1.008580571281748
NN_V3,TSP-uniform_triangular-n90-g1000-5,6467.162519008154,6706,0.14921699999831617,0.03429760001017712,0.11491939998813905,0.1594521000079112,ok,-3.561549075333223,3.561549075333223
NN_V3,TSP-uniform_triangular-n90-g10000-2,70408.35025138233,70791,0.16229399997973815,0.03958599999896251,0.12270799998077564,2.124446200003149,ok,-0.5405344586425771,0.5405344586425771
NN_V3,TSP-uniform_triangular-n90-g1000-4,6464.626474685443,6651,0.19529059997876175,0.042721099976915866,0.15256950000184588,0.6170681999938097,ok,-2.802188021569041,2.802188021569041
NN_V3,TSP-uniform_triangular-n90-g10000-3,66904.51600749884,68097,0.1844029999920167,0.04129059999831952,0.14311239999369718,0.8171608000120614,ok,-1.751154959104163,1.751154959104163
NN_V3,TSP-uniform_triangular-n90-g10000-1,59562.89174699702,58861,0.20914369999081828,0.056865899998229,0.15227779999258928,0.1160462999978335,ok,1.192456375183939,1.192456375183939
NN_V3,TSP-uniform_triangular-n90-g10000-4,68271.33664417925,66666,0.20667320003849454,0.051456700020935386,0.15521650001755916,0.4631786000099964,ok,2.4080290465593346,2.4080290465593346
NN_V3,TSP-uniform_triangular-n90-g10000-5,67213.54210773279,69270,0.20438300000387244,0.05342250000103377,0.15096050000283867,0.621979100003955,ok,-2.9687568821527472,2.9687568821527472
NN_V3,TSP-uniform_triangular-n900-g1000-3,20622.206673203065,20533,0.19628089998150244,0.08071909999125637,0.11556179999024607,228.70328859999427,ok,0.43445513662428914,0.43445513662428914
NN_V3,TSP-uniform_triangular-n900-g1000-5,20560.394041204476,20530,0.2002494000189472,0.0848487000039313,0.1154007000150159,54.39791149999655,ok,0.1480469615415285,0.1480469615415285
NN_V3,TSP-uniform_triangular-n900-g1000-2,20386.475712529413,20243,0.21673599997302517,0.0973830999864731,0.11935289998655207,9.895417499996256,ok,0.7087670430737179,0.7087670430737179
NN_V3,TSP-x_central-n10-g1000-2,2813.303883769513,2866,0.11813890002667904,0.030926000006729737,0.0872129000199493,0.0647675999935017,ok,-1.8386642090190843,1.8386642090190843
NN_V3,TSP-uniform_triangular-n900-g10000-2,203117.59175367223,205376,0.19281050001154654,0.1074611000076402,0.08534940000390634,11.75389239998185,ok,-1.0996456481418342,1.0996456481418342
NN_V3,TSP-uniform_triangular-n900-g1000-4,20856.653974410467,20728,0.20488210002076812,0.10829160001594573,0.09659050000482239,7.775877199994284,ok,0.6206772212006302,0.6206772212006302
NN_V3,TSP-uniform_triangular-n900-g1000-1,20549.973528171075,20378,0.23589860001811758,0.09396840000408702,0.14193020001403056,8.067698500002734,ok,0.8439175982484768,0.8439175982484768
NN_V3,TSP-x_central-n10-g1000-1,2398.5167179798227,2584,0.11731470000813715,0.029225000005681068,0.08808970000245608,0.0490681999945081,ok,-7.178145589016149,7.178145589016149
NN_V3,TSP-uniform_triangular-n900-g10000-1,203899.5433759885,203686,0.159403299971018,0.08783579998998903,0.07156749998102896,4.311926099995617,ok,0.10483949608146405,0.10483949608146405
NN_V3,TSP-uniform_triangular-n900-g10000-4,208200.4824609412,208033,0.1881508000078611,0.1223945000092499,0.06575629999861121,20.23329139998532,ok,0.08050764106713264,0.08050764106713264
NN_V3,TSP-x_central-n10-g1000-4,2890.291258744768,2785,0.11891750001814216,0.05382210001698695,0.06509540000115521,0.0424486999982036,ok,3.7806556102250672,3.7806556102250672
NN_V3,TSP-x_central-n10-g1000-3,2281.0086842313176,2226,0.12648890001582913,0.040980600024340674,0.08550829999148846,0.0808308999985456,ok,2.471189767804025,2.471189767804025
NN_V3,TSP-uniform_triangular-n900-g10000-3,201502.09509227832,200020,0.20765019999817014,0.11439040000550449,0.09325979999266565,10.554437599988889,ok,0.7409734487942821,0.7409734487942821
NN_V3,TSP-x_central-n10-g10000-1,23128.70957417926,24763,0.11022760000196286,0.028078699979232624,0.08214890002273023,0.0418245000037131,ok,-6.599727116345927,6.599727116345927
NN_V3,TSP-uniform_triangular-n900-g10000-5,206809.48381877807,206129,0.2094900000083726,0.1279612999933306,0.08152870001504198,21.222674599994207,ok,0.3301252219620091,0.3301252219620091
NN_V3,TSP-x_central-n10-g1000-5,2723.8498794773477,3056,0.14802979998057708,0.036076499993214384,0.1119532999873627,0.0849168999993708,ok,-10.868786666317156,10.868786666317156
NN_V3,TSP-x_central-n10-g10000-4,24635.76076813467,25324,0.10621460000402294,0.028191500023240224,0.07802309998078272,0.0395304999983636,ok,-2.7177350808139678,2.7177350808139678
NN_V3,TSP-x_central-n10-g10000-2,25181.085143663455,25768,0.14198450002004392,0.03309290000470355,0.10889160001534037,0.0381380999897373,ok,-2.277688824652845,2.277688824652845
NN_V3,TSP-x_central-n10-g10000-3,26673.06656164932,29981,0.1587442000163719,0.037664500006940216,0.12107970000943169,0.0451721999997971,ok,-11.033432635171206,11.033432635171206
NN_V3,TSP-x_central-n10-g10000-5,27188.99858677393,27001,0.1594154000049457,0.01705600001150742,0.14235939999343827,0.0374592000007396,ok,0.6962652745229088,0.6962652745229088
NN_V3,TSP-x_central-n100-g1000-1,6961.611126108444,6810,0.16431829999783076,0.021055599994724616,0.14326270000310615,0.2373020000086398,ok,2.2263014112840573,2.2263014112840573
NN_V3,TSP-x_central-n100-g1000-2,6551.697149099491,6490,0.16604879999067634,0.03196910000406206,0.1340796999866143,0.4620758999953978,ok,0.9506494468334526,0.9506494468334526
NN_V3,TSP-x_central-n100-g10000-2,63265.157620708924,64732,0.1497689999814611,0.04893309998442419,0.1008358999970369,0.9099490999942644,ok,-2.266023573025824,2.266023573025824
NN_V3,TSP-x_central-n100-g1000-3,6755.918714428597,6900,0.17590530001325533,0.0335528000141494,0.14235249999910593,0.2791837999975541,ok,-2.088134573498594,2.088134573498594
NN_V3,TSP-x_central-n100-g1000-4,6605.40622635193,6580,0.14770609998959117,0.03256669998518191,0.11513940000440925,0.3278513999975985,ok,0.38611286249133653,0.38611286249133653
NN_V3,TSP-x_central-n100-g1000-5,6682.277367805167,6703,0.13932699998258613,0.024762799992458895,0.11456419999012724,0.255693599989172,ok,-0.3091545904047865,0.3091545904047865
NN_V3,TSP-x_central-n100-g10000-1,67438.82819708786,69189,0.1589912000054028,0.05333590001100674,0.10565529999439605,1.7534918000019388,ok,-2.529552100640478,2.529552100640478
NN_V3,TSP-x_central-n100-g10000-3,70250.2338162146,69079,0.14676479998161085,0.028371599997626618,0.11839319998398423,0.8462066999927629,ok,1.695499089758978,1.695499089758978
NN_V3,TSP-x_central-n100-g10000-4,68190.36610846367,68331,0.19466409998130985,0.038236699998378754,0.1564273999829311,0.2717040999996243,ok,-0.20581272268272136,0.20581272268272136
NN_V3,TSP-x_central-n100-g10000-5,66753.05849369784,67007,0.20085210000979714,0.05475430001388304,0.1460977999959141,0.1379340999992564,ok,-0.37897757891288797,0.37897757891288797
NN_V3,TSP-x_central-n1000-g1000-4,20562.774437187676,20537,0.22001940000336617,0.08710780000546947,0.1329115999978967,13.117404799995713,ok,0.12550244528254412,0.12550244528254412
NN_V3,TSP-x_central-n1000-g1000-1,20487.85348322417,20232,0.21726559998933226,0.11322150001069531,0.10404409997863695,18.986079299997076,ok,1.2645980784112851,1.2645980784112851
NN_V3,TSP-x_central-n1000-g1000-2,20455.292366519192,20370,0.23409590002847835,0.09487260002060793,0.13922330000787042,9.94561579999572,ok,0.41871559410501713,0.41871559410501713
NN_V3,TSP-x_central-n1000-g10000-3,203526.74383641477,204355,0.1859464000153821,0.09320130001287907,0.09274510000250302,6.575648700003512,ok,-0.4053026173008894,0.4053026173008894
NN_V3,TSP-x_central-n1000-g10000-2,203962.9043121729,204313,0.22136560000944883,0.0860271000128705,0.13533849999657832,12.821099799999502,ok,-0.17135262456480763,0.17135262456480763
NN_V3,TSP-x_central-n1000-g1000-5,20664.993959977874,20631,0.20102189999306574,0.10955169997760095,0.0914702000154648,34.49818020001112,ok,0.1647712664333944,0.1647712664333944
NN_V3,TSP-x_central-n1000-g1000-3,20962.299484390038,20853,0.231443800003035,0.10010099998908117,0.13134280001395382,11.459918099993956,ok,0.5241427343309731,0.5241427343309731
NN_V3,TSP-x_central-n1000-g10000-1,204324.22241949476,204166,0.23356360002071597,0.10878440001397394,0.12477920000674203,16.461308400001144,ok,0.07749694831400088,0.07749694831400088
NN_V3,TSP-x_central-n20-g1000-5,2777.452825453329,2980,0.11568829996394925,0.021525199990719557,0.09416309997322969,0.1534991000080481,ok,-6.796885051901717,6.796885051901717
NN_V3,TSP-x_central-n20-g1000-3,3286.377105648571,3474,0.10997570000472479,0.03961030000937171,0.07036539999535307,0.1528917999967234,ok,-5.400774160950744,5.400774160950744
NN_V3,TSP-x_central-n20-g1000-4,3259.480703628411,3496,0.09761319996323436,0.029921999986981973,0.06769119997625239,0.1498136000009253,ok,-6.765426097585498,6.765426097585498
NN_V3,TSP-x_central-n20-g10000-1,29451.2230058923,34795,0.11640599998645484,0.03772939997725189,0.07867660000920296,0.0429126999952131,ok,-15.35788761059836,15.35788761059836
NN_V3,TSP-x_central-n20-g1000-1,3363.5513668997737,3805,0.12809050001669675,0.04164149999269284,0.08644900002400391,0.1573733999975957,ok,-11.601803760846947,11.601803760846947
NN_V3,TSP-x_central-n20-g10000-2,36590.46328856214,36505,0.1086236999835819,0.04135709998081438,0.06726660000276752,0.046712600000319,ok,0.23411392565988082,0.23411392565988082
NN_V3,TSP-x_central-n1000-g10000-5,200692.5188656198,202450,0.20867059999727644,0.142398800002411,0.06627179999486543,11.06599180001649,ok,-0.8681062654384855,0.8681062654384855
NN_V3,TSP-x_central-n20-g1000-2,3550.288138187141,3445,0.11937720002606511,0.04016050000791438,0.07921670001815073,0.1566205999988597,ok,3.0562594539083063,3.0562594539083063
NN_V3,TSP-x_central-n1000-g10000-4,206109.02033014898,205450,0.24433320001116954,0.16017879999708384,0.0841544000140857,6.164587799998117,ok,0.32076920425844824,0.32076920425844824
NN_V3,TSP-x_central-n20-g10000-3,30255.030264214147,30141,0.11950770000112243,0.030145600001560524,0.0893620999995619,0.0960930000001099,ok,0.3783227637243186,0.3783227637243186
NN_V3,TSP-x_central-n20-g10000-5,33512.83354399493,33005,0.13893990000360645,0.01873340000747703,0.12020649999612942,0.0433873000001767,ok,1.5386563975001655,1.5386563975001655
NN_V3,TSP-x_central-n20-g10000-4,31603.36092962965,34516,0.13708769998629577,0.024884599988581613,0.11220309999771416,0.0431322999938856,ok,-8.438518572170446,8.438518572170446
NN_V3,TSP-x_central-n200-g1000-1,10122.45084343091,9948,0.18283949999022298,0.03735389999928884,0.14548559999093413,2.292908699993859,ok,1.753627296249598,1.753627296249598
NN_V3,TSP-x_central-n200-g1000-3,9420.151306654087,9515,0.1428373999951873,0.027121399994939566,0.11571600000024773,4.194533799993224,ok,-0.9968333509817499,0.9968333509817499
NN_V3,TSP-x_central-n200-g1000-2,9029.684845214797,9044,0.17808969999896362,0.031111599993892014,0.1469781000050716,0.9782071000081488,ok,-0.15828344521454057,0.15828344521454057
NN_V3,TSP-x_central-n200-g1000-4,9343.853871066749,9379,0.13806860000477172,0.035412800003541633,0.10265580000123009,1.0917949000140652,ok,-0.3747321562346841,0.3747321562346841
NN_V3,TSP-x_central-n200-g10000-1,98019.63076082454,97936,0.13394840000546537,0.04801610001595691,0.08593229998950846,2.209428999994998,ok,0.08539327808419848,0.08539327808419848
NN_V3,TSP-x_central-n200-g10000-3,94577.9471256393,93922,0.12166449998039752,0.041305099992314354,0.08035939998808317,1.203036999999313,ok,0.6983956108678486,0.6983956108678486
NN_V3,TSP-x_central-n30-g1000-1,4079.7031995503858,4052,0.09983479999937117,0.03441510000266135,0.06541969999670982,0.0593737000017426,ok,0.6836919928525608,0.6836919928525608
NN_V3,TSP-x_central-n200-g10000-2,86430.49694131501,86972,0.12961959998938255,0.05824729998130351,0.07137230000807904,0.5911682000005385,ok,-0.6226176915386443,0.6226176915386443
NN_V3,TSP-x_central-n200-g1000-5,8940.597690749913,8834,0.14156059999368154,0.04108299998915754,0.10047760000452399,1.652476099989144,ok,1.2066752405469034,1.2066752405469034
NN_V3,TSP-x_central-n30-g10000-2,39834.64269703283,41479,0.09166179999010637,0.038008200004696846,0.05365359998540953,0.0439467000105651,ok,-3.964312791936083,3.964312791936083
NN_V3,TSP-x_central-n30-g1000-3,3961.7833252808123,4075,0.08211829999345355,0.03938699999707751,0.04273129999637604,0.1119490999990375,ok,-2.7783233059923367,2.7783233059923367
NN_V3,TSP-x_central-n30-g10000-1,34366.473100580624,33895,0.10183749996940605,0.0564427999779582,0.04539469999144785,0.041297099989606,ok,1.390981267386412,1.390981267386412
NN_V3,TSP-x_central-n30-g10000-3,39427.82954784008,39394,0.08930769999278709,0.038782999996328726,0.050524699996458367,0.1124049000063678,ok,0.08587487394040526,0.08587487394040526
NN_V3,TSP-x_central-n30-g1000-4,3914.579076337366,4113,0.10537059998023324,0.03924579999875277,0.06612479998148046,0.0412842000077944,ok,-4.824238357953655,4.824238357953655
NN_V3,TSP-x_central-n200-g10000-4,90153.14864790067,88932,0.1415617000311613,0.08027930001844652,0.06128240001271479,0.9584848999948008,ok,1.373126262650869,1.373126262650869
NN_V3,TSP-x_central-n30-g1000-2,4123.549623531973,4135,0.11877110000932589,0.03940490001696162,0.07936619999236427,0.0892628000001423,ok,-0.27691357842869796,0.27691357842869796
NN_V3,TSP-x_central-n30-g1000-5,3864.2425811102585,3999,0.09977299999445677,0.03571820000070147,0.0640547999937553,0.0853732000105083,ok,-3.3697779167227186,3.3697779167227186
NN_V3,TSP-x_central-n200-g10000-5,95248.23867222457,95591,0.1858438000199385,0.10111380001762882,0.08473000000230968,3.163755500005209,ok,-0.35857071039682403,0.35857071039682403
NN_V3,TSP-x_central-n30-g10000-5,39596.81039066927,38927,0.15905720004229806,0.03640890002134256,0.1226483000209555,0.0800747999892337,ok,1.7206833063664562,1.7206833063664562
NN_V3,TSP-x_central-n30-g10000-4,45020.64920936152,43091,0.17953540000598878,0.03734049998456612,0.14219490002142265,0.1527828000107547,ok,4.47807943505958,4.47807943505958
NN_V3,TSP-x_central-n300-g1000-1,11380.52254242386,11206,0.13147120000212453,0.037017299997387454,0.09445390000473708,1.9687450000055835,ok,1.5574026630721016,1.5574026630721016
NN_V3,TSP-x_central-n300-g1000-2,11355.861380960632,11186,0.17575180000858381,0.023311900004046038,0.15243990000453778,2.1282528000010643,ok,1.5185176198876473,1.5185176198876473
NN_V3,TSP-x_central-n300-g1000-4,11907.15676786704,11792,0.13075479998951778,0.04198239999823272,0.08877239999128506,3.291563699996914,ok,0.9765668916811389,0.9765668916811389
NN_V3,TSP-x_central-n300-g1000-5,11590.215703893075,11492,0.15404690001741983,0.04820010002003983,0.10584679999738,4.994395500005339,ok,0.8546441341200359,0.8546441341200359
NN_V3,TSP-x_central-n300-g1000-3,11499.774510508403,11509,0.12682729997322895,0.05451529999845661,0.07231199997477233,3.657017799996538,ok,-0.08015891468934588,0.08015891468934588
NN_V3,TSP-x_central-n40-g1000-1,4646.854458091304,4717,0.11275470000691712,0.0441694000037387,0.06858530000317842,0.0508948999922722,ok,-1.4870795401461954,1.4870795401461954
NN_V3,TSP-x_central-n40-g10000-1,47185.715187864145,46078,0.10089399997377768,0.0472777999821119,0.05361619999166578,0.0623686000035377,ok,2.4040001472810135,2.4040001472810135
NN_V3,TSP-x_central-n300-g10000-1,115846.89540028782,116585,0.14393510002992116,0.0848423000134062,0.05909280001651496,12.376237200005562,ok,-0.6331042584484999,0.6331042584484999
NN_V3,TSP-x_central-n300-g10000-3,110499.82772183837,109706,0.13059130002511665,0.06586810000590049,0.06472320001921616,5.164604899997357,ok,0.7235955388386904,0.7235955388386904
NN_V3,TSP-x_central-n40-g1000-4,4495.251547909356,4375,0.1052925999974832,0.048142599989660084,0.05715000000782311,0.0459506000042893,ok,2.7486068093567155,2.7486068093567155
NN_V3,TSP-x_central-n40-g1000-2,4270.556201983651,4499,0.12205320000066422,0.04277210001600906,0.07928109998465516,0.0891752000025007,ok,-5.077657213077336,5.077657213077336
NN_V3,TSP-x_central-n40-g1000-3,4709.308038173371,4447,0.09946969998418353,0.043767199997091666,0.05570249998709187,0.0689255000033881,ok,5.898539198861496,5.898539198861496
NN_V3,TSP-x_central-n300-g10000-2,118214.52106921643,116819,0.13124849999439903,0.08931290000327863,0.0419355999911204,4.107512700007646,ok,1.1946011087378128,1.1946011087378128
NN_V3,TSP-x_central-n40-g1000-5,4815.965029232466,4705,0.09925899998052046,0.032628699991619214,0.06663029998890124,0.0575421999965328,ok,2.358449080392474,2.358449080392474
NN_V3,TSP-x_central-n300-g10000-5,111820.99341415474,111197,0.1479088999913074,0.09317300000111572,0.05473589999019168,2.855729300004896,ok,0.5611602958305907,0.5611602958305907
NN_V3,TSP-x_central-n300-g10000-4,118025.41290057474,116500,0.13457260001450777,0.07815040001878515,0.05642219999572262,1.442820299998857,ok,1.3093672966306766,1.3093672966306766
NN_V3,TSP-x_central-n40-g10000-2,45900.97837018361,44257,0.11456200000247918,0.0477995999972336,0.06676240000524558,0.2263251000113086,ok,3.714617733202913,3.714617733202913
NN_V3,TSP-x_central-n40-g10000-3,47017.033001173055,48733,0.12433320001582615,0.04806500000995584,0.07626820000587031,0.0752137000090442,ok,-3.521160197047063,3.521160197047063
NN_V3,TSP-x_central-n40-g10000-4,38159.07479712961,40391,0.13516780000645667,0.037880399991991,0.09728740001446567,0.1555478000082075,ok,-5.52579832851475,5.52579832851475
NN_V3,TSP-x_central-n40-g10000-5,44642.318574263016,45193,0.1427706999820657,0.04517159998067655,0.09759910000138916,0.3325806000066222,ok,-1.2185104457260731,1.2185104457260731
NN_V3,TSP-x_central-n400-g1000-1,12658.584117608698,12623,0.1953110999893397,0.052379799977643415,0.1429313000116963,3.048734199997853,ok,0.2818990541764862,0.2818990541764862
NN_V3,TSP-x_central-n400-g1000-2,12652.0317349963,12598,0.1435211999923922,0.03150939999613911,0.1120117999962531,7.321551200002432,ok,0.42889137161692853,0.42889137161692853
NN_V3,TSP-x_central-n5-g1000-1,3079.7138968382205,3194,0.11749559998861514,0.025831100007053465,0.09166449998156168,0.0401031999936094,ok,-3.578149754595475,3.578149754595475
NN_V3,TSP-x_central-n400-g1000-3,13286.871434173183,13270,0.1281355999817606,0.0595335999969393,0.0686019999848213,2.120039100002032,ok,0.12713966973008992,0.12713966973008992
NN_V3,TSP-x_central-n5-g1000-3,2392.9027838324837,2433,0.09580670000286773,0.03744039998855442,0.05836630001431331,0.0770593999914126,ok,-1.6480565625777357,1.6480565625777357
NN_V3,TSP-x_central-n5-g10000-1,23247.986361551564,22620,0.08472419998724945,0.04655749999801628,0.038166699989233166,0.1284242999972775,ok,2.7762438618548373,2.7762438618548373
NN_V3,TSP-x_central-n5-g1000-5,1993.4097963172462,1998,0.10704989999067038,0.036105999985011294,0.07094390000565909,0.3705061999935424,ok,-0.2297399240617508,0.2297399240617508
NN_V3,TSP-x_central-n400-g10000-2,130148.64187354501,129522,0.14313629997195676,0.08694619999732822,0.05619009997462854,3.0588235000032,ok,0.4838111467897449,0.4838111467897449
NN_V3,TSP-x_central-n5-g1000-4,2020.744016978424,1997,0.10668590001296252,0.03519210001104511,0.0714938000019174,0.5113809000031324,ok,1.188984325409316,1.188984325409316
NN_V3,TSP-x_central-n400-g10000-3,135097.11787416483,133125,0.14154889999190345,0.08593550001387484,0.05561339997802861,4.547308100009104,ok,1.4814030979641937,1.4814030979641937
NN_V3,TSP-x_central-n400-g1000-4,12983.30318845308,12831,0.1393540999852121,0.06148159998701885,0.07787249999819323,3.1404117999918526,ok,1.186993908916524,1.186993908916524
NN_V3,TSP-x_central-n5-g1000-2,1738.6638316705503,1771,0.11744639999233186,0.026891999994404614,0.09055439999792725,0.0939552999916486,ok,-1.8258706001947893,1.8258706001947893
NN_V3,TSP-x_central-n5-g10000-3,22815.10382722784,24690,0.09105689998250455,0.03265310000278987,0.05840379997971468,0.0399177000072086,ok,-7.593747155820825,7.593747155820825
NN_V3,TSP-x_central-n400-g10000-5,128432.2533100713,127578,0.12900089999311604,0.07206050000968389,0.056940399983432144,7.263961300006485,ok,0.6695929627924129,0.6695929627924129
NN_V3,TSP-x_central-n400-g1000-5,13267.958516130748,13328,0.1330135999887716,0.06874409998999909,0.06426949999877252,2.6642310000024736,ok,-0.45049132554961185,0.45049132554961185
NN_V3,TSP-x_central-n400-g10000-4,130484.19334019534,130012,0.15825129998847842,0.10146159998839721,0.05678970000008121,2.988038700001198,ok,0.36319212087756736,0.36319212087756736
NN_V3,TSP-x_central-n400-g10000-1,131177.4660533506,130233,0.1437660999945365,0.08319929998833686,0.06056680000619963,2.769838099993649,ok,0.7252125447087878,0.7252125447087878
NN_V3,TSP-x_central-n5-g10000-2,19934.595006241172,19552,0.12003619997994974,0.041193699988070875,0.07884249999187887,0.0519578999956138,ok,1.9568075196459294,1.9568075196459294
NN_V3,TSP-x_central-n5-g10000-4,26230.755148619413,25453,0.12456589998328127,0.03337709998595528,0.09118879999732599,0.0501194999960716,ok,3.0556521770298724,3.0556521770298724
NN_V3,TSP-x_central-n5-g10000-5,26308.938094003126,27691,0.15390790000674315,0.030088800005614758,0.12381910000112839,0.0515757000102894,ok,-4.991014791798324,4.991014791798324
NN_V3,TSP-x_central-n50-g1000-1,4903.587952863982,5215,0.1684510999766644,0.02411169998231344,0.14433939999435097,0.1098392999992938,ok,-5.971467826194025,5.971467826194025
NN_V3,TSP-x_central-n50-g1000-2,4410.650075809212,4461,0.15254100001766346,0.011900800018338487,0.14064019999932498,0.1209126000030664,ok,-1.128669002259324,1.128669002259324
NN_V3,TSP-x_central-n50-g1000-3,4993.023770868531,4968,0.13545149998390116,0.02157209999859333,0.11387939998530783,0.0798635999963153,ok,0.5036990915565791,0.5036990915565791
NN_V3,TSP-x_central-n50-g10000-3,48156.37939155655,50320,0.15831669999170117,0.034256799990544096,0.12405990000115708,0.1709599000023445,ok,-4.299722989752489,4.299722989752489
NN_V3,TSP-x_central-n50-g10000-1,46807.98664409289,46191,0.15504649997456,0.040531299979193136,0.11451519999536686,0.1197603000036906,ok,1.3357291335820594,1.3357291335820594
NN_V3,TSP-x_central-n50-g1000-4,4661.934827553763,4697,0.15758630001801066,0.038957900018431246,0.11862839999957941,0.0867753999918932,ok,-0.746544016313324,0.746544016313324
NN_V3,TSP-x_central-n50-g1000-5,4888.289234883152,5200,0.15958840001258068,0.01910360000329092,0.14048480000928976,0.2438063000008696,ok,-5.994437790708616,5.994437790708616
NN_V3,TSP-x_central-n50-g10000-5,53434.56819962239,51491,0.15838519998942502,0.049652399990009144,0.10873279999941587,0.0657400000054622,ok,3.774578469290529,3.774578469290529
NN_V3,TSP-x_central-n500-g1000-5,14736.5763604003,14627,0.15170800001942553,0.06434149999404326,0.08736650002538227,4.044636899998295,ok,0.7491376249422333,0.7491376249422333
NN_V3,TSP-x_central-n50-g10000-2,46094.77764982055,47735,0.16111059999093413,0.039361199975246564,0.12174940001568757,0.0490949999948497,ok,-3.436100031799415,3.436100031799415
NN_V3,TSP-x_central-n50-g10000-4,47185.21205450449,48752,0.16722389997448772,0.0333000999817159,0.13392379999277182,0.6622628000041004,ok,-3.213792142877238,3.213792142877238
NN_V3,TSP-x_central-n500-g1000-1,14890.369203040318,14835,0.15052480000304058,0.07529159999103285,0.07523320001200773,34.36202130001038,ok,0.3732335897561045,0.3732335897561045
NN_V3,TSP-x_central-n500-g1000-3,14674.016558173433,14482,0.1915574999875389,0.09902049999800511,0.0925369999895338,6.805361599996104,ok,1.325898067762966,1.325898067762966
NN_V3,TSP-x_central-n500-g1000-2,14583.327549002133,14587,0.1844305999984499,0.07670400000642985,0.10772659999202006,2.722562299997662,ok,-0.025176191114462808,0.025176191114462808
NN_V3,TSP-x_central-n500-g10000-3,143901.2827971112,143981,0.17215060000307858,0.09422830000403337,0.07792229999904521,4.404377200000454,ok,-0.05536647397142796,0.05536647397142796
NN_V3,TSP-x_central-n500-g1000-4,14788.51243728731,14718,0.19614320000982843,0.08334630000172183,0.1127969000081066,3.219191600001068,ok,0.4790898035555823,0.4790898035555823
NN_V3,TSP-x_central-n500-g10000-2,145188.7770514302,145334,0.2065275999775622,0.09360029999515973,0.11292729998240247,9.26238519999606,ok,-0.09992358881597178,0.09992358881597178
NN_V3,TSP-x_central-n500-g10000-5,150682.12479691138,148966,0.17340410000178963,0.08438590000150725,0.08901820000028238,8.994178900000406,ok,1.1520244867361518,1.1520244867361518
NN_V3,TSP-x_central-n500-g10000-1,143322.7788961667,142131,0.23462899998412468,0.10814949998166412,0.12647950000246055,3.234888899998623,ok,0.8385073602287398,0.8385073602287398
NN_V3,TSP-x_central-n500-g10000-4,141588.67031443887,141453,0.20113520001177676,0.09374219999881461,0.10739300001296215,4.812480699998559,ok,0.09591193855123178,0.09591193855123178
NN_V3,TSP-x_central-n60-g1000-2,5060.802849370331,5063,0.14850720000686124,0.02816700001130812,0.12034019999555312,0.1104258999985177,ok,-0.04339622021861767,0.04339622021861767
NN_V3,TSP-x_central-n60-g1000-3,5372.406870951207,5476,0.1425771999929566,0.031252099986886606,0.11132510000606999,0.1074394000024767,ok,-1.8917664179838083,1.8917664179838083
NN_V3,TSP-x_central-n60-g1000-1,5600.26493937122,5527,0.16800490001332946,0.047698000009404495,0.12030690000392497,0.078039500003797,ok,1.3255824022294183,1.3255824022294183
NN_V3,TSP-x_central-n60-g1000-4,5290.817332530714,5403,0.1508412999974098,0.0360627000045497,0.11477859999286011,0.1619697999994969,ok,-2.076303303151687,2.076303303151687
NN_V3,TSP-x_central-n60-g1000-5,4938.157218795866,4956,0.15453699996578507,0.041919799987226725,0.11261719997855835,0.359595600006287,ok,-0.36002383382029146,0.36002383382029146
NN_V3,TSP-x_central-n60-g10000-2,53361.45955482626,55329,0.15344490003190003,0.03372540001873858,0.11971950001316145,0.3702412999991793,ok,-3.5560744730136844,3.5560744730136844
NN_V3,TSP-x_central-n60-g10000-1,58518.0941485918,56573,0.1787047999969218,0.037485500011825934,0.14121929998509586,0.0961377000057837,ok,3.438202231792199,3.438202231792199
NN_V3,TSP-x_central-n60-g10000-5,51781.51723021775,55469,0.1657977999711875,0.03328829997917637,0.13250949999201111,0.3990036000031978,ok,-6.64782629898186,6.64782629898186
NN_V3,TSP-x_central-n60-g10000-4,52987.56866673741,53840,0.19384250001166947,0.04788120000739582,0.14596130000427365,0.4820251000055577,ok,-1.5832677066541414,1.5832677066541414
NN_V3,TSP-x_central-n600-g1000-1,16338.725015523552,16298,0.18298610000056215,0.07009110000217333,0.11289499999838881,21.87597039999673,ok,0.2498773808047149,0.2498773808047149
NN_V3,TSP-x_central-n60-g10000-3,51212.81185199297,52806,0.2054717999708373,0.054834799986565486,0.15063699998427182,0.3188615999970352,ok,-3.0170589478601477,3.0170589478601477
NN_V3,TSP-x_central-n600-g1000-2,15796.38183685804,15650,0.2245382000110112,0.08381630000076257,0.14072190001024865,6.251740799998515,ok,0.93534720037086,0.93534720037086
NN_V3,TSP-x_central-n600-g1000-4,15712.976346174051,15724,0.19530210000812076,0.08368930002325214,0.11161279998486862,7.601117099999101,ok,-0.07010718535963313,0.07010718535963313
NN_V3,TSP-x_central-n600-g10000-1,157621.44514147192,156797,0.19642459999886341,0.09876850000000559,0.09765609999885783,2.8907073000009404,ok,0.5258041553549636,0.5258041553549636
NN_V3,TSP-x_central-n70-g1000-1,5857.027419805527,5971,0.17388769998797216,0.03750579999177717,0.136381899996195,0.1481415000016568,ok,-1.9087687187150104,1.9087687187150104
NN_V3,TSP-x_central-n600-g10000-3,163567.61966081336,161999,0.16794670003582723,0.08294430002570152,0.08500240001012571,3.0855990999989444,ok,0.9682897183398425,0.9682897183398425
NN_V3,TSP-x_central-n70-g1000-2,5466.167800924617,5592,0.1431134999729693,0.044493099994724616,0.09862039997824468,0.0930012999888276,ok,-2.25021815227795,2.25021815227795
NN_V3,TSP-x_central-n600-g1000-3,16168.459477647557,16132,0.19921720001730137,0.09943160001421347,0.0997856000030879,6.350640000004205,ok,0.22600717609445156,0.22600717609445156
NN_V3,TSP-x_central-n600-g1000-5,15757.42485958377,15701,0.1750942000071518,0.10667070001363754,0.06842349999351427,4.619394000008469,ok,0.3593711202074437,0.3593711202074437
NN_V3,TSP-x_central-n70-g1000-3,5586.158163402615,5464,0.11315499999909662,0.05167129999608733,0.06148370000300929,0.1189908000087598,ok,2.2356911310873935,2.2356911310873935
NN_V3,TSP-x_central-n600-g10000-4,164096.99846257456,162037,0.18036800003028475,0.08376900001894683,0.09659900001133792,15.665911400006737,ok,1.2713136274891268,1.2713136274891268
NN_V3,TSP-x_central-n600-g10000-5,161032.87408866943,160421,0.18524150003213435,0.11197120000724681,0.07327030002488755,5.2878381999908015,ok,0.38141770009501785,0.38141770009501785
NN_V3,TSP-x_central-n70-g1000-4,5581.263138966751,5578,0.13819540000986308,0.05828450000262819,0.07991090000723489,0.1635434000054374,ok,0.0585001607520847,0.0585001607520847
NN_V3,TSP-x_central-n600-g10000-2,157102.65804120898,156991,0.20138469999074005,0.12787379999645054,0.0735108999942895,3.4218985000043176,ok,0.07112384863398696,0.07112384863398696
NN_V3,TSP-x_central-n70-g1000-5,5826.299775512904,5978,0.10924670001259074,0.03940890001831576,0.06983779999427497,0.1212831000011647,ok,-2.537641761242831,2.537641761242831
NN_V3,TSP-x_central-n70-g10000-2,60410.82555071515,60053,0.10387500002980232,0.04043590000947006,0.06343910002033226,0.104800700006308,ok,0.5958495840593275,0.5958495840593275
NN_V3,TSP-x_central-n70-g10000-1,58535.94489710347,58258,0.1375627999950666,0.05627480000839569,0.08128799998667091,0.1016933000064455,ok,0.47709309812124107,0.47709309812124107
NN_V3,TSP-x_central-n70-g10000-4,56604.348152635735,57792,0.11440869999933057,0.03553379999357276,0.07887490000575781,0.2337308999995002,ok,-2.0550454169509007,2.0550454169509007
NN_V3,TSP-x_central-n70-g10000-3,56899.59693182702,55476,0.14479429999482818,0.039593499997863546,0.10520079999696463,0.1777909000084037,ok,2.5661492029472597,2.5661492029472597
NN_V3,TSP-x_central-n70-g10000-5,56347.7552563576,57610,0.16576720000011846,0.03466639999533072,0.13110080000478774,0.2330854000028921,ok,-2.1910167395285494,2.1910167395285494
NN_V3,TSP-x_central-n700-g1000-1,17444.56004146021,17327,0.24275419997866265,0.08437269998830743,0.15838149999035522,8.638238400002592,ok,0.6784789141813851,0.6784789141813851
NN_V3,TSP-x_central-n700-g1000-3,16561.796856640285,16485,0.16806339999311604,0.0592668000026606,0.10879659999045543,5.921363300003577,ok,0.46585900297412863,0.46585900297412863
NN_V3,TSP-x_central-n700-g1000-2,16961.872803519014,17151,0.18737690002308227,0.06637040001805872,0.12100650000502355,35.42752479999035,ok,-1.1027181883329584,1.1027181883329584
NN_V3,TSP-x_central-n8-g1000-1,2525.348965264602,2600,0.1275088999827858,0.020131499972194433,0.10737740001059137,0.0449618999991798,ok,-2.8711936436691476,2.8711936436691476
NN_V3,TSP-x_central-n8-g1000-4,2267.366801861004,2439,0.09305990001303144,0.041860700002871454,0.051199200010159984,0.1823910999955842,ok,-7.0370314940137675,7.0370314940137675
NN_V3,TSP-x_central-n8-g1000-5,2371.2996493896935,2200,0.08330309999291785,0.03809640000690706,0.04520669998601079,0.0569015000073704,ok,7.7863476995315235,7.7863476995315235
NN_V3,TSP-x_central-n700-g1000-4,17432.439843169414,17316,0.16389369999524206,0.07332269998732954,0.09057100000791252,5.883497699993313,ok,0.6724407667441298,0.6724407667441298
NN_V3,TSP-x_central-n8-g1000-2,1993.7472464260936,2072,0.1026916999835521,0.01960030000191182,0.08309139998164028,0.0453450000059092,ok,-3.776677296037952,3.776677296037952
NN_V3,TSP-x_central-n8-g10000-2,23698.77590053703,22823,0.08903119998285547,0.026385100005427375,0.0626460999774281,0.3277360999927623,ok,3.8372514592167186,3.8372514592167186
NN_V3,TSP-x_central-n8-g10000-1,24153.134248284856,26996,0.09235110000008717,0.03799290000461042,0.05435819999547675,0.3589861000073142,ok,-10.530692516354808,10.530692516354808
NN_V3,TSP-x_central-n8-g1000-3,2256.361114515923,2333,0.10686659999191761,0.037292900000466034,0.06957369999145158,0.1241810999927111,ok,-3.284992948310203,3.284992948310203
NN_V3,TSP-x_central-n700-g1000-5,16971.314251944423,16871,0.15329729998484254,0.07274319999851286,0.08055409998632967,14.183969100005925,ok,0.5945957675562962,0.5945957675562962
NN_V3,TSP-x_central-n8-g10000-3,19117.553440992313,21558,0.10884279999299906,0.03614660000312142,0.07269619998987764,0.1509970000042813,ok,-11.320375540438292,11.320375540438292
NN_V3,TSP-x_central-n700-g10000-1,165867.18482849537,166165,0.18024489999515936,0.12331990001257509,0.05692499998258427,21.0085878999962,ok,-0.17922858093137908,0.17922858093137908
NN_V3,TSP-x_central-n700-g10000-2,172236.15494017256,170458,0.18260259999078698,0.11326969999936409,0.06933289999142289,8.67217740000342,ok,1.0431630901292777,1.0431630901292777
NN_V3,TSP-x_central-n8-g10000-4,21106.453404353466,26932,0.12355410002055578,0.044995700009167194,0.07855840001138858,0.0999143000080948,ok,-21.63057550737611,21.63057550737611
NN_V3,TSP-x_central-n700-g10000-4,175806.28696871363,174109,0.22210519999498501,0.13849310000659898,0.08361209998838603,5.048605400006636,ok,0.9748416042327658,0.9748416042327658
NN_V3,TSP-x_central-n700-g10000-5,176116.12251284765,175955,0.23415489998296835,0.14951659998041578,0.08463830000255257,13.73669359998894,ok,0.09157029515935937,0.09157029515935937
NN_V3,TSP-x_central-n8-g10000-5,20650.77683276846,21685,0.14512090000789613,0.03335410001454875,0.11176679999334738,0.0903120000002672,ok,-4.7693021315726964,4.7693021315726964
NN_V3,TSP-x_central-n700-g10000-3,170748.04398543644,171146,0.28653020001365803,0.1453036000020802,0.14122660001157783,12.027795600006357,ok,-0.23252428602687902,0.23252428602687902
NN_V3,TSP-x_central-n80-g1000-1,6870.933838917437,6851,0.1445127000042703,0.016307800018694252,0.12820489998557605,0.2863944999990053,ok,0.2909624714266128,0.2909624714266128
NN_V3,TSP-x_central-n80-g1000-2,6065.267868292678,6101,0.14388380001764745,0.019429500011028722,0.12445430000661872,1.0620810999971582,ok,-0.5856766383760362,0.5856766383760362
NN_V3,TSP-x_central-n80-g1000-3,5831.336823016754,5795,0.14832109998678789,0.015056399977765977,0.1332647000090219,0.3210464000003412,ok,0.6270374981320855,0.6270374981320855
NN_V3,TSP-x_central-n80-g10000-3,58502.9069688532,59717,0.14026710001053289,0.033176700002513826,0.10709040000801906,0.784185399999842,ok,-2.0330777352291585,2.0330777352291585
NN_V3,TSP-x_central-n80-g1000-4,6087.040868957483,6031,0.14862570000695996,0.03377280000131577,0.11485290000564419,0.5198122000001604,ok,0.929213545970541,0.929213545970541
NN_V3,TSP-x_central-n80-g1000-5,5985.07099568125,6130,0.13335569997434504,0.04254569998010993,0.09080999999423511,0.1422326000028988,ok,-2.3642578192292043,2.3642578192292043
NN_V3,TSP-x_central-n80-g10000-2,55626.10045419121,57087,0.14967129999422468,0.02164350001839921,0.12802779997582547,0.3063755000039236,ok,-2.559075701663756,2.559075701663756
NN_V3,TSP-x_central-n80-g10000-1,62369.17370688671,61185,0.16571010003099218,0.04085190000478178,0.1248582000262104,0.2630779000028269,ok,1.9353987200894138,1.9353987200894138
NN_V3,TSP-x_central-n80-g10000-5,61988.140013493714,63473,0.1709846000012476,0.0407755000051111,0.1302090999961365,0.1284099999902537,ok,-2.3393568706478125,2.3393568706478125
NN_V3,TSP-x_central-n80-g10000-4,57477.90019170829,60170,0.18018930000835098,0.055417299998225644,0.12477200001012534,0.126105200004531,ok,-4.474156237812376,4.474156237812376
NN_V3,TSP-x_central-n800-g1000-1,18238.205681962572,18210,0.22664440001244657,0.10491530000581406,0.1217291000066325,11.28831769998942,ok,0.15489116948145124,0.15489116948145124
NN_V3,TSP-x_central-n800-g1000-3,18287.383625073417,18388,0.2483790000260342,0.10321290002320893,0.14516610000282526,6.040309699994396,ok,-0.5471849843734141,0.5471849843734141
NN_V3,TSP-x_central-n800-g1000-4,18061.4132213291,18059,0.22208449998288415,0.10368130001006648,0.11840319997281767,5.706710700003896,ok,0.013362984268793185,0.013362984268793185
NN_V3,TSP-x_central-n800-g10000-3,182253.9900291958,184203,0.19997580000199378,0.10339289999683388,0.0965829000051599,9.30976470001042,ok,-1.0580772141627501,1.0580772141627501
NN_V3,TSP-x_central-n800-g10000-1,182843.35169633478,182836,0.21324250000179745,0.10488040000200272,0.10836209999979474,5.395537000003969,ok,0.004020923852402843,0.004020923852402843
NN_V3,TSP-x_central-n800-g1000-5,17816.41870994614,17689,0.20512129997950979,0.09689479999360628,0.1082264999859035,23.95051059999969,ok,0.7203273782923933,0.7203273782923933
NN_V3,TSP-x_central-n800-g1000-2,18102.31531987393,18051,0.22539550001965836,0.11564590001944453,0.10974960000021383,4.485592400000314,ok,0.28427965139843225,0.28427965139843225
NN_V3,TSP-x_central-n800-g10000-4,183674.00927907508,183943,0.19952149997698143,0.10028929999680258,0.09923219998017885,145.07107299999916,ok,-0.14623591054017893,0.14623591054017893
NN_V3,TSP-x_central-n800-g10000-5,177947.73576483596,177635,0.16614110002410598,0.08114750002278015,0.08499360000132583,6.23708340000303,ok,0.1760552621026043,0.1760552621026043
NN_V3,TSP-x_central-n800-g10000-2,188944.94093845505,188775,0.20550999999977648,0.10942449999856763,0.09608550000120886,20.29143589999876,ok,0.09002301070324602,0.09002301070324602
NN_V3,TSP-x_central-n90-g1000-2,6453.607897250047,6505,0.12292840000009164,0.04223869999987073,0.08068970000022091,0.1673181999940425,ok,-0.7900400115288664,0.7900400115288664
NN_V3,TSP-x_central-n90-g1000-4,6477.258632711877,6411,0.11548410000978038,0.05435530000249855,0.061128800007281825,0.2860998999967705,ok,1.0335147825905007,1.0335147825905007
NN_V3,TSP-x_central-n90-g1000-1,6532.6411250225865,6468,0.16060059997835197,0.06378629998653196,0.09681429999182001,0.2779624999966472,ok,0.9993989644803106,0.9993989644803106
NN_V3,TSP-x_central-n90-g10000-2,63832.65231176384,66229,0.11105499998666346,0.04070529999444261,0.07034969999222085,0.3025821999908658,ok,-3.618275511084506,3.618275511084506
NN_V3,TSP-x_central-n90-g10000-1,55099.40205191192,56607,0.13963569997576997,0.05765169998630881,0.08198399998946115,2.241472399997292,ok,-2.663271235161867,2.663271235161867
NN_V3,TSP-x_central-n90-g1000-5,6319.713781907267,6358,0.13945940000121482,0.05482489999849349,0.08463450000272132,0.4880025000020396,ok,-0.6021739240757027,0.6021739240757027
NN_V3,TSP-x_central-n90-g10000-3,65542.20029916661,63393,0.1214382000034675,0.0340798000106588,0.0873583999928087,0.1294637999963015,ok,3.3902801558004967,3.3902801558004967
NN_V3,TSP-x_central-n90-g1000-3,6330.417332162069,6321,0.14172279997728765,0.05517509998753667,0.08654769998975098,0.241236600006232,ok,0.14898484673420684,0.14898484673420684
NN_V3,TSP-x_central-n90-g10000-5,62747.37316805404,64957,0.12861169999814592,0.03238000001874752,0.0962316999793984,0.3358976000017719,ok,-3.4016762349646124,3.4016762349646124
NN_V3,TSP-x_central-n90-g10000-4,60351.379822970135,62059,0.13924789999146014,0.061049000010825694,0.07819889998063445,0.3362449999985983,ok,-2.7516076266615075,2.7516076266615075
NN_V3,TSP-x_central-n900-g10000-1,197664.17973374203,197008,0.0982876000343822,0.06862240002374165,0.029665200010640547,6.854846999995061,ok,0.3330726334676909,0.3330726334676909
NN_V3,TSP-x_central-n900-g1000-2,19781.471356895578,19713,0.09107879997463897,0.05744179998873733,0.03363699998590164,39.72508390000439,ok,0.3473411296889242,0.3473411296889242
NN_V3,TSP-x_central-n900-g1000-1,19376.43341252685,19316,0.10147439999855123,0.07197759998962283,0.029496800008928403,21.42157120000047,ok,0.3128671180723265,0.3128671180723265
NN_V3,TSP-x_central-n900-g1000-3,19302.24980594823,19246,0.09686079996754415,0.07434979997924529,0.022510999988298863,17.623551000011503,ok,0.2922675150588765,0.2922675150588765
NN_V3,TSP-x_central-n900-g1000-4,19189.209744550724,19080,0.092826200008858,0.07204040000215173,0.020785800006706268,84.29449190000014,ok,0.5723781160939427,0.5723781160939427
NN_V3,TSP-x_central-n900-g1000-5,19312.397780225147,19388,0.09845999997924082,0.08499569998821244,0.013464299991028383,14.305989399988905,ok,-0.3899433658698857,0.3899433658698857
NN_V3,TSP-x_central-n900-g10000-5,196286.78369867988,195816,0.08465459998114966,0.07537089998368174,0.00928369999746792,11.512427000008756,ok,0.24042146641739146,0.24042146641739146
NN_V3,TSP-x_central-n900-g10000-4,191180.58477593074,192236,0.08287500002188608,0.07260090002091601,0.010274100000970066,12.522487899987029,ok,-0.5490205913924883,0.5490205913924883
NN_V3,TSP-x_central-n900-g10000-2,191528.51253382163,191391,0.07757950000814162,0.06905220000771806,0.008527300000423566,5.857476100005442,ok,0.07184900743589366,0.07184900743589366
NN_V3,TSP-x_central-n900-g10000-3,189076.64548237924,190497,0.09027230000356212,0.08638419999624602,0.0038881000073160976,5.917373200005386,ok,-0.7456046644413064,0.7456046644413064
