model,instance,pred_cost,true_cost,prediction_time_s,feature_time_s,inference_time_s,optimal_solve_time_s,status,gap_pct,abs_gap_pct
LGBM_V4,TSP-boundary-n10-g1000-3,2983.1948429319605,2942.2384287581604,0.0234538000077009,0.0162771999894175,0.0071766000182833,0.1574338000064017,ok,1.3920154727598577,1.3920154727598577
LGBM_V4,TSP-boundary-n10-g10000-3,32577.413509840604,31280.452919240008,0.07236400002148,0.0184233000036329,0.0539407000178471,0.0424796999868704,ok,4.1462334127612985,4.1462334127612985
LGBM_V4,TSP-boundary-n10-g10000-2,36381.76012013133,36008.054281165154,0.0769737999653443,0.0208747999859042,0.0560989999794401,0.0417942000058246,ok,1.0378395790234396,1.0378395790234396
LGBM_V4,TSP-boundary-n10-g1000-2,3225.3470834829977,3247.738597172892,0.0203364999906625,0.0117460000037681,0.0085904999868944,0.0730119000072591,ok,-0.6894493820834452,0.6894493820834452
LGBM_V4,TSP-boundary-n10-g10000-4,35847.87451726285,33497.12203388066,0.0805244000221137,0.0698174000135622,0.0107070000085514,0.0499473000090802,ok,7.0177744852364325,7.0177744852364325
LGBM_V4,TSP-boundary-n10-g10000-1,31624.72727194416,31722.209506673786,0.1524894000031054,0.0923164999985601,0.0601729000045452,0.0441271999879973,ok,-0.3072996372119552,0.3072996372119552
LGBM_V4,TSP-boundary-n10-g1000-1,3398.1067186411096,3398.7907954221027,0.0199918000143952,0.0116277000051923,0.0083641000092029,0.0762508000043453,ok,-0.02012706348135654,0.02012706348135654
LGBM_V4,TSP-boundary-n10-g1000-4,3505.079490581974,3549.1713069558878,0.0251855000096838,0.0146000999957323,0.0105854000139515,0.3243078000086825,ok,-1.242312995360352,1.242312995360352
LGBM_V4,TSP-boundary-n10-g1000-5,2953.233908664323,3006.837437013928,0.0900858999812044,0.0817306999815628,0.0083551999996416,0.1571512999944389,ok,-1.7827211970208356,1.7827211970208356
LGBM_V4,TSP-boundary-n10-g10000-5,27636.13034039864,27742.30111922621,0.1524251000373624,0.0786589000199455,0.0737662000174168,0.0500725000019883,ok,-0.38270357736832206,0.38270357736832206
LGBM_V4,TSP-boundary-n100-g10000-2,72872.36689495928,70030.90532399596,0.130243599996902,0.1177810000081081,0.0124625999887939,0.3339735999907134,ok,4.057439437370375,4.057439437370375
LGBM_V4,TSP-boundary-n100-g1000-3,7131.588838418664,7052.706357863737,0.2052090000070165,0.2021458999952301,0.0030631000117864,0.3462584999942919,ok,1.1184710741143074,1.1184710741143074
LGBM_V4,TSP-boundary-n100-g1000-4,7311.942146611496,7168.955382834615,0.204607500025304,0.2017991000029724,0.0028084000223316,0.3713453000091249,ok,1.994527182011056,1.994527182011056
LGBM_V4,TSP-boundary-n100-g10000-5,69645.71222881676,69817.32833448087,0.1570059999939985,0.1469693999970331,0.0100365999969653,4.705000100002508,ok,-0.24580732284961626,0.24580732284961626
LGBM_V4,TSP-boundary-n100-g10000-1,71736.037052229,70552.6701956712,0.1576860999921336,0.1506924999994225,0.006993599992711,0.2148888000083388,ok,1.6772814597602619,1.6772814597602619
LGBM_V4,TSP-boundary-n100-g1000-1,6975.282082015035,6954.144881989032,0.2260936999809928,0.2228910999838262,0.0032025999971665,0.2130082000076072,ok,0.30395110232384015,0.30395110232384015
LGBM_V4,TSP-boundary-n100-g1000-2,7113.361812033363,6839.905186328954,0.2248902999854181,0.2147915999812539,0.0100987000041641,0.0672060000069905,ok,3.9979593028712115,3.9979593028712115
LGBM_V4,TSP-boundary-n20-g1000-1,4234.575962180558,4098.499487480239,0.0295781999884638,0.0267989999847486,0.0027792000037152,0.0424805000075139,ok,3.320153512669571,3.320153512669571
LGBM_V4,TSP-boundary-n100-g10000-4,73744.46240757035,71296.24473901652,0.1847319999651517,0.1772950999729801,0.0074368999921716,0.5164423000096576,ok,3.433866226076356,3.433866226076356
LGBM_V4,TSP-boundary-n100-g1000-5,7308.162586670371,7020.83928219584,0.2415046000096481,0.2267929000081494,0.0147117000014986,0.1406589000107487,ok,4.0924352905094254,4.0924352905094254
LGBM_V4,TSP-boundary-n20-g1000-3,3674.9947115226655,3813.209337762964,0.0431800999795086,0.0368974999873898,0.0062825999921187,0.1841885000030743,ok,-3.6246272889225293,3.6246272889225293
LGBM_V4,TSP-boundary-n20-g1000-2,4394.048426373475,4343.766805718299,0.0429119000036735,0.0402732999937143,0.0026386000099591,0.1955378999991808,ok,1.1575580113781305,1.1575580113781305
LGBM_V4,TSP-boundary-n20-g1000-5,3784.054064083051,3864.71420718961,0.0469196000194642,0.0371292000054381,0.009790400014026,0.1778774999984307,ok,-2.0870920534435746,2.0870920534435746
LGBM_V4,TSP-boundary-n100-g10000-3,73021.05952245857,71695.18038304539,0.2169596999883651,0.19931669998914,0.0176429999992251,0.6195137000031536,ok,1.8493281310255696,1.8493281310255696
LGBM_V4,TSP-boundary-n20-g1000-4,4166.853405298505,4312.008350806445,0.0585187999822665,0.0427655999956186,0.0157531999866478,0.1820376999967266,ok,-3.366295556472959,3.366295556472959
LGBM_V4,TSP-boundary-n20-g10000-2,37269.17064060574,37802.74699454088,0.0651454999751877,0.0558050999825354,0.0093403999926522,0.0496548999944934,ok,-1.4114750814595387,1.4114750814595387
LGBM_V4,TSP-boundary-n20-g10000-3,38205.48301139189,39824.09889777507,0.0539583999780006,0.0493121999897994,0.0046461999882012,0.0527591000136453,ok,-4.0644130844944515,4.0644130844944515
LGBM_V4,TSP-boundary-n20-g10000-4,39078.93520393213,40021.129427814965,0.0445227999880444,0.0401782999979332,0.0043444999901112,0.0419974999967962,ok,-2.35424196506559,2.35424196506559
LGBM_V4,TSP-boundary-n20-g10000-1,37261.41857947686,37631.20170491474,0.0788446000078693,0.0726324999995995,0.0062121000082697,0.0444615999876987,ok,-0.982650323892231,0.982650323892231
LGBM_V4,TSP-boundary-n20-g10000-5,41827.44451252577,41629.56362277303,0.0549774999963119,0.0504889000148978,0.0044885999814141,0.0458705999917583,ok,0.4753374105619805,0.4753374105619805
LGBM_V4,TSP-boundary-n200-g1000-1,9300.55848288043,9323.804618339427,0.0845802999683655,0.0819180999824311,0.0026621999859344,1.4348636000067927,ok,-0.24932027654541186,0.24932027654541186
LGBM_V4,TSP-boundary-n200-g1000-2,10084.10367946285,9767.866427934754,0.0814030000183265,0.0790222000214271,0.0023807999968994,1.633126100001391,ok,3.2375263714059574,3.2375263714059574
LGBM_V4,TSP-boundary-n200-g10000-2,97356.98940209456,95929.26622359296,0.0573990000120829,0.0536625999957323,0.0037364000163506,3.1889790999994148,ok,1.4883082449248097,1.4883082449248097
LGBM_V4,TSP-boundary-n200-g10000-4,98195.61300110738,97284.50617473724,0.0576797999965492,0.053847000002861,0.0038327999936882,2.866724899999099,ok,0.9365384707135831,0.9365384707135831
LGBM_V4,TSP-boundary-n200-g1000-5,9704.692807632044,9488.365188533422,0.0748575000034179,0.0737016999919433,0.0011558000114746,1.582245999990846,ok,2.2799250956323966,2.2799250956323966
LGBM_V4,TSP-boundary-n30-g1000-1,4829.065821032349,4563.64994284491,0.0181757000100333,0.0146461999975144,0.0035295000125188,0.0474511999927926,ok,5.815868471760636,5.815868471760636
LGBM_V4,TSP-boundary-n30-g1000-2,4599.084714142957,4613.725297318943,0.0156389000185299,0.0132179000065661,0.0024210000119637,0.0521414999966509,ok,-0.31732672043769833,0.31732672043769833
LGBM_V4,TSP-boundary-n30-g1000-4,4241.620468708514,4120.370928865562,0.0200222999847028,0.0175861000025179,0.0024361999821849,0.0544446999992942,ok,2.9426850624910807,2.9426850624910807
LGBM_V4,TSP-boundary-n30-g1000-3,4855.844347278158,4732.923115771448,0.0216941999970003,0.0194659999979194,0.0022281999990809,0.0412899999937508,ok,2.5971525101918966,2.5971525101918966
LGBM_V4,TSP-boundary-n200-g10000-1,94503.86728830388,92226.9098413438,0.0886180000088643,0.0874965999973937,0.0011214000114705,1.2857908999867504,ok,2.468864511320052,2.468864511320052
LGBM_V4,TSP-boundary-n200-g1000-4,10029.13381695564,9488.852150330697,0.0991042000241577,0.0976894000195898,0.0014148000045679,1.0148306000046432,ok,5.693856939336064,5.693856939336064
LGBM_V4,TSP-boundary-n30-g1000-5,4022.874708582181,4110.660658437993,0.017878800019389,0.0161815000174101,0.0016973000019788,0.051777899992885,ok,-2.1355679086672654,2.1355679086672654
LGBM_V4,TSP-boundary-n30-g10000-2,47868.39569582127,47104.009302892526,0.019882199994754,0.0166553000162821,0.0032268999784719,0.0460742000141181,ok,1.6227629117800135,1.6227629117800135
LGBM_V4,TSP-boundary-n200-g1000-3,9446.62893778217,9388.232684945348,0.1087782999966293,0.1053462999989278,0.0034319999977014,1.5555985999963011,ok,0.6220153973224923,0.6220153973224923
LGBM_V4,TSP-boundary-n200-g10000-5,103507.0864503023,100841.5627212944,0.0831837999867275,0.0820363000093493,0.0011474999773781,1.5299895999924047,ok,2.6432788793395394,2.6432788793395394
LGBM_V4,TSP-boundary-n30-g10000-1,41756.67592536494,43459.14079408067,0.0317523000121582,0.0293315000017173,0.0024208000104408,0.049530299991602,ok,-3.9173919171167957,3.9173919171167957
LGBM_V4,TSP-boundary-n200-g10000-3,98429.16283375108,96960.78500974948,0.107994799996959,0.1061058999912347,0.0018889000057242,8.438265499993577,ok,1.514403811658445,1.514403811658445
LGBM_V4,TSP-boundary-n30-g10000-3,43009.66988529992,42580.378712482925,0.0297691000159829,0.0247750999988056,0.0049940000171773,0.0533030000078724,ok,1.0081901237086492,1.0081901237086492
LGBM_V4,TSP-boundary-n30-g10000-5,42283.79495334841,43576.67378048682,0.0290342000080272,0.0260452000075019,0.0029890000005252,0.0486658000008901,ok,-2.9669057203657925,2.9669057203657925
LGBM_V4,TSP-boundary-n30-g10000-4,43923.98547703305,44132.07213188447,0.0299162999726831,0.0274586999730672,0.0024575999996159,0.0445185999997193,ok,-0.47150891585053395,0.47150891585053395
LGBM_V4,TSP-boundary-n300-g1000-2,11520.385542227168,11169.663918385544,0.0697404000093229,0.0676706999947782,0.0020697000145446,6.341344900007243,ok,3.1399478659722924,3.1399478659722924
LGBM_V4,TSP-boundary-n300-g10000-1,120389.82889746151,119048.57524330304,0.0542090999952051,0.0514732000010553,0.0027358999941498,11.337956400006078,ok,1.1266440202390589,1.1266440202390589
LGBM_V4,TSP-boundary-n300-g1000-3,11581.963705160386,11268.67172773101,0.0696230999892577,0.067740300000878,0.0018827999883797,3.45801780000329,ok,2.7802032484307495,2.7802032484307495
LGBM_V4,TSP-boundary-n300-g10000-5,117347.76982627915,115448.09787413632,0.0485831999976653,0.0461529000021982,0.002430299995467,2.499435200006701,ok,1.6454770473688438,1.6454770473688438
LGBM_V4,TSP-boundary-n300-g10000-3,117933.75579185752,115558.51568183748,0.0710851000039838,0.0680194000015035,0.0030657000024802,1.9706148999976,ok,2.0554435958312998,2.0554435958312998
LGBM_V4,TSP-boundary-n40-g1000-3,4836.866740313992,4793.294457000913,0.0235228999808896,0.0191051999863702,0.0044176999945193,0.0959274000051664,ok,0.9090258006043924,0.9090258006043924
LGBM_V4,TSP-boundary-n40-g1000-1,5056.647162794964,5030.116639351469,0.0277155999792739,0.0244786999828647,0.0032368999964091,0.1847581000038189,ok,0.5274335635866291,0.5274335635866291
LGBM_V4,TSP-boundary-n40-g1000-2,4992.911739013092,4942.791021127952,0.0279484000056982,0.0254221000068355,0.0025262999988626,0.0494325000036042,ok,1.0140165277249051,1.0140165277249051
LGBM_V4,TSP-boundary-n300-g1000-1,12017.174007549213,11851.070238550754,0.1031215999973937,0.0993166999833192,0.0038049000140745,2.233340600010706,ok,1.4015929840507908,1.4015929840507908
LGBM_V4,TSP-boundary-n40-g1000-4,4914.439720728261,4902.423528867503,0.0227537999744527,0.0207286999793723,0.0020250999950803,0.0523647999943932,ok,0.24510717586927988,0.24510717586927988
LGBM_V4,TSP-boundary-n300-g1000-4,12016.968437807833,11552.932824705986,0.0986434000078588,0.0958778000203892,0.0027655999874696,2.966981300007319,ok,4.016604442722158,4.016604442722158
LGBM_V4,TSP-boundary-n300-g1000-5,11976.178279941272,11645.332539806586,0.1038792000326793,0.0980781000107526,0.0058011000219266,1.4859470999945188,ok,2.8410158233247054,2.8410158233247054
LGBM_V4,TSP-boundary-n40-g10000-1,45190.07519331831,44365.02940974443,0.0233640000224113,0.0201021000102628,0.0032619000121485,0.0461278000002494,ok,1.859675953224254,1.859675953224254
LGBM_V4,TSP-boundary-n40-g1000-5,5184.319246912566,4973.7722943980525,0.0279090999974869,0.0251985999930184,0.0027105000044684,0.0470935000048484,ok,4.233144182166363,4.233144182166363
LGBM_V4,TSP-boundary-n300-g10000-2,119225.15233743786,116746.5527844518,0.1090993999969214,0.1071598000125959,0.0019395999843254,6.775888300006045,ok,2.123060162266448,2.123060162266448
LGBM_V4,TSP-boundary-n300-g10000-4,123227.06831649168,120869.35701314842,0.1105462000123225,0.1081629000254906,0.0023832999868318,8.038870899996255,ok,1.9506278196605218,1.9506278196605218
LGBM_V4,TSP-boundary-n40-g10000-2,53388.95058848068,49832.807191674045,0.036438300012378,0.0345378000056371,0.0019005000067409,0.0654733999981544,ok,7.136149049618033,7.136149049618033
LGBM_V4,TSP-boundary-n40-g10000-3,48389.321839140575,49177.7471505837,0.0375818999891635,0.0345946000015828,0.0029872999875806,0.0481084000057308,ok,-1.6032155947057625,1.6032155947057625
LGBM_V4,TSP-boundary-n40-g10000-4,47344.03867557843,49597.29245835963,0.042117800010601,0.039219199999934,0.0028986000106669,0.046747399988817,ok,-4.543098365042744,4.543098365042744
LGBM_V4,TSP-boundary-n40-g10000-5,48517.69091811407,47065.44595221704,0.0427528000145684,0.038125699997181,0.0046271000173874,0.0867538000020431,ok,3.0855863288141814,3.0855863288141814
LGBM_V4,TSP-boundary-n400-g1000-3,13807.925423112947,13540.59782959737,0.0523899000254459,0.0481738000235054,0.0042161000019405,2.497820899996441,ok,1.974267287750374,1.974267287750374
LGBM_V4,TSP-boundary-n400-g1000-4,14081.165351390173,13741.524140563151,0.0632506000110879,0.0602828999981284,0.0029677000129595,2.392791099991882,ok,2.471641481343731,2.471641481343731
LGBM_V4,TSP-boundary-n400-g10000-2,135354.84088291385,133756.38639958872,0.0616568000114057,0.0566077000112272,0.0050491000001784,1.8698617999907583,ok,1.1950490936184879,1.1950490936184879
LGBM_V4,TSP-boundary-n5-g1000-1,2743.736955450872,2755.250397400151,0.0198643000039737,0.0164205000037327,0.003443800000241,0.043626899991068,ok,-0.41787279878966,0.41787279878966
LGBM_V4,TSP-boundary-n5-g1000-2,2251.292208438991,2349.046244364646,0.0098589000117499,0.0080320000124629,0.0018268999992869,0.0416970999940531,ok,-4.161435142461183,4.161435142461183
LGBM_V4,TSP-boundary-n5-g1000-4,2148.9327950145803,2220.2122987281477,0.011328999971738,0.0080599999928381,0.0032689999788999,0.0393573000037577,ok,-3.210481437040955,3.210481437040955
LGBM_V4,TSP-boundary-n400-g10000-3,131653.08557175985,129635.95238286634,0.0859496000048238,0.0837358999997377,0.0022137000050861,3.854709000006551,ok,1.5559982796563376,1.5559982796563376
LGBM_V4,TSP-boundary-n5-g1000-5,1602.57509236209,1674.6287188670458,0.0184354000084567,0.0124055999913252,0.0060298000171314,0.0708211000019218,ok,-4.302662774928589,4.302662774928589
LGBM_V4,TSP-boundary-n5-g1000-3,3286.6938826300225,3300.01708522994,0.0242239999934099,0.0212090999993961,0.0030148999940138,0.0877431000117212,ok,-0.4037313218634263,0.4037313218634263
LGBM_V4,TSP-boundary-n400-g10000-5,137836.11178283996,135996.29420890746,0.0759171000390779,0.0739565000112634,0.0019606000278145,3.306738500003121,ok,1.3528439025745087,1.3528439025745087
LGBM_V4,TSP-boundary-n5-g10000-1,20385.67072716584,19818.374518168486,0.0122494999959599,0.0099013000144623,0.0023481999814976,0.1104254999954719,ok,2.862475973886187,2.862475973886187
LGBM_V4,TSP-boundary-n5-g10000-4,25403.04448672444,25809.193531695844,0.0167750999971758,0.0124390000128187,0.0043360999843571,0.1602507999923546,ok,-1.5736603488699437,1.5736603488699437
LGBM_V4,TSP-boundary-n400-g1000-2,13380.504195322428,13247.8784257755,0.1394403999729547,0.1370044999930542,0.0024358999799005,9.881466000006183,ok,1.0011095005890718,1.0011095005890718
LGBM_V4,TSP-boundary-n5-g10000-3,22925.11694153136,22805.99684390117,0.0171465000021271,0.0104121000040322,0.0067343999980948,0.0829517999954987,ok,0.5223191884376819,0.5223191884376819
LGBM_V4,TSP-boundary-n400-g1000-1,13830.380200729223,13519.419355767131,0.1462668000021949,0.1425424000190105,0.0037243999831844,1.7832259999995586,ok,2.300105032465331,2.300105032465331
LGBM_V4,TSP-boundary-n5-g10000-5,27924.769503300933,29307.68348688087,0.0169136000040452,0.0145492000156082,0.002364399988437,0.1188267999968957,ok,-4.718605563619438,4.718605563619438
LGBM_V4,TSP-boundary-n5-g10000-2,26177.683736541967,27529.46982929468,0.0254123999911826,0.0216752999986056,0.0037370999925769,0.121178699992015,ok,-4.91032374083082,4.91032374083082
LGBM_V4,TSP-boundary-n400-g1000-5,13498.951308537746,13358.591841437928,0.1354924000042956,0.1333832000091206,0.002109199995175,3.0199887000053423,ok,1.0507055591325625,1.0507055591325625
LGBM_V4,TSP-boundary-n400-g10000-1,137017.15828744214,134936.30572105345,0.1332318999920971,0.1319786999956704,0.0012531999964267,15.880199499995795,ok,1.5420998487170177,1.5420998487170177
LGBM_V4,TSP-boundary-n400-g10000-4,130940.67026722943,127604.68716463711,0.1312655000074301,0.1294581000111065,0.0018073999963235,3.810321799988742,ok,2.6143107880419736,2.6143107880419736
LGBM_V4,TSP-boundary-n50-g1000-1,5571.783233533562,5451.628325543433,0.0335751000093296,0.0309758000075817,0.0025993000017479,0.0564357999974163,ok,2.2040187044143793,2.2040187044143793
LGBM_V4,TSP-boundary-n50-g1000-2,5373.413203563751,5332.363637962355,0.0338940999936312,0.0281390000018291,0.0057550999918021,0.0971315000060712,ok,0.7698193219448654,0.7698193219448654
LGBM_V4,TSP-boundary-n50-g1000-3,5642.552132015148,5571.758947838555,0.0361426999734249,0.0337013999815098,0.002441299991915,0.1257521999941673,ok,1.270571552706094,1.270571552706094
LGBM_V4,TSP-boundary-n50-g1000-4,5715.293325630625,5613.594706287468,0.0394614999822806,0.033894499996677,0.0055669999856036,0.1185041999997338,ok,1.8116487681102065,1.8116487681102065
LGBM_V4,TSP-boundary-n50-g10000-1,51432.22951942968,50920.97787259229,0.0350297999975737,0.0322137000039219,0.0028160999936517,0.0685344000085024,ok,1.0040098760801104,1.0040098760801104
LGBM_V4,TSP-boundary-n50-g1000-5,5990.528709622438,5765.275246277607,0.0402164999977685,0.0386984999931883,0.0015180000045802,0.073073799998383,ok,3.9070721469936385,3.9070721469936385
LGBM_V4,TSP-boundary-n50-g10000-2,58479.26928581484,57424.97731009736,0.0437617999850772,0.0418324999918695,0.0019292999932076,0.0564381000003777,ok,1.8359466996813123,1.8359466996813123
LGBM_V4,TSP-boundary-n50-g10000-5,53353.89638016018,52923.59945828068,0.0333820999949239,0.0316625999985262,0.0017194999963976,0.0954625000013038,ok,0.8130530165823229,0.8130530165823229
LGBM_V4,TSP-boundary-n50-g10000-3,53367.50754345386,52166.59525485372,0.0456668999977409,0.0423370999924372,0.0033298000053036,0.1873816000006627,ok,2.302071436200173,2.302071436200173
LGBM_V4,TSP-boundary-n50-g10000-4,55973.2754840756,55789.4263052652,0.0492694999848026,0.0474166999920271,0.0018527999927755,0.0942776000010781,ok,0.32954126074791557,0.32954126074791557
LGBM_V4,TSP-boundary-n500-g1000-1,14989.816405378637,14802.821955591471,0.0726148000103421,0.069465400010813,0.0031493999995291,3.4455307999887737,ok,1.2632351476505614,1.2632351476505614
LGBM_V4,TSP-boundary-n500-g1000-5,14677.669077678338,14539.412847037836,0.0699101999925915,0.0682279999891761,0.0016822000034153,8.848964500008151,ok,0.9509065606364496,0.9509065606364496
LGBM_V4,TSP-boundary-n500-g1000-2,15245.346184959864,15004.1221829493,0.0773934000171721,0.0700680000009015,0.0073254000162705,11.302185699998518,ok,1.607718192835639,1.607718192835639
LGBM_V4,TSP-boundary-n500-g1000-4,14650.094575317851,14429.773390198654,0.0799018999969121,0.0763428999925963,0.0035590000043157,13.337091900000814,ok,1.5268513174908847,1.5268513174908847
LGBM_V4,TSP-boundary-n500-g10000-2,147896.92462916858,145252.68993600406,0.0820712000131607,0.0782335000112652,0.0038377000018954,2.270085500000277,ok,1.820437676114319,1.820437676114319
LGBM_V4,TSP-boundary-n60-g1000-3,5788.687760060277,5609.202188802014,0.0257665000099223,0.0243386999936774,0.0014278000162448,0.0819953000027453,ok,3.1998413538485173,3.1998413538485173
LGBM_V4,TSP-boundary-n60-g1000-1,6057.4827599591945,5870.785334391348,0.041237200028263,0.0367682000214699,0.004469000006793,0.196824500002549,ok,3.180109898997045,3.180109898997045
LGBM_V4,TSP-boundary-n60-g1000-2,6060.165739521613,5874.940494591539,0.0315249999985098,0.0283132999902591,0.0032117000082507,0.2882640000025276,ok,3.1528020598777484,3.1528020598777484
LGBM_V4,TSP-boundary-n60-g1000-4,6084.626980326809,6016.900740214607,0.0285467999929096,0.0270137999905273,0.0015330000023823,0.149754899990512,ok,1.125600089420554,1.125600089420554
LGBM_V4,TSP-boundary-n60-g1000-5,6136.1880846963895,5907.062729470445,0.0376442999986466,0.0348919999960344,0.0027523000026121,0.1470638000027975,ok,3.878837346399479,3.878837346399479
LGBM_V4,TSP-boundary-n500-g10000-1,149818.73958805256,147152.07225756324,0.1349847000092268,0.1305343999993056,0.0044503000099211,5.54722939999192,ok,1.8121846940910202,1.8121846940910202
LGBM_V4,TSP-boundary-n60-g10000-4,61544.93842508262,61592.13912835054,0.0267012999975122,0.0208595000149216,0.0058417999825906,0.2693680999946082,ok,-0.07663429771381101,0.07663429771381101
LGBM_V4,TSP-boundary-n500-g1000-3,14727.09445351247,14588.652619162936,0.146968699991703,0.145656799984863,0.00131190000684,22.919459199998528,ok,0.948969298012375,0.948969298012375
LGBM_V4,TSP-boundary-n60-g10000-2,57273.72755095363,56792.103974556965,0.035132999997586,0.0330164000042714,0.0021165999933145,0.1013657000003149,ok,0.8480467225028858,0.8480467225028858
LGBM_V4,TSP-boundary-n60-g10000-1,57207.57894133386,55252.90874613312,0.0358464999881107,0.0326686000043991,0.0031778999837115,0.0560228999966057,ok,3.5376783585851177,3.5376783585851177
LGBM_V4,TSP-boundary-n60-g10000-3,60207.68741185849,59668.56807481672,0.0317571999912615,0.0300549000094179,0.0017022999818436,0.2281517000083113,ok,0.9035231687909475,0.9035231687909475
LGBM_V4,TSP-boundary-n500-g10000-5,149140.75230555265,146358.0803578117,0.1278665999998338,0.1225445000163745,0.0053220999834593,9.7054894999892,ok,1.901276609352869,1.901276609352869
LGBM_V4,TSP-boundary-n500-g10000-3,146344.501803519,143485.08157475368,0.1438743000035174,0.1413245000003371,0.0025498000031802,2.475389700004598,ok,1.9928345144896473,1.9928345144896473
LGBM_V4,TSP-boundary-n500-g10000-4,150729.2621634254,147825.50223841355,0.1353163000021595,0.1338697999890428,0.0014465000131167,4.768104300004779,ok,1.964315954312566,1.964315954312566
LGBM_V4,TSP-boundary-n60-g10000-5,60668.59476774262,57470.520903803554,0.0313244999852031,0.0300304999982472,0.0012939999869558,0.1076526999968336,ok,5.564720510002219,5.564720510002219
LGBM_V4,TSP-boundary-n600-g1000-4,16219.341340737554,16041.500141445562,0.2156779000069946,0.214115100010531,0.0015627999964635,4.481437099995674,ok,1.1086319715979251,1.1086319715979251
LGBM_V4,TSP-boundary-n600-g1000-2,16499.180298022093,16263.278055019353,0.2212818999832961,0.2184432999929413,0.0028385999903548,28.217762400003267,ok,1.4505208741108198,1.4505208741108198
LGBM_V4,TSP-boundary-n600-g1000-5,16056.95618532868,15901.62394818566,0.2202245000225957,0.2156641000183299,0.0045604000042658,4.457909999997355,ok,0.9768325401805484,0.9768325401805484
LGBM_V4,TSP-boundary-n600-g10000-5,159225.3554762271,157007.736239423,0.2041656999790575,0.2012570999795571,0.0029085999995004,30.00891010000487,ok,1.4124267312678365,1.4124267312678365
LGBM_V4,TSP-boundary-n600-g10000-2,164384.5000704426,162356.93774673078,0.2202940999704878,0.2190578999870922,0.0012361999833956,4.045419300004141,ok,1.2488301096653565,1.2488301096653565
LGBM_V4,TSP-boundary-n70-g1000-1,5898.407816804186,5789.206305601217,0.0230458999867551,0.0195579999999608,0.0034878999867942,0.1643213999923318,ok,1.8862950366324645,1.8862950366324645
LGBM_V4,TSP-boundary-n600-g10000-1,157749.17071619583,156730.2240055806,0.2370008999714628,0.233402699988801,0.0035981999826617,4.938473899994278,ok,0.6501277702371964,0.6501277702371964
LGBM_V4,TSP-boundary-n70-g1000-2,6113.617491719131,6064.47529021825,0.0249219999823253,0.0233085000072605,0.0016134999750647,0.0693994000030215,ok,0.8103289921907256,0.8103289921907256
LGBM_V4,TSP-boundary-n70-g1000-3,6236.723235708711,6137.993414625111,0.0226725999964401,0.0205944999761413,0.0020781000202987,0.1557941000064602,ok,1.6085032096703669,1.6085032096703669
LGBM_V4,TSP-boundary-n70-g1000-4,6568.443943432509,6460.934202278364,0.0263984999910462,0.0225989999889861,0.00379950000206,0.365405800010194,ok,1.6639968429988459,1.6639968429988459
LGBM_V4,TSP-boundary-n1000-g1000-1,20763.0685981663,20600.23026810184,0.9766058000386691,0.972269200021401,0.0043366000172682,10.352445600001374,ok,0.790468494503214,0.790468494503214
LGBM_V4,TSP-boundary-n600-g1000-1,16026.64755126866,15785.86431879043,0.2636291999951936,0.2611744000168983,0.0024547999782953,3.878137199993944,ok,1.5253091475746203,1.5253091475746203
LGBM_V4,TSP-boundary-n70-g1000-5,6040.85044017893,6051.115829290534,0.0330045000009704,0.0304836999857798,0.0025208000151906,0.096704800002044,ok,-0.16964456475803086,0.16964456475803086
LGBM_V4,TSP-boundary-n600-g1000-3,16658.3640327876,16536.192558014955,0.2658533999929204,0.2638770999910775,0.0019763000018429,5.026221600011922,ok,0.7388126035907111,0.7388126035907111
LGBM_V4,TSP-boundary-n70-g10000-2,57204.98540705642,56269.6948903841,0.0278614000126253,0.0248757000081241,0.0029857000045012,0.1955602999951224,ok,1.6621567230714673,1.6621567230714673
LGBM_V4,TSP-boundary-n70-g10000-1,60171.87282759845,58319.66004380273,0.0315276999899651,0.0301884000073187,0.0013392999826464,0.282718799993745,ok,3.175966359208123,3.175966359208123
LGBM_V4,TSP-boundary-n70-g10000-3,62201.43118012311,60618.16308256971,0.0327257000026293,0.031191599991871,0.0015341000107582,0.2116127999906893,ok,2.6118707942317356,2.6118707942317356
LGBM_V4,TSP-boundary-n600-g10000-4,167666.14851180985,164634.1994459483,0.2779530999832786,0.2756622000015341,0.0022908999817445,9.074188800004777,ok,1.841627727449779,1.841627727449779
LGBM_V4,TSP-boundary-n70-g10000-5,60193.462920081605,58925.97717592743,0.0303864000015892,0.0282254999910946,0.0021609000104945,0.0920874000003095,ok,2.1509795932106686,2.1509795932106686
LGBM_V4,TSP-boundary-n70-g10000-4,60195.19243257963,59059.21532025209,0.0384901000070385,0.0348588000051677,0.0036313000018708,0.0569497999968007,ok,1.9234544620473397,1.9234544620473397
LGBM_V4,TSP-boundary-n600-g10000-3,168269.30378390307,165590.79901733485,0.2862205999845173,0.2844531000009738,0.0017674999835435,3.822116900002584,ok,1.6175444423622973,1.6175444423622973
LGBM_V4,TSP-boundary-n8-g1000-1,3361.6043939480514,3320.4725689603047,0.0171710999857168,0.0121883999963756,0.0049826999893411,0.0422594999981811,ok,1.2387340697298947,1.2387340697298947
LGBM_V4,TSP-boundary-n1000-g1000-5,20607.32210795058,20451.239907489253,1.0448151000018695,1.041180100000929,0.0036350000009406,10.911729599989483,ok,0.7631918708467558,0.7631918708467558
LGBM_V4,TSP-boundary-n8-g1000-2,3177.067849919288,3121.1439871326065,0.0218292000063229,0.018367600016063,0.0034615999902598,0.0510159000114072,ok,1.7917745229709465,1.7917745229709465
LGBM_V4,TSP-boundary-n8-g1000-3,3548.183321308909,3478.891189388008,0.0216200999857392,0.0171887999749742,0.0044313000107649,0.0506058000028133,ok,1.9917878470091044,1.9917878470091044
LGBM_V4,TSP-boundary-n8-g1000-4,2652.8101966804384,2637.095654388666,0.0186222000047564,0.0164408000127878,0.0021813999919686,0.0490490000083809,ok,0.5959033858184182,0.5959033858184182
LGBM_V4,TSP-boundary-n8-g1000-5,2836.20608416623,2805.916501906797,0.0124754999997094,0.0107008999912068,0.0017746000085026,0.1326214000000618,ok,1.0794897937572114,1.0794897937572114
LGBM_V4,TSP-boundary-n8-g10000-1,33489.23327574252,33403.42043826097,0.0138793000078294,0.0092318000097293,0.0046474999981001,0.4420339000062085,ok,0.25689835458663945,0.25689835458663945
LGBM_V4,TSP-boundary-n1000-g10000-1,209215.6538031839,207174.97861788777,1.100434200023301,1.096383500000229,0.0040507000230718,95.81789179999032,ok,0.9850007944540157,0.9850007944540157
LGBM_V4,TSP-boundary-n1000-g10000-4,211309.82610247543,208527.088706389,1.101764100021683,1.0981841000029815,0.0035800000187009,16.147434299986344,ok,1.3344728559485044,1.3344728559485044
LGBM_V4,TSP-boundary-n8-g10000-3,33960.90147170319,34166.43491356847,0.0104594000149518,0.0091902000131085,0.0012692000018432,0.4614666999987094,ok,-0.6015653736926913,0.6015653736926913
LGBM_V4,TSP-boundary-n8-g10000-2,29835.9670646725,29005.817004221837,0.0112550999911036,0.0101741999969817,0.0010808999941218,0.3940565999946557,ok,2.862012334732141,2.862012334732141
LGBM_V4,TSP-boundary-n8-g10000-5,30597.66479849768,31030.73689320769,0.010855000000447,0.0084885999967809,0.002366400003666,0.3634891999972751,ok,-1.3956229792428938,1.3956229792428938
LGBM_V4,TSP-boundary-n8-g10000-4,25700.36595740274,25701.513283974386,0.0144206999975722,0.0124937999935355,0.0019269000040367,0.2653704999975161,ok,-0.0044640428715936485,0.0044640428715936485
LGBM_V4,TSP-boundary-n1000-g1000-2,21046.821552292444,20663.057288462944,1.1468595000042114,1.1423008000128902,0.0045586999913211,12.61317229999986,ok,1.8572482206869354,1.8572482206869354
LGBM_V4,TSP-boundary-n80-g1000-2,6357.877200186312,6214.818375047531,0.0214699000061955,0.01836230000481,0.0031076000013854,0.1033079999906476,ok,2.301898728258276,2.301898728258276
LGBM_V4,TSP-boundary-n1000-g1000-3,20780.461456962163,20447.07333013988,1.1867946999846026,1.1818441999785136,0.0049505000060889,24.521400800003903,ok,1.6304931343443387,1.6304931343443387
LGBM_V4,TSP-boundary-n1000-g1000-4,20868.59617422984,20608.81042414775,1.1383426999964286,1.1316458999936003,0.0066968000028282,14.6575100000191,ok,1.2605567460492237,1.2605567460492237
LGBM_V4,TSP-boundary-n80-g1000-1,5829.837202317247,5680.096649949476,0.0331583000079263,0.0296493000059854,0.0035090000019408,0.1822433000052115,ok,2.6362324727186235,2.6362324727186235
LGBM_V4,TSP-boundary-n1000-g10000-3,203553.7750009661,203334.26645129372,1.141308400023263,1.13634070000262,0.0049677000206429,14.201905299996724,ok,0.1079545290143988,0.1079545290143988
LGBM_V4,TSP-boundary-n1000-g10000-5,210237.0801913672,206720.1115666616,1.139593599975342,1.1370941999775823,0.0024993999977596,9.355593499989482,ok,1.7013190434407577,1.7013190434407577
LGBM_V4,TSP-boundary-n80-g1000-3,7048.4965808225,6744.238311598256,0.026694399974076,0.022642399999313,0.004051999974763,0.341940300000715,ok,4.511380754458255,4.511380754458255
LGBM_V4,TSP-boundary-n1000-g10000-2,205457.7180232712,202576.2172811242,1.1643393999838736,1.1598512000055052,0.0044881999783683,6.294937500002561,ok,1.4224279536961726,1.4224279536961726
LGBM_V4,TSP-boundary-n80-g1000-4,6782.406333741175,6666.484588118352,0.0422811999742407,0.0408636999782174,0.0014174999960232,0.0862742000026628,ok,1.7388736760815482,1.7388736760815482
LGBM_V4,TSP-boundary-n80-g10000-1,65151.072136719216,63625.03095949689,0.0363211000221781,0.0335144000127911,0.0028067000093869,0.3424070999899413,ok,2.398491842296764,2.398491842296764
LGBM_V4,TSP-boundary-n80-g1000-5,6966.0946365679365,6794.070576819344,0.0416442000132519,0.0391662000038195,0.0024780000094324,0.1019769999984419,ok,2.531973399503984,2.531973399503984
LGBM_V4,TSP-boundary-n80-g10000-2,64338.22798914887,61029.08540874971,0.0407518000283744,0.0392736000067088,0.0014782000216655,0.1185906000027898,ok,5.422238524853817,5.422238524853817
LGBM_V4,TSP-boundary-n80-g10000-3,68530.15078013616,69198.73290223998,0.0418478000210598,0.0395863000012468,0.0022615000198129,0.2268553000030806,ok,-0.9661768273247938,0.9661768273247938
LGBM_V4,TSP-boundary-n80-g10000-5,68318.18315021493,67315.92178347147,0.0377372000366449,0.0357964000140782,0.0019408000225666,0.1099745999963488,ok,1.488891988981952,1.488891988981952
LGBM_V4,TSP-boundary-n80-g10000-4,65673.95227588562,63039.31633377588,0.041686899960041,0.0395526999782305,0.0021341999818105,0.1149660000082803,ok,4.17935360872263,4.17935360872263
LGBM_V4,TSP-boundary-n700-g1000-2,17614.634512083896,17409.82773207417,0.3973793999757617,0.395877599978121,0.0015017999976407,6.92876479998813,ok,1.1763860226624236,1.1763860226624236
LGBM_V4,TSP-boundary-n700-g10000-4,177349.85083666162,173382.79172401287,0.3724357000319287,0.3703168000211008,0.0021189000108279,12.89531399999396,ok,2.288035088835935,2.288035088835935
LGBM_V4,TSP-boundary-n700-g10000-2,176050.2464669451,175360.07753202537,0.3882580999925267,0.3851247999991756,0.0031332999933511,6.62368739998783,ok,0.3935724394246363,0.3935724394246363
LGBM_V4,TSP-boundary-n700-g1000-1,17312.942717429283,17174.70746245737,0.4174965999845881,0.4148588999814819,0.0026377000031061,24.911428599996725,ok,0.8048769114355302,0.8048769114355302
LGBM_V4,TSP-boundary-n700-g1000-4,17589.972392146487,17488.475621491314,0.4096926000202074,0.4087016000121366,0.0009910000080708,8.795029400003841,ok,0.5803637369654142,0.5803637369654142
LGBM_V4,TSP-boundary-n700-g10000-5,175819.06666349573,173644.78799287643,0.3804520000121556,0.3783404999994673,0.0021115000126883,7.731723099990631,ok,1.2521416252980178,1.2521416252980178
LGBM_V4,TSP-boundary-n700-g10000-1,176737.7776646687,175641.01293881974,0.4055660000012722,0.4031085000024177,0.0024574999988544,10.379001500026789,ok,0.6244354365178966,0.6244354365178966
LGBM_V4,TSP-boundary-n90-g1000-1,6510.331614545764,6593.514066216972,0.0250183999887667,0.0224089999974239,0.0026093999913427,0.1682462000026134,ok,-1.2615799532059617,1.2615799532059617
LGBM_V4,TSP-boundary-n90-g1000-3,6715.824871891497,6501.967882288524,0.0265836999751627,0.0236241999955382,0.0029594999796245,0.1539069999998901,ok,3.2891117500829754,3.2891117500829754
LGBM_V4,TSP-boundary-n90-g1000-2,6861.790037680225,6652.856022294313,0.0373732000007294,0.0312221999920438,0.0061510000086855,0.1274632999993628,ok,3.1405161134669917,3.1405161134669917
LGBM_V4,TSP-boundary-n700-g1000-3,17841.03573609741,17614.778493527887,0.4524219000013545,0.4468167999875732,0.0056051000137813,4.697206400000141,ok,1.284473958345001,1.284473958345001
LGBM_V4,TSP-boundary-n90-g1000-4,6584.118457671214,6521.812907185102,0.0381257000262849,0.0334140000049956,0.0047117000212892,0.0901991999999154,ok,0.9553409668877499,0.9553409668877499
LGBM_V4,TSP-boundary-n90-g10000-1,68957.36760327847,67541.67757072655,0.0331898999866098,0.0235023999994155,0.0096874999871943,0.1478282000025501,ok,2.096024385934859,2.096024385934859
LGBM_V4,TSP-boundary-n700-g1000-5,17451.90231539564,17359.681091918806,0.4431975000188686,0.4384913000103552,0.0047062000085134,12.508719899997232,ok,0.5312380048258165,0.5312380048258165
LGBM_V4,TSP-boundary-n90-g10000-2,67588.46169087764,64465.49518401212,0.0341785999771673,0.02899379999144,0.0051847999857272,0.1919266000040806,ok,4.84440009023623,4.84440009023623
LGBM_V4,TSP-boundary-n90-g10000-3,70873.51105683562,69191.5905376495,0.0411269000032916,0.038209199992707,0.0029177000105846,0.1065311999991536,ok,2.430816384067542,2.430816384067542
LGBM_V4,TSP-boundary-n90-g10000-4,65193.04469368888,64890.19524689889,0.0312216999882366,0.0240402999916113,0.0071813999966252,0.1899121000024024,ok,0.4667106419354787,0.4667106419354787
LGBM_V4,TSP-boundary-n90-g1000-5,6804.788713897204,6639.404105721029,0.0570764999720267,0.0534326999913901,0.0036437999806366,0.2007595000031869,ok,2.4909555969588686,2.4909555969588686
LGBM_V4,TSP-boundary-n90-g10000-5,65574.83015773771,65190.90115723439,0.0421929999720305,0.0387388999806717,0.0034540999913588,0.5789832000009483,ok,0.5889303471619826,0.5889303471619826
LGBM_V4,TSP-boundary-n700-g10000-3,173008.54527096197,171666.6533589762,0.4706654000037815,0.4684829000034369,0.0021825000003445,8.618686699992395,ok,0.7816846695203512,0.7816846695203512
LGBM_V4,TSP-boundary-n800-g1000-2,18972.570789734044,18607.046323989773,0.4095394000178203,0.4071501000144053,0.0023893000034149,5.513284399989061,ok,1.9644411013961196,1.9644411013961196
LGBM_V4,TSP-boundary-n800-g1000-5,18536.43261500184,18201.637426272875,0.3953569000004791,0.3930879000108689,0.0022689999896101,5.016360900001018,ok,1.8393685188218765,1.8393685188218765
LGBM_V4,TSP-clustered-n100-g1000-c10-r10-1,4592.204955842206,4660.783365890551,0.0144976000010501,0.0109468000009655,0.0035508000000845,1.052139099992928,ok,-1.4713923532732502,1.4713923532732502
LGBM_V4,TSP-boundary-n800-g1000-1,18713.2820345542,18646.34416957543,0.4313192999979947,0.4301753000181634,0.0011439999798312,16.465018899994902,ok,0.35898653575207917,0.35898653575207917
LGBM_V4,TSP-clustered-n100-g1000-c10-r10-2,5061.9884283320125,5027.666605347837,0.016668700001901,0.0145323000033386,0.0021363999985624,0.7294317000050796,ok,0.6826590877698301,0.6826590877698301
LGBM_V4,TSP-boundary-n800-g1000-4,18949.86850509336,18632.77255618271,0.426381399971433,0.4209404999855906,0.0054408999858424,33.339048099995125,ok,1.7018183845400474,1.7018183845400474
LGBM_V4,TSP-boundary-n800-g10000-1,188280.7693513525,186082.3490325436,0.4232168000016827,0.4188577999884728,0.0043590000132098,6.679852500004927,ok,1.1814233484468877,1.1814233484468877
LGBM_V4,TSP-clustered-n100-g1000-c10-r10-3,5273.712963724783,5297.320337032787,0.0244642999896314,0.0199349999893456,0.0045293000002857,2.5103675999998813,ok,-0.4456474558083467,0.4456474558083467
LGBM_V4,TSP-clustered-n100-g1000-c10-r10-5,4981.46525606468,5215.57503110373,0.0241053999925497,0.0222895999904721,0.0018158000020775,1.3023149999935413,ok,-4.488666611886652,4.488666611886652
LGBM_V4,TSP-boundary-n800-g10000-5,179428.40854545828,178447.44184004923,0.4234123999776784,0.4220187999890186,0.0013935999886598,18.041770399999223,ok,0.5497230418625667,0.5497230418625667
LGBM_V4,TSP-clustered-n100-g1000-c10-r10-4,5323.640087572851,5266.082710700235,0.0318366000137757,0.0302313000138383,0.0016052999999374,1.069019500006107,ok,1.0929827736215485,1.0929827736215485
LGBM_V4,TSP-clustered-n100-g1000-c10-r5-1,4135.1244680405125,3979.75785450868,0.0239906000206246,0.0214748000144027,0.0025158000062219,0.8031785999919521,ok,3.9039212738990465,3.9039212738990465
LGBM_V4,TSP-clustered-n100-g1000-c10-r5-2,4387.7877001502775,4383.436920490201,0.0320198999834246,0.0292677999823354,0.0027521000010892,1.0825814999989234,ok,0.09925498504925594,0.09925498504925594
LGBM_V4,TSP-clustered-n100-g1000-c10-r5-3,4491.544333561798,4373.934135839496,0.0191473999875597,0.0173671999946236,0.0017801999929361,2.8935513000033097,ok,2.6888881741180897,2.6888881741180897
LGBM_V4,TSP-clustered-n100-g1000-c10-r5-4,4255.046461840205,4260.676349697102,0.0243930999713484,0.0229919999837875,0.0014010999875608,1.2609677000000374,ok,-0.13213601303692302,0.13213601303692302
LGBM_V4,TSP-boundary-n800-g10000-3,186017.53990516107,183427.5753939512,0.4554706000199076,0.452797100006137,0.0026735000137705,5.994047500003944,ok,1.4119820891964283,1.4119820891964283
LGBM_V4,TSP-boundary-n800-g1000-3,18811.78671150227,18458.05144304728,0.4758056000282522,0.4739530000078957,0.0018526000203564,5.908687799994368,ok,1.9164280127100597,1.9164280127100597
LGBM_V4,TSP-clustered-n100-g1000-c10-r5-5,3750.146479741248,3814.38680308052,0.0347868999815546,0.0333122999873012,0.0014745999942533,3.3784310999908485,ok,-1.6841585988969743,1.6841585988969743
LGBM_V4,TSP-boundary-n800-g10000-4,189889.91032943403,188058.93850881053,0.4647227999812457,0.4607845999998972,0.0039381999813485,7.187218499995652,ok,0.9736159499473708,0.9736159499473708
LGBM_V4,TSP-clustered-n100-g1000-c5-r5-1,3227.06596055282,3299.6220696846644,0.04015580000123,0.0380236000055447,0.0021321999956853,4.521199299997534,ok,-2.198921803756105,2.198921803756105
LGBM_V4,TSP-clustered-n100-g1000-c5-r5-2,3336.106182593845,3533.34645928144,0.0441148999670986,0.0413763999822549,0.0027384999848436,3.124572100001388,ok,-5.582251244269623,5.582251244269623
LGBM_V4,TSP-clustered-n100-g1000-c5-r5-4,3230.4129663794893,3197.8331014047303,0.0356907999957911,0.0336476000084076,0.0020431999873835,1.6482375000050524,ok,1.0188106740294671,1.0188106740294671
LGBM_V4,TSP-clustered-n100-g1000-c5-r5-5,2718.979487771555,2925.338156714406,0.0319970999844372,0.0299058999808039,0.0020912000036332,3.247115699996357,ok,-7.054181700984031,7.054181700984031
LGBM_V4,TSP-clustered-n100-g1000-c5-r5-3,2324.257369815081,2415.027272388048,0.0431508000183384,0.041412799997488,0.0017380000208504,4.277486499995575,ok,-3.7585456533255313,3.7585456533255313
LGBM_V4,TSP-boundary-n800-g10000-2,185742.14315458472,184856.97781073424,0.4999802999955136,0.4974266999925021,0.0025536000030115,226.9496613999945,ok,0.4788379396512416,0.4788379396512416
LGBM_V4,TSP-clustered-n100-g10000-c10-r10-2,44714.44774601333,45065.75349402264,0.0500359999714419,0.0455734999850392,0.0044624999864026,0.1405896999931428,ok,-0.7795403843761495,0.7795403843761495
LGBM_V4,TSP-clustered-n100-g10000-c10-r10-1,50553.85124671039,50113.99593309984,0.0531317999702878,0.0487587999959941,0.0043729999742936,0.3752921999985119,ok,0.8777095209045723,0.8777095209045723
LGBM_V4,TSP-clustered-n100-g10000-c10-r10-3,45254.36043704649,45144.78159259869,0.0461667000199668,0.0431197000143583,0.0030470000056084,1.0051226999930805,ok,0.24272759903166116,0.24272759903166116
LGBM_V4,TSP-clustered-n100-g10000-c10-r10-4,48073.00837786274,46685.109488977374,0.0456113999825902,0.0424700999865308,0.0031412999960593,0.0622072000114712,ok,2.972894149928158,2.972894149928158
LGBM_V4,TSP-clustered-n100-g10000-c10-r5-2,35894.20259286229,37464.25471615695,0.0359582999954,0.0328488999803084,0.0031094000150915,0.5736953000014182,ok,-4.190800364747567,4.190800364747567
LGBM_V4,TSP-clustered-n100-g10000-c10-r5-3,40439.06077338288,39586.87880517143,0.0355713000171817,0.0326008000120054,0.0029705000051762,1.368008200006443,ok,2.152687945936587,2.152687945936587
LGBM_V4,TSP-clustered-n100-g10000-c10-r10-5,50793.51597337782,50635.82153644578,0.051659999997355,0.049211200006539,0.002448799990816,0.131095999997342,ok,0.3114286134738394,0.3114286134738394
LGBM_V4,TSP-clustered-n100-g10000-c10-r5-1,35607.00461383818,33110.21963106808,0.0491924999805633,0.0468886999879032,0.00230379999266,0.4398454000038327,ok,7.540828815364633,7.540828815364633
LGBM_V4,TSP-clustered-n100-g10000-c10-r5-4,41643.292598018255,41414.4883916013,0.0485119000077247,0.0474341000081039,0.0010777999996207,0.3429417000006651,ok,0.5524738208847639,0.5524738208847639
LGBM_V4,TSP-clustered-n100-g10000-c10-r5-5,46735.46412166933,43915.699770928935,0.0468841000110842,0.0458201000001281,0.001064000010956,0.5331836999976076,ok,6.420857154613765,6.420857154613765
LGBM_V4,TSP-clustered-n100-g10000-c5-r5-4,25225.38118038169,25623.808988539586,0.0389723000116646,0.037657200009562,0.0013151000021025,1.2420207999966806,ok,-1.5549124969519377,1.5549124969519377
LGBM_V4,TSP-clustered-n100-g10000-c5-r5-5,26892.746336730244,26477.73764214328,0.0244536999962292,0.0221178000210784,0.0023358999751508,2.1709877000103006,ok,1.5673872903945456,1.5673872903945456
LGBM_V4,TSP-clustered-n100-g10000-c5-r5-3,30465.323253232084,31845.703575025043,0.0430685999745037,0.0420526999805588,0.0010158999939449,1.3821425999922212,ok,-4.334588867038006,4.334588867038006
LGBM_V4,TSP-clustered-n100-g10000-c5-r5-1,30643.791349966275,30848.32951094686,0.0459053999802563,0.0432209999999031,0.0026843999803531,1.4352475000050615,ok,-0.6630445285797467,0.6630445285797467
LGBM_V4,TSP-clustered-n100-g10000-c5-r5-2,33312.80367962864,35318.08203123695,0.0474327999982051,0.0461916000058408,0.0012411999923642,1.541286499996204,ok,-5.677766844288844,5.677766844288844
LGBM_V4,TSP-boundary-n900-g10000-2,198693.20781258968,196590.6912102491,0.4638144999917131,0.4623817999963648,0.0014326999953482,80.47898859999259,ok,1.0694893992167713,1.0694893992167713
LGBM_V4,TSP-boundary-n900-g10000-4,195053.9410519368,192762.47099766263,0.4557774999993853,0.4535043000068981,0.0022731999924872,9.116299999994226,ok,1.1887532061684085,1.1887532061684085
LGBM_V4,TSP-boundary-n900-g1000-5,19948.83406551205,19829.464926567904,0.5064257999765687,0.5043024999904446,0.002123299986124,11.174093099994934,ok,0.6019786181129454,0.6019786181129454
LGBM_V4,TSP-boundary-n900-g1000-3,20214.30360490972,19807.233938275134,0.5099947999988217,0.5077145999821369,0.0022802000166848,343.4526244000008,ok,2.0551565549391158,2.0551565549391158
LGBM_V4,TSP-boundary-n900-g1000-2,20109.540954558845,19866.980294656343,0.5163631999748759,0.5149607999774162,0.0014023999974597,6.772020100004738,ok,1.2209236446856664,1.2209236446856664
LGBM_V4,TSP-boundary-n900-g1000-4,19574.95453066336,19396.255043360256,0.5267146000114735,0.521092300012242,0.0056222999992314,10.63208169999416,ok,0.921309226464704,0.921309226464704
LGBM_V4,TSP-clustered-n500-g1000-c10-r5-1,5547.37952854191,5484.204019159131,0.0360377999604679,0.0331362999859266,0.0029014999745413,19.49607520000427,ok,1.1519540331117213,1.1519540331117213
LGBM_V4,TSP-clustered-n500-g1000-c10-r5-2,6078.343396477809,6057.466587675057,0.0427134000055957,0.0409072000184096,0.0018061999871861,37.60363919999509,ok,0.34464587630131127,0.34464587630131127
LGBM_V4,TSP-clustered-n500-g1000-c10-r5-3,5925.861015575145,6197.12820752736,0.0549181999813299,0.0532483999850228,0.0016697999963071,40.63895039999625,ok,-4.377304823591029,4.377304823591029
LGBM_V4,TSP-clustered-n500-g1000-c10-r5-4,6095.1157569602665,6393.933110172247,0.0568062999809626,0.0538261999899987,0.0029800999909639,50.84293050000269,ok,-4.673451349320277,4.673451349320277
LGBM_V4,TSP-clustered-n500-g1000-c20-r10-1,10665.844341919046,10742.358526920474,0.0493404000299051,0.0480844000121578,0.0012560000177472,29.613700200003223,ok,-0.7122661639870097,0.7122661639870097
LGBM_V4,TSP-clustered-n500-g1000-c10-r5-5,6039.868631735143,6136.914924401296,0.0748573000309988,0.072634400014067,0.0022229000169318,32.13442910001322,ok,-1.5813530717247257,1.5813530717247257
LGBM_V4,TSP-clustered-n500-g1000-c20-r10-2,11660.178927605524,11929.61365707702,0.0622073999838903,0.058969799982151,0.0032376000017393,4.350630300003104,ok,-2.258536925138881,2.258536925138881
LGBM_V4,TSP-boundary-n900-g10000-1,199255.85021019683,197691.86372751973,0.5951883999805432,0.5898935000004712,0.0052948999800719,21.687275000003865,ok,0.7911233437673304,0.7911233437673304
LGBM_V4,TSP-clustered-n500-g1000-c20-r10-3,11792.551098258678,11782.698613012126,0.0746547000017017,0.0715395000006537,0.0031152000010479,2.046593500010204,ok,0.08361824035515958,0.08361824035515958
LGBM_V4,TSP-clustered-n500-g1000-c20-r10-4,11131.64432763592,11087.944819775512,0.0584936999948695,0.0565369999967515,0.0019566999981179,19.5994936000061,ok,0.3941172919842631,0.3941172919842631
LGBM_V4,TSP-boundary-n900-g1000-1,20188.86020067648,19902.946401545203,0.6436937000253238,0.6397859000135213,0.0039078000118024,10.823129700002028,ok,1.4365400647869944,1.4365400647869944
LGBM_V4,TSP-boundary-n900-g10000-3,196734.7169414485,195491.4161914128,0.6279478999786079,0.6189758999971673,0.0089719999814406,14.352525299997067,ok,0.6359873871998267,0.6359873871998267
LGBM_V4,TSP-clustered-n500-g1000-c20-r10-5,11031.271646332738,11205.599269814214,0.0804489000001922,0.0793290000001434,0.0011199000000488,10.501491299990448,ok,-1.555718880212704,1.555718880212704
LGBM_V4,TSP-clustered-n500-g10000-c10-r5-1,61897.69001798257,61701.34045406155,0.0813847999961581,0.0787899999995715,0.0025947999965865,8.997720400002436,ok,0.31822576701912,0.31822576701912
LGBM_V4,TSP-clustered-n500-g10000-c10-r5-3,67934.29572407223,68873.8195167299,0.0718862999929115,0.069784699997399,0.0021015999955125,97.15307070000564,ok,-1.3641232608414435,1.3641232608414435
LGBM_V4,TSP-clustered-n500-g10000-c10-r5-2,55999.52754014905,56760.64319948401,0.073458999977447,0.0715754999837372,0.0018834999937098,11.221550100002789,ok,-1.3409214843814135,1.3409214843814135
LGBM_V4,TSP-boundary-n900-g10000-5,193953.0088424576,192405.3358008333,0.6435666999896057,0.6372918999986723,0.0062747999909333,11.862939899991034,ok,0.8043815599928935,0.8043815599928935
LGBM_V4,TSP-correlated-n10-g1000-1,2664.209674484099,2694.2050008303167,0.0233052999537903,0.0207134999800473,0.002591799973743,0.0711597000045003,ok,-1.113327543263167,1.113327543263167
LGBM_V4,TSP-correlated-n10-g1000-2,2447.3410455856565,2486.655243982119,0.0222137999953702,0.0181523999781347,0.0040614000172354,0.0443792000005487,ok,-1.5810071979863534,1.5810071979863534
LGBM_V4,TSP-correlated-n10-g1000-4,2395.738621256812,2385.9072487633025,0.0223496000107843,0.0177714000164996,0.0045781999942846,0.1271186000085435,ok,0.4120601292697191,0.4120601292697191
LGBM_V4,TSP-clustered-n500-g10000-c20-r10-1,110431.72129397265,112650.80381095684,0.0818013999960385,0.078727499989327,0.0030739000067114,8.870767899992643,ok,-1.9698772151755946,1.9698772151755946
LGBM_V4,TSP-correlated-n10-g1000-3,2595.969368292416,2639.8920353657327,0.02847090002615,0.0243757000134792,0.0040952000126708,0.192071900004521,ok,-1.6638054316199102,1.6638054316199102
LGBM_V4,TSP-correlated-n10-g1000-5,2314.1756960471043,2250.095713414658,0.0135403999884147,0.0123052999842911,0.0012351000041235,0.1294519000075524,ok,2.847878081381754,2.847878081381754
LGBM_V4,TSP-correlated-n10-g10000-1,25544.815716870507,25533.41969091679,0.0182459999923594,0.0141601999930571,0.0040857999993022,0.1196472000010544,ok,0.04463180448081602,0.04463180448081602
LGBM_V4,TSP-clustered-n500-g10000-c10-r5-5,60889.46721439151,61975.85302635187,0.1100353999936487,0.1058199999970384,0.0042153999966103,18.1173351000034,ok,-1.7529178848065785,1.7529178848065785
LGBM_V4,TSP-correlated-n10-g10000-2,23896.998033574724,23420.556367728477,0.0174729000136721,0.0162151000113226,0.0012578000023495,0.041838999997708,ok,2.034288418966608,2.034288418966608
LGBM_V4,TSP-clustered-n500-g10000-c20-r10-4,113759.22146190448,115407.97451946928,0.0801145000150427,0.077095000015106,0.0030194999999366,4.342118600005051,ok,-1.4286300963428258,1.4286300963428258
LGBM_V4,TSP-correlated-n10-g10000-3,24894.524131245715,24736.593553451865,0.0257420999987516,0.0241535000095609,0.0015885999891906,0.0555502999923191,ok,0.6384491763289347,0.6384491763289347
LGBM_V4,TSP-correlated-n10-g10000-4,23817.957630212688,23263.381423056228,0.025325900001917,0.0213388999982271,0.0039870000036899,0.0525835000007646,ok,2.3839019662327448,2.3839019662327448
LGBM_V4,TSP-clustered-n500-g10000-c20-r10-5,112850.34858509044,114333.65294986968,0.092715999984648,0.0875453999906312,0.0051705999940168,6.9921853999985615,ok,-1.2973471296588424,1.2973471296588424
LGBM_V4,TSP-correlated-n10-g10000-5,22588.50493547722,23776.04278273501,0.0208313999755773,0.0167399999918416,0.0040913999837357,0.0408502999925985,ok,-4.994682496618495,4.994682496618495
LGBM_V4,TSP-correlated-n100-g1000-2,4905.855652264421,4929.17138850711,0.0368411999952513,0.0332631999917794,0.0035780000034719,0.1714053000032436,ok,-0.47301532864229995,0.47301532864229995
LGBM_V4,TSP-correlated-n100-g1000-3,4929.004501685277,4989.182182893336,0.0390361000027041,0.0366156999953091,0.002420400007395,0.3519467000005534,ok,-1.206163234816182,1.206163234816182
LGBM_V4,TSP-correlated-n100-g1000-1,4766.145330966542,4642.698871176355,0.0463761999853886,0.0448769000067841,0.0014992999786045,0.1892345000087516,ok,2.658937467527555,2.658937467527555
LGBM_V4,TSP-clustered-n500-g10000-c10-r5-4,57933.65196576483,56917.17348121857,0.1769910000148229,0.1735631999908946,0.0034278000239282,29.798959199993988,ok,1.785890658961973,1.785890658961973
LGBM_V4,TSP-correlated-n100-g1000-4,4566.400303980211,4545.180291168509,0.0451667000015731,0.0429244000115431,0.00224229999003,0.3382789000024786,ok,0.4668684508056459,0.4668684508056459
LGBM_V4,TSP-correlated-n100-g1000-5,5294.090231912204,5084.860101325266,0.0389206999680027,0.0346494999830611,0.0042711999849416,0.2262345000053756,ok,4.114766707788207,4.114766707788207
LGBM_V4,TSP-correlated-n100-g10000-1,49885.708929421045,49401.27085811973,0.0357089999888557,0.0337090000102762,0.0019999999785795,0.3402922999957809,ok,0.9806186417604933,0.9806186417604933
LGBM_V4,TSP-correlated-n100-g10000-2,49755.951365122506,46967.977059041776,0.038919500017073,0.0370955000107642,0.0018240000063087,0.1191878999961773,ok,5.935904590006222,5.935904590006222
LGBM_V4,TSP-correlated-n100-g10000-3,50951.64736623831,49999.75963938495,0.0269550000084564,0.0246803000045474,0.0022747000039089,0.507085500008543,ok,1.9037846056034828,1.9037846056034828
LGBM_V4,TSP-clustered-n500-g10000-c20-r10-3,116312.54818114633,118907.29197849984,0.1572691000183113,0.1549688999948557,0.0023002000234555,10.678595999997924,ok,-2.182157001626679,2.182157001626679
LGBM_V4,TSP-clustered-n500-g10000-c20-r10-2,103734.45428340524,106737.46853130484,0.1772144999995362,0.1756988000124693,0.0015156999870669,16.4446706000017,ok,-2.813458375227299,2.813458375227299
LGBM_V4,TSP-correlated-n100-g10000-4,48958.33703738287,47861.34923096648,0.0458972000342328,0.0414379000139888,0.0044593000202439,0.2945146999991266,ok,2.2920118718814506,2.2920118718814506
LGBM_V4,TSP-correlated-n100-g10000-5,50580.504313433245,49730.567390624616,0.0478766000014729,0.0408814999973401,0.0069951000041328,0.3912067999917781,ok,1.7090835021698587,1.7090835021698587
LGBM_V4,TSP-clustered-n1000-g1000-c20-r10-1,15047.36292673518,15222.730166500967,0.6589506000163965,0.6575220999948215,0.001428500021575,123.27919690001,ok,-1.1520091195710638,1.1520091195710638
LGBM_V4,TSP-correlated-n20-g1000-1,2541.492710709232,2623.32048767815,0.0081160000117961,0.0054278000025078,0.0026882000092882,0.0580161999969277,ok,-3.1192443833403733,3.1192443833403733
LGBM_V4,TSP-clustered-n1000-g10000-c20-r10-2,158148.23933763776,159545.56241913745,0.6449439999996684,0.6427587000071071,0.0021852999925613,107.06078739999792,ok,-0.8758144446718154,0.8758144446718154
LGBM_V4,TSP-correlated-n20-g1000-2,2866.573994516589,3008.38105891133,0.0073553999827709,0.0054068999888841,0.0019484999938867,0.0890646999905584,ok,-4.713733453901541,4.713733453901541
LGBM_V4,TSP-correlated-n20-g1000-3,3045.7384770879003,2994.9656505795965,0.0103826999838929,0.0082997999852523,0.0020828999986406,0.0776301999867428,ok,1.6952724148431555,1.6952724148431555
LGBM_V4,TSP-correlated-n20-g1000-4,2820.835057219673,2973.860056309448,0.0088387000141665,0.0051718000031542,0.0036669000110123,0.065344400005415,ok,-5.145669136821395,5.145669136821395
LGBM_V4,TSP-correlated-n20-g1000-5,2903.280271847913,2760.4674463278498,0.0080649000010453,0.0053479000052902,0.002716999995755,0.0675601999973878,ok,5.173501528157555,5.173501528157555
LGBM_V4,TSP-correlated-n20-g10000-1,27048.67771625576,27074.755690378475,0.0068924999795854,0.0054896999790798,0.0014028000005055,0.0544794000015826,ok,-0.09631840974278269,0.09631840974278269
LGBM_V4,TSP-correlated-n20-g10000-2,28666.94469506372,27480.91087122825,0.0068976999900769,0.0051838000072166,0.0017138999828603,0.0442202000122051,ok,4.315846113664358,4.315846113664358
LGBM_V4,TSP-correlated-n20-g10000-3,25440.360397660334,27247.4313655905,0.0106180000002495,0.0082812999899033,0.0023367000103462,0.0431548000051407,ok,-6.6320782450423215,6.6320782450423215
LGBM_V4,TSP-correlated-n20-g10000-4,24082.828670275387,25115.013464561074,0.0072105000144802,0.0052774000214412,0.0019330999930389,0.0443505000002915,ok,-4.109831737666267,4.109831737666267
LGBM_V4,TSP-correlated-n20-g10000-5,28826.73652421474,28605.836589987448,0.0085759000212419,0.0067454000236466,0.0018304999975953,0.041203000000678,ok,0.7722198004326496,0.7722198004326496
LGBM_V4,TSP-clustered-n1000-g10000-c20-r10-1,145641.92466831108,146493.04420687514,0.7028040000295732,0.7005741000175476,0.0022299000120256,9.43321869999636,ok,-0.5809965539129099,0.5809965539129099
LGBM_V4,TSP-clustered-n1000-g1000-c20-r10-4,15368.4945963196,15600.870050962914,0.722348699986469,0.7208659999887459,0.0014826999977231,22.27339249999204,ok,-1.4895031744012965,1.4895031744012965
LGBM_V4,TSP-clustered-n1000-g1000-c20-r10-2,15028.47421352924,15246.80338136293,0.7365375000226777,0.7353426000045147,0.001194900018163,15.93639620000613,ok,-1.431966835097819,1.431966835097819
LGBM_V4,TSP-correlated-n200-g1000-1,6820.56988205713,6778.984721771929,0.0311079999664798,0.0297496999846771,0.0013582999818027,0.9605453999974998,ok,0.6134423072476115,0.6134423072476115
LGBM_V4,TSP-clustered-n1000-g1000-c20-r10-3,15618.819401986124,15929.69475219232,0.7507580000092275,0.7491069999814499,0.0016510000277776,51.62400969999726,ok,-1.9515461849224154,1.9515461849224154
LGBM_V4,TSP-clustered-n1000-g1000-c20-r10-5,14262.836683608515,14493.439125789577,0.7437527000147384,0.7426848000031896,0.0010679000115487,37.28057650000847,ok,-1.5910815933999296,1.5910815933999296
LGBM_V4,TSP-correlated-n200-g1000-2,6391.345359582241,6401.321647528732,0.0360622000298462,0.0342643000185489,0.0017979000112973,1.1352532000018982,ok,-0.15584731553587897,0.15584731553587897
LGBM_V4,TSP-correlated-n200-g10000-1,65372.80692216334,66282.15387330129,0.0298442000057548,0.0282173999876249,0.0016268000181298,1.1826494000124512,ok,-1.371933315378022,1.371933315378022
LGBM_V4,TSP-correlated-n200-g1000-4,6876.125153482929,6828.662968401466,0.0477925000013783,0.0445067000109702,0.0032857999904081,1.1035255000024335,ok,0.6950436022554699,0.6950436022554699
LGBM_V4,TSP-clustered-n1000-g10000-c20-r10-5,158961.23146373944,161599.88694573942,0.7455023000366054,0.743825800018385,0.0016765000182203,224.6262854000088,ok,-1.6328325049422574,1.6328325049422574
LGBM_V4,TSP-correlated-n200-g1000-3,7279.840949982626,7275.84802805119,0.052128499984974,0.0507826999819371,0.0013458000030368,1.07515040000726,ok,0.05487912771186434,0.05487912771186434
LGBM_V4,TSP-correlated-n200-g1000-5,6311.394838860253,6193.438133401567,0.0529333000013139,0.0495357000036165,0.0033975999976973,0.9919045999995432,ok,1.9045432103783955,1.9045432103783955
LGBM_V4,TSP-clustered-n1000-g10000-c20-r10-4,150433.43918602043,152735.96266435896,0.7574984999664593,0.7555944999912754,0.0019039999751839,18.410464400003548,ok,-1.5075188830271598,1.5075188830271598
LGBM_V4,TSP-clustered-n1000-g10000-c20-r10-3,154907.2076605388,159245.8785048182,0.7749338999856263,0.7717381999827921,0.0031957000028342,115.67414400000416,ok,-2.7245106027331834,2.7245106027331834
LGBM_V4,TSP-correlated-n30-g1000-1,2914.518687854995,3127.632712323929,0.0204825999971944,0.016853400011314,0.0036291999858804,0.0449453000037465,ok,-6.813908283705848,6.813908283705848
LGBM_V4,TSP-correlated-n30-g1000-3,3138.322615466858,3278.252804228264,0.0203056999889668,0.016573500004597,0.0037321999843697,0.0734733999997843,ok,-4.2684380100559896,4.2684380100559896
LGBM_V4,TSP-correlated-n30-g1000-2,2878.0744171768274,3150.688881187232,0.0223521000007167,0.0173559999966528,0.0049961000040639,0.0503138999920338,ok,-8.65253518486658,8.65253518486658
LGBM_V4,TSP-correlated-n30-g1000-5,2924.05282878202,2946.4180669288767,0.0185872000292874,0.0143923000141512,0.0041949000151362,0.057796099994448,ok,-0.7590653342065851,0.7590653342065851
LGBM_V4,TSP-correlated-n200-g10000-4,62872.98864353678,62680.58306707224,0.0525892000005114,0.0463052999984938,0.0062839000020176,1.3322217999957502,ok,0.3069620080889354,0.3069620080889354
LGBM_V4,TSP-correlated-n200-g10000-2,61429.49373520274,61836.67340789961,0.0611143000132869,0.0557322000095155,0.0053821000037714,1.1510228000115603,ok,-0.6584760308998944,0.6584760308998944
LGBM_V4,TSP-correlated-n200-g10000-3,68736.83415047207,69041.25484976359,0.0610618999926373,0.0568262999877333,0.0042356000049039,2.722870000012336,ok,-0.4409257913314936,0.4409257913314936
LGBM_V4,TSP-correlated-n30-g1000-4,3164.803705969203,3173.1365840691565,0.0297837000107392,0.0285085000214166,0.0012751999893225,0.1130578000011155,ok,-0.2626069782747184,0.2626069782747184
LGBM_V4,TSP-correlated-n30-g10000-1,33537.03535345886,32710.489773358164,0.0284423999837599,0.0258349000068847,0.0026074999768752,0.055189100006828,ok,2.526851740305929,2.526851740305929
LGBM_V4,TSP-correlated-n30-g10000-2,33839.33341148825,33944.81026511208,0.0267711000051349,0.0251649999991059,0.001606100006029,0.0869928000029176,ok,-0.3107304262420154,0.3107304262420154
LGBM_V4,TSP-correlated-n30-g10000-5,33483.34973805254,34040.95496497548,0.0181500999897252,0.0165351000032387,0.0016149999864865,0.092902900010813,ok,-1.6380422567365012,1.6380422567365012
LGBM_V4,TSP-correlated-n30-g10000-4,29357.165777220765,30656.65193410584,0.0275686000240966,0.0268868000130169,0.0006818000110797,0.1596713000035379,ok,-4.238839125936593,4.238839125936593
LGBM_V4,TSP-correlated-n200-g10000-5,66965.67294812526,65584.71241816547,0.0605143999855499,0.0578753000008873,0.0026390999846626,1.777247999998508,ok,2.10561345631104,2.10561345631104
LGBM_V4,TSP-correlated-n30-g10000-3,32717.18504535148,31819.07540581534,0.0357913999760057,0.0340346999873872,0.0017566999886184,0.0533492000104161,ok,2.8225510266461136,2.8225510266461136
LGBM_V4,TSP-correlated-n300-g1000-1,7786.111519690937,7770.253467434863,0.0620685000030789,0.0604871000105049,0.001581399992574,6.073619000002509,ok,0.20408667905796504,0.20408667905796504
LGBM_V4,TSP-correlated-n300-g10000-4,75714.97821683562,76186.53953712685,0.0471873999922536,0.0447124000056646,0.0024749999865889,6.393391400008113,ok,-0.6189562134679139,0.6189562134679139
LGBM_V4,TSP-correlated-n40-g1000-1,3577.0623557367653,3607.128397368793,0.0116619999753311,0.0099578999797813,0.0017040999955497,0.0563017999957082,ok,-0.8335173667219341,0.8335173667219341
LGBM_V4,TSP-correlated-n300-g1000-3,7982.684242958476,8052.521011827876,0.078765000012936,0.0776414000138174,0.0011235999991185,2.180775500004529,ok,-0.8672659005399752,0.8672659005399752
LGBM_V4,TSP-correlated-n300-g1000-2,8077.505807375129,8178.980047753749,0.082770300010452,0.0812671000021509,0.001503200008301,2.150467400002526,ok,-1.2406710835110664,1.2406710835110664
LGBM_V4,TSP-correlated-n300-g1000-4,8162.112387945566,8046.5966710273315,0.0841203999880235,0.0826791999861598,0.0014412000018637,1.6500839999935124,ok,1.4355847775266535,1.4355847775266535
LGBM_V4,TSP-correlated-n40-g1000-2,3186.1452042739534,3290.51835219407,0.0178680999961216,0.0161440999945625,0.001724000001559,0.0454904999933205,ok,-3.17193635618297,3.17193635618297
LGBM_V4,TSP-correlated-n40-g1000-3,3207.874185643509,3286.555467094041,0.0212371000088751,0.0171372999902814,0.0040998000185936,0.0861785000015515,ok,-2.3940347953446115,2.3940347953446115
LGBM_V4,TSP-correlated-n40-g1000-4,2845.4194063977093,3108.9195245642472,0.0208309000008739,0.0197228000033646,0.0011080999975092,0.0681476000027032,ok,-8.475617206703692,8.475617206703692
LGBM_V4,TSP-correlated-n300-g1000-5,8085.132919972218,7989.222558212285,0.0851986999914515,0.084137500001816,0.0010611999896354,2.6704618000076152,ok,1.2004968075566356,1.2004968075566356
LGBM_V4,TSP-correlated-n40-g1000-5,3250.573226588052,3318.0797574927847,0.0201474000059533,0.015654299990274,0.0044931000156793,0.0713755000033415,ok,-2.034505974495988,2.034505974495988
LGBM_V4,TSP-correlated-n300-g10000-1,77162.68126590009,76974.68306385126,0.0978528000414371,0.0958393000182695,0.0020135000231675,1.5343295999919064,ok,0.2442338111257669,0.2442338111257669
LGBM_V4,TSP-correlated-n40-g10000-1,35876.14657281907,35124.15928185522,0.0213677000429015,0.0202414000232238,0.0011263000196777,0.0948840999917592,ok,2.14094032807872,2.14094032807872
LGBM_V4,TSP-correlated-n300-g10000-5,77972.66757424924,78154.23739609189,0.0873131999978795,0.0796741000085603,0.0076390999893192,2.678095199997188,ok,-0.23232242792216726,0.23232242792216726
LGBM_V4,TSP-correlated-n300-g10000-2,83442.42672380428,82438.13707864644,0.0989702999941073,0.0948533999908249,0.0041169000032823,2.7626813999959268,ok,1.218234279359981,1.218234279359981
LGBM_V4,TSP-correlated-n300-g10000-3,81494.72637671742,80618.63977242715,0.1004699000041,0.095887200004654,0.004582699999446,2.156392899996717,ok,1.0867047704641364,1.0867047704641364
LGBM_V4,TSP-correlated-n40-g10000-3,35520.46902204132,35003.11295549429,0.0287014000350609,0.0259360000200103,0.0027654000150505,0.0999504000064916,ok,1.4780287319154608,1.4780287319154608
LGBM_V4,TSP-correlated-n40-g10000-5,33277.245190145644,33983.95028418018,0.0252552000165451,0.0228442999941762,0.0024109000223688,0.0546857000008458,ok,-2.0795260354518392,2.0795260354518392
LGBM_V4,TSP-correlated-n40-g10000-2,33242.94596969374,33766.00440510998,0.0372700000007171,0.0338709000207018,0.0033990999800153,0.1057967000087956,ok,-1.5490681963456856,1.5490681963456856
LGBM_V4,TSP-correlated-n40-g10000-4,35611.65365676452,34840.55156712774,0.0405238000093959,0.0337949999957345,0.0067288000136613,0.1132511000032536,ok,2.213231579158821,2.213231579158821
LGBM_V4,TSP-correlated-n400-g10000-4,91417.2302365922,92370.53243914669,0.0477030000183731,0.0417688000015914,0.0059342000167816,1.918890499990084,ok,-1.0320414718649844,1.0320414718649844
LGBM_V4,TSP-correlated-n400-g10000-2,89175.3286831223,89827.21571160744,0.0512102000066079,0.0493454000097699,0.0018647999968379,7.414559700002428,ok,-0.7257121611984987,0.7257121611984987
LGBM_V4,TSP-correlated-n5-g1000-1,1930.4405897955496,1996.672187260005,0.0084725999913644,0.0059204999997746,0.0025520999915897,0.0454534000018611,ok,-3.317099215737754,3.317099215737754
LGBM_V4,TSP-correlated-n5-g1000-2,2184.475532483962,2250.426400291646,0.0101071000099182,0.0089154000161215,0.0011916999937966,0.0373725999961607,ok,-2.9305942997796817,2.9305942997796817
LGBM_V4,TSP-correlated-n400-g1000-1,9074.449500818268,9035.814477755855,0.097395700024208,0.0940520000003743,0.0033437000238336,1.6924141999916174,ok,0.4275765417442204,0.4275765417442204
LGBM_V4,TSP-correlated-n5-g1000-3,2382.566479234703,2472.244982216861,0.0109830000146757,0.0095574000151827,0.0014255999994929,0.0800466999935451,ok,-3.627411669443188,3.627411669443188
LGBM_V4,TSP-correlated-n5-g1000-4,2684.206507218974,2623.757367247294,0.0151849999965634,0.0094448000018019,0.0057401999947614,0.0374219000077573,ok,2.3039150161624846,2.3039150161624846
LGBM_V4,TSP-correlated-n400-g1000-3,9640.673344737925,9580.370851076636,0.0959952999837696,0.0944095999875571,0.0015856999962124,7.199269799995818,ok,0.6294379893917409,0.6294379893917409
LGBM_V4,TSP-correlated-n5-g1000-5,2610.5666365223624,2556.2204326585675,0.009370999992825,0.0062906999955885,0.0030802999972365,0.1536024000088218,ok,2.1260374562953004,2.1260374562953004
LGBM_V4,TSP-correlated-n400-g10000-1,93169.28038957072,92916.54528954416,0.1012636999657843,0.0983572999830357,0.0029063999827485,2.96612979999918,ok,0.2720022566906636,0.2720022566906636
LGBM_V4,TSP-correlated-n5-g10000-1,19629.091704354218,19764.013850267165,0.0140137999842409,0.010232000000542,0.0037817999836988,0.0522023999947123,ok,-0.6826657122137352,0.6826657122137352
LGBM_V4,TSP-correlated-n400-g1000-4,9018.501555951114,9051.50954991546,0.1107505999971181,0.1078371999901719,0.0029134000069461,13.66952909999236,ok,-0.3646683879889833,0.3646683879889833
LGBM_V4,TSP-correlated-n400-g1000-5,8880.07965368477,8969.230975334893,0.1095861999783665,0.1066860999853815,0.0029000999929849,2.7345081999956165,ok,-0.9939684003599185,0.9939684003599185
LGBM_V4,TSP-correlated-n400-g10000-3,92657.29951649254,91910.91297213933,0.1026720999798271,0.0997787999804131,0.002893299999414,1.7399778999970297,ok,0.8120760856542271,0.8120760856542271
LGBM_V4,TSP-correlated-n400-g1000-2,9626.268944530408,9433.300993558054,0.1268990999960806,0.1231713999877683,0.0037277000083122,1.7374679999920772,ok,2.0456036662471644,2.0456036662471644
LGBM_V4,TSP-correlated-n5-g10000-2,17494.391547202533,16624.56340196386,0.0199869999778457,0.0151218999817501,0.0048650999960955,0.051026200002525,ok,5.232186399168353,5.232186399168353
LGBM_V4,TSP-correlated-n5-g10000-3,23454.67294222058,23603.11321315768,0.024566500011133,0.0209191000030841,0.0036474000080488,0.0579551999981049,ok,-0.6289012368688451,0.6289012368688451
LGBM_V4,TSP-correlated-n5-g10000-5,22921.522247066856,23784.102708180213,0.0168568000080995,0.0153191999997943,0.0015376000083051,0.0615172000107122,ok,-3.6267101252328704,3.6267101252328704
LGBM_V4,TSP-correlated-n5-g10000-4,20826.02330854104,21394.024241541774,0.0239382000290788,0.018341600021813,0.0055966000072658,0.0453827000019373,ok,-2.654951338691205,2.654951338691205
LGBM_V4,TSP-correlated-n50-g1000-1,3750.315103375444,3757.746223832868,0.032492899976205,0.0276522999920416,0.0048405999841634,0.1722727000014856,ok,-0.19775471824822988,0.19775471824822988
LGBM_V4,TSP-correlated-n400-g10000-5,89892.5134999648,89785.79548817713,0.1163075999938882,0.1153010999842081,0.0010065000096801,5.465811999994912,ok,0.11885845774092745,0.11885845774092745
LGBM_V4,TSP-correlated-n50-g1000-3,3790.80230135772,3679.346578227551,0.0363670000224374,0.033612200000789,0.0027548000216484,0.1112222999945515,ok,3.0292259987060044,3.0292259987060044
LGBM_V4,TSP-correlated-n50-g1000-4,3604.654816967547,3681.043769844042,0.0325600999931339,0.0299358000047504,0.0026242999883834,0.1398252000071806,ok,-2.0751981680383897,2.0751981680383897
LGBM_V4,TSP-correlated-n50-g1000-5,3615.334192141638,3520.21399772109,0.0328977000026498,0.0306343999982345,0.0022633000044152,0.1348285999993095,ok,2.702113976085741,2.702113976085741
LGBM_V4,TSP-correlated-n50-g1000-2,3431.393994559743,3713.3166985184407,0.0445935000025201,0.0429540000041015,0.0016394999984186,0.0619090999971376,ok,-7.592207367370004,7.592207367370004
LGBM_V4,TSP-correlated-n50-g10000-1,35224.51005520651,36475.9966245086,0.0359725000162143,0.0345495000074151,0.0014230000087991,0.0801904999971157,ok,-3.4309866353622924,3.4309866353622924
LGBM_V4,TSP-correlated-n50-g10000-2,34931.3709812669,36115.62319983238,0.0322928999958094,0.0314204999885987,0.0008724000072106,0.05410129998927,ok,-3.2790579633995574,3.2790579633995574
LGBM_V4,TSP-correlated-n50-g10000-4,37365.95502300507,37633.11917799239,0.0343394000083208,0.0316266999871004,0.0027127000212203,0.2106606000015745,ok,-0.709917649195426,0.709917649195426
LGBM_V4,TSP-correlated-n50-g10000-3,34307.14099894198,34342.20075694564,0.0313064000220038,0.030385300022317,0.0009210999996867,0.0476802000048337,ok,-0.1020894329160664,0.1020894329160664
LGBM_V4,TSP-correlated-n50-g10000-5,37826.90593932286,37510.99060385942,0.0270435000129509,0.0255758000130299,0.001467699999921,0.1127984000049764,ok,0.8421940620009544,0.8421940620009544
LGBM_V4,TSP-correlated-n500-g10000-1,100699.45902643082,100750.91232208084,0.0644056999881286,0.0623960999946575,0.002009599993471,8.223050400003558,ok,-0.051069806182531416,0.051069806182531416
LGBM_V4,TSP-correlated-n500-g10000-5,99883.56979757476,100582.79274905832,0.062409900012426,0.0604759000125341,0.0019339999998919,6.062073399996734,ok,-0.6951715421424405,0.6951715421424405
LGBM_V4,TSP-correlated-n60-g1000-1,3631.2616815037777,3822.5402446355984,0.0163448999810498,0.0146466000005602,0.0016982999804895,0.2623009999952046,ok,-5.003964664603686,5.003964664603686
LGBM_V4,TSP-correlated-n500-g1000-2,10386.34214506635,10324.341899679806,0.1014896999986376,0.1001457999809645,0.0013439000176731,2.817902100010542,ok,0.6005249147015023,0.6005249147015023
LGBM_V4,TSP-correlated-n500-g1000-3,10172.716850491071,10210.306060436478,0.1076857000007294,0.1065117999969516,0.0011739000037778,4.867875299998559,ok,-0.3681496883923955,0.3681496883923955
LGBM_V4,TSP-correlated-n60-g1000-2,4038.301708144909,3948.1508459809056,0.0206766000192146,0.0186433000199031,0.0020332999993115,0.0634674999892013,ok,2.283369245016917,2.283369245016917
LGBM_V4,TSP-correlated-n500-g1000-5,10415.485896675134,10355.64817156891,0.1084453999937977,0.1048264999990351,0.0036188999947626,2.551823100002366,ok,0.5778269415381188,0.5778269415381188
LGBM_V4,TSP-correlated-n60-g1000-3,4015.3292302264977,4126.448169702943,0.0194059000059496,0.0166044000070542,0.0028014999988954,0.0615923000004841,ok,-2.6928470904420654,2.6928470904420654
LGBM_V4,TSP-correlated-n500-g1000-4,10178.575646314152,10245.637855761592,0.1059931000054348,0.1034802000212948,0.0025128999841399,5.149718999993638,ok,-0.6545440156244448,0.6545440156244448
LGBM_V4,TSP-correlated-n500-g1000-1,10400.20267940887,10239.177447596794,0.123384900012752,0.1220644999993965,0.0013204000133555,4.51599780000106,ok,1.572638355338497,1.572638355338497
LGBM_V4,TSP-correlated-n500-g10000-3,104091.278624085,103139.60464318616,0.1049806999799329,0.102713300002506,0.0022673999774269,3.398781500000041,ok,0.9227047012553258,0.9227047012553258
LGBM_V4,TSP-correlated-n500-g10000-2,105792.8547889068,105723.46863132692,0.1231277999759186,0.1217283000005409,0.0013994999753776,2.210144000011496,ok,0.06562985350191233,0.06562985350191233
LGBM_V4,TSP-correlated-n60-g1000-4,3630.72470363653,3692.388568618479,0.0342759999621193,0.0326168999890796,0.0016590999730397,0.0443559999985154,ok,-1.6700264296674647,1.6700264296674647
LGBM_V4,TSP-correlated-n500-g10000-4,102565.2964041666,103378.87031419355,0.1259990999824367,0.1246075000090058,0.0013915999734308,9.414072300001862,ok,-0.7869827824141504,0.7869827824141504
LGBM_V4,TSP-correlated-n60-g10000-3,38294.8999913039,38545.7349910247,0.0273823000025004,0.0239752999914344,0.0034070000110659,0.2666594000038458,ok,-0.6507464438781755,0.6507464438781755
LGBM_V4,TSP-correlated-n60-g1000-5,3975.810397946624,3922.6989425440074,0.0384764999907929,0.0356741999858059,0.002802300004987,0.1640654999937396,ok,1.3539518627491727,1.3539518627491727
LGBM_V4,TSP-correlated-n60-g10000-4,41230.10541134026,41938.5432940149,0.0313981999934185,0.0279824000026565,0.003415799990762,0.0577714999963063,ok,-1.689228635596749,1.689228635596749
LGBM_V4,TSP-correlated-n60-g10000-5,36604.33463057571,37003.07952379566,0.031094399979338,0.0290198999864514,0.0020744999928865,0.3758683000050951,ok,-1.0775992116103015,1.0775992116103015
LGBM_V4,TSP-correlated-n60-g10000-2,42740.57776295447,40743.55621460778,0.037816100026248,0.0364806000143289,0.001335500011919,0.1098257999983616,ok,4.901441439789434,4.901441439789434
LGBM_V4,TSP-correlated-n60-g10000-1,40768.14571355038,38289.70283812495,0.0412372999999206,0.037686499999836,0.0035508000000845,0.086310600003344,ok,6.472870489236742,6.472870489236742
LGBM_V4,TSP-correlated-n1000-g1000-5,14071.08579442295,14179.317999482688,0.830838699999731,0.8289834999886807,0.0018552000110503,253.1322965,ok,-0.7633103726405345,0.7633103726405345
LGBM_V4,TSP-correlated-n1000-g1000-3,14437.681074436428,14419.575993545854,0.8485621999716386,0.8459416999830864,0.0026204999885521,16.153673600012553,ok,0.12555903792648632,0.12555903792648632
LGBM_V4,TSP-correlated-n70-g1000-1,4170.764331650072,4247.472280419439,0.0108992999885231,0.0089931999973487,0.0019060999911744,0.0831860000034794,ok,-1.8059670247404727,1.8059670247404727
LGBM_V4,TSP-correlated-n1000-g10000-1,143802.76448584715,143938.79203344806,0.8400411999900825,0.8388557999860495,0.0011854000040329,18.70663129998138,ok,-0.09450374404233035,0.09450374404233035
LGBM_V4,TSP-correlated-n1000-g10000-4,143003.3111412377,142075.533179515,0.8264453999872785,0.8237072000047192,0.0027381999825593,243.7368116000144,ok,0.6530174062767213,0.6530174062767213
LGBM_V4,TSP-correlated-n1000-g1000-4,14540.008931705846,14441.00670263353,0.8533844999910798,0.8519733999855816,0.0014111000054981,17.90100720000919,ok,0.6855632097605964,0.6855632097605964
LGBM_V4,TSP-correlated-n70-g1000-2,4414.495244307428,4258.040023914047,0.0200264999875798,0.0157544999965466,0.0042719999910332,0.074102300000959,ok,3.6743482803049163,3.6743482803049163
LGBM_V4,TSP-correlated-n70-g1000-3,4453.602294456926,4339.421255946001,0.0245985999936237,0.0214159000024665,0.0031826999911572,0.0733414999995147,ok,2.6312503851630114,2.6312503851630114
LGBM_V4,TSP-correlated-n70-g1000-4,4007.872238617182,4148.029397256915,0.0248743999982252,0.0233794999949168,0.0014949000033084,0.2482362000009743,ok,-3.37888537464124,3.37888537464124
LGBM_V4,TSP-correlated-n70-g1000-5,4039.4898420955446,4153.571571085789,0.0231090000306721,0.0210121000127401,0.002096900017932,0.0992732000013347,ok,-2.7465935529894465,2.7465935529894465
LGBM_V4,TSP-correlated-n1000-g1000-1,14164.387692940189,14111.780652116562,0.8936347999842837,0.8901481999782845,0.0034866000059992,9.94050110000535,ok,0.3727881131410313,0.3727881131410313
LGBM_V4,TSP-correlated-n70-g10000-1,43294.46311064988,43109.46248783077,0.0233809000346809,0.0195560000138357,0.0038249000208452,0.0986174999998183,ok,0.42914156693864663,0.42914156693864663
LGBM_V4,TSP-correlated-n1000-g10000-5,141703.84370913336,141670.87921281077,0.8516424999688752,0.8462006999761797,0.0054417999926954,4.8632092000043485,ok,0.023268364328472742,0.023268364328472742
LGBM_V4,TSP-correlated-n70-g10000-2,42875.90126674779,41742.07417599938,0.0248496000131126,0.0222440999932587,0.0026055000198539,0.0564482000045245,ok,2.7162691675736736,2.7162691675736736
LGBM_V4,TSP-correlated-n70-g10000-4,41298.11707774635,38372.60524490394,0.0242129999678581,0.0222653999808244,0.0019475999870337,0.1799811000091722,ok,7.6239593693757035,7.6239593693757035
LGBM_V4,TSP-correlated-n70-g10000-3,41505.46455286142,41047.22107482026,0.0261315999669022,0.0227087999810464,0.0034227999858558,1.2289904999925056,ok,1.116381245896957,1.116381245896957
LGBM_V4,TSP-correlated-n70-g10000-5,39275.89336523748,38288.09220426782,0.0275274000014178,0.0259679000009782,0.0015595000004395,0.1356304000073578,ok,2.5799174210606295,2.5799174210606295
LGBM_V4,TSP-correlated-n1000-g10000-2,145635.86546144157,145513.5718908935,0.91609059998882,0.9127617999911308,0.0033287999976892,2115.611118800007,ok,0.08404272464685233,0.08404272464685233
LGBM_V4,TSP-correlated-n1000-g1000-2,14593.711385921511,14587.553167030874,0.9352972000197042,0.9338540000026114,0.0014432000170927,19.935671100014588,ok,0.042215571179927774,0.042215571179927774
LGBM_V4,TSP-correlated-n1000-g10000-3,143644.7172835285,145156.0940329073,0.9445001999847592,0.9413870999997016,0.0031130999850574,6.641579799994361,ok,-1.0412079213402987,1.0412079213402987
LGBM_V4,TSP-correlated-n600-g1000-5,11681.403074748676,11515.021942985257,0.2989377999911085,0.2971417999942787,0.0017959999968297,4.827098800000385,ok,1.4449050343736027,1.4449050343736027
LGBM_V4,TSP-correlated-n600-g10000-5,115406.06934842502,114800.79980292406,0.2916999000299256,0.289914500026498,0.0017854000034276,14.73861419998866,ok,0.5272346068494468,0.5272346068494468
LGBM_V4,TSP-correlated-n8-g1000-1,1198.4387392192984,1284.4780898857816,0.0078617000253871,0.0059142000100109,0.0019475000153761,0.0404699999926378,ok,-6.698389902013353,6.698389902013353
LGBM_V4,TSP-correlated-n8-g1000-2,2332.577162178128,2374.439746432042,0.0084121999971102,0.0070646000094711,0.0013475999876391,0.0436606000002939,ok,-1.7630510235864496,1.7630510235864496
LGBM_V4,TSP-correlated-n8-g1000-3,2553.0983715960224,2607.4808503827794,0.0052178000041749,0.0039459000108763,0.0012718999932985,0.0438812999927904,ok,-2.0856329118878723,2.0856329118878723
LGBM_V4,TSP-correlated-n8-g1000-4,2646.9593774580817,2567.507114302001,0.0080307000025641,0.0069180999998934,0.0011126000026706,0.1119425999931991,ok,3.094529425585665,3.094529425585665
LGBM_V4,TSP-correlated-n8-g1000-5,2677.0177200285457,2691.633214275943,0.0065005999931599,0.0054565999889746,0.0010440000041853,0.1067567999998573,ok,-0.5429972467971959,0.5429972467971959
LGBM_V4,TSP-correlated-n8-g10000-1,25704.645942137748,26602.854563465717,0.006534099986311,0.0051686000078916,0.0013654999784193,0.0417096000019228,ok,-3.3763618080350617,3.3763618080350617
LGBM_V4,TSP-correlated-n8-g10000-2,23034.98472078157,23828.033602963857,0.0070747999998275,0.0061405000160448,0.0009342999837826,0.0556834000017261,ok,-3.3282179108713517,3.3282179108713517
LGBM_V4,TSP-correlated-n8-g10000-3,18610.43402086413,18709.81449685035,0.0077915999863762,0.0066702000040095,0.0011213999823667,0.0460515999875497,ok,-0.5311676179523391,0.5311676179523391
LGBM_V4,TSP-correlated-n600-g1000-2,11359.729162757996,11324.60476540406,0.3579396000131964,0.3554607999976724,0.002478800015524,4.308630799991079,ok,0.31016002837679163,0.31016002837679163
LGBM_V4,TSP-correlated-n8-g10000-4,24368.172789446307,24957.132809873063,0.0083434999978635,0.0071769999922253,0.0011665000056382,0.050572899999679,ok,-2.3598865499235644,2.3598865499235644
LGBM_V4,TSP-correlated-n600-g1000-4,11421.136678368284,11463.42401381833,0.3560599999909755,0.3541984999901615,0.0018615000008139,3.922088100007386,ok,-0.36888922017602965,0.36888922017602965
LGBM_V4,TSP-correlated-n600-g1000-1,11709.721404024893,11707.636696253909,0.3753355999942869,0.3729531999852042,0.0023824000090826,3.859487900001113,ok,0.017806392742363963,0.017806392742363963
LGBM_V4,TSP-correlated-n8-g10000-5,26479.34710840681,26244.111022574438,0.0106939999968744,0.0096109999867621,0.0010830000101123,0.0453224999946542,ok,0.8963385562194515,0.8963385562194515
LGBM_V4,TSP-correlated-n600-g10000-2,112210.68823608536,112363.83943521108,0.3693299000151455,0.3671965000103228,0.0021334000048227,15.989772700006142,ok,-0.1362993645424699,0.1362993645424699
LGBM_V4,TSP-correlated-n80-g1000-5,4284.106352519823,4334.339719708524,0.0194990999589208,0.0172311999776866,0.0022678999812342,0.1166297999880043,ok,-1.1589623895950398,1.1589623895950398
LGBM_V4,TSP-correlated-n600-g10000-1,109290.19649015354,109536.34212166358,0.3762962000037078,0.3719062999880407,0.004389900015667,6.893852000008337,ok,-0.22471594974080777,0.22471594974080777
LGBM_V4,TSP-correlated-n600-g10000-4,111007.45693962016,111207.0576856932,0.3687493999896105,0.3669407999841496,0.0018086000054609,4.569467399996938,ok,-0.17948568213825308,0.17948568213825308
LGBM_V4,TSP-correlated-n80-g1000-2,4640.65162472994,4567.051838706593,0.0288259000226389,0.0256185000180266,0.0032074000046122,0.2041671000042697,ok,1.6115382225262904,1.6115382225262904
LGBM_V4,TSP-correlated-n80-g1000-3,4301.145501200061,4278.709253611585,0.0296451000322122,0.0277921000088099,0.0018530000234022,0.2305908999987878,ok,0.5243695296551735,0.5243695296551735
LGBM_V4,TSP-correlated-n80-g1000-4,4472.065795395871,4561.272417395748,0.0308312999841291,0.028851199982455,0.0019801000016741,0.1320662000071024,ok,-1.9557398426733152,1.9557398426733152
LGBM_V4,TSP-correlated-n80-g1000-1,4196.37122584264,4187.462095411134,0.0366110000177286,0.0326661000144667,0.0039449000032618,0.2640415000059875,ok,0.21275727943350875,0.21275727943350875
LGBM_V4,TSP-correlated-n600-g1000-3,11787.387895657042,11613.467062997132,0.4059099000005517,0.4004033000092022,0.0055065999913495,5.945843399997102,ok,1.4975789031516533,1.4975789031516533
LGBM_V4,TSP-correlated-n80-g10000-2,42417.18871197903,43549.978829282816,0.0278372000029776,0.0265193000086583,0.0013178999943193,0.2233804999996209,ok,-2.601126677338588,2.601126677338588
LGBM_V4,TSP-correlated-n80-g10000-5,41973.20305673114,39972.42347956391,0.0288874999969266,0.027042400004575,0.0018450999923516,0.0690387999929953,ok,5.005399730617115,5.005399730617115
LGBM_V4,TSP-correlated-n600-g10000-3,113990.4132021234,113170.50995597464,0.409135800000513,0.407066300016595,0.0020694999839179,3.918597399999271,ok,0.7244848913976869,0.7244848913976869
LGBM_V4,TSP-correlated-n80-g10000-1,36192.29848056322,38557.99167807115,0.0413650999835226,0.0376326999976299,0.0037323999858926,1.7947728000144707,ok,-6.135416017669183,6.135416017669183
LGBM_V4,TSP-correlated-n80-g10000-3,44100.25438343902,43544.9203421677,0.041512199997669,0.0391354000021237,0.0023767999955452,0.1592057999951066,ok,1.275313025968616,1.275313025968616
LGBM_V4,TSP-correlated-n80-g10000-4,43792.977466219694,43794.43026942706,0.0436902999936137,0.0392865999892819,0.0044037000043317,0.1779269000107888,ok,-0.0033173241401410042,0.0033173241401410042
LGBM_V4,TSP-correlated-n700-g10000-1,121841.57221563792,121633.12438054995,0.3472392999974545,0.3457028999982867,0.0015363999991677,5.163903000007849,ok,0.17137423391000037,0.17137423391000037
LGBM_V4,TSP-correlated-n700-g1000-5,12530.003148962904,12625.48219731698,0.3589337000157684,0.3571456000208854,0.0017880999948829,45.114398699995945,ok,-0.7562408061877156,0.7562408061877156
LGBM_V4,TSP-correlated-n90-g1000-1,4712.198036677324,4544.887238803261,0.0110098000150173,0.0093152000044938,0.0016946000105235,0.3223517000005813,ok,3.6812970065703587,3.6812970065703587
LGBM_V4,TSP-correlated-n700-g1000-4,12239.501266949526,12220.716585535038,0.3683980999630876,0.3661832999787293,0.0022147999843582,14.541918500006432,ok,0.15371178345403255,0.15371178345403255
LGBM_V4,TSP-correlated-n700-g10000-2,120767.21709955852,121219.01795836324,0.3696974999911617,0.367854999989504,0.0018425000016577,10.811057099999744,ok,-0.37271450174584775,0.37271450174584775
LGBM_V4,TSP-correlated-n700-g1000-2,12307.866178632215,12368.825536199092,0.3977884999767411,0.3962358999997377,0.0015525999770034,6.482417599996552,ok,-0.4928467734343152,0.4928467734343152
LGBM_V4,TSP-correlated-n90-g1000-2,4843.330036345819,4926.638225472319,0.0223806999856606,0.0189341999939642,0.0034464999916963,0.1847450000059325,ok,-1.6909743584533916,1.6909743584533916
LGBM_V4,TSP-correlated-n90-g1000-3,4155.573401445783,4304.500431506989,0.0223867000022437,0.0198671999969519,0.0025195000052917,0.4682489999977406,ok,-3.4597982374709,3.4597982374709
LGBM_V4,TSP-correlated-n700-g1000-3,12413.532530170258,12455.361445229448,0.3979952999798115,0.3949358999961987,0.0030593999836128,8.940812000000733,ok,-0.3358305998836424,0.3358305998836424
LGBM_V4,TSP-correlated-n90-g1000-4,4454.719047955791,4523.981416893595,0.0204693999839946,0.0186982000013813,0.0017711999826133,0.2103599000110989,ok,-1.5310047180822295,1.5310047180822295
LGBM_V4,TSP-correlated-n90-g10000-2,45375.79982687067,46122.49775485272,0.0207979000115301,0.0175528000108897,0.0032451000006403,0.6369271000003209,ok,-1.6189451229437841,1.6189451229437841
LGBM_V4,TSP-correlated-n90-g1000-5,4752.739568065791,4701.549280660209,0.0331536000303458,0.0266129000228829,0.0065407000074628,0.2028676000045379,ok,1.0887961467542868,1.0887961467542868
LGBM_V4,TSP-correlated-n90-g10000-1,47820.19084530579,46718.08362478085,0.0309651999850757,0.0292639999825041,0.0017012000025715,0.1885383000044385,ok,2.3590591373066276,2.3590591373066276
LGBM_V4,TSP-correlated-n90-g10000-3,43824.95869390425,45330.22453853518,0.025589700002456,0.0240700999856926,0.0015196000167634,0.1843862999958219,ok,-3.320667082403935,3.320667082403935
LGBM_V4,TSP-correlated-n90-g10000-4,46429.19552337091,46380.10676111853,0.0269337999925483,0.0257935999834444,0.0011402000091038,0.4781993999931728,ok,0.10584012345036847,0.10584012345036847
LGBM_V4,TSP-correlated-n90-g10000-5,49257.40959409501,50305.13698683127,0.0316581999941263,0.0307424999773502,0.000915700016776,0.1024939000053564,ok,-2.0827443388346865,2.0827443388346865
LGBM_V4,TSP-correlated-n700-g1000-1,12100.284399194365,12130.729955106672,0.4910384999820962,0.4878065999946557,0.0032318999874405,10.171494900001562,ok,-0.25097876240737216,0.25097876240737216
LGBM_V4,TSP-correlated-n700-g10000-4,120590.73287872328,120118.19043488444,0.4479602999635972,0.4452579999924637,0.0027022999711334,2.2233338999940315,ok,0.39339790428745,0.39339790428745
LGBM_V4,TSP-correlated-n700-g10000-3,119865.95474082314,119045.23608798235,0.4796598999819252,0.478230499982601,0.0014293999993242,3.168343699988327,ok,0.689417468359864,0.689417468359864
LGBM_V4,TSP-correlated-n700-g10000-5,118139.11423801936,120280.24895726146,0.4488426999887451,0.4472373999888077,0.0016052999999374,18.47356209999998,ok,-1.7801216224642937,1.7801216224642937
LGBM_V4,TSP-correlated-n800-g10000-1,129472.98750962602,129533.20281695473,0.3487889999814797,0.3469404999923426,0.001848499989137,4.118495599992457,ok,-0.04648638806051576,0.04648638806051576
LGBM_V4,TSP-grid-n10-g1000-1,2613.5925804117546,2480.5606380790914,0.0063899999950081,0.0043324000143911,0.0020575999806169,0.0938502999924821,ok,5.362978848026918,5.362978848026918
LGBM_V4,TSP-correlated-n800-g1000-5,12983.087875669922,12946.24872620097,0.358957200020086,0.357394300022861,0.001562899997225,19.85908140000538,ok,0.28455462464887776,0.28455462464887776
LGBM_V4,TSP-grid-n10-g1000-3,2789.302063104183,2516.7413837160225,0.0080028000229503,0.0060620000003837,0.0019408000225666,0.0762648999952944,ok,10.829904143178947,10.829904143178947
LGBM_V4,TSP-grid-n10-g1000-2,2761.473573731437,2483.12806440607,0.0102608000161126,0.0086746000160928,0.0015862000000197,0.0410287999984575,ok,11.20947055914105,11.20947055914105
LGBM_V4,TSP-grid-n10-g1000-5,2618.6204478168206,2478.1598987687803,0.007458600011887,0.0062385000055655,0.0012201000063214,0.0827549000096041,ok,5.6679372916099995,5.6679372916099995
LGBM_V4,TSP-grid-n10-g1000-4,2603.1881188492325,2494.289016331312,0.0084040999936405,0.0065889999968931,0.0018150999967474,0.0536515999992843,ok,4.365937620095579,4.365937620095579
LGBM_V4,TSP-grid-n10-g10000-1,25280.344851432856,24645.190826735317,0.0082309999852441,0.0060372999869287,0.0021936999983154,0.0396005999937187,ok,2.577192561270484,2.577192561270484
LGBM_V4,TSP-grid-n10-g10000-2,25993.378732258883,24557.25894650606,0.0089681000099517,0.0074357000121381,0.0015323999978136,0.0399892999994335,ok,5.84804594389453,5.84804594389453
LGBM_V4,TSP-grid-n10-g10000-3,26183.721213677883,24850.30433050431,0.0070570000098086,0.0060779000050388,0.0009791000047698,0.0374350999918533,ok,5.365796995639904,5.365796995639904
LGBM_V4,TSP-grid-n10-g10000-4,26538.19581339823,25056.572689532208,0.0083682999829761,0.0073321999807376,0.0010361000022385,0.0441749000019626,ok,5.913111670236506,5.913111670236506
LGBM_V4,TSP-correlated-n800-g1000-1,13000.10368013262,13015.247957634036,0.4337611999653745,0.4318568999879062,0.0019042999774683,9.796043900001678,ok,-0.11635796375690219,0.11635796375690219
LGBM_V4,TSP-correlated-n800-g1000-2,12716.431888668314,12652.968752766712,0.4333304000028875,0.4309757000009995,0.0023547000018879,5.331236500001978,ok,0.5015671589936168,0.5015671589936168
LGBM_V4,TSP-grid-n10-g10000-5,28490.32030768759,25164.525205989485,0.0084001999930478,0.0070071000081952,0.0013930999848525,0.0546447999950032,ok,13.216204456369093,13.216204456369093
LGBM_V4,TSP-correlated-n800-g1000-4,13206.507524876955,13195.340338602447,0.4266285999910906,0.4250598000071477,0.0015687999839428,6.333797899991623,ok,0.08462977072170506,0.08462977072170506
LGBM_V4,TSP-grid-n100-g1000-1,10581.073380284675,9844.287442029472,0.0281495999952312,0.0265897999925073,0.0015598000027239,0.1768841000011889,ok,7.484400903508254,7.484400903508254
LGBM_V4,TSP-correlated-n800-g1000-3,13007.431959595173,12953.143830200965,0.4566405000223312,0.4540208000107668,0.0026197000115644,23.975514699995983,ok,0.41911160800694947,0.41911160800694947
LGBM_V4,TSP-correlated-n800-g10000-4,129213.0202392339,128211.93357716712,0.425110299984226,0.4236463999841362,0.0014639000000897,4.31853200000478,ok,0.7808061497366426,0.7808061497366426
LGBM_V4,TSP-grid-n100-g1000-4,10598.487925501951,9829.52285280364,0.0266813000198453,0.0249617000226862,0.001719599997159,0.125507100005052,ok,7.823015259372245,7.823015259372245
LGBM_V4,TSP-grid-n100-g1000-5,10631.251667373508,9829.75318199923,0.0339173000247683,0.0329226000176277,0.0009947000071406,0.3266926999931456,ok,8.153800716400752,8.153800716400752
LGBM_V4,TSP-grid-n100-g1000-2,10586.503944265904,9846.346586308651,0.0387983999680727,0.0352689999854192,0.0035293999826535,0.1075703000096837,ok,7.517076018697548,7.517076018697548
LGBM_V4,TSP-grid-n100-g1000-3,10612.055298851035,9836.926465500084,0.0370836000074632,0.0361206000088714,0.0009629999985918,0.1389042999944649,ok,7.879786802000308,7.879786802000308
LGBM_V4,TSP-correlated-n800-g10000-5,131148.99989445525,131059.46314724068,0.4426489999750629,0.4409349999914411,0.0017139999836217,8.417655800003558,ok,0.06831765144191243,0.06831765144191243
LGBM_V4,TSP-grid-n100-g10000-1,105402.06297689838,98616.74094294148,0.0291114999854471,0.024585199978901,0.004526300006546,0.1102959999989252,ok,6.880497133729864,6.880497133729864
LGBM_V4,TSP-grid-n100-g10000-2,105732.97532841182,98652.93605342042,0.0323230999929364,0.0291096000000834,0.003213499992853,0.2805251000099815,ok,7.176714204590497,7.176714204590497
LGBM_V4,TSP-correlated-n800-g10000-2,126303.9165675499,127769.82055469476,0.4685644000419415,0.4666390000202227,0.0019254000217188,14.896964100000332,ok,-1.1473006542396675,1.1473006542396675
LGBM_V4,TSP-grid-n100-g10000-3,105489.48629361864,98398.36253788108,0.0392522000183817,0.038194900000235,0.0010573000181466,0.1779769999993732,ok,7.206546504275048,7.206546504275048
LGBM_V4,TSP-grid-n100-g10000-4,106475.9668299922,98588.610423602,0.0414905999787151,0.0403968000027816,0.0010937999759335,0.1673253000044496,ok,8.000271403056491,8.000271403056491
LGBM_V4,TSP-correlated-n800-g10000-3,131089.7200881973,131409.81761460076,0.4771198999951593,0.476267199992435,0.0008527000027243,10.818744499993045,ok,-0.24358722370519337,0.24358722370519337
LGBM_V4,TSP-grid-n100-g10000-5,106746.91701785145,98863.0592108105,0.0497306000324897,0.0451773000240791,0.0045533000084105,0.1966960999998264,ok,7.974523416506674,7.974523416506674
LGBM_V4,TSP-correlated-n900-g1000-1,13499.510868349504,13450.12976819893,0.4258414999931119,0.4239096000092104,0.0019318999839015,9.278989800004638,ok,0.3671421837678322,0.3671421837678322
LGBM_V4,TSP-correlated-n900-g1000-4,13787.991636666427,13677.98097756789,0.4238588000007439,0.4222072999982629,0.001651500002481,10.535639900001115,ok,0.8042901893119835,0.8042901893119835
LGBM_V4,TSP-grid-n20-g1000-1,4268.284234342295,3941.539748294385,0.0073177999875042,0.006153299997095,0.0011644999904092,0.0737645999906817,ok,8.289767626707352,8.289767626707352
LGBM_V4,TSP-correlated-n900-g10000-1,134926.31397331212,134068.94693608984,0.4286472000239882,0.427041500021005,0.0016057000029832,11.238714699997216,ok,0.6394971071347251,0.6394971071347251
LGBM_V4,TSP-grid-n20-g1000-2,4175.597771741072,3961.810478877207,0.010754100017948,0.009367699996801,0.0013864000211469,0.1772540000092703,ok,5.396201913334671,5.396201913334671
LGBM_V4,TSP-grid-n20-g1000-3,4191.575736676782,3974.01944482265,0.0076130999950692,0.0059455000155139,0.0016675999795552,0.08281240001088,ok,5.474464704433304,5.474464704433304
LGBM_V4,TSP-grid-n20-g1000-5,4299.846324878012,3967.299365540756,0.0099966000125277,0.0087040000071283,0.0012926000053994,0.0590631000086432,ok,8.382199796307246,8.382199796307246
LGBM_V4,TSP-grid-n20-g1000-4,4455.514849711133,4007.828980763757,0.0140610000235028,0.0119918000127654,0.0020692000107374,0.0473046999977668,ok,11.170283739553733,11.170283739553733
LGBM_V4,TSP-grid-n20-g10000-2,41470.68981149042,39557.46399817192,0.009583000006387,0.0069582999858539,0.002624700020533,0.0543364000041037,ok,4.836573480562129,4.836573480562129
LGBM_V4,TSP-grid-n20-g10000-1,40702.56561150938,39395.058487185335,0.0153839999984484,0.0102244000008795,0.0051595999975688,0.042733499998576,ok,3.3189622621054347,3.3189622621054347
LGBM_V4,TSP-grid-n20-g10000-3,42101.21284992593,39667.90985116457,0.0104419999988749,0.0082055999955628,0.0022364000033121,0.0656922999914968,ok,6.134185057622638,6.134185057622638
LGBM_V4,TSP-correlated-n900-g1000-5,13971.724996007357,13873.695208952337,0.4638863999862224,0.4609712999954354,0.0029150999907869,13.971598600008292,ok,0.7065874345557498,0.7065874345557498
LGBM_V4,TSP-grid-n20-g10000-5,43524.46929106144,39583.37003341423,0.011567899986403,0.0089539999898988,0.0026138999965041,0.0620587000012164,ok,9.956452051253699,9.956452051253699
LGBM_V4,TSP-correlated-n900-g1000-3,13622.210153528878,13537.725308422385,0.477968499995768,0.4749383000016678,0.0030301999941002,76.60579800000414,ok,0.6240697250219137,0.6240697250219137
LGBM_V4,TSP-grid-n20-g10000-4,43001.93622024067,39643.7952326635,0.0140949000488035,0.0121616000251378,0.0019333000236656,0.0582121000043116,ok,8.470785826303322,8.470785826303322
LGBM_V4,TSP-grid-n200-g1000-2,14073.08843176712,13089.631051399214,0.0269343999971169,0.0245914999977685,0.0023428999993484,0.5038027999980841,ok,7.513255159799026,7.513255159799026
LGBM_V4,TSP-grid-n200-g1000-1,14111.955508595343,13140.991287499744,0.0399075000023003,0.0383048000221606,0.0016026999801397,0.3863897999981418,ok,7.388820217993908,7.388820217993908
LGBM_V4,TSP-correlated-n900-g1000-2,13830.33367901825,13760.726412442278,0.5119619999895804,0.5104571999981999,0.0015047999913804,9.894945000007285,ok,0.5058400587997529,0.5058400587997529
LGBM_V4,TSP-grid-n200-g1000-5,14104.164855205028,13109.99148550653,0.0387319000146817,0.0375316000136081,0.0012003000010736,0.8554424000030849,ok,7.583325822885426,7.583325822885426
LGBM_V4,TSP-grid-n200-g1000-3,14070.203759166863,13073.835397454992,0.0403728999954182,0.0356853000121191,0.0046875999832991,0.5988573000067845,ok,7.621086937547253,7.621086937547253
LGBM_V4,TSP-grid-n200-g1000-4,14137.166983460022,13137.345316995996,0.0400352999859023,0.0390434000000823,0.00099189998582,0.4735019000072498,ok,7.6105304560316345,7.6105304560316345
LGBM_V4,TSP-grid-n200-g10000-1,142368.45556924108,131487.45097849309,0.0350022000202443,0.0317869000136852,0.0032153000065591,0.4991861000016797,ok,8.275317918002502,8.275317918002502
LGBM_V4,TSP-grid-n30-g1000-1,5259.934121659461,4936.676254920048,0.0187365000019781,0.017408300016541,0.001328199985437,0.0444505000050412,ok,6.548087215912603,6.548087215912603
LGBM_V4,TSP-grid-n200-g10000-2,141199.0669864885,131390.5487006466,0.0399803000036627,0.0386182999936863,0.0013620000099763,0.5131672999996226,ok,7.465162740273733,7.465162740273733
LGBM_V4,TSP-grid-n30-g1000-2,5231.043794763581,4937.758290938026,0.0142016000172588,0.0115524000138975,0.0026492000033613,0.0555973000009544,ok,5.939648855712606,5.939648855712606
LGBM_V4,TSP-grid-n200-g10000-3,140916.97427308554,130988.67160018098,0.0444460999860893,0.0428046000015456,0.0016414999845437,1.082463300001109,ok,7.579512450671219,7.579512450671219
LGBM_V4,TSP-grid-n200-g10000-4,141550.13870194307,131150.775075175,0.0390230999910272,0.0362179999938234,0.0028050999972037,1.003089200006798,ok,7.929319228809124,7.929319228809124
LGBM_V4,TSP-grid-n200-g10000-5,141174.14892964557,131379.8817032174,0.0424508999858517,0.0392187999968882,0.0032320999889634,0.6499589000013657,ok,7.454921635987679,7.454921635987679
LGBM_V4,TSP-grid-n30-g1000-4,5168.7107535043615,4959.482896092834,0.0206470999983139,0.0175727999885566,0.0030743000097572,0.0998158000002149,ok,4.218743401179191,4.218743401179191
LGBM_V4,TSP-grid-n30-g1000-5,5426.945615879211,4978.766844702502,0.0187263000116217,0.01622839999618,0.0024979000154417,0.0414306000020587,ok,9.00180275872086,9.00180275872086
LGBM_V4,TSP-grid-n30-g1000-3,5364.667005495403,4967.060245158935,0.022513899981277,0.0206574999901931,0.0018563999910838,0.0511092999950051,ok,8.004870903750144,8.004870903750144
LGBM_V4,TSP-grid-n30-g10000-1,51681.3854424157,49506.73403687389,0.018230300018331,0.0158903000119607,0.0023400000063702,0.0771703999926103,ok,4.392637583246916,4.392637583246916
LGBM_V4,TSP-grid-n30-g10000-2,53563.52526024843,49711.417067078815,0.021630900009768,0.0180221000046003,0.0036088000051677,0.0523699999903328,ok,7.748940626600363,7.748940626600363
LGBM_V4,TSP-grid-n30-g10000-5,53402.7519386459,49222.95476551465,0.0163973000308033,0.0139613000210374,0.0024360000097658,0.0785103000089293,ok,8.491560884637495,8.491560884637495
LGBM_V4,TSP-grid-n30-g10000-4,52132.07386134002,49485.32802363889,0.0187446999771054,0.016706599999452,0.0020380999776534,0.047612599999411,ok,5.348546616558329,5.348546616558329
LGBM_V4,TSP-grid-n30-g10000-3,52616.25860737389,49473.1342054633,0.0264624999836087,0.0229179000016301,0.0035445999819785,0.0431679000030271,ok,6.353194420343598,6.353194420343598
LGBM_V4,TSP-grid-n300-g1000-1,17572.456056277675,16356.50351413939,0.0458125999721232,0.0430734999827109,0.0027390999894123,0.8146417999960249,ok,7.434061571210223,7.434061571210223
LGBM_V4,TSP-grid-n300-g1000-2,17468.805907650458,16396.289850016816,0.0457079000188969,0.0400682000035885,0.0056397000153083,1.3863742999965325,ok,6.541211868321187,6.541211868321187
LGBM_V4,TSP-grid-n300-g1000-5,17561.433936924255,16349.36858314676,0.0379272999998647,0.0359988000127486,0.001928499987116,0.6537748999980977,ok,7.413530055386458,7.413530055386458
LGBM_V4,TSP-grid-n300-g10000-1,174696.90861942057,163589.12631437316,0.0440571999934036,0.0427133000048343,0.0013438999885693,0.9042711999936728,ok,6.790049287078725,6.790049287078725
LGBM_V4,TSP-grid-n300-g1000-3,17533.40911844417,16341.3933578945,0.0513877999910619,0.0501702000037767,0.0012175999872852,1.6555994999944232,ok,7.294456075092341,7.294456075092341
LGBM_V4,TSP-grid-n300-g1000-4,17683.529205927985,16411.58585486495,0.053896999976132,0.0494986999838147,0.0043982999923173,0.8668343000026653,ok,7.750276922117127,7.750276922117127
LGBM_V4,TSP-grid-n40-g1000-1,6230.104896621432,5643.386255366098,0.0178802000009454,0.0143014999921433,0.0035787000088021,0.0535690000106114,ok,10.396570688342369,10.396570688342369
LGBM_V4,TSP-grid-n300-g10000-3,174823.06817802152,163763.8217481604,0.0397609999927226,0.0352093999972566,0.0045515999954659,1.3851436999975704,ok,6.753168258901693,6.753168258901693
LGBM_V4,TSP-correlated-n900-g10000-2,134264.9175781841,134550.60799751262,0.6162613999913447,0.6114469000021927,0.0048144999891519,13.909226300005685,ok,-0.21232934104154835,0.21232934104154835
LGBM_V4,TSP-correlated-n900-g10000-3,137472.23258756232,137279.37655588138,0.6160768000117969,0.6121769000019412,0.0038999000098556,3.2123751000035554,ok,0.14048434405763835,0.14048434405763835
LGBM_V4,TSP-grid-n300-g10000-2,175632.47251200635,163723.35216983227,0.0503373000246938,0.0470476000045891,0.0032897000201046,0.9038822000002256,ok,7.273928968801347,7.273928968801347
LGBM_V4,TSP-grid-n40-g1000-2,5939.206148212642,5637.070883942425,0.0304599000082816,0.0277182999998331,0.0027416000084485,0.0746224999893456,ok,5.359791822573482,5.359791822573482
LGBM_V4,TSP-grid-n300-g10000-4,175904.27511802237,163869.35017330365,0.0489366999827325,0.045621299999766,0.0033153999829664,1.2446332999970764,ok,7.344219606650613,7.344219606650613
LGBM_V4,TSP-grid-n40-g1000-3,6140.575193842389,5670.006513922261,0.0326268000062555,0.0295358999865129,0.0030909000197425,0.048104699992109,ok,8.299261716272877,8.299261716272877
LGBM_V4,TSP-grid-n300-g10000-5,176075.68029904788,163798.75466348563,0.0636895999778062,0.0593126000021584,0.0043769999756477,2.115101899995352,ok,7.495127579440046,7.495127579440046
LGBM_V4,TSP-grid-n40-g1000-5,6189.00975659659,5685.958579358956,0.0342850000015459,0.0312344999983906,0.0030505000031553,0.0965358000103151,ok,8.847253637474594,8.847253637474594
LGBM_V4,TSP-grid-n40-g1000-4,5986.607581161819,5631.38346692616,0.0371889999951235,0.0308613000088371,0.0063276999862864,0.0956316999945556,ok,6.307936874161326,6.307936874161326
LGBM_V4,TSP-grid-n40-g10000-2,61445.76718722314,56539.28302209528,0.0349184999940916,0.0327842000115197,0.0021342999825719,0.049675299989758,ok,8.678009169678406,8.678009169678406
LGBM_V4,TSP-grid-n40-g10000-3,60284.67439319349,56560.54546559755,0.0273893999983556,0.024233300006017,0.0031560999923385,0.0488406999938888,ok,6.584322864886639,6.584322864886639
LGBM_V4,TSP-grid-n40-g10000-4,60167.18380682035,56743.947583860005,0.0285051999962888,0.0268849999993108,0.001620199996978,0.0464243000023998,ok,6.032777712374096,6.032777712374096
LGBM_V4,TSP-grid-n40-g10000-1,59763.116826435136,56450.335267005634,0.0490384000004269,0.0455564000003505,0.0034820000000763,0.1195974000002024,ok,5.868488723335845,5.868488723335845
LGBM_V4,TSP-grid-n40-g10000-5,60970.11705490627,56530.55447520664,0.0208681999938562,0.0194091000012122,0.001459099992644,0.0487005000031786,ok,7.853385874088233,7.853385874088233
LGBM_V4,TSP-correlated-n900-g10000-4,139479.44662009657,139092.7508215857,0.6484626000165008,0.6468351000221446,0.0016274999943561,12.135074999998324,ok,0.2780129059399184,0.2780129059399184
LGBM_V4,TSP-grid-n400-g1000-1,21053.04045901826,19617.10488458922,0.0679137000115588,0.0657180000271182,0.0021956999844405,1.12642099999357,ok,7.319813921967053,7.319813921967053
LGBM_V4,TSP-grid-n400-g1000-5,21046.308236744928,19615.27647298771,0.0700459000072442,0.0654925999988336,0.0045533000084105,1.5967649999947753,ok,7.295496271632467,7.295496271632467
LGBM_V4,TSP-grid-n400-g10000-1,210607.1124584488,196217.12840467095,0.0711198999779298,0.0688894999912008,0.002230399986729,1.0572685000079218,ok,7.333704335994807,7.333704335994807
LGBM_V4,TSP-grid-n400-g1000-3,20968.177919624803,19581.859570412937,0.0769486999779474,0.0749408999981824,0.0020077999797649,2.893166199995904,ok,7.079605204127362,7.079605204127362
LGBM_V4,TSP-grid-n400-g1000-4,21125.88408194077,19647.52895721021,0.0854454000073019,0.0835759000037796,0.0018695000035222,1.3407510999968508,ok,7.52438196146818,7.52438196146818
LGBM_V4,TSP-grid-n5-g1000-1,1840.641382067628,1818.059015811674,0.0184986000240314,0.0145695000246632,0.0039290999993681,0.0381178999959956,ok,1.2421140380787936,1.2421140380787936
LGBM_V4,TSP-grid-n400-g10000-3,210424.1085837502,196240.3061647621,0.0922764999850187,0.09021739999298,0.0020590999920386,1.2072048999980325,ok,7.2277722636039305,7.2277722636039305
LGBM_V4,TSP-grid-n5-g1000-3,1951.8998857718832,1814.0655347463892,0.0256046999711543,0.0186792999738827,0.0069253999972715,0.038455600006273,ok,7.59809104938227,7.59809104938227
LGBM_V4,TSP-grid-n5-g1000-2,1982.9528496741464,1809.1756004299173,0.024445300019579,0.0135019000153988,0.0109434000041801,0.0379096000106073,ok,9.605327929634587,9.605327929634587
LGBM_V4,TSP-grid-n5-g1000-4,1927.744197096237,1788.0102937753395,0.021318599989172,0.0181384999887086,0.0031801000004634,0.0421864000090863,ok,7.815050271654356,7.815050271654356
LGBM_V4,TSP-grid-n400-g1000-2,20962.37146338577,19621.41992143904,0.121950199973071,0.1201384000014513,0.0018117999716196,2.483611600007862,ok,6.834120809379152,6.834120809379152
LGBM_V4,TSP-correlated-n900-g10000-5,140983.6488736886,140162.1831948234,0.7561054000107106,0.7534613000170793,0.0026440999936312,17.42656339998939,ok,0.5860822513897213,0.5860822513897213
LGBM_V4,TSP-grid-n5-g1000-5,1849.981222984636,1828.7776335636045,0.0248910999798681,0.0204018999938853,0.0044891999859828,0.0406201000005239,ok,1.1594405482591978,1.1594405482591978
LGBM_V4,TSP-grid-n5-g10000-1,18344.690470483903,18244.46714456981,0.0231238999986089,0.0204662999894935,0.0026576000091154,0.097076999998535,ok,0.5493354512352644,0.5493354512352644
LGBM_V4,TSP-grid-n400-g10000-2,210198.8828835163,196204.06499316235,0.1265590999973938,0.1198044999910052,0.0067546000063885,1.5804934999905529,ok,7.132786923064848,7.132786923064848
LGBM_V4,TSP-grid-n5-g10000-3,18824.11739703128,18532.389045989745,0.0243072999874129,0.0163683999853674,0.0079389000020455,0.0411043999920366,ok,1.574154040893416,1.574154040893416
LGBM_V4,TSP-grid-n5-g10000-5,18216.97395730815,18087.46100428427,0.019774199987296,0.0179043999814894,0.0018698000058066,0.0726224999962141,ok,0.7160372204435107,0.7160372204435107
LGBM_V4,TSP-grid-n5-g10000-2,18149.77687786091,17926.856901098712,0.0307073000003583,0.026384800003143,0.0043224999972153,0.0400826999975834,ok,1.2434972733482084,1.2434972733482084
LGBM_V4,TSP-grid-n5-g10000-4,17857.59732560432,17817.278965185204,0.0325681999966036,0.0303661999932955,0.002202000003308,0.042674900003476,ok,0.22628797864084527,0.22628797864084527
LGBM_V4,TSP-grid-n400-g10000-5,210194.01139289347,196390.86113238943,0.0907877999998163,0.0850265999906696,0.0057612000091467,1.3914100999973016,ok,7.028407625953213,7.028407625953213
LGBM_V4,TSP-grid-n400-g10000-4,210764.47407854,196190.5544602667,0.1478142999985721,0.1454397999914363,0.0023745000071357,1.1964666999992914,ok,7.428451210797137,7.428451210797137
LGBM_V4,TSP-grid-n50-g1000-3,6530.849027069517,6166.899384960287,0.030634899972938,0.0284794999752193,0.0021553999977186,0.0755187000031583,ok,5.901663370685503,5.901663370685503
LGBM_V4,TSP-grid-n50-g1000-2,6650.0203851556935,6170.417133107514,0.0321118000138085,0.0289734000107273,0.0031384000030811,0.0628346000012243,ok,7.772622850323315,7.772622850323315
LGBM_V4,TSP-grid-n50-g1000-1,6798.135209519193,6168.925427141409,0.0528881000063847,0.0494735999964177,0.003414500009967,0.074884599991492,ok,10.199665886856906,10.199665886856906
LGBM_V4,TSP-grid-n50-g1000-5,6585.45936378176,6170.209990739934,0.0388139999995473,0.0359478000027593,0.002866199996788,0.1778572999901371,ok,6.729906659011918,6.729906659011918
LGBM_V4,TSP-grid-n50-g1000-4,6617.1386559074,6161.705359515269,0.0393666999880224,0.036623399995733,0.0027432999922893,0.0741139000019757,ok,7.391351416841501,7.391351416841501
LGBM_V4,TSP-grid-n50-g10000-1,65703.05213715395,61825.05139479799,0.0407114999834448,0.0385053000063635,0.0022061999770812,0.1596762999979546,ok,6.2725394558786505,6.2725394558786505
LGBM_V4,TSP-grid-n50-g10000-3,66696.05231521219,61654.19021037968,0.029873999999836,0.0261662999982945,0.0037077000015415,0.0495977999962633,ok,8.17764711145893,8.17764711145893
LGBM_V4,TSP-grid-n50-g10000-2,66626.89107623261,61799.55986070438,0.0407010999915655,0.0388608000066597,0.0018402999849058,0.0878449000010732,ok,7.811271190942122,7.811271190942122
LGBM_V4,TSP-grid-n50-g10000-4,67122.07009605695,61897.62433643604,0.0403013999748509,0.0388780999928712,0.0014232999819796,0.1672893000068143,ok,8.440462482411526,8.440462482411526
LGBM_V4,TSP-grid-n50-g10000-5,66668.47502130654,61817.3072389804,0.0365067000093404,0.0331256000208668,0.0033810999884735,0.0993877000000793,ok,7.847588319516966,7.847588319516966
LGBM_V4,TSP-grid-n500-g1000-1,22884.2803510733,21321.086306863574,0.0787252999725751,0.0698286999831907,0.0088965999893844,3.68159109998669,ok,7.33168104903975,7.33168104903975
LGBM_V4,TSP-grid-n500-g1000-2,22805.79364000373,21339.532585500037,0.0827946000208612,0.0792741000186652,0.003520500002196,2.667742100005853,ok,6.871102019825863,6.871102019825863
LGBM_V4,TSP-grid-n500-g1000-4,22843.9887546266,21302.59995595734,0.0776059000054374,0.0722282000060658,0.0053776999993715,2.739613300000201,ok,7.235683915841485,7.235683915841485
LGBM_V4,TSP-grid-n500-g10000-3,228139.8887610089,213076.71321124336,0.0807200000272132,0.0779239000112284,0.0027961000159848,1.986009100000956,ok,7.069367329142136,7.069367329142136
LGBM_V4,TSP-grid-n500-g10000-2,228626.72243754903,213390.00541257768,0.0944077000021934,0.0911263000161852,0.0032813999860081,1.5549931999994442,ok,7.140314278314961,7.140314278314961
LGBM_V4,TSP-grid-n60-g1000-2,7825.432772674804,7387.811763010112,0.0362132999871391,0.0322661999962292,0.0039470999909099,0.0861988000106066,ok,5.923553870928436,5.923553870928436
LGBM_V4,TSP-grid-n60-g1000-1,8028.315382206553,7371.492065672976,0.0404010999773163,0.0370101999724283,0.0033909000048879,0.1098225000023376,ok,8.910317079390529,8.910317079390529
LGBM_V4,TSP-grid-n500-g10000-4,229321.0476353264,213467.72795823804,0.103930000012042,0.0941450000100303,0.0097850000020116,9.563585800002327,ok,7.426565049771753,7.426565049771753
LGBM_V4,TSP-grid-n500-g10000-1,228158.83456632445,213502.5361908835,0.1275571000005584,0.1218991000205278,0.0056579999800305,1.925273400003789,ok,6.864695210148415,6.864695210148415
LGBM_V4,TSP-grid-n60-g1000-3,8071.147772165811,7383.029478465904,0.0516075000341516,0.0457752000074833,0.0058323000266682,0.0973147000040626,ok,9.32027016425904,9.32027016425904
LGBM_V4,TSP-grid-n500-g1000-3,22846.054233170205,21316.602362813668,0.1373151000007055,0.1333949000108987,0.0039201999898068,1.2492216999962693,ok,7.174932685448183,7.174932685448183
LGBM_V4,TSP-grid-n60-g1000-5,8032.208593396132,7412.449158233636,0.029646999988472,0.0279922999907284,0.0016546999977435,0.1847070999938296,ok,8.361061532193801,8.361061532193801
LGBM_V4,TSP-grid-n500-g10000-5,228922.0332115205,213421.3435864404,0.1211725000175647,0.1141561999975238,0.0070163000200409,1.301349500005017,ok,7.262951945011052,7.262951945011052
LGBM_V4,TSP-grid-n60-g1000-4,7953.240213163275,7416.657023045708,0.0373572000244166,0.0349732000031508,0.0023840000212658,0.1005820999998832,ok,7.234838936872059,7.234838936872059
LGBM_V4,TSP-grid-n60-g10000-1,80329.46359203722,74041.56514342965,0.0357057000219356,0.0336356000043451,0.0020701000175904,0.0610493999993195,ok,8.49238996559159,8.49238996559159
LGBM_V4,TSP-grid-n500-g1000-5,22838.18394566736,21308.72435151351,0.1548960999934934,0.1499215999792795,0.0049745000142138,2.378370799997356,ok,7.177621564404986,7.177621564404986
LGBM_V4,TSP-grid-n60-g10000-3,78917.20461855353,74108.5717518271,0.0354176000109873,0.0320674999966286,0.0033501000143587,0.1911524000024655,ok,6.488632492917903,6.488632492917903
LGBM_V4,TSP-grid-n60-g10000-2,80143.58094851047,74123.02261671741,0.0408533999870996,0.038213399995584,0.0026399999915156,0.0568367999949259,ok,8.122386431709282,8.122386431709282
LGBM_V4,TSP-grid-n60-g10000-5,79793.1504521238,74192.35776126814,0.0312722999951802,0.0271230999787803,0.0041492000163998,0.0664864999998826,ok,7.549015639693727,7.549015639693727
LGBM_V4,TSP-grid-n60-g10000-4,78521.39327065909,74082.8482958916,0.0445989999570883,0.0431297999748494,0.0014691999822389,0.0538078000099631,ok,5.991326031417766,5.991326031417766
LGBM_V4,TSP-grid-n1000-g1000-4,32791.04080875469,30635.84584444334,0.9264007000019774,0.9248981999990064,0.0015025000029709,4.232757299992954,ok,7.034879909157957,7.034879909157957
LGBM_V4,TSP-grid-n70-g1000-1,8365.95566823438,7699.225766354646,0.0084838999900966,0.0072301999898627,0.0012537000002339,0.1147316999995382,ok,8.65970062591644,8.65970062591644
LGBM_V4,TSP-grid-n1000-g10000-3,327612.9386395919,306576.08932830044,0.9295105999917724,0.9269732999964616,0.0025372999953106,2.79256620000524,ok,6.861868894401588,6.861868894401588
LGBM_V4,TSP-grid-n70-g1000-2,8240.154057520602,7685.4720775849455,0.0096627000020816,0.0082638000021688,0.0013988999999128,0.0788297000108286,ok,7.217279229384143,7.217279229384143
LGBM_V4,TSP-grid-n70-g1000-3,8383.707687585344,7698.48512930998,0.0099120999802835,0.008878900000127,0.0010331999801564,0.0703671000082977,ok,8.900745364390676,8.900745364390676
LGBM_V4,TSP-grid-n70-g1000-4,8156.883732510259,7671.314991575796,0.0121380999917164,0.0107075999840162,0.0014305000077001,0.0893745000066701,ok,6.329667618494181,6.329667618494181
LGBM_V4,TSP-grid-n70-g1000-5,8269.162908699498,7647.830730895202,0.0148257999971974,0.013068000000203,0.0017577999969944,0.1202329999941866,ok,8.1242930141521,8.1242930141521
LGBM_V4,TSP-grid-n70-g10000-1,83355.50742000778,76908.88741464668,0.0126011999964248,0.0109494999924208,0.0016517000040039,0.0907467999932123,ok,8.38215220902206,8.38215220902206
LGBM_V4,TSP-grid-n1000-g1000-3,32776.425054575484,30623.479893777054,0.9877968999790028,0.9866252999927384,0.0011715999862644,5.707034100021701,ok,7.030373975349309,7.030373975349309
LGBM_V4,TSP-grid-n70-g10000-2,82101.65448383479,76757.85300203398,0.0137230999825987,0.0120007999939844,0.0017222999886143,0.0806847000058041,ok,6.9618954579920365,6.9618954579920365
LGBM_V4,TSP-grid-n1000-g1000-2,32745.40929145624,30640.42937235853,1.0087487999990117,1.0070572999829892,0.0016915000160224,7.380860800010851,ok,6.869942628795741,6.869942628795741
LGBM_V4,TSP-grid-n70-g10000-3,84146.61985199443,76949.39444132929,0.0159368999884463,0.0136579000100027,0.0022789999784436,0.0918578999990131,ok,9.353193047091128,9.353193047091128
LGBM_V4,TSP-grid-n70-g10000-4,81875.07047602623,76718.53244071167,0.0228484999970532,0.0219054000044707,0.0009430999925825,0.1486788999900454,ok,6.7213721004107425,6.7213721004107425
LGBM_V4,TSP-grid-n70-g10000-5,82828.22245130665,76729.5131374511,0.0152518000104464,0.0138236000202596,0.0014281999901868,0.0914296000119065,ok,7.948322704629304,7.948322704629304
LGBM_V4,TSP-grid-n1000-g1000-1,32797.034936257085,30625.467816848926,1.0309235000167971,1.029666400019778,0.0012570999970193,4.669257900008233,ok,7.090723094892441,7.090723094892441
LGBM_V4,TSP-grid-n1000-g1000-5,32675.57359396575,30656.990148754143,1.027131399983773,1.0259946000005584,0.0011367999832145,5.714466100005666,ok,6.584414958601666,6.584414958601666
LGBM_V4,TSP-grid-n1000-g10000-4,328325.55522607826,306278.4525389947,1.023299099993892,1.0193433999957051,0.0039556999981869,3.5757956999877933,ok,7.198385163669502,7.198385163669502
LGBM_V4,TSP-grid-n1000-g10000-2,329301.3928758285,306136.19956313266,1.0420319000259042,1.0399347000056878,0.0020972000202164,3.772795099997893,ok,7.566956585256299,7.566956585256299
LGBM_V4,TSP-grid-n1000-g10000-5,328445.1120603313,306242.80741775705,1.01428269999451,1.0112988000037149,0.0029838999907951,5.344472299999325,ok,7.249902399270798,7.249902399270798
LGBM_V4,TSP-grid-n1000-g10000-1,328885.7998735847,306356.667883473,1.0493891999940388,1.046827399986796,0.0025618000072427,4.7623859999876,ok,7.353889878016623,7.353889878016623
LGBM_V4,TSP-grid-n600-g1000-4,25339.767359265745,23572.20947613111,0.3260940999898594,0.3243225999758579,0.0017715000140015,3.067345200004638,ok,7.498481993910839,7.498481993910839
LGBM_V4,TSP-grid-n8-g1000-1,2874.887123645964,2615.873257846709,0.0066213000100106,0.0054244000057224,0.0011969000042881,0.0442483999941032,ok,9.901621381016982,9.901621381016982
LGBM_V4,TSP-grid-n600-g1000-2,25371.303688120828,23555.344941402374,0.3404855000262614,0.3381261000176891,0.0023594000085722,4.385219600007986,ok,7.709327760794575,7.709327760794575
LGBM_V4,TSP-grid-n600-g10000-2,253201.4099580183,235364.5590227176,0.3294094000011682,0.3263517000013962,0.003057699999772,2.3659398000017973,ok,7.578392859724928,7.578392859724928
LGBM_V4,TSP-grid-n8-g1000-3,2833.617122675072,2708.549139125494,0.0091582000313792,0.00673380002263,0.0024244000087492,0.0406829999992623,ok,4.617526842801108,4.617526842801108
LGBM_V4,TSP-grid-n8-g1000-2,2826.277636279205,2677.330912493463,0.0095470000233035,0.0085062000143807,0.0010408000089228,0.0419527000049129,ok,5.563254175667974,5.563254175667974
LGBM_V4,TSP-grid-n600-g1000-5,25189.92151885337,23533.520988555043,0.348349199979566,0.3417413999850396,0.0066077999945264,4.955286499985959,ok,7.038473040663478,7.038473040663478
LGBM_V4,TSP-grid-n8-g10000-1,27346.2281387742,26298.97984690808,0.0118224999750964,0.0075333999993745,0.0042890999757219,0.1906726000015624,ok,3.982087130232323,3.982087130232323
LGBM_V4,TSP-grid-n600-g10000-3,251786.0942795656,235352.4936225645,0.34085999999661,0.3384231000090949,0.002436899987515,2.6667087000096217,ok,6.982547923777554,6.982547923777554
LGBM_V4,TSP-grid-n8-g1000-5,2776.2711396879968,2626.637711799628,0.0145717999839689,0.0120274999935645,0.0025442999904043,0.0469012999965343,ok,5.696766905316687,5.696766905316687
LGBM_V4,TSP-grid-n8-g1000-4,2744.6034320038584,2627.651682341312,0.0184231999737676,0.0153868999914266,0.003036299982341,0.0467681000009179,ok,4.450808699208524,4.450808699208524
LGBM_V4,TSP-grid-n8-g10000-2,29629.29725585984,27360.41258073944,0.0135263999982271,0.0079442000132985,0.0055821999849285,0.1788990999921225,ok,8.29258209621297,8.29258209621297
LGBM_V4,TSP-grid-n8-g10000-5,27523.4541543969,26515.39782458332,0.0135673999902792,0.0124591999920085,0.0011081999982707,0.0403244000044651,ok,3.8017771276996473,3.8017771276996473
LGBM_V4,TSP-grid-n8-g10000-4,28902.07460434233,26842.426971052828,0.014586400007829,0.0122272000007797,0.0023592000070493,0.0435529000096721,ok,7.673105101526962,7.673105101526962
LGBM_V4,TSP-grid-n8-g10000-3,29048.644474353536,26819.44500775669,0.0185125999851152,0.0162635000015143,0.0022490999836008,0.0415458000061335,ok,8.311877691548496,8.311877691548496
LGBM_V4,TSP-grid-n600-g10000-4,252300.0471893526,235176.6967795406,0.3574777000176254,0.3560271000023931,0.0014506000152323,1.4075776999961818,ok,7.281057453521332,7.281057453521332
LGBM_V4,TSP-grid-n80-g1000-1,9474.469464629108,8746.640432189637,0.0314019999932497,0.0294259999936912,0.0019759999995585,0.174717400004738,ok,8.321241030566362,8.321241030566362
LGBM_V4,TSP-grid-n80-g1000-5,9456.01886512058,8750.76655252176,0.0235887999879196,0.0221224999986588,0.0014662999892607,0.2035680999979376,ok,8.059320384859133,8.059320384859133
LGBM_V4,TSP-grid-n80-g1000-3,9424.595244941704,8770.413130752397,0.0268408000119961,0.0246730000071693,0.0021678000048268,0.230531900000642,ok,7.458965780021197,7.458965780021197
LGBM_V4,TSP-grid-n600-g1000-3,25316.64575875594,23561.94671900176,0.4176477000000886,0.415882800007239,0.0017648999928496,2.954862200000207,ok,7.4471734474260876,7.4471734474260876
LGBM_V4,TSP-grid-n80-g1000-4,9436.508784497764,8768.04701665284,0.0289648999751079,0.0249777999997604,0.0039870999753475,0.1788432000030297,ok,7.623838770199787,7.623838770199787
LGBM_V4,TSP-grid-n80-g1000-2,9306.356119244134,8767.57715591139,0.0319644999981392,0.0300106999929994,0.0019538000051397,0.2415097999910358,ok,6.145129421182022,6.145129421182022
LGBM_V4,TSP-grid-n80-g10000-1,93118.5545744012,87563.05976467134,0.0338127999857533,0.0287851000030059,0.0050276999827474,0.1846328000101493,ok,6.344564505466621,6.344564505466621
LGBM_V4,TSP-grid-n600-g1000-1,25209.01638071743,23551.76502142195,0.4421368000039365,0.4400050000112969,0.0021317999926395,3.621342200000072,ok,7.0366333809296,7.0366333809296
LGBM_V4,TSP-grid-n600-g10000-1,251371.2741447482,235194.23246059424,0.4184182999888435,0.4173149999987799,0.0011032999900635,1.8720173000037903,ok,6.878162578610149,6.878162578610149
LGBM_V4,TSP-grid-n80-g10000-2,95284.73345216032,87954.49331811667,0.034720700001344,0.0333837000071071,0.0013369999942369,0.1187938999937614,ok,8.334128090001494,8.334128090001494
LGBM_V4,TSP-grid-n80-g10000-4,94583.2066033268,87990.05455741257,0.025153299968224,0.0224452999827917,0.0027079999854322,0.063237599999411,ok,7.493065073180825,7.493065073180825
LGBM_V4,TSP-grid-n80-g10000-3,93760.94178302585,87164.03029972193,0.0304443000059109,0.0281754000170622,0.0022688999888487,0.0733934999880148,ok,7.5683873962915715,7.5683873962915715
LGBM_V4,TSP-grid-n80-g10000-5,93529.4392215286,87785.1608653029,0.0403207000053953,0.0393584000121336,0.0009622999932616,0.1388131999992765,ok,6.543564196504351,6.543564196504351
LGBM_V4,TSP-grid-n600-g10000-5,253194.43704145428,235540.37605980848,0.4197127999796066,0.4141808999993372,0.0055318999802693,2.3921645999944303,ok,7.495131525629847,7.495131525629847
LGBM_V4,TSP-grid-n700-g1000-2,27273.19737025558,25421.99789265869,0.3876440999738406,0.3862213999964297,0.0014226999774109,2.633811200008495,ok,7.281880383333199,7.281880383333199
LGBM_V4,TSP-grid-n700-g1000-4,27291.487184024023,25398.207600653608,0.3795502999855671,0.3768502000020817,0.0027000999834854,2.898427799998899,ok,7.454382660143673,7.454382660143673
LGBM_V4,TSP-grid-n90-g1000-1,9487.415713661498,8861.585623115308,0.0143532999791204,0.0128957999986596,0.0014574999804608,0.1393122999870684,ok,7.06228114428778,7.06228114428778
LGBM_V4,TSP-grid-n90-g1000-2,9506.547343703214,8845.589827451318,0.0095160999917425,0.0079149999946821,0.0016010999970603,0.1009650999912992,ok,7.472170077349581,7.472170077349581
LGBM_V4,TSP-grid-n700-g1000-3,27250.480057324865,25398.6914989144,0.3955909999785945,0.3944785999774467,0.0011124000011477,3.028157499997178,ok,7.290881731012072,7.290881731012072
LGBM_V4,TSP-grid-n90-g1000-3,9679.122899847966,8875.056678022349,0.014739299978828,0.0128184999921359,0.0019207999866921,0.2486376999877393,ok,9.059843232514305,9.059843232514305
LGBM_V4,TSP-grid-n90-g1000-4,9606.495610385136,8873.04531711516,0.0159150000254157,0.0138348000182304,0.0020802000071853,0.090528800006723,ok,8.266049220499625,8.266049220499625
LGBM_V4,TSP-grid-n90-g1000-5,9708.67234897326,8877.279422267979,0.0191102999961003,0.0179000000061932,0.001210299989907,0.3668387000070652,ok,9.365402249475162,9.365402249475162
LGBM_V4,TSP-grid-n90-g10000-1,95355.57118002744,88701.12240154008,0.0137655999860726,0.0113542999897617,0.0024112999963108,0.2718501000053948,ok,7.502102113616349,7.502102113616349
LGBM_V4,TSP-grid-n700-g1000-1,27208.56865613289,25418.61574765984,0.4390099000011105,0.4368752999871503,0.0021346000139601,2.8405992000043625,ok,7.041897663675272,7.041897663675272
LGBM_V4,TSP-grid-n90-g10000-2,95733.80284046712,88897.35130371364,0.0209664999856613,0.0189384999976027,0.0020279999880585,0.1846479999949224,ok,7.6902758479238145,7.6902758479238145
LGBM_V4,TSP-grid-n90-g10000-4,95545.8000538871,88830.75395192776,0.0155861000239383,0.0143782000232022,0.0012079000007361,0.3239789999934146,ok,7.559370829604005,7.559370829604005
LGBM_V4,TSP-grid-n90-g10000-3,95317.947319259,88924.16295252046,0.023438400006853,0.0219961999973747,0.0014422000094782,0.3617527000023983,ok,7.190154120598676,7.190154120598676
LGBM_V4,TSP-grid-n90-g10000-5,96162.5850371859,88947.81403419406,0.0209059000189881,0.0199124000209849,0.0009934999980032,0.4071621000039158,ok,8.111240373167883,8.111240373167883
LGBM_V4,TSP-grid-n700-g10000-1,272625.3254329179,254519.01020045413,0.4355704000336118,0.4333695000095758,0.0022009000240359,2.433581200006301,ok,7.113934325850009,7.113934325850009
LGBM_V4,TSP-grid-n700-g1000-5,27147.37960399969,25423.380762387904,0.4492680999974254,0.448273899994092,0.0009942000033333,5.014709800001583,ok,6.781154944437285,6.781154944437285
LGBM_V4,TSP-grid-n700-g10000-4,272440.57753725594,254406.5614973108,0.4095821999944746,0.4032643999962602,0.0063177999982144,1.7147016000089934,ok,7.088659951931227,7.088659951931227
LGBM_V4,TSP-grid-n700-g10000-2,271697.33885663,253950.46031106007,0.4385986999841407,0.4368766999978106,0.00172199998633,2.240805499997805,ok,6.9883230468777535,6.9883230468777535
LGBM_V4,TSP-grid-n700-g10000-3,271929.0808672405,254274.12101261783,0.4533925999712664,0.4512205999926664,0.0021719999786,2.0763944999926025,ok,6.943278295216905,6.943278295216905
LGBM_V4,TSP-grid-n700-g10000-5,273422.48027833144,254518.48456154112,0.4732435999903828,0.4713116000057198,0.0019319999846629,3.598070600011852,ok,7.427356700381202,7.427356700381202
LGBM_V4,TSP-grid-n800-g1000-1,28958.17493697711,27056.01811996632,0.3807683000341058,0.3789926000172272,0.0017757000168785,8.203661000006832,ok,7.03043887898297,7.03043887898297
LGBM_V4,TSP-line_noise-n10-g1000-1,2429.061238198957,2619.8570197584486,0.0056419000029563,0.0038533000042662,0.0017885999986901,0.0797580999787896,ok,-7.282679173731503,7.282679173731503
LGBM_V4,TSP-grid-n800-g1000-3,29019.114679702056,27046.07713506824,0.3842491999967024,0.3830259999958798,0.0012232000008225,2.087877900004969,ok,7.295096936906805,7.295096936906805
LGBM_V4,TSP-line_noise-n10-g1000-2,1798.0021879413,1865.6509249447472,0.0062495000311173,0.0036687000247184,0.0025808000063989,0.124518500000704,ok,-3.6260125674609074,3.6260125674609074
LGBM_V4,TSP-grid-n800-g10000-1,289424.5326385047,270481.9026061378,0.3755169999785721,0.3732024999917485,0.0023144999868236,5.407338999997592,ok,7.003289258856704,7.003289258856704
LGBM_V4,TSP-line_noise-n10-g1000-4,2692.6776531677856,2814.5562743022147,0.009155700012343,0.0073022000142373,0.0018534999981056,0.0946990000084042,ok,-4.330296119754978,4.330296119754978
LGBM_V4,TSP-line_noise-n10-g1000-3,2577.899008564495,2739.689292936717,0.0095650000148452,0.0082726000109687,0.0012924000038765,0.0818216999759897,ok,-5.905424559979799,5.905424559979799
LGBM_V4,TSP-grid-n800-g1000-2,28855.9115572416,27064.82259144089,0.4108693999878596,0.4096361999982036,0.0012331999896559,8.367211100005079,ok,6.617774639938461,6.617774639938461
LGBM_V4,TSP-line_noise-n10-g1000-5,2853.799265211332,2969.9847691082364,0.0113022000005003,0.0100578999845311,0.0012443000159692,0.079591599991545,ok,-3.911989889826606,3.911989889826606
LGBM_V4,TSP-line_noise-n10-g10000-1,21338.24558400037,22755.836383721144,0.015299299993785,0.0125025000015739,0.0027967999922111,0.7442105999798514,ok,-6.229570189452034,6.229570189452034
LGBM_V4,TSP-line_noise-n10-g10000-3,28276.08421117818,31209.944465965054,0.0093691000074613,0.0075455000041984,0.0018236000032629,0.8652230000006966,ok,-9.40040203527532,9.40040203527532
LGBM_V4,TSP-line_noise-n10-g10000-2,26271.817063394417,28094.956914320766,0.0143850000167731,0.013149100006558,0.0012359000102151,0.516573500004597,ok,-6.489206787133548,6.489206787133548
LGBM_V4,TSP-grid-n800-g10000-2,291274.2941177596,270751.92500396376,0.39992369999527,0.3967646999808494,0.0031590000144205,6.033954600017751,ok,7.579768496011773,7.579768496011773
LGBM_V4,TSP-line_noise-n10-g10000-4,25787.76592522438,27664.67947425688,0.0155035999778192,0.0131356999918352,0.0023678999859839,0.7032987999846227,ok,-6.784512181964903,6.784512181964903
LGBM_V4,TSP-line_noise-n10-g10000-5,25211.78279407116,27921.80693329398,0.0116820000112056,0.0084030000143684,0.0032789999968372,0.5960228000185452,ok,-9.705762043613966,9.705762043613966
LGBM_V4,TSP-line_noise-n100-g1000-1,2957.2228992482933,3359.272004311681,0.0298503000230994,0.0265358000178821,0.0033145000052172,1.2120501999743285,ok,-11.96834029954559,11.96834029954559
LGBM_V4,TSP-line_noise-n100-g1000-3,2878.126593323549,3253.938149994678,0.0264223999984096,0.0235580999869853,0.0028643000114243,0.7097790000261739,ok,-11.54943761520924,11.54943761520924
LGBM_V4,TSP-line_noise-n100-g1000-2,2768.9824414912423,3330.6530380297445,0.0275042000284884,0.0261412000108975,0.0013630000175908,1.231738599948585,ok,-16.86367778706724,16.86367778706724
LGBM_V4,TSP-grid-n800-g10000-3,289102.07298234163,270531.7450631679,0.4300062000111211,0.4286191000137478,0.0013870999973732,3.1081610999972327,ok,6.864380339112391,6.864380339112391
LGBM_V4,TSP-line_noise-n100-g1000-4,2823.335315634428,3258.520296462676,0.0293062000419013,0.0274690000223927,0.0018372000195086,0.3600863000028766,ok,-13.35529446603933,13.35529446603933
LGBM_V4,TSP-line_noise-n100-g1000-5,2431.579461777524,2579.723833025552,0.0291126999945845,0.0253296000009868,0.0037830999935977,1.921994099975564,ok,-5.742644594413078,5.742644594413078
LGBM_V4,TSP-line_noise-n100-g10000-3,28185.1098819102,31400.26599441001,0.0285541999910492,0.0255173000041395,0.0030368999869097,3.346799099992495,ok,-10.23926393831244,10.23926393831244
LGBM_V4,TSP-line_noise-n100-g10000-1,30461.82991395493,33611.38667248341,0.0325634999899193,0.0282490999961737,0.0043143999937456,2.862844999996014,ok,-9.37050526721327,9.37050526721327
LGBM_V4,TSP-line_noise-n100-g10000-4,29336.22375398414,33689.135522156925,0.0266606000077445,0.0241726000094786,0.0024879999982658,1.022647300036624,ok,-12.920817648496584,12.920817648496584
LGBM_V4,TSP-line_noise-n100-g10000-2,29312.51153654332,33319.57006126798,0.0327268999826628,0.0318298999918624,0.0008969999908003,1.0250083000282757,ok,-12.02614114574854,12.02614114574854
LGBM_V4,TSP-line_noise-n100-g10000-5,28442.59801997877,33335.93166884367,0.0286881000210996,0.0228573000058531,0.0058308000152464,1.2547347999643534,ok,-14.678856728754006,14.678856728754006
LGBM_V4,TSP-grid-n800-g10000-5,289122.79641513416,270492.70771338046,0.4671958000108134,0.461775600007968,0.0054202000028453,3.465790999995079,ok,6.887464308832503,6.887464308832503
LGBM_V4,TSP-grid-n800-g1000-4,28981.0603183758,27041.978520060155,0.50953630002914,0.5081846000102814,0.0013517000188585,5.775566800002707,ok,7.170635820441926,7.170635820441926
LGBM_V4,TSP-grid-n800-g1000-5,29079.09528004347,27029.68740787293,0.5110256000189111,0.5084257000125945,0.0025999000063166,5.092065099990577,ok,7.582062793569749,7.582062793569749
LGBM_V4,TSP-grid-n800-g10000-4,288936.667297754,270188.2670224608,0.5994272000098135,0.5976755000010598,0.0017517000087536,56.69785069998761,ok,6.939013481934283,6.939013481934283
LGBM_V4,TSP-grid-n900-g1000-2,31481.93542469677,29388.013588855694,0.5102578999940306,0.5082136999990325,0.002044199994998,3.972894999998971,ok,7.1250880210397,7.1250880210397
LGBM_V4,TSP-grid-n900-g1000-1,31477.98347067751,29385.549689301894,0.5173315000138246,0.5155314000148792,0.0018000999989453,5.37775519999559,ok,7.120621541877738,7.120621541877738
LGBM_V4,TSP-line_noise-n20-g1000-2,2805.244263706817,3056.038178421771,0.008098099991912,0.0066141999850515,0.0014839000068604,0.0787783000268973,ok,-8.206504633540655,8.206504633540655
LGBM_V4,TSP-line_noise-n20-g1000-1,2612.627154533581,2954.012503038786,0.0105871999985538,0.0092962000053375,0.0012909999932162,0.0794407000066712,ok,-11.556665659133898,11.556665659133898
LGBM_V4,TSP-line_noise-n20-g1000-3,2267.16581050498,2730.971683681659,0.0090561999822966,0.0073867999890353,0.0016693999932613,0.0781957000144757,ok,-16.983181332419246,16.983181332419246
LGBM_V4,TSP-line_noise-n20-g1000-4,1969.2327248250265,2187.0749266144635,0.008743799990043,0.00774659999297,0.000997199997073,0.0850437000044621,ok,-9.960436157834392,9.960436157834392
LGBM_V4,TSP-line_noise-n20-g10000-1,26116.331846004978,29507.373757270678,0.0070019999984651,0.0057394999894313,0.0012625000090338,0.6447151000029407,ok,-11.492184764257917,11.492184764257917
LGBM_V4,TSP-line_noise-n20-g1000-5,2315.3938806344195,2727.780275336462,0.0083183000097051,0.0073994999984279,0.0009188000112771,0.2009057000395842,ok,-15.118020994237753,15.118020994237753
LGBM_V4,TSP-line_noise-n20-g10000-2,26084.502593834528,28105.255112284976,0.0074005000060424,0.006421500002034,0.0009790000040084,0.6572273000492714,ok,-7.18994547595181,7.18994547595181
LGBM_V4,TSP-line_noise-n20-g10000-3,27036.80737555844,30352.787537137778,0.009239000006346,0.0084010999999009,0.0008379000064451,0.3574789999984205,ok,-10.924796141119199,10.924796141119199
LGBM_V4,TSP-line_noise-n20-g10000-4,26103.829567654026,29689.13419170421,0.0075317999871913,0.0064098000002559,0.0011219999869354,0.4929897999973036,ok,-12.076150826425902,12.076150826425902
LGBM_V4,TSP-line_noise-n20-g10000-5,26684.37350274381,29754.12433757331,0.0092741000116802,0.0081064999976661,0.0011676000140141,0.7500306000001729,ok,-10.317059914121016,10.317059914121016
LGBM_V4,TSP-grid-n900-g1000-3,31556.12931090481,29388.768052839965,0.5666662999719847,0.5639926999865565,0.0026735999854281,3.4635525999910897,ok,7.374794527514748,7.374794527514748
LGBM_V4,TSP-grid-n900-g1000-5,31570.803669247987,29439.117627343658,0.5494148999860045,0.5477581000013743,0.0016567999846301,7.04349069998716,ok,7.240998418798992,7.240998418798992
LGBM_V4,TSP-line_noise-n200-g1000-1,2911.3951310979373,3533.078586165705,0.0280854000302497,0.0262983000138774,0.0017871000163722,1.583470199955627,ok,-17.596083412977613,17.596083412977613
LGBM_V4,TSP-line_noise-n200-g1000-2,3667.964490904797,3883.503915518041,0.0307540999783668,0.0292095000040717,0.0015445999742951,1.651382499956526,ok,-5.55012765023805,5.55012765023805
LGBM_V4,TSP-grid-n900-g10000-2,316153.4467358948,294363.3204537954,0.5768297000322491,0.5749283000186551,0.0019014000135939,358.9380663000047,ok,7.402459738702289,7.402459738702289
LGBM_V4,TSP-grid-n900-g10000-4,314600.7611482723,294074.3833598164,0.5488390999962576,0.5474673999997322,0.0013716999965254,270.55115700000897,ok,6.979995181471063,6.979995181471063
LGBM_V4,TSP-line_noise-n200-g1000-4,3004.849318179105,3595.72472517899,0.0342835999908857,0.0307453999994322,0.0035381999914534,2.5976993999793194,ok,-16.432720860478884,16.432720860478884
LGBM_V4,TSP-grid-n900-g10000-1,315991.537791959,294279.2090640452,0.5901432999817189,0.5888238000043202,0.0013194999773986,4.094849599990994,ok,7.378138875991216,7.378138875991216
LGBM_V4,TSP-line_noise-n200-g1000-3,3117.2089478882835,3635.9628578277134,0.0437819999933708,0.0422185999923385,0.0015634000010322,1.9665618000435643,ok,-14.267304981474883,14.267304981474883
LGBM_V4,TSP-line_noise-n200-g1000-5,3108.652215037056,3678.9260490977576,0.0262459000223316,0.0238841000245884,0.0023617999977432,2.4352190000354312,ok,-15.501095331898803,15.501095331898803
LGBM_V4,TSP-grid-n900-g1000-4,31386.427324505992,29386.64598110775,0.6173257000045851,0.6161614000156987,0.0011642999888863,5.838307700003497,ok,6.805068345274488,6.805068345274488
LGBM_V4,TSP-line_noise-n30-g1000-1,2010.34044654441,2229.31447187318,0.0194587000296451,0.0168341000098735,0.0026246000197716,0.2931917999521829,ok,-9.822482565448796,9.822482565448796
LGBM_V4,TSP-line_noise-n30-g1000-2,2681.1968228024216,3132.102582144495,0.0212232000194489,0.0185877000039909,0.002635500015458,0.0878323999932035,ok,-14.396264091495569,14.396264091495569
LGBM_V4,TSP-line_noise-n200-g10000-1,31840.358601864973,37356.72101976345,0.045879999990575,0.0440877999935764,0.0017921999969985,2.2125010000308976,ok,-14.766720063519662,14.766720063519662
LGBM_V4,TSP-line_noise-n30-g1000-3,2605.704365946539,3070.7843583673207,0.0184062000189442,0.0171227999962866,0.0012834000226575,0.2558151000412181,ok,-15.145315924041512,15.145315924041512
LGBM_V4,TSP-grid-n900-g10000-3,315783.75512321823,294228.86123919685,0.6100363000005018,0.608866599999601,0.0011697000009007,2.381662599989795,ok,7.325893793436556,7.325893793436556
LGBM_V4,TSP-line_noise-n30-g1000-5,2009.008647770922,2308.4775284544216,0.0127626000030431,0.0109193999960552,0.0018432000069878,0.2386623999918811,ok,-12.972570752464764,12.972570752464764
LGBM_V4,TSP-line_noise-n30-g1000-4,2643.9258692946296,2984.6412541637883,0.022407899989048,0.0183899000112433,0.0040179999778047,0.3565535000525415,ok,-11.415622711568313,11.415622711568313
LGBM_V4,TSP-line_noise-n30-g10000-1,27531.588570201275,31004.688727010205,0.0193030000082217,0.0177801999961957,0.0015228000120259,0.3754595000064,ok,-11.201854620728014,11.201854620728014
LGBM_V4,TSP-line_noise-n30-g10000-3,25223.30473192908,28661.30659651295,0.0179001000069547,0.0166814999829512,0.0012186000240035,0.3613605000427924,ok,-11.995272626552724,11.995272626552724
LGBM_V4,TSP-line_noise-n200-g10000-5,32463.999309064788,34438.30935571267,0.0590665999916382,0.0561959000187926,0.0028706999728456,1.513278700003866,ok,-5.7328889936357506,5.7328889936357506
LGBM_V4,TSP-line_noise-n30-g10000-2,24621.84798970735,29017.50129638346,0.0240928000130224,0.0226153999974485,0.0014774000155739,0.4337746999808587,ok,-15.148283312815616,15.148283312815616
LGBM_V4,TSP-line_noise-n30-g10000-4,26377.917323362188,29650.689433756164,0.0150916000129655,0.01381180001772,0.0012797999952454,0.303669799992349,ok,-11.037760581270167,11.037760581270167
LGBM_V4,TSP-line_noise-n200-g10000-2,33395.42556688513,34191.785939816065,0.07027259998722,0.0674210999859497,0.0028515000012703,2.721535100019537,ok,-2.329098498489303,2.329098498489303
LGBM_V4,TSP-line_noise-n200-g10000-3,34447.73949168345,37413.87543778248,0.0723157000320497,0.0707539000140968,0.0015618000179529,2.096996799984481,ok,-7.927903515452638,7.927903515452638
LGBM_V4,TSP-line_noise-n30-g10000-5,27600.438337783115,30831.72252540625,0.0176783000060822,0.0142064999963622,0.00347180000972,0.2116898000240326,ok,-10.480388129338095,10.480388129338095
LGBM_V4,TSP-grid-n900-g10000-5,315095.3248648175,294237.91950086073,0.5972973999741953,0.594647799996892,0.0026495999773032,3.79263899999205,ok,7.088619100943495,7.088619100943495
LGBM_V4,TSP-line_noise-n200-g10000-4,31125.62149483142,36812.21320437145,0.0846425000054296,0.0823555999959353,0.0022869000094942,2.6897398000000976,ok,-15.447568115423033,15.447568115423033
LGBM_V4,TSP-line_noise-n300-g1000-1,3381.1622625846626,3812.924975475244,0.0644661000114865,0.0625603000225965,0.00190579998889,2.7189189000055194,ok,-11.323661379850948,11.323661379850948
LGBM_V4,TSP-line_noise-n300-g1000-5,3106.7767376512074,3709.1507527143663,0.0551676000177394,0.0535977000254206,0.0015698999923188,5.204167800024152,ok,-16.24021387166159,16.24021387166159
LGBM_V4,TSP-line_noise-n40-g1000-1,2658.291271149575,3132.664631975572,0.0127874000172596,0.0115210000076331,0.0012664000096265,0.1129651999799534,ok,-15.14280705262854,15.14280705262854
LGBM_V4,TSP-line_noise-n40-g1000-2,2810.31616104656,3090.5694261939743,0.0089563000074122,0.0071477000019513,0.0018086000054609,0.1597117000492289,ok,-9.068013899708614,9.068013899708614
LGBM_V4,TSP-line_noise-n300-g1000-2,3859.315791903965,4039.870439371016,0.0856481000082567,0.0830324999988079,0.0026156000094488,2.788598599960096,ok,-4.469317770872925,4.469317770872925
LGBM_V4,TSP-line_noise-n40-g1000-3,1875.8959903452687,2097.528344128928,0.0127794999862089,0.0112442999961785,0.0015351999900303,0.0839632999850437,ok,-10.56635799006091,10.56635799006091
LGBM_V4,TSP-line_noise-n300-g1000-4,3311.597441337112,3835.9872719750574,0.0815854000393301,0.0803644000261556,0.0012210000131744,4.004447999992408,ok,-13.670270349149252,13.670270349149252
LGBM_V4,TSP-line_noise-n300-g1000-3,3328.006460350883,3810.977397117813,0.0875019000086467,0.0857620000024326,0.0017399000062141,2.0224242999684066,ok,-12.673151437009142,12.673151437009142
LGBM_V4,TSP-line_noise-n300-g10000-2,42985.96723032407,43859.90847345754,0.0811746999970637,0.0795998999965377,0.001574800000526,4.430159299983643,ok,-1.9925742518645297,1.9925742518645297
LGBM_V4,TSP-line_noise-n300-g10000-4,32248.30945734872,37365.16436775767,0.0886841000174172,0.0874968999996781,0.001187200017739,4.147504599997774,ok,-13.694185471921207,13.694185471921207
LGBM_V4,TSP-line_noise-n40-g1000-4,2625.0071947173647,3068.447043163553,0.02236139998422,0.0171515999827533,0.0052098000014666,0.0659227999858558,ok,-14.451605069546982,14.451605069546982
LGBM_V4,TSP-line_noise-n300-g10000-1,32839.31556817242,37768.747484794585,0.0962638999917544,0.0932720999990124,0.002991799992742,4.770957400032785,ok,-13.051616071215284,13.051616071215284
LGBM_V4,TSP-line_noise-n300-g10000-3,33954.55917759936,39007.123593557,0.0976416000339668,0.0941503000212833,0.0034913000126834,3.4552785000414588,ok,-12.952927441161535,12.952927441161535
LGBM_V4,TSP-line_noise-n40-g10000-1,26545.85440336686,29952.77065125863,0.0256528000172693,0.0226619000022765,0.0029909000149928,0.382908400031738,ok,-11.37429417651756,11.37429417651756
LGBM_V4,TSP-line_noise-n300-g10000-5,33359.105561158576,38503.52353043713,0.0958800999796949,0.0936386999965179,0.0022413999831769,3.848907000035979,ok,-13.360901802173714,13.360901802173714
LGBM_V4,TSP-line_noise-n40-g1000-5,2006.2315495019143,2332.2474987842115,0.0300300000235438,0.027933600009419,0.0020964000141248,0.1585745000047609,ok,-13.978617168728775,13.978617168728775
LGBM_V4,TSP-line_noise-n40-g10000-2,28636.32743214411,31601.887425608496,0.0334715000062715,0.032212200021604,0.0012592999846674,0.1959509000298567,ok,-9.384123022542173,9.384123022542173
LGBM_V4,TSP-line_noise-n40-g10000-3,28411.986572829865,31604.402904546,0.0311225999612361,0.0291802999854553,0.0019422999757807,0.3684576000086963,ok,-10.101175906908013,10.101175906908013
LGBM_V4,TSP-line_noise-n40-g10000-4,22185.65021797013,25496.00169799615,0.0292385999928228,0.0264897999877575,0.0027488000050652,0.8476260000024922,ok,-12.983806320840477,12.983806320840477
LGBM_V4,TSP-line_noise-n40-g10000-5,23707.894003888003,28523.691312131283,0.0337093999842181,0.0287314000015612,0.0049779999826569,0.5050877000321634,ok,-16.883499598788237,16.883499598788237
LGBM_V4,TSP-line_noise-n1000-g1000-1,7724.9285648659215,7742.845976405414,0.6173607999808155,0.6119784000038635,0.005382399976952,12.204721199988851,ok,-0.23140601781427522,0.23140601781427522
LGBM_V4,TSP-line_noise-n5-g1000-1,1630.5152189995233,1690.6154770255414,0.0114600999804679,0.0098475999839138,0.0016124999965541,0.0985896000056527,ok,-3.55493362285776,3.55493362285776
LGBM_V4,TSP-line_noise-n400-g1000-1,3693.921027720201,4253.932824764776,0.078282099973876,0.075600599986501,0.0026814999873749,7.6729078000062145,ok,-13.164566064240601,13.164566064240601
LGBM_V4,TSP-line_noise-n5-g1000-2,2265.3857649285314,2297.209414264207,0.0084382999921217,0.006850099976873,0.0015882000152487,0.1085464999778196,ok,-1.3853177310728046,1.3853177310728046
LGBM_V4,TSP-line_noise-n400-g1000-4,3936.0518650920985,4350.174165620347,0.0750034000084269,0.0718646000023,0.0031388000061269,7.506071400013752,ok,-9.519671736388815,9.519671736388815
LGBM_V4,TSP-line_noise-n5-g1000-3,2649.0171422928483,2649.873253262912,0.0118079000094439,0.010345300019253,0.0014625999901909,0.0885028000338934,ok,-0.03230761958178239,0.03230761958178239
LGBM_V4,TSP-line_noise-n5-g1000-4,2764.494001253553,2759.0278962451257,0.0123240000102669,0.0074657000077422,0.0048583000025246,0.0991776000009849,ok,0.19811706202269266,0.19811706202269266
LGBM_V4,TSP-line_noise-n5-g1000-5,2367.201890901282,2387.711452152001,0.0137009000172838,0.0069864999968558,0.006714400020428,0.1223815000266768,ok,-0.8589631394628713,0.8589631394628713
LGBM_V4,TSP-line_noise-n5-g10000-1,26794.90288236404,27069.82881214159,0.0131741000222973,0.0108591000025626,0.0023150000197347,1.377202400006354,ok,-1.0156175411579909,1.0156175411579909
LGBM_V4,TSP-line_noise-n5-g10000-2,25784.883682379143,26730.197072136616,0.0145170999749097,0.0132028999796602,0.0013141999952495,6.8248636000207625,ok,-3.5364998888948036,3.5364998888948036
LGBM_V4,TSP-line_noise-n5-g10000-3,27660.685073437853,28093.952449493787,0.0122286999830976,0.0103147999907378,0.0019138999923598,2.569483299972489,ok,-1.5422086900547187,1.5422086900547187
LGBM_V4,TSP-line_noise-n5-g10000-5,23952.24347791547,24050.17995797265,0.0090905999823007,0.0073597999871708,0.0017307999951299,0.891630099969916,ok,-0.4072172442298755,0.4072172442298755
LGBM_V4,TSP-line_noise-n5-g10000-4,17048.465334231572,17607.519343673448,0.014282300020568,0.0117561000224668,0.0025261999981012,1.8684281999594528,ok,-3.175086725903551,3.175086725903551
LGBM_V4,TSP-line_noise-n1000-g10000-1,46486.32674125992,50578.47145429687,0.6644672000256833,0.66341220002505,0.0010550000006332,5.538742400007322,ok,-8.090684821771738,8.090684821771738
LGBM_V4,TSP-line_noise-n1000-g1000-2,6458.212074270319,6800.5667077395065,0.6820965000079013,0.6790515000175219,0.0030449999903794,16.23994640004821,ok,-5.034207415090341,5.034207415090341
LGBM_V4,TSP-line_noise-n50-g1000-1,2604.987254685137,3174.4696307644726,0.0206063000077847,0.0190202000085264,0.0015860999992582,0.0885907000047154,ok,-17.93944949292816,17.93944949292816
LGBM_V4,TSP-line_noise-n400-g1000-3,3910.9541340224737,4393.570161710516,0.1367290999914985,0.1354193000006489,0.0013097999908495,6.108798699977342,ok,-10.984598172438174,10.984598172438174
LGBM_V4,TSP-line_noise-n400-g1000-5,3857.5690887077967,4278.805912954498,0.136570299975574,0.1345622999942861,0.0020079999812878,5.128029600018635,ok,-9.84472847836744,9.84472847836744
LGBM_V4,TSP-line_noise-n50-g1000-3,2808.714454531146,3245.11458824733,0.0273110999842174,0.0235427999868989,0.0037682999973185,0.2650196999893524,ok,-13.447911371039798,13.447911371039798
LGBM_V4,TSP-line_noise-n400-g1000-2,3644.4113951745694,4099.877387874176,0.1512466999993194,0.1491817999922204,0.0020649000070989,6.153651600005105,ok,-11.109258878001953,11.109258878001953
LGBM_V4,TSP-line_noise-n1000-g1000-4,6538.894103902154,6848.484542152608,0.7003106999909505,0.697884699999122,0.0024259999918285,8.113024299964309,ok,-4.520568548339659,4.520568548339659
LGBM_V4,TSP-line_noise-n50-g1000-4,2692.360300839812,3167.856386779867,0.0307339999999385,0.0263832999917212,0.0043507000082172,0.0944939000182785,ok,-15.01002658846532,15.01002658846532
LGBM_V4,TSP-line_noise-n400-g10000-2,39239.37672813392,41952.32443962193,0.1428581000072881,0.1418425000156276,0.0010155999916605,6.300679000036325,ok,-6.466739919006172,6.466739919006172
LGBM_V4,TSP-line_noise-n400-g10000-3,36215.38577832733,40923.914901735465,0.1511373000103049,0.1483320000115782,0.0028052999987266,5.136573399999179,ok,-11.505568650296608,11.505568650296608
LGBM_V4,TSP-line_noise-n50-g1000-2,2734.385271368321,3197.255753379175,0.0439490000135265,0.0409174000087659,0.0030316000047605,0.160065800009761,ok,-14.477117807095883,14.477117807095883
LGBM_V4,TSP-line_noise-n50-g1000-5,2563.3645367643185,3210.8276566002364,0.0334555000008549,0.0300190999987535,0.0034364000021014,0.0812335999798961,ok,-20.16499136928078,20.16499136928078
LGBM_V4,TSP-line_noise-n400-g10000-4,36863.349696344,39778.53795884708,0.1524159999971743,0.1503090000187512,0.0021069999784231,9.524631700012833,ok,-7.328545522510141,7.328545522510141
LGBM_V4,TSP-line_noise-n400-g10000-1,44801.48629809335,44498.1917360156,0.1674729000078514,0.1653967000020202,0.0020762000058311,2.7327393000014126,ok,0.6815885101062841,0.6815885101062841
LGBM_V4,TSP-line_noise-n1000-g1000-3,5215.541706084095,5719.194749764618,0.7293558000237681,0.7258655000186991,0.003490300005069,8.106752499996219,ok,-8.806362883537965,8.806362883537965
LGBM_V4,TSP-line_noise-n50-g10000-1,28287.31303660756,33183.80664979064,0.0375049000140279,0.0328328000032343,0.0046721000107936,0.3583539000246674,ok,-14.755671839758541,14.755671839758541
LGBM_V4,TSP-line_noise-n50-g10000-4,20584.754032454937,23880.34188500878,0.0302923999843187,0.0282937999872956,0.0019985999970231,0.3529505999758839,ok,-13.800421570273642,13.800421570273642
LGBM_V4,TSP-line_noise-n50-g10000-2,19050.72377471744,21678.042550075865,0.0458670999796595,0.0437916999799199,0.0020753999997396,0.6534516999963671,ok,-12.119723306610217,12.119723306610217
LGBM_V4,TSP-line_noise-n50-g10000-3,27108.78773206972,31599.8853983339,0.0456390000181272,0.0422379999945405,0.0034010000235866,0.3555882999789901,ok,-14.212385930048256,14.212385930048256
LGBM_V4,TSP-line_noise-n1000-g1000-5,7175.051122412946,7237.471136014504,0.7426170000107959,0.7394367000088096,0.0031803000019863,52.331671399995685,ok,-0.8624561318241204,0.8624561318241204
LGBM_V4,TSP-line_noise-n50-g10000-5,28016.52354290732,32406.34604557189,0.0468789999722503,0.0459454999945592,0.000933499977691,0.5722340999636799,ok,-13.546181653714736,13.546181653714736
LGBM_V4,TSP-line_noise-n400-g10000-5,36340.1790715547,39734.60094595818,0.1793920999916736,0.1758458999975118,0.0035461999941617,3.580055699974764,ok,-8.54273553425168,8.54273553425168
LGBM_V4,TSP-line_noise-n60-g1000-1,2830.8633912303767,3188.518373272549,0.0588842999713961,0.053718499984825,0.005165799986571,0.7722540999529883,ok,-11.216964752035965,11.216964752035965
LGBM_V4,TSP-line_noise-n60-g1000-4,2140.616922909331,2300.648720612966,0.0524221000086981,0.0504046000132802,0.0020174999954178,0.0609786000568419,ok,-6.955942307480875,6.955942307480875
LGBM_V4,TSP-line_noise-n1000-g10000-2,51398.10709562157,55904.14129107564,0.7916515000106301,0.7890022000065073,0.0026493000041227,4.287416699982714,ok,-8.060286932934966,8.060286932934966
LGBM_V4,TSP-line_noise-n60-g1000-2,2754.271797943804,3218.311722778628,0.0757589999993797,0.0728538999974262,0.0029051000019535,1.6379668000154195,ok,-14.418737673868984,14.418737673868984
LGBM_V4,TSP-line_noise-n60-g1000-5,2807.7973811822712,3309.295026657842,0.0725491999764926,0.0703780999756418,0.0021711000008508,0.1899274999741464,ok,-15.154213856298222,15.154213856298222
LGBM_V4,TSP-line_noise-n500-g1000-1,4934.009872547652,4984.878621831991,0.118618599983165,0.1104562999971676,0.0081622999859973,5.399986100033857,ok,-1.020461141451914,1.020461141451914
LGBM_V4,TSP-line_noise-n60-g1000-3,2680.160471283429,3227.915579141262,0.0911682000150904,0.0878707999945618,0.0032974000205285,1.4340310999541543,ok,-16.969313305385594,16.969313305385594
LGBM_V4,TSP-line_noise-n500-g1000-2,4569.2518338712125,4852.721642383761,0.1283059000270441,0.1255211000097915,0.0027848000172525,4.558396200009156,ok,-5.841460306247894,5.841460306247894
LGBM_V4,TSP-line_noise-n60-g10000-1,27507.10790268205,32646.565747842706,0.0695864000008441,0.0652140000020153,0.0043723999988287,0.8800307000055909,ok,-15.742721255451718,15.742721255451718
LGBM_V4,TSP-line_noise-n500-g1000-5,4314.121579987488,4646.732511885504,0.12881599998218,0.1245850999839603,0.0042308999982196,9.103967800037935,ok,-7.157953057277503,7.157953057277503
LGBM_V4,TSP-line_noise-n500-g10000-4,46604.38750279825,46667.294648306255,0.1163347999681718,0.1140055999858304,0.0023291999823413,4.856502200011164,ok,-0.13479921212936202,0.13479921212936202
LGBM_V4,TSP-line_noise-n500-g10000-1,38114.068401131386,42702.63972328963,0.1392448999686166,0.1338817999931052,0.0053630999755114,7.234000599943101,ok,-10.74540438692289,10.74540438692289
LGBM_V4,TSP-line_noise-n60-g10000-4,25198.026815675148,28046.014074130715,0.04472719997284,0.042327999981353,0.0023991999914869,1.6861372999846935,ok,-10.15469524805849,10.15469524805849
LGBM_V4,TSP-line_noise-n60-g10000-2,27366.69212282534,32589.139471169263,0.0561889000236988,0.0510437000193633,0.0051452000043354,0.7518795999931172,ok,-16.025115830272476,16.025115830272476
LGBM_V4,TSP-line_noise-n60-g10000-3,28117.148505348032,32622.53830390777,0.0548288999998476,0.0498292999982368,0.0049996000016108,0.3664078000001609,ok,-13.810665977576768,13.810665977576768
LGBM_V4,TSP-line_noise-n500-g10000-5,35203.76933644207,41298.67758763732,0.1308467999624554,0.1286396999785211,0.0022070999839343,7.745369500014931,ok,-14.75811964744302,14.75811964744302
LGBM_V4,TSP-line_noise-n60-g10000-5,22385.608927137684,22840.800950297304,0.0600184999930206,0.0574718999851029,0.0025466000079177,0.6698989999713376,ok,-1.9928899347712876,1.9928899347712876
LGBM_V4,TSP-line_noise-n1000-g10000-4,54987.75677061511,58151.05785743971,0.835197500011418,0.8329073000058997,0.0022902000055182,20.81497649999801,ok,-5.4397997274264425,5.4397997274264425
LGBM_V4,TSP-line_noise-n1000-g10000-3,50580.91034559522,53241.84711665046,0.8715153000084683,0.8695087000087369,0.0020065999997314,6.853039500012528,ok,-4.99782955543456,4.99782955543456
LGBM_V4,TSP-line_noise-n70-g1000-1,2600.741116399872,3185.592499946495,0.0490847000037319,0.0438288000004831,0.0052559000032488,1.7632248000008983,ok,-18.35926546023843,18.35926546023843
LGBM_V4,TSP-line_noise-n70-g1000-2,2900.926996700351,3398.1573558991718,0.0564262999687343,0.0515959999756887,0.0048302999930456,1.491798699949868,ok,-14.632352393441494,14.632352393441494
LGBM_V4,TSP-line_noise-n70-g1000-3,2316.2539724072662,2460.508026108809,0.054086099989945,0.0521036999998614,0.0019823999900836,0.5055124000064097,ok,-5.8627751736975515,5.8627751736975515
LGBM_V4,TSP-line_noise-n70-g1000-4,2604.7415667697105,3158.3902933244344,0.0645249999943189,0.0632594999915454,0.0012655000027734,0.1949113000300713,ok,-17.529458842528562,17.529458842528562
LGBM_V4,TSP-line_noise-n70-g1000-5,2660.3567855522183,3342.081162955777,0.0554776999924797,0.0541128999902866,0.001364800002193,0.3780528000206686,ok,-20.39819933040266,20.39819933040266
LGBM_V4,TSP-line_noise-n500-g1000-3,3857.4480800115134,4329.093112716256,0.2601495999842882,0.2591695000010077,0.0009800999832805,4.864058099978138,ok,-10.894776814093802,10.894776814093802
LGBM_V4,TSP-line_noise-n70-g10000-1,27948.54596367829,32130.603175832108,0.0426044999912846,0.0378189999901223,0.0047855000011622,0.8254399999859743,ok,-13.015806734992958,13.015806734992958
LGBM_V4,TSP-line_noise-n70-g10000-2,29634.86955872487,32008.971102653995,0.0415265999909024,0.0372674000100232,0.0042591999808792,1.804389199998696,ok,-7.41698799475713,7.41698799475713
LGBM_V4,TSP-line_noise-n500-g1000-4,4323.405670166194,4699.802200346619,0.2574320000130683,0.2557327999966219,0.0016992000164464,5.222816299996339,ok,-8.008773861858815,8.008773861858815
LGBM_V4,TSP-line_noise-n500-g10000-3,48645.281081739406,50604.89199355082,0.2512418999976944,0.2498889999988023,0.001352899998892,4.054906699981075,ok,-3.8723744575151895,3.8723744575151895
LGBM_V4,TSP-line_noise-n500-g10000-2,35009.29132374855,40202.82399420789,0.2632817000267096,0.2607108000083826,0.0025709000183269,6.720261800044682,ok,-12.918328004041664,12.918328004041664
LGBM_V4,TSP-line_noise-n70-g10000-3,24586.30384503327,26095.301024408043,0.0355417999671772,0.0321639999747276,0.0033777999924495,1.5671040000161156,ok,-5.78263947966472,5.78263947966472
LGBM_V4,TSP-line_noise-n70-g10000-4,28020.62711392728,33064.28069177912,0.0311537999950815,0.0280274999968241,0.0031262999982573,0.2208179999724961,ok,-15.254085291823262,15.254085291823262
LGBM_V4,TSP-line_noise-n1000-g10000-5,50924.6197924192,54134.06637973088,0.8586718000005931,0.8558278999989852,0.0028439000016078,31.59481660003076,ok,-5.928700358104586,5.928700358104586
LGBM_V4,TSP-line_noise-n70-g10000-5,26797.22328318173,31927.56570981705,0.0302139000268653,0.0293085000012069,0.0009054000256583,0.4456309999804944,ok,-16.068692719212997,16.068692719212997
LGBM_V4,TSP-line_noise-n600-g1000-4,4831.570663955886,5164.506882936677,0.3070416999980807,0.305365400010487,0.0016762999875936,8.381685899978038,ok,-6.446621652897772,6.446621652897772
LGBM_V4,TSP-line_noise-n600-g1000-2,5244.429456179526,5522.205717856515,0.3151808000111487,0.3137623000075109,0.0014185000036377,13.52973509998992,ok,-5.030168665733982,5.030168665733982
LGBM_V4,TSP-line_noise-n600-g1000-5,4878.280400911792,5245.366817049284,0.3176038000092376,0.3146252000005916,0.002978600008646,9.14870229997905,ok,-6.998298287630377,6.998298287630377
LGBM_V4,TSP-line_noise-n600-g10000-2,40375.26059318941,44983.0606777198,0.3034011999843642,0.3012904000061098,0.0021107999782543,7.693786500021815,ok,-10.243411664543856,10.243411664543856
LGBM_V4,TSP-line_noise-n600-g10000-1,49067.85273042967,50258.247345354495,0.3125620000064373,0.3103224000078626,0.0022395999985747,8.210245100024622,ok,-2.3685557650765423,2.3685557650765423
LGBM_V4,TSP-line_noise-n8-g1000-1,2105.2263196209924,2211.842677053196,0.0117490999691654,0.0096146999858319,0.0021343999833334,0.0893829999840818,ok,-4.820250487898485,4.820250487898485
LGBM_V4,TSP-line_noise-n600-g10000-3,43981.4455069845,47109.34900314397,0.3056203999731224,0.3004925999848638,0.0051277999882586,4.125985699996818,ok,-6.639666143445804,6.639666143445804
LGBM_V4,TSP-line_noise-n8-g1000-3,2763.054793306523,2847.6159095789376,0.0138873999821953,0.0121868999849539,0.0017004999972414,0.0825369000085629,ok,-2.969540800357379,2.969540800357379
LGBM_V4,TSP-line_noise-n8-g1000-2,2754.4454387029004,2894.063604465749,0.016338799992809,0.0137741999933496,0.0025645999994594,0.1234144999762065,ok,-4.824294999854448,4.824294999854448
LGBM_V4,TSP-line_noise-n8-g10000-1,20889.51662160968,22446.128547865403,0.0151864999788813,0.0142625999869778,0.0009238999919034,1.07303770002909,ok,-6.934879317546071,6.934879317546071
LGBM_V4,TSP-line_noise-n8-g1000-5,2819.199648754004,2926.148208191508,0.0193748000019695,0.0108762999880127,0.0084985000139568,0.091148899984546,ok,-3.6549262658026054,3.6549262658026054
LGBM_V4,TSP-line_noise-n8-g1000-4,2747.3483274166674,2791.462528799071,0.0247903999988921,0.0215502999781165,0.0032401000207755,0.0804704999900423,ok,-1.5803257585328334,1.5803257585328334
LGBM_V4,TSP-line_noise-n8-g10000-2,22724.03514156516,24508.345876548683,0.0135879000008571,0.0107255000039003,0.0028623999969568,1.6604499000241049,ok,-7.280420898135264,7.280420898135264
LGBM_V4,TSP-line_noise-n600-g10000-5,43862.72189842103,47027.87893576619,0.3276849999965634,0.3255943999974988,0.0020905999990645,12.37861980003072,ok,-6.730384420841824,6.730384420841824
LGBM_V4,TSP-line_noise-n8-g10000-5,24762.516551449127,24717.259799939216,0.0156863000011071,0.0127888999995775,0.0028974000015296,0.9251907999860124,ok,0.18309777004497124,0.18309777004497124
LGBM_V4,TSP-line_noise-n8-g10000-4,25535.114687123645,26291.946859806427,0.0218167999992147,0.0155803000088781,0.0062364999903365,1.3732047999510542,ok,-2.8785702965183684,2.8785702965183684
LGBM_V4,TSP-line_noise-n8-g10000-3,19848.203724950647,21002.31054114533,0.0235573000099975,0.0222290999954566,0.0013282000145409,0.7291148999938741,ok,-5.495142136545825,5.495142136545825
LGBM_V4,TSP-line_noise-n600-g1000-3,5912.884895512211,5948.309716482953,0.3753186000103596,0.3711047999968286,0.0042138000135309,20.71598149999045,ok,-0.5955443253497508,0.5955443253497508
LGBM_V4,TSP-line_noise-n600-g1000-1,6153.602880427444,6252.056044339179,0.3871221999870613,0.3838502999860793,0.0032719000009819,10.337055499956476,ok,-1.5747325873842368,1.5747325873842368
LGBM_V4,TSP-line_noise-n80-g1000-1,2740.9121621066297,3283.044196080198,0.0381379000027664,0.035955900006229,0.0021819999965373,0.258186699997168,ok,-16.51308972997832,16.51308972997832
LGBM_V4,TSP-line_noise-n80-g1000-3,2772.3459390663343,3253.910362168607,0.0360077999939676,0.0335660999990068,0.0024416999949608,0.2189450999721884,ok,-14.799560206118542,14.799560206118542
LGBM_V4,TSP-line_noise-n80-g1000-2,2808.495209888014,3261.325829265292,0.0419626000220887,0.0395752000040374,0.0023874000180512,0.6281069999677129,ok,-13.88486287735597,13.88486287735597
LGBM_V4,TSP-line_noise-n80-g10000-1,23494.360233340503,24267.895147685897,0.03197569999611,0.0303583999921102,0.0016173000039998,3.1960871999617666,ok,-3.187482513987847,3.187482513987847
LGBM_V4,TSP-line_noise-n80-g1000-5,2646.28138910078,3112.7346487321565,0.0315497000119648,0.0306202000065241,0.0009295000054407,0.1451355000026524,ok,-14.985320378059432,14.985320378059432
LGBM_V4,TSP-line_noise-n80-g1000-4,2769.992437275488,3357.732940445915,0.0440286999801173,0.041699499997776,0.0023291999823413,1.092907100042794,ok,-17.5040872396592,17.5040872396592
LGBM_V4,TSP-line_noise-n80-g10000-2,29704.89256265736,33242.513391813285,0.0380673999898135,0.0334077999868895,0.0046596000029239,1.063296900014393,ok,-10.641857273124076,10.641857273124076
LGBM_V4,TSP-line_noise-n600-g10000-4,53204.20909952627,52351.081442829454,0.3843371999973897,0.3820232000143733,0.0023139999830164,6.83521109999856,ok,1.6296275705946637,1.6296275705946637
LGBM_V4,TSP-line_noise-n80-g10000-3,24854.635670171738,29849.120107758103,0.0388049000175669,0.0374338999972678,0.0013710000202991,0.9727469999925232,ok,-16.732434388537456,16.732434388537456
LGBM_V4,TSP-line_noise-n80-g10000-4,27016.41040228417,31795.722504399964,0.0416270999994594,0.0405426000070292,0.0010844999924302,0.5696435000281781,ok,-15.031305237534456,15.031305237534456
LGBM_V4,TSP-line_noise-n80-g10000-5,27006.097649600644,29032.579912075627,0.034702400007518,0.0271767000085674,0.0075256999989505,1.17005600000266,ok,-6.980028191129169,6.980028191129169
LGBM_V4,TSP-line_noise-n700-g1000-2,5295.26582186202,5573.352336980548,0.3671595999912824,0.3653816999867558,0.0017779000045266,7.629846700001508,ok,-4.989573569095146,4.989573569095146
LGBM_V4,TSP-line_noise-n90-g1000-1,2844.4650200729,3257.492566329876,0.0108285000023897,0.0091745000099763,0.0016539999924134,1.42849020002177,ok,-12.679308942286308,12.679308942286308
LGBM_V4,TSP-line_noise-n700-g1000-3,4635.316808722192,4959.68614464531,0.3831500000087544,0.3813698999874759,0.0017801000212784,12.313857899978755,ok,-6.540118194239395,6.540118194239395
LGBM_V4,TSP-line_noise-n700-g10000-1,41632.94362348509,46251.70838770087,0.3793980999907944,0.3770863999961875,0.0023116999946068,7.111163099994883,ok,-9.986149539600557,9.986149539600557
LGBM_V4,TSP-line_noise-n90-g1000-2,2667.4928660452724,3225.033579154836,0.0181584999954793,0.01611050000065,0.0020479999948292,0.2745590000413358,ok,-17.287904123332403,17.287904123332403
LGBM_V4,TSP-line_noise-n700-g10000-3,43730.117768363554,45816.38688085592,0.3798613999970257,0.3779622000001836,0.001899199996842,10.93676949996734,ok,-4.55354351253765,4.55354351253765
LGBM_V4,TSP-line_noise-n90-g1000-3,2795.648632778662,3373.2161941199925,0.0187717000080738,0.0174699999915901,0.0013017000164836,0.2582211999688297,ok,-17.122162592131357,17.122162592131357
LGBM_V4,TSP-line_noise-n700-g1000-1,4764.092091683528,5263.521719377119,0.4083377000351902,0.4071935000247322,0.001144200010458,11.70760419999715,ok,-9.488507017174278,9.488507017174278
LGBM_V4,TSP-line_noise-n90-g1000-4,2896.3333503209847,3321.9171222554087,0.0248575999867171,0.0202092999825254,0.0046483000041916,1.1694689999567345,ok,-12.81139041920091,12.81139041920091
LGBM_V4,TSP-line_noise-n700-g1000-4,6065.208580248157,6181.8907155870365,0.4266070000012405,0.4235686000029091,0.0030383999983314,9.766425499983598,ok,-1.8874829838818874,1.8874829838818874
LGBM_V4,TSP-line_noise-n700-g10000-2,47139.64504898333,50142.31624021014,0.4174351999827195,0.4151842999854125,0.0022508999973069,13.898695099982431,ok,-5.988297742055451,5.988297742055451
LGBM_V4,TSP-line_noise-n700-g1000-5,5983.783368275297,6000.266533627231,0.4205934000201523,0.4194630999991204,0.0011303000210318,7.781146200024523,ok,-0.2747072194136318,0.2747072194136318
LGBM_V4,TSP-line_noise-n90-g1000-5,2731.068275450922,3272.430802927337,0.0290676000004168,0.0269404000137001,0.0021271999867167,0.3904834999702871,ok,-16.543131393095972,16.543131393095972
LGBM_V4,TSP-line_noise-n90-g10000-1,28916.494677729028,32854.96104782861,0.028446200012695,0.02696129999822,0.0014849000144749,0.3434183999779634,ok,-11.987432778770188,11.987432778770188
LGBM_V4,TSP-line_noise-n90-g10000-2,29404.27516751759,33493.80720166007,0.0335384999925736,0.0317950999888125,0.001743400003761,1.1277326999697834,ok,-12.209815413100573,12.209815413100573
LGBM_V4,TSP-line_noise-n90-g10000-3,28756.08297317228,33533.957611472724,0.0341981999808922,0.0322122999932616,0.0019858999876305,1.219951500010211,ok,-14.247869856750295,14.247869856750295
LGBM_V4,TSP-line_noise-n700-g10000-5,46623.56614213206,48951.75901422698,0.4158979000058025,0.4146253000071738,0.0012725999986287,8.308387500001118,ok,-4.7560964487880115,4.7560964487880115
LGBM_V4,TSP-line_noise-n700-g10000-4,40777.81204403256,45251.59451928031,0.4263866999826859,0.4251295999856666,0.0012570999970193,16.24251180002466,ok,-9.886463720834438,9.886463720834438
LGBM_V4,TSP-line_noise-n90-g10000-4,27191.28842799779,31806.66043780793,0.0429342999996151,0.0418275000120047,0.0011067999876104,0.6601830000290647,ok,-14.510709223417678,14.510709223417678
LGBM_V4,TSP-line_noise-n90-g10000-5,26839.97762556184,31583.25719693161,0.0377781000279355,0.0348995000240393,0.0028786000038962,1.276886499952525,ok,-15.018335638385608,15.018335638385608
LGBM_V4,TSP-line_noise-n800-g1000-4,4601.111792312588,5109.954401509077,0.3589902000094298,0.3572954999981448,0.001694700011285,29.788645900029223,ok,-9.95786985978226,9.95786985978226
LGBM_V4,TSP-normal-n10-g1000-1,1482.2407587436664,1390.1509545485387,0.0067449000198394,0.0048070000193547,0.0019379000004846,0.4217183000000659,ok,6.6244463519456085,6.6244463519456085
LGBM_V4,TSP-line_noise-n800-g10000-5,58204.16796018951,60639.54497921802,0.3416421999863814,0.3392259000102058,0.0024162999761756,15.078985700034536,ok,-4.0161531882588335,4.0161531882588335
LGBM_V4,TSP-normal-n10-g1000-2,1760.1207337537603,1725.4637568661335,0.0060303000209387,0.0049148000252898,0.0011154999956488,0.2216393000126117,ok,2.008560118966068,2.008560118966068
LGBM_V4,TSP-normal-n10-g1000-3,1825.755877049596,1825.4671505541403,0.0072475999768357,0.0050578999798744,0.0021896999969612,0.4622107000031974,ok,0.015816581271703656,0.015816581271703656
LGBM_V4,TSP-normal-n10-g1000-4,1414.2806635874529,1414.230015016442,0.0069421000371221,0.0058996000152546,0.0010425000218674,0.0968223999952897,ok,0.003581353137264289,0.003581353137264289
LGBM_V4,TSP-line_noise-n800-g1000-5,5627.422685393228,5962.170819543785,0.3809611999895423,0.3797648999898229,0.0011962999997194,16.351178300043102,ok,-5.614534441939582,5.614534441939582
LGBM_V4,TSP-normal-n10-g10000-1,15456.23731588348,15502.094099419648,0.0080806000041775,0.0057701999903656,0.0023104000138118,0.040322400003788,ok,-0.29581025145425327,0.29581025145425327
LGBM_V4,TSP-normal-n10-g1000-5,2411.324420087173,2296.243671593975,0.0111692999780643,0.0096094000036828,0.0015598999743815,0.3092878000024939,ok,5.011695836849632,5.011695836849632
LGBM_V4,TSP-normal-n10-g10000-2,14442.169263583788,13552.333968034936,0.0109214000112842,0.0091782000090461,0.0017432000022381,0.0386086999933468,ok,6.565919181505207,6.565919181505207
LGBM_V4,TSP-line_noise-n800-g1000-1,7028.085638049841,7012.725834772045,0.3989010999794118,0.3979792000027373,0.0009218999766744,15.473641899996435,ok,0.2190275741514814,0.2190275741514814
LGBM_V4,TSP-line_noise-n800-g1000-2,4614.943891916751,5085.213649716132,0.4044941999891307,0.4027835999731906,0.0017106000159401,34.633051500015426,ok,-9.247787609191835,9.247787609191835
LGBM_V4,TSP-normal-n10-g10000-3,12676.408616503037,12592.564940555094,0.0093467000115197,0.0082847000157926,0.001061999995727,0.0817912000056821,ok,0.6658188887151916,0.6658188887151916
LGBM_V4,TSP-normal-n10-g10000-4,18776.86869056504,18891.92436357838,0.0112579999840818,0.0096527999849058,0.0016051999991759,0.0539128999953391,ok,-0.6090203983409679,0.6090203983409679
LGBM_V4,TSP-normal-n10-g10000-5,16646.34894155182,16327.52700174807,0.0144498000154271,0.0127873000164981,0.0016624999989289,0.0414543999941088,ok,1.952665212371813,1.952665212371813
LGBM_V4,TSP-normal-n100-g1000-3,6139.904488829165,6269.16756446876,0.0229703999939374,0.0211582999909296,0.0018121000030077,0.2873156999994535,ok,-2.0618857976010916,2.0618857976010916
LGBM_V4,TSP-normal-n100-g1000-1,5889.220709963506,5927.492726973901,0.0285375000094063,0.0260159999888855,0.0025215000205207,0.3882884000049671,ok,-0.6456695735151656,0.6456695735151656
LGBM_V4,TSP-normal-n100-g1000-2,6114.286461488177,5935.622504875144,0.0273280000255908,0.0236492000112775,0.0036788000143133,0.3067337999964366,ok,3.010028964380571,3.010028964380571
LGBM_V4,TSP-line_noise-n800-g1000-3,6081.584020835546,6352.56521519998,0.4373444000375457,0.4355043000250589,0.0018401000124868,20.711412400007248,ok,-4.265697166178623,4.265697166178623
LGBM_V4,TSP-normal-n100-g1000-4,5623.9222131379975,5711.703914708348,0.0282673999899998,0.0268483000108972,0.0014190999791026,0.5022791999945184,ok,-1.5368741601661384,1.5368741601661384
LGBM_V4,TSP-normal-n100-g1000-5,4913.479440091088,4931.1882205825,0.0325690999743528,0.0294374999939464,0.0031315999804064,0.2640253999998094,ok,-0.35911791842577023,0.35911791842577023
LGBM_V4,TSP-normal-n100-g10000-1,59484.65019258334,58589.35847000695,0.0257142999907955,0.0234989000018686,0.0022153999889269,0.4011992000014288,ok,1.5280790675233513,1.5280790675233513
LGBM_V4,TSP-normal-n100-g10000-3,60152.893545421786,59772.7008720766,0.0235019999963697,0.0225003999948967,0.0010016000014729,0.7494975000008708,ok,0.6360640690452628,0.6360640690452628
LGBM_V4,TSP-normal-n100-g10000-4,56755.93794249596,55632.89455940575,0.0291859999997541,0.0270677999942563,0.0021182000054977,0.4693867000023601,ok,2.0186678978046095,2.0186678978046095
LGBM_V4,TSP-normal-n100-g10000-2,56038.81708947888,55768.80939879814,0.0348972000065259,0.0332659000123385,0.0016312999941874,0.2106460000068182,ok,0.48415537930877184,0.48415537930877184
LGBM_V4,TSP-line_noise-n800-g10000-2,73590.34237617115,70972.64175589886,0.4653624999918975,0.4620658999774605,0.0032966000144369,6.932110099995043,ok,3.6883234941085097,3.6883234941085097
LGBM_V4,TSP-normal-n100-g10000-5,56608.241569948,56178.81673362034,0.0317571999912615,0.0278294000017922,0.0039277999894693,0.3129428999964148,ok,0.7643892507808308,0.7643892507808308
LGBM_V4,TSP-line_noise-n800-g10000-3,43011.445587890405,48576.41024795341,0.5059771999949589,0.5035048999998253,0.0024722999951336,15.851468199980443,ok,-11.456105199328654,11.456105199328654
LGBM_V4,TSP-line_noise-n800-g10000-1,44396.00119979023,47714.38734875868,0.5419490000058431,0.5407495999825187,0.0011994000233244,14.519427600025663,ok,-6.954686695887712,6.954686695887712
LGBM_V4,TSP-line_noise-n800-g10000-4,68855.24555434486,67811.40332222787,0.5181876999849919,0.5164868999854662,0.0017007999995257,5.459234500012826,ok,1.5393314117934385,1.5393314117934385
LGBM_V4,TSP-line_noise-n900-g1000-3,5990.383177769131,6214.299891254403,0.4489085999666713,0.4457082999870181,0.0032002999796532,13.94544479995966,ok,-3.603249238106405,3.603249238106405
LGBM_V4,TSP-line_noise-n900-g1000-5,5924.077287579733,5919.6159014672285,0.4403728000179399,0.4382452999998349,0.0021275000181049,18.306119600019883,ok,0.0753661417694119,0.0753661417694119
LGBM_V4,TSP-normal-n20-g1000-1,2396.5196439732817,2488.889851724204,0.0085017000092193,0.0060699000023305,0.0024318000068888,0.2674762999959057,ok,-3.711301554262516,3.711301554262516
LGBM_V4,TSP-normal-n20-g1000-2,2415.8387207762107,2257.6179490825134,0.0090717999846674,0.0077521000057458,0.0013196999789215,0.1116411999973934,ok,7.008305889754181,7.008305889754181
LGBM_V4,TSP-normal-n20-g1000-3,2672.4333604476965,2563.0658937480835,0.0068601000239141,0.0052607000106945,0.0015994000132195,0.4113769999967189,ok,4.267056378315744,4.267056378315744
LGBM_V4,TSP-normal-n20-g1000-4,2308.123494378996,2287.688214995308,0.0069684000045526,0.0054623000032734,0.0015061000012792,0.1120025999989593,ok,0.8932720486008098,0.8932720486008098
LGBM_V4,TSP-normal-n20-g1000-5,2034.433100012514,1958.504851667687,0.0075750000250991,0.0055943000188563,0.0019807000062428,0.260193199996138,ok,3.8768476003607146,3.8768476003607146
LGBM_V4,TSP-normal-n20-g10000-1,20971.43778628539,21297.98121142292,0.0088491000060457,0.0073224999941885,0.0015266000118572,0.051454400003422,ok,-1.533213039752295,1.533213039752295
LGBM_V4,TSP-normal-n20-g10000-3,21053.1289007747,19810.292742901205,0.0077179000072646,0.0061983999912627,0.0015195000160019,0.0942799000040395,ok,6.273689006028703,6.273689006028703
LGBM_V4,TSP-normal-n20-g10000-2,19139.301623136053,20053.18107507254,0.0102135000342968,0.0089229000150226,0.0012906000192742,0.0473458000051323,ok,-4.557279209294644,4.557279209294644
LGBM_V4,TSP-normal-n20-g10000-4,27440.88136247986,25864.260868361827,0.0085928000044077,0.0069704999914392,0.0016223000129684,0.0727817000006325,ok,6.095749274036347,6.095749274036347
LGBM_V4,TSP-normal-n20-g10000-5,24792.441019147456,26410.949085741064,0.0088945000024978,0.0075952000042889,0.0012992999982088,0.1147805999935371,ok,-6.128170787574686,6.128170787574686
LGBM_V4,TSP-line_noise-n900-g10000-4,50634.79859737651,54388.54739833168,0.4771495999884791,0.4756907999981195,0.0014587999903596,3.147703199996613,ok,-6.90172652243018,6.90172652243018
LGBM_V4,TSP-line_noise-n900-g10000-1,43641.39114894606,48182.952761257024,0.4955557999783195,0.493495399976382,0.0020604000019375,23.48611030000029,ok,-9.42566063730894,9.42566063730894
LGBM_V4,TSP-line_noise-n900-g1000-1,6665.660631455397,6779.420507948478,0.5110641999926884,0.508644399989862,0.0024198000028263,51.92699680000078,ok,-1.6780177060812784,1.6780177060812784
LGBM_V4,TSP-line_noise-n900-g1000-2,5501.302073384081,5852.473969130944,0.5160501999780536,0.513776699983282,0.0022734999947715,9.920081200019922,ok,-6.0004008150934105,6.0004008150934105
LGBM_V4,TSP-line_noise-n900-g10000-3,48968.86194752538,52914.85775222579,0.4890270000032615,0.4869293000083416,0.0020976999949198,17.803887100017164,ok,-7.457254866256214,7.457254866256214
LGBM_V4,TSP-line_noise-n900-g1000-4,5718.225190492892,6017.65214412442,0.5396860000037123,0.5364170999964699,0.0032689000072423,14.459175299969502,ok,-4.975810273843868,4.975810273843868
LGBM_V4,TSP-normal-n200-g1000-1,7948.564232721649,7860.135196441393,0.0387325000192504,0.0375193000072613,0.0012132000119891,0.703337900005863,ok,1.1250320009799737,1.1250320009799737
LGBM_V4,TSP-line_noise-n900-g10000-5,48568.57476930284,52617.05931487912,0.5016372999816667,0.4981913999945391,0.0034458999871276,8.514512499968987,ok,-7.694243270701843,7.694243270701843
LGBM_V4,TSP-normal-n200-g1000-2,7613.212006947892,7694.6514372797665,0.0403355000016745,0.0388192000100389,0.0015162999916356,1.8592062999960035,ok,-1.058390116767456,1.058390116767456
LGBM_V4,TSP-line_noise-n900-g10000-2,67717.32527611945,68615.49775524167,0.5348374000168405,0.5315721000079066,0.0032653000089339,6.014943999995012,ok,-1.3089936071382784,1.3089936071382784
LGBM_V4,TSP-normal-n200-g1000-4,8210.488672586633,8405.31822907392,0.0603189000103157,0.0580830000108107,0.0022358999995049,0.888798100000713,ok,-2.317931947101945,2.317931947101945
LGBM_V4,TSP-normal-n30-g1000-1,3008.8334452359054,2880.173264349905,0.0184778000111691,0.0165286000119522,0.0019491999992169,0.1330998000048566,ok,4.4670986457143185,4.4670986457143185
LGBM_V4,TSP-normal-n30-g1000-2,3382.2310188887413,3335.543935322294,0.0166250999900512,0.0156727999856229,0.0009523000044282,0.0881272000115132,ok,1.3996842635483409,1.3996842635483409
LGBM_V4,TSP-normal-n200-g1000-3,8868.295629533965,8698.748896025576,0.0620913000020664,0.0604814999969676,0.0016098000050988,1.765908400004264,ok,1.9490933183029782,1.9490933183029782
LGBM_V4,TSP-normal-n200-g1000-5,7877.782395473633,7740.068200631638,0.0616742999700363,0.0605442999803926,0.0011299999896436,1.0683924999902956,ok,1.7792374856691382,1.7792374856691382
LGBM_V4,TSP-normal-n200-g10000-2,78423.38994393556,79434.47898599734,0.0649861999845597,0.0603866000019479,0.0045995999826118,3.170084699988365,ok,-1.2728591601136,1.2728591601136
LGBM_V4,TSP-normal-n200-g10000-1,80070.09391258986,80735.35329773775,0.0696408000076189,0.0680215999891515,0.0016192000184673,1.1923419000086142,ok,-0.824000091625944,0.824000091625944
LGBM_V4,TSP-normal-n200-g10000-4,77591.86360280708,78700.58602810894,0.047100199968554,0.0447063999890815,0.0023937999794725,2.373877399993944,ok,-1.408785475759825,1.408785475759825
LGBM_V4,TSP-normal-n30-g1000-5,3467.0548792372915,3513.6785272494867,0.0197678000258747,0.0184188999992329,0.0013489000266417,0.0740481999964686,ok,-1.3269184317978076,1.3269184317978076
LGBM_V4,TSP-normal-n30-g1000-4,3422.3598181136726,3424.332611805115,0.0222811999556142,0.0199372999777551,0.0023438999778591,0.0796621000044979,ok,-0.05761104177325819,0.05761104177325819
LGBM_V4,TSP-normal-n30-g10000-2,23368.70927557487,23177.86194491869,0.0200340999872423,0.0182404999795835,0.0017936000076588,0.065971999996691,ok,0.8234035180195677,0.8234035180195677
LGBM_V4,TSP-normal-n30-g10000-1,30918.11331997125,31193.26142847479,0.0248040000151377,0.0237971000024117,0.0010069000127259,0.0482044000091264,ok,-0.8820754736866726,0.8820754736866726
LGBM_V4,TSP-normal-n30-g1000-3,2826.889224706184,2845.9337272110624,0.0344728000054601,0.0321814999915659,0.0022913000138942,0.088304099990637,ok,-0.6691829230873036,0.6691829230873036
LGBM_V4,TSP-normal-n30-g10000-4,32146.34664039096,32624.08088917616,0.02197729999898,0.0199258999782614,0.0020514000207185,0.0699594000034267,ok,-1.4643607904482001,1.4643607904482001
LGBM_V4,TSP-normal-n200-g10000-3,78014.07595953334,78802.46920710418,0.0692814000067301,0.0679539999982807,0.0013274000084493,1.6053994999965653,ok,-1.0004676953698393,1.0004676953698393
LGBM_V4,TSP-normal-n30-g10000-3,26786.977540482865,26167.043989296777,0.0226820999814663,0.0203410999965854,0.0023409999848809,0.0483643999905325,ok,2.369138644165013,2.369138644165013
LGBM_V4,TSP-normal-n30-g10000-5,27584.886524920224,25635.032736442805,0.0208993999985978,0.0180855999933555,0.0028138000052422,0.0410200999904191,ok,7.606207522822876,7.606207522822876
LGBM_V4,TSP-normal-n200-g10000-5,82177.34201647362,81604.67342695601,0.0751304999866988,0.0720808999903965,0.0030495999963022,2.3244549999944866,ok,0.7017595506098047,0.7017595506098047
LGBM_V4,TSP-normal-n300-g1000-2,9961.279118721195,9901.37106602861,0.0556689000222831,0.0533267999999225,0.0023421000223606,1.661686399995233,ok,0.6050480513565214,0.6050480513565214
LGBM_V4,TSP-normal-n300-g10000-4,97858.35961196016,96790.593792541,0.044971199997235,0.043480799999088,0.001490399998147,2.5949337000056403,ok,1.1031710598942999,1.1031710598942999
LGBM_V4,TSP-normal-n40-g1000-1,3840.099411505005,3834.3999710211833,0.0127841999928932,0.0095573999860789,0.0032268000068143,0.0992495999962557,ok,0.14863969661213008,0.14863969661213008
LGBM_V4,TSP-normal-n300-g1000-4,10131.5871209537,10103.709702329475,0.0789370999846141,0.076562299975194,0.0023748000094201,1.2414698999928078,ok,0.275912703804199,0.275912703804199
LGBM_V4,TSP-normal-n300-g1000-1,9677.232219349644,9441.207545477948,0.0837119999923743,0.0819605999859049,0.0017514000064693,2.0983821999980137,ok,2.4999415883484595,2.4999415883484595
LGBM_V4,TSP-normal-n300-g1000-3,9429.513911214017,9388.409612624397,0.0855950000113807,0.0844883999961894,0.0011066000151913,1.4728497000032803,ok,0.43781961253957297,0.43781961253957297
LGBM_V4,TSP-normal-n40-g1000-2,3319.879925211187,3389.427444202091,0.0243698999693151,0.021004999987781,0.0033648999815341,0.2695570999931078,ok,-2.0518957887672427,2.0518957887672427
LGBM_V4,TSP-normal-n300-g10000-3,102658.26306401187,102039.4537785215,0.0803706000151578,0.0776367000071331,0.0027339000080246,2.0054638000001432,ok,0.6064411975719735,0.6064411975719735
LGBM_V4,TSP-normal-n300-g1000-5,10346.55139170596,10308.292344469077,0.0848796000354923,0.0837331000075209,0.0011465000279713,2.172930800006725,ok,0.3711482557769215,0.3711482557769215
LGBM_V4,TSP-normal-n40-g1000-3,3868.2149430900913,3835.932000313642,0.0276779999840073,0.0254685999825596,0.0022094000014476,0.1753612000029534,ok,0.8415931975282539,0.8415931975282539
LGBM_V4,TSP-normal-n300-g10000-1,99060.07121813083,96934.1237393852,0.0925876999972388,0.089647100016009,0.0029405999812297,6.655078499999945,ok,2.19318790610972,2.19318790610972
LGBM_V4,TSP-normal-n300-g10000-2,104857.84806519355,104597.62155965537,0.0868307999917306,0.0806660999951418,0.0061646999965887,6.159889999995357,ok,0.24878816712841914,0.24878816712841914
LGBM_V4,TSP-normal-n40-g1000-4,3700.086912170296,3831.2389535484863,0.0245359000109601,0.0201710000110324,0.0043648999999277,0.0888660000055097,ok,-3.4232279157821175,3.4232279157821175
LGBM_V4,TSP-normal-n40-g1000-5,3320.9912875321406,3416.7299320100738,0.0262920999957714,0.0248615999880712,0.0014305000077001,0.1244314000068698,ok,-2.8020547828786033,2.8020547828786033
LGBM_V4,TSP-normal-n40-g10000-1,33831.431673719424,32999.9919908508,0.0356996999762486,0.0295932999870274,0.0061063999892212,0.0957405999943148,ok,2.519514802000975,2.519514802000975
LGBM_V4,TSP-normal-n300-g10000-5,105051.46813140636,104758.51671959629,0.0949385999992955,0.0915665999928023,0.0033720000064931,2.03075419999368,ok,0.27964448236147843,0.27964448236147843
LGBM_V4,TSP-normal-n40-g10000-4,37628.6659953917,37984.92667820881,0.0319153000018559,0.0304697999963536,0.0014455000055022,0.0958241000043926,ok,-0.9379001461163582,0.9379001461163582
LGBM_V4,TSP-normal-n40-g10000-2,37762.70001898363,36592.79422554166,0.0347559999790973,0.0294341999979224,0.0053217999811749,0.0974373000062769,ok,3.1970933573183804,3.1970933573183804
LGBM_V4,TSP-normal-n40-g10000-3,35366.14390568149,34788.69400626067,0.0336412000178825,0.0316578000201843,0.0019833999976981,0.1455544999917037,ok,1.6598780607196675,1.6598780607196675
LGBM_V4,TSP-normal-n40-g10000-5,30542.67850776868,30290.79379053224,0.0386498000007122,0.0316871000104583,0.0069626999902538,0.0462697000039042,ok,0.8315553530167639,0.8315553530167639
LGBM_V4,TSP-normal-n400-g1000-2,11569.409565954771,11642.587405352544,0.0761179999972228,0.0740170000062789,0.0021009999909438,6.361773500000709,ok,-0.6285358816729196,0.6285358816729196
LGBM_V4,TSP-normal-n400-g10000-5,117644.4268916882,119094.85793604856,0.043733800004702,0.0412878000061027,0.0024459999985992,3.481830699995044,ok,-1.2178788148344841,1.2178788148344841
LGBM_V4,TSP-normal-n400-g10000-3,115170.00804668476,114922.32218741912,0.0594479999854229,0.0552919000037945,0.0041560999816283,9.561253699997906,ok,0.2155245861301872,0.2155245861301872
LGBM_V4,TSP-normal-n5-g1000-1,1385.4416813749274,1396.778345378233,0.012327299977187,0.0094019999960437,0.0029252999811433,0.0416406000003917,ok,-0.8116294214337825,0.8116294214337825
LGBM_V4,TSP-normal-n400-g1000-3,10857.235057686014,10804.957813715107,0.09032320001279,0.0886962999938987,0.0016269000188913,2.805910099996254,ok,0.4838264514512841,0.4838264514512841
LGBM_V4,TSP-normal-n5-g1000-2,1706.8844529810754,1724.384941464183,0.0142786999931558,0.0114546999975573,0.0028239999955985,0.0895170000003418,ok,-1.0148829337518936,1.0148829337518936
LGBM_V4,TSP-normal-n5-g1000-3,1555.6594518125223,1585.992893368665,0.0118147000030148,0.0096742000023368,0.002140500000678,0.0925812999921618,ok,-1.9125836996478625,1.9125836996478625
LGBM_V4,TSP-normal-n5-g1000-4,1021.753386225096,1031.6126146013055,0.0131736999901477,0.0117691000050399,0.0014045999851077,0.06045579999045,ok,-0.9557103351261179,0.9557103351261179
LGBM_V4,TSP-normal-n5-g1000-5,773.8364089173539,781.993224104553,0.0138013000250794,0.0109231000242289,0.0028782000008504,0.0452996000094572,ok,-1.0430800339145267,1.0430800339145267
LGBM_V4,TSP-normal-n400-g10000-2,106827.59940962192,105959.3871557014,0.0898300999833736,0.0864595999883022,0.0033704999950714,3.256970500005991,ok,0.8193821021678109,0.8193821021678109
LGBM_V4,TSP-normal-n400-g1000-1,11217.167018693255,11169.183836976565,0.1206525999878067,0.1152859999856446,0.0053666000021621,2.0033210999972653,ok,0.42960329435923494,0.42960329435923494
LGBM_V4,TSP-normal-n400-g1000-5,12072.309826651375,11994.834250030615,0.1039895999711006,0.1002044999913778,0.0037850999797228,4.767353099989123,ok,0.6459078550465357,0.6459078550465357
LGBM_V4,TSP-normal-n400-g10000-1,107839.40116770004,107819.2823214052,0.1038982000027317,0.1024758999992627,0.0014223000034689,5.13986379999551,ok,0.018659785023295194,0.018659785023295194
LGBM_V4,TSP-normal-n400-g10000-4,113283.94924784302,113242.19063043396,0.0897660999908112,0.0884790999989491,0.0012869999918621,5.958339799995883,ok,0.0368754941745459,0.0368754941745459
LGBM_V4,TSP-normal-n400-g1000-4,11863.50256115339,12008.242476798812,0.1161359000252559,0.1104770000092685,0.0056589000159874,1.148556500003906,ok,-1.2053380494695687,1.2053380494695687
LGBM_V4,TSP-normal-n5-g10000-2,13518.744020484077,13829.524135086274,0.0190855000400915,0.0158730000257492,0.0032125000143423,0.3294030999968527,ok,-2.2472220415287536,2.2472220415287536
LGBM_V4,TSP-normal-n5-g10000-4,9520.406849616813,9361.106732824244,0.0174991000094451,0.0166396000131499,0.0008594999962951,0.1691317999939201,ok,1.7017231117982112,1.7017231117982112
LGBM_V4,TSP-normal-n5-g10000-1,5637.135170387291,5090.942243571292,0.0252458000031765,0.0219541999977082,0.0032916000054683,0.3351690999988932,ok,10.728719767067018,10.728719767067018
LGBM_V4,TSP-normal-n5-g10000-3,8232.317063795374,8075.606211595029,0.0271794999716803,0.0257895999820902,0.00138989998959,0.1166667000070447,ok,1.9405459861990013,1.9405459861990013
LGBM_V4,TSP-normal-n5-g10000-5,10822.745472046136,10464.194607279522,0.0199617000180296,0.0164978000102564,0.0034639000077731,0.1171955000027082,ok,3.426454478562395,3.426454478562395
LGBM_V4,TSP-normal-n50-g1000-1,3506.893596677186,3604.204339218604,0.0340704999980516,0.0323455999896395,0.001724900008412,0.2934636999998474,ok,-2.699923017198168,2.699923017198168
LGBM_V4,TSP-normal-n50-g10000-3,35198.43678739483,34719.178096308235,0.023709900007816,0.0224657999933697,0.0012441000144463,0.0479784000053769,ok,1.380386049915031,1.380386049915031
LGBM_V4,TSP-normal-n50-g1000-2,3875.385431141356,4037.3553942643566,0.0417863000184297,0.0387710000213701,0.0030152999970596,0.3344736000144621,ok,-4.011783638197968,4.011783638197968
LGBM_V4,TSP-normal-n50-g1000-5,4159.653807703802,4069.934616375464,0.0374713000201154,0.0355028000194579,0.0019685000006575,0.1953664000029675,ok,2.2044381491376104,2.2044381491376104
LGBM_V4,TSP-normal-n50-g10000-1,35738.99875378799,35838.43235725773,0.0356320999853778,0.0337673999893013,0.0018646999960765,0.1371982999989995,ok,-0.2774496453375058,0.2774496453375058
LGBM_V4,TSP-normal-n50-g1000-3,3808.313686920728,3807.444011276019,0.0434838000219315,0.0420936000009533,0.0013902000209782,0.1676826000039,ok,0.022841455898846324,0.022841455898846324
LGBM_V4,TSP-normal-n50-g1000-4,3900.630013219368,3901.989500159471,0.0447506999480538,0.0408019999740645,0.0039486999739892,0.0619716000073822,ok,-0.03484086617986962,0.03484086617986962
LGBM_V4,TSP-normal-n50-g10000-2,42698.62035906822,42471.62521747826,0.0371007999929133,0.0327962999872397,0.0043045000056736,0.0518890000093961,ok,0.5344630454512213,0.5344630454512213
LGBM_V4,TSP-normal-n50-g10000-5,46523.67046170418,47148.69726713051,0.0304550000000745,0.0283301000017672,0.0021248999983072,0.0871703000011621,ok,-1.3256502123168168,1.3256502123168168
LGBM_V4,TSP-normal-n50-g10000-4,38350.14658980181,38137.11456776213,0.03433589998167,0.0333272999851033,0.0010085999965667,0.2120961000036914,ok,0.5585950181447507,0.5585950181447507
LGBM_V4,TSP-normal-n500-g1000-5,12769.393146503133,12870.04235785082,0.059435500006657,0.0563614999991841,0.0030740000074729,3.0283302000025287,ok,-0.782042580351651,0.782042580351651
LGBM_V4,TSP-normal-n500-g1000-2,13396.818238618558,13115.439057157371,0.0715215999807696,0.0688542999851051,0.0026672999956645,3.757860900004744,ok,2.1454042082383227,2.1454042082383227
LGBM_V4,TSP-normal-n60-g1000-1,4056.231637953408,4188.89801113133,0.026136000000406,0.0227513999852817,0.0033846000151243,0.20996720000403,ok,-3.1670948498956624,3.1670948498956624
LGBM_V4,TSP-normal-n500-g1000-4,13313.672483415863,13282.846034397717,0.1004605000198353,0.0983913000090979,0.0020692000107374,6.278650899999775,ok,0.23207713872702537,0.23207713872702537
LGBM_V4,TSP-normal-n500-g10000-1,125440.4337624578,128022.05031102164,0.0951576999796088,0.0914877000031992,0.0036699999764095,2.730625500000315,ok,-2.0165405430486047,2.0165405430486047
LGBM_V4,TSP-normal-n500-g10000-4,120591.73750564668,120720.46539833132,0.0904839999857358,0.0855785000021569,0.0049054999835789,5.673406199988676,ok,-0.10663303215397744,0.10663303215397744
LGBM_V4,TSP-normal-n60-g1000-2,4358.867869090074,4400.981152577268,0.0327155000122729,0.0285107000090647,0.0042048000032082,0.2212112999986857,ok,-0.9569066993738911,0.9569066993738911
LGBM_V4,TSP-normal-n500-g10000-3,125172.88548059888,124472.7776747104,0.100981600000523,0.099385399982566,0.001596200017957,2.4430739999952493,ok,0.5624585704338448,0.5624585704338448
LGBM_V4,TSP-normal-n500-g1000-1,12766.62382444222,12811.76097059137,0.1170686000259593,0.115558300021803,0.0015103000041563,77.9672806999879,ok,-0.35231024254010507,0.35231024254010507
LGBM_V4,TSP-normal-n500-g10000-2,126779.60378529051,126270.80375056928,0.1004465999722015,0.0971145999792497,0.0033319999929517,4.750727799997549,ok,0.4029435305775842,0.4029435305775842
LGBM_V4,TSP-normal-n500-g1000-3,12486.80530855831,12403.018076714365,0.1032523000030778,0.0993268000020179,0.0039255000010598,6.492663900004118,ok,0.6755390609423476,0.6755390609423476
LGBM_V4,TSP-normal-n500-g10000-5,121618.85868532864,121587.10409950626,0.1083687999926041,0.1028952999913599,0.0054735000012442,6.41481859999476,ok,0.026116738331383404,0.026116738331383404
LGBM_V4,TSP-normal-n60-g1000-3,4594.1259709142905,4593.25747497625,0.0308303000056184,0.029369099996984,0.0014612000086344,0.1035387000010814,ok,0.01890806127834613,0.01890806127834613
LGBM_V4,TSP-normal-n60-g10000-2,47876.23044846803,49531.29359508514,0.0240921000076923,0.0229956000111997,0.0010964999964926,0.1882302000012714,ok,-3.341449468586741,3.341449468586741
LGBM_V4,TSP-normal-n60-g10000-3,40473.7327396809,40739.79074879608,0.0317558000097051,0.0294192000001203,0.0023366000095847,0.3193375999981072,ok,-0.6530667051181188,0.6530667051181188
LGBM_V4,TSP-normal-n60-g10000-5,45673.25565700272,45552.96925865261,0.0312824000138789,0.0291127999953459,0.0021696000185329,0.1528937999974005,ok,0.2640583046675222,0.2640583046675222
LGBM_V4,TSP-normal-n60-g1000-5,3937.191965099714,3868.21942544236,0.0438438999990467,0.0425870000035502,0.0012568999954964,0.1582508999999845,ok,1.78305654544058,1.78305654544058
LGBM_V4,TSP-normal-n60-g10000-1,45764.8751452338,45599.79490473501,0.0346751000033691,0.0317132000054698,0.0029618999978993,0.2506388000037987,ok,0.36201969952641766,0.36201969952641766
LGBM_V4,TSP-normal-n60-g10000-4,41787.798048602686,43576.89345709461,0.0361823000130243,0.0341012999997474,0.0020810000132769,0.4391355999978259,ok,-4.105605669787929,4.105605669787929
LGBM_V4,TSP-normal-n60-g1000-4,4151.756870670996,4205.815048878544,0.0481644000101368,0.0435857000120449,0.0045786999980919,0.166232299990952,ok,-1.285319910155396,1.285319910155396
LGBM_V4,TSP-normal-n1000-g1000-2,18042.89005452394,18011.138101558245,0.8263160999922547,0.824422899982892,0.0018932000093627,124.55442600000242,ok,0.17629065296517551,0.17629065296517551
LGBM_V4,TSP-normal-n70-g1000-1,4282.788262368928,4282.009248563451,0.0090545999992173,0.0075425999821163,0.0015120000171009,0.2539667000091867,ok,0.018192716555629908,0.018192716555629908
LGBM_V4,TSP-normal-n70-g1000-2,4801.972745774995,4911.230650740138,0.0086278000089805,0.006551300000865,0.0020765000081155,0.1397829000052297,ok,-2.2246543226121456,2.2246543226121456
LGBM_V4,TSP-normal-n1000-g10000-2,176891.56538118052,177405.3071980378,0.8268033000058495,0.8247161000035703,0.0020872000022791,403.4844676999783,ok,-0.2895864982685022,0.2895864982685022
LGBM_V4,TSP-normal-n70-g1000-3,5087.382475617441,5003.489222372556,0.0107744999986607,0.008542399998987,0.0022320999996736,0.1845470999978715,ok,1.6766949925617058,1.6766949925617058
LGBM_V4,TSP-normal-n70-g1000-4,4686.42181182617,4658.548886225777,0.0124609000049531,0.0098766000010073,0.0025843000039458,0.2675622000097064,ok,0.5983177654914433,0.5983177654914433
LGBM_V4,TSP-normal-n1000-g1000-3,18146.485328564104,18035.494807826937,0.8659016000165138,0.8640983999939635,0.0018032000225502,11.482060599999386,ok,0.6154004751175424,0.6154004751175424
LGBM_V4,TSP-normal-n1000-g1000-1,17148.359019334654,17295.333705331417,0.8828673000098206,0.8814319999946747,0.0014353000151459,15.173178299999565,ok,-0.8497938721555718,0.8497938721555718
LGBM_V4,TSP-normal-n70-g1000-5,5411.779193501617,5359.0972411267,0.0182553000049665,0.0161435000190977,0.0021117999858688,0.2657250000047497,ok,0.9830378141046844,0.9830378141046844
LGBM_V4,TSP-normal-n70-g10000-1,42074.94414885312,42335.97690764823,0.0150518000009469,0.0136538000078871,0.0013979999930597,0.332382199994754,ok,-0.6165743130589093,0.6165743130589093
LGBM_V4,TSP-normal-n70-g10000-2,52686.96233040144,53391.92426031496,0.0164780999766662,0.0150087999936658,0.0014692999830003,0.3312071000109426,ok,-1.3203531052307578,1.3203531052307578
LGBM_V4,TSP-normal-n1000-g1000-5,18112.03507301662,18120.015777445264,0.8897397999826353,0.8884232999989763,0.001316499983659,7.670901399993454,ok,-0.044043584325001266,0.044043584325001266
LGBM_V4,TSP-normal-n70-g10000-3,47521.78092435224,47243.475836027625,0.0192752000002656,0.0176166000019293,0.0016585999983362,0.2936919999920064,ok,0.5890868175969047,0.5890868175969047
LGBM_V4,TSP-normal-n70-g10000-4,52639.877963762825,51254.882820963154,0.0182624000008218,0.0172680999967269,0.0009943000040948,0.5323960999958217,ok,2.7021720986809292,2.7021720986809292
LGBM_V4,TSP-normal-n70-g10000-5,46669.946966395866,47151.34255771328,0.0204607999767176,0.0188476999755948,0.0016131000011228,0.1145371999882627,ok,-1.0209583973737026,1.0209583973737026
LGBM_V4,TSP-normal-n1000-g1000-4,18650.487363042903,18554.228789184635,0.9085947999847122,0.9070528000011108,0.0015419999836012,16.51826450000226,ok,0.5187958764116197,0.5187958764116197
LGBM_V4,TSP-normal-n1000-g10000-1,182878.74858683188,181899.82151701115,0.9455582999798936,0.9436908999923616,0.0018673999875318,12.874840300006326,ok,0.5381682409892727,0.5381682409892727
LGBM_V4,TSP-normal-n1000-g10000-4,179424.2744767102,180396.64063224616,0.8831415999738965,0.8816719999886118,0.0014695999852847,157.87843359998078,ok,-0.5390156668816212,0.5390156668816212
LGBM_V4,TSP-normal-n1000-g10000-3,183546.3888708587,183259.21257263373,0.9160478000121656,0.9146503999945708,0.0013974000175949,19.90178860000742,ok,0.15670497225952978,0.15670497225952978
LGBM_V4,TSP-normal-n1000-g10000-5,172334.85106857616,172259.23040918584,0.924762999988161,0.9234741000109352,0.0012888999772258,11.887558999995235,ok,0.04389933660488848,0.04389933660488848
LGBM_V4,TSP-normal-n600-g1000-4,13806.062582464452,13843.146367926784,0.2939900000055786,0.2926864000037312,0.0013036000018473,10.097958300000755,ok,-0.2678855259975502,0.2678855259975502
LGBM_V4,TSP-normal-n8-g1000-1,1465.5172123529342,1540.1650737393434,0.0075909000006504,0.0059943000087514,0.0015965999918989,0.1826794999942649,ok,-4.846744200293595,4.846744200293595
LGBM_V4,TSP-normal-n600-g1000-3,14105.177069875625,14113.016883072069,0.3128174000012222,0.3104823000030592,0.002335099998163,4.964504000003217,ok,-0.05555022899354417,0.05555022899354417
LGBM_V4,TSP-normal-n8-g1000-2,1454.7898882702889,1379.176484809486,0.008605399983935,0.0071252000052481,0.0014801999786868,0.0431835999916074,ok,5.482503819752101,5.482503819752101
LGBM_V4,TSP-normal-n8-g1000-3,1932.751734466355,1943.386297983576,0.0068991999723948,0.0047641999844927,0.0021349999879021,0.0482402000052388,ok,-0.5472181999150301,0.5472181999150301
LGBM_V4,TSP-normal-n8-g1000-4,2147.763033393162,2121.6293058477777,0.0094523999723605,0.0073034999950323,0.0021488999773282,0.0512679000094067,ok,1.231776327436314,1.231776327436314
LGBM_V4,TSP-normal-n8-g1000-5,1095.6797568370628,1131.8418795279522,0.0055435000103898,0.0044358999875839,0.0011076000228058,0.0358403999998699,ok,-3.1949800890890567,3.1949800890890567
LGBM_V4,TSP-normal-n8-g10000-1,9727.4130949522,9682.862871554666,0.0063940999971237,0.0049182999937329,0.0014758000033907,0.1121285999979591,ok,0.4600935073490507,0.4600935073490507
LGBM_V4,TSP-normal-n8-g10000-2,18773.89469610832,20536.522582705617,0.0056889000115916,0.0047628000029362,0.0009261000086553,0.164199799997732,ok,-8.582893620372005,8.582893620372005
LGBM_V4,TSP-normal-n8-g10000-3,14120.023908986255,14036.332165660797,0.0055816000094637,0.0043162000074516,0.001265400002012,0.2051271999953314,ok,0.5962508035411574,0.5962508035411574
LGBM_V4,TSP-normal-n8-g10000-4,10796.77357065126,11190.468862890344,0.006955899996683,0.0045891999907325,0.0023667000059504,0.2864661999919917,ok,-3.5181304471044172,3.5181304471044172
LGBM_V4,TSP-normal-n8-g10000-5,13553.138221326644,12913.368862755724,0.0081670999934431,0.0063823999953456,0.0017846999980974,0.1229766999895218,ok,4.954318004623256,4.954318004623256
LGBM_V4,TSP-normal-n600-g1000-2,13651.67776199461,13480.426576852116,0.370197799988091,0.366979899990838,0.0032178999972529,5.113973300001817,ok,1.270369184284991,1.270369184284991
LGBM_V4,TSP-normal-n600-g1000-1,13818.177181143465,13765.705637528024,0.3849641999986488,0.3822202000010293,0.0027439999976195,3.7214328000118257,ok,0.38117583651064285,0.38117583651064285
LGBM_V4,TSP-normal-n600-g10000-1,132848.88877081932,133931.79630575448,0.3508561999769881,0.3481901999912224,0.0026659999857656,5.754894099998637,ok,-0.8085514902398382,0.8085514902398382
LGBM_V4,TSP-normal-n80-g1000-2,4828.794162899243,4759.918227268814,0.0200404999777674,0.0176996999944094,0.002340799983358,0.2565036000014515,ok,1.446998295807893,1.446998295807893
LGBM_V4,TSP-normal-n80-g1000-1,4646.434224916625,4674.001923063425,0.0302634999970905,0.0274064999830443,0.0028570000140462,0.3770596999966074,ok,-0.5898093026186026,0.5898093026186026
LGBM_V4,TSP-normal-n600-g10000-4,145292.05730919534,143604.65841182554,0.3659196000371594,0.3646095000149216,0.0013101000222377,5.879438299991307,ok,1.1750307518094036,1.1750307518094036
LGBM_V4,TSP-normal-n600-g10000-5,136720.15662726882,138190.4606896589,0.3683659999805968,0.3667879999848082,0.0015779999957885,49.31183419999434,ok,-1.0639692892348211,1.0639692892348211
LGBM_V4,TSP-normal-n600-g10000-2,139859.89470164402,139849.86135701044,0.3750385000021197,0.3733570000040345,0.0016814999980852,5.163880799998879,ok,0.007174368666675324,0.007174368666675324
LGBM_V4,TSP-normal-n80-g1000-3,5373.48793690891,5512.782820609702,0.0293861999816726,0.0257532999967224,0.0036328999849501,0.200509600006626,ok,-2.526761677968404,2.526761677968404
LGBM_V4,TSP-normal-n80-g1000-4,5156.886101892894,5184.969509764038,0.0275150000234134,0.0250638000143226,0.0024512000090908,0.0907069999957457,ok,-0.5416311092718877,0.5416311092718877
LGBM_V4,TSP-normal-n80-g1000-5,4605.064315279798,4761.25193655245,0.034486199991079,0.0332246999896597,0.0012615000014193,0.4352184000017587,ok,-3.2803897662627164,3.2803897662627164
LGBM_V4,TSP-normal-n600-g10000-3,136332.30680592966,137425.01383669832,0.3863008999906014,0.3842444999900181,0.0020564000005833,5.790588900010334,ok,-0.7951296494443958,0.7951296494443958
LGBM_V4,TSP-normal-n80-g10000-2,52527.89286634784,51334.62281760172,0.027079000021331,0.0258885000075679,0.001190500013763,0.8147386999917217,ok,2.32449365214186,2.32449365214186
LGBM_V4,TSP-normal-n600-g1000-5,14300.34904787348,14152.29081017198,0.3986866000050213,0.396969800000079,0.0017168000049423,5.167093900003238,ok,1.0461785988391556,1.0461785988391556
LGBM_V4,TSP-normal-n80-g10000-1,43698.35600056358,42376.64919274319,0.0334007999917957,0.030624600010924,0.0027761999808717,0.4263925999985076,ok,3.1189507263984537,3.1189507263984537
LGBM_V4,TSP-normal-n80-g10000-3,47892.38472617059,47118.44464255591,0.0371503000205848,0.0361785000131931,0.0009718000073917,0.2700178999948548,ok,1.6425416617332123,1.6425416617332123
LGBM_V4,TSP-normal-n80-g10000-4,51004.08843726439,51700.97703506248,0.0399292000220157,0.0344392000115476,0.005490000010468,0.3125933999981498,ok,-1.3479215244336198,1.3479215244336198
LGBM_V4,TSP-normal-n80-g10000-5,50385.45034669738,50159.945295889134,0.0409403000376187,0.0389544000208843,0.0019859000167343,0.4868881000002147,ok,0.4495719632029254,0.4495719632029254
LGBM_V4,TSP-normal-n700-g1000-1,14843.41364401799,14785.906782255344,0.3777914999809582,0.3763117999769747,0.0014797000039834,3.661383500002557,ok,0.3889302334278209,0.3889302334278209
LGBM_V4,TSP-normal-n90-g1000-1,5315.466258864316,5296.160657208776,0.0098899000149685,0.0078180000127758,0.0020719000021927,0.1303284000023268,ok,0.3645206953694405,0.3645206953694405
LGBM_V4,TSP-normal-n700-g1000-3,15344.344950769131,15301.478881876345,0.3803348999936133,0.3781578000052832,0.0021770999883301,7.548159199999645,ok,0.28014330656338615,0.28014330656338615
LGBM_V4,TSP-normal-n700-g1000-5,15153.27387869626,15093.814019017304,0.3810828999557998,0.3789260999765247,0.002156799979275,5.765825299997232,ok,0.39393528768832464,0.39393528768832464
LGBM_V4,TSP-normal-n700-g10000-1,148160.6312687454,147128.70415302977,0.3728092999954242,0.3714612000039778,0.0013480999914463,6.694900999995298,ok,0.7013771525115295,0.7013771525115295
LGBM_V4,TSP-normal-n90-g1000-2,4614.8828820023255,4449.319898625427,0.0153771999757736,0.0141298999951686,0.001247299980605,0.5734568999905605,ok,3.721085180412563,3.721085180412563
LGBM_V4,TSP-normal-n700-g1000-2,15660.939273355274,15460.285589037288,0.4040100999991409,0.4022655000153463,0.0017445999837946,6.993793100002222,ok,1.297865315374684,1.297865315374684
LGBM_V4,TSP-normal-n90-g1000-3,5263.418629257361,5367.339639992854,0.0192655999853741,0.0167526000004727,0.0025129999849013,0.1277718000055756,ok,-1.9361735553524853,1.9361735553524853
LGBM_V4,TSP-normal-n700-g1000-4,15063.961800136794,14627.268840845314,0.4035530000110157,0.4009186000039335,0.0026344000070821,3.94096890000219,ok,2.9854716149884046,2.9854716149884046
LGBM_V4,TSP-normal-n90-g1000-4,5225.315493640555,5223.753457443428,0.029620999994222,0.026842299994314,0.0027786999999079,0.5060649000079138,ok,0.029902563546562597,0.029902563546562597
LGBM_V4,TSP-normal-n90-g10000-1,52264.995424706176,52381.12142973107,0.0250437000067904,0.0218920999905094,0.003151600016281,0.6527806000085548,ok,-0.2216943850289247,0.2216943850289247
LGBM_V4,TSP-normal-n90-g10000-2,54395.53951080962,54151.05187190574,0.0234803000057581,0.0223426999873481,0.00113760001841,0.1251219999976456,ok,0.451491947898282,0.451491947898282
LGBM_V4,TSP-normal-n90-g1000-5,5271.833828101964,5274.172425680124,0.0333578000136185,0.0295177999942097,0.0038400000194087,0.1650336000020615,ok,-0.04434055979614072,0.04434055979614072
LGBM_V4,TSP-normal-n90-g10000-3,51539.046377253246,52840.52164140526,0.0340277000213973,0.031364599999506,0.0026631000218912,0.6286366999993334,ok,-2.4630250113431793,2.4630250113431793
LGBM_V4,TSP-normal-n90-g10000-4,51115.67429098341,50814.86299035219,0.0281368999858386,0.0268345999938901,0.0013022999919485,0.6267496000073152,ok,0.5919750303928445,0.5919750303928445
LGBM_V4,TSP-normal-n90-g10000-5,55556.817009832674,54845.9738141534,0.0278121999872382,0.0240245999884791,0.0037875999987591,0.241166499996325,ok,1.2960717920479914,1.2960717920479914
LGBM_V4,TSP-normal-n700-g10000-2,146631.5598520435,146714.36349641683,0.4508876999898348,0.4494815999933053,0.0014060999965295,8.715929900004994,ok,-0.05643867607779647,0.05643867607779647
LGBM_V4,TSP-normal-n700-g10000-4,151897.73112981132,150703.4660040735,0.4311965999950189,0.4292004999879282,0.0019961000070907,188.76747809999503,ok,0.7924602913283598,0.7924602913283598
LGBM_V4,TSP-normal-n700-g10000-3,153859.97630454233,152757.15831504943,0.4561765999824274,0.4545305999927223,0.0016459999897051,4.217378200002713,ok,0.7219419382091616,0.7219419382091616
LGBM_V4,TSP-normal-n700-g10000-5,146083.97531417638,145281.3422054029,0.4549478999979328,0.4535142999957315,0.0014336000022012,5.3572420999989845,ok,0.5524681260438019,0.5524681260438019
LGBM_V4,TSP-normal-n800-g10000-2,163929.1291514017,164173.09813458045,0.3699717000126838,0.3679042000148911,0.0020674999977927,623.46235289998,ok,-0.14860472632292146,0.14860472632292146
LGBM_V4,TSP-normal-n800-g1000-5,16223.254002943511,16082.51156112964,0.3721669999940786,0.3702824999927543,0.0018845000013243,11.790015199992922,ok,0.8751272540915553,0.8751272540915553
LGBM_V4,TSP-random-n10-g1000-1,2792.841832477765,2699.8860873086387,0.0072855000034905,0.0048161000013351,0.0024694000021554,0.0452324999932898,ok,3.442950634328,3.442950634328
LGBM_V4,TSP-random-n10-g1000-2,2937.533184922117,2913.0711791953213,0.0093119999510236,0.0082676999736577,0.0010442999773658,0.0424624000006588,ok,0.8397325098507504,0.8397325098507504
LGBM_V4,TSP-random-n10-g1000-3,3080.276469706934,3028.7934662146217,0.0077343999582808,0.006092899973737,0.0016414999845437,0.1015629000030458,ok,1.6997858740317415,1.6997858740317415
LGBM_V4,TSP-random-n10-g1000-4,2500.2157268242377,2509.242475257055,0.0071540000208187,0.0057284000213257,0.0014255999994929,0.102543400003924,ok,-0.359739982159064,0.359739982159064
LGBM_V4,TSP-random-n10-g1000-5,3095.1749092601503,3222.2656707285046,0.0058662999945227,0.0048474000068381,0.0010188999876845,0.1192612000013468,ok,-3.9441428626715616,3.9441428626715616
LGBM_V4,TSP-random-n10-g10000-1,27839.06766145915,27929.10423639666,0.0070024000015109,0.0054694999998901,0.0015329000016208,0.0398860999994212,ok,-0.32237544811829233,0.32237544811829233
LGBM_V4,TSP-random-n10-g10000-2,22712.02529684774,21592.229838965315,0.0089268999872729,0.0077963999938219,0.0011304999934509,0.0408506000094348,ok,5.186103826394266,5.186103826394266
LGBM_V4,TSP-random-n10-g10000-3,34244.775806831785,34569.65232020097,0.0078658999991603,0.0061343999987002,0.00173150000046,0.0395220000064,ok,-0.9397737366867921,0.9397737366867921
LGBM_V4,TSP-random-n10-g10000-4,29960.868108714378,30434.942892369418,0.0075870000000577,0.0065058000036515,0.0010811999964062,0.0417833000101381,ok,-1.5576660857605846,1.5576660857605846
LGBM_V4,TSP-normal-n800-g1000-4,16233.388488722923,16211.189302156272,0.4333593999908771,0.4319954999955371,0.00136389999534,8.405030900001293,ok,0.13693743347811418,0.13693743347811418
LGBM_V4,TSP-random-n10-g10000-5,28747.1428312586,28165.329891149053,0.0081947000289801,0.0062665000150445,0.0019282000139355,0.0380399999994551,ok,2.0657061087446422,2.0657061087446422
LGBM_V4,TSP-normal-n800-g10000-1,166964.85665402858,167392.2319749524,0.4266157000092789,0.4236939999973401,0.0029217000119388,14.298034600011306,ok,-0.25531371192168323,0.25531371192168323
LGBM_V4,TSP-normal-n800-g1000-3,15321.109062064435,15390.53214501978,0.4456540999817662,0.4423492999922018,0.0033047999895643,8.453636700010975,ok,-0.4510765599343484,0.4510765599343484
LGBM_V4,TSP-normal-n800-g1000-1,15634.338499999054,15625.503821087828,0.4547461000038311,0.4529844000062439,0.0017616999975871,4.572412599998643,ok,0.05654012192107722,0.05654012192107722
LGBM_V4,TSP-random-n100-g1000-1,7537.639102277224,7531.324975329117,0.0244209000084083,0.0226583000039681,0.0017626000044401,0.3027827000041725,ok,0.08383819538781208,0.08383819538781208
LGBM_V4,TSP-random-n100-g1000-3,7711.334768517713,7652.952014465252,0.0254524000338278,0.0228012000152375,0.0026512000185903,0.27204540000821,ok,0.7628788726508204,0.7628788726508204
LGBM_V4,TSP-random-n100-g1000-2,7632.913657554744,7736.976905548143,0.0363188000046648,0.0349149999965447,0.00140380000812,0.3697956999967573,ok,-1.3450117437829767,1.3450117437829767
LGBM_V4,TSP-random-n100-g1000-4,7910.303551649317,7904.1873629782,0.034988900006283,0.0328623999957926,0.0021265000104904,0.1328775000001769,ok,0.07737909528516682,0.07737909528516682
LGBM_V4,TSP-normal-n800-g10000-3,160357.45511206886,160989.34311207978,0.454298500000732,0.4521965000021737,0.0021019999985583,15.26929189999646,ok,-0.392502999140138,0.392502999140138
LGBM_V4,TSP-normal-n800-g10000-5,160469.4413537097,159676.33729574873,0.4514866000390611,0.4481015000201296,0.0033851000189315,9.288490399994773,ok,0.496694796106201,0.496694796106201
LGBM_V4,TSP-random-n100-g10000-2,76056.61011061053,75973.18106076424,0.0241425999847706,0.0214973999827634,0.0026452000020071,0.2352600000012898,ok,0.10981381677248277,0.10981381677248277
LGBM_V4,TSP-normal-n800-g10000-4,163299.8870440166,163032.08436677535,0.4593187000136822,0.4580001000140328,0.0013185999996494,4.5217933999956585,ok,0.1642637878804041,0.1642637878804041
LGBM_V4,TSP-random-n100-g10000-1,75545.49523221998,77016.97450605535,0.0363409000274259,0.0342779000056907,0.0020630000217352,0.3084715000004507,ok,-1.9105908577591277,1.9105908577591277
LGBM_V4,TSP-random-n100-g10000-3,78380.42743245672,78233.47667130094,0.0281394000339787,0.0257101000170223,0.0024293000169564,0.1064902000071015,ok,0.1878361635047794,0.1878361635047794
LGBM_V4,TSP-normal-n800-g1000-2,16354.572454568211,16112.826139708282,0.4978089999931399,0.4952428999822587,0.0025661000108812,8.728653400001349,ok,1.500334657395526,1.500334657395526
LGBM_V4,TSP-random-n100-g1000-5,8178.907708536689,8111.027291423091,0.0451770999643486,0.0432371999777387,0.0019398999866098,0.3881559000001289,ok,0.836890503196523,0.836890503196523
LGBM_V4,TSP-random-n100-g10000-4,79241.24707945574,79513.26258694843,0.0386317000084091,0.036731400003191,0.001900300005218,0.4347360999963712,ok,-0.34210080009638216,0.34210080009638216
LGBM_V4,TSP-random-n100-g10000-5,73223.71797548336,73430.50978592399,0.0455861999944318,0.0397996999963652,0.0057864999980665,0.2555762000120012,ok,-0.28161565409732103,0.28161565409732103
LGBM_V4,TSP-normal-n900-g10000-1,171962.2059694657,172729.0493806765,0.4010678999766242,0.3994551999785471,0.001612699998077,11.082975899989831,ok,-0.44395740841528425,0.44395740841528425
LGBM_V4,TSP-random-n20-g1000-1,3755.47396222346,3609.4362797584176,0.0068585000117309,0.0052938000007998,0.0015647000109311,0.0674056999996537,ok,4.045996968668385,4.045996968668385
LGBM_V4,TSP-normal-n900-g1000-3,17395.70237731629,17172.02772232654,0.4369907999935094,0.4352488000004086,0.0017419999931007,10.725538300001062,ok,1.3025523753315156,1.3025523753315156
LGBM_V4,TSP-random-n20-g1000-2,3878.56498310886,3821.182198395934,0.0105477000179234,0.0071536000177729,0.0033941000001505,0.2652563000010559,ok,1.5017023982005953,1.5017023982005953
LGBM_V4,TSP-random-n20-g1000-3,3870.53108379892,4029.1584869932094,0.0082660000189207,0.0066516000078991,0.0016144000110216,0.1564743000053567,ok,-3.9369859415152053,3.9369859415152053
LGBM_V4,TSP-normal-n900-g1000-5,16879.57435970712,16629.090213347965,0.440240099967923,0.437042699981248,0.003197399986675,8.060172199999215,ok,1.5063009650287071,1.5063009650287071
LGBM_V4,TSP-normal-n900-g1000-2,17917.716593883884,17655.592652127747,0.4590304999728687,0.4555488999758381,0.0034815999970305,9.373664500002633,ok,1.4846510503545614,1.4846510503545614
LGBM_V4,TSP-normal-n900-g1000-4,18216.91110685713,18084.497465006985,0.452321100019617,0.4502895000041462,0.0020316000154707,11.02205810000305,ok,0.7321942017264275,0.7321942017264275
LGBM_V4,TSP-random-n20-g1000-4,4188.120376875526,3981.92032687145,0.0152368000126443,0.0137181000027339,0.0015187000099103,0.2119852000032551,ok,5.178407227602288,5.178407227602288
LGBM_V4,TSP-random-n20-g10000-1,41958.48435906139,42533.85161269855,0.0129437000141479,0.0115676000132225,0.0013761000009253,0.0414660999958869,ok,-1.352727843404106,1.352727843404106
LGBM_V4,TSP-random-n20-g1000-5,3595.1462623452862,3549.9266726144365,0.0228129999886732,0.0173545000143349,0.0054584999743383,0.1588172999909147,ok,1.2738175714921627,1.2738175714921627
LGBM_V4,TSP-normal-n900-g1000-1,16860.613211468477,16827.7489137605,0.482053600018844,0.4787459000071976,0.0033077000116463,10.932252900005553,ok,0.19529824147246577,0.19529824147246577
LGBM_V4,TSP-random-n20-g10000-2,43133.319097970205,41439.372172180585,0.0185524000262375,0.0146026000147685,0.003949800011469,0.0406778000033227,ok,4.087771693912907,4.087771693912907
LGBM_V4,TSP-random-n20-g10000-3,35477.37756752301,34101.98864664945,0.0177326000120956,0.0144693999900482,0.0032632000220473,0.0465770000009797,ok,4.033163388577624,4.033163388577624
LGBM_V4,TSP-random-n20-g10000-4,35937.77687683773,36016.35008791584,0.0157241999986581,0.0134172000107355,0.0023069999879226,0.0449434999900404,ok,-0.2181598382021304,0.2181598382021304
LGBM_V4,TSP-random-n20-g10000-5,30420.636783101945,32606.13116991045,0.0136173999926541,0.0120819000003393,0.0015354999923147,0.0399570000008679,ok,-6.7027099149540375,6.7027099149540375
LGBM_V4,TSP-random-n200-g1000-1,10657.521076366893,10677.415406984612,0.0380825000174809,0.0347586999996565,0.0033238000178243,0.6748994000081439,ok,-0.18632159431303047,0.18632159431303047
LGBM_V4,TSP-random-n200-g1000-2,10589.361363638627,10599.097761390682,0.0383097000012639,0.0372670000069774,0.0010426999942865,10.384652599997937,ok,-0.09186062786892328,0.09186062786892328
LGBM_V4,TSP-random-n200-g1000-4,10764.442808403674,10778.55175437213,0.0355616000015288,0.0321294000023044,0.0034321999992243,0.6216893999953754,ok,-0.13089834599285702,0.13089834599285702
LGBM_V4,TSP-random-n200-g1000-5,10649.37459963031,10665.094540818272,0.0400658000144176,0.037343600008171,0.0027222000062465,0.4686664000037126,ok,-0.14739617288715312,0.14739617288715312
LGBM_V4,TSP-random-n200-g1000-3,10249.251294943517,10300.208811759672,0.0403697000001557,0.0356167000136338,0.0047529999865219,0.7427278999966802,ok,-0.4947231434568361,0.4947231434568361
LGBM_V4,TSP-random-n200-g10000-1,108938.59223431491,107747.24522224812,0.0365606999839656,0.0341645999869797,0.0023960999969858,3.15363640000578,ok,1.1056867482870896,1.1056867482870896
LGBM_V4,TSP-random-n30-g1000-1,4892.549648300439,4746.244079144591,0.0206336000119335,0.0187764000147581,0.0018571999971754,0.0823797999910311,ok,3.0825546835808084,3.0825546835808084
LGBM_V4,TSP-random-n30-g1000-2,4932.634773807821,4942.333639844566,0.0162925999902654,0.0149354999884963,0.0013571000017691,0.0505615000001853,ok,-0.1962406171561124,0.1962406171561124
LGBM_V4,TSP-random-n200-g10000-2,107060.86565284865,106839.11686033176,0.0383029000076931,0.0368547000107355,0.0014481999969575,4.046168900007615,ok,0.2075539362673406,0.2075539362673406
LGBM_V4,TSP-random-n200-g10000-3,104360.5743363564,105051.95516280584,0.039737100014463,0.0382596999988891,0.0014774000155739,0.7069654000079026,ok,-0.6581322788119135,0.6581322788119135
LGBM_V4,TSP-random-n200-g10000-5,106361.01802317452,107388.34517534549,0.0376244000217411,0.0347389999951701,0.002885400026571,4.794464299993706,ok,-0.956646785545984,0.956646785545984
LGBM_V4,TSP-random-n200-g10000-4,104982.30747023271,105428.89808498908,0.0424852999858558,0.0348586999753024,0.0076266000105533,3.482745100001921,ok,-0.42359412160066096,0.42359412160066096
LGBM_V4,TSP-random-n30-g1000-3,4197.167733919341,4142.340569582752,0.0192191999813076,0.0175869999802671,0.0016322000010404,0.0579119999893009,ok,1.323579348815141,1.323579348815141
LGBM_V4,TSP-random-n30-g1000-4,4012.668301770738,4197.164779334756,0.020803599996725,0.0185010000132024,0.0023025999835226,0.1155534999998053,ok,-4.395740631209153,4.395740631209153
LGBM_V4,TSP-random-n30-g1000-5,4128.872436283896,4225.47168104062,0.0178322000137995,0.0159886000037658,0.0018436000100336,0.1244003000028897,ok,-2.2861174337094208,2.2861174337094208
LGBM_V4,TSP-random-n30-g10000-1,39058.94858877239,39211.49200415889,0.0170105999859515,0.0138478000008035,0.003162799985148,0.0434391000017058,ok,-0.3890273172220015,0.3890273172220015
LGBM_V4,TSP-random-n30-g10000-2,45701.98799552172,45721.04479828153,0.020354700012831,0.0187598000047728,0.0015949000080581,0.0578311999997822,ok,-0.04168059335452702,0.04168059335452702
LGBM_V4,TSP-random-n30-g10000-4,43750.26902149561,44248.50753941263,0.01538040000014,0.0138702999975066,0.0015101000026334,0.0523698000033618,ok,-1.126000730020638,1.126000730020638
LGBM_V4,TSP-random-n30-g10000-3,49358.569322507225,48493.530091950335,0.027213399996981,0.0227082000055816,0.0045051999913994,0.0631280999950831,ok,1.7838240048036453,1.7838240048036453
LGBM_V4,TSP-random-n30-g10000-5,46733.45011295878,47256.55292153513,0.0249132000026293,0.0221282000129576,0.0027849999896716,0.0507807999965734,ok,-1.1069423735686084,1.1069423735686084
LGBM_V4,TSP-random-n300-g1000-1,13369.43427284014,13276.551662742417,0.0436991000315174,0.0423753000213764,0.0013238000101409,1.7148547999968289,ok,0.6995989053270331,0.6995989053270331
LGBM_V4,TSP-random-n300-g1000-3,13150.000876399028,13173.777553126103,0.0267999000207055,0.0245845000026747,0.0022154000180307,0.6939643999940017,ok,-0.1804848809021592,0.1804848809021592
LGBM_V4,TSP-random-n300-g1000-2,13281.065701678706,13244.254882541123,0.0545860999845899,0.053278399980627,0.0013077000039629,2.521975600000588,ok,0.27793801511709065,0.27793801511709065
LGBM_V4,TSP-random-n300-g1000-4,12854.217736914885,12837.776565607124,0.050502999976743,0.0459368999872822,0.0045660999894607,1.731390900007682,ok,0.12806868248359432,0.12806868248359432
LGBM_V4,TSP-random-n300-g10000-1,127475.74540689574,126461.47120521111,0.045203500019852,0.0424577000085264,0.0027458000113256,3.151325500002713,ok,0.8020420702197525,0.8020420702197525
LGBM_V4,TSP-random-n300-g1000-5,12434.804452625674,12484.735126274918,0.0516960000095423,0.0500661999976728,0.0016298000118695,4.665502000003471,ok,-0.3999337842911963,0.3999337842911963
LGBM_V4,TSP-random-n300-g10000-2,128237.36229107511,127592.71727837696,0.0470177000097464,0.043183300003875,0.0038344000058714,2.6006177000090247,ok,0.5052365263855058,0.5052365263855058
LGBM_V4,TSP-random-n300-g10000-3,127478.43083165416,127268.76162112426,0.0471859000099357,0.0429536000010557,0.0042323000088799,3.867059099997277,ok,0.16474522723343568,0.16474522723343568
LGBM_V4,TSP-random-n40-g1000-2,5024.505490246756,5123.9372946897565,0.0222636999969836,0.0181424000184051,0.0041212999785784,0.171152399998391,ok,-1.9405351534267854,1.9405351534267854
LGBM_V4,TSP-random-n40-g1000-1,5494.536388407519,5327.418009064386,0.0260205000231508,0.0241767000115942,0.0018438000115565,0.107391199999256,ok,3.1369488757741113,3.1369488757741113
LGBM_V4,TSP-random-n300-g10000-4,130915.74392940018,131168.30137934422,0.0495703000051435,0.0452212000091094,0.004349099996034,4.820444699988002,ok,-0.1925445761576451,0.1925445761576451
LGBM_V4,TSP-random-n300-g10000-5,130539.70527927598,129199.9510549021,0.0500071999849751,0.0462527000054251,0.00375449997955,1.648648400005186,ok,1.0369618668079508,1.0369618668079508
LGBM_V4,TSP-random-n40-g1000-4,5049.950671274241,4902.268859269105,0.0222979999962262,0.0192083000147249,0.0030896999815013,0.0740057999937562,ok,3.0125196362068767,3.0125196362068767
LGBM_V4,TSP-random-n40-g1000-3,5246.516883034543,5304.30720137423,0.0249824000056833,0.0221042000048328,0.0028782000008504,0.0607980999920982,ok,-1.0894979522437023,1.0894979522437023
LGBM_V4,TSP-random-n40-g1000-5,4983.430032960979,4938.480619698372,0.0266899999987799,0.0237550000019837,0.0029349999967962,0.1873304000037023,ok,0.9101870944540074,0.9101870944540074
LGBM_V4,TSP-random-n40-g10000-1,49966.30757901751,50986.73487523149,0.0285140999767463,0.0263443999865558,0.0021696999901905,0.0632977000059327,ok,-2.001358390002886,2.001358390002886
LGBM_V4,TSP-random-n40-g10000-2,50901.34491852282,52004.23323114833,0.0204107000026851,0.0172300999984145,0.0031806000042706,0.3486783999978797,ok,-2.1207664147712757,2.1207664147712757
LGBM_V4,TSP-random-n40-g10000-5,50630.35138514135,53465.86262732733,0.0197892999858595,0.0175429999944753,0.0022462999913841,0.254019399988465,ok,-5.303405019293006,5.303405019293006
LGBM_V4,TSP-random-n40-g10000-3,51533.57769568937,50615.54002712456,0.0207814000023063,0.0194194999930914,0.0013619000092148,0.1536616000084905,ok,1.813746663717975,1.813746663717975
LGBM_V4,TSP-random-n40-g10000-4,50335.351379135136,49715.35825555574,0.022069399972679,0.0197508999845013,0.0023184999881777,0.0655106999911367,ok,1.2470857001419968,1.2470857001419968
LGBM_V4,TSP-random-n400-g1000-1,14094.12148180493,14271.787728896628,0.0476401000050827,0.0444235000177286,0.0032165999873541,1.901673200001824,ok,-1.2448773094625736,1.2448773094625736
LGBM_V4,TSP-random-n400-g1000-3,14602.421164261576,14672.06033658962,0.0473829999973531,0.0455923000117763,0.0017906999855767,4.3340305000019725,ok,-0.47463799037396703,0.47463799037396703
LGBM_V4,TSP-random-n400-g1000-2,14890.793946100244,15020.908748423488,0.0610261999827344,0.0557824999850709,0.0052436999976634,2.5646183000062592,ok,-0.8662245707131381,0.8662245707131381
LGBM_V4,TSP-random-n400-g10000-1,149442.3936317124,150601.96826712665,0.0533261000236962,0.051062600017758,0.0022635000059381,3.423222800003714,ok,-0.7699598144411322,0.7699598144411322
LGBM_V4,TSP-random-n400-g1000-4,14802.41157254248,14825.705267665046,0.0562153000209946,0.05445680001867,0.0017585000023245,2.802323500000057,ok,-0.15711694453665767,0.15711694453665767
LGBM_V4,TSP-random-n400-g1000-5,14519.04559222224,14543.815424056987,0.0623005999950692,0.0584360999928321,0.003864500002237,4.738981299989973,ok,-0.17031178623028106,0.17031178623028106
LGBM_V4,TSP-normal-n900-g10000-2,167097.4614377614,167019.77757953852,0.7155875000171363,0.7142313000222202,0.001356199994916,14.222709800000302,ok,0.0465117720480057,0.0465117720480057
LGBM_V4,TSP-random-n5-g1000-1,2068.9063057831554,2084.505759087086,0.0123890999821014,0.0108803999901283,0.0015086999919731,0.0878494000062346,ok,-0.7483526124083473,0.7483526124083473
LGBM_V4,TSP-random-n5-g1000-3,1880.94890407667,1871.0158529366968,0.0204448000004049,0.0151567000139039,0.005288099986501,0.0753174999990733,ok,0.5308908058893571,0.5308908058893571
LGBM_V4,TSP-random-n5-g1000-2,1868.7225649206705,1825.6267886136368,0.022470500000054,0.0187321999983396,0.0037383000017143,0.047213500001817,ok,2.36060166162221,2.36060166162221
LGBM_V4,TSP-random-n5-g1000-4,1848.3895725907528,1875.5415627373045,0.0189337999909184,0.0164504999993369,0.0024832999915815,0.0493549999955575,ok,-1.4476880004154158,1.4476880004154158
LGBM_V4,TSP-random-n400-g10000-2,148623.85727122545,149161.79589017996,0.0760700000100769,0.0732385000155773,0.0028314999944996,9.24107940000249,ok,-0.3606410178585943,0.3606410178585943
LGBM_V4,TSP-random-n5-g1000-5,2529.762857211974,2474.8168422216454,0.0199499999871477,0.0188225999881979,0.0011273999989498,0.0431109000055585,ok,2.220205311880912,2.220205311880912
LGBM_V4,TSP-random-n5-g10000-1,19840.348013746097,20778.21922559377,0.019939100020565,0.0110949999943841,0.0088441000261809,0.1212286999943899,ok,-4.513722767408482,4.513722767408482
LGBM_V4,TSP-random-n5-g10000-2,12917.767003650646,12913.997041715866,0.0179804000072181,0.0146646999928634,0.0033157000143546,0.1699638999998569,ok,0.029192835669718645,0.029192835669718645
LGBM_V4,TSP-random-n400-g10000-3,153277.90157865448,152939.99398823932,0.0705621000088285,0.0655447000171989,0.0050173999916296,6.168977900000755,ok,0.2209412865814146,0.2209412865814146
LGBM_V4,TSP-random-n400-g10000-4,146738.81579406993,145883.5251493701,0.0698732000018935,0.0672576999932061,0.0026155000086873,1.6560611000022618,ok,0.5862832309707983,0.5862832309707983
LGBM_V4,TSP-random-n400-g10000-5,145084.7671993794,144748.02284663715,0.0714533999853301,0.0681180999963544,0.0033352999889757,2.071403800000553,ok,0.2326417633345015,0.2326417633345015
LGBM_V4,TSP-random-n5-g10000-4,16497.641571001517,17225.761673423243,0.0175755000091157,0.0123476000153459,0.0052278999937698,0.1044434000068577,ok,-4.226925440081445,4.226925440081445
LGBM_V4,TSP-random-n5-g10000-3,17999.985222273615,17620.658037300575,0.0231290000374428,0.0207685000204946,0.0023605000169482,0.1542431999987457,ok,2.152741311760639,2.152741311760639
LGBM_V4,TSP-random-n5-g10000-5,17094.39561240721,17554.384150417067,0.0176238999993074,0.015316500008339,0.0023073999909684,0.1722126999957254,ok,-2.6203627200383903,2.6203627200383903
LGBM_V4,TSP-random-n50-g1000-1,5739.888616692479,5884.656270152183,0.0369084000121802,0.0334344000148121,0.003473999997368,0.1455631999997422,ok,-2.460086822640537,2.460086822640537
LGBM_V4,TSP-random-n50-g1000-2,6132.311777313385,5983.106040739712,0.034601899998961,0.0304341999872121,0.0041677000117488,0.3436319000029471,ok,2.493783923562666,2.493783923562666
LGBM_V4,TSP-random-n50-g1000-4,5424.276844961444,5482.275450195483,0.0280104999837931,0.0254007999901659,0.0026096999936271,0.1851412000105483,ok,-1.0579294265845591,1.0579294265845591
LGBM_V4,TSP-random-n50-g1000-3,5491.249371289775,5438.651056305911,0.0302788999979384,0.029069599986542,0.0012093000113964,0.0698853000067174,ok,0.9671206047109451,0.9671206047109451
LGBM_V4,TSP-random-n50-g10000-1,57723.12610132997,58518.79701171421,0.0269159000308718,0.0240625000151339,0.0028534000157378,0.1518523999984609,ok,-1.359684325405665,1.359684325405665
LGBM_V4,TSP-random-n50-g10000-2,53853.071402447415,54865.43957798069,0.0271598000254016,0.0242644000099971,0.0028954000154044,0.2246318999968934,ok,-1.8451837501354305,1.8451837501354305
LGBM_V4,TSP-random-n50-g1000-5,5933.330757646167,5980.702435492851,0.0318976999842561,0.030606499989517,0.0012911999947391,0.2594013000052655,ok,-0.7920754854070988,0.7920754854070988
LGBM_V4,TSP-normal-n900-g10000-4,168195.78279282033,167808.3708725546,0.8186212000146043,0.8164688000106253,0.0021524000039789,133.53628030000257,ok,0.23086567031865105,0.23086567031865105
LGBM_V4,TSP-normal-n900-g10000-3,171719.04241726134,171187.67146617314,0.8292188000341412,0.8262540000141598,0.0029648000199813,5.123346400010632,ok,0.3104025812940642,0.3104025812940642
LGBM_V4,TSP-random-n50-g10000-4,57142.73097207504,56938.790225577264,0.0263823000132106,0.0233706000144593,0.0030116999987512,0.1432553000049665,ok,0.35817541203424813,0.35817541203424813
LGBM_V4,TSP-random-n50-g10000-3,55133.00991089632,53594.90901985351,0.0316448000085074,0.0257249000133015,0.0059198999952059,0.1033425000059651,ok,2.8698637970875884,2.8698637970875884
LGBM_V4,TSP-random-n50-g10000-5,53469.40935409368,51711.34657480941,0.0328941000043414,0.030036599986488,0.0028575000178534,0.0860601000022143,ok,3.3997621329410355,3.3997621329410355
LGBM_V4,TSP-random-n500-g1000-1,16645.75228954585,16560.458902934264,0.0687482999928761,0.0635807999933604,0.0051674999995157,8.155299899997772,ok,0.515042409823998,0.515042409823998
LGBM_V4,TSP-random-n500-g1000-2,16652.911181907217,16793.601050547342,0.0647084999945946,0.0616203999961726,0.0030880999984219,4.804231499991147,ok,-0.837758788104235,0.837758788104235
LGBM_V4,TSP-random-n500-g1000-3,16469.039164828333,16386.60736744197,0.0750023000291548,0.0706273000105284,0.0043750000186264,7.128763500004425,ok,0.5030437084258382,0.5030437084258382
LGBM_V4,TSP-random-n500-g10000-4,168805.71324756302,166832.50283757297,0.0661095000104978,0.0623091000015847,0.0038004000089131,69.00190570000268,ok,1.1827493902139385,1.1827493902139385
LGBM_V4,TSP-random-n500-g10000-3,167539.05381142197,166770.67196301784,0.0775771999906282,0.0750655999872833,0.0025116000033449,6.305559499989613,ok,0.4607415916477916,0.4607415916477916
LGBM_V4,TSP-random-n60-g1000-1,6285.01368298782,6296.305829420704,0.0293236999714281,0.0282433999818749,0.0010802999895531,0.1924950999964494,ok,-0.17934558356614524,0.17934558356614524
LGBM_V4,TSP-random-n500-g10000-2,166953.9462578751,165683.76946973236,0.0887755999865476,0.0859448999981395,0.002830699988408,2.306263799997396,ok,0.7666271670471481,0.7666271670471481
LGBM_V4,TSP-random-n60-g1000-2,6321.664715922758,6168.9086697945095,0.0386978999886196,0.0355808000022079,0.0031170999864116,0.2532307999936165,ok,2.47622479606813,2.47622479606813
LGBM_V4,TSP-random-n60-g1000-4,6412.236608075576,6189.367757965008,0.0238527999899815,0.0224053999991156,0.0014473999908659,0.1876496999902883,ok,3.600833862614825,3.600833862614825
LGBM_V4,TSP-random-n60-g1000-5,6352.028558980796,6445.723487697691,0.0273806999903172,0.0241900999972131,0.0031905999931041,0.8923648000054527,ok,-1.4535983260175633,1.4535983260175633
LGBM_V4,TSP-random-n500-g1000-5,16333.965517456949,16400.42786043905,0.1281943999929353,0.1232865999918431,0.0049078000010922,6.187833200005116,ok,-0.4052476163894492,0.4052476163894492
LGBM_V4,TSP-random-n500-g1000-4,16272.526025571726,16229.35612829063,0.1356183000025339,0.1330406000197399,0.002577699982794,2.000128899991978,ok,0.26599882915775525,0.26599882915775525
LGBM_V4,TSP-random-n60-g1000-3,6254.138847162948,6099.365469028583,0.0331881000020075,0.0296258000016678,0.0035623000003397,0.2260995999968145,ok,2.5375324518636364,2.5375324518636364
LGBM_V4,TSP-random-n500-g10000-1,168196.96898149507,168005.91464895,0.1265376999799627,0.1243067999894265,0.0022308999905362,4.751961800007848,ok,0.11371881337884213,0.11371881337884213
LGBM_V4,TSP-random-n60-g10000-1,62489.90621626847,64760.15302452995,0.0325115000305231,0.0292841000191401,0.0032274000113829,0.1614278000051854,ok,-3.505622983011717,3.505622983011717
LGBM_V4,TSP-random-n500-g10000-5,166328.6765641922,165349.75498932763,0.0897920999850612,0.0879937999998219,0.0017982999852392,8.061607000010554,ok,0.5920308590283362,0.5920308590283362
LGBM_V4,TSP-random-n60-g10000-2,61959.32741304199,61742.868672539946,0.0358001999848056,0.0339047999877948,0.0018953999970108,0.1368358999898191,ok,0.3505809580213312,0.3505809580213312
LGBM_V4,TSP-random-n60-g10000-4,68892.69014623368,68409.54187694323,0.0246542999811936,0.023293799982639,0.0013604999985545,0.2974400999955833,ok,0.7062585949772223,0.7062585949772223
LGBM_V4,TSP-random-n60-g10000-3,63639.16859008106,64495.77629835707,0.0353003999916836,0.0324080999998841,0.0028922999917995,0.3372514999937266,ok,-1.3281609392735227,1.3281609392735227
LGBM_V4,TSP-normal-n900-g10000-5,171167.19296015173,172300.78128496624,0.9558982999878936,0.95244619998266,0.0034521000052336,13.272237199998926,ok,-0.6579124693228654,0.6579124693228654
LGBM_V4,TSP-random-n60-g10000-5,58032.901644291385,58069.00220685384,0.0395649000129196,0.0372455000178888,0.0023193999950308,0.1734109999961219,ok,-0.06216838793588235,0.06216838793588235
LGBM_V4,TSP-random-n1000-g10000-1,228300.81140445056,228649.14459214336,0.8927819000091404,0.891064199997345,0.0017177000117953,240.1183488999959,ok,-0.1523439715089001,0.1523439715089001
LGBM_V4,TSP-random-n70-g1000-1,6827.8541820293085,6763.300554555085,0.0087661999859847,0.0069728999806102,0.0017933000053744,0.1690815999900223,ok,0.9544693002109246,0.9544693002109246
LGBM_V4,TSP-random-n1000-g1000-3,23046.38923767512,23033.79236056224,0.9173893999832216,0.91497199999867,0.0024173999845515,18.3015388000058,ok,0.0546886805077185,0.0546886805077185
LGBM_V4,TSP-random-n70-g1000-2,6827.847911709818,6708.531029428309,0.0138033000112045,0.012001200026134,0.0018020999850705,0.1601068999880226,ok,1.7785843392257024,1.7785843392257024
LGBM_V4,TSP-random-n70-g1000-3,6678.677539758965,6638.3636110841735,0.0117055000155232,0.0099662000138778,0.0017393000016454,0.1446781999984523,ok,0.6072871423836913,0.6072871423836913
LGBM_V4,TSP-random-n70-g1000-4,6419.342313493778,6453.507078211643,0.0116101999883539,0.0091891000047326,0.0024210999836213,0.1514255000074627,ok,-0.529398423273006,0.529398423273006
LGBM_V4,TSP-random-n70-g1000-5,6524.872353777885,6506.155272057243,0.0115345999947749,0.0098142999922856,0.0017203000024892,0.2223545000015292,ok,0.28768267798693536,0.28768267798693536
LGBM_V4,TSP-random-n70-g10000-1,61050.31460385404,62105.754008395335,0.0118757000309415,0.0096451000135857,0.0022306000173557,0.0688485999999102,ok,-1.6994228979147723,1.6994228979147723
LGBM_V4,TSP-random-n70-g10000-2,60276.59502671371,63442.52364084257,0.0123355999821797,0.0106478999950923,0.0016876999870873,0.1638854000048013,ok,-4.990231208411013,4.990231208411013
LGBM_V4,TSP-random-n70-g10000-3,62629.01892279904,62316.898698598976,0.011176100000739,0.0098010999790858,0.0013750000216532,0.2437544999993406,ok,0.5008596876902711,0.5008596876902711
LGBM_V4,TSP-random-n70-g10000-4,68354.57817735594,67117.1348013733,0.0116551999817602,0.0103677999868523,0.0012873999949079,0.1634836000012001,ok,1.8437070945366552,1.8437070945366552
LGBM_V4,TSP-random-n70-g10000-5,63036.361947878,62969.93170591845,0.0086359000124502,0.0074773000087589,0.0011586000036913,0.1913456999900518,ok,0.10549517866685483,0.10549517866685483
LGBM_V4,TSP-random-n1000-g1000-5,23148.73067717532,23262.327759047097,0.9775757999741472,0.9759827999805566,0.0015929999935906,6.383347800001502,ok,-0.4883306737331834,0.4883306737331834
LGBM_V4,TSP-random-n1000-g1000-2,23242.642048835944,23169.35279666289,0.997827299986966,0.9965395999897736,0.0012876999971922,208.7810986999976,ok,0.316319807533034,0.316319807533034
LGBM_V4,TSP-random-n1000-g1000-1,23645.022071628813,23462.63481874539,1.005705300020054,1.004380400001537,0.0013249000185169,6.084185999992769,ok,0.7773519653372608,0.7773519653372608
LGBM_V4,TSP-random-n1000-g10000-3,232139.881805872,232744.60528797927,0.9925721999898088,0.9909699000127148,0.0016022999770939,7.685093600011896,ok,-0.2598227706971091,0.2598227706971091
LGBM_V4,TSP-random-n1000-g1000-4,23119.556981354937,23125.10903341881,0.998160099989036,0.9969700000074226,0.0011900999816134,11.101557000016328,ok,-0.024008760589399367,0.024008760589399367
LGBM_V4,TSP-random-n1000-g10000-5,232725.01054138065,232837.6609627164,0.9754132000089156,0.9716613999917172,0.0037518000171985,13.180065799999284,ok,-0.04838152937544228,0.04838152937544228
LGBM_V4,TSP-random-n1000-g10000-2,228557.10149941035,228876.3912216421,1.0261081000207923,1.024324500001967,0.0017836000188253,10.267818099993749,ok,-0.13950312678713242,0.13950312678713242
LGBM_V4,TSP-random-n1000-g10000-4,233397.9413007529,233840.13254995248,1.0238456999941263,1.0216518999950497,0.0021937999990768,23.10038990000612,ok,-0.18909981121616493,0.18909981121616493
LGBM_V4,TSP-random-n600-g1000-5,17882.730209042184,17954.712979836608,0.3051951999950688,0.3032921999983955,0.0019029999966733,6.948963499991805,ok,-0.4009129573681395,0.4009129573681395
LGBM_V4,TSP-random-n600-g1000-2,17574.407272400807,17681.195592218544,0.327418500004569,0.3257746000017505,0.0016439000028185,6.261356799994246,ok,-0.6039654912518146,0.6039654912518146
LGBM_V4,TSP-random-n8-g1000-1,3052.7294228019086,3062.1783047888134,0.0096610999898985,0.0074030999967362,0.0022579999931622,0.1333987999969395,ok,-0.30856733496309036,0.30856733496309036
LGBM_V4,TSP-random-n600-g1000-4,18061.08327043329,18051.76567953547,0.3245789999782573,0.322655299998587,0.0019236999796703,3.175553399996716,ok,0.051615953049856694,0.051615953049856694
LGBM_V4,TSP-random-n8-g1000-2,2316.269491671058,2327.3373240965598,0.0081572000053711,0.0070910000067669,0.0010661999986041,0.1402041999972425,ok,-0.47555772474014696,0.47555772474014696
LGBM_V4,TSP-random-n8-g1000-3,2858.647054369236,2701.360004138525,0.0082177000003866,0.00692970000091,0.0012879999994765,0.125698600008036,ok,5.822513474314597,5.822513474314597
LGBM_V4,TSP-random-n8-g1000-4,2328.210144571229,2305.1527632000334,0.0129674000199884,0.0108149000152479,0.0021525000047404,0.4534143000055337,ok,1.0002539414866078,1.0002539414866078
LGBM_V4,TSP-random-n8-g1000-5,2654.6559949418693,2649.7918430698187,0.0116309000295586,0.010321500012651,0.0013094000169076,0.4495604999974603,ok,0.18356732000561168,0.18356732000561168
LGBM_V4,TSP-random-n8-g10000-1,22108.37228515534,22037.50679147305,0.0082701000210363,0.0069319000176619,0.0013382000033743,0.1335582000028807,ok,0.32156765442136787,0.32156765442136787
LGBM_V4,TSP-random-n8-g10000-3,35651.313148287496,35741.183008834945,0.0075314000132493,0.0058253000024706,0.0017061000107787,0.1530309000081615,ok,-0.251446239273149,0.251446239273149
LGBM_V4,TSP-random-n8-g10000-2,26695.555716377494,26793.18059796796,0.0117887999804224,0.0101309999881777,0.0016577999922446,0.1327263999992283,ok,-0.36436466075203316,0.36436466075203316
LGBM_V4,TSP-random-n600-g10000-2,179992.63356618286,181522.5158790636,0.341557300009299,0.3371462000068277,0.0044111000024713,165.0315816999937,ok,-0.8428058114289252,0.8428058114289252
LGBM_V4,TSP-random-n600-g10000-1,183750.49092463325,184485.56016762092,0.3535641999915242,0.3499982999928761,0.003565899998648,7.112428299995372,ok,-0.39844269780236025,0.39844269780236025
LGBM_V4,TSP-random-n8-g10000-4,24086.237997341734,26801.33433327025,0.013390200008871,0.0097751000139396,0.0036150999949313,0.172866699998849,ok,-10.130452096775231,10.130452096775231
LGBM_V4,TSP-random-n600-g10000-3,179212.02770640375,180525.56701450472,0.3389315999811515,0.336899199988693,0.0020323999924585,8.010176700001466,ok,-0.727619544324948,0.727619544324948
LGBM_V4,TSP-random-n8-g10000-5,20537.99145939808,20205.103802291065,0.0174888999608811,0.01338529997156,0.004103599989321,0.1911440999974729,ok,1.6475424247474928,1.6475424247474928
LGBM_V4,TSP-random-n80-g1000-3,7405.183566332327,7221.552709801848,0.0212664999708067,0.0192511999921407,0.002015299978666,0.1037709999945946,ok,2.5428168139136598,2.5428168139136598
LGBM_V4,TSP-random-n600-g1000-3,17832.931983257222,18035.256053158464,0.3997487000015098,0.3979670999979134,0.0017816000035963,3.546943499997724,ok,-1.1218253253787862,1.1218253253787862
LGBM_V4,TSP-random-n80-g1000-1,6999.8832498989705,6897.561266997793,0.026774599973578,0.0221090999839361,0.0046654999896418,0.165887199997087,ok,1.483451598911481,1.483451598911481
LGBM_V4,TSP-random-n80-g1000-4,7026.552087159497,6954.825576719579,0.0264861999894492,0.0242979000031482,0.0021882999863009,0.141978100000415,ok,1.0313200474791793,1.0313200474791793
LGBM_V4,TSP-random-n80-g1000-2,7351.80834530857,7126.803311162967,0.0307622000109404,0.0282594000163953,0.002502799994545,0.2649170999939088,ok,3.15716632439077,3.15716632439077
LGBM_V4,TSP-random-n80-g1000-5,7078.4889968194575,7178.269140108491,0.0315630999975837,0.0284484000003431,0.0031146999972406,0.1284129999985452,ok,-1.3900306792833024,1.3900306792833024
LGBM_V4,TSP-random-n80-g10000-1,72016.34636769646,69966.58216060312,0.0309167000232264,0.0277532000036444,0.0031635000195819,0.3416850999929011,ok,2.929633181721316,2.929633181721316
LGBM_V4,TSP-random-n80-g10000-2,70781.67432134469,69913.30120311579,0.0288299999956507,0.0253659000154584,0.0034640999801922,0.3655979999894043,ok,1.242071398840203,1.242071398840203
LGBM_V4,TSP-random-n600-g1000-1,17898.45972461793,17887.054749379116,0.4247353000100702,0.4238014000002295,0.0009339000098407,10.921744799998123,ok,0.06376105736026022,0.06376105736026022
LGBM_V4,TSP-random-n80-g10000-5,70350.98407622009,70352.28288798222,0.0232966000039596,0.0204872000031173,0.0028094000008422,0.6109234999894397,ok,-0.0018461543944438114,0.0018461543944438114
LGBM_V4,TSP-random-n80-g10000-4,73408.9547918273,70772.12977829228,0.0270344000018667,0.024087400001008,0.0029470000008586,0.5228367999952752,ok,3.725795764230074,3.725795764230074
LGBM_V4,TSP-random-n600-g10000-4,178858.9379576282,179727.88070708467,0.4045038000040222,0.402822300005937,0.0016814999980852,11.86760030000005,ok,-0.4834768796237303,0.4834768796237303
LGBM_V4,TSP-random-n80-g10000-3,72570.82039272803,71179.86905183998,0.0399012999841943,0.038343199994415,0.0015580999897792,0.2038074000010965,ok,1.9541358524768022,1.9541358524768022
LGBM_V4,TSP-random-n600-g10000-5,179001.82950281867,178879.57160021766,0.4220476000045892,0.4164799000136554,0.0055676999909337,2.1575944000069285,ok,0.06834648669342935,0.06834648669342935
LGBM_V4,TSP-random-n700-g1000-1,19542.051483184427,19318.32336421879,0.3799638999917079,0.3785566999868024,0.0014072000049054,7.741584199990029,ok,1.1581135419858541,1.1581135419858541
LGBM_V4,TSP-random-n90-g1000-1,7219.414274733836,7444.186936272511,0.0110297999926842,0.0095929999952204,0.0014367999974638,0.4291632999957073,ok,-3.0194387038220287,3.0194387038220287
LGBM_V4,TSP-random-n700-g1000-2,19738.01054993132,19744.758378497867,0.3880886000115424,0.3860123000049498,0.0020763000065926,9.918509499999344,ok,-0.03417529066293395,0.03417529066293395
LGBM_V4,TSP-random-n90-g1000-2,7497.410686342924,7317.863671389005,0.0154754999966826,0.0132368000049609,0.0022386999917216,0.3361102000053506,ok,2.453544135509152,2.453544135509152
LGBM_V4,TSP-random-n90-g1000-3,7410.709487335568,7280.20130356515,0.0108080999925732,0.0096231999923475,0.0011849000002257,0.2323068999976385,ok,1.792645262521901,1.792645262521901
LGBM_V4,TSP-random-n90-g1000-4,7453.634867855198,7543.767443932807,0.0123165999830234,0.0111890999833121,0.0011274999997112,0.0791609000007156,ok,-1.1947952630764025,1.1947952630764025
LGBM_V4,TSP-random-n90-g1000-5,7495.270046009866,7415.408093496066,0.0117725000018253,0.0106058999954257,0.0011666000063996,0.2710372000001371,ok,1.0769731282064672,1.0769731282064672
LGBM_V4,TSP-random-n90-g10000-1,69362.60449214304,71347.57624956533,0.0125301999796647,0.0107863000012002,0.0017438999784644,0.3756913999968674,ok,-2.7821151912422275,2.7821151912422275
LGBM_V4,TSP-random-n700-g1000-4,19510.11371119296,19592.76471922608,0.4123649999964982,0.4111104999901727,0.0012545000063255,17.14373369999521,ok,-0.4218445391324315,0.4218445391324315
LGBM_V4,TSP-random-n90-g10000-2,72998.27483635252,72586.21904246282,0.0132566000102087,0.0122067000193055,0.0010498999909032,0.8370904000039445,ok,0.5676777208200422,0.5676777208200422
LGBM_V4,TSP-random-n90-g10000-5,74555.61679799347,76026.90365063296,0.0143126999901141,0.0131106000044383,0.0012020999856758,0.7709039999899687,ok,-1.9352186949510728,1.9352186949510728
LGBM_V4,TSP-random-n90-g10000-3,72859.17985567202,72108.40468992153,0.0160372000245843,0.013728500023717,0.0023087000008672,0.5491708000045037,ok,1.041175670130197,1.041175670130197
LGBM_V4,TSP-random-n700-g1000-5,19480.173505342103,19449.09232277043,0.4282052000053227,0.4267607000074349,0.0014444999978877,4.898728400003165,ok,0.1598078823209902,0.1598078823209902
LGBM_V4,TSP-random-n700-g10000-2,195694.55600381937,195943.57359248845,0.4194415000092704,0.4181266000086907,0.0013149000005796,6.1309748999919975,ok,-0.12708637701330108,0.12708637701330108
LGBM_V4,TSP-random-n90-g10000-4,73906.04236317237,74767.26485158165,0.024492900003679,0.0234480000217445,0.0010448999819345,0.4835809999931371,ok,-1.1518710629830777,1.1518710629830777
LGBM_V4,TSP-random-n700-g1000-3,19174.67673766076,19325.54215646732,0.4574346999870613,0.4548886999837123,0.002546000003349,5.427546099992469,ok,-0.7806529699663406,0.7806529699663406
LGBM_V4,TSP-random-n700-g10000-1,193863.0083045032,193031.545669951,0.4339265000016894,0.4292942000029143,0.0046322999987751,8.412648400000762,ok,0.43073925127959833,0.43073925127959833
LGBM_V4,TSP-random-n700-g10000-4,190947.583914978,192072.82779719203,0.4431656000087969,0.4381302999972831,0.0050353000115137,10.6738676999812,ok,-0.5858423052958716,0.5858423052958716
LGBM_V4,TSP-random-n700-g10000-3,192972.19831473,192274.52097558745,0.4636340000142809,0.4608308000024408,0.00280320001184,5.40025059999607,ok,0.36285480551586957,0.36285480551586957
LGBM_V4,TSP-random-n700-g10000-5,199028.5527470809,198930.92503761145,0.4517728999780956,0.4498479999892879,0.0019248999888077,3.473652900007437,ok,0.049076185339699985,0.049076185339699985
LGBM_V4,TSP-random-n800-g1000-3,20423.5277807224,20472.27938406945,0.3746892999915872,0.3712315000011585,0.0034577999904286,4.541776700003538,ok,-0.2381347110033356,0.2381347110033356
LGBM_V4,TSP-random-n800-g1000-2,20532.242595681942,20470.157344909912,0.3799195000028703,0.3765877000114415,0.0033317999914288,15.43028630000481,ok,0.3032964022988723,0.3032964022988723
LGBM_V4,TSP-random-n800-g10000-1,208578.088863196,209070.3759348221,0.3655684000405017,0.3637427000212483,0.0018257000192534,160.99431039999763,ok,-0.23546476607454922,0.23546476607454922
LGBM_V4,TSP-random-n800-g1000-1,21003.90367420341,20961.103569628023,0.3868949000025168,0.3850975999957882,0.0017973000067286,6.499728300012066,ok,0.2041882214512985,0.2041882214512985
LGBM_V4,TSP-squeezed_uniform-n10-g1000-3,2509.3599748968263,2559.457386765192,0.0101259999792091,0.0071735999954398,0.0029523999837692,0.0417870999954175,ok,-1.957345026622306,1.957345026622306
LGBM_V4,TSP-random-n800-g10000-2,208095.4207550716,207946.32251004595,0.3727500999812037,0.3708036999742035,0.0019464000070001,5.770357299988973,ok,0.07170035191097864,0.07170035191097864
LGBM_V4,TSP-squeezed_uniform-n10-g1000-2,2278.4386046222,2484.0274643382427,0.012795399990864,0.0118449000001419,0.0009504999907221,0.0414384000032441,ok,-8.276432634806344,8.276432634806344
LGBM_V4,TSP-squeezed_uniform-n10-g1000-4,2583.878826584465,2567.715690265612,0.0140154999971855,0.011976699985098,0.0020388000120874,0.0379708000109531,ok,0.6294753106867952,0.6294753106867952
LGBM_V4,TSP-squeezed_uniform-n10-g1000-1,3008.007650856953,3081.067386495435,0.0202916999987792,0.017008299997542,0.0032834000012371,0.0800040000031003,ok,-2.371247573445118,2.371247573445118
LGBM_V4,TSP-squeezed_uniform-n10-g10000-1,19800.736141313,19402.026282523133,0.0102464999945368,0.0060019000084139,0.0042445999861229,0.0463987999974051,ok,2.0549908189177817,2.0549908189177817
LGBM_V4,TSP-random-n800-g1000-4,21072.0327725342,21041.07288023052,0.3955312000180129,0.3896411000168882,0.0058901000011246,5.587421500007622,ok,0.14714027407208924,0.14714027407208924
LGBM_V4,TSP-squeezed_uniform-n10-g1000-5,1866.403834139784,1846.9725753322052,0.0164108000171836,0.014061900001252,0.0023489000159315,0.041265599997132,ok,1.0520599529792067,1.0520599529792067
LGBM_V4,TSP-squeezed_uniform-n10-g10000-3,30589.98849670909,31599.589444208726,0.015906000015093,0.0146627000067383,0.0012433000083547,0.1129957999946782,ok,-3.1949812173419407,3.1949812173419407
LGBM_V4,TSP-squeezed_uniform-n10-g10000-2,18296.90895252361,18237.815855591474,0.0185305000341031,0.0146302000212017,0.0039003000129014,0.0522582999983569,ok,0.3240141111196558,0.3240141111196558
LGBM_V4,TSP-squeezed_uniform-n10-g10000-4,23717.07046821704,23222.78823274273,0.0139689999923575,0.0124045000120531,0.0015644999803043,0.0452188000053865,ok,2.1284362175658265,2.1284362175658265
LGBM_V4,TSP-squeezed_uniform-n10-g10000-5,23726.137063767343,24257.930525145566,0.0144667999993544,0.0116929000068921,0.0027738999924622,0.0417728999891551,ok,-2.192245792883985,2.192245792883985
LGBM_V4,TSP-squeezed_uniform-n100-g1000-1,6755.187644400248,6680.70796327581,0.0328874999831896,0.0308910999738145,0.001996400009375,0.2604926000058185,ok,1.1148471319784858,1.1148471319784858
LGBM_V4,TSP-squeezed_uniform-n100-g1000-3,6866.80971852861,6779.692088640424,0.0289089000143576,0.0247111000062432,0.0041978000081144,0.4016359999950509,ok,1.2849791516956017,1.2849791516956017
LGBM_V4,TSP-squeezed_uniform-n100-g1000-4,6182.509287359606,6152.570352401731,0.027265000011539,0.0231212000071536,0.0041438000043854,0.2247663999878568,ok,0.48660857565306886,0.48660857565306886
LGBM_V4,TSP-squeezed_uniform-n100-g1000-2,6555.117254036574,6294.575232225435,0.0326285999908577,0.0312880999990738,0.0013404999917838,0.2112250999925891,ok,4.139151764797087,4.139151764797087
LGBM_V4,TSP-squeezed_uniform-n100-g1000-5,6856.55503974022,6801.565813141572,0.0306789000169374,0.0294602000212762,0.0012186999956611,0.3861710999917704,ok,0.8084789313131597,0.8084789313131597
LGBM_V4,TSP-squeezed_uniform-n100-g10000-1,65752.79108634547,64230.50952922492,0.0336491999914869,0.0278236999874934,0.0058255000039935,0.2547161999973468,ok,2.37002877336341,2.37002877336341
LGBM_V4,TSP-squeezed_uniform-n100-g10000-3,67123.32782506732,64408.022501387866,0.0250660000019706,0.0226632000121753,0.0024027999897953,0.3275506000063615,ok,4.215787441107887,4.215787441107887
LGBM_V4,TSP-squeezed_uniform-n100-g10000-2,62206.133374259465,61858.11498777265,0.0288909000228159,0.0237806000222917,0.0051103000005241,0.2962979000003543,ok,0.5626074874017869,0.5626074874017869
LGBM_V4,TSP-squeezed_uniform-n100-g10000-4,61360.3412610328,60450.552223072016,0.027424300002167,0.0264687000017147,0.0009556000004522,0.2466724999976577,ok,1.5050136094762558,1.5050136094762558
LGBM_V4,TSP-squeezed_uniform-n100-g10000-5,69586.55059331037,65856.0385423092,0.029635299986694,0.0284068000037223,0.0012284999829716,0.1351101999898674,ok,5.6646469079741415,5.6646469079741415
LGBM_V4,TSP-random-n800-g1000-5,20675.32623311761,20607.6283708972,0.4815090000047348,0.4796627000032458,0.0018463000014889,4.631545100011863,ok,0.3285087492940871,0.3285087492940871
LGBM_V4,TSP-random-n800-g10000-4,205481.59515577,206409.6896204775,0.512784799997462,0.5086814000096638,0.0041033999877981,4.722381700004917,ok,-0.44963706229779343,0.44963706229779343
LGBM_V4,TSP-random-n800-g10000-3,208913.8652395605,208841.54757817736,0.5215294999652542,0.5201789999846369,0.0013504999806173,220.91395429999105,ok,0.03462800492610782,0.03462800492610782
LGBM_V4,TSP-random-n800-g10000-5,207314.50036069035,208282.29291136315,0.5127357000019401,0.5114115000178572,0.0013241999840829,8.321390500001144,ok,-0.46465426184100106,0.46465426184100106
LGBM_V4,TSP-random-n900-g1000-2,21902.9214003975,21897.308821125065,0.4385824000055436,0.4371387000137474,0.0014436999917961,7.607948799995938,ok,0.02563136556314897,0.02563136556314897
LGBM_V4,TSP-squeezed_uniform-n20-g1000-1,2629.0417636162547,2795.846841968194,0.0072263999900314,0.0052389999909792,0.0019873999990522,0.0450557000003755,ok,-5.966173677615095,5.966173677615095
LGBM_V4,TSP-random-n900-g1000-1,22407.191470401885,22413.39301813404,0.455667700007325,0.4524581000150647,0.0032095999922603,6.035836099996232,ok,-0.027668937617509434,0.027668937617509434
LGBM_V4,TSP-squeezed_uniform-n20-g1000-2,3572.6294650320247,3569.79960314354,0.0077939999755471,0.0060825999826192,0.0017113999929279,0.0360992000059923,ok,0.07927228985046311,0.07927228985046311
LGBM_V4,TSP-squeezed_uniform-n20-g1000-3,3092.65583656018,2828.96017168845,0.0071112999867182,0.0055384000006597,0.0015728999860584,0.0364075000106822,ok,9.321292943984597,9.321292943984597
LGBM_V4,TSP-squeezed_uniform-n20-g1000-4,3777.6330094120526,3858.1008422436007,0.0073188999958802,0.0059599000087473,0.0013589999871328,0.0403059999953256,ok,-2.0856850590964244,2.0856850590964244
LGBM_V4,TSP-squeezed_uniform-n20-g1000-5,3436.989693743039,3338.7541699355997,0.0083528000104706,0.0063002000097185,0.0020526000007521,0.0426583999942522,ok,2.9422808271426004,2.9422808271426004
LGBM_V4,TSP-squeezed_uniform-n20-g10000-1,31140.703877786866,31145.5694065206,0.0066699000017251,0.0056613000051584,0.0010085999965667,0.0523041999986162,ok,-0.015621896874733254,0.015621896874733254
LGBM_V4,TSP-squeezed_uniform-n20-g10000-2,30667.27502780522,31326.97426377727,0.0076834000064991,0.006634599994868,0.0010488000116311,0.0517467000026954,ok,-2.1058504738354076,2.1058504738354076
LGBM_V4,TSP-squeezed_uniform-n20-g10000-3,32138.746154526165,31737.59893097234,0.0079590999812353,0.006871499994304,0.0010875999869313,0.0443953999929362,ok,1.2639495017449138,1.2639495017449138
LGBM_V4,TSP-squeezed_uniform-n20-g10000-5,30658.503185477843,29234.92216737281,0.0075356000161264,0.0055925000051502,0.0019431000109761,0.0500486000091768,ok,4.8694537647642475,4.8694537647642475
LGBM_V4,TSP-squeezed_uniform-n20-g10000-4,35882.53909752561,36356.3711785284,0.0101039999863132,0.0085808000003453,0.0015231999859679,0.0484617000038269,ok,-1.3032986121635635,1.3032986121635635
LGBM_V4,TSP-squeezed_uniform-n200-g1000-1,9322.565226210876,9163.13088227528,0.0169056999729946,0.0151386999932583,0.0017669999797362,1.2231018000020413,ok,1.739954890789548,1.739954890789548
LGBM_V4,TSP-squeezed_uniform-n200-g1000-2,8800.502520990563,8716.546265635207,0.0183532000228296,0.0153405000164639,0.0030127000063657,1.0000341999984812,ok,0.9631825816878025,0.9631825816878025
LGBM_V4,TSP-random-n900-g1000-4,22097.23428473362,22215.682575171923,0.5144151000131387,0.5128110000223387,0.0016040999908,11.710626600004616,ok,-0.5331742116745981,0.5331742116745981
LGBM_V4,TSP-random-n900-g10000-1,217527.73155812823,217289.72568853936,0.5037086999800522,0.5023283999762498,0.0013803000038024,228.23099480000383,ok,0.10953388101286841,0.10953388101286841
LGBM_V4,TSP-random-n900-g1000-5,22059.63806369753,21913.387670052754,0.5224288000026718,0.5199521000031382,0.0024766999995335,9.186235300003318,ok,0.6674020276866828,0.6674020276866828
LGBM_V4,TSP-squeezed_uniform-n200-g1000-3,9310.66718301818,9205.322438891086,0.0308185999747365,0.0293962999712675,0.0014223000034689,1.4989088000002084,ok,1.1443895075530337,1.1443895075530337
LGBM_V4,TSP-squeezed_uniform-n200-g1000-4,9519.830749596616,9359.970591797875,0.0286047999979928,0.0266223000071477,0.001982499990845,1.1564733999985035,ok,1.70791303488524,1.70791303488524
LGBM_V4,TSP-random-n900-g1000-3,22064.318292505715,22073.15099306317,0.5538065000146162,0.552385500021046,0.0014209999935701,4.338619100002688,ok,-0.04001558527022084,0.04001558527022084
LGBM_V4,TSP-squeezed_uniform-n200-g1000-5,8844.79074146701,8732.998236661988,0.0418707999633625,0.0399077999754808,0.0019629999878816,3.5548223000078,ok,1.2801159667673583,1.2801159667673583
LGBM_V4,TSP-squeezed_uniform-n200-g10000-1,93554.62073702057,90277.35627270288,0.0387956000049598,0.0379513000079896,0.0008442999969702,2.111510899994755,ok,3.630217586808792,3.630217586808792
LGBM_V4,TSP-random-n900-g10000-2,218409.87706738088,217221.84479259496,0.5433908000122756,0.5405245000147261,0.0028662999975495,5.5039209999958985,ok,0.5469211790923971,0.5469211790923971
LGBM_V4,TSP-random-n900-g10000-4,219165.2356103399,221046.7812910885,0.5149829000292812,0.5136072000022978,0.0013757000269833,5.285031599996728,ok,-0.8511979544596265,0.8511979544596265
LGBM_V4,TSP-random-n900-g10000-3,220999.7152053978,221786.61969161997,0.5199383999861311,0.5180315999896266,0.0019067999965045,365.2208775000181,ok,-0.3548025067140225,0.3548025067140225
LGBM_V4,TSP-squeezed_uniform-n200-g10000-4,90686.5988909678,91889.32194480632,0.0318350999732501,0.0288205999822821,0.003014499990968,3.5181930999970064,ok,-1.3088822818400374,1.3088822818400374
LGBM_V4,TSP-squeezed_uniform-n200-g10000-3,97077.69891937212,95379.35117580478,0.0339340999780688,0.0308271999820135,0.0031068999960552,1.9878736999962712,ok,1.7806241315658762,1.7806241315658762
LGBM_V4,TSP-squeezed_uniform-n200-g10000-2,92890.80947615206,92416.61924851814,0.0586318999994546,0.0567816999973729,0.0018502000020816,1.78805669999565,ok,0.5131005997511943,0.5131005997511943
LGBM_V4,TSP-squeezed_uniform-n30-g1000-1,4005.000704181501,4073.18708097942,0.0265095999930053,0.0257583000056911,0.0007512999873142,0.1179006000020308,ok,-1.6740300762596725,1.6740300762596725
LGBM_V4,TSP-squeezed_uniform-n30-g1000-3,4402.878537539631,4392.195062096158,0.0246047000109683,0.0211593999993056,0.0034453000116627,0.0654691999952774,ok,0.2432377272054585,0.2432377272054585
LGBM_V4,TSP-squeezed_uniform-n30-g1000-2,3981.948971836659,3956.881160342501,0.0303558000305201,0.0283396000158973,0.0020162000146228,0.0781136000005062,ok,0.6335244976623987,0.6335244976623987
LGBM_V4,TSP-squeezed_uniform-n30-g1000-4,3176.395135593832,3163.5322702981166,0.0330052000063005,0.029916300001787,0.0030889000045135,0.0747104999900329,ok,0.4065982008934368,0.4065982008934368
LGBM_V4,TSP-squeezed_uniform-n30-g1000-5,4300.1287096986525,4195.153737038806,0.0250085000006947,0.0231283000030089,0.0018801999976858,0.0567093999998178,ok,2.502291435306118,2.502291435306118
LGBM_V4,TSP-squeezed_uniform-n30-g10000-1,42285.92465446237,42128.42279102431,0.0220976000127848,0.0206252000061795,0.0014724000066053,0.0420321000128751,ok,0.37386128652224454,0.37386128652224454
LGBM_V4,TSP-squeezed_uniform-n30-g10000-2,41129.95715732116,42518.00395997065,0.0273570000135805,0.0246767000062391,0.0026803000073414,0.0929476000019349,ok,-3.2646095144924834,3.2646095144924834
LGBM_V4,TSP-squeezed_uniform-n30-g10000-3,39318.503873235386,39602.72423144999,0.0261657999944873,0.0218568999844137,0.0043089000100735,0.1417406999971717,ok,-0.7176788055123065,0.7176788055123065
LGBM_V4,TSP-squeezed_uniform-n30-g10000-4,36284.7167802819,34865.06857826285,0.0254718000360298,0.0230962000205181,0.0023756000155117,0.0503834999981336,ok,4.0718353925859,4.0718353925859
LGBM_V4,TSP-squeezed_uniform-n30-g10000-5,30936.664514751414,31716.645967206478,0.0235818999935872,0.02185499999905,0.0017268999945372,0.1103542000055313,ok,-2.4592179553333855,2.4592179553333855
LGBM_V4,TSP-random-n900-g10000-5,223372.97437585064,223673.0658074789,0.5556030000152532,0.5526206000067759,0.0029824000084772,14.82572639999853,ok,-0.13416520694832731,0.13416520694832731
LGBM_V4,TSP-squeezed_uniform-n200-g10000-5,93460.03603053048,91619.90228125038,0.0789501999970525,0.0760939000174403,0.0028562999796122,1.9688375999976413,ok,2.008443256827912,2.008443256827912
LGBM_V4,TSP-squeezed_uniform-n300-g1000-5,11503.6638650697,11152.155390847109,0.0500844999914988,0.0486117000109516,0.0014727999805472,1.4115041999903042,ok,3.1519330739516485,3.1519330739516485
LGBM_V4,TSP-squeezed_uniform-n300-g1000-4,11328.462302025548,11228.442211975322,0.0577017999894451,0.0550847999984398,0.0026169999910052,1.30159280000953,ok,0.8907744116414725,0.8907744116414725
LGBM_V4,TSP-squeezed_uniform-n300-g1000-3,10739.739662491023,10479.420978893322,0.075477000005776,0.0736077000037767,0.0018693000019993,1.6909853999968618,ok,2.4840941510223797,2.4840941510223797
LGBM_V4,TSP-squeezed_uniform-n40-g1000-1,3882.44184767418,3804.97483238937,0.0148014999867882,0.0128009000036399,0.0020005999831482,0.0728550999920116,ok,2.0359402807446076,2.0359402807446076
LGBM_V4,TSP-squeezed_uniform-n40-g1000-2,4451.506893345789,4322.712029997945,0.0143496999808121,0.0133232999942265,0.0010263999865856,0.0578402999963145,ok,2.979492097878767,2.979492097878767
LGBM_V4,TSP-squeezed_uniform-n300-g1000-2,11221.882970743967,11124.360483662844,0.0762326999683864,0.0745530999847687,0.0016795999836176,1.1639710000017658,ok,0.8766570197391957,0.8766570197391957
LGBM_V4,TSP-squeezed_uniform-n300-g1000-1,11362.548043178482,11071.625855648175,0.0914366999932099,0.090269200009061,0.0011674999841488,1.1621943000063766,ok,2.6276374520178796,2.6276374520178796
LGBM_V4,TSP-squeezed_uniform-n300-g10000-1,114604.00297478988,112671.15403988054,0.0795552000054158,0.0774624999903608,0.002092700015055,3.110577800005558,ok,1.7154780665734564,1.7154780665734564
LGBM_V4,TSP-squeezed_uniform-n40-g1000-3,4408.506889329149,4457.890280033747,0.0251068999932613,0.0220635999867226,0.0030433000065386,0.0902707999921403,ok,-1.107774924963483,1.107774924963483
LGBM_V4,TSP-squeezed_uniform-n300-g10000-3,117936.92254033904,115845.9458074061,0.0849595999752637,0.0817209999950137,0.00323859998025,28.033932099991944,ok,1.8049632366152866,1.8049632366152866
LGBM_V4,TSP-squeezed_uniform-n40-g1000-4,4069.830917255463,4226.357270124683,0.0237222999858204,0.0213726999936625,0.0023495999921578,0.0978140000079292,ok,-3.7035759843512266,3.7035759843512266
LGBM_V4,TSP-squeezed_uniform-n40-g10000-1,40757.547250399424,41785.15637153522,0.0217243999941274,0.0201280000037513,0.001596399990376,0.6247832999943057,ok,-2.45926833921296,2.45926833921296
LGBM_V4,TSP-squeezed_uniform-n40-g1000-5,4390.93931047662,4285.969197731241,0.028475500002969,0.0248548999952618,0.0036206000077072,0.0860376000055112,ok,2.4491569561662865,2.4491569561662865
LGBM_V4,TSP-squeezed_uniform-n300-g10000-4,114087.4211432698,113142.10068245884,0.0879373000061605,0.0837887000234332,0.0041485999827273,2.868346899995231,ok,0.8355160944590148,0.8355160944590148
LGBM_V4,TSP-squeezed_uniform-n300-g10000-2,114271.08735835672,112786.5832225156,0.09963580002659,0.0974731000023894,0.0021627000242006,1.792967299988959,ok,1.3162063194275035,1.3162063194275035
LGBM_V4,TSP-squeezed_uniform-n40-g10000-3,46587.354573739685,45734.37971714293,0.0295406999939586,0.0267035000142641,0.0028371999796945,0.0904480000026524,ok,1.865062698722962,1.865062698722962
LGBM_V4,TSP-squeezed_uniform-n40-g10000-2,45076.14525430019,41757.622754948985,0.0348720999900251,0.0328059000021312,0.0020661999878939,0.0899050000007264,ok,7.947105894475042,7.947105894475042
LGBM_V4,TSP-squeezed_uniform-n300-g10000-5,114369.18425426516,110274.37249421582,0.0925146000226959,0.0893353999999817,0.0031792000227142,3.923994099997799,ok,3.7132940931168084,3.7132940931168084
LGBM_V4,TSP-squeezed_uniform-n40-g10000-5,43873.18554337779,43771.3033622763,0.0219895999762229,0.0203227999736554,0.0016668000025674,0.0679046999866841,ok,0.2327602179406238,0.2327602179406238
LGBM_V4,TSP-squeezed_uniform-n40-g10000-4,42434.70850957512,41170.044118718455,0.0309356999932788,0.0284742999938316,0.0024613999994471,0.0784489999932702,ok,3.071807227628564,3.071807227628564
LGBM_V4,TSP-squeezed_uniform-n400-g1000-3,12810.952748608586,12485.725835994395,0.0627926000161096,0.0574096000054851,0.0053830000106245,5.156594799991581,ok,2.604789796654133,2.604789796654133
LGBM_V4,TSP-squeezed_uniform-n400-g1000-1,12838.103059216222,12696.657039417603,0.0713408000010531,0.0696869999810587,0.0016538000199943,3.0173847999976715,ok,1.1140414312168208,1.1140414312168208
LGBM_V4,TSP-squeezed_uniform-n5-g1000-2,1948.702173468144,1889.2162421176467,0.0106728000100702,0.0090306999918539,0.0016421000182162,0.0936622000008355,ok,3.1487095031439503,3.1487095031439503
LGBM_V4,TSP-squeezed_uniform-n5-g1000-1,1903.3247559382569,1827.845735233462,0.0114346999907866,0.0078383999934885,0.003596299997298,0.0474151000089477,ok,4.129397752220834,4.129397752220834
LGBM_V4,TSP-squeezed_uniform-n400-g1000-2,13257.603160871464,13132.546667379229,0.0851279000053182,0.0831625999999232,0.0019653000053949,9.757436699990649,ok,0.95226384234271,0.95226384234271
LGBM_V4,TSP-squeezed_uniform-n5-g1000-5,1569.1265937858418,1553.1846916865195,0.0100309000117704,0.0080011000100057,0.0020298000017646,0.5055993999994826,ok,1.0264009286630205,1.0264009286630205
LGBM_V4,TSP-squeezed_uniform-n400-g1000-5,13188.161185525516,13055.267946845732,0.0894303999957628,0.0882286999840289,0.0012017000117339,7.67400970000017,ok,1.0179280825246668,1.0179280825246668
LGBM_V4,TSP-squeezed_uniform-n5-g1000-4,1803.5421128305431,1774.906391498561,0.017251799989026,0.0140538999985437,0.0031978999904822,0.1682367000030353,ok,1.6133651593763645,1.6133651593763645
LGBM_V4,TSP-squeezed_uniform-n5-g1000-3,1192.7491131032573,1165.823108899501,0.0201625000045169,0.0184647999994922,0.0016977000050246,0.089763199997833,ok,2.309613182155358,2.309613182155358
LGBM_V4,TSP-squeezed_uniform-n5-g10000-1,20385.12458072933,21177.682654861765,0.0158143000153359,0.011815400008345,0.0039989000069908,0.2583138999907532,ok,-3.7424211470582507,3.7424211470582507
LGBM_V4,TSP-squeezed_uniform-n5-g10000-2,10749.692602371202,10405.3040950614,0.013176399981603,0.0084749999805353,0.0047014000010676,0.2729534000100102,ok,3.309739957270999,3.309739957270999
LGBM_V4,TSP-squeezed_uniform-n400-g1000-4,13322.887499799535,12984.85266718583,0.1104892000148538,0.1084887000033631,0.0020005000114906,2.422584799991455,ok,2.603301256301169,2.603301256301169
LGBM_V4,TSP-squeezed_uniform-n400-g10000-1,131153.0591657889,129597.7753334475,0.1023745999846141,0.1000819999899249,0.0022925999946892,3.049871200011694,ok,1.2000852856769717,1.2000852856769717
LGBM_V4,TSP-squeezed_uniform-n5-g10000-3,20998.59754364444,20565.286414802787,0.0168685999815352,0.0152202999743167,0.0016483000072184,0.4096152999991318,ok,2.107002645631797,2.107002645631797
LGBM_V4,TSP-squeezed_uniform-n5-g10000-4,14813.55426701418,15347.379717230102,0.0167179000272881,0.0154654000070877,0.0012525000202003,0.0945542999979807,ok,-3.4782839810538455,3.4782839810538455
LGBM_V4,TSP-squeezed_uniform-n400-g10000-2,128033.8999473889,125443.73110525128,0.108240499976091,0.1072227999975439,0.0010176999785471,44.8171888999932,ok,2.0648053269113804,2.0648053269113804
LGBM_V4,TSP-squeezed_uniform-n400-g10000-3,129448.7934899672,126531.997670603,0.1089377000171225,0.1081898999982513,0.0007478000188712,1.678967100000591,ok,2.305184358945636,2.305184358945636
LGBM_V4,TSP-squeezed_uniform-n400-g10000-4,131802.26967663216,129431.27517641457,0.1106623999949079,0.1076088999980129,0.0030534999968949,9.07665870001074,ok,1.8318559382080837,1.8318559382080837
LGBM_V4,TSP-squeezed_uniform-n400-g10000-5,117196.84732617316,116751.605965799,0.1063545999932102,0.1016572999942582,0.004697299998952,4.86965790000977,ok,0.381357803767245,0.381357803767245
LGBM_V4,TSP-squeezed_uniform-n5-g10000-5,21333.62373989074,21991.486785823647,0.0217448000039439,0.0201009000011254,0.0016439000028185,0.1421938999992562,ok,-2.991444154457918,2.991444154457918
LGBM_V4,TSP-squeezed_uniform-n50-g1000-4,4624.391176636452,4612.534672192803,0.0273273000202607,0.0239434000104665,0.0033839000097941,0.1858805000083521,ok,0.2570496546102386,0.2570496546102386
LGBM_V4,TSP-squeezed_uniform-n50-g1000-3,4227.078544407042,4241.351232770389,0.0365750999771989,0.0347262999857775,0.0018487999914214,0.1100609000131953,ok,-0.3365127663342558,0.3365127663342558
LGBM_V4,TSP-squeezed_uniform-n50-g1000-5,5284.255805690611,5143.503467466909,0.0311323000059928,0.0298168000008445,0.0013155000051483,0.0750116999988677,ok,2.7365071125930536,2.7365071125930536
LGBM_V4,TSP-squeezed_uniform-n50-g1000-2,4975.02074458748,5119.119451290452,0.0404873000225052,0.0369699000148102,0.0035174000076949,0.0775656000041635,ok,-2.814911979962624,2.814911979962624
LGBM_V4,TSP-squeezed_uniform-n50-g1000-1,5611.655362422828,5439.711391217583,0.0426247000286821,0.0411465000070165,0.0014782000216655,0.1224713000119663,ok,3.160902460429224,3.160902460429224
LGBM_V4,TSP-squeezed_uniform-n50-g10000-1,50227.14945521472,49669.35445712588,0.0352369000320322,0.0331401000148616,0.0020968000171706,0.0505441999994218,ok,1.123016403545813,1.123016403545813
LGBM_V4,TSP-squeezed_uniform-n50-g10000-2,44050.04416387208,43941.21611759823,0.0288096999865956,0.0273379999853204,0.0014717000012751,0.1015773999970406,ok,0.24766735172416518,0.24766735172416518
LGBM_V4,TSP-squeezed_uniform-n50-g10000-3,54228.92055149231,55015.41610087922,0.0322647000139113,0.0304859000025317,0.0017788000113796,0.1206403999967733,ok,-1.4295912039359158,1.4295912039359158
LGBM_V4,TSP-squeezed_uniform-n50-g10000-4,49362.83882974371,46710.39547161415,0.032518699998036,0.0304604000120889,0.002058299985947,0.1046692999952938,ok,5.678486194237953,5.678486194237953
LGBM_V4,TSP-squeezed_uniform-n50-g10000-5,50405.2326295432,48617.87158399233,0.0301975000184029,0.0286191000195685,0.0015783999988343,0.0495611999940592,ok,3.676345729086514,3.676345729086514
LGBM_V4,TSP-squeezed_uniform-n500-g1000-3,14260.059579168888,13977.438643967987,0.0587310999981127,0.056946800003061,0.0017842999950516,3.7501296999980696,ok,2.0219794370041253,2.0219794370041253
LGBM_V4,TSP-squeezed_uniform-n500-g1000-1,14881.860565639136,14593.742286359688,0.0753583000041544,0.0718668000190518,0.0034914999851025,9.311835500004236,ok,1.9742590599858891,1.9742590599858891
LGBM_V4,TSP-squeezed_uniform-n1000-g1000-1,20235.765732176307,19998.697096388765,0.7355391999881249,0.7307109999819659,0.004828200006159,20.820528500000364,ok,1.1854204033639288,1.1854204033639288
LGBM_V4,TSP-squeezed_uniform-n60-g1000-1,5490.483699216269,5592.810377714872,0.0219132000056561,0.0188358000013977,0.0030774000042583,0.1069794000068213,ok,-1.829611082584416,1.829611082584416
LGBM_V4,TSP-squeezed_uniform-n60-g1000-3,5664.57365592054,5462.557336053006,0.0203758999705314,0.0184369999915361,0.0019388999789953,0.1329482000001007,ok,3.6982004478785275,3.6982004478785275
LGBM_V4,TSP-squeezed_uniform-n60-g1000-2,4844.781405539325,4839.127806790713,0.0291160000197123,0.026963300013449,0.0021527000062633,0.1761621999903582,ok,0.11683094504504872,0.11683094504504872
LGBM_V4,TSP-squeezed_uniform-n500-g10000-1,145924.4640525722,143199.71245400887,0.1040685000189114,0.1024458000028971,0.0016227000160142,4.276460299995961,ok,1.9027633169573848,1.9027633169573848
LGBM_V4,TSP-squeezed_uniform-n500-g1000-5,14802.378071821966,14629.884331212274,0.1109200000064447,0.1098006000102032,0.0011193999962415,3.0721726000047056,ok,1.17905061109529,1.17905061109529
LGBM_V4,TSP-squeezed_uniform-n500-g1000-2,14115.248481369446,13809.509035755938,0.1157024999847635,0.114830799982883,0.0008717000018805,1.7912158999970416,ok,2.2139776643896574,2.2139776643896574
LGBM_V4,TSP-squeezed_uniform-n500-g10000-5,144426.00260902912,142635.8446621602,0.1029138000158127,0.099073599994881,0.0038402000209316,3.0757080000039423,ok,1.255054752267209,1.255054752267209
LGBM_V4,TSP-squeezed_uniform-n500-g10000-2,137640.36856074026,136742.77381655158,0.1190237000118941,0.1139806999999564,0.0050430000119376,35.89451360001112,ok,0.6564110988364604,0.6564110988364604
LGBM_V4,TSP-squeezed_uniform-n60-g1000-4,5156.017451140049,5109.540699862351,0.0321170999959576,0.0292377999867312,0.0028793000092264,0.1329362999967998,ok,0.9096072231883787,0.9096072231883787
LGBM_V4,TSP-squeezed_uniform-n1000-g1000-4,20551.15838141624,20407.43670646291,0.7686190999811515,0.7661262999754399,0.0024928000057116,16.649420600006124,ok,0.7042612799470953,0.7042612799470953
LGBM_V4,TSP-squeezed_uniform-n500-g1000-4,14306.34352280774,14213.8721456752,0.1250503000046592,0.1192930999968666,0.0057572000077925,6.175206600004458,ok,0.6505713304919267,0.6505713304919267
LGBM_V4,TSP-squeezed_uniform-n500-g10000-4,142340.83080106473,140772.36935273267,0.1197513999650254,0.1112648999842349,0.0084864999807905,6.198698699998204,ok,1.1141827444858696,1.1141827444858696
LGBM_V4,TSP-squeezed_uniform-n60-g1000-5,5439.831569488116,5653.405229027588,0.0389046999916899,0.0361493999953381,0.0027552999963518,0.1439666000078432,ok,-3.7777879151996965,3.7777879151996965
LGBM_V4,TSP-squeezed_uniform-n1000-g10000-1,199375.1360387008,198165.42362528644,0.7727166999829933,0.7668296000047121,0.0058870999782811,14.507904800004326,ok,0.6104558460722256,0.6104558460722256
LGBM_V4,TSP-squeezed_uniform-n500-g10000-3,139286.03717955845,139126.39990202093,0.1288733000110369,0.1271890000207349,0.0016842999903019,2.523257900000317,ok,0.11474262084690183,0.11474262084690183
LGBM_V4,TSP-squeezed_uniform-n60-g10000-1,53210.67034450032,51742.285715129714,0.0427652999933343,0.0371532999852206,0.0056120000081136,0.1747590000013588,ok,2.837881259159846,2.837881259159846
LGBM_V4,TSP-squeezed_uniform-n60-g10000-2,56267.06920206547,54422.69108692194,0.0473923000099603,0.0421221000142395,0.0052701999957207,0.2369259999977657,ok,3.3889873475711654,3.3889873475711654
LGBM_V4,TSP-squeezed_uniform-n1000-g1000-3,20515.68674145775,20275.91044837983,0.7976103000110015,0.7911798999994062,0.0064304000115953,7.233491100007086,ok,1.1825673312592504,1.1825673312592504
LGBM_V4,TSP-squeezed_uniform-n60-g10000-3,52149.89116936087,52764.17908171814,0.0448333000240381,0.0416705000097863,0.0031628000142518,0.214213600003859,ok,-1.1642139099821815,1.1642139099821815
LGBM_V4,TSP-squeezed_uniform-n1000-g1000-2,20265.303383954444,19994.257975951896,0.8151245999906678,0.8123831000120845,0.0027414999785833,363.728197599994,ok,1.3556162390649773,1.3556162390649773
LGBM_V4,TSP-squeezed_uniform-n60-g10000-5,50559.85591310416,50282.76693151819,0.0541360999923199,0.0501690999954007,0.0039669999969191,0.2159966999897733,ok,0.5510615236495376,0.5510615236495376
LGBM_V4,TSP-squeezed_uniform-n60-g10000-4,54600.77276625211,56058.16760070377,0.064750699995784,0.0589483999938238,0.0058023000019602,0.65956179999921,ok,-2.599790354962235,2.599790354962235
LGBM_V4,TSP-squeezed_uniform-n1000-g1000-5,20162.672037111948,19991.057508049616,0.8411274000245612,0.8342777000216302,0.006849700002931,9.074108199987675,ok,0.858456482320804,0.858456482320804
LGBM_V4,TSP-squeezed_uniform-n70-g1000-1,6056.0647440037865,5841.16386750025,0.0535642000031657,0.0482822000049054,0.0052819999982602,0.3724594000086654,ok,3.6790763172940157,3.6790763172940157
LGBM_V4,TSP-squeezed_uniform-n70-g1000-2,5007.036583530562,5115.438753660998,0.0652993000112474,0.0622926000214647,0.0030066999897826,0.1562643000070238,ok,-2.119117740445148,2.119117740445148
LGBM_V4,TSP-squeezed_uniform-n70-g1000-3,6055.654449902303,6023.054441911495,0.0570603999949526,0.0515440999879501,0.0055163000070024,0.190687499998603,ok,0.5412537493262645,0.5412537493262645
LGBM_V4,TSP-squeezed_uniform-n70-g1000-4,5038.284134613516,5030.101745605096,0.0513594999792985,0.0472085999790579,0.0041509000002406,0.1551814999984344,ok,0.16266845925271448,0.16266845925271448
LGBM_V4,TSP-squeezed_uniform-n70-g10000-1,54275.03021575655,52098.695860994885,0.0351310000114608,0.0278479999979026,0.0072830000135581,0.1351523000048473,ok,4.177329813721959,4.177329813721959
LGBM_V4,TSP-squeezed_uniform-n70-g1000-5,5315.752003203638,5312.465007298755,0.0724287000193726,0.0695433000219054,0.0028853999974671,0.2540863000031095,ok,0.06187327164258143,0.06187327164258143
LGBM_V4,TSP-squeezed_uniform-n70-g10000-4,55390.7877639596,55338.69811802956,0.0269531000230927,0.0252087000117171,0.0017444000113755,0.5710421999974642,ok,0.09412878817447955,0.09412878817447955
LGBM_V4,TSP-squeezed_uniform-n70-g10000-2,56677.29860301075,56512.09466543577,0.0354947999876458,0.0336528999905567,0.001841899997089,0.1132949000020744,ok,0.29233377129802957,0.29233377129802957
LGBM_V4,TSP-squeezed_uniform-n70-g10000-3,56324.77373098568,55060.54913996097,0.0361794999917037,0.0337916999997105,0.0023877999919932,0.1613389999984065,ok,2.29606244538376,2.29606244538376
LGBM_V4,TSP-squeezed_uniform-n70-g10000-5,52554.345253260326,52053.06126185608,0.029010800004471,0.0274917999922763,0.0015190000121947,0.500084400002379,ok,0.9630249965175138,0.9630249965175138
LGBM_V4,TSP-squeezed_uniform-n1000-g10000-3,195877.7101102488,192483.27242091543,0.90758279999136,0.9059481000003872,0.0016346999909728,8.989063300017733,ok,1.7634974959852798,1.7634974959852798
LGBM_V4,TSP-squeezed_uniform-n1000-g10000-2,199274.3343336769,196450.248194686,0.9437802000029478,0.942546600010246,0.0012335999927017,12.41777440000442,ok,1.4375579389404423,1.4375579389404423
LGBM_V4,TSP-squeezed_uniform-n1000-g10000-4,203512.36852339847,201139.85683854067,0.9048312999657356,0.902906899980735,0.0019243999850004,14.003085300006203,ok,1.1795333466714508,1.1795333466714508
LGBM_V4,TSP-squeezed_uniform-n1000-g10000-5,205450.8818572519,202162.0822484645,0.8985924000444356,0.8968467000231612,0.0017457000212743,17.16014059999725,ok,1.626813283781551,1.626813283781551
LGBM_V4,TSP-squeezed_uniform-n600-g10000-1,159183.22412202077,155581.30282337056,0.3005518000281881,0.2990287000138778,0.0015231000143103,4.811391499999445,ok,2.3151376375472474,2.3151376375472474
LGBM_V4,TSP-squeezed_uniform-n600-g10000-4,157583.90407980667,157313.35054991234,0.2921657999686431,0.2899927999824285,0.0021729999862145,7.379515399996308,ok,0.17198383287150668,0.17198383287150668
LGBM_V4,TSP-squeezed_uniform-n600-g10000-2,156630.84156873962,154317.00455479592,0.3041234999836888,0.3006365999754052,0.0034869000082835,57.62730530000408,ok,1.499405085407869,1.499405085407869
LGBM_V4,TSP-squeezed_uniform-n8-g1000-1,2132.5502489808364,2278.9986992409627,0.0088742000225465,0.0071656000218354,0.0017086000007111,0.0834959999920101,ok,-6.4259997300087095,6.4259997300087095
LGBM_V4,TSP-squeezed_uniform-n8-g1000-2,1568.514190200514,1524.1875541550871,0.0092452999961096,0.0069937999942339,0.0022515000018756,0.0368099000043002,ok,2.908214013727375,2.908214013727375
LGBM_V4,TSP-squeezed_uniform-n8-g1000-3,2231.36612063896,2119.653269283206,0.0105466000095475,0.0087850000127218,0.0017615999968256,0.1601779999909922,ok,5.270336095748883,5.270336095748883
LGBM_V4,TSP-squeezed_uniform-n8-g1000-4,2448.6880521180465,2291.08619716353,0.0124785999651066,0.011258499987889,0.0012200999772176,0.0550985999871045,ok,6.878914252533792,6.878914252533792
LGBM_V4,TSP-squeezed_uniform-n8-g10000-1,21525.21567473645,22071.05676748533,0.0114937000034842,0.0076570000092033,0.0038366999942809,0.3478677999955835,ok,-2.473108100347072,2.473108100347072
LGBM_V4,TSP-squeezed_uniform-n8-g1000-5,2390.0844214704634,2428.2504768626177,0.0128321000083815,0.0099295999971218,0.0029025000112596,0.1028252999967662,ok,-1.5717511745932442,1.5717511745932442
LGBM_V4,TSP-squeezed_uniform-n600-g1000-2,15207.49987590846,15008.922318723417,0.3403843000123743,0.3389389000076335,0.0014454000047408,5.085278300000937,ok,1.3230633950135116,1.3230633950135116
LGBM_V4,TSP-squeezed_uniform-n8-g10000-2,20362.46553211833,20329.51969618816,0.0127041999658104,0.0101533999841194,0.0025507999816909,0.2204401000053621,ok,0.16205909643969124,0.16205909643969124
LGBM_V4,TSP-squeezed_uniform-n8-g10000-4,19994.33907008092,19723.531737725883,0.0088657999876886,0.0070014999946579,0.0018642999930307,0.3093915000063134,ok,1.3730164351704586,1.3730164351704586
LGBM_V4,TSP-squeezed_uniform-n8-g10000-3,21541.38569147877,21714.547039597262,0.0134016999800223,0.0113081999879796,0.0020934999920427,0.2111367000034079,ok,-0.7974439798478323,0.7974439798478323
LGBM_V4,TSP-squeezed_uniform-n8-g10000-5,18655.042127440243,18979.92023381553,0.0145841999910771,0.0093708999920636,0.0052132999990135,0.3813599999994039,ok,-1.7116937393470624,1.7116937393470624
LGBM_V4,TSP-squeezed_uniform-n600-g1000-3,15343.048277252705,15122.146207282018,0.3581722000089939,0.3547263999935239,0.00344580001547,12.408783199993197,ok,1.460785175217473,1.460785175217473
LGBM_V4,TSP-squeezed_uniform-n80-g1000-1,6659.393893211485,6726.545551080575,0.0171271000290289,0.0147818000114057,0.0023453000176232,0.3328784000041196,ok,-0.9983082305642361,0.9983082305642361
LGBM_V4,TSP-squeezed_uniform-n600-g1000-1,15856.328723412444,15770.945979422482,0.3843712999951094,0.3804764999949839,0.0038948000001255,12.258267199998954,ok,0.5413926602840858,0.5413926602840858
LGBM_V4,TSP-squeezed_uniform-n80-g1000-2,5985.244817429214,6083.872570317052,0.0210326999949757,0.0187381000141613,0.0022945999808143,0.32952660000592,ok,-1.6211344295578878,1.6211344295578878
LGBM_V4,TSP-squeezed_uniform-n80-g1000-3,6589.769455090466,6481.603129527213,0.02613670003484,0.0215942000213544,0.0045425000134855,0.4077945000026375,ok,1.6688205587672706,1.6688205587672706
LGBM_V4,TSP-squeezed_uniform-n80-g1000-5,5655.249582875141,5616.094119594918,0.0274388999969232,0.0233442999888211,0.0040946000081021,0.5399780000007013,ok,0.697200980724427,0.697200980724427
LGBM_V4,TSP-squeezed_uniform-n80-g10000-1,56424.86498850394,55816.82966511955,0.0244641000172123,0.0204639000003226,0.0040002000168897,0.2727240000094753,ok,1.0893404857143998,1.0893404857143998
LGBM_V4,TSP-squeezed_uniform-n80-g1000-4,6212.119815602364,6222.265121321108,0.0326616000093054,0.030471000005491,0.0021906000038143,0.3273258000117494,ok,-0.16304843205701464,0.16304843205701464
LGBM_V4,TSP-squeezed_uniform-n600-g1000-4,15828.837222335016,15534.612675085227,0.4062931000080425,0.4041106000076979,0.0021825000003445,9.99692020000657,ok,1.893993454511248,1.893993454511248
LGBM_V4,TSP-squeezed_uniform-n80-g10000-4,61233.54254601139,60429.082168045854,0.0248177000030409,0.0226801999961026,0.0021375000069383,0.2127212999912444,ok,1.3312470570518211,1.3312470570518211
LGBM_V4,TSP-squeezed_uniform-n80-g10000-3,57050.7638175919,55647.58292847492,0.0278460999834351,0.0243216999806463,0.0035244000027887,0.2193542000022716,ok,2.521548673408723,2.521548673408723
LGBM_V4,TSP-squeezed_uniform-n80-g10000-2,61431.17040981462,60705.84524511149,0.0366026999836321,0.0353230999899096,0.0012795999937225,0.1120299000031082,ok,1.1948193156268379,1.1948193156268379
LGBM_V4,TSP-squeezed_uniform-n600-g10000-3,156607.79638434577,154323.3195502503,0.4189420000184327,0.4170391000225208,0.0019028999959118,20.062011100002564,ok,1.480318619864574,1.480318619864574
LGBM_V4,TSP-squeezed_uniform-n80-g10000-5,58093.24807687882,56488.59905598624,0.0265358000178821,0.0234927000128664,0.0030431000050157,0.1236403999937465,ok,2.8406599698148005,2.8406599698148005
LGBM_V4,TSP-squeezed_uniform-n600-g10000-5,158324.51805675798,156206.0948777692,0.4085098000068683,0.4068216000159737,0.0016881999908946,5.499487999986741,ok,1.356171909070789,1.356171909070789
LGBM_V4,TSP-squeezed_uniform-n600-g1000-5,16395.865277934157,16136.095479568658,0.4543851000198629,0.4490292000118643,0.0053559000079985,3.893309999999474,ok,1.6098677570073714,1.6098677570073714
LGBM_V4,TSP-squeezed_uniform-n700-g1000-3,17042.36913606993,16877.014832855566,0.3858256000094116,0.3838739000202622,0.0019516999891493,6.892722300006426,ok,0.9797603714399689,0.9797603714399689
LGBM_V4,TSP-squeezed_uniform-n700-g1000-4,17088.240568996476,16715.29051072681,0.3878477000398561,0.3850331000285223,0.0028146000113338,3.62707230000524,ok,2.2311910046094128,2.2311910046094128
LGBM_V4,TSP-squeezed_uniform-n700-g1000-1,16748.08313978724,16608.751627655627,0.4036879000195768,0.4016750000009779,0.0020129000185988,22.08940680000524,ok,0.8389041828984161,0.8389041828984161
LGBM_V4,TSP-squeezed_uniform-n90-g1000-1,6270.244788829505,6143.781331382501,0.0165933999815024,0.0143701999913901,0.0022231999901123,0.3458778000058373,ok,2.0583977623198773,2.0583977623198773
LGBM_V4,TSP-squeezed_uniform-n90-g1000-2,6045.811919079368,5953.692908637873,0.0165050999785307,0.0142239999840967,0.002281099994434,0.4681224999949336,ok,1.5472583462920018,1.5472583462920018
LGBM_V4,TSP-squeezed_uniform-n90-g1000-3,6461.112637178005,6340.091824518138,0.0200272000220138,0.017949300003238,0.0020779000187758,0.3836607999983243,ok,1.9088179794472333,1.9088179794472333
LGBM_V4,TSP-squeezed_uniform-n90-g1000-4,6775.125790705965,6755.070672544312,0.0165984999912325,0.0153500000014901,0.0012484999897424,0.375674800001434,ok,0.29688983481943493,0.29688983481943493
LGBM_V4,TSP-squeezed_uniform-n90-g10000-1,65732.45979498072,65661.58583801582,0.0139669000054709,0.0124452000018209,0.00152170000365,0.1881551999977091,ok,0.10793823521068632,0.10793823521068632
LGBM_V4,TSP-squeezed_uniform-n90-g1000-5,6230.344624497538,6266.273320533041,0.0178936000156682,0.0169124999956693,0.0009811000199988,0.2285838999960106,ok,-0.5733662449381893,0.5733662449381893
LGBM_V4,TSP-squeezed_uniform-n700-g1000-5,17028.932118179684,16866.343055203015,0.4303205000178423,0.4287849000247661,0.0015355999930761,7.519965999992564,ok,0.9639852719971375,0.9639852719971375
LGBM_V4,TSP-squeezed_uniform-n90-g10000-2,57632.49647622242,57383.1964114214,0.019861500011757,0.0183124000031966,0.0015491000085603,0.12454560000333,ok,0.43444785301538236,0.43444785301538236
LGBM_V4,TSP-squeezed_uniform-n90-g10000-4,58261.70645102101,57181.17859692269,0.0202092000108677,0.0187003000173717,0.001508899993496,0.5893178999976953,ok,1.889656492943415,1.889656492943415
LGBM_V4,TSP-squeezed_uniform-n90-g10000-3,68168.88202978655,68549.31465201145,0.0225526999856811,0.0196713999903295,0.0028812999953515,0.39099040000292,ok,-0.5549765510511115,0.5549765510511115
LGBM_V4,TSP-squeezed_uniform-n90-g10000-5,61704.16067746352,61451.62110516496,0.0201544000010471,0.0190582999784965,0.0010961000225506,0.1294265999895287,ok,0.4109567294675281,0.4109567294675281
LGBM_V4,TSP-squeezed_uniform-n700-g1000-2,16584.48160628979,16440.817786736057,0.4745003000134602,0.4718856000108644,0.0026147000025957,17.86578659999941,ok,0.8738240482759798,0.8738240482759798
LGBM_V4,TSP-squeezed_uniform-n700-g10000-1,173768.30473164987,170349.35371109212,0.4860141999961342,0.4836819999909494,0.0023322000051848,188.08393760000763,ok,2.0070231826979525,2.0070231826979525
LGBM_V4,TSP-squeezed_uniform-n700-g10000-3,173063.09374434763,170707.1394455922,0.4511547999863978,0.4481883999833371,0.0029664000030606,5.504404599996633,ok,1.3801146843693117,1.3801146843693117
LGBM_V4,TSP-squeezed_uniform-n700-g10000-2,165927.30964862724,163363.2830908175,0.4574091000249609,0.4562587000255007,0.0011503999994602,9.388225399990915,ok,1.5695243810595607,1.5695243810595607
LGBM_V4,TSP-squeezed_uniform-n700-g10000-4,165214.2819178266,164305.2722300894,0.4599512999993749,0.458465800009435,0.0014854999899398,4.943116299982648,ok,0.5532443818748717,0.5532443818748717
LGBM_V4,TSP-squeezed_uniform-n700-g10000-5,172085.68387661016,169248.61841852524,0.4862643999804277,0.4847932999837212,0.0014710999967064,8.107015000001411,ok,1.6762709702417218,1.6762709702417218
LGBM_V4,TSP-squeezed_uniform-n800-g1000-2,17877.226726367793,17733.009581655482,0.3858545999974012,0.3826411000045482,0.003213499992853,7.793820399994729,ok,0.8132694230397379,0.8132694230397379
LGBM_V4,TSP-squeezed_uniform-n800-g1000-1,18001.822917621317,17808.331710923383,0.3880375000007916,0.3853659000014886,0.0026715999993029,9.756313599995336,ok,1.0865206794146207,1.0865206794146207
LGBM_V4,TSP-squeezed_uniform-n800-g1000-5,18214.00245403898,17826.585756730405,0.3718194999964908,0.3700114999955985,0.0018080000008922,9.829693599996972,ok,2.173252369216608,2.173252369216608
LGBM_V4,TSP-squeezed_uniform-n800-g1000-4,18500.419244839148,18190.0901216772,0.3760651999909896,0.3749148999922909,0.0011502999986987,11.36406690001604,ok,1.7060340058025738,1.7060340058025738
LGBM_V4,TSP-triangular-n10-g1000-3,2236.968882830551,2250.12206456416,0.0120082999928854,0.0102588000008836,0.0017494999920018,0.130503199994564,ok,-0.5845541422285789,0.5845541422285789
LGBM_V4,TSP-triangular-n10-g1000-2,2644.403199437985,2527.505318621075,0.0136386000085622,0.0105429000104777,0.0030956999980844,0.0802861999982269,ok,4.625030062476233,4.625030062476233
LGBM_V4,TSP-triangular-n10-g1000-1,1671.41076625153,1642.021737547504,0.0147986999945715,0.0134738000051584,0.001324899989413,0.2026003999926615,ok,1.7898075300708862,1.7898075300708862
LGBM_V4,TSP-triangular-n10-g1000-4,1768.0149384167253,1757.7784904694638,0.0122780000092461,0.0111259999976027,0.0011520000116433,0.0609292000008281,ok,0.582351417016574,0.582351417016574
LGBM_V4,TSP-triangular-n10-g10000-1,14812.412565334083,14788.816788118847,0.0068190000019967,0.0054925000004004,0.0013265000015962,0.1047255000012228,ok,0.15955148781201053,0.15955148781201053
LGBM_V4,TSP-triangular-n10-g10000-2,22411.11232718128,21890.475800902983,0.0133441999787464,0.0107421999855432,0.0026019999932032,0.0391999999992549,ok,2.3783700775330807,2.3783700775330807
LGBM_V4,TSP-triangular-n10-g1000-5,1841.0141545770784,2009.9632758604653,0.0161185000324621,0.0145231000205967,0.0015954000118654,0.0464481999952113,ok,-8.405582495583644,8.405582495583644
LGBM_V4,TSP-triangular-n10-g10000-3,16444.412558217584,17277.940040837755,0.0121326000371482,0.0108618000231217,0.0012708000140264,0.0516573999921092,ok,-4.824229512604305,4.824229512604305
LGBM_V4,TSP-squeezed_uniform-n800-g10000-3,175625.03414646778,173256.22934995816,0.3996414000284858,0.3976897000102326,0.0019517000182531,14.214093999995384,ok,1.3672263360441137,1.3672263360441137
LGBM_V4,TSP-triangular-n10-g10000-4,13323.839941128175,13893.30432692562,0.0129805000033229,0.0085617000004276,0.0044188000028952,0.0425600000016856,ok,-4.098840509048708,4.098840509048708
LGBM_V4,TSP-triangular-n10-g10000-5,18781.24610522416,19643.86773891035,0.0132405000040307,0.011417400004575,0.0018230999994557,0.0401154000137466,ok,-4.391302390911132,4.391302390911132
LGBM_V4,TSP-triangular-n100-g1000-3,6114.753187596218,6147.172770978687,0.018186200002674,0.0164435000042431,0.0017426999984309,0.3390816999890376,ok,-0.5273901448731882,0.5273901448731882
LGBM_V4,TSP-triangular-n100-g1000-2,6450.606567992874,6364.089676571167,0.0242889999935869,0.0216038000071421,0.0026851999864447,0.3768688999989535,ok,1.3594543103346222,1.3594543103346222
LGBM_V4,TSP-triangular-n100-g1000-1,6322.1651107739,6323.960770054484,0.0327519999991636,0.0307648000016342,0.0019871999975293,1.2930448000115575,ok,-0.028394535416584092,0.028394535416584092
LGBM_V4,TSP-triangular-n100-g1000-4,6340.281198459364,6297.398306176543,0.0233670999878086,0.0213278000010177,0.0020392999867908,0.0930332999996608,ok,0.6809620449251358,0.6809620449251358
LGBM_V4,TSP-triangular-n100-g1000-5,6461.478062682277,6266.034212043993,0.0246253999939654,0.0227634999901056,0.0018619000038597,0.8648862999980338,ok,3.1190996414066783,3.1190996414066783
LGBM_V4,TSP-triangular-n100-g10000-1,65173.856901217885,63610.18284696456,0.0211085999908391,0.0187060000025667,0.0024025999882724,0.4036098000069614,ok,2.4582134247519147,2.4582134247519147
LGBM_V4,TSP-triangular-n100-g10000-2,66637.978397932,66097.61030839941,0.0265639999997802,0.0242438999994192,0.0023201000003609,0.5108707999897888,ok,0.8175304477897718,0.8175304477897718
LGBM_V4,TSP-triangular-n100-g10000-3,59151.68188810133,59474.65976554775,0.0224003000184893,0.0211345000134315,0.0012658000050578,5.219169200005126,ok,-0.5430512401745836,0.5430512401745836
LGBM_V4,TSP-triangular-n100-g10000-5,68340.22646434266,66978.51420851145,0.0238012000336311,0.0225994000211358,0.0012018000124953,0.3086417000013171,ok,2.0330583201533132,2.0330583201533132
LGBM_V4,TSP-triangular-n100-g10000-4,67927.65388011152,68054.51555240492,0.0280471000005491,0.0255548999994061,0.0024922000011429,0.3019534999912139,ok,-0.18641183654552038,0.18641183654552038
LGBM_V4,TSP-squeezed_uniform-n800-g10000-2,178676.32683199618,175996.855397651,0.5046606000105385,0.5009378000104334,0.003722800000105,14.868727900000522,ok,1.522454153110363,1.522454153110363
LGBM_V4,TSP-squeezed_uniform-n800-g10000-1,178347.5143442194,177828.42184384807,0.5110134999849834,0.5084188999899197,0.0025945999950636,9.86707199999364,ok,0.2919063752515062,0.2919063752515062
LGBM_V4,TSP-squeezed_uniform-n800-g1000-3,17987.906908830715,17846.879560153364,0.5437317999894731,0.541960200003814,0.0017715999856591,8.546004100004211,ok,0.7902073200080438,0.7902073200080438
LGBM_V4,TSP-squeezed_uniform-n800-g10000-4,180422.6616338071,177722.12604500295,0.5229696000169497,0.5196470000082627,0.003322600008687,10.27667229998042,ok,1.5195269429312959,1.5195269429312959
LGBM_V4,TSP-squeezed_uniform-n800-g10000-5,177973.6326316793,175400.02429360754,0.503143399982946,0.501494999974966,0.0016484000079799,301.75869070002227,ok,1.4672793509787194,1.4672793509787194
LGBM_V4,TSP-squeezed_uniform-n900-g1000-3,18459.56267255576,18388.150304372968,0.452799100021366,0.4490042000252288,0.0037948999961372,6.943560100000468,ok,0.3883608030211092,0.3883608030211092
LGBM_V4,TSP-squeezed_uniform-n900-g1000-2,19079.38058343392,18815.547138314065,0.453174800000852,0.4519055999990087,0.0012692000018432,12.430654700001469,ok,1.4022097958693418,1.4022097958693418
LGBM_V4,TSP-squeezed_uniform-n900-g1000-1,18824.00623136419,18710.977616979777,0.4589580000028945,0.4567824999976437,0.0021755000052507,15.1479238000029,ok,0.6040764769118337,0.6040764769118337
LGBM_V4,TSP-triangular-n20-g1000-1,3038.7275120745885,3013.7389078772635,0.0104085000057239,0.0092813000082969,0.0011271999974269,0.2646842999965884,ok,0.8291562395139864,0.8291562395139864
LGBM_V4,TSP-triangular-n20-g1000-3,2623.629928106677,2493.447009990764,0.0114969000278506,0.0090762000181712,0.0024207000096794,0.2444632999977329,ok,5.221001994199005,5.221001994199005
LGBM_V4,TSP-triangular-n20-g1000-2,3004.313724072044,3023.667838959584,0.0122524000180419,0.0111467000097036,0.0011057000083383,0.2454744999995455,ok,-0.6400873349302725,0.6400873349302725
LGBM_V4,TSP-triangular-n20-g1000-4,2741.91679904238,2655.4372867060683,0.0141116000013425,0.0117744999879505,0.002337100013392,0.2421321000001626,ok,3.256695715212495,3.256695715212495
LGBM_V4,TSP-triangular-n20-g10000-1,33369.187631370034,35654.57837245808,0.0104594000149518,0.0083748000033665,0.0020846000115852,0.0649526999914087,ok,-6.409810031166807,6.409810031166807
LGBM_V4,TSP-triangular-n20-g1000-5,3134.67640283269,3074.7503962405613,0.0124876000045333,0.0114062000066041,0.0010813999979291,0.2337998000002699,ok,1.9489714243276244,1.9489714243276244
LGBM_V4,TSP-triangular-n20-g10000-2,29818.85782049637,29624.449427974854,0.0124144000001251,0.0101303000119514,0.0022840999881736,0.0458125000004656,ok,0.6562430569188344,0.6562430569188344
LGBM_V4,TSP-triangular-n20-g10000-3,29514.06873340202,29868.712753531003,0.0119164999923668,0.0103804999962449,0.0015359999961219,0.066075800001272,ok,-1.1873428328010525,1.1873428328010525
LGBM_V4,TSP-triangular-n20-g10000-4,31327.857740825093,31055.714672664384,0.0119826000009197,0.0109087000018917,0.001073899999028,0.0440557000110857,ok,0.8763059263944506,0.8763059263944506
LGBM_V4,TSP-triangular-n20-g10000-5,26461.041799305684,27843.784186423924,0.0149206999922171,0.0130392999853938,0.0018814000068232,0.0428526000032434,ok,-4.966072060680738,4.966072060680738
LGBM_V4,TSP-triangular-n200-g1000-1,9797.847462174946,9737.599572978164,0.0219949000165797,0.0203839000023435,0.0016110000142361,0.7559660999977496,ok,0.6187139730408509,0.6187139730408509
LGBM_V4,TSP-triangular-n200-g1000-2,9185.925715418593,9066.445220109326,0.0256259999878238,0.0237291999801527,0.0018968000076711,1.067550299994764,ok,1.3178317676729474,1.3178317676729474
LGBM_V4,TSP-triangular-n200-g1000-3,9265.956435364626,9226.922924228556,0.0229124999896157,0.0199228000128641,0.0029896999767515,1.114441199999419,ok,0.4230393106847443,0.4230393106847443
LGBM_V4,TSP-triangular-n200-g1000-4,8974.083438116415,8937.553686984982,0.0214170000108424,0.0191675999958533,0.002249400014989,0.3257950999977765,ok,0.4087220330170232,0.4087220330170232
LGBM_V4,TSP-triangular-n200-g1000-5,8967.832834769191,8960.067743213862,0.0230014999979175,0.0215380000008735,0.0014634999970439,1.166234300006181,ok,0.08666331302250012,0.08666331302250012
LGBM_V4,TSP-triangular-n200-g10000-1,90663.61513883733,90974.00417890809,0.0179330000246409,0.0152717000164557,0.0026613000081852,2.7335846000059973,ok,-0.3411843227878089,0.3411843227878089
LGBM_V4,TSP-squeezed_uniform-n900-g1000-4,19142.90595061396,18789.12368709091,0.5567953999561723,0.5555747999751475,0.0012205999810248,10.109083800009104,ok,1.8829098653819492,1.8829098653819492
LGBM_V4,TSP-squeezed_uniform-n900-g1000-5,19381.848007197816,19147.88837973629,0.5446383000235073,0.5434570000215899,0.0011813000019174,7.20316129999992,ok,1.2218560230856497,1.2218560230856497
LGBM_V4,TSP-triangular-n200-g10000-2,91434.23071015884,89504.52866409851,0.0248896999692078,0.0229260999767575,0.0019635999924503,1.5262900000088848,ok,2.1559825797220844,2.1559825797220844
LGBM_V4,TSP-triangular-n30-g1000-1,3251.9345399720514,3241.855808085784,0.0158293000131379,0.0147692000027745,0.0010601000103633,0.124444000000949,ok,0.31089389790654554,0.31089389790654554
LGBM_V4,TSP-triangular-n200-g10000-3,89451.37349914161,88362.26348871243,0.0379403000115416,0.0336626000062096,0.004277700005332,2.124054600004456,ok,1.232551054521491,1.232551054521491
LGBM_V4,TSP-triangular-n30-g1000-2,3369.5594208589,3353.815340943398,0.0149104000010993,0.012391900003422,0.0025184999976772,0.1264783999940846,ok,0.46943788834460104,0.46943788834460104
LGBM_V4,TSP-triangular-n200-g10000-4,91463.89095929124,93564.113932759,0.03554380001151,0.0337437000125646,0.0018000999989453,2.433846399988397,ok,-2.2446885725622523,2.2446885725622523
LGBM_V4,TSP-triangular-n30-g1000-3,3375.706056072069,3359.9701831324883,0.0140076000243425,0.0128665000083856,0.0011411000159569,0.1709834999928716,ok,0.46833370779826483,0.46833370779826483
LGBM_V4,TSP-triangular-n30-g1000-4,3531.87638807492,3398.686560452646,0.0087397000170312,0.0071326000033877,0.0016071000136435,0.0937657000031322,ok,3.918861750067814,3.918861750067814
LGBM_V4,TSP-triangular-n30-g1000-5,3755.5243479886735,3694.353143394185,0.0206018000026233,0.0186290999990887,0.0019727000035345,0.1722009999939473,ok,1.655802848838855,1.655802848838855
LGBM_V4,TSP-triangular-n200-g10000-5,90915.34802009843,91569.26405910024,0.0543580999947153,0.0521608999988529,0.0021971999958623,1.348227499998757,ok,-0.7141217587811562,0.7141217587811562
LGBM_V4,TSP-triangular-n30-g10000-3,38091.86396771666,37779.381211916574,0.014433900010772,0.0127474000037182,0.0016865000070538,0.0544080999970901,ok,0.8271251295707258,0.8271251295707258
LGBM_V4,TSP-triangular-n30-g10000-1,38936.42787286927,37315.61300899506,0.0184171999862883,0.015641100006178,0.0027760999801103,0.1468636999925365,ok,4.3435300486247135,4.3435300486247135
LGBM_V4,TSP-triangular-n30-g10000-2,33052.307635572106,32696.951377926016,0.0176412000146228,0.0167164000158663,0.0009247999987564,0.048004199998104,ok,1.086817708289446,1.086817708289446
LGBM_V4,TSP-squeezed_uniform-n900-g10000-1,190007.3771734952,187846.33522146096,0.5714923000195995,0.5691315000003669,0.0023608000192325,13.356180600007065,ok,1.1504307227960933,1.1504307227960933
LGBM_V4,TSP-triangular-n30-g10000-4,34281.197138086434,33845.27913040006,0.014729399990756,0.0133673000091221,0.0013620999816339,0.0694358000037027,ok,1.287972854373162,1.287972854373162
LGBM_V4,TSP-squeezed_uniform-n900-g10000-2,193383.15047327257,192036.68802383865,0.5828801000025123,0.5817489000037313,0.001131199998781,13.735678299999565,ok,0.7011485478580937,0.7011485478580937
LGBM_V4,TSP-triangular-n30-g10000-5,35465.00585757912,35089.7928383537,0.025801700016018,0.024282200000016,0.0015195000160019,0.0695607000088784,ok,1.069293913913636,1.069293913913636
LGBM_V4,TSP-squeezed_uniform-n900-g10000-3,192098.6788294476,188733.33151336017,0.5923559999791905,0.5902309999801219,0.0021249999990686,196.56053090000933,ok,1.7831229328186786,1.7831229328186786
LGBM_V4,TSP-triangular-n300-g1000-1,11101.195859278436,11186.012999421466,0.0419473999936599,0.0398178999894298,0.00212950000423,2.491443299993989,ok,-0.7582428175920828,0.7582428175920828
LGBM_V4,TSP-triangular-n300-g1000-2,11057.895911855529,11013.813977888323,0.0524420000147074,0.0490913999965414,0.003350600018166,1.008043900001212,ok,0.40024222359035233,0.40024222359035233
LGBM_V4,TSP-triangular-n300-g1000-5,11427.139164606277,11250.155801273982,0.0502317999780643,0.0480979999992996,0.0021337999787647,1.7380294000031429,ok,1.5731636650956633,1.5731636650956633
LGBM_V4,TSP-triangular-n300-g1000-4,11124.512328855217,11231.478502473474,0.0760652999742887,0.0748670999892056,0.0011981999850831,3.746195200001239,ok,-0.9523783853986827,0.9523783853986827
LGBM_V4,TSP-squeezed_uniform-n900-g10000-4,191456.2000486734,190936.71327304232,0.6216335000062827,0.6146161000069696,0.007017399999313,10.996957600000314,ok,0.2720727547500052,0.2720727547500052
LGBM_V4,TSP-triangular-n300-g10000-4,110631.99117481612,110651.70688502716,0.0389923000184353,0.0360585000016726,0.0029338000167626,2.96442869999737,ok,-0.017817809382300404,0.017817809382300404
LGBM_V4,TSP-triangular-n40-g1000-1,4300.865719940192,4296.0798290221965,0.0221392000094056,0.0204237000143621,0.0017154999950435,0.0558431999961612,ok,0.11140134979952511,0.11140134979952511
LGBM_V4,TSP-triangular-n300-g1000-3,11404.562383755096,11379.555502757372,0.0912616000277921,0.0889320000133011,0.002329600014491,3.774108800003887,ok,0.21975270467870545,0.21975270467870545
LGBM_V4,TSP-triangular-n300-g10000-2,115597.9039878605,115628.82810332968,0.0743124999862629,0.0726326999720186,0.0016798000142443,2.6061027999967337,ok,-0.02674429549830746,0.02674429549830746
LGBM_V4,TSP-triangular-n300-g10000-5,107060.54413583924,107329.45268633706,0.049325099971611,0.0475846999906934,0.0017403999809175,2.4188916999992216,ok,-0.25054497509055657,0.25054497509055657
LGBM_V4,TSP-triangular-n40-g1000-4,3998.343071139682,3981.5830312465214,0.0186257000023033,0.0137194999842904,0.0049062000180128,0.0705116000026464,ok,0.42093910290534153,0.42093910290534153
LGBM_V4,TSP-triangular-n40-g1000-3,3721.022896752169,3804.339682076139,0.0249086999974679,0.0225618999975267,0.0023467999999411,0.0966712000081315,ok,-2.190045902486336,2.190045902486336
LGBM_V4,TSP-triangular-n300-g10000-3,112799.17182927622,112247.37143110255,0.0741121000028215,0.0723367000173311,0.0017753999854903,2.5403442999959225,ok,0.4915931581634982,0.4915931581634982
LGBM_V4,TSP-triangular-n40-g1000-2,3811.357740330279,3875.3411109893664,0.0318529999931342,0.0295990000013262,0.002253999991808,0.0835203000024193,ok,-1.6510384202734794,1.6510384202734794
LGBM_V4,TSP-triangular-n300-g10000-1,107215.48959265611,109019.24623748811,0.0929603999829851,0.0886516999744344,0.0043087000085506,41.04750159999821,ok,-1.6545304678613226,1.6545304678613226
LGBM_V4,TSP-triangular-n40-g1000-5,4211.260230948833,4249.525961592637,0.0319948000251315,0.0302590000210329,0.0017358000040985,0.0914270000066608,ok,-0.9004705698859377,0.9004705698859377
LGBM_V4,TSP-triangular-n40-g10000-1,43963.90908489341,43069.75985940953,0.0359729000192601,0.0333348000131081,0.0026381000061519,0.0771270999975968,ok,2.0760487831894134,2.0760487831894134
LGBM_V4,TSP-triangular-n40-g10000-4,44967.789149166885,45634.00577461556,0.020932100014761,0.0184320000116713,0.0025001000030897,0.1724466999876313,ok,-1.4599126553541866,1.4599126553541866
LGBM_V4,TSP-triangular-n40-g10000-5,40597.44824448658,41799.491523174,0.0283664000162389,0.026989300007699,0.0013771000085398,0.0867475000122794,ok,-2.8757366056020066,2.8757366056020066
LGBM_V4,TSP-triangular-n40-g10000-3,44374.59439578934,45772.85836264926,0.0303819999971892,0.02741569999489,0.0029663000022992,0.2046981000021333,ok,-3.054788398359907,3.054788398359907
LGBM_V4,TSP-triangular-n40-g10000-2,47852.83626746086,47799.43255763826,0.0360075999924447,0.0348211999807972,0.0011864000116474,0.1028002999955788,ok,0.11172456860905239,0.11172456860905239
LGBM_V4,TSP-squeezed_uniform-n900-g10000-5,193801.4437660892,191040.73094656097,0.6755591000255663,0.6729243000154383,0.0026348000101279,11.481866899994202,ok,1.4450912147632458,1.4450912147632458
LGBM_V4,TSP-triangular-n400-g1000-4,12278.393341345358,12343.757713651505,0.0551291000156197,0.0497903999930713,0.0053387000225484,12.060511299991049,ok,-0.529533824484075,0.529533824484075
LGBM_V4,TSP-triangular-n5-g1000-1,2018.08819542625,1758.6107471669975,0.0178830999939236,0.0088435999932698,0.0090395000006537,0.0450479999999515,ok,14.754683415716244,14.754683415716244
LGBM_V4,TSP-triangular-n400-g10000-1,129404.14287601809,128856.7653221137,0.0680712999892421,0.0665478000009898,0.0015234999882522,13.632044999991194,ok,0.4247953551651412,0.4247953551651412
LGBM_V4,TSP-triangular-n400-g1000-2,13194.701833364708,13237.921298149276,0.0991516000067349,0.0980661000066902,0.0010855000000447,3.211410399992019,ok,-0.3264822611584071,0.3264822611584071
LGBM_V4,TSP-triangular-n5-g1000-3,1386.3217524305194,1381.0026203047682,0.0152028999873436,0.0120657999941613,0.0031370999931823,0.0463090999983251,ok,0.385164520873775,0.385164520873775
LGBM_V4,TSP-triangular-n400-g10000-3,127591.35260419227,127748.64862970175,0.0795581999991554,0.0749375000013969,0.0046206999977584,4.949057600009837,ok,-0.12312930680419645,0.12312930680419645
LGBM_V4,TSP-triangular-n5-g1000-2,1315.9827323066008,1344.2224570022922,0.0164318999741226,0.0135181999939959,0.0029136999801266,0.0462767999997595,ok,-2.100822267072364,2.100822267072364
LGBM_V4,TSP-triangular-n5-g10000-1,11018.556713571354,11428.497461658842,0.0144366000022273,0.0104849000053945,0.0039516999968327,0.2409940000070491,ok,-3.587004761236444,3.587004761236444
LGBM_V4,TSP-triangular-n5-g1000-4,1733.6521563922688,1744.422681599237,0.0165345999994315,0.0131662999920081,0.0033683000074233,0.0426731000043218,ok,-0.6174263451501358,0.6174263451501358
LGBM_V4,TSP-triangular-n400-g1000-1,12631.153141314076,12539.97193084901,0.1254493000160437,0.1243117999983951,0.0011375000176485,2.2337031999923056,ok,0.7271245180442264,0.7271245180442264
LGBM_V4,TSP-triangular-n5-g10000-2,16585.45205965825,17061.768344979435,0.0164703000045847,0.0128688999975565,0.0036014000070281,0.1475754999992204,ok,-2.7917169878897306,2.7917169878897306
LGBM_V4,TSP-triangular-n5-g1000-5,1781.003589976475,1750.1338292935986,0.0177569999650586,0.0161428999854251,0.0016140999796334,0.0502059999998891,ok,1.7638514361691,1.7638514361691
LGBM_V4,TSP-triangular-n400-g1000-3,12763.185749763436,12859.327719282466,0.1188363000110257,0.1175296000146772,0.0013066999963484,2.17433809999784,ok,-0.7476438241391618,0.7476438241391618
LGBM_V4,TSP-triangular-n400-g10000-2,130799.2603061013,129872.61483592184,0.1112644000095315,0.1097689000016544,0.0014955000078771,2.955103399988729,ok,0.7135033596960954,0.7135033596960954
LGBM_V4,TSP-triangular-n400-g1000-5,12807.06418127478,12741.757478972517,0.122928300028434,0.1211167000001296,0.0018116000283043,1.881639899991569,ok,0.5125407732021079,0.5125407732021079
LGBM_V4,TSP-triangular-n5-g10000-4,12884.03507550829,12844.426118540212,0.0136992000043392,0.0097269999969284,0.0039722000074107,0.1811797999980626,ok,0.30837467242624106,0.30837467242624106
LGBM_V4,TSP-triangular-n5-g10000-5,15866.244882556446,15758.379878969386,0.0177172999829053,0.0131505999888759,0.0045666999940294,0.3198285999969812,ok,0.6844929771683743,0.6844929771683743
LGBM_V4,TSP-triangular-n400-g10000-4,123917.17624150922,123162.98843461418,0.1267375000170432,0.1243818000075407,0.0023557000095024,2.1948649999976624,ok,0.6123493887901527,0.6123493887901527
LGBM_V4,TSP-triangular-n5-g10000-3,18822.87714678472,19319.613459022912,0.0290096999960951,0.0271178999973926,0.0018917999987024,0.2645178999955533,ok,-2.5711503663972186,2.5711503663972186
LGBM_V4,TSP-triangular-n50-g1000-1,4306.321737118886,4339.137359169015,0.0329210000054445,0.0313686000008601,0.0015524000045843,0.0649546000058762,ok,-0.7562706439976378,0.7562706439976378
LGBM_V4,TSP-triangular-n50-g1000-2,5469.807268941564,5485.75183458623,0.0368652000033762,0.0344001000048592,0.0024650999985169,0.116802499993355,ok,-0.2906541550811629,0.2906541550811629
LGBM_V4,TSP-triangular-n50-g1000-3,4715.651859268244,4849.850246050196,0.0411533000005874,0.0400109000038355,0.0011423999967519,0.2460060000012163,ok,-2.7670624859240815,2.7670624859240815
LGBM_V4,TSP-triangular-n400-g10000-5,128534.0110471093,129465.67491100336,0.1304671999823767,0.1274896999821066,0.00297750000027,6.912994600003003,ok,-0.719622297210816,0.719622297210816
LGBM_V4,TSP-triangular-n50-g1000-4,4230.901479231979,4057.088886732004,0.0401534999837167,0.0368012000108137,0.0033522999729029,0.1357970999961253,ok,4.284170185878796,4.284170185878796
LGBM_V4,TSP-triangular-n50-g10000-1,45200.93820815717,46403.67725395055,0.0288460000010672,0.0263846000016201,0.0024613999994471,0.0521724999998696,ok,-2.591904601032422,2.591904601032422
LGBM_V4,TSP-triangular-n50-g1000-5,4776.938069848798,4905.6973454172585,0.0376170999661553,0.0356928999826777,0.0019241999834775,0.1487860999914119,ok,-2.6246885305458885,2.6246885305458885
LGBM_V4,TSP-triangular-n50-g10000-3,43651.304136498446,43899.48892820235,0.0290448000014293,0.0275776000053156,0.0014671999961137,0.2029460999910952,ok,-0.5653477927950628,0.5653477927950628
LGBM_V4,TSP-triangular-n50-g10000-2,45313.00257423699,46651.10927724009,0.0382454999780748,0.034541300003184,0.0037041999748907,0.097438199998578,ok,-2.868327728395359,2.868327728395359
LGBM_V4,TSP-triangular-n50-g10000-5,48027.16011869054,49518.378153539714,0.0249436000012792,0.0230867000063881,0.0018568999948911,0.1669016999949235,ok,-3.011443610340817,3.011443610340817
LGBM_V4,TSP-triangular-n50-g10000-4,49226.83397845408,48899.966346942856,0.0348039999953471,0.029439200006891,0.005364799988456,0.0990014999988488,ok,0.6684414242580753,0.6684414242580753
LGBM_V4,TSP-triangular-n500-g1000-1,14079.207024733354,14047.35379802221,0.1141583999851718,0.111467899987474,0.0026904999976977,5.66844459999993,ok,0.22675606501509807,0.22675606501509807
LGBM_V4,TSP-triangular-n60-g1000-1,4907.396346721783,4850.4225415055125,0.0200613999913912,0.0165890000062063,0.0034723999851848,0.0886711000057403,ok,1.174615298538222,1.174615298538222
LGBM_V4,TSP-triangular-n500-g10000-5,141835.29256220837,140008.0760154102,0.1185917999828234,0.1152793999935966,0.0033123999892268,2.9702507000038167,ok,1.3050793917038528,1.3050793917038528
LGBM_V4,TSP-triangular-n500-g10000-4,144486.81103471245,144413.13094656626,0.122087800031295,0.1206610000226646,0.0014268000086303,3.104352900001686,ok,0.051020352279076565,0.051020352279076565
LGBM_V4,TSP-triangular-n500-g1000-4,13980.574779138668,14081.07944795749,0.1486802999861538,0.1463045999989844,0.0023756999871693,3.4482494999974733,ok,-0.7137568479055891,0.7137568479055891
LGBM_V4,TSP-triangular-n500-g1000-2,14736.75943159631,14548.366959510053,0.1568242000066675,0.1538245000119786,0.0029996999946888,4.044809099999839,ok,1.2949389619506984,1.2949389619506984
LGBM_V4,TSP-triangular-n500-g10000-1,144227.21152820764,143659.36496014433,0.1554440000036265,0.154185800027335,0.0012581999762915,6.635692500000005,ok,0.39527292092711647,0.39527292092711647
LGBM_V4,TSP-triangular-n500-g1000-5,14135.080193832237,14035.227480648631,0.1627642999810632,0.1606747999903746,0.0020894999906886,3.115116200002376,ok,0.7114434968815392,0.7114434968815392
LGBM_V4,TSP-triangular-n500-g1000-3,14145.580672807731,14206.094411173455,0.1688624999951571,0.1657681000069715,0.0030943999881856,11.466740000003483,ok,-0.425970267508065,0.425970267508065
LGBM_V4,TSP-triangular-n500-g10000-3,144709.33415080438,145304.02085796717,0.1541474999976344,0.1526137000182643,0.00153379997937,7.826755700007197,ok,-0.4092706476058854,0.4092706476058854
LGBM_V4,TSP-triangular-n60-g1000-3,5102.351312738919,5113.69453834845,0.0329822000057902,0.0302667999931145,0.0027154000126756,0.0480648000084329,ok,-0.22182055506965465,0.22182055506965465
LGBM_V4,TSP-triangular-n60-g1000-2,4752.397393662159,4614.799499808542,0.0342866000137291,0.0299714000138919,0.0043151999998372,0.0877694999944651,ok,2.9816657009546135,2.9816657009546135
LGBM_V4,TSP-triangular-n60-g1000-4,5350.489912787269,5178.77865465797,0.0280032999871764,0.0256743000063579,0.0023289999808184,0.0976686000067275,ok,3.315670925129338,3.315670925129338
LGBM_V4,TSP-triangular-n500-g10000-2,143070.2397323824,143080.23547142744,0.1708642000157851,0.1687442000256851,0.0021199999901,2.948923800009652,ok,-0.006986107488637136,0.006986107488637136
LGBM_V4,TSP-triangular-n60-g1000-5,4735.375712158834,4878.67568402399,0.0357172999938484,0.0334126999950967,0.0023045999987516,0.1584680000087246,ok,-2.9372719390717905,2.9372719390717905
LGBM_V4,TSP-triangular-n60-g10000-2,51063.85381895417,51897.47068246082,0.0355781999824103,0.0335406999802216,0.0020375000021886,0.5443800000066403,ok,-1.6062764765689774,1.6062764765689774
LGBM_V4,TSP-triangular-n60-g10000-1,46615.03199250409,45859.042710484624,0.0395944000047165,0.0361938000132795,0.003400599991437,0.1144060000078752,ok,1.6485064609659323,1.6485064609659323
LGBM_V4,TSP-triangular-n60-g10000-5,48250.09206543117,48846.27917578612,0.0339523000002373,0.0327174999983981,0.0012348000018391,0.1900987999979406,ok,-1.2205374092249972,1.2205374092249972
LGBM_V4,TSP-triangular-n60-g10000-3,47881.66310779929,48353.89068580209,0.0359644999844022,0.0330143999890424,0.0029500999953597,0.1435731000092346,ok,-0.9766072001760495,0.9766072001760495
LGBM_V4,TSP-triangular-n60-g10000-4,54710.9750403424,55542.388599629165,0.0390595000062603,0.0365096000023186,0.0025499000039417,0.0885597000014968,ok,-1.4968991796156186,1.4968991796156186
LGBM_V4,TSP-triangular-n1000-g1000-2,20380.12654816479,20314.664019963893,0.9080564999603666,0.9060556999756956,0.0020007999846711,16.009300699995947,ok,0.3222427313420704,0.3222427313420704
LGBM_V4,TSP-triangular-n70-g1000-1,5520.46956711443,5524.656863674582,0.0084991999901831,0.0068457000015769,0.0016534999886061,0.1724135000113165,ok,-0.07579288023631785,0.07579288023631785
LGBM_V4,TSP-triangular-n70-g1000-2,5571.578259597761,5704.047570900772,0.007872399961343,0.0065714999800547,0.0013008999812882,0.1830049999989569,ok,-2.322373887251651,2.322373887251651
LGBM_V4,TSP-triangular-n1000-g1000-5,20141.541628562056,19958.89386051081,0.9212931000220124,0.9202316000009888,0.0010615000210236,8.671551999999792,ok,0.9151196921419602,0.9151196921419602
LGBM_V4,TSP-triangular-n70-g1000-3,5237.225064619704,5257.054089447822,0.0104288000147789,0.00842030000058,0.0020085000141989,0.1534919999976409,ok,-0.37718890638616354,0.37718890638616354
LGBM_V4,TSP-triangular-n1000-g1000-1,19973.48948587559,19809.173201474565,0.9438661999884062,0.9422775999992156,0.0015885999891906,10.944736899997224,ok,0.8294959245890904,0.8294959245890904
LGBM_V4,TSP-triangular-n70-g1000-4,5170.742261958238,5302.114743876055,0.0162855999951716,0.0139013000007253,0.0023842999944463,0.6405033000046387,ok,-2.4777374361721063,2.4777374361721063
LGBM_V4,TSP-triangular-n70-g10000-1,57148.23632508074,57680.88056030972,0.0152304999937769,0.013073300011456,0.0021571999823208,0.2103464999963762,ok,-0.9234329123531004,0.9234329123531004
LGBM_V4,TSP-triangular-n70-g1000-5,5628.5308222097965,5698.350977882761,0.0179202000144869,0.0162905000033788,0.001629700011108,0.1928876000019954,ok,-1.225269484873086,1.225269484873086
LGBM_V4,TSP-triangular-n1000-g1000-3,20399.14708915549,20436.334131167343,0.960122800024692,0.9586870000057388,0.0014358000189531,21.08291569998255,ok,-0.18196532593945094,0.18196532593945094
LGBM_V4,TSP-triangular-n70-g10000-4,49177.9818426788,48958.93385135896,0.0143076000094879,0.0120891999977175,0.0022184000117704,0.2048828000115463,ok,0.4474116858526237,0.4474116858526237
LGBM_V4,TSP-triangular-n70-g10000-2,55704.5529010013,56785.845162109305,0.0196892999811097,0.0185126999858766,0.0011765999952331,0.116780700001982,ok,-1.9041580837992096,1.9041580837992096
LGBM_V4,TSP-triangular-n70-g10000-3,53475.29632590025,54232.40681149013,0.0206184999842662,0.0175688999879639,0.0030495999963022,0.3002564999915194,ok,-1.396048101316192,1.396048101316192
LGBM_V4,TSP-triangular-n70-g10000-5,52714.81357930406,52759.38635086944,0.0218499000184237,0.0184594000165816,0.0033905000018421,0.2537753999931738,ok,-0.08448311219724834,0.08448311219724834
LGBM_V4,TSP-triangular-n1000-g1000-4,20019.03176215678,20096.59125771601,0.9833871999871916,0.981912999995984,0.0014741999912075,9.97155620000558,ok,-0.38593358726669197,0.38593358726669197
LGBM_V4,TSP-triangular-n1000-g10000-5,206525.4032670492,205731.95529480284,0.9602919000026304,0.9583453999948688,0.0019465000077616,5.907596500008367,ok,0.38567074867362733,0.38567074867362733
LGBM_V4,TSP-triangular-n1000-g10000-1,197784.4185805243,197339.21911178995,0.993147199973464,0.9920106999925338,0.0011364999809302,132.96062800000072,ok,0.22560110997609384,0.22560110997609384
LGBM_V4,TSP-triangular-n1000-g10000-2,203333.9681281543,202498.45149749465,1.0095761000411585,1.007987300021341,0.0015888000198174,6.695150499988813,ok,0.412603960415951,0.412603960415951
LGBM_V4,TSP-triangular-n1000-g10000-3,205984.97368686,205983.68989267456,0.9970174999907612,0.9954046999919228,0.0016127999988384,6.929742799999076,ok,0.0006232504069165058,0.0006232504069165058
LGBM_V4,TSP-triangular-n1000-g10000-4,196392.3424765042,196722.2834812526,1.001715599995805,0.9990067000035197,0.0027088999922852,11.940346799994586,ok,-0.16771918204165723,0.16771918204165723
LGBM_V4,TSP-triangular-n600-g1000-3,15617.22556492639,15606.114267353683,0.3180362000130117,0.3156255999929271,0.0024106000200845,5.28204820000974,ok,0.07119836099079516,0.07119836099079516
LGBM_V4,TSP-triangular-n600-g1000-1,15932.703970008954,15836.103267745988,0.3177712000033352,0.3156255999929271,0.002145600010408,45.856991599997855,ok,0.6100029826132544,0.6100029826132544
LGBM_V4,TSP-triangular-n600-g1000-2,16115.960876813951,16070.093703156112,0.3266467000066768,0.3248554000165313,0.0017912999901454,4.90672570001334,ok,0.285419453707552,0.285419453707552
LGBM_V4,TSP-triangular-n8-g1000-1,1260.001612763026,1314.7643166973994,0.0113074999826494,0.0091493999934755,0.0021580999891739,0.0537420000036945,ok,-4.165210695095044,4.165210695095044
LGBM_V4,TSP-triangular-n8-g1000-2,1874.90377856218,1776.0058221183656,0.0112933999917004,0.0093189000035636,0.0019744999881368,0.0490433999948436,ok,5.568560373628272,5.568560373628272
LGBM_V4,TSP-triangular-n8-g1000-3,1709.0023344035264,1619.536764335524,0.0114911000127904,0.0096939000068232,0.0017972000059671,0.0522373999992851,ok,5.52414567166119,5.52414567166119
LGBM_V4,TSP-triangular-n8-g1000-4,2137.0002146646675,2073.722990625748,0.0119825000001583,0.0102206000010482,0.00176189999911,0.0402705000014975,ok,3.051382673817274,3.051382673817274
LGBM_V4,TSP-triangular-n8-g1000-5,2271.4213439927435,2029.1720348849396,0.01318499998888,0.0100034000060986,0.0031815999827813,0.049052100002882,ok,11.938332726014535,11.938332726014535
LGBM_V4,TSP-triangular-n8-g10000-1,27249.4755688492,26602.853874083718,0.0107843999867327,0.0092612999724224,0.0015231000143103,0.1847230000130366,ok,2.4306478463779277,2.4306478463779277
LGBM_V4,TSP-triangular-n8-g10000-3,21095.24048534451,21625.92476100172,0.0075740999891422,0.005374300002586,0.0021997999865561,0.2499791000009281,ok,-2.4539263940018734,2.4539263940018734
LGBM_V4,TSP-triangular-n8-g10000-2,20361.19802734245,19936.56291666021,0.0095175000024028,0.0070664999948348,0.0024510000075679,0.1704033999994862,ok,2.1299313851505937,2.1299313851505937
LGBM_V4,TSP-triangular-n8-g10000-4,14193.832608501863,15217.816502819702,0.0108210999751463,0.0098390999773982,0.000981999997748,0.2001127999974414,ok,-6.72884900490228,6.72884900490228
LGBM_V4,TSP-triangular-n600-g1000-4,15466.909417389594,15540.793870010448,0.3648889000178315,0.3608099000121001,0.0040790000057313,6.904148400004488,ok,-0.4754226408177975,0.4754226408177975
LGBM_V4,TSP-triangular-n8-g10000-5,17744.415794051343,17024.376560164103,0.0088688000105321,0.0066475000057835,0.0022213000047486,0.1724875999934738,ok,4.22946021748652,4.22946021748652
LGBM_V4,TSP-triangular-n80-g1000-1,5717.157740030019,5901.824206539619,0.0197209999896585,0.0178262999979779,0.0018946999916806,0.1569897000008495,ok,-3.1289726709409047,3.1289726709409047
LGBM_V4,TSP-triangular-n80-g1000-2,5544.806533641345,5512.722849908784,0.0230278999952133,0.0194844999932684,0.0035434000019449,0.1245603999996092,ok,0.5819934106263187,0.5819934106263187
LGBM_V4,TSP-triangular-n600-g10000-2,151105.18055641887,151976.876551184,0.3671394000120926,0.3657188999932259,0.0014205000188667,93.19249869999476,ok,-0.5735714633347808,0.5735714633347808
LGBM_V4,TSP-triangular-n600-g1000-5,15892.326154956396,15670.333247202352,0.3808932999963872,0.3795938999974169,0.0012993999989703,3.5216347000096,ok,1.4166444596427228,1.4166444596427228
LGBM_V4,TSP-triangular-n80-g1000-4,5682.183424154251,5561.543191248612,0.0199550999968778,0.0186950000061187,0.001260099990759,0.332275100008701,ok,2.1691862987861534,2.1691862987861534
LGBM_V4,TSP-triangular-n80-g1000-3,5554.4478351293865,5677.215426858718,0.0318324000108987,0.0303745999990496,0.001457800011849,0.1740860999998403,ok,-2.1624613916978097,2.1624613916978097
LGBM_V4,TSP-triangular-n80-g1000-5,5513.678576939909,5525.049126280141,0.0256437000061851,0.0224134000018239,0.0032303000043611,0.4272350999963237,ok,-0.20579996811515652,0.20579996811515652
LGBM_V4,TSP-triangular-n600-g10000-5,152721.7667092876,150842.02162330574,0.3751575000060256,0.371848000009777,0.0033094999962486,3.655011599999853,ok,1.2461680543344165,1.2461680543344165
LGBM_V4,TSP-triangular-n600-g10000-4,155383.49590199345,156318.83107648915,0.3832076000107918,0.3820339000085369,0.0011737000022549,9.489981899998384,ok,-0.5983509267914305,0.5983509267914305
LGBM_V4,TSP-triangular-n80-g10000-1,56079.63324936549,58172.58777027852,0.0342975000385195,0.0326096000208053,0.0016879000177141,0.2145435999991605,ok,-3.59783637127857,3.59783637127857
LGBM_V4,TSP-triangular-n80-g10000-4,57918.02022027169,56944.20665850198,0.0252100999932736,0.0230518000025767,0.0021582999906968,0.1972465999861015,ok,1.710118761702544,1.710118761702544
LGBM_V4,TSP-triangular-n80-g10000-2,59818.08963002736,59117.51428543789,0.0363719999731984,0.0323528999870177,0.0040190999861806,0.4964626000000862,ok,1.1850554832310372,1.1850554832310372
LGBM_V4,TSP-triangular-n80-g10000-3,53986.4663984552,53361.72713988682,0.0350344999751541,0.0335569999879226,0.0014774999872315,0.2175683999957982,ok,1.1707628145742768,1.1707628145742768
LGBM_V4,TSP-triangular-n80-g10000-5,56087.22798944252,59186.38087854859,0.0306695000035688,0.0295074000023305,0.0011621000012382,0.399158999993233,ok,-5.236260171855377,5.236260171855377
LGBM_V4,TSP-triangular-n600-g10000-1,155940.49719476988,155082.61170992762,0.4189486000395845,0.4175350000150502,0.0014136000245343,3.1264514999929816,ok,0.5531796733259077,0.5531796733259077
LGBM_V4,TSP-triangular-n600-g10000-3,159300.7121506392,159620.5439038915,0.4677283999917563,0.4662598999857437,0.0014685000060126,12.190634099999444,ok,-0.20037004349819187,0.20037004349819187
LGBM_V4,TSP-triangular-n700-g1000-1,16788.63599878186,16891.191159553942,0.3693957000214141,0.3670807000016793,0.0023150000197347,7.726878000001307,ok,-0.6071517384614639,0.6071517384614639
LGBM_V4,TSP-triangular-n700-g1000-2,17651.35357364884,17572.24628133994,0.3717935000022407,0.3695842000015545,0.0022093000006861,6.409797899992554,ok,0.45018315269633924,0.45018315269633924
LGBM_V4,TSP-triangular-n90-g1000-1,6135.307838138948,6042.930495582455,0.0135795999958645,0.0120014999993145,0.00157809999655,0.2073902999982237,ok,1.5286845119933703,1.5286845119933703
LGBM_V4,TSP-triangular-n90-g1000-2,5912.437033553199,5989.388403909851,0.0134048000036273,0.0119889000197872,0.00141589998384,0.3477038999990327,ok,-1.2847951271020956,1.2847951271020956
LGBM_V4,TSP-triangular-n90-g1000-3,6057.671341791362,5966.279907538205,0.014080000022659,0.0125197000161279,0.0015603000065311,0.2221100000024307,ok,1.5317993065944824,1.5317993065944824
LGBM_V4,TSP-triangular-n90-g1000-4,6421.222394150907,6207.8230056321145,0.0142043000087141,0.0124421000073198,0.0017622000013943,0.4329856999975163,ok,3.4375881581221623,3.4375881581221623
LGBM_V4,TSP-triangular-n90-g1000-5,6029.628019365315,6034.890788778478,0.0107439999992493,0.0094874000060372,0.0012565999932121,0.2079177000123309,ok,-0.08720571087962647,0.08720571087962647
LGBM_V4,TSP-triangular-n90-g10000-1,53489.160534016206,55385.79291937661,0.0133227999904192,0.0120611999882385,0.0012616000021807,0.1836923000082606,ok,-3.4244023338643426,3.4244023338643426
LGBM_V4,TSP-triangular-n90-g10000-2,61668.3118348892,61979.33835470471,0.0124711999960709,0.0114310999924782,0.0010401000035926,0.1476126999914413,ok,-0.5018229107828173,0.5018229107828173
LGBM_V4,TSP-triangular-n90-g10000-3,60047.51208384867,60895.76490277251,0.0111228000023402,0.0101538999879267,0.0009689000144135,0.1924848999915411,ok,-1.3929586405198824,1.3929586405198824
LGBM_V4,TSP-triangular-n700-g1000-4,16546.20104837399,16541.4275588752,0.4331747000105679,0.4303986000013537,0.0027761000092141,7.460118999995757,ok,0.028857784382886706,0.028857784382886706
LGBM_V4,TSP-triangular-n90-g10000-4,61276.51446965262,59887.73530361562,0.0134762999950908,0.0121027999848593,0.0013735000102315,0.228593699997873,ok,2.318970919498359,2.318970919498359
LGBM_V4,TSP-triangular-n700-g1000-3,16962.117463953473,16834.274819033773,0.4439804000139702,0.4420385000121314,0.0019419000018388,6.711527799998294,ok,0.7594187827749698,0.7594187827749698
LGBM_V4,TSP-triangular-n90-g10000-5,61404.55876806997,61451.31832499485,0.016386599978432,0.0151795999845489,0.001206999993883,0.1620228000101633,ok,-0.07609203219625886,0.07609203219625886
LGBM_V4,TSP-triangular-n700-g1000-5,16898.06921960965,16807.156694705118,0.4568485000054352,0.4544416000135243,0.0024068999919109,9.37491769999906,ok,0.5409155549384075,0.5409155549384075
LGBM_V4,TSP-triangular-n700-g10000-1,167102.07014476636,165632.16610362794,0.4467118000029586,0.4450629999919329,0.0016488000110257,7.2020444000081625,ok,0.8874508350139987,0.8874508350139987
LGBM_V4,TSP-triangular-n700-g10000-2,171729.71492115967,170554.10315253364,0.4482942999748047,0.4462347999797202,0.0020594999950844,7.9023043000051985,ok,0.6892896429320303,0.6892896429320303
LGBM_V4,TSP-triangular-n700-g10000-3,169690.32930270082,169082.6563837501,0.4475385999830905,0.4457874999789055,0.0017511000041849,7.961432399999467,ok,0.3593939981470108,0.3593939981470108
LGBM_V4,TSP-triangular-n700-g10000-4,169797.84647038087,168578.64103087902,0.4479010999784805,0.4467830999928992,0.0011179999855812,12.31795919999422,ok,0.7232265203030817,0.7232265203030817
LGBM_V4,TSP-triangular-n700-g10000-5,171811.69850485402,172379.05933007866,0.4464100000332109,0.4450891000160482,0.0013209000171627,3.419658900005743,ok,-0.32913558493101397,0.32913558493101397
LGBM_V4,TSP-triangular-n800-g1000-2,18541.40228242872,18480.92897576312,0.384022600017488,0.3826038000115659,0.001418800005922,5.090998200001195,ok,0.32722005882338906,0.32722005882338906
LGBM_V4,TSP-triangular-n800-g1000-3,17834.694604000008,17807.158002811786,0.3858742000011261,0.3846430999983568,0.0012311000027693,6.102861600011238,ok,0.15463782139672963,0.15463782139672963
LGBM_V4,TSP-triangular_squeezed-n10-g1000-1,1934.483051458136,1896.7316232416829,0.0078022999805398,0.0062643999990541,0.0015378999814856,0.0414470999967306,ok,1.9903410558386025,1.9903410558386025
LGBM_V4,TSP-triangular_squeezed-n10-g1000-2,2522.1913046906607,2529.2972670607487,0.0074464999779593,0.0061874999955762,0.0012589999823831,0.0643825000006472,ok,-0.280946113477035,0.280946113477035
LGBM_V4,TSP-triangular-n800-g10000-3,178377.75424972273,177230.7565446025,0.3733162000135053,0.3716369000030681,0.0016793000104371,13.314660100004405,ok,0.6471775709153267,0.6471775709153267
LGBM_V4,TSP-triangular-n800-g1000-4,18196.753626690315,18121.06712235572,0.3970094999822322,0.3953676999954041,0.0016417999868281,7.381425700004911,ok,0.4176713425514745,0.4176713425514745
LGBM_V4,TSP-triangular-n800-g10000-1,180746.0847421972,181280.783295368,0.3879894000128843,0.3841131000081077,0.0038763000047765,8.98983330000192,ok,-0.2949560033065228,0.2949560033065228
LGBM_V4,TSP-triangular_squeezed-n10-g1000-3,2071.4549516605307,2018.848799855429,0.0115002999955322,0.0101926999923307,0.0013076000032015,0.0856701000011526,ok,2.605749960515561,2.605749960515561
LGBM_V4,TSP-triangular-n800-g1000-1,17892.063287017325,17986.742574236225,0.4187393000174779,0.4163033000077121,0.0024360000097658,8.938091000003624,ok,-0.5263837341760601,0.5263837341760601
LGBM_V4,TSP-triangular_squeezed-n10-g1000-4,2453.5340804673983,2475.9515864644454,0.0166022000194061,0.0141753000207245,0.0024268999986816,0.1240007000014884,ok,-0.9054097067002168,0.9054097067002168
LGBM_V4,TSP-triangular_squeezed-n10-g1000-5,1973.757750454703,2000.770020124841,0.014586400007829,0.0125239000190049,0.0020624999888241,0.0759398999944096,ok,-1.350093683853408,1.350093683853408
LGBM_V4,TSP-triangular_squeezed-n10-g10000-2,20055.359708485285,21839.89478172453,0.0158688999945297,0.0119807999872136,0.003888100007316,0.0396445000078529,ok,-8.170987502799388,8.170987502799388
LGBM_V4,TSP-triangular-n800-g10000-2,179755.01663059602,179826.633744547,0.4064583000144921,0.403782700013835,0.0026756000006571,121.25551290001022,ok,-0.03982564343206149,0.03982564343206149
LGBM_V4,TSP-triangular_squeezed-n10-g10000-1,20619.814140065544,20572.239582212827,0.0175807999912649,0.0154831999971065,0.0020975999941583,0.0384658999973908,ok,0.23125609471246195,0.23125609471246195
LGBM_V4,TSP-triangular_squeezed-n10-g10000-3,18653.35026955683,19395.26867075124,0.0201875999919138,0.0168424999865237,0.0033451000053901,0.0876736999925924,ok,-3.8252545700140184,3.8252545700140184
LGBM_V4,TSP-triangular-n800-g1000-5,18624.521873785947,18530.117814708192,0.4233136999828275,0.4207766999898013,0.0025369999930262,14.631282200003623,ok,0.509462810877663,0.509462810877663
LGBM_V4,TSP-triangular_squeezed-n10-g10000-5,21898.259560466675,21801.470650392155,0.0206093000015243,0.0179757000005338,0.0026336000009905,0.0422367999999551,ok,0.4439558763104757,0.4439558763104757
LGBM_V4,TSP-triangular_squeezed-n10-g10000-4,17508.23194023153,18120.273207106828,0.0245209999848157,0.0192291999992448,0.0052917999855708,0.0386036000127205,ok,-3.377660258650258,3.377660258650258
LGBM_V4,TSP-triangular_squeezed-n100-g1000-4,6289.534272453583,6249.78675532585,0.0333484000002499,0.0311237999994773,0.0022246000007726,0.3448382000060519,ok,0.6359819732067085,0.6359819732067085
LGBM_V4,TSP-triangular-n800-g10000-4,175715.55036362493,176103.02117866316,0.4374461999977939,0.4342726000177208,0.003173599980073,4.883046899994952,ok,-0.22002508102635981,0.22002508102635981
LGBM_V4,TSP-triangular_squeezed-n100-g10000-3,55637.3635694718,55697.91079635624,0.024354699999094,0.0229048000182956,0.0014498999807983,0.4897190000046976,ok,-0.10870645957585848,0.10870645957585848
LGBM_V4,TSP-triangular_squeezed-n100-g1000-3,5675.991625037121,5562.348301845981,0.0413876999809872,0.0391681999899446,0.0022194999910425,0.5930300000036368,ok,2.0430817529607905,2.0430817529607905
LGBM_V4,TSP-triangular_squeezed-n100-g1000-1,6438.403484094273,6373.652557315213,0.0556759000173769,0.052148999995552,0.0035269000218249,1.9238444000075103,ok,1.0159155397440633,1.0159155397440633
LGBM_V4,TSP-triangular_squeezed-n100-g1000-5,6712.059917978867,6558.740312250794,0.043899499985855,0.0421487999847158,0.0017507000011391,1.3573399000015345,ok,2.3376379979810102,2.3376379979810102
LGBM_V4,TSP-triangular_squeezed-n100-g10000-1,58750.56368958159,57321.79894489729,0.0402564000105485,0.0366509000014048,0.0036055000091437,0.1462950999994063,ok,2.4925329821866846,2.4925329821866846
LGBM_V4,TSP-triangular_squeezed-n100-g1000-2,6164.9909923673285,6077.923845877469,0.0534325999906286,0.0516159000108018,0.0018166999798268,0.463298799993936,ok,1.4325146003419487,1.4325146003419487
LGBM_V4,TSP-triangular_squeezed-n100-g10000-2,56834.97852181024,55500.819202873725,0.0467263000027742,0.0456845000153407,0.0010417999874334,0.5888818000094034,ok,2.403855182857257,2.403855182857257
LGBM_V4,TSP-triangular_squeezed-n100-g10000-4,65097.78870893708,62388.495523306825,0.0378218000114429,0.0355177000164985,0.0023040999949444,0.7946131000062451,ok,4.342616636136269,4.342616636136269
LGBM_V4,TSP-triangular_squeezed-n100-g10000-5,57415.84601839391,55074.081707019686,0.043303200014634,0.0393819000164512,0.0039212999981828,0.3728717000049073,ok,4.252026068871784,4.252026068871784
LGBM_V4,TSP-triangular-n800-g10000-5,177951.65282631072,178138.320506778,0.4463437999656889,0.4423287999816239,0.004014999984065,205.17986219999148,ok,-0.1047880545501004,0.1047880545501004
LGBM_V4,TSP-triangular-n900-g1000-2,19554.20593144246,19527.624067599416,0.4223190000047907,0.420946800004458,0.0013722000003326,104.54922740001348,ok,0.136124414066061,0.136124414066061
LGBM_V4,TSP-triangular_squeezed-n20-g1000-1,2829.0091330596474,2829.506694183971,0.0065297999826725,0.0050580999813973,0.0014717000012751,0.0714580000058049,ok,-0.017584730417717114,0.017584730417717114
LGBM_V4,TSP-triangular-n900-g1000-4,19195.27751976175,19268.720356622594,0.4288181999872904,0.4268756999808829,0.0019425000064074,15.13347440000507,ok,-0.3811505668335881,0.3811505668335881
LGBM_V4,TSP-triangular_squeezed-n20-g1000-3,3002.4068199922613,3075.696007529928,0.0079793000186327,0.0062211000185925,0.0017582000000402,0.094346800004132,ok,-2.382848869271864,2.382848869271864
LGBM_V4,TSP-triangular_squeezed-n20-g1000-2,2903.280441158376,2761.9494945364518,0.0083828000060748,0.0071192000177688,0.0012635999883059,0.0781863000011071,ok,5.117072086274497,5.117072086274497
LGBM_V4,TSP-triangular_squeezed-n20-g1000-4,2773.188030777169,2612.9188511077514,0.0096418999892193,0.0076114000112283,0.0020304999779909,0.1360207000107038,ok,6.133722048102304,6.133722048102304
LGBM_V4,TSP-triangular_squeezed-n20-g1000-5,3256.761562841444,2964.353333204941,0.0085436999797821,0.0056522999948356,0.0028913999849464,0.0450126000068848,ok,9.86414899874176,9.86414899874176
LGBM_V4,TSP-triangular-n900-g1000-3,19242.582285689805,19275.648130178168,0.4512297000037506,0.4479000999999698,0.0033296000037807,8.780879300000379,ok,-0.1715420631516648,0.1715420631516648
LGBM_V4,TSP-triangular-n900-g1000-1,19243.69192940008,19219.043215451893,0.4585119000112172,0.4552477000106592,0.003264200000558,7.122879700007616,ok,0.12825151425004153,0.12825151425004153
LGBM_V4,TSP-triangular_squeezed-n20-g10000-2,28595.650365106456,30322.14796620769,0.0097019000095315,0.0073465000023134,0.0023554000072181,0.0669308999931672,ok,-5.693849931163573,5.693849931163573
LGBM_V4,TSP-triangular_squeezed-n20-g10000-3,27681.76437588964,27157.17228739244,0.0143502999853808,0.012958899984369,0.0013914000010117,0.0623993999906815,ok,1.9316889216066835,1.9316889216066835
LGBM_V4,TSP-triangular_squeezed-n20-g10000-4,27099.998066996443,26954.104152913,0.0138409999781288,0.0109541999991051,0.0028867999790236,0.0429229000001214,ok,0.5412679021189942,0.5412679021189942
LGBM_V4,TSP-triangular_squeezed-n20-g10000-1,27488.88347338368,27242.567395357917,0.0210718999733217,0.0183264999941457,0.0027453999791759,0.0509896000003209,ok,0.9041588278046649,0.9041588278046649
LGBM_V4,TSP-triangular_squeezed-n20-g10000-5,31559.043568946367,30839.93364484033,0.0110469000064767,0.0094716000021435,0.0015753000043332,0.0767927999986568,ok,2.331749258566732,2.331749258566732
LGBM_V4,TSP-triangular-n900-g1000-5,19029.41011456725,18893.727360767338,0.4474551000166684,0.4457182000041939,0.0017369000124745,7.954745499999262,ok,0.7181365074720858,0.7181365074720858
LGBM_V4,TSP-triangular_squeezed-n200-g1000-1,8523.780435299266,8286.418330293018,0.0338870999985374,0.0312768000003416,0.0026102999981958,1.203820700000506,ok,2.8644716636923033,2.8644716636923033
LGBM_V4,TSP-triangular_squeezed-n200-g1000-2,8722.70968685532,8411.10342190147,0.0316857999714557,0.0292158999945968,0.0024698999768588,0.5720157000032486,ok,3.704701384867849,3.704701384867849
LGBM_V4,TSP-triangular_squeezed-n200-g1000-3,8986.659880797075,8941.690431869189,0.0392176000168547,0.0357885000121314,0.0034291000047232,0.7442269000021042,ok,0.5029188750217762,0.5029188750217762
LGBM_V4,TSP-triangular_squeezed-n200-g1000-4,8923.891917662346,8787.492382258628,0.0358800999820232,0.0325019999872893,0.0033780999947339,5.062674400003743,ok,1.5522008949800017,1.5522008949800017
LGBM_V4,TSP-triangular_squeezed-n200-g1000-5,8295.389709736346,8219.947475159819,0.0274035000184085,0.024541799997678,0.0028617000207304,0.718381099999533,ok,0.917794606407265,0.917794606407265
LGBM_V4,TSP-triangular_squeezed-n200-g10000-2,86866.53093863779,85046.54988607351,0.0257323000114411,0.0235900999978184,0.0021422000136226,1.612606499998947,ok,2.1399822273828732,2.1399822273828732
LGBM_V4,TSP-triangular_squeezed-n200-g10000-1,87892.34354578122,85540.63861481656,0.0298670000047422,0.0285164999950211,0.0013505000097211,3.1493176000076346,ok,2.7492253612393687,2.7492253612393687
LGBM_V4,TSP-triangular_squeezed-n200-g10000-3,83610.45372383436,83174.96924707945,0.0340474999975413,0.0301907999964896,0.0038567000010516,1.6264150999923004,ok,0.523576360408692,0.523576360408692
LGBM_V4,TSP-triangular_squeezed-n30-g1000-1,3374.37298219544,3299.276504482005,0.0148266999749466,0.0136047999840229,0.0012218999909237,0.0545077999995555,ok,2.276149865324044,2.276149865324044
LGBM_V4,TSP-triangular_squeezed-n30-g1000-2,3817.857248903818,4112.475567892526,0.0151697000255808,0.0135574000014457,0.001612300024135,0.0439849000104004,ok,-7.164013843362177,7.164013843362177
LGBM_V4,TSP-triangular_squeezed-n200-g10000-4,88884.11699991324,87474.39326172428,0.0397663000039756,0.0367708000121638,0.0029954999918118,6.015568800008623,ok,1.6115844713218523,1.6115844713218523
LGBM_V4,TSP-triangular_squeezed-n200-g10000-5,87926.19491087877,86666.38891012598,0.0341795999847818,0.0332510999869555,0.0009284999978262,1.1494477999949595,ok,1.4536269672654931,1.4536269672654931
LGBM_V4,TSP-triangular_squeezed-n30-g1000-3,2768.1933243929225,2875.0778419591447,0.0206223999848589,0.0171827999874949,0.0034395999973639,0.0572566000046208,ok,-3.717621693796947,3.717621693796947
LGBM_V4,TSP-triangular_squeezed-n30-g1000-5,3539.7642621829223,3658.132061157531,0.0141925000061746,0.0123337999975774,0.0018587000085972,0.1035992999968584,ok,-3.23574428139027,3.23574428139027
LGBM_V4,TSP-triangular_squeezed-n30-g1000-4,3459.1969060563515,3653.965688408813,0.0192692000127863,0.0179791999980807,0.0012900000147055,0.0756617000006372,ok,-5.330339662748099,5.330339662748099
LGBM_V4,TSP-triangular_squeezed-n30-g10000-1,36576.370474924646,37547.82374871501,0.0201662000326905,0.0176228000200353,0.0025434000126551,0.0565610000048764,ok,-2.587242553101657,2.587242553101657
LGBM_V4,TSP-triangular_squeezed-n30-g10000-2,30954.50710247466,32796.1575735397,0.0182047999696806,0.0167848999844864,0.0014198999851942,0.0542180000047665,ok,-5.61544585500742,5.61544585500742
LGBM_V4,TSP-triangular_squeezed-n30-g10000-3,32500.675631014263,32238.005220733663,0.0133096000063233,0.0118473999900743,0.0014622000162489,0.0942998999962583,ok,0.8147849362331668,0.8147849362331668
LGBM_V4,TSP-triangular_squeezed-n30-g10000-4,32676.82510247494,34674.6051324954,0.0162497999845072,0.0147067999932914,0.0015429999912157,0.0794954000011785,ok,-5.761507657799502,5.761507657799502
LGBM_V4,TSP-triangular_squeezed-n30-g10000-5,31818.03913486184,31433.793251540483,0.0144960000179708,0.0135872999962884,0.0009087000216823,0.0426600000064354,ok,1.2223974378355562,1.2223974378355562
LGBM_V4,TSP-triangular_squeezed-n300-g1000-2,9614.784634177851,9487.480433994027,0.0330606000206898,0.0299836000194773,0.0030770000012125,0.9884526999958324,ok,1.3418125188188827,1.3418125188188827
LGBM_V4,TSP-triangular_squeezed-n300-g1000-1,10733.147476934211,10560.972476940264,0.0444406000024173,0.0415623000008054,0.0028783000016119,3.096262299994123,ok,1.6302949408294474,1.6302949408294474
LGBM_V4,TSP-triangular_squeezed-n300-g1000-5,10672.517621530367,10404.581075747195,0.0338982999965082,0.0321893999935127,0.0017089000029955,3.329705099997227,ok,2.575178604814036,2.575178604814036
LGBM_V4,TSP-triangular_squeezed-n300-g1000-3,10522.575935107689,10440.373615861638,0.0423999000049661,0.0401678000052925,0.0022320999996736,2.1763068000000203,ok,0.7873503599637889,0.7873503599637889
LGBM_V4,TSP-triangular_squeezed-n300-g1000-4,11079.43539978436,10866.159654297951,0.0459218000178225,0.0421495000191498,0.0037722999986726,1.9851769000088093,ok,1.962751811787061,1.962751811787061
LGBM_V4,TSP-triangular_squeezed-n300-g10000-1,105493.74461422606,104357.4857002462,0.0390381000179331,0.0371612000162713,0.0018769000016618,3.467413099991973,ok,1.0888139996431372,1.0888139996431372
LGBM_V4,TSP-triangular_squeezed-n300-g10000-2,105385.98679294052,104009.97552066344,0.0340232999878935,0.0318484999879729,0.0021747999999206,2.969500200008042,ok,1.32296086542555,1.32296086542555
LGBM_V4,TSP-triangular_squeezed-n300-g10000-3,103935.41701369814,103934.04755068356,0.047309400019003,0.0438623999943956,0.0034470000246074,1.9622209999943152,ok,0.00131762694405666,0.00131762694405666
LGBM_V4,TSP-triangular-n900-g10000-2,192114.62746460733,193013.73381494585,0.6159250999917276,0.61362889999873,0.0022961999929975,246.7541938000068,ok,-0.46582506465604756,0.46582506465604756
LGBM_V4,TSP-triangular_squeezed-n40-g1000-1,4161.785392188338,4073.8137901039872,0.0170768999669235,0.015756999986479,0.0013198999804444,0.0714219000074081,ok,2.159440922362462,2.159440922362462
LGBM_V4,TSP-triangular_squeezed-n40-g1000-2,3135.721931219424,3167.1060415285274,0.0273084999935235,0.024488700000802,0.0028197999927215,0.1023685000109253,ok,-0.9909396748192485,0.9909396748192485
LGBM_V4,TSP-triangular-n900-g10000-1,192127.43851286595,190570.2120527422,0.6324901999905705,0.628176700003678,0.0043134999868925,3.996182000002591,ok,0.8171405401452652,0.8171405401452652
LGBM_V4,TSP-triangular_squeezed-n300-g10000-4,103985.67764412634,102256.1825487268,0.0513726999924983,0.0483305999950971,0.0030420999974012,2.857580700001563,ok,1.6913354794712727,1.6913354794712727
LGBM_V4,TSP-triangular_squeezed-n300-g10000-5,104076.07731571516,103605.58887885167,0.0494141000090166,0.047776999999769,0.0016371000092476,4.239763400008087,ok,0.4541149198173409,0.4541149198173409
LGBM_V4,TSP-triangular_squeezed-n40-g1000-4,3584.501874526024,3548.3257769985685,0.0189759999921079,0.0161934999923687,0.0027824999997392,0.0541349999984959,ok,1.019525821500413,1.019525821500413
LGBM_V4,TSP-triangular_squeezed-n40-g1000-3,3263.7283497828384,3194.228005456044,0.0351756000309251,0.0316887000226415,0.0034869000082835,0.1286576999991666,ok,2.175810374465489,2.175810374465489
LGBM_V4,TSP-triangular_squeezed-n40-g10000-1,39594.87957094541,40258.62658517165,0.024538100027712,0.0195086000021547,0.0050295000255573,0.1326686999964295,ok,-1.6487075455045832,1.6487075455045832
LGBM_V4,TSP-triangular_squeezed-n40-g1000-5,3428.1357048509453,3350.999740839136,0.0355089999793563,0.0319452999974601,0.0035636999818962,0.0895804000028874,ok,2.301879139880014,2.301879139880014
LGBM_V4,TSP-triangular_squeezed-n40-g10000-3,31551.041307678766,30535.10679260578,0.0248865000030491,0.021052399999462,0.003834100003587,0.1101784999918891,ok,3.327103199517872,3.327103199517872
LGBM_V4,TSP-triangular_squeezed-n40-g10000-4,40114.73170359541,40549.096035300565,0.0285812000220175,0.0271647000045049,0.0014165000175125,0.1505826000066008,ok,-1.0712059556815077,1.0712059556815077
LGBM_V4,TSP-triangular_squeezed-n40-g10000-2,40978.7960439742,41116.472073739584,0.032210200006375,0.0302741000195965,0.0019360999867785,0.1178630999929737,ok,-0.3348439757148164,0.3348439757148164
LGBM_V4,TSP-triangular_squeezed-n40-g10000-5,40356.31686162808,39275.18314872516,0.0247278999886475,0.0233614999742712,0.0013664000143762,0.1588060999929439,ok,2.752714631040524,2.752714631040524
LGBM_V4,TSP-triangular-n900-g10000-3,191166.79124745427,193136.06552938276,0.6688076999562327,0.6670020999736153,0.0018055999826174,9.282404400000814,ok,-1.0196305265568821,1.0196305265568821
LGBM_V4,TSP-triangular_squeezed-n400-g1000-1,11797.357966843952,11582.810271216204,0.0459630000113975,0.0417389000067487,0.0042241000046487,2.148988000000827,ok,1.8522939649707415,1.8522939649707415
LGBM_V4,TSP-triangular_squeezed-n400-g1000-3,11299.140778003051,11113.140877464672,0.0467236000404227,0.0441304000269155,0.0025932000135071,15.151830400005563,ok,1.6736933562639527,1.6736933562639527
LGBM_V4,TSP-triangular_squeezed-n400-g1000-4,11750.793184961898,11644.64174921669,0.053540900000371,0.052269800013164,0.0012710999872069,2.573381000009249,ok,0.9115903952334934,0.9115903952334934
LGBM_V4,TSP-triangular-n900-g10000-4,195683.1528843591,192951.8271787336,0.6915104999789037,0.6877239999885205,0.0037864999903831,10.341082500002813,ok,1.4155479870607472,1.4155479870607472
LGBM_V4,TSP-triangular_squeezed-n400-g1000-2,11853.681409090175,11814.088008308456,0.0660749999806284,0.0645805999811273,0.0014943999995011,3.4248132000066107,ok,0.3351371748193751,0.3351371748193751
LGBM_V4,TSP-triangular_squeezed-n400-g1000-5,12577.410670122525,12308.3630965,0.067557400005171,0.0640149000100791,0.0035424999950919,11.604324899992209,ok,2.185892401070225,2.185892401070225
LGBM_V4,TSP-triangular_squeezed-n5-g1000-3,1751.974323908266,1730.3767590112352,0.0155464000126812,0.0127237000269815,0.0028226999856997,0.0416043000004719,ok,1.2481423357403316,1.2481423357403316
LGBM_V4,TSP-triangular_squeezed-n5-g1000-2,1760.6254694319416,1735.1132919298648,0.0245479000150226,0.0214018000115174,0.0031461000035051,0.0446698000014293,ok,1.4703464967236313,1.4703464967236313
LGBM_V4,TSP-triangular-n900-g10000-5,189736.8073615103,189498.55153546308,0.7197063000057824,0.7159172000247054,0.003789099981077,95.66667430000962,ok,0.12572962912733748,0.12572962912733748
LGBM_V4,TSP-triangular_squeezed-n5-g1000-1,1089.6625435106682,1005.512658632742,0.0344033000001218,0.0224785000027623,0.0119247999973595,0.1149547000095481,ok,8.368853853351782,8.368853853351782
LGBM_V4,TSP-triangular_squeezed-n5-g1000-4,1554.810692289727,1571.509731637832,0.0190818000119179,0.0163288000039756,0.0027530000079423,0.0440582000010181,ok,-1.0626112592189343,1.0626112592189343
LGBM_V4,TSP-triangular_squeezed-n5-g1000-5,1469.3440783989968,1465.1409168198957,0.016976999992039,0.0128125000046566,0.0041644999873824,0.0395431000069947,ok,0.2868776327825254,0.2868776327825254
LGBM_V4,TSP-triangular_squeezed-n5-g10000-1,15334.22020672608,14790.139106487852,0.0126982000074349,0.0109547000029124,0.0017435000045225,0.1614218000031542,ok,3.6786746650649276,3.6786746650649276
LGBM_V4,TSP-triangular_squeezed-n5-g10000-2,15708.335459644128,15578.06526345948,0.0217010999913327,0.0196593000146094,0.0020417999767232,0.1554478999896673,ok,0.8362411761761828,0.8362411761761828
LGBM_V4,TSP-triangular_squeezed-n5-g10000-3,14763.261080798293,13942.519689183691,0.0190914999693632,0.0125922999868635,0.0064991999824997,0.1289604000048712,ok,5.886607370196617,5.886607370196617
LGBM_V4,TSP-triangular_squeezed-n400-g10000-4,123255.04773872184,122105.98323529268,0.0848772999888751,0.0826444000122137,0.0022328999766614,6.0863949000049615,ok,0.9410386559149779,0.9410386559149779
LGBM_V4,TSP-triangular_squeezed-n400-g10000-5,119214.828538948,117861.99429846484,0.0819052000006195,0.0738245999964419,0.0080806000041775,8.34035969999968,ok,1.147812107317095,1.147812107317095
LGBM_V4,TSP-triangular_squeezed-n5-g10000-5,12623.662695023251,12423.833937307776,0.0211959000153001,0.016787500004284,0.004408400011016,0.2615675000124611,ok,1.6084306883353088,1.6084306883353088
LGBM_V4,TSP-triangular_squeezed-n5-g10000-4,17409.938102640215,17150.837547067036,0.0259684000047855,0.0247380000073462,0.0012303999974392,0.1389155000069877,ok,1.5107166332963593,1.5107166332963593
LGBM_V4,TSP-triangular_squeezed-n400-g10000-1,117915.03936687134,115579.00768835453,0.1421036999963689,0.1381106999760959,0.003993000020273,11.57596059999196,ok,2.021155679771582,2.021155679771582
LGBM_V4,TSP-triangular_squeezed-n50-g1000-3,4307.535057360685,4392.531475129552,0.0296003999828826,0.0256398000055924,0.0039605999772902,0.2014558999944711,ok,-1.935021257106877,1.935021257106877
LGBM_V4,TSP-triangular_squeezed-n400-g10000-2,123616.12579470615,123749.63127521404,0.1450634000066202,0.1415076999983284,0.0035557000082917,4.210296199991717,ok,-0.10788353802119445,0.10788353802119445
LGBM_V4,TSP-triangular_squeezed-n50-g1000-1,3900.7064891185496,4001.83761613178,0.046422200044617,0.0451078000187408,0.0013144000258762,0.0689381999982288,ok,-2.5271172074939154,2.5271172074939154
LGBM_V4,TSP-triangular_squeezed-n50-g10000-1,44215.41608616711,45145.26152556029,0.0282929000095464,0.0259743999922648,0.0023185000172816,0.3076421000005211,ok,-2.059674499541256,2.059674499541256
LGBM_V4,TSP-triangular_squeezed-n400-g10000-3,121491.4801604943,118298.55781668538,0.1327363000018522,0.1299504000053275,0.0027858999965246,3.261077400005888,ok,2.6990374208590566,2.6990374208590566
LGBM_V4,TSP-triangular_squeezed-n50-g1000-4,4541.046681443632,4341.751139217553,0.0346216000325512,0.0324476000096183,0.0021740000229328,0.111127000011038,ok,4.590211088468679,4.590211088468679
LGBM_V4,TSP-triangular_squeezed-n50-g10000-2,44038.42688732076,47279.47538111318,0.0342514000076334,0.0326850000128615,0.0015663999947719,0.1906809999927645,ok,-6.855085568667556,6.855085568667556
LGBM_V4,TSP-triangular_squeezed-n50-g1000-2,3858.3204381285873,4034.7500212354375,0.0509409000223968,0.0458371000131592,0.0051038000092376,0.1212412000022595,ok,-4.372751277731641,4.372751277731641
LGBM_V4,TSP-triangular_squeezed-n50-g1000-5,4493.175417157178,4665.214636786189,0.0391279000032227,0.0360020000080112,0.0031258999952115,0.0503651000035461,ok,-3.687702132125826,3.687702132125826
LGBM_V4,TSP-triangular_squeezed-n50-g10000-4,43007.62234461727,40676.51359432352,0.0257161000045016,0.0224844999902416,0.00323160001426,0.0844856999901821,ok,5.730846978535205,5.730846978535205
LGBM_V4,TSP-triangular_squeezed-n50-g10000-3,41494.87444764783,41134.93117457438,0.0351966000162065,0.0320549000171013,0.0031416999991051,0.1479221000045072,ok,0.8750306923958825,0.8750306923958825
LGBM_V4,TSP-triangular_squeezed-n50-g10000-5,47667.607357418296,47484.83709114801,0.0432107000087853,0.0404405000153929,0.0027701999933924,0.2206624999962514,ok,0.38490237614052664,0.38490237614052664
LGBM_V4,TSP-triangular_squeezed-n500-g1000-2,13315.774810159852,13227.922053688708,0.078984899999341,0.0688187000050675,0.0101661999942734,9.156030000012834,ok,0.6641463119798587,0.6641463119798587
LGBM_V4,TSP-triangular_squeezed-n500-g1000-5,13227.02552841054,13027.00342661386,0.0745204999984707,0.0718530000012833,0.0026674999971874,6.935657699999865,ok,1.5354421523221606,1.5354421523221606
LGBM_V4,TSP-triangular_squeezed-n500-g10000-2,133516.27585988108,132073.23476163342,0.0634970999963115,0.0602096999937202,0.0032874000025913,5.237735700007761,ok,1.0926067653692817,1.0926067653692817
LGBM_V4,TSP-triangular_squeezed-n500-g1000-4,13432.913267833348,13211.35588337706,0.090561399993021,0.0889160000078845,0.0016453999851364,4.578208999999333,ok,1.6770223012087515,1.6770223012087515
LGBM_V4,TSP-triangular_squeezed-n500-g10000-3,130011.8523871367,128711.1669429044,0.0745179999794345,0.0716576999984681,0.0028602999809663,3.290362300002016,ok,1.010545918528799,1.010545918528799
LGBM_V4,TSP-triangular_squeezed-n500-g1000-1,13260.209534793788,13001.387386823171,0.1187006999971345,0.1157035999931395,0.002997100003995,4.176170699996874,ok,1.9907271452655264,1.9907271452655264
LGBM_V4,TSP-triangular_squeezed-n60-g1000-1,4854.452180384528,4926.121494666588,0.0302066000003833,0.0258642999979201,0.0043423000024631,0.1034359000041149,ok,-1.4548832049646858,1.4548832049646858
LGBM_V4,TSP-triangular_squeezed-n60-g1000-3,4725.895735685704,4706.9425443767,0.0326827999670058,0.0311064999841619,0.0015762999828439,0.2009144000039668,ok,0.4026645987350365,0.4026645987350365
LGBM_V4,TSP-triangular_squeezed-n60-g1000-2,5033.97510581175,4988.523576667085,0.0521766999736428,0.0484973999846261,0.0036792999890167,0.1231745999975828,ok,0.9111218669438863,0.9111218669438863
LGBM_V4,TSP-triangular_squeezed-n60-g1000-5,4507.716706544826,4560.034225493451,0.0272257000033278,0.0237440000055357,0.003481699997792,0.1411740000039572,ok,-1.1473054008265509,1.1473054008265509
LGBM_V4,TSP-triangular_squeezed-n500-g1000-3,12708.203596526018,12669.329632969668,0.1369450000056531,0.1346637000096961,0.0022812999959569,8.055051900009857,ok,0.30683520503869516,0.30683520503869516
LGBM_V4,TSP-triangular_squeezed-n60-g10000-2,48579.88497182393,49910.55625549462,0.0275753000169061,0.0237534000189043,0.0038218999980017,0.4993490000051679,ok,-2.6661119079878035,2.6661119079878035
LGBM_V4,TSP-triangular_squeezed-n60-g1000-4,4062.5740986823794,3935.0582845242734,0.0373358000069856,0.034131000022171,0.0032047999848145,0.0865552000032039,ok,3.2405063645333505,3.2405063645333505
LGBM_V4,TSP-triangular_squeezed-n60-g10000-1,53551.59481853945,54013.55381215632,0.0324971999798435,0.0306748999864794,0.0018222999933641,0.5430014999874402,ok,-0.8552649492818628,0.8552649492818628
LGBM_V4,TSP-triangular_squeezed-n60-g10000-4,49826.23185374906,49510.41595972541,0.0240093999891541,0.0219300999888218,0.0020793000003322,0.1943895000003976,ok,0.637877682709329,0.637877682709329
LGBM_V4,TSP-triangular_squeezed-n500-g10000-1,130803.658733252,128557.89876123452,0.1564472000172827,0.1522097999986726,0.00423740001861,3.801503599999705,ok,1.746886028518899,1.746886028518899
LGBM_V4,TSP-triangular_squeezed-n60-g10000-3,49847.3075747313,48641.92469614956,0.0374061000184156,0.0351521999982651,0.0022539000201504,0.2119848000002093,ok,2.478073978592289,2.478073978592289
LGBM_V4,TSP-triangular_squeezed-n500-g10000-4,135995.5414120318,135822.12404834275,0.1313215999980457,0.130063999997219,0.0012576000008266,4.650067100010347,ok,0.1276797612348665,0.1276797612348665
LGBM_V4,TSP-triangular_squeezed-n60-g10000-5,50131.66235801027,48919.59908868522,0.0360672999813687,0.0330214999848976,0.003045799996471,0.259095300003537,ok,2.4776639463617083,2.4776639463617083
LGBM_V4,TSP-triangular_squeezed-n500-g10000-5,136659.8024550624,134580.95150452634,0.1349874000006821,0.1329805999994278,0.0020068000012543,8.393230200003018,ok,1.544684390544035,1.544684390544035
LGBM_V4,TSP-triangular_squeezed-n1000-g1000-1,19116.352611244285,18725.88417791037,0.9054184000124224,0.9034837000072002,0.0019347000052221,12.057960800011642,ok,2.085180222328419,2.085180222328419
LGBM_V4,TSP-triangular_squeezed-n1000-g10000-3,188850.872049878,186702.108456679,0.8819597999972757,0.8802882999880239,0.0016715000092517,195.5342582000012,ok,1.1509048349593636,1.1509048349593636
LGBM_V4,TSP-triangular_squeezed-n1000-g1000-5,18988.22358633641,18710.26007644016,0.9038061999890488,0.901699899986852,0.0021063000021968,18.49961410000105,ok,1.4856207704256326,1.4856207704256326
LGBM_V4,TSP-triangular_squeezed-n70-g1000-1,4791.656172335436,4695.453886041891,0.0124709000228904,0.0100279000180307,0.0024430000048596,0.1871348999993642,ok,2.048838911601809,2.048838911601809
LGBM_V4,TSP-triangular_squeezed-n70-g1000-2,5013.36527397132,5075.5987781265785,0.0140020000108052,0.0123940000194124,0.0016079999913927,0.1028789999982109,ok,-1.2261312778199807,1.2261312778199807
LGBM_V4,TSP-triangular_squeezed-n70-g1000-4,5218.201637398753,5297.0367682775295,0.0145371000107843,0.0131535000109579,0.0013835999998264,0.1607944999996107,ok,-1.488287401569467,1.488287401569467
LGBM_V4,TSP-triangular_squeezed-n70-g1000-3,5268.590048952493,5199.266465256879,0.0177979000145569,0.0161181000003125,0.0016798000142443,0.1862152999965474,ok,1.3333339262154675,1.3333339262154675
LGBM_V4,TSP-triangular_squeezed-n70-g1000-5,5681.2839144677055,5439.671183076172,0.0171173000126145,0.0154446999949868,0.0016726000176277,0.0976201000012224,ok,4.4416789776417955,4.4416789776417955
LGBM_V4,TSP-triangular_squeezed-n70-g10000-1,53912.9033055686,51585.90037497389,0.0145538999931886,0.0128308999992441,0.0017229999939445,0.4345132000016747,ok,4.510928206505861,4.510928206505861
LGBM_V4,TSP-triangular_squeezed-n70-g10000-2,53760.01181158687,52786.09262340239,0.0149372000014409,0.0131633999990299,0.001773800002411,0.3902028000011341,ok,1.8450298928788313,1.8450298928788313
LGBM_V4,TSP-triangular_squeezed-n70-g10000-3,46855.54895047322,45691.97486393892,0.0160761000006459,0.0143512000213377,0.0017248999793082,0.0782222999987425,ok,2.546561163090837,2.546561163090837
LGBM_V4,TSP-triangular_squeezed-n70-g10000-4,54571.0618769794,54132.57784662925,0.0147235000040382,0.0130784999928437,0.0016450000111944,0.3565027999866288,ok,0.8100187498782839,0.8100187498782839
LGBM_V4,TSP-triangular_squeezed-n70-g10000-5,49085.95082815998,49382.644446376056,0.0149023999692872,0.0137642999761737,0.0011380999931134,0.3081848000001628,ok,-0.6008054480319588,0.6008054480319588
LGBM_V4,TSP-triangular_squeezed-n1000-g10000-2,185755.96269240708,185463.15235451344,0.949005100002978,0.9474977999925612,0.0015073000104166,18.66497129999334,ok,0.15788060009566093,0.15788060009566093
LGBM_V4,TSP-triangular_squeezed-n1000-g1000-2,18109.91155481524,18025.32442703379,0.9910042999836152,0.9889225999941118,0.0020816999895032,10.483574899990344,ok,0.46926826822928236,0.46926826822928236
LGBM_V4,TSP-triangular_squeezed-n1000-g1000-3,18979.71559590518,18671.45335600087,0.9921279000118376,0.9894146000151522,0.0027132999966852,22.38765740000236,ok,1.6509814957989706,1.6509814957989706
LGBM_V4,TSP-triangular_squeezed-n1000-g10000-1,189101.89974743951,187059.0731853539,0.9954716999782248,0.9923360999964644,0.0031355999817606,984.6872779999976,ok,1.0920756354124672,1.0920756354124672
LGBM_V4,TSP-triangular_squeezed-n1000-g1000-4,19058.31959908116,18963.139220992605,1.00707359999069,1.005206600006204,0.001866999984486,30.57855720000225,ok,0.5019231097728072,0.5019231097728072
LGBM_V4,TSP-triangular_squeezed-n1000-g10000-4,195176.7718035432,192558.0036324638,0.9911378999822772,0.9882530999893788,0.0028847999928984,9.200077700021213,ok,1.3599892612502626,1.3599892612502626
LGBM_V4,TSP-triangular_squeezed-n1000-g10000-5,183799.88528602032,183849.3383328361,0.990871399990283,0.988556399999652,0.0023149999906308,25.716037799982587,ok,-0.026898680878721184,0.026898680878721184
LGBM_V4,TSP-triangular_squeezed-n600-g1000-2,14387.30424860441,14146.317202773153,0.3133193000103347,0.3114255999971647,0.00189370001317,6.548584899996058,ok,1.7035320386002404,1.7035320386002404
LGBM_V4,TSP-triangular_squeezed-n600-g10000-4,143249.8549595098,143554.9253041924,0.2838065000250935,0.2816600000078324,0.0021465000172611,3.1173906000040006,ok,-0.21251123501068683,0.21251123501068683
LGBM_V4,TSP-triangular_squeezed-n600-g1000-3,14292.056008136427,14162.067769195117,0.3173406000132672,0.3156493999995291,0.0016912000137381,10.292281900008676,ok,0.9178620033442918,0.9178620033442918
LGBM_V4,TSP-triangular_squeezed-n8-g1000-1,2023.6305379019257,1869.080519147652,0.0102277999685611,0.009158299973933,0.0010694999946281,0.2894317999889608,ok,8.268772648957487,8.268772648957487
LGBM_V4,TSP-triangular_squeezed-n8-g1000-2,2184.97120753676,2193.220722844002,0.0118353000434581,0.0094097000255715,0.0024256000178866,0.293048199993791,ok,-0.3761370308659354,0.3761370308659354
LGBM_V4,TSP-triangular_squeezed-n600-g1000-5,14900.875187803837,14738.764728023263,0.3138502999790944,0.3118051999772433,0.002045100001851,5.891517099997145,ok,1.09989176686122,1.09989176686122
LGBM_V4,TSP-triangular_squeezed-n8-g1000-3,1944.8756254049272,1905.773305095704,0.0119236000173259,0.009927900013281,0.0019957000040449,0.1539432999998098,ok,2.051782350223419,2.051782350223419
LGBM_V4,TSP-triangular_squeezed-n8-g1000-4,1513.206519345796,1532.09300392166,0.0096325999766122,0.0072596999816596,0.0023728999949526,0.0988493000040762,ok,-1.2327244186560933,1.2327244186560933
LGBM_V4,TSP-triangular_squeezed-n8-g1000-5,1357.937460796098,1328.5826687452573,0.0089052999974228,0.006171599990921,0.0027337000065017,0.0507015999901341,ok,2.209481783964874,2.209481783964874
LGBM_V4,TSP-triangular_squeezed-n600-g10000-2,150095.76903281442,148293.94175634254,0.326420599973062,0.3218054999888409,0.0046150999842211,5.382003899998381,ok,1.2150376847035436,1.2150376847035436
LGBM_V4,TSP-triangular_squeezed-n8-g10000-2,19415.32536940019,18710.46208965573,0.0139342999900691,0.0130103999981656,0.0009238999919034,0.6426394000009168,ok,3.767214707829956,3.767214707829956
LGBM_V4,TSP-triangular_squeezed-n8-g10000-1,14328.153290855604,13687.739350623411,0.0118189000058919,0.0104938000149559,0.0013250999909359,0.7745091999968281,ok,4.678741491399197,4.678741491399197
LGBM_V4,TSP-triangular_squeezed-n8-g10000-3,20406.00882991155,20966.08873949733,0.0151686000172048,0.0124305000063031,0.0027381000109016,0.3800052000005962,ok,-2.6713609607626236,2.6713609607626236
LGBM_V4,TSP-triangular_squeezed-n8-g10000-5,15923.907281546468,16163.463483787018,0.0110862999863456,0.0101200999924913,0.0009661999938543,1.106349699999555,ok,-1.4820845945600725,1.4820845945600725
LGBM_V4,TSP-triangular_squeezed-n8-g10000-4,19091.22991560964,18789.531759793903,0.0139312999963294,0.010960999992676,0.0029703000036533,0.4085040999925695,ok,1.6056714966219456,1.6056714966219456
LGBM_V4,TSP-triangular_squeezed-n80-g1000-1,5387.011024423608,5539.524522172796,0.0281168000074103,0.0266067000047769,0.0015101000026334,0.2279837000096449,ok,-2.7531875188697033,2.7531875188697033
LGBM_V4,TSP-triangular_squeezed-n80-g1000-3,5092.0339241079655,4912.115146394895,0.0169309000193607,0.0151283000013791,0.0018026000179816,0.3865808000118704,ok,3.6627557040293786,3.6627557040293786
LGBM_V4,TSP-triangular_squeezed-n80-g1000-2,5073.994616079746,5018.161346059676,0.0299515000078827,0.0258389000082388,0.0041125999996438,0.1614842999988468,ok,1.1126240503189657,1.1126240503189657
LGBM_V4,TSP-triangular_squeezed-n80-g1000-4,5324.475564571881,5262.813616009171,0.0214672999863978,0.0197878999751992,0.0016794000111985,0.1947555999940959,ok,1.1716536640237027,1.1716536640237027
LGBM_V4,TSP-triangular_squeezed-n80-g1000-5,5444.316808420041,5437.989896307328,0.0207452999893575,0.0193018999998457,0.0014433999895118,0.5663825999945402,ok,0.11634652203029289,0.11634652203029289
LGBM_V4,TSP-triangular_squeezed-n600-g1000-4,14860.73005638683,14802.294131201968,0.3959233000059612,0.3936877000087406,0.0022355999972205,5.911656199998106,ok,0.39477613852898596,0.39477613852898596
LGBM_V4,TSP-triangular_squeezed-n80-g10000-1,52769.68406176747,52172.81813939629,0.0169719000114128,0.0134221000189427,0.00354979999247,0.410881400006474,ok,1.144017025832231,1.144017025832231
LGBM_V4,TSP-triangular_squeezed-n600-g10000-3,150891.74581619503,149398.3810003229,0.3850728999823332,0.3832736999902408,0.0017991999920923,7.592899499999476,ok,0.999585675475898,0.999585675475898
LGBM_V4,TSP-triangular_squeezed-n80-g10000-2,53537.33505688661,52260.54049993428,0.0263036000251304,0.0246576000063214,0.0016460000188089,0.2018867000006139,ok,2.443133088058924,2.443133088058924
LGBM_V4,TSP-triangular_squeezed-n600-g1000-1,14186.860915715552,14048.4607444531,0.421421700011706,0.4196572999935597,0.0017644000181462,4.250032899988582,ok,0.9851625297604094,0.9851625297604094
LGBM_V4,TSP-triangular_squeezed-n80-g10000-5,51740.73039717604,51885.58860845333,0.0272467999893706,0.0252626999863423,0.0019841000030282,0.1540411000023596,ok,-0.279187757453107,0.279187757453107
LGBM_V4,TSP-triangular_squeezed-n80-g10000-4,50791.88254164335,51423.48089615612,0.0338298999995458,0.0304812999966088,0.003348600002937,0.1063228999992134,ok,-1.228229484869404,1.228229484869404
LGBM_V4,TSP-triangular_squeezed-n600-g10000-5,148866.66828323124,146598.64560233196,0.3929102999973111,0.3887294000014663,0.0041808999958448,4.068215899998904,ok,1.5470966130557458,1.5470966130557458
LGBM_V4,TSP-triangular_squeezed-n80-g10000-3,50811.217895424496,50982.48795914821,0.0351776000170502,0.0339617000136058,0.0012159000034444,0.5635174000053667,ok,-0.3359390068624173,0.3359390068624173
LGBM_V4,TSP-triangular_squeezed-n600-g10000-1,145167.53133451892,142992.6064012051,0.4372606000106316,0.4296575000043958,0.0076031000062357,9.704406899996684,ok,1.5210051680654582,1.5210051680654582
LGBM_V4,TSP-triangular_squeezed-n700-g1000-2,15947.458336952526,15856.607018199156,0.3737030999909621,0.3723776999977417,0.0013253999932203,4.800051099999109,ok,0.5729556055030993,0.5729556055030993
LGBM_V4,TSP-triangular_squeezed-n700-g1000-3,15497.34104919849,15338.723546152134,0.3826804999844171,0.3812241999839898,0.0014563000004272,6.164405899995472,ok,1.0340984539495606,1.0340984539495606
LGBM_V4,TSP-triangular_squeezed-n700-g1000-1,15610.85447619685,15318.360671929426,0.3917577000102028,0.3904465000086929,0.0013112000015098,3.576170100001036,ok,1.909432807672512,1.909432807672512
LGBM_V4,TSP-triangular_squeezed-n90-g1000-1,5750.080629125257,5895.545727453455,0.0162362999981269,0.014675000013085,0.0015612999850418,0.1990636999980779,ok,-2.4673729125841395,2.4673729125841395
LGBM_V4,TSP-triangular_squeezed-n90-g1000-2,6043.447551350509,5901.115852729599,0.0121314999705646,0.0106950999761465,0.001436399994418,0.2767978999909246,ok,2.411945506121064,2.411945506121064
LGBM_V4,TSP-triangular_squeezed-n90-g1000-4,6287.87264655554,6073.857387626881,0.0155769000120926,0.0139844999939668,0.0015924000181257,0.2869266000052448,ok,3.5235476447740073,3.5235476447740073
LGBM_V4,TSP-triangular_squeezed-n90-g1000-3,5814.9999305868805,5888.281734644125,0.0208556999859865,0.0197632999916095,0.001092399994377,0.3504565000039292,ok,-1.244536307189345,1.244536307189345
LGBM_V4,TSP-triangular_squeezed-n90-g1000-5,5372.591534066118,5278.073775270143,0.0158298999886028,0.014568299986422,0.0012616000021807,0.0945798000029753,ok,1.7907623655968439,1.7907623655968439
LGBM_V4,TSP-triangular_squeezed-n90-g10000-2,58031.27969158263,56469.04538803808,0.0167522999981883,0.015214700018987,0.0015375999792013,0.5172821000014665,ok,2.7665321643200333,2.7665321643200333
LGBM_V4,TSP-triangular_squeezed-n90-g10000-1,61740.18764584907,61389.40878592581,0.0187988999823573,0.017158600006951,0.0016402999754063,0.9552382999972906,ok,0.5713996385703688,0.5713996385703688
LGBM_V4,TSP-triangular_squeezed-n90-g10000-3,58228.43130302071,55736.14331274086,0.0169633000041358,0.0152177000127267,0.0017455999914091,0.1918421000009402,ok,4.471583145420351,4.471583145420351
LGBM_V4,TSP-triangular_squeezed-n700-g1000-4,15731.43874206771,15409.759929849875,0.440250300016487,0.4371605000051204,0.0030898000113666,6.1929145000030985,ok,2.0875004781529314,2.0875004781529314
LGBM_V4,TSP-triangular_squeezed-n90-g10000-4,57392.21613549298,54792.11289524031,0.0158124000299721,0.0135472000110894,0.0022652000188827,0.2518701999943005,ok,4.7453969245974,4.7453969245974
LGBM_V4,TSP-triangular_squeezed-n90-g10000-5,58386.53208355695,58353.67226786111,0.0227601999940816,0.0210399999923538,0.0017202000017277,0.4609316999994917,ok,0.05631147864182924,0.05631147864182924
LGBM_V4,TSP-triangular_squeezed-n700-g10000-2,160648.48403400736,158759.7305815799,0.4284842999768443,0.4270394999766722,0.0014448000001721,77.34696119998989,ok,1.1896930320481376,1.1896930320481376
LGBM_V4,TSP-triangular_squeezed-n700-g10000-1,155038.78962735826,154467.11607978743,0.4451732999878004,0.4436811000050511,0.0014921999827492,3.779505699989386,ok,0.3700940122916116,0.3700940122916116
LGBM_V4,TSP-triangular_squeezed-n700-g10000-3,155371.0537458744,153176.2162540201,0.4513540000189096,0.449956900003599,0.0013971000153105,6.461945300005027,ok,1.432883998266731,1.432883998266731
LGBM_V4,TSP-triangular_squeezed-n700-g1000-5,15803.94398910968,15781.724728938249,0.5003318999952171,0.4985714000067673,0.0017604999884497,27.610527400000137,ok,0.14079107672363497,0.14079107672363497
LGBM_V4,TSP-triangular_squeezed-n700-g10000-5,158128.890834787,156988.50182512493,0.4582294000138063,0.4566291999944951,0.0016002000193111,7.553382500016596,ok,0.7264156268797187,0.7264156268797187
LGBM_V4,TSP-triangular_squeezed-n700-g10000-4,152592.13672780647,151935.0405327028,0.4877221999922767,0.4859976999869104,0.0017245000053662,8.177723799977684,ok,0.4324849572552844,0.4324849572552844
LGBM_V4,TSP-triangular_squeezed-n800-g1000-4,16557.16247496026,16460.293771407778,0.3706549999769777,0.3688876999949571,0.0017672999820206,63.4398724000057,ok,0.5884992388212825,0.5884992388212825
LGBM_V4,TSP-truncated_exponential-n10-g1000-1,3322.455838385757,3161.2164297742806,0.0064530000090599,0.0046464999904856,0.0018065000185742,0.0446442999964347,ok,5.100549493948737,5.100549493948737
LGBM_V4,TSP-triangular_squeezed-n800-g10000-1,170267.8691782991,167706.98932856758,0.3715476000215858,0.3700699000037275,0.0014777000178582,5.477633699993021,ok,1.5269964954855275,1.5269964954855275
LGBM_V4,TSP-truncated_exponential-n10-g1000-2,2932.09555089232,2913.083110582007,0.007514800003264,0.0060347999969962,0.0014800000062678,0.0441533999983221,ok,0.6526569819188657,0.6526569819188657
LGBM_V4,TSP-truncated_exponential-n10-g1000-3,2968.313602181208,3016.311264384638,0.0092999000044073,0.0060648999933619,0.0032350000110454,0.0363368999969679,ok,-1.5912701971499668,1.5912701971499668
LGBM_V4,TSP-triangular_squeezed-n800-g10000-2,164072.77864219883,162320.6123474915,0.3812238999817054,0.3792602999892551,0.0019635999924503,4.828040399996098,ok,1.0794478097189193,1.0794478097189193
LGBM_V4,TSP-truncated_exponential-n10-g1000-4,2838.043107804844,2704.755979063205,0.0088054999941959,0.0074667999870143,0.0013387000071816,0.099591699996381,ok,4.927879992627037,4.927879992627037
LGBM_V4,TSP-truncated_exponential-n10-g1000-5,2846.700749303793,2813.221170232852,0.0078161000274121,0.0059236000233795,0.0018925000040326,0.0824713000038173,ok,1.19007987801294,1.19007987801294
LGBM_V4,TSP-truncated_exponential-n10-g10000-1,28754.024966599514,31332.731583466764,0.0110662999795749,0.0093035000027157,0.0017627999768592,0.0426864000037312,ok,-8.230072791444545,8.230072791444545
LGBM_V4,TSP-truncated_exponential-n10-g10000-2,22546.854291841457,22602.72184839803,0.008228799997596,0.006859599991003,0.001369200006593,0.0413016000093193,ok,-0.24717180935680727,0.24717180935680727
LGBM_V4,TSP-truncated_exponential-n10-g10000-3,24322.4218198773,24453.422801123423,0.0089423000172246,0.0073311000014655,0.001611200015759,0.0409868999995524,ok,-0.5357163384101095,0.5357163384101095
LGBM_V4,TSP-triangular_squeezed-n800-g1000-2,17106.77013946748,16891.519878876636,0.4319662000052631,0.4280285999993793,0.0039376000058837,9.886756499996409,ok,1.274309607035551,1.274309607035551
LGBM_V4,TSP-truncated_exponential-n10-g10000-5,29719.918773004483,29805.52207782077,0.0103710000112187,0.0084789000102318,0.0018921000009868,0.0412874000030569,ok,-0.287206191499616,0.287206191499616
LGBM_V4,TSP-truncated_exponential-n10-g10000-4,24091.339917038407,24967.528759193592,0.0143331000290345,0.0124369000259321,0.0018962000031024,0.0457768999913241,ok,-3.5093134390905742,3.5093134390905742
LGBM_V4,TSP-triangular_squeezed-n800-g10000-4,171705.5087347877,169780.72515079702,0.420900100027211,0.4183644000149797,0.0025357000122312,83.43471080000745,ok,1.1336879273434066,1.1336879273434066
LGBM_V4,TSP-truncated_exponential-n100-g1000-1,7824.34569143604,7837.513392121624,0.022781199979363,0.0210411000007297,0.0017400999786332,0.6997012999927392,ok,-0.16800865308657456,0.16800865308657456
LGBM_V4,TSP-truncated_exponential-n100-g1000-2,7041.934279504954,7091.364322250349,0.0214351999748032,0.0195239000022411,0.0019112999725621,0.1941017999924952,ok,-0.6970455965758162,0.6970455965758162
LGBM_V4,TSP-truncated_exponential-n100-g1000-3,8056.875559109744,7818.955857334052,0.0239434000104665,0.0220726999978069,0.0018707000126596,0.332545500001288,ok,3.0428577180484733,3.0428577180484733
LGBM_V4,TSP-triangular_squeezed-n800-g1000-3,16632.72919445555,16412.74671322722,0.4660041000170167,0.4636042000201996,0.0023998999968171,17.15635299999849,ok,1.3403148484040344,1.3403148484040344
LGBM_V4,TSP-truncated_exponential-n100-g1000-4,7679.57420479799,7407.364248725004,0.0361537999997381,0.0339144000026863,0.0022393999970518,0.1083548000024166,ok,3.6748558182465634,3.6748558182465634
LGBM_V4,TSP-truncated_exponential-n100-g1000-5,7522.715217115052,7273.288880668918,0.0287798000208567,0.0268078000226523,0.0019719999982044,0.301127800004906,ok,3.429347308190438,3.429347308190438
LGBM_V4,TSP-triangular_squeezed-n800-g1000-1,17485.70373598361,17333.7669553874,0.483643799991114,0.4813632000004872,0.0022805999906267,5.916690199999721,ok,0.8765364215825437,0.8765364215825437
LGBM_V4,TSP-truncated_exponential-n100-g10000-1,78202.00414789144,77137.37191892415,0.0256358999758958,0.0247140999999828,0.000921799975913,0.2650642999942647,ok,1.380176952471589,1.380176952471589
LGBM_V4,TSP-truncated_exponential-n100-g10000-2,81515.09795542283,79403.83948582958,0.0348632000095676,0.0336118999985046,0.0012513000110629,0.0637948000075994,ok,2.658887130980639,2.658887130980639
LGBM_V4,TSP-truncated_exponential-n100-g10000-3,75961.30659310713,73948.53063948927,0.0340463999891653,0.0316548999981023,0.002391499991063,0.1236575999937485,ok,2.7218606457922245,2.7218606457922245
LGBM_V4,TSP-triangular_squeezed-n800-g1000-5,17269.855406179995,17141.7050627207,0.4858839999942574,0.4835599999933038,0.0023240000009536,3.843645800006925,ok,0.7475939119848338,0.7475939119848338
LGBM_V4,TSP-truncated_exponential-n100-g10000-5,77529.4486362086,78032.94905066204,0.0280685000179801,0.025044500012882,0.003024000005098,0.4397945999953663,ok,-0.6452407868457467,0.6452407868457467
LGBM_V4,TSP-truncated_exponential-n100-g10000-4,75062.05007012855,76317.62665698217,0.0414646999852266,0.0405212999903596,0.0009433999948669,0.5228781000041636,ok,-1.645198680636323,1.645198680636323
LGBM_V4,TSP-triangular_squeezed-n800-g10000-3,171612.68415221822,168220.69468151967,0.506048200011719,0.5045453000057023,0.0015029000060167,6.421485900005791,ok,2.016392499817198,2.016392499817198
LGBM_V4,TSP-triangular_squeezed-n800-g10000-5,164157.052271879,163732.7563941944,0.5244120999996085,0.5216157000104431,0.0027963999891653,6.88886600000842,ok,0.25913927489442895,0.25913927489442895
LGBM_V4,TSP-triangular_squeezed-n900-g1000-3,17755.991575171138,17646.472811575222,0.4456641000288073,0.4436147000233177,0.0020494000054895,15.218758500006516,ok,0.6206269364157384,0.6206269364157384
LGBM_V4,TSP-triangular_squeezed-n900-g1000-1,17995.30440231317,17794.757489757267,0.4691681000113021,0.4667674000083934,0.0024007000029087,7.931720700013102,ok,1.126999975534022,1.126999975534022
LGBM_V4,TSP-truncated_exponential-n20-g1000-1,4010.77666387896,3993.079117856085,0.0078779000032227,0.0067769000015687,0.001101000001654,0.132374399996479,ok,0.4432054938189399,0.4432054938189399
LGBM_V4,TSP-truncated_exponential-n20-g1000-2,3461.895213179947,3427.5155081388048,0.0083562000363599,0.0063127000175882,0.0020435000187717,0.0747196000011172,ok,1.003050313251855,1.003050313251855
LGBM_V4,TSP-truncated_exponential-n20-g1000-3,3415.266841983384,3460.033171626383,0.0086100999906193,0.007219699997222,0.0013903999933972,0.0750700999924447,ok,-1.2938121521521948,1.2938121521521948
LGBM_V4,TSP-triangular_squeezed-n900-g1000-4,17851.965740160726,17668.81505275271,0.4588136000093072,0.4576768999977503,0.0011367000115569,11.919158699995023,ok,1.0365759495540203,1.0365759495540203
LGBM_V4,TSP-truncated_exponential-n20-g1000-4,4447.503392402991,4513.168195665077,0.0100395999616011,0.0082260999770369,0.0018134999845642,0.0635790000087581,ok,-1.4549602499892964,1.4549602499892964
LGBM_V4,TSP-truncated_exponential-n20-g10000-1,36069.30052573677,36862.20822422017,0.0107231000147294,0.0084931000019423,0.002230000012787,0.0421539999952074,ok,-2.151004339350527,2.151004339350527
LGBM_V4,TSP-truncated_exponential-n20-g1000-5,3275.408596859775,3466.5414452924406,0.0169042999914381,0.0154620999819599,0.0014422000094782,0.0884986999881221,ok,-5.513646712409098,5.513646712409098
LGBM_V4,TSP-truncated_exponential-n20-g10000-2,39675.3414841899,39714.386030383765,0.0085324000101536,0.0075263000035192,0.0010061000066343,0.0605332000122871,ok,-0.09831335718999645,0.09831335718999645
LGBM_V4,TSP-truncated_exponential-n20-g10000-4,39028.57057769674,36173.66102143855,0.0110488999926019,0.0096903000085148,0.001358599984087,0.0621317000041017,ok,7.8922328446827805,7.8922328446827805
LGBM_V4,TSP-truncated_exponential-n20-g10000-3,35714.83357055784,35702.472056338804,0.0117304000013973,0.0082887000171467,0.0034416999842505,0.0448433999990811,ok,0.0346236927222649,0.0346236927222649
LGBM_V4,TSP-truncated_exponential-n20-g10000-5,36408.36025321929,36813.06598059363,0.0095272000180557,0.007921400014311,0.0016058000037446,0.0518575000023702,ok,-1.0993534947284365,1.0993534947284365
LGBM_V4,TSP-truncated_exponential-n200-g1000-1,10351.170755579871,10353.12193180626,0.0225583999999798,0.0200055000022985,0.0025528999976813,2.285614299995359,ok,-0.018846259507424325,0.018846259507424325
LGBM_V4,TSP-truncated_exponential-n200-g1000-2,10679.722776167497,10603.919658209968,0.022414100007154,0.0202396000095177,0.0021744999976363,1.006932300006156,ok,0.7148594142623336,0.7148594142623336
LGBM_V4,TSP-truncated_exponential-n200-g1000-3,10108.914939500846,10202.729184597674,0.0243066000111866,0.0225412000145297,0.0017653999966569,1.491190099986852,ok,-0.9195014725908106,0.9195014725908106
LGBM_V4,TSP-triangular_squeezed-n900-g1000-5,18390.742738657857,18137.867739015423,0.5088048999896273,0.5076510999933816,0.0011537999962456,11.607890200000838,ok,1.394182619925537,1.394182619925537
LGBM_V4,TSP-triangular_squeezed-n900-g1000-2,18050.769258913584,17891.931397341126,0.5362193000037223,0.5348045999999158,0.0014147000038065,9.579674799984788,ok,0.8877625229217135,0.8877625229217135
LGBM_V4,TSP-truncated_exponential-n200-g1000-4,10632.611236949104,10691.424069499506,0.0299746000091545,0.0285376000101678,0.0014369999989867,0.9528010000067296,ok,-0.5500935344823091,0.5500935344823091
LGBM_V4,TSP-truncated_exponential-n200-g1000-5,10490.036960861484,10500.04602348736,0.0313087999820709,0.0301838000013958,0.001124999980675,2.158831000007922,ok,-0.0953239881376516,0.0953239881376516
LGBM_V4,TSP-truncated_exponential-n200-g10000-1,104546.34942561788,105005.33476136574,0.0294937000144273,0.0281345999974291,0.0013591000169981,1.6965166000009049,ok,-0.4371066829994335,0.4371066829994335
LGBM_V4,TSP-truncated_exponential-n30-g1000-1,4166.940194121914,4289.3000877084105,0.0117638999654445,0.0075608999759424,0.0042029999895021,0.0433545000123558,ok,-2.852677385225062,2.852677385225062
LGBM_V4,TSP-truncated_exponential-n200-g10000-3,103886.15667393894,103061.36054558196,0.0396704000013414,0.038677300006384,0.0009930999949574,3.369737000000896,ok,0.8002961769480853,0.8002961769480853
LGBM_V4,TSP-triangular_squeezed-n900-g10000-1,181174.37432978489,179102.97029963962,0.548941700020805,0.5476594000065234,0.0012823000142816,175.9013394000067,ok,1.156543650102396,1.156543650102396
LGBM_V4,TSP-triangular_squeezed-n900-g10000-2,176106.9826994246,176320.0748565568,0.5316324000013992,0.5296180000004824,0.0020144000009167,8.23742210000637,ok,-0.12085530096646947,0.12085530096646947
LGBM_V4,TSP-truncated_exponential-n200-g10000-2,106685.01464306458,103299.76798594196,0.0511074000096414,0.048941899993224,0.0021655000164173,2.098317900003167,ok,3.2771096422823742,3.2771096422823742
LGBM_V4,TSP-truncated_exponential-n200-g10000-4,107301.30256562184,105088.86812260968,0.0398872999940067,0.037551599991275,0.0023357000027317,0.8391531000088435,ok,2.1052985749459747,2.1052985749459747
LGBM_V4,TSP-truncated_exponential-n30-g1000-3,4842.160218894045,4678.463124215879,0.0217806999862659,0.0192239999887533,0.0025566999975126,0.0406078999949386,ok,3.498950196505006,3.498950196505006
LGBM_V4,TSP-truncated_exponential-n30-g1000-2,4742.350212962465,4728.657716044943,0.021844200004125,0.020671600010246,0.0011725999938789,0.060575700001209,ok,0.2895641372193459,0.2895641372193459
LGBM_V4,TSP-truncated_exponential-n200-g10000-5,108146.94076970966,105486.79489398345,0.0389992000418715,0.0377320000261534,0.0012672000157181,1.991722600010689,ok,2.5217809285036297,2.5217809285036297
LGBM_V4,TSP-truncated_exponential-n30-g1000-4,4685.504235252848,4698.434553685887,0.022429499978898,0.0207445999840274,0.0016848999948706,0.0568265999900177,ok,-0.275204821633527,0.275204821633527
LGBM_V4,TSP-truncated_exponential-n30-g10000-1,43349.96314614306,44451.940436933226,0.0165500000002793,0.0146084000007249,0.0019415999995544,0.0738238000049023,ok,-2.4790307913635603,2.4790307913635603
LGBM_V4,TSP-truncated_exponential-n30-g1000-5,4713.051288747834,4741.663146036418,0.0191078000061679,0.0165439999836962,0.0025638000224716,0.086084499998833,ok,-0.6034139585073701,0.6034139585073701
LGBM_V4,TSP-truncated_exponential-n30-g10000-4,47625.93475486549,49169.01441461124,0.0191305000043939,0.0156863000011071,0.0034442000032868,0.0634942000033333,ok,-3.1383172473906753,3.1383172473906753
LGBM_V4,TSP-truncated_exponential-n30-g10000-3,40585.73793137585,40865.07153938567,0.0209910000266972,0.019472100015264,0.0015189000114332,0.082987800007686,ok,-0.6835510069781774,0.6835510069781774
LGBM_V4,TSP-truncated_exponential-n30-g10000-5,38719.9279870061,39403.26085382837,0.019067699991865,0.0172402999887708,0.0018274000030942,0.04543859999103,ok,-1.7342038501767192,1.7342038501767192
LGBM_V4,TSP-truncated_exponential-n30-g10000-2,46278.59671001286,46255.437237859376,0.023233700019773,0.0198858000221662,0.0033478999976068,0.0451360000006388,ok,0.050068648220516696,0.050068648220516696
LGBM_V4,TSP-triangular_squeezed-n900-g10000-3,177670.52053671266,175699.8859025465,0.5661768999998458,0.5633576000109315,0.0028192999889142,253.7966535000014,ok,1.121591299870963,1.121591299870963
LGBM_V4,TSP-truncated_exponential-n300-g1000-4,12868.382743354492,12949.989243151083,0.0374780000129248,0.0359485000080894,0.0015295000048354,2.255364600001485,ok,-0.6301665450398035,0.6301665450398035
LGBM_V4,TSP-truncated_exponential-n300-g10000-2,126358.2777617783,125893.66861481036,0.0445026999805122,0.0416487999900709,0.0028538999904412,2.5521045999921625,ok,0.36904885851684543,0.36904885851684543
LGBM_V4,TSP-truncated_exponential-n300-g10000-1,128581.74821210252,127868.17649183086,0.0467467999842483,0.0454648000013548,0.0012819999828934,1.1379304000001866,ok,0.5580526287690123,0.5580526287690123
LGBM_V4,TSP-truncated_exponential-n300-g1000-1,12648.150015542364,12609.049825252105,0.0736001999757718,0.0721392999985255,0.0014608999772462,1.387639600012335,ok,0.31009624699835153,0.31009624699835153
LGBM_V4,TSP-triangular_squeezed-n900-g10000-4,174086.85474921484,173918.18207080208,0.5946921999857295,0.592935499997111,0.0017566999886184,4.578381300001638,ok,0.09698392451232414,0.09698392451232414
LGBM_V4,TSP-truncated_exponential-n300-g1000-3,12809.733289516398,12544.999287091352,0.0733513000013772,0.0723271000024396,0.0010241999989375,4.253346700003021,ok,2.110275149217857,2.110275149217857
LGBM_V4,TSP-truncated_exponential-n300-g1000-2,12757.10040857574,12769.54973171323,0.089361899998039,0.0856612999923527,0.0037006000056862,2.168997600005241,ok,-0.09749226401125889,0.09749226401125889
LGBM_V4,TSP-truncated_exponential-n40-g1000-1,4904.7512190399775,4880.955909106407,0.0271241999871563,0.018442500004312,0.0086816999828442,0.151185800001258,ok,0.48751331453693303,0.48751331453693303
LGBM_V4,TSP-truncated_exponential-n300-g10000-4,126348.15064093584,126540.05829062709,0.0369379999756347,0.0347577999928034,0.0021801999828312,4.603071799996542,ok,-0.15165762706580047,0.15165762706580047
LGBM_V4,TSP-truncated_exponential-n40-g1000-2,4416.764946322873,4393.77157138409,0.0254966999928001,0.0235329999995883,0.0019636999932117,0.0792023000103654,ok,0.5233174862465517,0.5233174862465517
LGBM_V4,TSP-truncated_exponential-n40-g1000-4,4802.93329618679,4664.415759338202,0.023083799984306,0.021838899992872,0.001244899991434,0.0800356000108877,ok,2.969665312773086,2.969665312773086
LGBM_V4,TSP-truncated_exponential-n40-g1000-3,5276.529010881854,5337.029701347741,0.0298490999848581,0.0281284999800845,0.0017206000047735,0.1092534999916097,ok,-1.1336022816325844,1.1336022816325844
LGBM_V4,TSP-truncated_exponential-n300-g1000-5,12771.76807033329,12574.21971515171,0.0898220000090077,0.0877247999887913,0.0020972000202164,2.2624758000019938,ok,1.5710585599481561,1.5710585599481561
LGBM_V4,TSP-truncated_exponential-n40-g10000-1,51179.98671497796,50031.92055174906,0.0234913000022061,0.0208356000075582,0.0026556999946478,0.0500146999984281,ok,2.2946673854772945,2.2946673854772945
LGBM_V4,TSP-triangular_squeezed-n900-g10000-5,177764.38855950066,176361.70342350763,0.6252737999893725,0.6235878999868874,0.0016859000024851,6.622470000002068,ok,0.7953456497438564,0.7953456497438564
LGBM_V4,TSP-truncated_exponential-n40-g1000-5,5018.208096442833,4972.473432791208,0.028531899995869,0.0267523999791592,0.0017795000167097,0.1184644000022672,ok,0.9197568226312798,0.9197568226312798
LGBM_V4,TSP-truncated_exponential-n300-g10000-5,131065.03273578188,129011.95716128082,0.0594667000113986,0.0557509000063873,0.0037158000050112,3.0175835999980336,ok,1.5913839458574035,1.5913839458574035
LGBM_V4,TSP-truncated_exponential-n300-g10000-3,128538.33746127455,126251.91462453033,0.0926364000188186,0.0893967000010889,0.0032397000177297,1.8545982999930857,ok,1.8110005250565777,1.8110005250565777
LGBM_V4,TSP-truncated_exponential-n40-g10000-2,46222.92216544136,48317.251999958346,0.0318101000157184,0.028988100006245,0.0028220000094734,0.0707334999897284,ok,-4.334538385003327,4.334538385003327
LGBM_V4,TSP-truncated_exponential-n40-g10000-4,51440.71001642072,51267.989762218975,0.0322254000057,0.0298514000023715,0.0023740000033285,0.0985747999948216,ok,0.3368968726935158,0.3368968726935158
LGBM_V4,TSP-truncated_exponential-n40-g10000-3,50915.98771307572,52284.359907285136,0.0320358000171836,0.0304504999949131,0.0015853000222705,0.1877798999921651,ok,-2.6171730831857194,2.6171730831857194
LGBM_V4,TSP-truncated_exponential-n40-g10000-5,48406.28904305838,48900.98937349881,0.0354652999958489,0.0339792000013403,0.0014860999945085,0.1585470999998506,ok,-1.0116366494386793,1.0116366494386793
LGBM_V4,TSP-truncated_exponential-n400-g10000-2,142173.766610959,142183.93702034454,0.0558630999876186,0.0530634000024292,0.0027996999851893,4.294989900008659,ok,-0.007152994634053649,0.007152994634053649
LGBM_V4,TSP-truncated_exponential-n400-g1000-5,14452.562605821242,14166.319232106354,0.0617276000266429,0.0589422000048216,0.0027854000218212,2.4753442000073846,ok,2.020591016092236,2.020591016092236
LGBM_V4,TSP-truncated_exponential-n5-g1000-1,1964.3375431858472,2025.0412931530568,0.0106862000247929,0.0087502000096719,0.0019360000151209,0.3260444000043208,ok,-2.9976549205419856,2.9976549205419856
LGBM_V4,TSP-truncated_exponential-n400-g1000-2,14515.407772087616,14408.93782426738,0.0760896999854594,0.0748015999852214,0.001288100000238,6.994770799996331,ok,0.7389160055984205,0.7389160055984205
LGBM_V4,TSP-truncated_exponential-n5-g1000-2,2172.970127172245,2140.725677756397,0.0095738999953027,0.0074244999850634,0.0021494000102393,0.2812763999972958,ok,1.5062392043450468,1.5062392043450468
LGBM_V4,TSP-truncated_exponential-n5-g1000-3,1536.7952203461343,1579.980349379869,0.0165407000167761,0.0120106000103987,0.0045301000063773,0.037820700003067,ok,-2.7332700087494484,2.7332700087494484
LGBM_V4,TSP-truncated_exponential-n5-g1000-5,2116.1044518480985,2110.575002156166,0.0132817999692633,0.0106920999824069,0.0025896999868564,0.0670215999998617,ok,0.26198783204972204,0.26198783204972204
LGBM_V4,TSP-truncated_exponential-n5-g1000-4,1894.4024195963805,1879.4383061849148,0.023266699980013,0.018742199987173,0.0045244999928399,0.0417039000021759,ok,0.796201363046675,0.796201363046675
LGBM_V4,TSP-truncated_exponential-n400-g1000-1,14468.812139965768,14313.499895915713,0.1124545999919064,0.1110345000051893,0.0014200999867171,2.5511390999890864,ok,1.0850752449047991,1.0850752449047991
LGBM_V4,TSP-truncated_exponential-n400-g1000-3,14556.40554413704,14652.771962227933,0.1053161000018008,0.1029496999981347,0.002366400003666,20.977293899995857,ok,-0.6576668110259755,0.6576668110259755
LGBM_V4,TSP-truncated_exponential-n400-g1000-4,14736.375999440112,14615.210472100487,0.1092806999804452,0.1055294999969191,0.003751199983526,4.9380506000015885,ok,0.8290371703570185,0.8290371703570185
LGBM_V4,TSP-truncated_exponential-n400-g10000-4,144297.13294668452,143921.288689634,0.0972187000152189,0.0941754000086803,0.0030433000065386,7.679979199994705,ok,0.2611457001757547,0.2611457001757547
LGBM_V4,TSP-truncated_exponential-n400-g10000-1,149161.58267952217,147960.39923511204,0.112847199983662,0.1093024999718181,0.0035447000118438,5.330449400004,ok,0.8118276583597355,0.8118276583597355
LGBM_V4,TSP-truncated_exponential-n5-g10000-2,13380.327080123605,13404.390198589848,0.0190306999720633,0.0161805999814532,0.00285009999061,0.0425889999896753,ok,-0.1795166964684067,0.1795166964684067
LGBM_V4,TSP-truncated_exponential-n5-g10000-3,19335.06321546126,19658.801278158186,0.0209449999965727,0.0161470999883022,0.0047979000082705,0.0580664000008255,ok,-1.646784349240113,1.646784349240113
LGBM_V4,TSP-truncated_exponential-n5-g10000-1,22321.456508200565,21554.9624803907,0.0247511000197846,0.0235042000131215,0.001246900006663,0.0552079000044614,ok,3.5559979680186036,3.5559979680186036
LGBM_V4,TSP-truncated_exponential-n5-g10000-4,25951.58220501486,25988.78323366823,0.0214082999737001,0.0167015999904833,0.0047066999832168,0.0564053999987663,ok,-0.14314263318482717,0.14314263318482717
LGBM_V4,TSP-truncated_exponential-n5-g10000-5,17283.877397195145,18462.66149717073,0.0154756999982055,0.0140148999926168,0.0014608000055886,0.0466561000066576,ok,-6.384692153708317,6.384692153708317
LGBM_V4,TSP-truncated_exponential-n400-g10000-3,145489.6437440207,146414.77861535968,0.1169766000239178,0.1117483000271022,0.0052282999968156,7.362202599993907,ok,-0.6318589421696106,0.6318589421696106
LGBM_V4,TSP-truncated_exponential-n400-g10000-5,146211.7855426231,145115.44306051105,0.1037790999980643,0.1008065000060014,0.0029725999920628,4.465624500007834,ok,0.7554967679455714,0.7554967679455714
LGBM_V4,TSP-truncated_exponential-n50-g1000-1,5844.314022919418,5762.002120235148,0.040894899982959,0.0384695999964606,0.0024252999864984,0.1149455999984638,ok,1.4285295452288114,1.4285295452288114
LGBM_V4,TSP-truncated_exponential-n50-g1000-4,6179.177027382275,6004.893716705784,0.0339088999899104,0.0293341999931726,0.0045746999967377,0.1023159000033047,ok,2.90235462772022,2.90235462772022
LGBM_V4,TSP-truncated_exponential-n50-g1000-5,5837.359549524805,5920.160143201442,0.0283161000115796,0.0260860999987926,0.002230000012787,0.0487149999971734,ok,-1.3986208425750724,1.3986208425750724
LGBM_V4,TSP-truncated_exponential-n50-g1000-2,5867.606361714874,5835.554474946895,0.0427227999898605,0.0408944000082556,0.0018283999816048,0.2655450000020209,ok,0.5492517789968897,0.5492517789968897
LGBM_V4,TSP-truncated_exponential-n50-g1000-3,6055.753070132094,5858.090950817659,0.0397818000055849,0.0368008000077679,0.0029809999978169,0.1085212999896612,ok,3.3741729340485134,3.3741729340485134
LGBM_V4,TSP-truncated_exponential-n50-g10000-1,60849.882808187554,58662.30797542944,0.0365165999974124,0.0333459000103175,0.0031706999870948,0.1406474999967031,ok,3.7290977942333554,3.7290977942333554
LGBM_V4,TSP-truncated_exponential-n50-g10000-2,57431.32605919345,55933.17986088497,0.0355608999961987,0.0319413999968674,0.0036194999993313,0.0488830000103917,ok,2.678457048275491,2.678457048275491
LGBM_V4,TSP-truncated_exponential-n50-g10000-3,54615.36194144323,55597.010950594384,0.0345987000036984,0.0331415999971795,0.0014571000065188,0.122380200002226,ok,-1.7656506930264326,1.7656506930264326
LGBM_V4,TSP-truncated_exponential-n50-g10000-5,56039.00046678029,57599.19737506672,0.0360952999908477,0.034789900004398,0.0013053999864496,0.0898413000104483,ok,-2.708712932451025,2.708712932451025
LGBM_V4,TSP-truncated_exponential-n50-g10000-4,59251.4281355446,58884.817201015096,0.0381861999921966,0.0358270000142511,0.0023591999779455,0.1626393000042298,ok,0.6225899169865888,0.6225899169865888
LGBM_V4,TSP-truncated_exponential-n500-g1000-2,16483.790681613027,16372.943143677549,0.0620952999743167,0.0602316999866161,0.0018635999877005,4.687598399992567,ok,0.6770165691211275,0.6770165691211275
LGBM_V4,TSP-truncated_exponential-n500-g10000-1,166639.14798421215,164218.71305661605,0.0692171000409871,0.0649903000157792,0.0042268000252079,1.9781532000051807,ok,1.4739093264977847,1.4739093264977847
LGBM_V4,TSP-truncated_exponential-n500-g1000-3,16750.793845208143,16424.99209125645,0.0749278999865055,0.072882300009951,0.0020455999765545,3.1635340999928303,ok,1.9835732774880892,1.9835732774880892
LGBM_V4,TSP-truncated_exponential-n60-g1000-2,5782.158264601425,5857.203317608985,0.0229973000241443,0.0208321000100113,0.002165200014133,0.4917338999948697,ok,-1.2812437769053777,1.2812437769053777
LGBM_V4,TSP-truncated_exponential-n60-g1000-1,5519.258964926501,5558.831798589156,0.0333505000162404,0.026395599998068,0.0069549000181723,0.2490895000082673,ok,-0.7118911867903425,0.7118911867903425
LGBM_V4,TSP-truncated_exponential-n500-g1000-1,16540.173667772728,16433.99929222285,0.1061682000290602,0.1040754000132437,0.0020928000158164,3.767419299998437,ok,0.64606535306427,0.64606535306427
LGBM_V4,TSP-truncated_exponential-n500-g10000-4,166532.1112904553,164615.8703315639,0.0937338000221643,0.0927190000074915,0.0010148000146728,3.232200999991619,ok,1.1640681758276232,1.1640681758276232
LGBM_V4,TSP-truncated_exponential-n500-g10000-3,162904.12528023965,161996.2411445644,0.1055648000037763,0.1028181000147014,0.0027466999890748,8.379511799998,ok,0.5604353096471222,0.5604353096471222
LGBM_V4,TSP-truncated_exponential-n500-g10000-2,163617.30960651976,161898.1817272282,0.1071373999875504,0.1062503999855835,0.0008870000019669,4.216196299996227,ok,1.0618574346857192,1.0618574346857192
LGBM_V4,TSP-truncated_exponential-n500-g10000-5,163530.66329298972,163034.25596238548,0.1075703999958932,0.1063420000136829,0.0012283999822102,2.6203447000007145,ok,0.3044803852257711,0.3044803852257711
LGBM_V4,TSP-truncated_exponential-n60-g1000-3,6060.279223741804,5852.756514270548,0.0435800999985076,0.0412219999998342,0.0023580999986734,0.1410851999971782,ok,3.5457260004796343,3.5457260004796343
LGBM_V4,TSP-truncated_exponential-n500-g1000-5,16470.327598062315,16173.987472197756,0.1258034999773372,0.1231913999945391,0.002612099982798,6.054392300007748,ok,1.8322020242315156,1.8322020242315156
LGBM_V4,TSP-truncated_exponential-n500-g1000-4,16344.502469928231,16149.818181811012,0.1286007000308018,0.1255409000150393,0.0030598000157624,2.5999366999894846,ok,1.2054890397248308,1.2054890397248308
LGBM_V4,TSP-truncated_exponential-n60-g1000-5,6181.102352590456,6218.316066104506,0.0281088999763596,0.0247435999917797,0.0033652999845799,0.1619121999974595,ok,-0.598453232650859,0.598453232650859
LGBM_V4,TSP-truncated_exponential-n60-g10000-1,61764.36614168948,61883.05713713552,0.0341147999861277,0.0323312999971676,0.0017834999889601,0.1683364000055007,ok,-0.19179885567548946,0.19179885567548946
LGBM_V4,TSP-truncated_exponential-n60-g10000-2,60077.81006292013,61997.70797452447,0.0346994999854359,0.0334485999774187,0.0012509000080171,0.3783824999991338,ok,-3.096724015012374,3.096724015012374
LGBM_V4,TSP-truncated_exponential-n60-g1000-4,6429.932100970361,6210.859979404583,0.0363317999872379,0.0344451999990269,0.0018865999882109,0.1427469000045675,ok,3.5272429630071858,3.5272429630071858
LGBM_V4,TSP-truncated_exponential-n60-g10000-3,60440.58467512269,61071.76399827832,0.0277697999845258,0.0261485999799333,0.0016212000045925,0.2587910000002011,ok,-1.0335043264403219,1.0335043264403219
LGBM_V4,TSP-truncated_exponential-n60-g10000-4,61764.53199440392,62800.34229273832,0.0373879999970085,0.0336806999985128,0.0037072999984957,0.1359958000102779,ok,-1.6493704660176218,1.6493704660176218
LGBM_V4,TSP-truncated_exponential-n60-g10000-5,58385.28993548598,57146.31936678606,0.0353690999909304,0.0329874999879393,0.002381600002991,0.1644300000043586,ok,2.1680671343813884,2.1680671343813884
LGBM_V4,TSP-truncated_exponential-n1000-g1000-3,22863.23607046378,22638.623984637663,0.8554905999917537,0.8526427999895532,0.0028478000022005,20.387984699991648,ok,0.9921631543442568,0.9921631543442568
LGBM_V4,TSP-truncated_exponential-n1000-g1000-5,22854.050834641377,22781.467691128146,0.8492324000108056,0.8472087999980431,0.0020236000127624,14.08266439998988,ok,0.3186060902542184,0.3186060902542184
LGBM_V4,TSP-truncated_exponential-n1000-g10000-2,227071.40287778963,226263.10290666547,0.8449025999871083,0.8423930999997538,0.0025094999873545,295.771974400006,ok,0.35723896682243617,0.35723896682243617
LGBM_V4,TSP-truncated_exponential-n1000-g1000-4,22844.05497005849,22775.514480492413,0.8627133999834768,0.8611124999879394,0.0016008999955374,8.309754600006272,ok,0.30093936900868634,0.30093936900868634
LGBM_V4,TSP-truncated_exponential-n70-g1000-1,6657.090469649999,6468.3612909040985,0.0170332999841775,0.0146606999915093,0.0023725999926682,0.2116592000093078,ok,2.9177278488029788,2.9177278488029788
LGBM_V4,TSP-truncated_exponential-n70-g1000-2,6688.0573804809255,6615.49092418548,0.0191444999945815,0.0169562999799381,0.0021882000146433,0.1551443999924231,ok,1.0969171770782813,1.0969171770782813
LGBM_V4,TSP-truncated_exponential-n70-g1000-3,6595.473212279333,6328.867499966755,0.0172054999857209,0.0159109999949578,0.0012944999907631,0.0581559999991441,ok,4.212534269582652,4.212534269582652
LGBM_V4,TSP-truncated_exponential-n70-g1000-4,6025.375066920871,6209.707193409907,0.0218753999797627,0.0177550999796949,0.0041203000000678,0.1248595999932149,ok,-2.968451180510721,2.968451180510721
LGBM_V4,TSP-truncated_exponential-n1000-g1000-1,22883.67459330785,22642.56152723231,0.8996372999972664,0.8969210000068415,0.0027162999904248,825.8203237999987,ok,1.0648665601970562,1.0648665601970562
LGBM_V4,TSP-truncated_exponential-n70-g1000-5,6886.506332328758,6775.462226650824,0.0168432999926153,0.0148716999974567,0.0019715999951586,0.1869637000054353,ok,1.638915574514594,1.638915574514594
LGBM_V4,TSP-truncated_exponential-n70-g10000-1,62883.8495170325,63143.25847850878,0.018645700009074,0.0162153000128455,0.0024303999962285,0.1963726000103633,ok,-0.41082606081309014,0.41082606081309014
LGBM_V4,TSP-truncated_exponential-n70-g10000-2,65153.69471327434,65590.21744608898,0.020156999991741,0.0184687000000849,0.001688299991656,0.2971544000029098,ok,-0.6655302418740068,0.6655302418740068
LGBM_V4,TSP-truncated_exponential-n70-g10000-3,64697.06482293205,63671.02188151587,0.0185379000031389,0.0161381000070832,0.0023997999960556,0.190605299998424,ok,1.6114755364308742,1.6114755364308742
LGBM_V4,TSP-truncated_exponential-n70-g10000-5,68598.0458585348,67254.70130648308,0.0198934999934863,0.0165260999929159,0.0033674000005703,0.1323019999981625,ok,1.997398733406046,1.997398733406046
LGBM_V4,TSP-truncated_exponential-n70-g10000-4,65672.72210469554,66937.09367924428,0.0238781000080052,0.0206663999997545,0.0032117000082507,0.7296187999891117,ok,-1.888895237381357,1.888895237381357
LGBM_V4,TSP-truncated_exponential-n1000-g10000-4,229869.8149026711,227069.5432489474,0.9188728999870364,0.9174106999998912,0.0014621999871451,88.68491149999318,ok,1.2332220401102516,1.2332220401102516
LGBM_V4,TSP-truncated_exponential-n1000-g1000-2,22534.615404740525,22323.841526878958,0.9755353999789804,0.9742880999983754,0.001247299980605,11.513538100000003,ok,0.9441649082116351,0.9441649082116351
LGBM_V4,TSP-truncated_exponential-n1000-g10000-1,228670.19607471823,228072.00134846388,0.9724261999945156,0.97008719999576,0.0023389999987557,176.77465229999507,ok,0.26228328015607316,0.26228328015607316
LGBM_V4,TSP-truncated_exponential-n1000-g10000-3,226882.6895647913,225542.7493149687,0.9573503999854438,0.9561462999845388,0.0012041000009048,271.41332669999974,ok,0.5940959103727963,0.5940959103727963
LGBM_V4,TSP-truncated_exponential-n1000-g10000-5,227430.82556445853,227526.2457293528,0.9266132999910042,0.9251605999888852,0.0014527000021189,9.330240900017088,ok,-0.041938091400579684,0.041938091400579684
LGBM_V4,TSP-truncated_exponential-n600-g1000-4,17818.960255024886,17696.522043963276,0.3038123000005726,0.3020538999990094,0.0017584000015631,3.677389000004041,ok,0.6918772556406161,0.6918772556406161
LGBM_V4,TSP-truncated_exponential-n600-g10000-2,174084.18172139022,174061.72061308887,0.2990074000263121,0.2973195000085979,0.0016879000177141,10.772619800001848,ok,0.012904105636923,0.012904105636923
LGBM_V4,TSP-truncated_exponential-n600-g1000-1,17673.07792082413,17412.64670102803,0.3209103000117466,0.3190151000162586,0.0018951999954879,10.212175900000148,ok,1.4956440813832461,1.4956440813832461
LGBM_V4,TSP-truncated_exponential-n8-g1000-2,2945.314193866011,2979.898834167828,0.0105967000126838,0.0070048000197857,0.0035918999928981,0.0544452000031014,ok,-1.160597799672464,1.160597799672464
LGBM_V4,TSP-truncated_exponential-n8-g1000-3,2452.8224167014373,2491.928937240413,0.0104572999989613,0.0094047999882604,0.0010525000107008,0.2041681999980937,ok,-1.5693272771366598,1.5693272771366598
LGBM_V4,TSP-truncated_exponential-n8-g1000-1,2322.9094701748063,2416.9631626061678,0.012721600010991,0.009908500011079,0.002813099999912,0.0814544000022579,ok,-3.891399500269796,3.891399500269796
LGBM_V4,TSP-truncated_exponential-n8-g1000-4,2610.243022921389,2563.759634524379,0.0089937000011559,0.0048508000036235,0.0041428999975323,0.0467343000054825,ok,1.8130946353570099,1.8130946353570099
LGBM_V4,TSP-truncated_exponential-n8-g10000-1,24321.168011691807,24455.19900827149,0.0100921000121161,0.0081405000237282,0.0019515999883878,0.1186230000021169,ok,-0.5480674949091634,0.5480674949091634
LGBM_V4,TSP-truncated_exponential-n8-g1000-5,3170.1812401523503,3197.4193499335133,0.012195299990708,0.0104072999965865,0.0017879999941214,0.0423475999996298,ok,-0.851877930298053,0.851877930298053
LGBM_V4,TSP-truncated_exponential-n8-g10000-2,18443.58567748487,17211.470919584095,0.0098401000141166,0.0058106000069528,0.0040295000071637,0.1188450000045122,ok,7.158683668917631,7.158683668917631
LGBM_V4,TSP-truncated_exponential-n8-g10000-3,24466.73219496168,23939.919925894024,0.00893879996147,0.0079314999748021,0.0010072999866679,0.2171426999993855,ok,2.200559862766474,2.200559862766474
LGBM_V4,TSP-truncated_exponential-n8-g10000-4,25026.02353030729,25096.96370655613,0.0104571999981999,0.0089775000233203,0.0014796999748796,0.1745104000001447,ok,-0.2826643775649481,0.2826643775649481
LGBM_V4,TSP-truncated_exponential-n8-g10000-5,28644.881038607764,28058.06343806114,0.0088617999863345,0.0072588000039104,0.001602999982424,0.2736267000000225,ok,2.0914401374921585,2.0914401374921585
LGBM_V4,TSP-truncated_exponential-n80-g1000-1,6455.91592624333,6539.158798272858,0.0180509999627247,0.0155771999852731,0.0024737999774515,0.2581610000052023,ok,-1.2729905267251471,1.2729905267251471
LGBM_V4,TSP-truncated_exponential-n80-g1000-2,7024.636429685528,7209.5799990027745,0.0172155999753158,0.0156974999990779,0.0015180999762378,0.5846137999906205,ok,-2.5652474810297914,2.5652474810297914
LGBM_V4,TSP-truncated_exponential-n600-g10000-1,178089.8376283135,177080.71647823235,0.3726022999908309,0.3705619999964256,0.0020402999944053,3.631520900002215,ok,0.5698650706584302,0.5698650706584302
LGBM_V4,TSP-truncated_exponential-n80-g1000-3,6878.974095637639,6914.787935446084,0.0188561000104527,0.0177007000020239,0.0011554000084288,0.5491981999948621,ok,-0.5179311374808538,0.5179311374808538
LGBM_V4,TSP-truncated_exponential-n80-g1000-4,6708.664606026234,6696.925835573056,0.0136664999881759,0.0107047999917995,0.0029616999963764,0.3326336000027368,ok,0.17528595569661115,0.17528595569661115
LGBM_V4,TSP-truncated_exponential-n600-g1000-3,18159.20864770261,17871.103851581356,0.3874088999873493,0.3845963999920059,0.0028124999953433,2.7886001000006218,ok,1.612126472510874,1.612126472510874
LGBM_V4,TSP-truncated_exponential-n600-g10000-3,174390.13412006883,174918.69858117815,0.3780061000143178,0.3769229000026826,0.0010832000116351,2.501640800008317,ok,-0.30217722027243066,0.30217722027243066
LGBM_V4,TSP-truncated_exponential-n80-g1000-5,7047.870928565927,7107.855367889552,0.0297092000255361,0.0265245000191498,0.0031847000063862,0.3188552999927196,ok,-0.8439175562661424,0.8439175562661424
LGBM_V4,TSP-truncated_exponential-n80-g10000-2,68031.70894738418,66111.36047156033,0.0255564999824855,0.0222959999809972,0.0032605000014882,0.1041856000083498,ok,2.9047178308332353,2.9047178308332353
LGBM_V4,TSP-truncated_exponential-n600-g1000-5,17875.790020208162,17777.118304767577,0.4068540000007488,0.4039644000004045,0.0028896000003442,4.5571600000112085,ok,0.5550489890935963,0.5550489890935963
LGBM_V4,TSP-truncated_exponential-n600-g1000-2,18048.871038381105,18042.096516231508,0.4131635999656282,0.4108653999865055,0.0022981999791227,13.377880700005337,ok,0.03754841984966857,0.03754841984966857
LGBM_V4,TSP-truncated_exponential-n600-g10000-4,180206.6296348005,179852.3491723893,0.3890474000072572,0.3880877000046894,0.0009597000025678,11.560473900011855,ok,0.1969840616714012,0.1969840616714012
LGBM_V4,TSP-truncated_exponential-n80-g10000-3,64460.21269921372,64163.14524959961,0.0247877000074367,0.0226786999846808,0.0021090000227559,0.1285533000045688,ok,0.4629876675441827,0.4629876675441827
LGBM_V4,TSP-truncated_exponential-n80-g10000-1,69830.4633478134,69203.11232984261,0.0390390999964438,0.0377617999911308,0.001277300005313,0.3808035999973072,ok,0.9065358433312277,0.9065358433312277
LGBM_V4,TSP-truncated_exponential-n80-g10000-4,61433.648466429775,61975.75486749035,0.0290284000220708,0.0274264000181574,0.0016020000039134,0.1255434000049717,ok,-0.8747072177170707,0.8747072177170707
LGBM_V4,TSP-truncated_exponential-n600-g10000-5,175250.7581147092,173680.35919420095,0.3980455000128131,0.3961143000051379,0.0019312000076752,10.416173200006597,ok,0.9041891252379914,0.9041891252379914
LGBM_V4,TSP-truncated_exponential-n80-g10000-5,71336.21064827473,72209.42391202218,0.0346949999802745,0.0317543999990448,0.0029405999812297,0.7919456999952672,ok,-1.2092788121552382,1.2092788121552382
LGBM_V4,TSP-truncated_exponential-n700-g1000-1,19666.7643489278,19447.98236880785,0.3719989999663085,0.3700207999791018,0.0019781999872066,5.695682100005797,ok,1.1249597823106334,1.1249597823106334
LGBM_V4,TSP-truncated_exponential-n700-g1000-2,19186.096628605297,19214.29968384044,0.3645490999915637,0.3625291000062134,0.0020199999853502,7.5607866999926046,ok,-0.14678159339245545,0.14678159339245545
LGBM_V4,TSP-truncated_exponential-n90-g1000-1,7122.153467805045,6979.392046003338,0.0123756999964825,0.0108739999996032,0.0015016999968793,0.2126011000073049,ok,2.0454707352835633,2.0454707352835633
LGBM_V4,TSP-truncated_exponential-n90-g1000-2,7268.867800307191,7037.087910333559,0.0137596000276971,0.0124158000107854,0.0013438000169117,0.1956643000012263,ok,3.2936904146568393,3.2936904146568393
LGBM_V4,TSP-truncated_exponential-n700-g1000-4,19238.60499158825,19001.47502034567,0.377020599989919,0.374171400006162,0.0028491999837569,6.533752999996068,ok,1.2479555981242192,1.2479555981242192
LGBM_V4,TSP-truncated_exponential-n90-g1000-3,7022.076614518392,7040.405137276171,0.0172940999909769,0.0146736999740824,0.0026204000168945,1.6510513999965042,ok,-0.26033335298756544,0.26033335298756544
LGBM_V4,TSP-truncated_exponential-n90-g1000-4,6941.910475904973,6927.925758698368,0.0161193000094499,0.0142742000170983,0.0018450999923516,0.5220962999883341,ok,0.20186009050468107,0.20186009050468107
LGBM_V4,TSP-truncated_exponential-n700-g1000-3,19028.483862850127,19030.409616854085,0.3940209999855142,0.3925693999917712,0.001451599993743,11.388898500008509,ok,-0.010119351305252341,0.010119351305252341
LGBM_V4,TSP-truncated_exponential-n90-g1000-5,7078.9622112719,6852.758146953771,0.0181006999919191,0.0170393000007607,0.0010613999911583,0.3133582999871578,ok,3.3009200013673703,3.3009200013673703
LGBM_V4,TSP-truncated_exponential-n700-g1000-5,19047.54807868136,18856.89101111384,0.3952273000031709,0.3911742999916896,0.0040530000114813,3.863698000001023,ok,1.011073710163314,1.011073710163314
LGBM_V4,TSP-truncated_exponential-n90-g10000-1,72764.18392223393,73304.39527747517,0.0206352999957744,0.0178496000007726,0.0027856999950017,0.2502978999982588,ok,-0.7369426528878671,0.7369426528878671
LGBM_V4,TSP-truncated_exponential-n90-g10000-2,67151.2143812005,65676.8147465416,0.0261835000128485,0.0238686999946367,0.0023148000182118,0.251224200008437,ok,2.2449317013147874,2.2449317013147874
LGBM_V4,TSP-truncated_exponential-n90-g10000-3,73883.14390710313,74852.85040072934,0.0312575999996624,0.0285225000116042,0.0027350999880582,0.3857248999993317,ok,-1.2954837236455523,1.2954837236455523
LGBM_V4,TSP-truncated_exponential-n90-g10000-4,73706.32785410571,73221.6245713919,0.0253381999791599,0.0230507999949622,0.0022873999841976,0.6640833999990718,ok,0.6619673976793722,0.6619673976793722
LGBM_V4,TSP-truncated_exponential-n90-g10000-5,68256.02267827999,69713.69705996766,0.0277225000027101,0.0238837999932002,0.0038387000095099,0.3143764000124065,ok,-2.0909440227130394,2.0909440227130394
LGBM_V4,TSP-truncated_exponential-n700-g10000-1,189607.4006028696,187864.7028964928,0.4461458000296261,0.4448066000186372,0.0013392000109888,444.8880859999917,ok,0.9276344515536706,0.9276344515536706
LGBM_V4,TSP-truncated_exponential-n700-g10000-2,189393.4357313628,188066.7989589733,0.449225699994713,0.4463699999905657,0.0028557000041473,17.016480899997987,ok,0.705407216868156,0.705407216868156
LGBM_V4,TSP-truncated_exponential-n700-g10000-4,191810.25132272617,190914.85550185663,0.4486341000301763,0.4468659000121988,0.0017682000179775,28.06956679999712,ok,0.4690026967863864,0.4690026967863864
LGBM_V4,TSP-truncated_exponential-n700-g10000-3,189141.0470793908,186853.6833313777,0.4574127999949269,0.4550925999938044,0.0023202000011224,4.971037100011017,ok,1.2241469941786216,1.2241469941786216
LGBM_V4,TSP-truncated_exponential-n700-g10000-5,190739.46053419044,189872.7985557984,0.4548425000102725,0.4532603000116069,0.0015821999986656,5.156797800009372,ok,0.45644346372098094,0.45644346372098094
LGBM_V4,TSP-truncated_exponential-n800-g10000-1,208931.6794426005,207067.08470051427,0.3569946000352502,0.3551567000104114,0.0018379000248387,7.033711900003254,ok,0.900478579095768,0.900478579095768
LGBM_V4,TSP-truncated_exponential-n800-g1000-2,20357.26301281625,20195.640205052143,0.3751979000226129,0.3730137000093236,0.0021842000132892,6.017228900003829,ok,0.8002856365190874,0.8002856365190874
LGBM_V4,TSP-uniform_triangular-n10-g1000-1,2569.035848875645,2669.624514151462,0.0088186000066343,0.0072964999999385,0.0015221000066958,0.0391270999971311,ok,-3.7678956251189804,3.7678956251189804
LGBM_V4,TSP-truncated_exponential-n800-g1000-1,20588.49866686135,20366.350956791,0.386291800008621,0.3823619000031613,0.0039299000054597,2.9449210000020685,ok,1.0907585288187096,1.0907585288187096
LGBM_V4,TSP-uniform_triangular-n10-g1000-2,2303.0250100775897,2466.7344262697834,0.008632100012619,0.0068366000195965,0.0017954999930225,0.0737809999991441,ok,-6.636685913519941,6.636685913519941
LGBM_V4,TSP-uniform_triangular-n10-g1000-3,3020.826942825492,2780.08378832719,0.0113970000238623,0.0100242000189609,0.0013728000049013,0.0370103999885031,ok,8.659564704816324,8.659564704816324
LGBM_V4,TSP-uniform_triangular-n10-g1000-4,2591.625735150878,2597.704007659726,0.009122900024522,0.0069611000071745,0.0021618000173475,0.0483437000075355,ok,-0.23398633912582875,0.23398633912582875
LGBM_V4,TSP-uniform_triangular-n10-g1000-5,2659.1884193639166,2598.7152377610764,0.0101476999989245,0.0086756000237073,0.0014720999752171,0.0439358000003267,ok,2.3270414828113637,2.3270414828113637
LGBM_V4,TSP-uniform_triangular-n10-g10000-1,27222.067570462244,27793.34888369312,0.010117400001036,0.0086588000121992,0.0014585999888367,0.0381158999953186,ok,-2.0554605190670565,2.0554605190670565
LGBM_V4,TSP-uniform_triangular-n10-g10000-2,21958.081003459545,21960.668849592323,0.0101947000075597,0.0084766999934799,0.0017180000140797,0.0374096000014105,ok,-0.011784004169005656,0.011784004169005656
LGBM_V4,TSP-uniform_triangular-n10-g10000-3,23138.9413254024,24213.759764055525,0.0122869999904651,0.0105223999998997,0.0017645999905653,0.0405866999935824,ok,-4.438874628006572,4.438874628006572
LGBM_V4,TSP-uniform_triangular-n10-g10000-4,25670.30918332924,25658.49276688112,0.0090418000181671,0.0076694000163115,0.0013724000018555,0.1019213999970816,ok,0.046052652256210934,0.046052652256210934
LGBM_V4,TSP-uniform_triangular-n10-g10000-5,19234.102088901,19646.54270745029,0.0131877999810967,0.0107717999781016,0.0024160000029951,0.0516382999921916,ok,-2.0993038046988666,2.0993038046988666
LGBM_V4,TSP-uniform_triangular-n100-g1000-1,7190.523285399677,7099.426039270927,0.0182658999983686,0.0168826000008266,0.001383299997542,0.3819709999952465,ok,1.283163534979306,1.283163534979306
LGBM_V4,TSP-uniform_triangular-n100-g1000-2,7531.283542878808,7566.949442394138,0.0195919999969191,0.0181508999958168,0.0014411000011023,0.4513818000123137,ok,-0.47133788572063934,0.47133788572063934
LGBM_V4,TSP-truncated_exponential-n800-g1000-3,20392.46570304368,20221.771115990632,0.4396528000361286,0.4377931000199169,0.0018597000162117,7.805563199988683,ok,0.8441129418088812,0.8441129418088812
LGBM_V4,TSP-uniform_triangular-n100-g1000-3,7431.765589864106,7524.543596062073,0.0231501000234857,0.0205040000146254,0.0026461000088602,0.2793161000008695,ok,-1.2330050987613692,1.2330050987613692
LGBM_V4,TSP-uniform_triangular-n100-g1000-4,6682.889539917628,6855.661594015384,0.0235070000344421,0.0203707000182475,0.0031363000161945,0.7597837000066647,ok,-2.5201368493534844,2.5201368493534844
LGBM_V4,TSP-truncated_exponential-n800-g10000-2,203917.9771752341,202340.0392207874,0.4514457999903243,0.4497647999960463,0.0016809999942779,5.219515300006606,ok,0.7798446419815509,0.7798446419815509
LGBM_V4,TSP-truncated_exponential-n800-g1000-4,20498.114322392965,20289.87294448728,0.4588692999968771,0.4576081999985035,0.0012610999983735,57.34619060000114,ok,1.0263316013630484,1.0263316013630484
LGBM_V4,TSP-uniform_triangular-n100-g1000-5,7114.097409859355,7072.959791619307,0.0273163000238128,0.0253518000245094,0.0019644999993033,2.351743100007297,ok,0.5816181549454271,0.5816181549454271
LGBM_V4,TSP-truncated_exponential-n800-g1000-5,20722.61815477213,20591.78214983212,0.4682528000266757,0.4653242000204045,0.0029286000062711,275.7566603999876,ok,0.6353797062731524,0.6353797062731524
LGBM_V4,TSP-uniform_triangular-n100-g10000-1,73418.53604158133,72459.49844720236,0.0312161000329069,0.0302130000200122,0.0010031000128947,0.1915678000077605,ok,1.3235498656918976,1.3235498656918976
LGBM_V4,TSP-uniform_triangular-n100-g10000-2,74941.54572309657,73996.80841459257,0.0301420999749097,0.0281024999858345,0.0020395999890752,0.3820981000026222,ok,1.2767271031620526,1.2767271031620526
LGBM_V4,TSP-truncated_exponential-n800-g10000-4,205996.4438970119,204194.54589257343,0.4765501999936532,0.4731520999921486,0.0033981000015046,5.689506599999731,ok,0.8824417893054025,0.8824417893054025
LGBM_V4,TSP-uniform_triangular-n100-g10000-3,73648.69097323708,75202.1102314742,0.0337994000292383,0.032367100007832,0.0014323000214062,0.4982679000095231,ok,-2.065659133042477,2.065659133042477
LGBM_V4,TSP-truncated_exponential-n800-g10000-5,204329.78621919395,201962.6566343971,0.4766350000281818,0.4752960000187158,0.0013390000094659,7.663514800005942,ok,1.1720630062229471,1.1720630062229471
LGBM_V4,TSP-truncated_exponential-n800-g10000-3,202903.14987782412,202888.6746161252,0.4849850999889895,0.4840343999967444,0.000950699992245,4.032514699996682,ok,0.007134583399640909,0.007134583399640909
LGBM_V4,TSP-uniform_triangular-n100-g10000-5,67092.32947833743,65987.79755034955,0.0419243000214919,0.0404740000085439,0.0014503000129479,0.3678485999989789,ok,1.6738426936360509,1.6738426936360509
LGBM_V4,TSP-uniform_triangular-n100-g10000-4,74298.22124884631,73228.455419182,0.0497762999730184,0.0481029999791644,0.001673299993854,0.7512664999958361,ok,1.4608608409676813,1.4608608409676813
LGBM_V4,TSP-truncated_exponential-n900-g1000-1,21420.952974137253,21368.01117779245,0.4455144999956246,0.4438204999896697,0.0016940000059548,18.191402099997504,ok,0.247761927417115,0.247761927417115
LGBM_V4,TSP-uniform_triangular-n20-g1000-1,3149.385230773251,3119.208685326897,0.0080119000049307,0.005790800001705,0.0022211000032257,0.0655257999897003,ok,0.9674423384465328,0.9674423384465328
LGBM_V4,TSP-truncated_exponential-n900-g1000-4,21997.75067109617,21779.95391032777,0.4368876999942586,0.4350226999958977,0.0018649999983608,505.8864300000132,ok,0.9999872436145241,0.9999872436145241
LGBM_V4,TSP-truncated_exponential-n900-g1000-2,21731.94866485033,21414.4280007089,0.4570319000049494,0.4545274999982212,0.0025044000067282,107.81922990000749,ok,1.482741748371325,1.482741748371325
LGBM_V4,TSP-truncated_exponential-n900-g1000-3,21824.693129703537,21782.39760346725,0.4512194999842904,0.4477644999860786,0.0034549999982118,10.076480599993374,ok,0.19417296023260527,0.19417296023260527
LGBM_V4,TSP-uniform_triangular-n20-g1000-2,3157.6948320613,3076.613419755789,0.012974800018128,0.0109034999914001,0.0020713000267278,0.0541516999946907,ok,2.635411123960678,2.635411123960678
LGBM_V4,TSP-uniform_triangular-n20-g1000-3,3087.46813334693,3113.658087355123,0.0137248000246472,0.0116425000014714,0.0020823000231757,0.0418558999954257,ok,-0.8411313404818965,0.8411313404818965
LGBM_V4,TSP-uniform_triangular-n20-g1000-4,3739.306827048615,3820.848684898574,0.0155833000026177,0.0142502000089734,0.0013330999936442,0.1542404000065289,ok,-2.1341294716077837,2.1341294716077837
LGBM_V4,TSP-uniform_triangular-n20-g1000-5,3735.4004598267375,3801.918226868994,0.0157045999949332,0.0115415999898687,0.0041630000050645,0.1420730999961961,ok,-1.7495843695995628,1.7495843695995628
LGBM_V4,TSP-truncated_exponential-n900-g1000-5,21673.04856265984,21540.00350199729,0.4667619999672752,0.463826399995014,0.0029355999722611,21.06411059999664,ok,0.6176649908632211,0.6176649908632211
LGBM_V4,TSP-uniform_triangular-n20-g10000-1,32622.402603638013,31434.60328783622,0.0148641999985557,0.0133906000119168,0.0014735999866388,0.043070899992017,ok,3.7786362529391853,3.7786362529391853
LGBM_V4,TSP-uniform_triangular-n20-g10000-2,41541.702118878646,39055.05572147948,0.0143546999897807,0.0124949000019114,0.0018597999878693,0.1203907000017352,ok,6.367028164375549,6.367028164375549
LGBM_V4,TSP-uniform_triangular-n20-g10000-3,28284.66773772224,28957.29195114857,0.0134721000213176,0.0120945000089704,0.0013776000123471,0.0430040999926859,ok,-2.322814628388105,2.322814628388105
LGBM_V4,TSP-uniform_triangular-n20-g10000-4,33862.18811970895,34269.57809514677,0.0150479999720118,0.0130628999904729,0.0019850999815389,0.1012590999889653,ok,-1.1887802479118024,1.1887802479118024
LGBM_V4,TSP-uniform_triangular-n20-g10000-5,31225.274088220813,31335.989586408177,0.0136013999872375,0.0113440999994054,0.002257299987832,0.1411990000051446,ok,-0.3533173825006211,0.3533173825006211
LGBM_V4,TSP-uniform_triangular-n200-g1000-2,10063.320937479524,9944.7651868006,0.0273762999859172,0.0254659999918658,0.0019102999940514,1.4681482000014512,ok,1.1921422824168864,1.1921422824168864
LGBM_V4,TSP-uniform_triangular-n200-g1000-1,9596.430667460125,9518.616487158604,0.0327047000173479,0.0308266000065486,0.0018781000107992,0.9862868000054732,ok,0.8174946475309544,0.8174946475309544
LGBM_V4,TSP-uniform_triangular-n200-g1000-3,10042.857530302485,9952.785159047198,0.0319595999608282,0.0306820999830961,0.001277499977732,1.410049700003583,ok,0.9049966397939317,0.9049966397939317
LGBM_V4,TSP-uniform_triangular-n200-g1000-4,9926.209928465025,9971.369809855403,0.0372122000262606,0.0357231000089086,0.001489100017352,1.4906371999968542,ok,-0.45289546222369254,0.45289546222369254
LGBM_V4,TSP-uniform_triangular-n200-g1000-5,9329.117371757053,9414.312567259782,0.0467719000007491,0.0453496999980416,0.0014222000027075,0.8812077999900794,ok,-0.9049539718812056,0.9049539718812056
LGBM_V4,TSP-uniform_triangular-n200-g10000-1,97640.81410584568,97289.92117107246,0.0367665000085253,0.035575100017013,0.0011913999915122,1.366396999990684,ok,0.3606673029945381,0.3606673029945381
LGBM_V4,TSP-uniform_triangular-n200-g10000-2,100485.14782556622,100018.52986267896,0.0313327000185381,0.029800200019963,0.001532499998575,2.598225599998841,ok,0.4665315152381356,0.4665315152381356
LGBM_V4,TSP-uniform_triangular-n200-g10000-3,100538.48925006142,99992.37692419087,0.0329029999847989,0.0288837999978568,0.0040191999869421,2.162948700002744,ok,0.5461539596009233,0.5461539596009233
LGBM_V4,TSP-uniform_triangular-n30-g1000-1,4090.902558398996,3893.6009779959063,0.0131323999958112,0.0105960999790113,0.0025363000167999,0.0547224000038113,ok,5.067329228601224,5.067329228601224
LGBM_V4,TSP-uniform_triangular-n200-g10000-4,99783.1236314674,98589.8932638022,0.0348521000123582,0.0308697999862488,0.0039823000261094,1.3945509000041056,ok,1.2102968450046077,1.2102968450046077
LGBM_V4,TSP-uniform_triangular-n30-g1000-2,4226.880029939157,4342.098767837235,0.0193503999907989,0.0180781999952159,0.0012721999955829,0.0991340000036871,ok,-2.6535264179508173,2.6535264179508173
LGBM_V4,TSP-uniform_triangular-n30-g1000-3,4058.860125109817,3960.568433128751,0.0138139000046066,0.0124424000096041,0.0013714999950025,0.1262745999993058,ok,2.4817571932071862,2.4817571932071862
LGBM_V4,TSP-uniform_triangular-n200-g10000-5,94968.04113286384,96123.29334625589,0.0370352999889291,0.0348061000113375,0.0022291999775916,0.5895320999989053,ok,-1.2018441869553789,1.2018441869553789
LGBM_V4,TSP-uniform_triangular-n30-g1000-4,4260.080300584026,4174.048312257172,0.0154231000051368,0.0129517999885138,0.0024713000166229,0.0352404000004753,ok,2.061116256709808,2.061116256709808
LGBM_V4,TSP-uniform_triangular-n30-g1000-5,3319.333653877016,3302.2256888963648,0.0155022000253666,0.0138538000173866,0.0016484000079799,0.044043200003216,ok,0.5180737657688306,0.5180737657688306
LGBM_V4,TSP-uniform_triangular-n30-g10000-1,41486.366026205375,40028.70776722088,0.0130069000006187,0.012085800000932,0.0009210999996867,0.0689119000016944,ok,3.6415321410354227,3.6415321410354227
LGBM_V4,TSP-uniform_triangular-n30-g10000-2,37802.418835943405,38652.95364424884,0.0231978000083472,0.0205885000177659,0.0026092999905813,0.0448640999966301,ok,-2.2004393665061737,2.2004393665061737
LGBM_V4,TSP-uniform_triangular-n30-g10000-4,38568.17593806639,38727.805923634005,0.0207264999917242,0.0178746999881695,0.0028518000035546,0.0711454999982379,ok,-0.41218442863089205,0.41218442863089205
LGBM_V4,TSP-uniform_triangular-n30-g10000-5,40884.5573119665,41266.6311799624,0.0167549999896436,0.0153528999944683,0.0014020999951753,0.0650101999926846,ok,-0.9258663890679415,0.9258663890679415
LGBM_V4,TSP-uniform_triangular-n30-g10000-3,40035.89708643297,40229.64419644117,0.0220754999900236,0.0194511000008787,0.0026243999891448,0.0623120000091148,ok,-0.48160284257583197,0.48160284257583197
LGBM_V4,TSP-uniform_triangular-n300-g1000-1,11949.112170036082,12049.779694186294,0.0362102000217419,0.033681400003843,0.0025288000178989,1.411576899990905,ok,-0.8354304120496246,0.8354304120496246
LGBM_V4,TSP-uniform_triangular-n300-g1000-2,11927.826594998704,11705.734798123243,0.0337445000186562,0.0310225000139325,0.0027220000047236,1.015874100005021,ok,1.8972905221726681,1.8972905221726681
LGBM_V4,TSP-uniform_triangular-n300-g1000-3,12084.57288209639,11976.15595353421,0.0360442000092007,0.0347324000031221,0.0013118000060785,3.5800809000065783,ok,0.9052731860107984,0.9052731860107984
LGBM_V4,TSP-uniform_triangular-n300-g1000-5,12029.07874601566,11928.40575444019,0.0364984000043477,0.0339972999936435,0.0025011000107042,1.19178720000491,ok,0.8439769207045723,0.8439769207045723
LGBM_V4,TSP-uniform_triangular-n300-g1000-4,11838.179741701391,11705.716243019177,0.0495405000110622,0.0473865999956615,0.0021539000154007,3.868797899995116,ok,1.1316137853692698,1.1316137853692698
LGBM_V4,TSP-uniform_triangular-n300-g10000-1,122204.4836333042,121906.11595500598,0.0410396000079344,0.0393326000194065,0.0017069999885279,4.730563100005384,ok,0.24475201753482637,0.24475201753482637
LGBM_V4,TSP-uniform_triangular-n300-g10000-4,120762.51179683403,119906.35649339386,0.0338487999979406,0.0316885999927762,0.0021602000051643,2.4900805999932345,ok,0.7140199472972413,0.7140199472972413
LGBM_V4,TSP-uniform_triangular-n300-g10000-2,121805.64010207786,121849.53808807656,0.0467340000031981,0.0447080000012647,0.0020260000019334,7.510787400009576,ok,-0.03602638687638716,0.03602638687638716
LGBM_V4,TSP-uniform_triangular-n300-g10000-3,115918.96954713916,116454.5366305895,0.0378936000051908,0.0368091999844182,0.0010844000207725,2.0110162000055425,ok,-0.4598937052570442,0.4598937052570442
LGBM_V4,TSP-uniform_triangular-n40-g1000-1,4792.722756959721,4642.168544264348,0.0190096000151243,0.0163835000130347,0.0026261000020895,0.0533973999990848,ok,3.243187128166432,3.243187128166432
LGBM_V4,TSP-uniform_triangular-n40-g1000-4,5579.635472640322,5456.280150760868,0.0143620000162627,0.0128232999995816,0.0015387000166811,0.0457287000026553,ok,2.260795239083397,2.260795239083397
LGBM_V4,TSP-uniform_triangular-n40-g1000-3,4839.86825630787,4864.762826130213,0.0182277000276371,0.0158035000204108,0.0024242000072263,0.1786778999958187,ok,-0.5117324464129381,0.5117324464129381
LGBM_V4,TSP-uniform_triangular-n300-g10000-5,120896.32369480636,119324.58751174073,0.0496795000217389,0.0473515000194311,0.0023280000023078,2.158868499987875,ok,1.3171938959445235,1.3171938959445235
LGBM_V4,TSP-uniform_triangular-n40-g1000-2,4281.976929113229,4405.986701610365,0.024614299996756,0.0202944999909959,0.00431980000576,0.0599930000025779,ok,-2.81457437108949,2.81457437108949
LGBM_V4,TSP-uniform_triangular-n40-g1000-5,4912.649061987253,4711.806996160482,0.0219646000186912,0.0200421000190544,0.0019224999996367,0.0413044000015361,ok,4.262527433539426,4.262527433539426
LGBM_V4,TSP-truncated_exponential-n900-g10000-1,212668.6701168416,210648.6543758477,0.6606841000029817,0.657137000001967,0.0035471000010147,4.239378199999919,ok,0.9589502230523183,0.9589502230523183
LGBM_V4,TSP-uniform_triangular-n40-g10000-1,53993.81031567685,52664.34452742315,0.0195599000144284,0.0169478000025264,0.0026121000119019,0.098426800002926,ok,2.5244134341431437,2.5244134341431437
LGBM_V4,TSP-uniform_triangular-n40-g10000-2,47381.331859835656,45125.22795348795,0.0228544000128749,0.0210363999940454,0.0018180000188294,0.0662085999938426,ok,4.999650990512774,4.999650990512774
LGBM_V4,TSP-uniform_triangular-n40-g10000-3,46219.83167754652,45667.90570009102,0.0194976000057067,0.0174086000188253,0.0020889999868813,0.1481066999986069,ok,1.208564240015944,1.208564240015944
LGBM_V4,TSP-uniform_triangular-n40-g10000-5,47225.95354008452,47105.556320173375,0.0207690999668557,0.0191325999912805,0.0016364999755751,0.1263744000025326,ok,0.2555902728179515,0.2555902728179515
LGBM_V4,TSP-uniform_triangular-n40-g10000-4,46499.10995948274,49680.67809924211,0.0202467000053729,0.0192091000208165,0.0010375999845564,0.1380235999968135,ok,-6.404035253713471,6.404035253713471
LGBM_V4,TSP-uniform_triangular-n400-g1000-2,14025.1860019051,13754.363123744297,0.0426059000019449,0.0406327999953646,0.0019731000065803,5.476248799997848,ok,1.9689961339851416,1.9689961339851416
LGBM_V4,TSP-uniform_triangular-n400-g1000-3,14438.35160862686,14328.159965604234,0.0456805999856442,0.0434567999909631,0.002223799994681,25.691910099994857,ok,0.7690564823895572,0.7690564823895572
LGBM_V4,TSP-uniform_triangular-n400-g1000-4,13441.284579458565,13474.743086150063,0.0460312999784946,0.0442438999889418,0.0017873999895527,3.791962200004491,ok,-0.24830534042529465,0.24830534042529465
LGBM_V4,TSP-uniform_triangular-n400-g1000-5,13901.703784503898,13881.40070675253,0.0476911000150721,0.0443651000095997,0.0033260000054724,5.402125900000101,ok,0.14626101630716906,0.14626101630716906
LGBM_V4,TSP-truncated_exponential-n900-g10000-2,219218.388609584,217900.30969687467,0.7252054999989923,0.7232664000184741,0.0019390999805182,12.581449600009364,ok,0.6048999721675247,0.6048999721675247
LGBM_V4,TSP-uniform_triangular-n400-g10000-1,136008.51808486102,135640.7334637952,0.0545539000013377,0.053217599983327,0.0013363000180106,2.5031051999976626,ok,0.27114614590608926,0.27114614590608926
LGBM_V4,TSP-uniform_triangular-n5-g1000-1,1547.6117104902355,1549.8408975848351,0.0165909000206738,0.0135876999993342,0.0030032000213395,0.4574391000060132,ok,-0.1438332862472173,0.1438332862472173
LGBM_V4,TSP-uniform_triangular-n400-g1000-1,13636.100247146933,13721.316776901687,0.0884580000420101,0.0838524000137113,0.0046056000282987,4.24215569999069,ok,-0.6210521274328934,0.6210521274328934
LGBM_V4,TSP-uniform_triangular-n5-g1000-2,1848.1019961593704,1999.8850566871536,0.017496199987363,0.0134709999838378,0.0040252000035252,0.2969521999912103,ok,-7.589589212652781,7.589589212652781
LGBM_V4,TSP-uniform_triangular-n400-g10000-2,135522.3879700178,133902.1889045795,0.0547807999828364,0.0526149999932386,0.0021657999895978,2.885844399992493,ok,1.2099869902745748,1.2099869902745748
LGBM_V4,TSP-uniform_triangular-n5-g1000-5,2386.822825119027,2419.439180316209,0.0118217999988701,0.009224199980963,0.002597600017907,0.0855209000001195,ok,-1.3480956852537598,1.3480956852537598
LGBM_V4,TSP-uniform_triangular-n5-g1000-3,2522.82283282756,2552.854142533753,0.0169935999729204,0.0127220999856945,0.0042714999872259,0.0457380000007106,ok,-1.1763817292117769,1.1763817292117769
LGBM_V4,TSP-uniform_triangular-n5-g10000-1,18962.43325059584,18755.08713828916,0.0181802000151947,0.0140909999900031,0.0040892000251915,0.2373479000088991,ok,1.1055459821531652,1.1055459821531652
LGBM_V4,TSP-uniform_triangular-n400-g10000-3,135925.2440678217,134853.3208129485,0.0686735999770462,0.0591749000013805,0.0094986999756656,5.719065299999784,ok,0.7948808738347887,0.7948808738347887
LGBM_V4,TSP-uniform_triangular-n5-g1000-4,2312.938556598211,2477.282250066268,0.0346224999811966,0.0290480999974533,0.0055743999837432,0.1290967999957502,ok,-6.634031849364781,6.634031849364781
LGBM_V4,TSP-uniform_triangular-n400-g10000-4,137336.8569289198,136504.83184219233,0.0701221999770496,0.0610995999886654,0.0090225999883841,5.1945746000128565,ok,0.6095206122002548,0.6095206122002548
LGBM_V4,TSP-truncated_exponential-n900-g10000-4,216211.28224543,215591.4874771987,0.7711050999641884,0.7669682999840006,0.0041367999801877,20.03683060000185,ok,0.2874857330797122,0.2874857330797122
LGBM_V4,TSP-uniform_triangular-n5-g10000-2,15239.589691341804,15757.645812860255,0.0197844999784138,0.0175160999933723,0.0022683999850414,0.1432357999874511,ok,-3.287649231813876,3.287649231813876
LGBM_V4,TSP-uniform_triangular-n5-g10000-3,16698.11441931296,17033.426940383524,0.02241339997272,0.0207288999808952,0.0016844999918248,0.1565353999903891,ok,-1.968555841664448,1.968555841664448
LGBM_V4,TSP-uniform_triangular-n400-g10000-5,138663.3035719381,137770.10941520287,0.0790376999939326,0.0753772000025492,0.0036604999913834,3.829834199990728,ok,0.6483221654730498,0.6483221654730498
LGBM_V4,TSP-uniform_triangular-n5-g10000-4,17249.7775581723,17232.55989820616,0.0121438000060152,0.0104614000010769,0.0016824000049382,0.2638720000104513,ok,0.0999135361655238,0.0999135361655238
LGBM_V4,TSP-uniform_triangular-n5-g10000-5,25907.88752704468,26795.520500707586,0.0199237999913748,0.0170989999896846,0.0028248000016901,0.1563442999904509,ok,-3.3126170235784946,3.3126170235784946
LGBM_V4,TSP-truncated_exponential-n900-g10000-3,216634.0298448949,215097.65811505908,0.7981149000115693,0.7950720000080764,0.0030429000034928,10.437070799991488,ok,0.7142670651551123,0.7142670651551123
LGBM_V4,TSP-uniform_triangular-n50-g1000-4,4853.167542834602,5082.868166640741,0.0289353000116534,0.0272467999893706,0.0016885000222828,0.089208100005635,ok,-4.519114332212716,4.519114332212716
LGBM_V4,TSP-uniform_triangular-n50-g1000-2,4538.11076497217,4766.1358634891785,0.0375229000346735,0.034883800020907,0.0026391000137664,0.0953615000034915,ok,-4.784276089647112,4.784276089647112
LGBM_V4,TSP-uniform_triangular-n50-g1000-1,5437.169419324029,5394.029904899479,0.0413277999905403,0.036436299997149,0.0048914999933913,0.2162692999991122,ok,0.799764094473513,0.799764094473513
LGBM_V4,TSP-uniform_triangular-n50-g10000-2,49334.42136795459,50372.04468116641,0.0269091999798547,0.0246897999895736,0.002219399990281,0.3083958000061102,ok,-2.059918988358593,2.059918988358593
LGBM_V4,TSP-uniform_triangular-n50-g10000-1,50399.146142182966,50424.52203490325,0.0339566000038757,0.0314812999858986,0.0024753000179771,0.1575871000095503,ok,-0.05032450818814344,0.05032450818814344
LGBM_V4,TSP-uniform_triangular-n50-g1000-3,5154.945613526122,5122.559520018784,0.0480504999868571,0.0444848999904934,0.0035655999963637,0.1021602999971946,ok,0.6322248356661221,0.6322248356661221
LGBM_V4,TSP-uniform_triangular-n50-g1000-5,5108.130083509385,5261.3554849681,0.0444793000060599,0.0423373999947216,0.0021419000113382,0.0692836999951396,ok,-2.912279960867236,2.912279960867236
LGBM_V4,TSP-uniform_triangular-n50-g10000-4,53441.474534713205,53403.02775649975,0.0297771000186912,0.0283233000081963,0.0014538000104948,0.3292180999997072,ok,0.0719936300030724,0.0719936300030724
LGBM_V4,TSP-uniform_triangular-n50-g10000-3,55630.07230263502,53894.51364791363,0.0309864000009838,0.0295635999937076,0.0014228000072762,0.1187937000067904,ok,3.2202881838021318,3.2202881838021318
LGBM_V4,TSP-uniform_triangular-n50-g10000-5,47253.715447466464,47774.875702327576,0.026573199982522,0.0249295999819878,0.0016436000005342,0.1423184000013861,ok,-1.0908667938946013,1.0908667938946013
LGBM_V4,TSP-uniform_triangular-n500-g1000-1,15527.56876974178,15509.7136475458,0.067312099999981,0.0622046000207774,0.0051074999792035,5.692511699991883,ok,0.11512219117472819,0.11512219117472819
LGBM_V4,TSP-uniform_triangular-n500-g1000-3,15182.980073341329,15040.01892506708,0.0749003999808337,0.0716270999982953,0.0032732999825384,2.912811000001966,ok,0.9505383536185393,0.9505383536185393
LGBM_V4,TSP-uniform_triangular-n500-g1000-4,15574.788197511274,15452.920366857816,0.0736710999917704,0.0716112999944016,0.0020597999973688,5.538398000004236,ok,0.788639478883427,0.788639478883427
LGBM_V4,TSP-uniform_triangular-n500-g10000-3,155631.37488161976,156199.17952110595,0.0653868000372313,0.0620467000117059,0.0033401000255253,5.235114100010833,ok,-0.3635132023273308,0.3635132023273308
LGBM_V4,TSP-uniform_triangular-n500-g10000-4,148413.4134856345,148733.6240439238,0.0717493999982252,0.0684339000144973,0.0033154999837279,7.273675799995544,ok,-0.21529130373018318,0.21529130373018318
LGBM_V4,TSP-uniform_triangular-n60-g1000-2,5302.759917594806,5324.722428348081,0.027195299975574,0.022702099988237,0.0044931999873369,0.1332729999994626,ok,-0.4124630165949943,0.4124630165949943
LGBM_V4,TSP-uniform_triangular-n500-g1000-2,16216.27627986011,16082.564106280715,0.1101135999779217,0.1053496999957133,0.0047638999822083,4.310285699990345,ok,0.8314107918100992,0.8314107918100992
LGBM_V4,TSP-uniform_triangular-n60-g1000-1,5668.466559063717,5706.7650904968095,0.0354266000213101,0.0321386000141501,0.00328800000716,0.2479909000103362,ok,-0.6711075508762272,0.6711075508762272
LGBM_V4,TSP-uniform_triangular-n60-g1000-4,5824.332290018249,5778.285383927037,0.0249234999937471,0.0223995000123977,0.0025239999813493,0.0757584000093629,ok,0.7968956711500723,0.7968956711500723
LGBM_V4,TSP-uniform_triangular-n60-g1000-3,5677.593329087369,5696.173300308924,0.0291346000158227,0.0281837999937124,0.0009508000221103,0.1238811000075656,ok,-0.32618339088361625,0.32618339088361625
LGBM_V4,TSP-uniform_triangular-n500-g1000-5,15215.262111721442,15206.806281255052,0.1152924999769311,0.1119294999807607,0.0033629999961704,5.67578869999852,ok,0.0556055644426332,0.0556055644426332
LGBM_V4,TSP-truncated_exponential-n900-g10000-5,218375.2206861161,214717.3444078057,0.9212211999983992,0.9171486000122968,0.0040725999861024,14.337211800011572,ok,1.7035774582621126,1.7035774582621126
LGBM_V4,TSP-uniform_triangular-n500-g10000-2,156687.49599475824,154812.7130029336,0.1258210000232793,0.1230569000181276,0.0027641000051517,2.622363100002985,ok,1.2110006700735982,1.2110006700735982
LGBM_V4,TSP-uniform_triangular-n60-g1000-5,5521.36028280291,5689.3807660394805,0.0300643999944441,0.0281354999751783,0.0019289000192657,0.080947800001013,ok,-2.953229712440814,2.953229712440814
LGBM_V4,TSP-uniform_triangular-n500-g10000-1,156961.06704011798,155169.35876676,0.1302712000033352,0.1293778999825008,0.0008933000208344,4.280106500009424,ok,1.1546791760937463,1.1546791760937463
LGBM_V4,TSP-uniform_triangular-n60-g10000-2,61486.76139027855,61280.230898567934,0.0320150000334251,0.0290308000112418,0.0029842000221833,0.1302900000009685,ok,0.33702629491143954,0.33702629491143954
LGBM_V4,TSP-uniform_triangular-n500-g10000-5,155218.76617102415,154889.8486074559,0.0772797999961767,0.0757522000058088,0.0015275999903678,3.025432800000999,ok,0.2123557912448077,0.2123557912448077
LGBM_V4,TSP-uniform_triangular-n60-g10000-1,54611.19628860144,55239.4942771266,0.048821600008523,0.0473037000047043,0.0015179000038187,0.1375671999994665,ok,-1.1374072061071099,1.1374072061071099
LGBM_V4,TSP-uniform_triangular-n60-g10000-3,52953.746601588806,52531.58610181419,0.0410426000016741,0.0370851999905426,0.0039574000111315,0.1117649000079836,ok,0.8036317406377317,0.8036317406377317
LGBM_V4,TSP-uniform_triangular-n60-g10000-4,52301.86024424053,54529.88319228451,0.0387123999826144,0.0363404999952763,0.0023718999873381,0.6207149999972899,ok,-4.085875152505785,4.085875152505785
LGBM_V4,TSP-uniform_triangular-n60-g10000-5,56255.00685188482,55929.1270119448,0.0447932000097353,0.0433615999936591,0.0014316000160761,0.1520259999961126,ok,0.5826657009511702,0.5826657009511702
LGBM_V4,TSP-uniform_triangular-n1000-g10000-1,218271.59986602725,215378.20229575213,0.8929835000017192,0.8910082000074908,0.0019752999942284,7.368569099984597,ok,1.3434031575312233,1.3434031575312233
LGBM_V4,TSP-uniform_triangular-n1000-g1000-1,22028.510513634086,21806.63960210063,0.9192097000195644,0.9173635000188368,0.0018462000007275,6.220243300005677,ok,1.0174465923309157,1.0174465923309157
LGBM_V4,TSP-uniform_triangular-n70-g1000-2,6238.651400288034,6047.27227362212,0.0118217000272125,0.010221000004094,0.0016007000231184,0.1288791999977547,ok,3.164718206929415,3.164718206929415
LGBM_V4,TSP-uniform_triangular-n70-g1000-1,5806.920489670251,5919.62219309059,0.0134041999699547,0.0105481999926269,0.0028559999773278,0.2860698999866145,ok,-1.9038664925590185,1.9038664925590185
LGBM_V4,TSP-uniform_triangular-n70-g1000-3,5932.3891464204535,6018.221269404541,0.0123401000164449,0.0107587999955285,0.0015813000209163,6.287103499998921,ok,-1.4262041746527554,1.4262041746527554
LGBM_V4,TSP-uniform_triangular-n70-g1000-4,6259.378204369088,6282.835764375408,0.0131799000082537,0.0113504999899305,0.0018294000183232,0.1889865999983158,ok,-0.3733594333203437,0.3733594333203437
LGBM_V4,TSP-uniform_triangular-n1000-g1000-4,21862.69654340399,21585.805018415023,0.94266709999647,0.9412908999947832,0.0013762000016868,168.18047389999265,ok,1.282748198423671,1.282748198423671
LGBM_V4,TSP-uniform_triangular-n1000-g1000-3,22058.6146904416,21878.187385996644,0.9468734999827576,0.944788199994946,0.0020852999878115,8.907673300011083,ok,0.824690369735287,0.824690369735287
LGBM_V4,TSP-uniform_triangular-n70-g10000-1,57307.48205515975,58374.65118962849,0.0139272999949753,0.0120030000107362,0.001924299984239,0.2100165000010747,ok,-1.828137920691063,1.828137920691063
LGBM_V4,TSP-uniform_triangular-n70-g1000-5,6024.432261585585,5832.800321761741,0.0155470000172499,0.0146610999945551,0.0008859000226948,0.1705747000087285,ok,3.285419168368928,3.285419168368928
LGBM_V4,TSP-uniform_triangular-n70-g10000-2,58002.90088156995,58117.61149517032,0.0178828999924007,0.0161923000123351,0.0016905999800655,0.3270340000017313,ok,-0.19737668264275443,0.19737668264275443
LGBM_V4,TSP-uniform_triangular-n70-g10000-5,60087.807942905725,60644.12534620727,0.0159447000187356,0.0144261000095866,0.0015186000091489,0.1735551000019768,ok,-0.9173475586062487,0.9173475586062487
LGBM_V4,TSP-uniform_triangular-n70-g10000-4,66232.50769203315,65509.96935166284,0.0210883999534416,0.0197539999790024,0.0013343999744392,0.1868128999922191,ok,1.1029440977016254,1.1029440977016254
LGBM_V4,TSP-uniform_triangular-n70-g10000-3,61737.11343065718,61926.90837049211,0.0237169000029098,0.0188698999991174,0.0048470000037923,0.4564440000103786,ok,-0.30648218170272257,0.30648218170272257
LGBM_V4,TSP-uniform_triangular-n1000-g1000-2,21977.78233143876,21793.97084022646,0.9829575000039767,0.9789827000058722,0.0039747999981045,95.60107259999496,ok,0.8434052360620299,0.8434052360620299
LGBM_V4,TSP-uniform_triangular-n1000-g10000-3,214914.6179992121,213614.8432300845,0.9606925999978556,0.9594467999995686,0.0012457999982871,11.144670300011056,ok,0.6084665042342655,0.6084665042342655
LGBM_V4,TSP-uniform_triangular-n1000-g1000-5,21425.341031716584,21263.218901180087,0.9776002999860792,0.976171999995131,0.0014282999909482,60.90263229999982,ok,0.7624533768379654,0.7624533768379654
LGBM_V4,TSP-uniform_triangular-n1000-g10000-4,214506.74425244948,212571.85951877944,0.965549899992766,0.9644130000087898,0.001136899983976,10.348479400010548,ok,0.9102261880054291,0.9102261880054291
LGBM_V4,TSP-uniform_triangular-n1000-g10000-2,215775.16224820408,213811.3981281729,0.9943392999994104,0.9903038000047673,0.004035499994643,5.789386899996316,ok,0.918456236301287,0.918456236301287
LGBM_V4,TSP-uniform_triangular-n600-g1000-3,16909.85078288814,16751.612162458296,0.2736873999820091,0.2708130999817513,0.0028743000002577,3.024464399990393,ok,0.9446172636713193,0.9446172636713193
LGBM_V4,TSP-uniform_triangular-n1000-g10000-5,218997.28910457884,218757.96128033823,0.9910811000154354,0.9887189000146464,0.002362200000789,23.4827615999966,ok,0.10940302370705955,0.10940302370705955
LGBM_V4,TSP-uniform_triangular-n8-g1000-1,2706.022900487801,2633.6350227515723,0.0122405000147409,0.008913500001654,0.0033270000130869,0.0774667000077897,ok,2.748591855396854,2.748591855396854
LGBM_V4,TSP-uniform_triangular-n600-g1000-5,17164.147244681957,16878.938485463837,0.3009815000114031,0.2972364000161178,0.0037450999952852,7.462122099997941,ok,1.6897316111658431,1.6897316111658431
LGBM_V4,TSP-uniform_triangular-n8-g1000-2,2413.7216515140462,2383.551130911205,0.0103287999809253,0.008269999991171,0.0020587999897543,0.0531953000026987,ok,1.2657802977906984,1.2657802977906984
LGBM_V4,TSP-uniform_triangular-n600-g10000-3,168834.81665194148,167533.299746697,0.3130707999807782,0.3120372999983374,0.0010334999824408,7.21799689999898,ok,0.7768705727233364,0.7768705727233364
LGBM_V4,TSP-uniform_triangular-n600-g10000-1,170144.33890364156,168172.16880990745,0.3183139000029769,0.3147187999857124,0.0035951000172644,5.980743899999652,ok,1.172708961114333,1.172708961114333
LGBM_V4,TSP-uniform_triangular-n8-g1000-3,2106.671922967482,2135.105490819325,0.0150267000135499,0.0099297999986447,0.0050969000149052,0.2708143000054406,ok,-1.3317172371156305,1.3317172371156305
LGBM_V4,TSP-uniform_triangular-n8-g1000-4,2249.9840333716447,2203.026582459079,0.0125881999847479,0.010263300006045,0.0023248999787028,0.1648885000031441,ok,2.131497245037813,2.131497245037813
LGBM_V4,TSP-uniform_triangular-n8-g10000-2,22544.681384821044,23058.776470546814,0.0123831999953836,0.0083999999915249,0.0039832000038586,0.3606429000064963,ok,-2.2294985442199358,2.2294985442199358
LGBM_V4,TSP-uniform_triangular-n8-g10000-1,24964.642173173208,25581.56885946352,0.0154124999826308,0.0132435999985318,0.0021688999840989,0.2791293000045698,ok,-2.4116061437807024,2.4116061437807024
LGBM_V4,TSP-uniform_triangular-n600-g10000-4,168748.10313633818,168054.32839655105,0.3305147999781184,0.3285208999877795,0.0019938999903388,6.6689427999954205,ok,0.41282765306113134,0.41282765306113134
LGBM_V4,TSP-uniform_triangular-n8-g1000-5,2379.2838543856105,2469.145533967316,0.0164178000122774,0.0132174000027589,0.0032004000095184,0.2910657000029459,ok,-3.639383679313539,3.639383679313539
LGBM_V4,TSP-uniform_triangular-n8-g10000-3,22271.41443087485,24131.338550557102,0.0154766999767161,0.0122434999793767,0.0032331999973393,0.5603211999987252,ok,-7.707504976508288,7.707504976508288
LGBM_V4,TSP-uniform_triangular-n8-g10000-4,27837.36366282565,27072.46090093257,0.0114090999704785,0.0086207999847829,0.0027882999856956,0.4745131000090623,ok,2.8253905867372873,2.8253905867372873
LGBM_V4,TSP-uniform_triangular-n600-g1000-2,17148.45629892854,17035.237861655467,0.3647926999838091,0.3636401999974623,0.0011524999863468,4.447673999995459,ok,0.6646131870451679,0.6646131870451679
LGBM_V4,TSP-uniform_triangular-n8-g10000-5,23618.70914424654,24748.03118845064,0.0149842000100761,0.0131246999953873,0.0018595000146888,0.4846646999940276,ok,-4.563280349877414,4.563280349877414
LGBM_V4,TSP-uniform_triangular-n80-g1000-2,6241.309619120518,6254.99743969935,0.0221160000073723,0.0202389000041876,0.0018771000031847,0.3798210000095423,ok,-0.218830154780854,0.218830154780854
LGBM_V4,TSP-uniform_triangular-n80-g1000-1,6211.175310940296,6211.022824357839,0.0287020999821834,0.0248995999863836,0.0038024999957997,0.2840399000124307,ok,0.0024550961535469333,0.0024550961535469333
LGBM_V4,TSP-uniform_triangular-n80-g1000-3,6348.080668326387,6364.473563086385,0.0279195000184699,0.0264444000204093,0.0014750999980606,0.3362752999964868,ok,-0.2575687462208324,0.2575687462208324
LGBM_V4,TSP-uniform_triangular-n80-g1000-5,7113.336261362811,6904.72710576861,0.0282115000009071,0.0263840999978128,0.0018274000030942,0.1714569000032497,ok,3.021251273202616,3.021251273202616
LGBM_V4,TSP-uniform_triangular-n600-g10000-2,168813.43126524385,167901.46800384804,0.3768740000086836,0.3722238000191282,0.0046501999895554,1.981133299996145,ok,0.543153834351769,0.543153834351769
LGBM_V4,TSP-uniform_triangular-n600-g1000-1,17225.58999409112,17108.881113650034,0.4122961000248324,0.4076484000252094,0.004647699999623,7.305737999995472,ok,0.6821537870642566,0.6821537870642566
LGBM_V4,TSP-uniform_triangular-n80-g1000-4,6296.640888630012,6367.544173967727,0.0305048000009264,0.0273392000235617,0.0031655999773647,0.8551331000053324,ok,-1.1135106942420117,1.1135106942420117
LGBM_V4,TSP-uniform_triangular-n600-g1000-4,17237.27874157643,17161.111277769203,0.3948724000074435,0.3923931999888737,0.0024792000185698,3.4802696999977343,ok,0.44383759637928616,0.44383759637928616
LGBM_V4,TSP-uniform_triangular-n80-g10000-1,71246.78406973428,71651.73144846628,0.0302990000054705,0.0270275000075344,0.0032714999979361,0.1281788000051165,ok,-0.5651606326125564,0.5651606326125564
LGBM_V4,TSP-uniform_triangular-n80-g10000-3,61542.7327530252,59694.423044225,0.0300703000102657,0.02755700002308,0.0025132999871857,0.4073850999993738,ok,3.0962854058089664,3.0962854058089664
LGBM_V4,TSP-uniform_triangular-n600-g10000-5,173613.59219594224,171929.2520570824,0.3950532999879215,0.3925633000035304,0.002489999984391,4.205813799999305,ok,0.979670485799952,0.979670485799952
LGBM_V4,TSP-uniform_triangular-n80-g10000-2,58394.084413848126,60468.93639296464,0.0438682000094559,0.04070209999918,0.0031661000102758,0.5580118999932893,ok,-3.4312691819694687,3.4312691819694687
LGBM_V4,TSP-uniform_triangular-n80-g10000-4,59818.55273645202,60577.783089213415,0.049425200006226,0.0478386000031605,0.0015866000030655,0.1635413000039989,ok,-1.2533148524819298,1.2533148524819298
LGBM_V4,TSP-uniform_triangular-n80-g10000-5,62419.374938624176,61543.76074466108,0.0454734999802894,0.0440598999848589,0.0014135999954305,0.1058712999947601,ok,1.422750549151414,1.422750549151414
LGBM_V4,TSP-uniform_triangular-n700-g10000-5,177819.1584409303,177839.63264229352,0.3313800999894738,0.3298214999958873,0.0015585999935865,3.367106400008197,ok,-0.011512732600163505,0.011512732600163505
LGBM_V4,TSP-uniform_triangular-n700-g1000-1,18269.784460046576,18214.342728773565,0.3948494000069331,0.3928028999944217,0.0020465000125113,5.489431999987573,ok,0.3043850228283488,0.3043850228283488
LGBM_V4,TSP-uniform_triangular-n700-g1000-2,18412.4606752852,18176.32309131213,0.4038572999997996,0.4022123999893665,0.001644900010433,4.003154899997753,ok,1.2991493537322747,1.2991493537322747
LGBM_V4,TSP-uniform_triangular-n90-g1000-1,6896.161637485344,6941.098704228586,0.0152442000107839,0.0130601999990176,0.0021840000117663,0.2491847000055713,ok,-0.6474056724746776,0.6474056724746776
LGBM_V4,TSP-uniform_triangular-n700-g1000-3,18554.28285405713,18351.50180253796,0.3974565000098664,0.3960994000080973,0.0013571000017691,5.669278500005021,ok,1.1049834160772956,1.1049834160772956
LGBM_V4,TSP-uniform_triangular-n90-g1000-2,6671.912634243007,6476.8310424558185,0.0168774000194389,0.0130571000045165,0.0038203000149223,0.1847234000015305,ok,3.0119913659693007,3.0119913659693007
LGBM_V4,TSP-uniform_triangular-n90-g1000-3,7096.062152371794,7061.489608872775,0.01880279998295,0.0166241999831981,0.0021785999997518,0.2774613999936264,ok,0.48959278302383374,0.48959278302383374
LGBM_V4,TSP-uniform_triangular-n700-g1000-4,17861.697860830118,17904.72550043489,0.4237183999794069,0.4203317000064999,0.003386699972907,9.668563100000028,ok,-0.24031443321333668,0.24031443321333668
LGBM_V4,TSP-uniform_triangular-n90-g10000-1,60142.63065607721,58863.669499853866,0.0174789999728091,0.0161572999786585,0.0013216999941505,0.1160462999978335,ok,2.1727513202800166,2.1727513202800166
LGBM_V4,TSP-uniform_triangular-n90-g1000-4,6521.012876641235,6654.803427239313,0.0264057000167667,0.0244170000078156,0.0019887000089511,0.6170681999938097,ok,-2.010435801160543,2.010435801160543
LGBM_V4,TSP-uniform_triangular-n90-g1000-5,6497.549850598691,6706.676138578299,0.0280455000174697,0.0248472999955993,0.0031982000218704,0.1594521000079112,ok,-3.118180804596594,3.118180804596594
LGBM_V4,TSP-uniform_triangular-n700-g1000-5,18482.593029630872,18375.96938376449,0.4369624999817461,0.4353704999957699,0.0015919999859761,138.67181749999872,ok,0.5802341288214413,0.5802341288214413
LGBM_V4,TSP-uniform_triangular-n90-g10000-2,71402.13028635673,70786.65949221975,0.0253896999929565,0.0179196000099182,0.0074700999830383,2.124446200003149,ok,0.8694728619092666,0.8694728619092666
LGBM_V4,TSP-uniform_triangular-n700-g10000-1,176336.51980478506,176046.4456650746,0.4395233999821357,0.4374152999953367,0.002108099986799,9.548518799987503,ok,0.16477136963180655,0.16477136963180655
LGBM_V4,TSP-uniform_triangular-n90-g10000-5,67609.32696052268,69270.98918332146,0.0272617999871727,0.0257470000069588,0.0015147999802138,0.621979100003955,ok,-2.3987851803318336,2.3987851803318336
LGBM_V4,TSP-uniform_triangular-n90-g10000-4,68716.44762540361,66668.3022538049,0.0341998999938368,0.0306512000097427,0.0035486999840941,0.4631786000099964,ok,3.0721426860421115,3.0721426860421115
LGBM_V4,TSP-uniform_triangular-n700-g10000-2,183984.14716588287,182012.71817192208,0.4507068999810144,0.4497178999881726,0.0009889999928418,6.582748999993783,ok,1.083127054944946,1.083127054944946
LGBM_V4,TSP-uniform_triangular-n90-g10000-3,66561.38502496901,68099.20255500266,0.0365950999839697,0.034268699993845,0.0023263999901246,0.8171608000120614,ok,-2.2582019646875793,2.2582019646875793
LGBM_V4,TSP-uniform_triangular-n700-g10000-3,183381.14680507532,180354.48683647465,0.4510863999894354,0.4495787000050768,0.0015076999843586,6.642513899991172,ok,1.678172814932464,1.678172814932464
LGBM_V4,TSP-uniform_triangular-n700-g10000-4,181454.90860647315,181015.55837416096,0.4705726999964099,0.4677831000008154,0.0027895999955944,6.101531099993736,ok,0.2427140717948965,0.2427140717948965
LGBM_V4,TSP-uniform_triangular-n800-g10000-1,189068.15951459305,188252.7994359949,0.3772147000127006,0.3748900000064168,0.0023247000062838,6.105051599995932,ok,0.4331197629150575,0.4331197629150575
LGBM_V4,TSP-uniform_triangular-n800-g1000-3,19586.802042948035,19412.34776986987,0.3876497999881394,0.3859176999831106,0.0017321000050287,4.906467000007979,ok,0.8986768377853682,0.8986768377853682
LGBM_V4,TSP-x_central-n10-g1000-1,2621.9918289246616,2584.831444857198,0.0093838000029791,0.0071961999929044,0.0021876000100746,0.0490681999945081,ok,1.4376327764581318,1.4376327764581318
LGBM_V4,TSP-x_central-n10-g1000-2,2874.442800133179,2867.2597748548237,0.0091245000076014,0.0076915000099688,0.0014329999976325,0.0647675999935017,ok,0.25051881735127784,0.25051881735127784
LGBM_V4,TSP-x_central-n10-g1000-3,2294.401325213636,2228.123663619884,0.0079123999748844,0.0054916999943088,0.0024206999805755,0.0808308999985456,ok,2.9745952918104632,2.9745952918104632
LGBM_V4,TSP-x_central-n10-g1000-4,2880.046876914148,2785.3891292143003,0.0106346999818924,0.0081710999947972,0.0024635999870952,0.0424486999982036,ok,3.3983670973308024,3.3983670973308024
LGBM_V4,TSP-uniform_triangular-n800-g1000-5,19091.693750370905,18998.47646949645,0.4128712000092491,0.4102367000014055,0.0026345000078435,12.430766299992683,ok,0.4906566114610407,0.4906566114610407
LGBM_V4,TSP-x_central-n10-g1000-5,2916.000985994479,3056.896214140367,0.006855599960545,0.0053209999750833,0.0015345999854616,0.0849168999993708,ok,-4.609094266731903,4.609094266731903
LGBM_V4,TSP-x_central-n10-g10000-1,22374.15277971337,24762.84491857813,0.0075351999839767,0.0060768999974243,0.0014582999865524,0.0418245000037131,ok,-9.64627508155438,9.64627508155438
LGBM_V4,TSP-x_central-n10-g10000-2,26467.25855670684,25768.484644679287,0.0107473000243771,0.0079216000158339,0.0028257000085432,0.0381380999897373,ok,2.7117384730337197,2.7117384730337197
LGBM_V4,TSP-x_central-n10-g10000-3,29184.10859701232,29980.322411100897,0.0127076999924611,0.0101384999870788,0.0025692000053822,0.0451721999997971,ok,-2.655788030464142,2.655788030464142
LGBM_V4,TSP-x_central-n10-g10000-4,24465.08899620816,25324.06082656667,0.0090171000047121,0.007113700004993,0.0019033999997191,0.0395304999983636,ok,-3.391919788225237,3.391919788225237
LGBM_V4,TSP-uniform_triangular-n800-g10000-3,194871.7070440896,190861.53722094276,0.4137542000098619,0.4118794999958481,0.0018747000140137,266.0861375999957,ok,2.1010885071645578,2.1010885071645578
LGBM_V4,TSP-x_central-n10-g10000-5,27598.948315126683,27000.428480583505,0.0122341999958734,0.0100859999947715,0.0021482000011019,0.0374592000007396,ok,2.2167049496032427,2.2167049496032427
LGBM_V4,TSP-uniform_triangular-n800-g1000-4,19830.7029337984,19601.731233337214,0.4638993999978993,0.4616405999986455,0.0022587999992538,9.366235900000902,ok,1.1681197835820043,1.1681197835820043
LGBM_V4,TSP-x_central-n100-g1000-2,6565.052468101425,6488.4889396796025,0.0196875000256113,0.0176874000171665,0.0020001000084448,0.4620758999953978,ok,1.1799901199431353,1.1799901199431353
LGBM_V4,TSP-x_central-n100-g1000-1,7093.568346814103,6812.344242638818,0.0257254000171087,0.0216330999974161,0.0040923000196926,0.2373020000086398,ok,4.12815462869725,4.12815462869725
LGBM_V4,TSP-x_central-n100-g1000-3,6920.425674984655,6902.0272601374345,0.0275995999982114,0.0234313000109978,0.0041682999872136,0.2791837999975541,ok,0.26656537498019917,0.26656537498019917
LGBM_V4,TSP-uniform_triangular-n800-g1000-1,19851.5056335614,19796.81694021767,0.4839231999940239,0.4822227999975439,0.0017003999964799,11.530591999995522,ok,0.27624993204147846,0.27624993204147846
LGBM_V4,TSP-x_central-n100-g1000-4,6579.330685110966,6582.873013821681,0.0412119999818969,0.0367035999952349,0.0045083999866619,0.3278513999975985,ok,-0.05381128730991087,0.05381128730991087
LGBM_V4,TSP-uniform_triangular-n800-g10000-4,190662.2540588491,189300.33750092576,0.459044699993683,0.4549002000130713,0.0041444999806117,10.015357299998868,ok,0.719447506487767,0.719447506487767
LGBM_V4,TSP-x_central-n100-g10000-1,67498.36191896927,69193.035876529,0.0341799999878276,0.0313235000066924,0.0028564999811351,1.7534918000019388,ok,-2.449197287113951,2.449197287113951
LGBM_V4,TSP-x_central-n100-g10000-2,64017.01541585477,64737.34180357364,0.0344892999855801,0.0324391000031027,0.0020501999824773,0.9099490999942644,ok,-1.1126907093351017,1.1126907093351017
LGBM_V4,TSP-uniform_triangular-n800-g1000-2,19416.037131892204,19326.874592901026,0.5075187000329606,0.5053236000239849,0.0021951000089757,6.982036899993545,ok,0.46133966753180633,0.46133966753180633
LGBM_V4,TSP-x_central-n100-g1000-5,6753.810646263185,6703.550416117349,0.0432532999839168,0.0418904999969527,0.001362799986964,0.255693599989172,ok,0.749755383729118,0.749755383729118
LGBM_V4,TSP-x_central-n100-g10000-3,70824.0392086872,69082.41297935597,0.0390503999951761,0.0356311000068672,0.0034192999883089,0.8462066999927629,ok,2.5210848235015844,2.5210848235015844
LGBM_V4,TSP-uniform_triangular-n800-g10000-2,195472.83184402547,193739.79500315388,0.5042178999865428,0.5015038999845274,0.0027140000020153,9.740613000001758,ok,0.8945177426472324,0.8945177426472324
LGBM_V4,TSP-x_central-n100-g10000-4,69085.23017601785,68325.9880377467,0.040814500011038,0.0371937000018078,0.0036208000092301,0.2717040999996243,ok,1.1112055018534146,1.1112055018534146
LGBM_V4,TSP-uniform_triangular-n800-g10000-5,195518.45485744392,192957.2564456565,0.4968122999998741,0.4901217000151519,0.0066905999847222,7.735573900019517,ok,1.327339774085535,1.327339774085535
LGBM_V4,TSP-x_central-n100-g10000-5,67688.37378842574,67006.58709181527,0.0405850000097416,0.038374499999918,0.0022105000098235,0.1379340999992564,ok,1.0174920499625872,1.0174920499625872
LGBM_V4,TSP-uniform_triangular-n900-g1000-1,20610.29269537704,20428.13294141648,0.4864534000225831,0.4851134000055026,0.0013400000170804,8.067698500002734,ok,0.8917102433343085,0.8917102433343085
LGBM_V4,TSP-x_central-n20-g1000-1,3357.977590172281,3804.71949892917,0.0067553999833762,0.0051958999829366,0.0015595000004395,0.1573733999975957,ok,-11.741783037688421,11.741783037688421
LGBM_V4,TSP-uniform_triangular-n900-g1000-3,20742.43590887872,20565.62183291868,0.4813959999592043,0.4790371999843046,0.0023587999748997,228.70328859999427,ok,0.8597555541793489,0.8597555541793489
LGBM_V4,TSP-uniform_triangular-n900-g1000-5,20706.09744190574,20562.453033101185,0.4778494999918621,0.4747428999980911,0.0031065999937709,54.39791149999655,ok,0.698576228105259,0.698576228105259
LGBM_V4,TSP-x_central-n20-g1000-2,3501.878551805392,3445.6221956967547,0.0089096000301651,0.0069168000190984,0.0019928000110667,0.1566205999988597,ok,1.6326907859746167,1.6326907859746167
LGBM_V4,TSP-x_central-n20-g1000-3,3322.3278060362763,3472.956797280185,0.016635000007227,0.0114544999960344,0.0051805000111926,0.1528917999967234,ok,-4.3371973806835875,4.3371973806835875
LGBM_V4,TSP-x_central-n20-g1000-4,3289.661146283841,3496.026077582882,0.0114381999883335,0.009194899990689,0.0022432999976444,0.1498136000009253,ok,-5.902843020030323,5.902843020030323
LGBM_V4,TSP-x_central-n20-g1000-5,2937.3627734482843,2981.232275458446,0.0118072000332176,0.0095754000067245,0.0022318000264931,0.1534991000080481,ok,-1.471522442960794,1.471522442960794
LGBM_V4,TSP-uniform_triangular-n900-g10000-1,204264.37357792343,203684.4154585263,0.4911365000007208,0.4884113000007346,0.0027251999999862,4.311926099995617,ok,0.28473367394926125,0.28473367394926125
LGBM_V4,TSP-x_central-n20-g10000-1,29946.995168400823,34796.31157913218,0.0133197999966796,0.010229999985313,0.0030898000113666,0.0429126999952131,ok,-13.936294367589124,13.936294367589124
LGBM_V4,TSP-x_central-n20-g10000-2,37277.17216153703,36504.49876210929,0.0136167000164277,0.0122071000223513,0.0014095999940764,0.046712600000319,ok,2.1166525377134073,2.1166525377134073
LGBM_V4,TSP-x_central-n20-g10000-3,30682.8809034729,30142.88886418149,0.0160934999585151,0.0125180999748408,0.0035753999836742,0.0960930000001099,ok,1.791440899127215,1.791440899127215
LGBM_V4,TSP-x_central-n20-g10000-4,32397.89708581512,34515.17205276795,0.0133885999966878,0.0116181999910622,0.0017704000056255,0.0431322999938856,ok,-6.1343311970627585,6.1343311970627585
LGBM_V4,TSP-uniform_triangular-n900-g1000-4,20915.00668621785,20758.969045709004,0.5322641000093427,0.5300734000047669,0.0021907000045757,7.775877199994284,ok,0.7516637274484508,0.7516637274484508
LGBM_V4,TSP-x_central-n20-g10000-5,33552.305379500816,33004.76644341217,0.0130842000362463,0.0118430000147782,0.0012412000214681,0.0433873000001767,ok,1.658969279565793,1.658969279565793
LGBM_V4,TSP-uniform_triangular-n900-g1000-2,20420.78688683965,20283.837058175468,0.5557884000008926,0.5531022000068333,0.0026861999940592,9.895417499996256,ok,0.6751672687539401,0.6751672687539401
LGBM_V4,TSP-x_central-n200-g1000-1,10106.53116856078,9950.912387605238,0.0377107000094838,0.0342961999995168,0.003414500009967,2.292908699993859,ok,1.5638644467353422,1.5638644467353422
LGBM_V4,TSP-x_central-n200-g1000-3,9409.325649339242,9515.407886016914,0.0324550000077579,0.0303169999970123,0.0021380000107456,4.194533799993224,ok,-1.1148469718629928,1.1148469718629928
LGBM_V4,TSP-x_central-n200-g1000-2,9090.430908553137,9052.550142290493,0.0359157000202685,0.034473000006983,0.0014427000132855,0.9782071000081488,ok,0.4184540893695557,0.4184540893695557
LGBM_V4,TSP-uniform_triangular-n900-g10000-2,204211.15010645209,205373.9368737914,0.5508555000124034,0.549413500004448,0.0014420000079553,11.75389239998185,ok,-0.566180297772581,0.566180297772581
LGBM_V4,TSP-x_central-n200-g1000-5,8989.886449569494,8836.106468090667,0.0363030000298749,0.0341154000198002,0.0021876000100746,1.652476099989144,ok,1.7403590827494415,1.7403590827494415
LGBM_V4,TSP-uniform_triangular-n900-g10000-3,202459.4111799692,200039.84878190028,0.5586551000014879,0.5551651999994647,0.0034899000020232,10.554437599988889,ok,1.2095402055152176,1.2095402055152176
LGBM_V4,TSP-uniform_triangular-n900-g10000-4,208814.827716934,208045.7770504519,0.5423365000169724,0.5382907000021078,0.0040458000148646,20.23329139998532,ok,0.3696545430458811,0.3696545430458811
LGBM_V4,TSP-x_central-n200-g1000-4,9372.56348749714,9383.714254516231,0.0645324999932199,0.0632161000103224,0.0013163999828975,1.0917949000140652,ok,-0.11883105896713132,0.11883105896713132
LGBM_V4,TSP-x_central-n30-g1000-1,4132.457848201462,4051.631449731879,0.0213502999977208,0.0200229999900329,0.0013273000076878,0.0593737000017426,ok,1.9949099386848712,1.9949099386848712
LGBM_V4,TSP-x_central-n200-g10000-3,94415.78689247453,93921.0340565228,0.0417009000084362,0.0392382999998517,0.0024626000085845,1.203036999999313,ok,0.5267753287873543,0.5267753287873543
LGBM_V4,TSP-x_central-n30-g1000-2,4072.415074920655,4136.716977858048,0.0318240000051446,0.0289844000071752,0.0028395999979693,0.0892628000001423,ok,-1.55441871613581,1.55441871613581
LGBM_V4,TSP-x_central-n200-g10000-4,90052.31378039712,88938.19191530357,0.0478655000042635,0.0431229000096209,0.0047425999946426,0.9584848999948008,ok,1.2526922811232024,1.2526922811232024
LGBM_V4,TSP-x_central-n30-g1000-3,3930.786164141273,4075.5654233320215,0.0357260000309906,0.0326393000141251,0.0030867000168655,0.1119490999990375,ok,-3.5523723496599615,3.5523723496599615
LGBM_V4,TSP-x_central-n200-g10000-2,86754.69955828552,86974.03127121968,0.0600600999896414,0.0549010999966412,0.0051589999930001,0.5911682000005385,ok,-0.25218069086644473,0.25218069086644473
LGBM_V4,TSP-uniform_triangular-n900-g10000-5,208271.77167345711,206137.30944793136,0.548179400007939,0.5462752000021283,0.0019042000058107,21.222674599994207,ok,1.0354565271285374,1.0354565271285374
LGBM_V4,TSP-x_central-n30-g1000-4,3850.539040391992,4113.772223168093,0.0290348999842535,0.0254969999950844,0.003537899989169,0.0412842000077944,ok,-6.398827365638152,6.398827365638152
LGBM_V4,TSP-x_central-n200-g10000-1,97749.34816666614,97941.91510685024,0.0763788999756798,0.072887799993623,0.0034910999820567,2.209428999994998,ok,-0.196613411095769,0.196613411095769
LGBM_V4,TSP-x_central-n30-g10000-1,35023.968438595286,33893.98068978494,0.025806499965256,0.0218868999800179,0.0039195999852381,0.041297099989606,ok,3.3338891620685427,3.3338891620685427
LGBM_V4,TSP-x_central-n30-g1000-5,3888.780681692335,3999.632917168624,0.0335353999689687,0.0317414999881293,0.0017938999808393,0.0853732000105083,ok,-2.7715602349518194,2.7715602349518194
LGBM_V4,TSP-x_central-n30-g10000-5,40088.18976656599,38928.25519865344,0.0216152000066358,0.0198358999914489,0.0017793000151868,0.0800747999892337,ok,2.9796726362209975,2.9796726362209975
LGBM_V4,TSP-x_central-n30-g10000-3,38189.42003995209,39395.46883275124,0.0355249000131152,0.0332997000077739,0.0022252000053413,0.1124049000063678,ok,-3.061389617976842,3.061389617976842
LGBM_V4,TSP-x_central-n30-g10000-2,39134.52140452637,41477.4455990042,0.032400800002506,0.030976499983808,0.0014243000186979,0.0439467000105651,ok,-5.648670405426499,5.648670405426499
LGBM_V4,TSP-x_central-n30-g10000-4,43851.74635866688,43090.54932397294,0.0369383999495767,0.0346331999753601,0.0023051999742165,0.1527828000107547,ok,1.7665057573783542,1.7665057573783542
LGBM_V4,TSP-x_central-n200-g10000-5,95332.35608581042,95595.02505999844,0.091468700004043,0.0898027000075671,0.0016659999964758,3.163755500005209,ok,-0.27477264012762814,0.27477264012762814
LGBM_V4,TSP-x_central-n300-g1000-5,11588.161884780364,11500.28033481364,0.0513202000001911,0.0489090000046417,0.0024111999955493,4.994395500005339,ok,0.7641687629186612,0.7641687629186612
LGBM_V4,TSP-x_central-n300-g1000-4,11932.072986560795,11800.029138196776,0.0525101999810431,0.0503786999906878,0.0021314999903552,3.291563699996914,ok,1.119012900879984,1.119012900879984
LGBM_V4,TSP-x_central-n300-g10000-2,118426.13918837506,116823.35027924806,0.0600668000115547,0.0552997000049799,0.0047671000065747,4.107512700007646,ok,1.371976497246301,1.371976497246301
LGBM_V4,TSP-x_central-n300-g10000-1,116018.71330261976,116581.66490893776,0.0672107000136748,0.0635992999887093,0.0036114000249654,12.376237200005562,ok,-0.48288176940836136,0.48288176940836136
LGBM_V4,TSP-x_central-n40-g1000-2,4253.752555720979,4499.532296437468,0.0200657999957911,0.0185599999967962,0.0015057999989949,0.0891752000025007,ok,-5.462339739423285,5.462339739423285
LGBM_V4,TSP-x_central-n40-g1000-1,4599.149195757291,4717.360429451231,0.026483699970413,0.0231410999840591,0.0033425999863538,0.0508948999922722,ok,-2.50587665415448,2.50587665415448
LGBM_V4,TSP-x_central-n40-g1000-4,4633.122996834001,4378.571619181432,0.0165093000105116,0.0144938000012189,0.0020155000092927,0.0459506000042893,ok,5.813571177811579,5.813571177811579
LGBM_V4,TSP-x_central-n300-g1000-2,11409.57226571359,11195.775240975718,0.1069553999986965,0.1056405999988783,0.0013147999998182,2.1282528000010643,ok,1.9096223364273257,1.9096223364273257
LGBM_V4,TSP-x_central-n300-g1000-3,11513.137434137789,11519.389107703246,0.0978885999938938,0.0966652999923098,0.0012233000015839,3.657017799996538,ok,-0.054270877622117554,0.054270877622117554
LGBM_V4,TSP-x_central-n40-g1000-5,4821.740565378655,4705.023376623338,0.0211126999929547,0.0199616999889258,0.0011510000040289,0.0575421999965328,ok,2.480693068077428,2.480693068077428
LGBM_V4,TSP-x_central-n300-g1000-1,11410.90052079174,11222.59396685424,0.1172992000065278,0.1161384000151883,0.0011607999913394,1.9687450000055835,ok,1.677923611008834,1.677923611008834
LGBM_V4,TSP-x_central-n40-g1000-3,4625.223174451366,4447.838839422166,0.0299494999635498,0.028829399991082,0.0011200999724678,0.0689255000033881,ok,3.98810166989424,3.98810166989424
LGBM_V4,TSP-x_central-n40-g10000-1,46816.59748018598,46080.38599068747,0.0208091000095009,0.0192935999948531,0.0015155000146478,0.0623686000035377,ok,1.597667800888841,1.597667800888841
LGBM_V4,TSP-x_central-n300-g10000-5,111063.71831410978,111202.72880198722,0.0971557999728247,0.0949291999859269,0.0022265999868977,2.855729300004896,ok,-0.12500636394001827,0.12500636394001827
LGBM_V4,TSP-x_central-n300-g10000-4,118296.90001051326,116509.54244513749,0.101039299974218,0.0995091999939177,0.0015300999803002,1.442820299998857,ok,1.5340868463348496,1.5340868463348496
LGBM_V4,TSP-x_central-n300-g10000-3,111035.21943892074,109708.95721499273,0.1131140000361483,0.1103878000285476,0.0027262000076007,5.164604899997357,ok,1.2088914684778094,1.2088914684778094
LGBM_V4,TSP-x_central-n40-g10000-2,45323.35387195847,44257.34889218798,0.0296438999939709,0.0265960999822709,0.0030478000117,0.2263251000113086,ok,2.40865078106531,2.40865078106531
LGBM_V4,TSP-x_central-n40-g10000-5,44881.402986853165,45193.95554565088,0.0245627999829594,0.0225965999998152,0.0019661999831441,0.3325806000066222,ok,-0.6915804448274164,0.6915804448274164
LGBM_V4,TSP-x_central-n40-g10000-4,37765.52595513744,40392.04731579957,0.0285713999764993,0.0258697999815922,0.0027015999949071,0.1555478000082075,ok,-6.502570518713851,6.502570518713851
LGBM_V4,TSP-x_central-n40-g10000-3,46842.29908385531,48734.04218174821,0.0312256999895907,0.029794399975799,0.0014313000137917,0.0752137000090442,ok,-3.881769320176352,3.881769320176352
LGBM_V4,TSP-x_central-n400-g1000-2,12659.81793700566,12615.743431272149,0.0615727000113111,0.0584409000002779,0.0031318000110331,7.321551200002432,ok,0.34936114525172474,0.34936114525172474
LGBM_V4,TSP-x_central-n400-g1000-3,13308.015733928329,13279.41279520362,0.0682407999993301,0.0644265000009909,0.0038142999983392,2.120039100002032,ok,0.21539309882015334,0.21539309882015334
LGBM_V4,TSP-x_central-n5-g1000-1,3291.2546967908934,3193.717748387909,0.0104102999903261,0.008108899986837,0.0023014000034891,0.0401031999936094,ok,3.054025311166523,3.054025311166523
LGBM_V4,TSP-x_central-n400-g10000-2,130473.92785096492,129522.12254130129,0.0692205000086687,0.0670151000085752,0.0022054000000935,3.0588235000032,ok,0.7348592587803849,0.7348592587803849
LGBM_V4,TSP-x_central-n5-g1000-2,1714.8719544046007,1771.745690342782,0.0190291999897453,0.0162643000076059,0.0027648999821394,0.0939552999916486,ok,-3.210039468315442,3.210039468315442
LGBM_V4,TSP-x_central-n5-g1000-3,2545.227738388978,2433.7426750806108,0.0226033999933861,0.0184728000022005,0.0041305999911855,0.0770593999914126,ok,4.580807348692886,4.580807348692886
LGBM_V4,TSP-x_central-n400-g10000-3,135603.8094597986,133126.41924222215,0.0857646000222303,0.0837997000198811,0.0019649000023491,4.547308100009104,ok,1.8609305588463638,1.8609305588463638
LGBM_V4,TSP-x_central-n5-g1000-4,2041.297044712228,1996.6528778885845,0.0178047000081278,0.0135268000012729,0.0042779000068549,0.5113809000031324,ok,2.235950340594688,2.235950340594688
LGBM_V4,TSP-x_central-n400-g1000-1,12716.663493966562,12627.55005586573,0.1148476999951526,0.112678000004962,0.0021696999901905,3.048734199997853,ok,0.7057064728041804,0.7057064728041804
LGBM_V4,TSP-x_central-n5-g1000-5,2025.376618773843,1997.8575200011924,0.0201749999832827,0.0150021000008564,0.0051728999824263,0.3705061999935424,ok,1.3774304972776086,1.3774304972776086
LGBM_V4,TSP-x_central-n5-g10000-2,19874.68930100061,19553.47634319011,0.0122318999783601,0.0107388999895192,0.0014929999888408,0.0519578999956138,ok,1.6427409232648815,1.6427409232648815
LGBM_V4,TSP-x_central-n400-g10000-1,130160.60917028376,130232.50034484826,0.1118519000010564,0.1089946000138297,0.0028572999872267,2.769838099993649,ok,-0.05520217639539908,0.05520217639539908
LGBM_V4,TSP-x_central-n5-g10000-1,22396.59590836401,22620.26968658512,0.0115828000125475,0.0088647000084165,0.0027181000041309,0.1284242999972775,ok,-0.9888201215998854,0.9888201215998854
LGBM_V4,TSP-x_central-n5-g10000-3,24506.758411702445,24690.08072799534,0.0166494000295642,0.0145684000162873,0.0020810000132769,0.0399177000072086,ok,-0.7424937905732791,0.7424937905732791
LGBM_V4,TSP-x_central-n5-g10000-4,27902.053268150423,25453.368950804463,0.0200457999890204,0.0174144000047817,0.0026313999842386,0.0501194999960716,ok,9.620275893846141,9.620275893846141
LGBM_V4,TSP-x_central-n400-g1000-4,13009.824334512368,12851.316421181376,0.1238910999672953,0.1217654999927617,0.0021255999745335,3.1404117999918526,ok,1.2333982615955292,1.2333982615955292
LGBM_V4,TSP-x_central-n5-g10000-5,27039.65029231569,27690.74501780142,0.0110317999788094,0.00956999999471,0.0014617999840993,0.0515757000102894,ok,-2.3513080816971925,2.3513080816971925
LGBM_V4,TSP-x_central-n400-g1000-5,13296.969419485424,13343.073611653686,0.1261492999910842,0.1245205999875906,0.0016287000034935,2.6642310000024736,ok,-0.345529025096555,0.345529025096555
LGBM_V4,TSP-x_central-n400-g10000-4,130831.89048614474,130017.9606142639,0.122673300007591,0.1146285000140778,0.0080447999935131,2.988038700001198,ok,0.6260134123281644,0.6260134123281644
LGBM_V4,TSP-x_central-n400-g10000-5,128443.90479160724,127585.0478616384,0.1241170999710448,0.120628399978159,0.0034886999928858,7.263961300006485,ok,0.6731642495445388,0.6731642495445388
LGBM_V4,TSP-x_central-n1000-g1000-2,20565.23175570225,20409.449176491195,0.6815454000025056,0.6776940999843646,0.003851300018141,9.94561579999572,ok,0.76328654371768,0.76328654371768
LGBM_V4,TSP-x_central-n50-g1000-3,4974.446763761469,4967.558072500377,0.0396230999904219,0.037874700006796,0.0017483999836258,0.0798635999963153,ok,0.13867359295155893,0.13867359295155893
LGBM_V4,TSP-x_central-n50-g1000-2,4362.852614236427,4460.351881706966,0.0402941999782342,0.0385998999990988,0.0016942999791353,0.1209126000030664,ok,-2.185909768025439,2.185909768025439
LGBM_V4,TSP-x_central-n50-g1000-4,4711.652324766958,4698.373819462273,0.0388795000035315,0.0362132000154815,0.00266629998805,0.0867753999918932,ok,0.282619174525479,0.282619174525479
LGBM_V4,TSP-x_central-n50-g1000-1,4962.766227984039,5211.897488710989,0.0455926000140607,0.043392199993832,0.0022004000202286,0.1098392999992938,ok,-4.780049133095392,4.780049133095392
LGBM_V4,TSP-x_central-n50-g10000-1,46597.58643985368,46196.8399849401,0.0376020999974571,0.0354727999947499,0.0021293000027071,0.1197603000036906,ok,0.867475903209435,0.867475903209435
LGBM_V4,TSP-x_central-n50-g10000-2,46320.176379677134,47738.09829869869,0.0366951000178232,0.0314488000003621,0.0052463000174611,0.0490949999948497,ok,-2.970210313258772,2.970210313258772
LGBM_V4,TSP-x_central-n50-g10000-3,48748.08683723314,50323.27809351389,0.0393738000129815,0.0378315999987535,0.001542200014228,0.1709599000023445,ok,-3.1301443704713128,3.1301443704713128
LGBM_V4,TSP-x_central-n50-g1000-5,4958.507171967128,5200.475136745532,0.0461384000082034,0.0419730000139679,0.0041653999942354,0.2438063000008696,ok,-4.652804953699446,4.652804953699446
LGBM_V4,TSP-x_central-n50-g10000-4,46538.04032266151,48750.517213913554,0.0382743000227492,0.03505390000646,0.0032204000162892,0.6622628000041004,ok,-4.538365986034291,4.538365986034291
LGBM_V4,TSP-x_central-n50-g10000-5,53139.10634373914,51488.95043428715,0.0429914999986067,0.0370952000084798,0.0058962999901268,0.0657400000054622,ok,3.204873852610386,3.204873852610386
LGBM_V4,TSP-x_central-n500-g1000-1,14947.19032323902,14849.95424362989,0.0713706000242382,0.0691973000066354,0.0021733000176027,34.36202130001038,ok,0.6547904324408254,0.6547904324408254
LGBM_V4,TSP-x_central-n60-g1000-1,5684.685402129209,5526.05351499684,0.0476336000137962,0.0453851000056602,0.002248500008136,0.078039500003797,ok,2.8706180043654523,2.8706180043654523
LGBM_V4,TSP-x_central-n500-g1000-2,14571.39694250426,14614.750714307102,0.0840545000100974,0.0783690999960526,0.0056854000140447,2.722562299997662,ok,-0.2966439363238731,0.2966439363238731
LGBM_V4,TSP-x_central-n500-g1000-4,14917.694861006516,14736.4151140944,0.0840083000075537,0.0811345000111032,0.0028737999964505,3.219191600001068,ok,1.2301482111394515,1.2301482111394515
LGBM_V4,TSP-x_central-n60-g1000-2,5093.243082359052,5066.94684632487,0.0346304000122472,0.0334940000029746,0.0011364000092726,0.1104258999985177,ok,0.5189759599166649,0.5189759599166649
LGBM_V4,TSP-x_central-n500-g10000-2,146062.69106687856,145350.55262043534,0.0944378999702166,0.0913286999857518,0.0031091999844647,9.26238519999606,ok,0.4899454688025021,0.4899454688025021
LGBM_V4,TSP-x_central-n1000-g1000-3,21007.16189745924,20890.136819071027,0.8014923999726307,0.7998421999800485,0.0016501999925822,11.459918099993956,ok,0.5601929724145059,0.5601929724145059
LGBM_V4,TSP-x_central-n500-g1000-5,14839.402129204704,14639.098194946266,0.0994309999805409,0.0974771999754011,0.0019538000051397,4.044636899998295,ok,1.3682805565686227,1.3682805565686227
LGBM_V4,TSP-x_central-n1000-g1000-1,20544.487106048902,20276.51639521352,0.8351390999741852,0.8297267999732867,0.0054123000008985,18.98607929999708,ok,1.3215816051056999,1.3215816051056999
LGBM_V4,TSP-x_central-n60-g1000-3,5342.93197473154,5474.288161706143,0.0460820999869611,0.0430483999953139,0.0030336999916471,0.1074394000024767,ok,-2.399511737315333,2.399511737315333
LGBM_V4,TSP-x_central-n60-g1000-4,5336.51620464425,5405.535226117537,0.0310510999988764,0.024545099993702,0.0065060000051744,0.1619697999994969,ok,-1.2768212320551036,1.2768212320551036
LGBM_V4,TSP-x_central-n60-g10000-1,58694.51083595316,56571.57850488974,0.034214300016174,0.032091400003992,0.002122900012182,0.0961377000057837,ok,3.7526482151809257,3.7526482151809257
LGBM_V4,TSP-x_central-n60-g1000-5,4977.129136402096,4954.857873958023,0.0365680000395514,0.0349836000241339,0.0015844000154174,0.359595600006287,ok,0.44948337592339777,0.44948337592339777
LGBM_V4,TSP-x_central-n500-g1000-3,14650.372576176977,14504.870169299818,0.1487907000118866,0.1462375000119209,0.0025531999999657,6.805361599996104,ok,1.0031279506735624,1.0031279506735624
LGBM_V4,TSP-x_central-n60-g10000-3,51617.943159400544,52807.864677677615,0.0390985000121872,0.0366187000181525,0.0024797999940346,0.3188615999970352,ok,-2.2533036045671855,2.2533036045671855
LGBM_V4,TSP-x_central-n500-g10000-5,150540.7872841655,148966.53803260755,0.1304492999915965,0.1287708999880124,0.0016784000035841,8.994178900000406,ok,1.0567804503944103,1.0567804503944103
LGBM_V4,TSP-x_central-n60-g10000-4,53126.596042210185,53839.97933546574,0.0411391000088769,0.0388754000014159,0.002263700007461,0.4820251000055577,ok,-1.3250066253008925,1.3250066253008925
LGBM_V4,TSP-x_central-n60-g10000-2,53330.91276263612,55329.77743470797,0.0484839999990072,0.0430866999959107,0.0053973000030964,0.3702412999991793,ok,-3.612638193657314,3.612638193657314
LGBM_V4,TSP-x_central-n1000-g10000-5,202361.1711749237,202463.93916641516,0.8297333999944385,0.8259269999980461,0.0038063999963924,11.06599180001649,ok,-0.05075866443900753,0.05075866443900753
LGBM_V4,TSP-x_central-n500-g10000-4,142259.49418155948,141471.6193957794,0.1554262000136077,0.1538998000032734,0.0015264000103343,4.812480699998559,ok,0.5569136687238606,0.5569136687238606
LGBM_V4,TSP-x_central-n60-g10000-5,52302.0232370381,55465.19965117832,0.0512048000236973,0.0476455000170972,0.0035593000066,0.3990036000031978,ok,-5.702992928959959,5.702992928959959
LGBM_V4,TSP-x_central-n500-g10000-1,144090.12033544632,142136.95945385637,0.1820305000001099,0.1807477999827824,0.0012827000173274,3.234888899998623,ok,1.374140047102971,1.374140047102971
LGBM_V4,TSP-x_central-n500-g10000-3,143463.9748951252,143993.33397061226,0.1788773000007495,0.1756208000006154,0.0032565000001341,4.404377200000454,ok,-0.36762748725236466,0.36762748725236466
LGBM_V4,TSP-x_central-n1000-g10000-3,205521.11728649348,204358.2156750668,0.9167930000112392,0.9143452999996952,0.0024477000115439,6.575648700003512,ok,0.5690505799266249,0.5690505799266249
LGBM_V4,TSP-x_central-n70-g1000-1,5869.479948598923,5972.364400434598,0.0566463000141084,0.0542880000139121,0.0023583000001963,0.1481415000016568,ok,-1.7226753918127944,1.7226753918127944
LGBM_V4,TSP-x_central-n70-g1000-2,5539.248795993202,5591.399409936407,0.0489096000092104,0.0468843000126071,0.0020252999966032,0.0930012999888276,ok,-0.932693412145244,0.932693412145244
LGBM_V4,TSP-x_central-n70-g1000-3,5633.690944694843,5468.1120017145895,0.0474679000035394,0.0465052000072319,0.0009626999963074,0.1189908000087598,ok,3.0280825068750294,3.0280825068750294
LGBM_V4,TSP-x_central-n1000-g1000-4,20646.13141853296,20586.512792633934,0.9432149000058416,0.942305500007933,0.0009093999979086,13.117404799995713,ok,0.28960041217063026,0.28960041217063026
LGBM_V4,TSP-x_central-n70-g1000-4,5609.411777126351,5583.380764806618,0.0539992999983951,0.0502919999998994,0.0037072999984957,0.1635434000054374,ok,0.46622312566989743,0.46622312566989743
LGBM_V4,TSP-x_central-n1000-g1000-5,20816.42567310813,20669.08390923027,0.9500408000021708,0.9462103999976534,0.0038304000045172,34.49818020001112,ok,0.7128606401953801,0.7128606401953801
LGBM_V4,TSP-x_central-n1000-g10000-2,205231.42196920209,204314.8735909844,0.9526063000084832,0.9510227999999188,0.0015835000085644,12.821099799999502,ok,0.4485960136472991,0.4485960136472991
LGBM_V4,TSP-x_central-n70-g10000-2,61222.93548310721,60054.02827761552,0.0320519999659154,0.030544799985364,0.0015071999805513,0.104800700006308,ok,1.9464259751038013,1.9464259751038013
LGBM_V4,TSP-x_central-n70-g1000-5,5871.344763752361,5976.575173165306,0.0323125999711919,0.0305062999832443,0.0018062999879475,0.1212831000011647,ok,-1.7607142278646006,1.7607142278646006
LGBM_V4,TSP-x_central-n70-g10000-3,56655.05643838092,55473.46183842819,0.0331829999922774,0.0318646999949123,0.0013182999973651,0.1777909000084037,ok,2.1300177793018094,2.1300177793018094
LGBM_V4,TSP-x_central-n70-g10000-1,58673.24740838826,58259.90507377924,0.0357711999677121,0.0335673999798018,0.0022037999879103,0.1016933000064455,ok,0.7094799314993243,0.7094799314993243
LGBM_V4,TSP-x_central-n1000-g10000-1,204961.18332036227,204168.36356350328,0.9725128000136464,0.9705572000239044,0.001955599989742,16.461308400001144,ok,0.3883166534821093,0.3883166534821093
LGBM_V4,TSP-x_central-n70-g10000-5,56977.84068977465,57608.17123183879,0.0283492000016849,0.0270369000209029,0.0013122999807819,0.2330854000028921,ok,-1.0941686371668116,1.0941686371668116
LGBM_V4,TSP-x_central-n70-g10000-4,56707.10182301916,57794.0338554703,0.036934999981895,0.0359470999974291,0.0009878999844659,0.2337308999995002,ok,-1.8806993731728514,1.8806993731728514
LGBM_V4,TSP-x_central-n1000-g10000-4,207323.5810116061,205450.52528042067,0.9768637999950442,0.9722810999955982,0.004582699999446,6.164587799998117,ok,0.9116821330239364,0.9116821330239364
LGBM_V4,TSP-x_central-n600-g1000-4,15799.828320774604,15754.871693542878,0.3178492999868467,0.316409899998689,0.0014393999881576,7.601117099999101,ok,0.2853506401461303,0.2853506401461303
LGBM_V4,TSP-x_central-n600-g10000-1,157099.93337489342,156801.90599277843,0.3067576000175904,0.3048537000140641,0.0019039000035263,2.8907073000009404,ok,0.1900661731297547,0.1900661731297547
LGBM_V4,TSP-x_central-n600-g10000-4,164447.01880338957,162050.87896474096,0.3028879999765195,0.299142000003485,0.0037459999730344,15.665911400006737,ok,1.478634274590984,1.478634274590984
LGBM_V4,TSP-x_central-n600-g1000-2,15769.773318765445,15678.269620018344,0.3233276999671943,0.3211830999935046,0.0021445999736897,6.251740799998515,ok,0.5836339147418882,0.5836339147418882
LGBM_V4,TSP-x_central-n8-g1000-1,2539.9023323307047,2600.587600515947,0.0110792000195942,0.0096252000075764,0.0014540000120177,0.0449618999991798,ok,-2.3335214000559983,2.3335214000559983
LGBM_V4,TSP-x_central-n600-g1000-3,16232.670073174862,16144.082810634194,0.3411782000039238,0.3353550000174436,0.0058231999864801,6.350640000004205,ok,0.5487289899325549,0.5487289899325549
LGBM_V4,TSP-x_central-n600-g10000-5,161282.20902864015,160427.1322321609,0.3049198999942746,0.3010590999911073,0.0038608000031672,5.2878381999908015,ok,0.5330001132488259,0.5330001132488259
LGBM_V4,TSP-x_central-n8-g1000-4,2396.3036081245214,2439.3105597092635,0.0155085000151302,0.0118162000144366,0.0036923000006936,0.1823910999955842,ok,-1.7630781539300224,1.7630781539300224
LGBM_V4,TSP-x_central-n8-g1000-2,2206.427896314807,2072.226395627733,0.0161805000097956,0.0125384000129997,0.0036420999967958,0.0453450000059092,ok,6.476198786495094,6.476198786495094
LGBM_V4,TSP-x_central-n600-g10000-3,163743.81723833064,162003.38854430255,0.3241556999855675,0.3221755999838933,0.0019801000016741,3.0855990999989444,ok,1.0743162286090935,1.0743162286090935
LGBM_V4,TSP-x_central-n8-g1000-3,2261.563251457665,2332.6402223945083,0.0206381000170949,0.0176060000085271,0.0030321000085677,0.1241810999927111,ok,-3.0470610192891705,3.0470610192891705
LGBM_V4,TSP-x_central-n8-g1000-5,2314.912163908278,2200.1572861981194,0.0193473999970592,0.0130476000194903,0.0062997999775689,0.0569015000073704,ok,5.215757911038064,5.215757911038064
LGBM_V4,TSP-x_central-n8-g10000-3,21228.79393220817,21559.241633824684,0.0208474999817553,0.0159150999970734,0.0049323999846819,0.1509970000042813,ok,-1.532742696747131,1.532742696747131
LGBM_V4,TSP-x_central-n8-g10000-2,22404.243974089404,22822.746711469157,0.0199262999813072,0.0178753999934997,0.0020508999878074,0.3277360999927623,ok,-1.8337088987165686,1.8337088987165686
LGBM_V4,TSP-x_central-n8-g10000-5,21240.335092621342,21684.02833555144,0.0174513999954797,0.0159424000012222,0.0015089999942574,0.0903120000002672,ok,-2.0461753511115504,2.0461753511115504
LGBM_V4,TSP-x_central-n8-g10000-1,25611.214599191524,26996.926636921937,0.0236317999952007,0.0194697999977506,0.00416199999745,0.3589861000073142,ok,-5.132851069926103,5.132851069926103
LGBM_V4,TSP-x_central-n8-g10000-4,24751.435168838667,26932.288866110248,0.0205402999999932,0.0164515000069513,0.0040887999930419,0.0999143000080948,ok,-8.09754309451143,8.09754309451143
LGBM_V4,TSP-x_central-n600-g1000-1,16365.010615593606,16323.462953991571,0.3912253999733366,0.3875356999924406,0.0036896999808959,21.87597039999673,ok,0.25452725147316513,0.25452725147316513
LGBM_V4,TSP-x_central-n80-g1000-1,6878.654541758719,6855.495369112565,0.0295584000123199,0.0280858000041916,0.0014726000081282,0.2863944999990053,ok,0.33781909839072277,0.33781909839072277
LGBM_V4,TSP-x_central-n80-g1000-3,5799.81024098629,5793.327057796767,0.0270177999918814,0.02535280000302,0.0016649999888613,0.3210464000003412,ok,0.11190777121409584,0.11190777121409584
LGBM_V4,TSP-x_central-n80-g1000-5,5992.87447060954,6133.850662130831,0.0288068999943789,0.0267744000011589,0.0020324999932199,0.1422326000028988,ok,-2.298331004236036,2.298331004236036
LGBM_V4,TSP-x_central-n80-g10000-2,56810.69951850583,57090.53235487905,0.0328707000007852,0.0311808999977074,0.0016898000030778,0.3063755000039236,ok,-0.49015629182392695,0.49015629182392695
LGBM_V4,TSP-x_central-n80-g10000-1,62146.591389910136,61188.707536417205,0.035767900000792,0.0322697999945376,0.0034981000062543,0.2630779000028269,ok,1.5654585495580777,1.5654585495580777
LGBM_V4,TSP-x_central-n80-g1000-2,6122.688995577933,6105.131343541214,0.0403416999906767,0.038868999981787,0.0014727000088896,1.0620810999971582,ok,0.28758844075146994,0.28758844075146994
LGBM_V4,TSP-x_central-n80-g1000-4,6113.283397082282,6034.846242701465,0.0377466999925673,0.0331997000030241,0.0045469999895431,0.5198122000001604,ok,1.299737412128424,1.299737412128424
LGBM_V4,TSP-x_central-n600-g1000-5,15843.02540932215,15725.763479868509,0.4501864000048954,0.4487392999872099,0.0014471000176854,4.619394000008469,ok,0.7456676402627807,0.7456676402627807
LGBM_V4,TSP-x_central-n80-g10000-4,58658.29062117048,60168.19532958394,0.0800901000329759,0.0784865000168792,0.0016036000160966,0.126105200004531,ok,-2.5094731529550414,2.5094731529550414
LGBM_V4,TSP-x_central-n80-g10000-3,58105.87974383661,59718.80375037683,0.0905778000305872,0.0821606000245083,0.0084172000060789,0.784185399999842,ok,-2.700864560653631,2.700864560653631
LGBM_V4,TSP-x_central-n80-g10000-5,62113.62300844039,63475.09154114998,0.0841635999968275,0.0810162000125274,0.0031473999843001,0.1284099999902537,ok,-2.1448862847672676,2.1448862847672676
LGBM_V4,TSP-x_central-n600-g10000-2,158132.35877710956,156999.72291119053,0.4919578999979421,0.4900969000009354,0.0018609999970067,3.4218985000043176,ok,0.721425391661184,0.721425391661184
LGBM_V4,TSP-x_central-n700-g10000-2,172461.18698989842,170464.67740853032,0.4176050000241957,0.4156460000085644,0.0019590000156313,8.67217740000342,ok,1.1712160030569405,1.1712160030569405
LGBM_V4,TSP-x_central-n90-g1000-1,6492.782901814454,6468.179997563443,0.0110644000233151,0.009196700004395,0.00186770001892,0.2779624999966472,ok,0.3803682683580038,0.3803682683580038
LGBM_V4,TSP-x_central-n90-g1000-2,6488.99242525135,6507.439940281373,0.0091891000047326,0.0076268999837338,0.0015622000209987,0.1673181999940425,ok,-0.2834834466290214,0.2834834466290214
LGBM_V4,TSP-x_central-n700-g1000-3,16593.541368370556,16512.859964081195,0.4598265999811701,0.457871199992951,0.0019553999882191,5.921363300003577,ok,0.48859739902632593,0.48859739902632593
LGBM_V4,TSP-x_central-n90-g1000-3,6438.957739052446,6326.355955057664,0.0115873999893665,0.0089671000023372,0.0026202999870292,0.241236600006232,ok,1.7798837876765707,1.7798837876765707
LGBM_V4,TSP-x_central-n700-g10000-1,166633.58363981015,166164.9187243071,0.4589612999989185,0.4570844999980181,0.0018768000009004,21.0085878999962,ok,0.28204805147869233,0.28204805147869233
LGBM_V4,TSP-x_central-n700-g10000-4,176083.5017986025,174124.84210894868,0.4518148000061046,0.4497354000050109,0.0020794000010937,5.048605400006636,ok,1.1248594203624838,1.1248594203624838
LGBM_V4,TSP-x_central-n700-g1000-4,17409.159042391126,17350.520856949952,0.4652571000042371,0.4639063999929931,0.001350700011244,5.883497699993313,ok,0.3379621045652105,0.3379621045652105
LGBM_V4,TSP-x_central-n700-g1000-1,17493.148956494122,17354.647987825752,0.4927456000004895,0.4908001000003423,0.0019455000001471,8.638238400002592,ok,0.7980626790328901,0.7980626790328901
LGBM_V4,TSP-x_central-n700-g10000-3,171550.60978423574,171149.01104395257,0.4781783999933395,0.4756942999956663,0.0024840999976731,12.027795600006357,ok,0.23464858945637312,0.23464858945637312
LGBM_V4,TSP-x_central-n700-g1000-2,17060.578249724666,17184.714307814458,0.4929438999970443,0.4901172999816481,0.0028266000153962,35.42752479999035,ok,-0.7223632343619694,0.7223632343619694
LGBM_V4,TSP-x_central-n90-g1000-4,6525.933729431927,6411.584147987022,0.0361935999826528,0.0342870999884326,0.0019064999942202,0.2860998999967705,ok,1.7834840626837194,1.7834840626837194
LGBM_V4,TSP-x_central-n90-g1000-5,6387.38392889307,6364.533854927908,0.0291218999773263,0.027618899999652,0.0015029999776743,0.4880025000020396,ok,0.3590219564543662,0.3590219564543662
LGBM_V4,TSP-x_central-n700-g1000-5,17005.007691179664,16890.15333196921,0.4985170000290964,0.4951399000128731,0.0033771000162232,14.183969100005925,ok,0.6800077947963987,0.6800077947963987
LGBM_V4,TSP-x_central-n90-g10000-2,64295.3615178583,66229.9243647299,0.0375224000017624,0.0331608999986201,0.0043615000031422,0.3025821999908658,ok,-2.9209800032654645,2.9209800032654645
LGBM_V4,TSP-x_central-n90-g10000-1,55530.604413058696,56607.86347378761,0.0376450999756343,0.0361664999800268,0.0014785999956075,2.241472399997292,ok,-1.9030201717959974,1.9030201717959974
LGBM_V4,TSP-x_central-n90-g10000-3,66110.4265433797,63395.162555661365,0.0399057999893557,0.038997499999823,0.0009082999895326,0.1294637999963015,ok,4.283077569734618,4.283077569734618
LGBM_V4,TSP-x_central-n90-g10000-4,61173.326389768255,62058.60701969224,0.0401136000291444,0.0374024000193458,0.0027112000097986,0.3362449999985983,ok,-1.4265235274183121,1.4265235274183121
LGBM_V4,TSP-x_central-n700-g10000-5,175979.66222113097,175955.45824252564,0.495065600000089,0.4911403000005521,0.0039252999995369,13.73669359998894,ok,0.013755741849152743,0.013755741849152743
LGBM_V4,TSP-x_central-n90-g10000-5,62692.57981000328,64958.44442891293,0.0448806000349577,0.0392899000144097,0.0055907000205479,0.3358976000017719,ok,-3.4881756157035073,3.4881756157035073
LGBM_V4,TSP-x_central-n800-g1000-4,18123.983175190537,18095.73666363604,0.3703169999935198,0.3688184999919031,0.0014985000016167,5.706710700003896,ok,0.1560948420036447,0.1560948420036447
LGBM_V4,TSP-x_central-n800-g1000-1,18357.16285643916,18239.13236745682,0.3749521999852732,0.3727354999864474,0.0022166999988257,11.28831769998942,ok,0.6471277613672999,0.6471277613672999
LGBM_V4,TSP-x_central-n800-g1000-3,18434.00874623716,18425.49153877885,0.376104299997678,0.3749756999895908,0.0011286000080872,6.040309699994396,ok,0.04622513022452692,0.04622513022452692
LGBM_V4,TSP-x_central-n800-g10000-4,184157.0708388021,183951.75034175013,0.3498093000089284,0.3466239999979734,0.0031853000109549,145.07107299999916,ok,0.11161649545084987,0.11161649545084987
LGBM_V4,TSP-x_central-n800-g1000-2,18148.43791395961,18081.98287594165,0.3799608999979682,0.3782017999910749,0.0017591000068932,4.485592400000314,ok,0.3675207441235894,0.3675207441235894
LGBM_V4,TSP-x_central-n800-g10000-2,189211.48140978545,188787.0046611296,0.3704414000094402,0.3675152000214439,0.0029261999879963,20.29143589999876,ok,0.22484426267463264,0.22484426267463264
LGBM_V4,TSP-x_central-n800-g1000-5,17968.737421168753,17738.06213846084,0.3754827999800909,0.3744529999967199,0.001029799983371,23.95051059999969,ok,1.3004536848912547,1.3004536848912547
LGBM_V4,TSP-x_central-n800-g10000-3,183141.10982817243,184218.0576178784,0.360692399990512,0.3592939999944065,0.0013983999961055,9.30976470001042,ok,-0.5846048990158561,0.5846048990158561
LGBM_V4,TSP-x_central-n800-g10000-1,184254.2697928048,182845.78988422253,0.3880455000034999,0.3869506000191904,0.0010948999843094,5.395537000003969,ok,0.7703102759292983,0.7703102759292983
LGBM_V4,TSP-x_central-n800-g10000-5,178599.98205378413,177643.74751115544,0.348400999995647,0.347208999999566,0.0011919999960809,6.23708340000303,ok,0.5382877562682827,0.5382877562682827
LGBM_V4,TSP-x_central-n900-g1000-3,19403.742865944383,19286.370114753398,0.2322681000223383,0.2309414000192191,0.0013267000031191,17.623551000011503,ok,0.6085787553210935,0.6085787553210935
LGBM_V4,TSP-x_central-n900-g1000-2,19912.567875654822,19756.114473600574,0.2459856999630574,0.2441988999780733,0.001786799984984,39.72508390000439,ok,0.7919239497387611,0.7919239497387611
LGBM_V4,TSP-x_central-n900-g1000-1,19468.18635121552,19353.989069740197,0.2549585000087973,0.2534247000003233,0.0015338000084739,21.42157120000047,ok,0.5900451894636591,0.5900451894636591
LGBM_V4,TSP-x_central-n900-g10000-3,191462.6621707093,190507.2971342951,0.2234893000277225,0.2227261000080034,0.000763200019719,5.917373200005386,ok,0.5014847466660236,0.5014847466660236
LGBM_V4,TSP-x_central-n900-g1000-4,19219.50101801538,19115.71538857264,0.2449253000086173,0.2427850000094622,0.0021402999991551,84.29449190000014,ok,0.5429335357481998,0.5429335357481998
LGBM_V4,TSP-x_central-n900-g10000-2,192037.6019491297,191403.3908050246,0.2374963000183925,0.2360760000010486,0.0014203000173438,5.857476100005442,ok,0.33134791470394676,0.33134791470394676
LGBM_V4,TSP-x_central-n900-g1000-5,19398.79933244229,19433.82402789021,0.2409551000164356,0.2400173000060022,0.0009378000104334,14.305989399988905,ok,-0.18022544300933094,0.18022544300933094
LGBM_V4,TSP-x_central-n900-g10000-1,198767.01705593604,197018.00459327968,0.2364554000087082,0.2352605999913066,0.0011948000174015,6.854846999995061,ok,0.8877424508825942,0.8877424508825942
LGBM_V4,TSP-x_central-n900-g10000-5,196808.13256604123,195817.6635448332,0.2125825999828521,0.2115393999847583,0.0010431999980937,11.512427000008756,ok,0.5058118880992877,0.5058118880992877
LGBM_V4,TSP-x_central-n900-g10000-4,191873.79634198992,192238.51356521412,0.2147791000024881,0.2140713999979198,0.0007077000045683,12.522487899987029,ok,-0.18972120438315604,0.18972120438315604
